IncidentID,County,RdwyNumber,RdwyType,Street,RoadwayName,StreetSfx,StreetDir,Latitude,Longitude,Milepoint,CollisionDate,CollisionTime,UnitsInvolved,MotorVehiclesInvolved,NumberKilled,NumberInjured,KABCO,Weather,RdwyConditionCode,HitandRun,DirAnalysisCode,MannerofCollision,RdwyCharacter,LightCondition,Intersection Crash,Bicyclist,Pedestrian,Motor Vehicles
26140127,CAMPBELL,KY1120,StateRoute,,10TH,ST,E,39.08957488,-84.48461889,1.083,1/1/2020 0:00,45,2,2,0,0,O,CLOUDY,DRY,0,OTHER INTERSECTION COLLISIONS,REAR END,STRAIGHT & GRADE,DARK-HWY LIGHTED/ON,1,0,0,1
26212634,CAMPBELL,KY0008,StateRoute,123,6TH,AVE,,39.10944903,-84.47929158,2.175,1/1/2020 0:00,202,2,2,0,0,O,CLEAR,DRY,0,1 VEHICLE PARKED POSITION (NOT PARKING LOT/DRIVEWAY),HEAD ON,STRAIGHT & LEVEL,DARK-HWY LIGHTED/ON,0,0,0,1
26124421,CAMPBELL,KY1120,StateRoute,322,11TH,ST,W,39.0824496,-84.49413531,0.366,1/1/2020 0:00,1053,2,2,0,0,O,CLEAR,DRY,1,1 VEHICLE PARKED POSITION (NOT PARKING LOT/DRIVEWAY),SIDESWIPE-SAME DIRECTION,STRAIGHT & LEVEL,DAYLIGHT,0,0,0,1
26126291,CAMPBELL,,OTHR,300,RIVERBOAT,ROW,,39.10005706,-84.49146587,0.208,1/1/2020 0:00,2038,2,2,0,0,O,CLOUDY,DRY,1,SIDESWIPE COLLISION - SAME DIRECTION,SIDESWIPE-SAME DIRECTION,STRAIGHT & LEVEL,DARK-HWY LIGHTED/ON,0,0,0,1
26136014,CAMPBELL,KY1892,StateRoute,75,CAROTHERS,RD,,39.08620917,-84.47890675,2.243,1/2/2020 0:00,1737,2,2,0,0,O,OTHER,WET,0,1 VEHICLE ENTERING/LEAVING ENTRANCE,ANGLE,STRAIGHT & GRADE,DARK-HWY NOT LIGHTED,0,0,0,1
26133799,CAMPBELL,,OTHR,160,NEWPORT PAVILION,,,39.09090572,-84.47791207,0.206,1/2/2020 0:00,1710,2,2,0,0,O,RAINING,WET,0,VEHICLE BACKING NON INTERSECTION,BACKING,STRAIGHT & LEVEL,DARK-HWY LIGHTED/ON,0,0,0,1
26133798,CAMPBELL,KY1892,StateRoute,,GRAND,AVE,N,39.08038029,-84.46735265,1.428,1/2/2020 0:00,1330,3,3,0,0,O,CLOUDY,WET,0,ANGLE COLLISION - OTHER,ANGLE,STRAIGHT & LEVEL,DAYLIGHT,0,0,0,1
26132316,CAMPBELL,,OTHR,,11TH,ST,E,39.08613226,-84.48749035,0.001,1/2/2020 0:00,1855,2,1,0,1,C,RAINING,WET,0,COLLISION WITH PEDESTRIAN NON - INTERSECTION,SINGLE VEHICLE,STRAIGHT & LEVEL,DARK-HWY LIGHTED/ON,0,0,1,0
26136011,CAMPBELL,I 0471,Interstate,3.3,I471 N,,,39.08777672,-84.47431213,3.439,1/3/2020 0:00,643,2,2,0,0,O,RAINING,WET,0,OTHER ROADWAY OR MID-BLOCK COLLISION,REAR END,STRAIGHT & LEVEL,DARK-HWY LIGHTED/ON,0,0,0,1
26147296,CAMPBELL,US0027,USRoute,,ALEXANDRIA,PIKE,,39.02775811,-84.44929861,16.042,1/3/2020 0:00,1605,2,2,0,0,O,RAINING,WET,0,1 VEHICLE ENTERING/LEAVING ENTRANCE,ANGLE,STRAIGHT & LEVEL,DAYLIGHT,0,0,0,1
26137520,CAMPBELL,KY1892,StateRoute,,GRAND,AVE,,39.08515162,-84.47392459,1.942,1/3/2020 0:00,2010,2,2,0,0,O,RAINING,WET,0,1 VEHICLE ENTERING/LEAVING ENTRANCE,ANGLE,STRAIGHT & HILLCREST,DARK-HWY LIGHTED/ON,0,0,0,1
26157975,CAMPBELL,,OTHR,,5TH,AVE,,39.11405846,-84.46348789,0.154,1/3/2020 0:00,1130,3,3,0,0,O,RAINING,WET,0,SIDESWIPE COLLISION - OPPOSITE DIRECTION,SIDESWIPE-OPPOSITE DIRECTION,STRAIGHT & GRADE,DAYLIGHT,0,0,0,1
26141654,CAMPBELL,KY0445,StateRoute,,RIVER,RD,,39.06217712,-84.44607299,0.86,1/3/2020 0:00,750,2,2,0,0,O,RAINING,WET,0,SIDESWIPE COLLISION - OPPOSITE DIRECTION,SIDESWIPE-OPPOSITE DIRECTION,CURVE & GRADE,DAYLIGHT,0,0,0,1
26184670,CAMPBELL,,OTHR,,VAN VOAST,AVE,,39.10845395,-84.48064958,0.177,1/3/2020 0:00,1735,2,2,0,0,O,RAINING,WET,0,SIDESWIPE COLLISION - SAME DIRECTION,SIDESWIPE-SAME DIRECTION,STRAIGHT & GRADE,DARK-HWY LIGHTED/ON,0,0,0,1
26133202,CAMPBELL,I 0275,Interstate,,I275 E,,,39.02258552,-84.484651,77.31,1/3/2020 0:00,646,2,2,0,0,O,RAINING,WET,0,REAR END IN TRAFFIC LANES BOTH VEHICLES MOVING,REAR END,STRAIGHT & LEVEL,DARK-HWY LIGHTED/ON,0,0,0,1
26138031,CAMPBELL,US0027,USRoute,,ALEXANDRIA,PIKE,,39.00047707,-84.42019911,13.594,1/3/2020 0:00,1741,2,2,0,0,O,RAINING,WET,0,REAR END IN TRAFFIC LANES BOTH VEHICLES MOVING,REAR END,STRAIGHT & LEVEL,DARK-HWY LIGHTED/ON,0,0,0,1
26136170,CAMPBELL,I 0471,Interstate,,,,,39.10080278,-84.48977555,0.553,1/3/2020 0:00,1148,2,2,0,0,O,RAINING,WET,0,OTHER RAMP RELATED COLLISIONS NOT LISTED ABOVE,REAR END,STRAIGHT & LEVEL,DAYLIGHT,0,0,0,1
26137518,CAMPBELL,I 0471,Interstate,,,,,39.09296068,-84.47891407,0.183,1/3/2020 0:00,1900,2,2,0,0,O,RAINING,WET,0,OTHER RAMP RELATED COLLISIONS NOT LISTED ABOVE,REAR END,CURVE & GRADE,DARK-HWY LIGHTED/ON,0,0,0,1
26137516,CAMPBELL,I 0471,Interstate,,,,,39.0923895,-84.47889974,0.039,1/4/2020 0:00,211,1,1,0,0,O,RAINING,WET,1,COLLISION WITH FIXED OBJECT NOT IN GORE ,SINGLE VEHICLE,CURVE & LEVEL,DARK-HWY LIGHTED/ON,0,0,0,1
26138698,CAMPBELL,I 0471,Interstate,,,,,39.08250135,-84.4699742,0.026,1/4/2020 0:00,1430,1,1,0,0,O,"SLEET, HAIL, FREEZING RAIN",WET,0,OTHER RAMP RELATED COLLISIONS NOT LISTED ABOVE,SINGLE VEHICLE,CURVE & GRADE,DAYLIGHT,0,0,0,1
26138699,CAMPBELL,,OTHR,,WEINGARTNER,ALY,,39.0916655,-84.48901371,0.053,1/4/2020 0:00,1619,2,2,0,0,O,CLOUDY,WET,0,OTHER COLLISIONS ON SHOULDER,BACKING,STRAIGHT & LEVEL,DAYLIGHT,0,0,0,1
26146718,CAMPBELL,US0027,USRoute,7634,ALEXANDRIA,PIKE,,38.97713789,-84.39297384,11.406,1/4/2020 0:00,2052,2,2,0,2,C,CLOUDY,DRY,0,1 VEHICLE ENTERING/LEAVING ENTRANCE,ANGLE,STRAIGHT & LEVEL,DARK-HWY LIGHTED/ON,0,0,0,1
26147307,CAMPBELL,KY2345,StateRoute,,MARTHA L COLLINS,BLVD,,39.0278193,-84.45208763,0.109,1/4/2020 0:00,1634,2,2,0,0,O,CLOUDY,WET,0,1 VEHICLE ENTERING/LEAVING ENTRANCE,ANGLE,STRAIGHT & LEVEL,DAYLIGHT,0,0,0,1
26149359,CAMPBELL,,OTHR,,WOESTE,RD,,38.90097636,-84.38010267,1.715,1/4/2020 0:00,1744,1,1,0,0,O,CLOUDY,WET,0,COLLISION WITH FIXED OBJECT NON - INTERSECTION - FIRST EVENT COLLISION 09 - 32 EXCLUDING 16,SINGLE VEHICLE,STRAIGHT & LEVEL,DARK-HWY NOT LIGHTED,0,0,0,1
26146722,CAMPBELL,KY0009,StateRoute,,AA,HWY,,38.98989504,-84.39716513,12.265,1/4/2020 0:00,2156,1,1,0,0,O,CLEAR,DRY,0,COLLISION WITH FIXED OBJECT NON - INTERSECTION - FIRST EVENT COLLISION 09 - 32 EXCLUDING 16,SINGLE VEHICLE,STRAIGHT & LEVEL,DARK-HWY NOT LIGHTED,0,0,0,1
27634126,CAMPBELL,KY1892,StateRoute,,CAROTHERS,RD,,39.08638765,-84.47747628,2.165,1/4/2020 0:00,1808,2,2,0,0,O,CLEAR,DRY,0,OTHER INTERSECTION COLLISIONS,REAR END,STRAIGHT & LEVEL,DARK-HWY LIGHTED/ON,1,0,0,1
26139006,CAMPBELL,US0027,USRoute,,ALEXANDRIA,PIKE,,39.03517526,-84.45395819,16.627,1/4/2020 0:00,846,2,2,0,0,O,RAINING,WET,0,OPPOSITE DIRECTION - BOTH VEHICLES GOING STRAIGHT AHEAD,SIDESWIPE-OPPOSITE DIRECTION,STRAIGHT & LEVEL,DAYLIGHT,0,0,0,1
26140124,CAMPBELL,US0027,USRoute,,MONMOUTH,ST,,39.0838442,-84.48382869,21.209,1/4/2020 0:00,1822,2,1,0,1,B,CLOUDY,DRY,0,COLLISION WITH PEDESTRIAN IN INTERSECTION,SINGLE VEHICLE,STRAIGHT & HILLCREST,DARK-HWY LIGHTED/ON,1,0,1,0
26178316,CAMPBELL,US0027,USRoute,,ALEXANDRIA,PIKE,,39.03695649,-84.45385801,16.74,1/5/2020 0:00,1841,2,2,0,0,O,CLEAR,DRY,0,OTHER INTERSECTION COLLISIONS,REAR END,STRAIGHT & GRADE,DARK-HWY LIGHTED/ON,1,0,0,1
26143208,CAMPBELL,US0027,USRoute,,YORK,ST,,39.08618722,-84.49068039,21.707,1/5/2020 0:00,2106,2,2,0,0,O,CLEAR,DRY,0,SIDESWIPE-SAME DIRECTION,SIDESWIPE-SAME DIRECTION,STRAIGHT & GRADE,DARK-HWY LIGHTED/ON,0,0,0,1
26149353,CAMPBELL,US0027,USRoute,,ALEXANDRIA,PIKE,,38.97234222,-84.39217735,11.082,1/5/2020 0:00,150,1,1,0,0,O,CLEAR,DRY,0,COLLISION WITH ANIMAL NON INTERSECTION,SINGLE VEHICLE,STRAIGHT & LEVEL,DARK-HWY LIGHTED/ON,0,0,0,1
26165575,CAMPBELL,KY0009,StateRoute,,AA,HWY,,39.00818491,-84.46157102,16.117,1/5/2020 0:00,30,1,1,0,1,C,CLOUDY,DRY,0,OTHER ROADWAY OR MID-BLOCK COLLISION,SINGLE VEHICLE,STRAIGHT & GRADE,DARK-HWY NOT LIGHTED,0,0,0,1
26153127,CAMPBELL,US0027,USRoute,4679,ALEXANDRIA,PIKE,,39.02139275,-84.43927197,15.341,1/5/2020 0:00,1242,2,2,0,1,B,CLEAR,DRY,0,1 VEHICLE ENTERING/LEAVING ENTRANCE,ANGLE,STRAIGHT & LEVEL,DAYLIGHT,0,0,0,1
26141527,CAMPBELL,,OTHR,80,BROADWAY,ST,,39.07766228,-84.48779977,0.111,1/5/2020 0:00,1610,2,2,0,0,O,CLEAR,DRY,0,HEAD-ON COLLISION,HEAD ON,STRAIGHT & GRADE,DAYLIGHT,0,0,0,1
26165898,CAMPBELL,KY1892,StateRoute,35,CAROTHERS,RD,,39.08498064,-84.48054218,2.366,1/6/2020 0:00,1730,2,2,0,0,O,CLEAR,DRY,0,1 VEHICLE ENTERING/LEAVING ENTRANCE,ANGLE,STRAIGHT & GRADE,DAYLIGHT,0,0,0,1
26148234,CAMPBELL,KY1120,StateRoute,400,11TH,ST,W,39.08179307,-84.49538251,0.285,1/6/2020 0:00,1525,3,3,0,0,O,CLEAR,DRY,1,OTHER ROADWAY OR MID-BLOCK COLLISION,REAR END,STRAIGHT & LEVEL,DAYLIGHT,0,0,0,1
26157601,CAMPBELL,KY1892,StateRoute,85,GRAND,AVE,N,39.0782162,-84.46467048,1.232,1/6/2020 0:00,2331,1,1,0,0,O,CLEAR,DRY,0,,SINGLE VEHICLE,STRAIGHT & HILLCREST,DARK-HWY LIGHTED/ON,0,0,0,1
26178321,CAMPBELL,US0027,USRoute,,ALEXANDRIA,PIKE,,39.03373583,-84.45322028,16.506,1/6/2020 0:00,727,2,2,0,1,C,CLEAR,DRY,0,OPPOSING LEFT TURN,OPPOSING LEFT TURN,STRAIGHT & LEVEL,DAYLIGHT,0,0,0,1
26147315,CAMPBELL,,OTHR,,ALEXANDRIA,PIKE,E,39.01987986,-84.43042119,0.279,1/6/2020 0:00,715,1,1,0,0,O,CLOUDY,DRY,0,COLLISION WITH ANIMAL NON INTERSECTION,SINGLE VEHICLE,STRAIGHT & LEVEL,DARK-HWY LIGHTED/ON,0,0,0,1
26150342,CAMPBELL,US0027,USRoute,,ALEXANDRIA,PIKE,,38.91298133,-84.38659597,6.939,1/6/2020 0:00,1638,2,2,0,1,C,CLEAR,DRY,0,OTHER INTERSECTION COLLISIONS,REAR END,STRAIGHT & LEVEL,DAYLIGHT,1,0,0,1
26157857,CAMPBELL,US0027,USRoute,,ALEXANDRIA,PIKE,,38.83759397,-84.36965294,1.162,1/7/2020 0:00,1148,1,1,0,0,O,CLEAR,DRY,0,COLLISION WITH FIXED OBJECT NON - INTERSECTION - FIRST EVENT COLLISION 09 - 32 EXCLUDING 16,SINGLE VEHICLE,STRAIGHT & LEVEL,DAYLIGHT,0,0,0,1
26155378,CAMPBELL,KY0009,StateRoute,509,LICKING,PIKE,,39.05525905,-84.48720975,20.194,1/7/2020 0:00,1933,2,2,0,0,O,CLOUDY,DRY,0,1 VEHICLE PARKED POSITION (NOT PARKING LOT/DRIVEWAY),BACKING,STRAIGHT & LEVEL,DARK-HWY LIGHTED/ON,0,0,0,1
26164001,CAMPBELL,KY0008,StateRoute,336,FAIRFIELD,AVE,,39.1066144,-84.48286261,1.901,1/7/2020 0:00,1923,2,2,0,0,O,CLOUDY,DRY,1,1 VEHICLE PARKED POSITION (NOT PARKING LOT/DRIVEWAY),SIDESWIPE-SAME DIRECTION,STRAIGHT & LEVEL,DARK-HWY LIGHTED/ON,0,0,0,1
26156858,CAMPBELL,,OTHR,,WASHINGTON,AVE,,39.0938358,-84.49165403,0.149,1/7/2020 0:00,1103,2,2,0,0,O,CLEAR,DRY,0,ANGLE COLLISION - ONE VEHICLE TURNING LEFT,ANGLE,STRAIGHT & LEVEL,DAYLIGHT,0,0,0,1
26162429,CAMPBELL,KY0471,StateRoute,,KY471,,,39.04263753,-84.45532893,,1/7/2020 0:00,1640,2,2,0,2,C,CLEAR,DRY,0,SIDESWIPE COLLISION - SAME DIRECTION,SIDESWIPE-SAME DIRECTION,CURVE & GRADE,DAYLIGHT,0,0,0,1
26156205,CAMPBELL,I 0471,Interstate,,471 NORTH ON RAMP,,,39.08333367,-84.469938,0.09,1/7/2020 0:00,2245,1,1,0,0,O,CLEAR,DRY,0,COLLISION WITH FIXED OBJECT NOT IN GORE ,SINGLE VEHICLE,STRAIGHT & LEVEL,DARK-HWY LIGHTED/ON,0,0,0,1
26209878,CAMPBELL,KY1892,StateRoute,,CAROTHERS,RD,,39.08640848,-84.47807326,2.197,1/8/2020 0:00,1855,2,1,0,1,B,CLEAR,DRY,1,OTHER ROADWAY OR MID-BLOCK COLLISION,SINGLE VEHICLE,STRAIGHT & LEVEL,DARK-HWY LIGHTED/ON,0,0,0,1
26165078,CAMPBELL,,OTHR,,AVE OF CHAMPIONS,,,38.96127054,-84.39237003,0.025,1/8/2020 0:00,1423,2,2,0,0,O,CLEAR,DRY,0,VEHICLE BACKING NON INTERSECTION,BACKING,STRAIGHT & GRADE,DAYLIGHT,0,0,0,1
26159523,CAMPBELL,US0027,USRoute,,ALEXANDRIA,PIKE,,39.06425887,-84.46202449,19.368,1/8/2020 0:00,1211,2,2,0,0,O,CLEAR,DRY,0,VEHICLE BACKING NON INTERSECTION,BACKING,STRAIGHT & LEVEL,DAYLIGHT,0,0,0,1
26170210,CAMPBELL,KY0009,StateRoute,,AA,HWY,,39.00851156,-84.46305637,16.205,1/8/2020 0:00,714,2,2,0,0,O,CLEAR,DRY,0,REAR END IN TRAFFIC LANES BOTH VEHICLES MOVING,REAR END,STRAIGHT & LEVEL,DARK-HWY LIGHTED/ON,0,0,0,1
26168754,CAMPBELL,I 0275,Interstate,,I275 E,,,39.02293214,-84.48840543,77.522,1/8/2020 0:00,1744,2,2,0,0,O,CLEAR,DRY,0,REAR END IN TRAFFIC LANES BOTH VEHICLES MOVING,REAR END,STRAIGHT & LEVEL,DAYLIGHT,0,0,0,1
26168885,CAMPBELL,KY0009,StateRoute,,LICKING,PIKE,,39.02151528,-84.48117119,17.647,1/8/2020 0:00,1544,3,3,0,0,O,CLEAR,DRY,0,REAR END IN TRAFFIC LANES BOTH VEHICLES MOVING,REAR END,STRAIGHT & LEVEL,DAYLIGHT,0,0,0,1
26162383,CAMPBELL,KY1892,StateRoute,,CAROTHERS,RD,,39.08638123,-84.47727781,2.154,1/8/2020 0:00,1803,2,2,0,0,O,CLEAR,DRY,0,REAR END IN TRAFFIC LANES BOTH VEHICLES MOVING,REAR END,STRAIGHT & LEVEL,DARK-HWY LIGHTED/ON,0,0,0,1
26168112,CAMPBELL,KY0008,StateRoute,,MARY INGLES,HWY,,39.05314024,-84.43155296,8.19,1/8/2020 0:00,2002,1,1,0,0,O,CLEAR,ICE,0,OTHER COLLISIONS ON SHOULDER,SINGLE VEHICLE,STRAIGHT & GRADE,DARK-HWY NOT LIGHTED,0,0,0,1
26156451,CAMPBELL,US0027,USRoute,,ALEXANDRIA,PIKE,,38.85250068,-84.38250144,2.407,1/8/2020 0:00,400,1,1,0,0,O,CLOUDY,DRY,0,COLLISION WITH ANIMAL IN INTERSECTION,SINGLE VEHICLE,STRAIGHT & HILLCREST,DARK-HWY NOT LIGHTED,1,0,0,1
26417652,CAMPBELL,,OTHR,,7TH,ST,E,39.08956326,-84.49375714,0.652,1/8/2020 0:00,1639,2,1,0,1,C,CLEAR,DRY,0,COLLISION WITH PEDESTRIAN IN INTERSECTION,SINGLE VEHICLE,STRAIGHT & LEVEL,DAYLIGHT,1,0,1,0
26162426,CAMPBELL,KY0009,StateRoute,,AA,HWY,,38.90027975,-84.27738001,,1/8/2020 0:00,640,1,1,0,0,O,CLEAR,DRY,0,COLLISION WITH ANIMAL NON INTERSECTION,SINGLE VEHICLE,CURVE & LEVEL,DARK (UNKNOWN ROADWAY LIGHTING),0,0,0,1
26160587,CAMPBELL,,OTHR,1030,WASHINGTON,AVE,,39.0879214,-84.48616602,0.63,1/8/2020 0:00,1612,2,2,0,0,O,CLEAR,DRY,1,1 VEHICLE PARKED POSITION (NOT PARKING LOT/DRIVEWAY),REAR END,STRAIGHT & LEVEL,DAYLIGHT,0,0,0,1
26165573,CAMPBELL,,OTHR,5994,MURNAN,RD,,39.01428114,-84.4370065,1.695,1/8/2020 0:00,1554,1,1,0,0,O,CLEAR,DRY,0,COLLISION WITH FIXED OBJECT NON - INTERSECTION - FIRST EVENT COLLISION 09 - 32 EXCLUDING 16,SINGLE VEHICLE,CURVE & HILLCREST,DAYLIGHT,0,0,0,1
27655562,CAMPBELL,KY0008,StateRoute,,MARY INGLES,HWY,,39.02901141,-84.35851113,,1/9/2020 0:00,2346,1,1,0,0,O,CLEAR,DRY,0,COLLISION WITH FIXED OBJECT NON - INTERSECTION - FIRST EVENT COLLISION 09 - 32 EXCLUDING 16,SINGLE VEHICLE,STRAIGHT & LEVEL,DARK-HWY NOT LIGHTED,0,0,0,1
26178324,CAMPBELL,US0027,USRoute,,ALEXANDRIA,PIKE,,39.04226432,-84.44851626,17.208,1/9/2020 0:00,2042,1,1,0,0,O,CLEAR,DRY,0,COLLISION WITH FIXED OBJECT NON - INTERSECTION - FIRST EVENT COLLISION 09 - 32 EXCLUDING 16,SINGLE VEHICLE,CURVE & LEVEL,DARK-HWY LIGHTED/ON,0,0,0,1
26175887,CAMPBELL,,OTHR,,13TH,ST,W,39.08322246,-84.48771557,0.102,1/9/2020 0:00,510,3,3,0,0,O,CLEAR,DRY,0,1 VEHICLE PARKED POSITION (NOT PARKING LOT/DRIVEWAY),REAR END,STRAIGHT & LEVEL,DARK-HWY LIGHTED/ON,0,0,0,1
26168106,CAMPBELL,KY0009,StateRoute,,AA,HWY,,38.86234448,-84.26419668,,1/9/2020 0:00,655,1,1,0,0,O,CLEAR,DRY,0,COLLISION WITH ANIMAL NON INTERSECTION,SINGLE VEHICLE,STRAIGHT & GRADE,DARK-HWY NOT LIGHTED,0,0,0,1
26168109,CAMPBELL,US0027,USRoute,,ALEXANDRIA,PIKE,,38.87331068,-84.39367162,4.033,1/9/2020 0:00,801,1,1,0,0,O,CLEAR,DRY,0,COLLISION WITH ANIMAL NON INTERSECTION,SINGLE VEHICLE,STRAIGHT & LEVEL,DAYLIGHT,0,0,0,1
26173457,CAMPBELL,KY1120,StateRoute,,MEMORIAL,PKWY,,39.09267206,-84.47523187,1.677,1/9/2020 0:00,1810,2,2,0,0,O,CLOUDY,DRY,0,OPPOSING LEFT TURN,OPPOSING LEFT TURN,STRAIGHT & GRADE,DARK-HWY LIGHTED/ON,0,0,0,1
26183578,CAMPBELL,,OTHR,,PAUL,LN,,38.95100364,-84.39374454,0.018,1/9/2020 0:00,835,2,2,0,0,O,CLEAR,DRY,0,REAR END - ONE VEHICLE TURNING LEFT,REAR END,STRAIGHT & GRADE,DAYLIGHT,0,0,0,1
26168201,CAMPBELL,US0027,USRoute,,ALEXANDRIA,PIKE,,38.86816942,-84.39486256,3.674,1/9/2020 0:00,2128,2,2,0,0,O,CLEAR,DRY,0,REAR END IN TRAFFIC LANES BOTH VEHICLES MOVING,REAR END,STRAIGHT & LEVEL,DARK-HWY NOT LIGHTED,0,0,0,1
26170568,CAMPBELL,KY0008,StateRoute,,FAIRFIELD,AVE,,39.10275562,-84.48754066,1.535,1/9/2020 0:00,1057,2,2,0,0,O,CLEAR,DRY,0,REAR END IN TRAFFIC LANES BOTH VEHICLES MOVING,REAR END,STRAIGHT & LEVEL,DAYLIGHT,0,0,0,1
26168882,CAMPBELL,KY0009,StateRoute,,AA,HWY,,39.02139821,-84.48144853,17.615,1/9/2020 0:00,1428,2,2,0,0,O,CLEAR,DRY,0,OTHER ROADWAY OR MID-BLOCK COLLISION,OPPOSING LEFT TURN,STRAIGHT & LEVEL,DAYLIGHT,0,0,0,1
26164436,CAMPBELL,I 0471,Interstate,,I471 N,,,39.10045177,-84.49429606,4.904,1/9/2020 0:00,855,3,3,0,0,O,CLEAR,DRY,0,OTHER ROADWAY OR MID-BLOCK COLLISION,REAR END,STRAIGHT & LEVEL,DAYLIGHT,0,0,0,1
26183954,CAMPBELL,US0027,USRoute,,ALEXANDRIA,PIKE,,39.01730506,-84.43480784,14.963,1/9/2020 0:00,1323,2,2,0,0,O,CLEAR,DRY,0,SIDESWIPE COLLISION - SAME DIRECTION,SIDESWIPE-SAME DIRECTION,STRAIGHT & LEVEL,DAYLIGHT,0,0,0,1
26165897,CAMPBELL,I 0471,Interstate,,I471 N,,,39.10087367,-84.49519061,4.961,1/9/2020 0:00,914,2,2,0,0,O,CLEAR,DRY,0,SIDESWIPE COLLISION - SAME DIRECTION,SIDESWIPE-SAME DIRECTION,STRAIGHT & LEVEL,DAYLIGHT,0,0,0,1
26174509,CAMPBELL,KY1998,StateRoute,817,POOLES CREEK,RD,,39.02118272,-84.45049459,1.325,1/10/2020 0:00,1917,2,2,0,2,B,RAINING,WET,0,1 VEHICLE ENTERING/LEAVING ENTRANCE,ANGLE,CURVE & GRADE,DARK-HWY NOT LIGHTED,0,0,0,1
26176879,CAMPBELL,KY1892,StateRoute,63,CAROTHERS,RD,,39.08577713,-84.47963844,2.293,1/10/2020 0:00,1730,2,2,0,0,O,RAINING,WET,0,OTHER ROADWAY OR MID-BLOCK COLLISION,REAR END,CURVE & GRADE,DARK-HWY LIGHTED/ON,0,0,0,1
26171269,CAMPBELL,KY1892,StateRoute,57,CAROTHERS,RD,,39.0850591,-84.48065734,2.369,1/10/2020 0:00,1435,2,2,0,0,O,RAINING,WET,0,OTHER ROADWAY OR MID-BLOCK COLLISION,REAR END,STRAIGHT & GRADE,DAYLIGHT,0,0,0,1
26172421,CAMPBELL,US0027,USRoute,,ALEXANDRIA,PIKE,,38.87576864,-84.39254185,4.21,1/10/2020 0:00,1430,2,2,0,0,O,CLEAR,DRY,1,OTHER ROADWAY OR MID-BLOCK COLLISION,,STRAIGHT & LEVEL,DAYLIGHT,0,0,0,1
26172417,CAMPBELL,KY0536,StateRoute,,CREEKTRACE,RD,,38.92129024,-84.4435317,,1/10/2020 0:00,700,2,2,0,1,B,CLOUDY,WET,0,OTHER ROADWAY OR MID-BLOCK COLLISION,OPPOSING LEFT TURN,STRAIGHT & LEVEL,DARK-HWY NOT LIGHTED,0,0,0,1
26469713,CAMPBELL,US0027,USRoute,,ALEXANDRIA,PIKE,,39.02022137,-84.43802915,15.228,1/10/2020 0:00,743,2,2,0,0,O,CLEAR,WET,0,1 VEHICLE ENTERING/LEAVING ENTRANCE,ANGLE,STRAIGHT & LEVEL,DARK-HWY LIGHTED/ON,0,0,0,1
26170604,CAMPBELL,KY0009,StateRoute,,AA,HWY,,39.02124699,-84.48120735,17.626,1/10/2020 0:00,1249,2,2,0,0,O,CLOUDY,WET,0,REAR END IN TRAFFIC LANES BOTH VEHICLES MOVING,REAR END,STRAIGHT & LEVEL,DAYLIGHT,0,0,0,1
26171609,CAMPBELL,US0027,USRoute,,ALEXANDRIA,PIKE,,39.0032477,-84.42347948,13.834,1/10/2020 0:00,715,2,2,0,0,O,CLEAR,WET,0,REAR END IN TRAFFIC LANES BOTH VEHICLES MOVING,REAR END,STRAIGHT & GRADE,DARK-HWY LIGHTED/ON,0,0,0,1
27660097,CAMPBELL,,OTHR,,LINDSEY,ST,,39.08409914,-84.49613961,0.202,1/10/2020 0:00,1950,2,2,0,0,O,CLEAR,DRY,1,1 VEHICLE PARKED POSITION (NOT PARKING LOT/DRIVEWAY),SIDESWIPE-SAME DIRECTION,STRAIGHT & LEVEL,DARK-HWY NOT LIGHTED,0,0,0,1
26303440,CAMPBELL,,OTHR,,CHATEAU,DR,,39.10703185,-84.46385485,0.107,1/10/2020 0:00,1556,1,1,0,0,O,RAINING,WET,0,COLLISION WITH FIXED OBJECT IN INTERSECTION - FIRST EVENT COLLISION 09 - 32,SINGLE VEHICLE,CURVE & LEVEL,OTHER,1,0,0,1
26183585,CAMPBELL,US0027,USRoute,,ALEXANDRIA,PIKE,,38.95761442,-84.39310675,10.041,1/10/2020 0:00,2001,2,2,0,0,O,RAINING,WET,1,OPPOSITE DIRECTION - BOTH VEHICLES GOING STRAIGHT AHEAD,SIDESWIPE-OPPOSITE DIRECTION,STRAIGHT & LEVEL,DARK-HWY NOT LIGHTED,0,0,0,1
26174128,CAMPBELL,US0027,USRoute,,ALEXANDRIA,PIKE,,38.88279378,-84.38770895,4.775,1/10/2020 0:00,1800,2,2,0,0,O,CLEAR,WET,0,ANGLE COLLISION - OTHER,ANGLE,STRAIGHT & LEVEL,DARK-HWY NOT LIGHTED,0,0,0,1
26170756,CAMPBELL,,OTHR,,HIGHLAND,AVE,,39.07434809,-84.46462677,0.373,1/10/2020 0:00,850,2,2,0,0,O,RAINING,WET,0,ANGLE COLLISION - OTHER,ANGLE,STRAIGHT & LEVEL,DAYLIGHT,0,0,0,1
26171124,CAMPBELL,KY0154,StateRoute,,PEACH GROVE,RD,,38.85114476,-84.37002206,0.78,1/10/2020 0:00,230,1,1,0,0,O,CLEAR,DRY,0,COLLISION WITH ANIMAL NON INTERSECTION,SINGLE VEHICLE,CURVE & GRADE,DARK-HWY NOT LIGHTED,0,0,0,1