IncidentID,County,RdwyNumber,RdwyType,Street,RoadwayName,StreetSfx,StreetDir,Latitude,Longitude,Milepoint,CollisionDate,CollisionTime,UnitsInvolved,MotorVehiclesInvolved,NumberKilled,NumberInjured,KABCO,Weather,RdwyConditionCode,HitandRun,DirAnalysisCode,MannerofCollision,RdwyCharacter,LightCondition,Intersection Crash,Bicyclist,Pedestrian,Motor Vehicles
26244129,CAMPBELL,KY0009,StateRoute,,LICKING,PIKE,,39.03673746,-84.48149881,18.726,1/23/2020 0:00,510,1,1,0,0,O,CLEAR,DRY,0,COLLISION WITH ANIMAL NON INTERSECTION,SINGLE VEHICLE,STRAIGHT & LEVEL,DARK-HWY LIGHTED/ON,0,0,0,1
26237372,CAMPBELL,US0027,USRoute,2700,ALEXANDRIA,PIKE,,39.03373802,-84.45320955,16.507,1/23/2020 0:00,735,2,2,0,1,C,CLOUDY,DRY,0,OPPOSING LEFT TURN,OPPOSING LEFT TURN,STRAIGHT & GRADE,DAWN,0,0,0,1
26255162,CAMPBELL,KY0471,StateRoute,,KY471,,,39.03696518,-84.45412529,,1/24/2020 0:00,1018,2,2,0,0,O,RAINING,WATER (STANDING OR MOVING),0,ANGLE COLLISION - OTHER,ANGLE,STRAIGHT & LEVEL,DAYLIGHT,0,0,0,1
26251274,CAMPBELL,KY0009,StateRoute,,AA,HWY,,38.98879182,-84.3953476,12.118,1/24/2020 0:00,1609,2,2,0,0,O,RAINING,WET,0,OTHER INTERSECTION COLLISIONS,REAR END,STRAIGHT & GRADE,DAYLIGHT,1,0,0,1
26281039,CAMPBELL,,OTHR,,TAYLOR,AVE,,39.10258562,-84.48054947,0.402,1/24/2020 0:00,1314,2,2,0,0,O,RAINING,WET,0,1 VEHICLE PARKED POSITION (NOT PARKING LOT/DRIVEWAY),SIDESWIPE-SAME DIRECTION,STRAIGHT & LEVEL,DAYLIGHT,0,0,0,1
26245791,CAMPBELL,US0027,USRoute,3710,ALEXANDRIA,PIKE,,39.02667123,-84.44844216,15.955,1/24/2020 0:00,1646,2,2,0,0,O,CLOUDY,WET,0,REAR END IN TRAFFIC LANES BOTH VEHICLES MOVING,REAR END,STRAIGHT & LEVEL,DAYLIGHT,0,0,0,1
26244128,CAMPBELL,I 0275,Interstate,,I275 W,,,39.0284695,-84.47243206,76.55,1/24/2020 0:00,2029,2,2,0,1,B,RAINING,WET,0,1 VEHICLE ENTERING/LEAVING ENTRANCE,ANGLE,CURVE & HILLCREST,DARK-HWY LIGHTED/ON,0,0,0,1
26240257,CAMPBELL,,OTHR,900,WILDCAT,DR,,39.09441549,-84.48149962,0.038,1/24/2020 0:00,1229,2,2,0,0,O,RAINING,WET,0,SIDESWIPE COLLISION - OPPOSITE DIRECTION,SIDESWIPE-OPPOSITE DIRECTION,STRAIGHT & LEVEL,DAYLIGHT,0,0,0,1
26240644,CAMPBELL,,OTHR,,POPLAR THICKET,RD,,38.95159027,-84.4223892,,1/24/2020 0:00,1538,2,2,0,1,B,RAINING,WET,0,SIDESWIPE COLLISION - OPPOSITE DIRECTION,SIDESWIPE-OPPOSITE DIRECTION,CURVE & GRADE,DAYLIGHT,0,0,0,1
26257725,CAMPBELL,US0027,USRoute,500,MONMOUTH,ST,,39.09231137,-84.49415854,22.039,1/24/2020 0:00,1600,2,2,0,0,O,CLEAR,DRY,0,OTHER ROADWAY OR MID-BLOCK COLLISION,REAR TO REAR,STRAIGHT & LEVEL,DAYLIGHT,0,0,0,1
26239699,CAMPBELL,KY2238,StateRoute,,THREE MILE,RD,,39.04406213,-84.46819875,1.22,1/24/2020 0:00,1157,2,2,0,0,O,RAINING,WET,0,OTHER ROADWAY OR MID-BLOCK COLLISION,REAR END,STRAIGHT & GRADE,DAYLIGHT,0,0,0,1
26251275,CAMPBELL,US0027,USRoute,,ALEXANDRIA,PIKE,,38.97244433,-84.3922878,11.013,1/24/2020 0:00,1849,2,2,0,0,O,RAINING,WET,0,VEHICLE BACKING NON INTERSECTION,BACKING,STRAIGHT & LEVEL,DARK-HWY LIGHTED/ON,0,0,0,1
26242721,CAMPBELL,I 0471,Interstate,,I471 S EXIT 3 OFF RAMP TO KY1892,,,39.08556987,-84.47433246,0.178,1/25/2020 0:00,1423,2,2,0,0,O,RAINING,WET,0,OTHER RAMP RELATED COLLISIONS NOT LISTED ABOVE,REAR END,CURVE & GRADE,DAYLIGHT,0,0,0,1
26251468,CAMPBELL,US0027,USRoute,,ALEXANDRIA,PIKE,,39.06753538,-84.46592569,19.641,1/25/2020 0:00,1459,2,2,0,0,O,CLOUDY,DRY,1,1 VEHICLE ENTERING/LEAVING ENTRANCE,ANGLE,STRAIGHT & LEVEL,DAYLIGHT,0,0,0,1
26244127,CAMPBELL,KY0009,StateRoute,,LICKING,PIKE,,39.02532724,-84.48045025,17.927,1/25/2020 0:00,1356,2,2,0,0,O,RAINING,WET,0,REAR END IN TRAFFIC LANES BOTH VEHICLES MOVING,REAR END,STRAIGHT & LEVEL,DAYLIGHT,0,0,0,1
26315085,CAMPBELL,KY0009,StateRoute,,AA,HWY,,38.90743793,-84.28042945,,1/25/2020 0:00,702,2,1,1,3,K,RAINING,WET,0,HEAD-ON COLLISION,HEAD ON,STRAIGHT & LEVEL,DARK-HWY NOT LIGHTED,0,0,0,1
26244220,CAMPBELL,KY1936,StateRoute,,POND CREEK,RD,,38.89839831,-84.43470422,6.009,1/25/2020 0:00,1328,1,1,0,0,O,SNOWING,WET,0,OTHER COLLISIONS ON SHOULDER,SINGLE VEHICLE,CURVE & GRADE,DAYLIGHT,0,0,0,1
26245792,CAMPBELL,,OTHR,248,RIDGEPOINTE,DR,,39.00430225,-84.45254587,0.514,1/25/2020 0:00,937,2,2,0,0,O,CLOUDY,WET,0,1 VEHICLE PARKED POSITION (NOT PARKING LOT/DRIVEWAY),BACKING,STRAIGHT & GRADE,DAYLIGHT,0,0,0,1
26245800,CAMPBELL,,OTHR,31,GARRISON,AVE,,39.06281015,-84.44656778,0.086,1/25/2020 0:00,1,2,2,0,0,O,,,1,1 VEHICLE PARKED POSITION (NOT PARKING LOT/DRIVEWAY),SIDESWIPE-SAME DIRECTION,STRAIGHT & GRADE,DARK (UNKNOWN ROADWAY LIGHTING),0,0,0,1
26243256,CAMPBELL,,OTHR,46,19TH,ST,,39.07977956,-84.48382575,0.139,1/25/2020 0:00,1015,1,1,0,0,O,RAINING,WET,0,COLLISION WITH FIXED OBJECT NON - INTERSECTION - FIRST EVENT COLLISION 09 - 32 EXCLUDING 16,SINGLE VEHICLE,STRAIGHT & GRADE,DAYLIGHT,0,0,0,1
26243224,CAMPBELL,KY1120,StateRoute,,MEMORIAL,PKWY,,39.09267194,-84.47523152,1.677,1/25/2020 0:00,1530,2,2,0,0,O,RAINING,WET,0,OTHER INTERSECTION COLLISIONS,REAR END,STRAIGHT & LEVEL,DAYLIGHT,1,0,0,1
26244277,CAMPBELL,KY0009,StateRoute,,LICKING,PIKE,,39.02520835,-84.48050183,17.936,1/25/2020 0:00,1932,2,2,0,0,O,CLOUDY,WET,0,ANGLE COLLISION - OTHER,ANGLE,STRAIGHT & LEVEL,DARK-HWY LIGHTED/ON,0,0,0,1
26246402,CAMPBELL,,OTHR,523,CLAY RIDGE,RD,,38.8370764,-84.41929474,2.5,1/26/2020 0:00,740,1,1,0,0,O,CLOUDY,WET,1,OTHER ROADWAY OR MID-BLOCK COLLISION,SINGLE VEHICLE,CURVE & HILLCREST,DARK-HWY NOT LIGHTED,0,0,0,1
26250969,CAMPBELL,I 0471,Interstate,,I471 S EXIT3 OFF RAMP TO KY1892,,,39.08549492,-84.47432241,0.176,1/27/2020 0:00,1045,2,2,0,0,O,CLOUDY,DRY,0,OTHER RAMP RELATED COLLISIONS NOT LISTED ABOVE,REAR END,CURVE & LEVEL,DAYLIGHT,0,0,0,1
26252471,CAMPBELL,US0027,USRoute,700,ALEXANDRIA,PIKE,,39.06321501,-84.45342651,18.887,1/27/2020 0:00,758,2,2,0,0,O,CLOUDY,DRY,0,SIDESWIPE COLLISION - SAME DIRECTION,SIDESWIPE-SAME DIRECTION,CURVE & GRADE,DAWN,0,0,0,1
26259382,CAMPBELL,I 0275,Interstate,,I275 W,,,39.05583571,-84.43419283,73.409,1/27/2020 0:00,1845,2,2,0,0,O,CLEAR,DRY,1,VEHICLE BACKING NON INTERSECTION,BACKING,STRAIGHT & LEVEL,DARK-HWY LIGHTED/ON,0,0,0,1
26250922,CAMPBELL,,OTHR,,10TH,ST,W,39.08472139,-84.49342345,0.344,1/27/2020 0:00,1018,2,2,0,0,O,CLOUDY,DRY,0,OTHER INTERSECTION COLLISIONS,REAR END,STRAIGHT & LEVEL,DAYLIGHT,1,0,0,1
26334436,CAMPBELL,,OTHR,441,FOOTE,AVE,,39.10337676,-84.47778637,0.507,1/27/2020 0:00,800,2,2,0,0,O,CLOUDY,DRY,1,1 VEHICLE PARKED POSITION (NOT PARKING LOT/DRIVEWAY),SIDESWIPE-SAME DIRECTION,STRAIGHT & LEVEL,DAYLIGHT,0,0,0,1
26261917,CAMPBELL,US0027,USRoute,,ALEXANDRIA,PIKE,,39.07544869,-84.47677975,20.5,1/28/2020 0:00,1813,2,1,0,0,O,CLOUDY,DRY,0,COLLISION WITH PEDESTRIAN IN INTERSECTION,SINGLE VEHICLE,STRAIGHT & GRADE,DARK-HWY LIGHTED/ON,1,0,1,0
26259380,CAMPBELL,I 0275,Interstate,,I275 W,,,39.05713936,-84.43123251,73.226,1/28/2020 0:00,935,2,2,0,0,O,CLOUDY,DRY,0,REAR END IN TRAFFIC LANES BOTH VEHICLES MOVING,REAR END,STRAIGHT & LEVEL,DAYLIGHT,0,0,0,1
26268472,CAMPBELL,KY1120,StateRoute,2350,MEMORIAL,PKWY,,39.08574149,-84.44930063,3.603,1/28/2020 0:00,1811,2,2,0,0,O,CLEAR,DRY,0,SIDESWIPE COLLISION - OPPOSITE DIRECTION,SIDESWIPE-OPPOSITE DIRECTION,CURVE & LEVEL,DARK-HWY LIGHTED/ON,0,0,0,1
26263395,CAMPBELL,I 0471,Interstate,,I471 S,,,39.08488857,-84.47310011,3.246,1/28/2020 0:00,1502,2,2,0,1,C,CLEAR,DRY,0,SIDESWIPE COLLISION - SAME DIRECTION,SIDESWIPE-SAME DIRECTION,STRAIGHT & LEVEL,DAYLIGHT,0,0,0,1
26274191,CAMPBELL,KY1892,StateRoute,,GRAND,AVE,N,39.07603901,-84.4628284,1.051,1/29/2020 0:00,1800,2,2,0,0,O,CLEAR,DRY,0,REAR END IN TRAFFIC LANES BOTH VEHICLES MOVING,REAR END,STRAIGHT & GRADE,DARK-HWY LIGHTED/ON,0,0,0,1
26280955,CAMPBELL,KY0008,StateRoute,300,4TH,ST,W,39.08978286,-84.50072723,0.278,1/29/2020 0:00,1700,2,2,0,0,O,CLEAR,DRY,0,REAR END IN TRAFFIC LANES BOTH VEHICLES MOVING,REAR END,STRAIGHT & LEVEL,DAYLIGHT,0,0,0,1
26273408,CAMPBELL,,OTHR,25,GARRISON,AVE,,39.06318228,-84.44697837,0.052,1/29/2020 0:00,1330,2,2,0,0,O,CLOUDY,DRY,0,1 VEHICLE PARKED POSITION (NOT PARKING LOT/DRIVEWAY),SIDESWIPE-SAME DIRECTION,STRAIGHT & GRADE,DAYLIGHT,0,0,0,1
27736036,CAMPBELL,,OTHR,,KENTON,DR,,39.03127944,-84.46644923,0.24,1/29/2020 0:00,300,1,1,0,0,O,"SLEET, HAIL, FREEZING RAIN",ICE,0,COLLISION WITH FIXED OBJECT NON - INTERSECTION - FIRST EVENT COLLISION 09 - 32 EXCLUDING 16,SINGLE VEHICLE,STRAIGHT & LEVEL,DARK (UNKNOWN ROADWAY LIGHTING),0,0,0,1
26267628,CAMPBELL,US0027,USRoute,,ALEXANDRIA,PIKE,,38.9809437,-84.39504657,11.691,1/29/2020 0:00,1828,1,1,0,0,O,CLOUDY,DRY,0,COLLISION WITH ANIMAL NON INTERSECTION,SINGLE VEHICLE,STRAIGHT & LEVEL,DARK-HWY LIGHTED/ON,0,0,0,1
26298280,CAMPBELL,KY2238,StateRoute,,UNIVERSITY,DR,,39.04033037,-84.46454405,0.89,1/29/2020 0:00,1703,1,1,0,0,O,CLEAR,DRY,0,COLLISION WITH FIXED OBJECT IN INTERSECTION - FIRST EVENT COLLISION 09 - 32,SINGLE VEHICLE,CURVE & LEVEL,DAYLIGHT,1,0,0,1
26265254,CAMPBELL,US0027,USRoute,900,YORK,ST,,39.08743383,-84.49181655,21.811,1/29/2020 0:00,1848,2,1,0,1,C,CLEAR,DRY,0,COLLISION WITH PEDESTRIAN IN INTERSECTION,SINGLE VEHICLE,STRAIGHT & LEVEL,DARK-HWY LIGHTED/ON,1,0,1,0
26264881,CAMPBELL,KY0008,StateRoute,,FAIRFIELD,AVE,,39.10182119,-84.48867044,1.447,1/29/2020 0:00,1704,2,2,0,0,O,CLOUDY,DRY,0,OTHER INTERSECTION COLLISIONS,REAR END,STRAIGHT & LEVEL,DAYLIGHT,1,0,0,1
26265255,CAMPBELL,KY0008,StateRoute,,DAVE COWENS,DR,,39.09945105,-84.49123089,1.227,1/29/2020 0:00,2225,2,2,0,0,O,CLEAR,DRY,1,OTHER INTERSECTION COLLISIONS,REAR END,STRAIGHT & GRADE,DARK-HWY LIGHTED/ON,1,0,0,1
26277561,CAMPBELL,KY0009,StateRoute,,LICKING,PIKE,,39.05634797,-84.48676916,20.272,1/30/2020 0:00,1655,3,3,0,0,O,CLOUDY,DRY,0,ANGLE COLLISION - OTHER,ANGLE,STRAIGHT & LEVEL,DAYLIGHT,0,0,0,1
26271095,CAMPBELL,,OTHR,,PATTERSON,ST,,39.08203362,-84.49495437,0.102,1/30/2020 0:00,2201,2,2,0,0,O,CLEAR,DRY,0,1 VEHICLE PARKED POSITION (NOT PARKING LOT/DRIVEWAY),SIDESWIPE-SAME DIRECTION,STRAIGHT & LEVEL,DARK-HWY LIGHTED/ON,0,0,0,1
26295213,CAMPBELL,KY0008,StateRoute,,FAIRFIELD,AVE,,39.10898259,-84.47998471,2.126,1/30/2020 0:00,910,2,2,0,0,O,CLEAR,DRY,1,1 VEHICLE PARKED POSITION (NOT PARKING LOT/DRIVEWAY),SIDESWIPE-SAME DIRECTION,STRAIGHT & LEVEL,DAWN,0,0,0,1
26266735,CAMPBELL,KY0009,StateRoute,,LICKING,PIKE,,39.02509532,-84.48051627,17.929,1/30/2020 0:00,1034,2,2,0,0,O,CLOUDY,DRY,0,OTHER ROADWAY OR MID-BLOCK COLLISION,REAR END,STRAIGHT & LEVEL,DAYLIGHT,0,0,0,1
26272608,CAMPBELL,US0027,USRoute,,ALEXANDRIA,PIKE,,39.01963755,-84.43753554,15.185,1/30/2020 0:00,1643,2,2,0,0,O,CLOUDY,DRY,0,REAR END IN TRAFFIC LANES BOTH VEHICLES MOVING,REAR END,STRAIGHT & LEVEL,DAYLIGHT,0,0,0,1
26268793,CAMPBELL,I 0471,Interstate,,I471 N,,,39.09821594,-84.48898367,4.573,1/30/2020 0:00,710,2,2,0,0,O,CLOUDY,DRY,0,REAR END IN TRAFFIC LANES BOTH VEHICLES MOVING,REAR END,STRAIGHT & LEVEL,DARK-HWY LIGHTED/ON,0,0,0,1
26309040,CAMPBELL,KY0009,StateRoute,,AA,HWY,,39.02063703,-84.4812997,17.583,1/31/2020 0:00,1817,2,2,0,0,O,CLEAR,DRY,0,REAR END IN TRAFFIC LANES BOTH VEHICLES MOVING,REAR END,STRAIGHT & LEVEL,DARK-HWY LIGHTED/ON,0,0,0,1
26275470,CAMPBELL,I 0471,Interstate,,I471 N,,,39.09972531,-84.49288732,4.813,1/31/2020 0:00,1840,2,2,0,0,O,CLOUDY,DRY,0,REAR END IN TRAFFIC LANES BOTH VEHICLES MOVING,REAR END,STRAIGHT & LEVEL,DARK-HWY LIGHTED/ON,0,0,0,1
26280368,CAMPBELL,US0027,USRoute,,ALEXANDRIA,PIKE,,39.02777077,-84.44933681,16.044,1/31/2020 0:00,1129,2,2,0,0,O,SNOWING,WET,0,REAR END IN TRAFFIC LANES BOTH VEHICLES MOVING,REAR END,STRAIGHT & LEVEL,DAYLIGHT,0,0,0,1
26276531,CAMPBELL,KY0010,StateRoute,,MAIN,ST,W,38.94865306,-84.39999412,0.501,1/31/2020 0:00,1845,2,2,0,2,B,CLOUDY,WET,0,HEAD-ON COLLISION,HEAD ON,CURVE & GRADE,DARK-HWY NOT LIGHTED,0,0,0,1
26346732,CAMPBELL,KY0008,StateRoute,,MARY INGLES,HWY,,39.04266526,-84.41575762,9.339,1/31/2020 0:00,625,2,2,0,0,O,CLOUDY,DRY,0,1 VEHICLE ENTERING/LEAVING ENTRANCE,ANGLE,STRAIGHT & LEVEL,DARK-HWY NOT LIGHTED,0,0,0,1
26276507,CAMPBELL,,OTHR,130,NEWPORT PAVILION,,,39.09166299,-84.47917425,0.114,1/31/2020 0:00,1948,2,2,0,0,O,CLEAR,WET,1,VEHICLE BACKING NON INTERSECTION,BACKING,STRAIGHT & LEVEL,DARK-HWY LIGHTED/ON,0,0,0,1
26274932,CAMPBELL,,OTHR,,NEWPORT PAVILION,,,39.08642734,-84.47721726,0.596,1/31/2020 0:00,1252,2,2,0,0,O,RAINING,WET,0,1 VEHICLE ENTERING/LEAVING ENTRANCE,ANGLE,CURVE & LEVEL,DAYLIGHT,0,0,0,1
26279835,CAMPBELL,,OTHR,,FAUSZ,RD,,38.98418232,-84.35124929,,1/31/2020 0:00,800,1,1,0,0,O,SNOWING,WET,0,COLLISION WITH FIXED OBJECT NON - INTERSECTION - FIRST EVENT COLLISION 09 - 32 EXCLUDING 16,SINGLE VEHICLE,CURVE & GRADE,DAYLIGHT,0,0,0,1
26371746,CAMPBELL,,OTHR,35,9TH,ST,E,39.08798573,-84.49086121,0.682,1/31/2020 0:00,1200,2,2,0,0,O,CLEAR,DRY,1,1 VEHICLE PARKED POSITION (NOT PARKING LOT/DRIVEWAY),ANGLE,STRAIGHT & LEVEL,DAYLIGHT,0,0,0,1
26274929,CAMPBELL,,OTHR,,4TH,ST,E,39.09373874,-84.49357966,0.375,1/31/2020 0:00,1620,1,1,0,0,O,CLOUDY,WET,0,COLLISION WITH FIXED OBJECT IN INTERSECTION - FIRST EVENT COLLISION 09 - 32,SINGLE VEHICLE,STRAIGHT & LEVEL,DAYLIGHT,1,0,0,1
26296645,CAMPBELL,KY2238,StateRoute,,UNIVERSITY,DR,,39.03654354,-84.46295383,0.605,1/31/2020 0:00,1844,2,2,0,0,O,CLEAR,DRY,0,OTHER INTERSECTION COLLISIONS,REAR END,STRAIGHT & LEVEL,DARK-HWY LIGHTED/ON,1,0,0,1
26294943,CAMPBELL,US0027,USRoute,,ALEXANDRIA,PIKE,,38.96170781,-84.39276623,10.354,1/31/2020 0:00,1405,2,2,0,0,O,CLOUDY,WET,0,SIDESWIPE-SAME DIRECTION,SIDESWIPE-SAME DIRECTION,STRAIGHT & HILLCREST,DAYLIGHT,0,0,0,1
26327650,CAMPBELL,US0027,USRoute,,ALEXANDRIA,PIKE,,39.05550463,-84.4494392,18.24,2/1/2020 0:00,1,1,1,0,0,O,CLEAR,DRY,0,COLLISION WITH ANIMAL IN INTERSECTION,SINGLE VEHICLE,STRAIGHT & LEVEL,DARK-HWY LIGHTED/ON,1,0,0,1
26326967,CAMPBELL,US0027,USRoute,,ALEXANDRIA,PIKE,,38.97000494,-84.39241583,10.909,2/1/2020 0:00,2140,1,1,0,0,O,CLEAR,DRY,0,COLLISION WITH FIXED OBJECT IN INTERSECTION - FIRST EVENT COLLISION 09 - 32,SINGLE VEHICLE,STRAIGHT & LEVEL,DARK-HWY LIGHTED/ON,1,0,0,1
26279834,CAMPBELL,,OTHR,3232,NINE MILE,RD,,39.00586884,-84.34473476,1.265,2/1/2020 0:00,215,1,1,0,0,O,CLOUDY,WET,0,RAN OFF ROADWAY (1 VEHICLE WITH/EARTH EMBANKMENT/DITCH),SINGLE VEHICLE,STRAIGHT & GRADE,DARK-HWY NOT LIGHTED,0,0,0,1
26304695,CAMPBELL,I 0275,Interstate,,I275 E,,,39.04847299,-84.45014642,74.406,2/1/2020 0:00,853,1,1,0,0,O,CLOUDY,DRY,0,OTHER COLLISIONS ON SHOULDER,SINGLE VEHICLE,STRAIGHT & GRADE,DAYLIGHT,0,0,0,1
26282741,CAMPBELL,US0027,USRoute,1930,MONMOUTH,ST,,39.07983667,-84.48119396,20.899,2/1/2020 0:00,1810,2,2,0,0,O,CLEAR,DRY,0,REAR END IN TRAFFIC LANES BOTH VEHICLES MOVING,REAR END,STRAIGHT & LEVEL,DARK-HWY LIGHTED/ON,0,0,0,1
26280371,CAMPBELL,US0027,USRoute,4130,ALEXANDRIA,PIKE,,39.0206036,-84.43863607,15.276,2/1/2020 0:00,1349,3,3,0,0,O,CLOUDY,DRY,0,REAR END IN TRAFFIC LANES BOTH VEHICLES MOVING,REAR END,STRAIGHT & LEVEL,DAYLIGHT,0,0,0,1
26280467,CAMPBELL,,OTHR,300,WASHINGTON,AVE,,39.09448934,-84.49222042,0.096,2/2/2020 0:00,1140,2,2,0,0,O,CLEAR,DRY,0,1 VEHICLE ENTERING/LEAVING ENTRANCE,ANGLE,STRAIGHT & LEVEL,DAYLIGHT,0,0,0,1
26298163,CAMPBELL,,OTHR,46,SOUTHVIEW,AVE,,39.06336751,-84.45011377,0.104,2/2/2020 0:00,1900,2,2,0,0,O,CLOUDY,DRY,1,1 VEHICLE PARKED POSITION (NOT PARKING LOT/DRIVEWAY),ANGLE,STRAIGHT & LEVEL,DARK-HWY NOT LIGHTED,0,0,0,1
26281822,CAMPBELL,KY0009,StateRoute,,LICKING,PIKE,,39.02488359,-84.48048915,17.912,2/2/2020 0:00,1607,2,2,0,0,O,CLEAR,DRY,0,OTHER INTERSECTION COLLISIONS,REAR END,STRAIGHT & LEVEL,DAYLIGHT,1,0,0,1
26423556,CAMPBELL,KY0008,StateRoute,,6TH,AVE,,39.11384489,-84.47016213,2.753,2/3/2020 0:00,2125,1,1,0,1,A,CLOUDY,DRY,0,COLLISION WITH FIXED OBJECT NON - INTERSECTION - FIRST EVENT COLLISION 09 - 32 EXCLUDING 16,SINGLE VEHICLE,CURVE & LEVEL,DARK-HWY LIGHTED/ON,0,0,0,1
26295762,CAMPBELL,I 0471,Interstate,,I471 N,,,39.09973654,-84.49289318,4.814,2/3/2020 0:00,813,2,2,0,0,O,CLEAR,DRY,0,REAR END IN TRAFFIC LANES BOTH VEHICLES MOVING,REAR END,STRAIGHT & LEVEL,DAYLIGHT,0,0,0,1
26300870,CAMPBELL,US0027,USRoute,,ALEXANDRIA,PIKE,,38.99944862,-84.41894129,13.503,2/3/2020 0:00,1229,2,2,0,0,O,CLEAR,DRY,0,REAR END IN TRAFFIC LANES BOTH VEHICLES MOVING,REAR END,STRAIGHT & LEVEL,DAYLIGHT,0,0,0,1
26295616,CAMPBELL,I 0275,Interstate,,I275 E,,,39.0318698,-84.47046487,76.259,2/3/2020 0:00,741,2,2,0,1,B,CLEAR,DRY,0,OTHER ROADWAY OR MID-BLOCK COLLISION,REAR END,STRAIGHT & LEVEL,DAYLIGHT,0,0,0,1
26297634,CAMPBELL,I 0471,Interstate,I471,I471,,N,39.08944183,-84.47501717,0.034,2/3/2020 0:00,830,2,2,0,0,O,CLEAR,DRY,0,OTHER RAMP RELATED COLLISIONS NOT LISTED ABOVE,SIDESWIPE-SAME DIRECTION,STRAIGHT & LEVEL,DAYLIGHT,0,0,0,1
26391966,CAMPBELL,I 0471,Interstate,,,,,39.0838258,-84.47034923,0.256,2/4/2020 0:00,1129,1,1,0,0,O,RAINING,WET,0,OTHER RAMP RELATED COLLISIONS NOT LISTED ABOVE,SINGLE VEHICLE,CURVE & GRADE,DAYLIGHT,0,0,0,1
26307467,CAMPBELL,KY0008,StateRoute,,KY8,,,39.0898859,-84.50001308,0.341,2/4/2020 0:00,645,2,2,0,0,O,RAINING,WET,0,1 VEHICLE ENTERING/LEAVING ENTRANCE,ANGLE,CURVE & LEVEL,DARK-HWY LIGHTED/ON,0,0,0,1
26312566,CAMPBELL,KY0471,StateRoute,,KY471,,,39.03704811,-84.45411723,0.01,2/4/2020 0:00,1348,2,2,0,0,O,RAINING,WET,0,OTHER ROADWAY OR MID-BLOCK COLLISION,REAR END,STRAIGHT & LEVEL,DAYLIGHT,0,0,0,1
26302655,CAMPBELL,KY0009,StateRoute,,AA,HWY,,39.01030265,-84.47118463,16.659,2/4/2020 0:00,638,2,2,0,0,O,RAINING,WET,1,SIDESWIPE COLLISION - SAME DIRECTION,SIDESWIPE-SAME DIRECTION,STRAIGHT & HILLCREST,DAWN,0,0,0,1
26304696,CAMPBELL,I 0275,Interstate,,I275 E,,,39.04314834,-84.46824014,75.452,2/4/2020 0:00,724,3,3,0,0,O,RAINING,WET,0,SIDESWIPE COLLISION - SAME DIRECTION,SIDESWIPE-SAME DIRECTION,CURVE & GRADE,DARK-HWY LIGHTED/ON,0,0,0,1
26306361,CAMPBELL,KY0008,StateRoute,,DAVE COWENS,DR,,39.09676935,-84.49420714,0.911,2/4/2020 0:00,730,2,2,0,0,O,CLEAR,DRY,0,SIDESWIPE COLLISION - SAME DIRECTION,SIDESWIPE-SAME DIRECTION,CURVE & LEVEL,DARK-HWY LIGHTED/ON,0,0,0,1
26307571,CAMPBELL,US0027,USRoute,,3RD,ST,E,39.09338584,-84.49720836,22.241,2/4/2020 0:00,839,2,2,0,0,O,RAINING,WET,0,1 VEHICLE ENTERING/LEAVING ENTRANCE,ANGLE,CURVE & LEVEL,DAYLIGHT,0,0,0,1
26303481,CAMPBELL,KY0009,StateRoute,,AA,HWY,,39.00993229,-84.4692813,16.525,2/4/2020 0:00,2206,2,2,0,1,C,RAINING,WET,0,HEAD-ON COLLISION,HEAD ON,STRAIGHT & LEVEL,DARK-HWY LIGHTED/ON,0,0,0,1
26307474,CAMPBELL,I 0471,Interstate,,I471 N,,,39.09529771,-84.48109548,4.091,2/4/2020 0:00,710,2,2,0,0,O,RAINING,WET,0,REAR END IN TRAFFIC LANES BOTH VEHICLES MOVING,REAR END,STRAIGHT & LEVEL,DARK-HWY LIGHTED/ON,0,0,0,1
26304526,CAMPBELL,KY1120,StateRoute,,MEMORIAL,PKWY,,39.09143401,-84.45205719,3.147,2/4/2020 0:00,1721,2,2,0,0,O,RAINING,WET,0,REAR END IN TRAFFIC LANES BOTH VEHICLES MOVING,REAR END,CURVE & LEVEL,DAYLIGHT,0,0,0,1
26302654,CAMPBELL,KY0009,StateRoute,,LICKING,PIKE,,39.055074,-84.48735332,20.178,2/4/2020 0:00,740,3,3,0,0,O,RAINING,WET,0,OTHER INTERSECTION COLLISIONS,REAR END,STRAIGHT & LEVEL,DAYLIGHT,1,0,0,1
26305325,CAMPBELL,KY0547,StateRoute,8034,RILEY,RD,,38.96897926,-84.37380601,0.971,2/4/2020 0:00,1405,1,1,0,0,O,RAINING,WET,0,COLLISION WITH FIXED OBJECT NON - INTERSECTION - FIRST EVENT COLLISION 09 - 32 EXCLUDING 16,SINGLE VEHICLE,STRAIGHT & GRADE,DAYLIGHT,0,0,0,1
26304441,CAMPBELL,,OTHR,,DRY CREEK,RD,,39.01169186,-84.44588371,0.855,2/4/2020 0:00,1253,1,1,0,0,O,RAINING,WET,0,COLLISION WITH FIXED OBJECT NON - INTERSECTION - FIRST EVENT COLLISION 09 - 32 EXCLUDING 16,SINGLE VEHICLE,CURVE & GRADE,DAYLIGHT,0,0,0,1