IncidentID,County,RdwyNumber,RdwyType,Street,RoadwayName,StreetSfx,StreetDir,Latitude,Longitude,Milepoint,CollisionDate,CollisionTime,UnitsInvolved,MotorVehiclesInvolved,NumberKilled,NumberInjured,KABCO,Weather,RdwyConditionCode,HitandRun,DirAnalysisCode,MannerofCollision,RdwyCharacter,LightCondition,Intersection Crash,Bicyclist,Pedestrian,Motor Vehicles
26319527,CAMPBELL,,OTHR,,BIVOUAC,AVE,,39.07181268,-84.44407705,0.097,2/5/2020 0:00,1625,2,2,0,0,O,CLEAR,DRY,0,1 VEHICLE PARKED POSITION (NOT PARKING LOT/DRIVEWAY),SIDESWIPE-SAME DIRECTION,STRAIGHT & LEVEL,DAYLIGHT,0,0,0,1
26304444,CAMPBELL,KY0010,StateRoute,,FLAGG SPRINGS,PIKE,,38.92688039,-84.3441595,5.891,2/5/2020 0:00,151,1,1,0,0,O,RAINING,WET,0,RAN OFF ROADWAY (1 VEHICLE WITH/EARTH EMBANKMENT/DITCH),SINGLE VEHICLE,CURVE & LEVEL,DARK-HWY NOT LIGHTED,0,0,0,1
26308194,CAMPBELL,US0027,USRoute,,ALEXANDRIA,PIKE,,38.93940145,-84.39432215,8.781,2/5/2020 0:00,1037,1,1,0,0,O,CLEAR,DRY,0,COLLISION WITH ANIMAL NON INTERSECTION,SINGLE VEHICLE,STRAIGHT & LEVEL,DAYLIGHT,0,0,0,1
26310006,CAMPBELL,,OTHR,,PAT FANNING,WAY,,38.982941,-84.39991898,,2/5/2020 0:00,1725,2,2,0,0,O,RAINING,WET,0,ANGLE COLLISION - OTHER,ANGLE,STRAIGHT & LEVEL,DARK-HWY LIGHTED/ON,0,0,0,1
26308548,CAMPBELL,KY0009,StateRoute,,AA,HWY,,39.01424913,-84.47605162,17.043,2/5/2020 0:00,739,2,2,0,0,O,CLOUDY,WET,0,OTHER INTERSECTION COLLISIONS,REAR END,STRAIGHT & LEVEL,DAYLIGHT,1,0,0,1
26307582,CAMPBELL,,OTHR,,COLUMBIA,ST,,39.09003306,-84.4962327,0.337,2/5/2020 0:00,1700,2,2,0,0,O,RAINING,WET,0,OTHER INTERSECTION COLLISIONS,REAR END,STRAIGHT & LEVEL,DUSK,1,0,0,1
26309459,CAMPBELL,I 0471,Interstate,,I471 S,,,39.05386276,-84.46922403,0.785,2/5/2020 0:00,2337,1,1,0,0,O,RAINING,WET,0,OTHER COLLISIONS ON SHOULDER,SINGLE VEHICLE,CURVE & LEVEL,DARK-HWY LIGHTED/ON,0,0,0,1
26318725,CAMPBELL,US0027,USRoute,,ALEXANDRIA,PIKE,,38.94519834,-84.39380253,9.183,2/5/2020 0:00,2056,2,2,0,0,O,RAINING,WET,0,SIDESWIPE COLLISION - SAME DIRECTION,SIDESWIPE-SAME DIRECTION,STRAIGHT & LEVEL,DARK-HWY LIGHTED/ON,0,0,0,1
26312799,CAMPBELL,US0027,USRoute,5400,ALEXANDRIA,PIKE,,38.99945911,-84.41900032,13.506,2/5/2020 0:00,1832,2,2,0,0,O,RAINING,WET,0,1 VEHICLE ENTERING/LEAVING ENTRANCE,ANGLE,STRAIGHT & LEVEL,DARK-HWY LIGHTED/ON,0,0,0,1
26312800,CAMPBELL,KY1998,StateRoute,,INDUSTRIAL,RD,,39.02724012,-84.44476333,1.885,2/5/2020 0:00,1951,2,2,0,3,C,RAINING,WET,0,1 VEHICLE ENTERING/LEAVING ENTRANCE,ANGLE,STRAIGHT & LEVEL,DARK-HWY LIGHTED/ON,0,0,0,1
26311627,CAMPBELL,KY0009,StateRoute,,AA,HWY,,39.00970558,-84.46915257,16.536,2/6/2020 0:00,1214,2,2,0,0,O,CLOUDY,WET,0,REAR END IN TRAFFIC LANES BOTH VEHICLES MOVING,REAR END,STRAIGHT & LEVEL,DAYLIGHT,0,0,0,1
26316033,CAMPBELL,KY2345,StateRoute,,JOHNS HILL,RD,,39.03062784,-84.47094066,1.307,2/6/2020 0:00,2215,1,1,0,0,O,SNOWING,ICE,0,COLLISION WITH FIXED OBJECT NON - INTERSECTION - FIRST EVENT COLLISION 09 - 32 EXCLUDING 16,SINGLE VEHICLE,CURVE & LEVEL,DARK-HWY LIGHTED/ON,0,0,0,1
26314801,CAMPBELL,,OTHR,8,PANORAMA,DR,,38.9728817,-84.39315663,0.051,2/6/2020 0:00,2216,2,2,0,0,O,CLOUDY,DRY,0,1 VEHICLE PARKED POSITION (NOT PARKING LOT/DRIVEWAY),BACKING,STRAIGHT & LEVEL,DARK-HWY LIGHTED/ON,0,0,0,1
26327651,CAMPBELL,KY1120,StateRoute,138,FT THOMAS,AVE,S,39.07661018,-84.44709108,4.381,2/7/2020 0:00,700,2,2,0,0,O,SNOWING,SNOW/SLUSH,0,1 VEHICLE PARKED POSITION (NOT PARKING LOT/DRIVEWAY),SIDESWIPE-SAME DIRECTION,CURVE & LEVEL,DARK-HWY LIGHTED/ON,0,0,0,1
26326975,CAMPBELL,US0027,USRoute,7101,ALEXANDRIA,PIKE,,38.98334123,-84.39974687,11.996,2/7/2020 0:00,2117,1,1,0,0,O,CLEAR,DRY,0,COLLISION WITH FIXED OBJECT NON - INTERSECTION - FIRST EVENT COLLISION 09 - 32 EXCLUDING 16,SINGLE VEHICLE,STRAIGHT & LEVEL,DARK-HWY LIGHTED/ON,0,0,0,1
26322405,CAMPBELL,KY0009,StateRoute,,AA,HWY,,39.00881023,-84.46410791,16.265,2/7/2020 0:00,1153,1,1,0,0,O,CLOUDY,WET,0,RAN OFF ROADWAY (1 VEHICLE WITH/EARTH EMBANKMENT/DITCH),SINGLE VEHICLE,STRAIGHT & GRADE,DAYLIGHT,0,0,0,1
26316035,CAMPBELL,KY0009,StateRoute,,AA,HWY,,39.00970167,-84.46912729,16.538,2/7/2020 0:00,1058,2,2,0,0,O,CLOUDY,WET,0,ANGLE COLLISION - ONE VEHICLE TURNING LEFT,ANGLE,STRAIGHT & LEVEL,DAYLIGHT,0,0,0,1
26333027,CAMPBELL,,OTHR,,9TH,ST,W,39.0870525,-84.49250113,0.045,2/7/2020 0:00,1718,2,2,0,0,O,CLEAR,DRY,0,ANGLE COLLISION - OTHER,ANGLE,STRAIGHT & LEVEL,DAYLIGHT,0,0,0,1
26326971,CAMPBELL,US0027,USRoute,,ALEXANDRIA,PIKE,,38.96158451,-84.39294667,10.338,2/7/2020 0:00,752,2,2,0,0,O,SNOWING,SNOW/SLUSH,0,ANGLE COLLISION - OTHER,ANGLE,STRAIGHT & LEVEL,DAYLIGHT,0,0,0,1
26326972,CAMPBELL,US0027,USRoute,,ALEXANDRIA,PIKE,,38.96905493,-84.39291402,10.839,2/7/2020 0:00,1115,2,2,0,1,B,CLOUDY,WET,0,ANGLE COLLISION - OTHER,ANGLE,STRAIGHT & LEVEL,DAYLIGHT,0,0,0,1
26316604,CAMPBELL,I 0471,Interstate,,I471 N,,,39.08439201,-84.47256994,3.185,2/7/2020 0:00,737,2,2,0,0,O,SNOWING,SNOW/SLUSH,0,OTHER ROADWAY OR MID-BLOCK COLLISION,REAR END,STRAIGHT & LEVEL,DAYLIGHT,0,0,0,1
26762602,CAMPBELL,,OTHR,,BERRY,ST,,39.11305821,-84.47047338,0.056,2/7/2020 0:00,1345,1,1,0,0,O,SNOWING,ICE,1,OTHER ROADWAY OR MID-BLOCK COLLISION,SINGLE VEHICLE,STRAIGHT & LEVEL,DARK-HWY LIGHTED/ON,0,0,0,1
26330287,CAMPBELL,,OTHR,,NEWMAN,AVE,,39.08671087,-84.46505024,0.79,2/7/2020 0:00,1644,2,2,0,0,O,CLEAR,DRY,0,1 VEHICLE ENTERING/LEAVING ENTRANCE,ANGLE,STRAIGHT & LEVEL,DAYLIGHT,0,0,0,1
26313843,CAMPBELL,KY0008,StateRoute,,4TH,ST,W,39.08816379,-84.50382263,0.046,2/7/2020 0:00,227,2,2,0,0,O,RAINING,WET,1,SIDESWIPE COLLISION - SAME DIRECTION,SIDESWIPE-SAME DIRECTION,CURVE & GRADE,DARK-HWY LIGHTED/ON,0,0,0,1
26315277,CAMPBELL,US0027,USRoute,,ALEXANDRIA,PIKE,,38.93299794,-84.39413899,,2/7/2020 0:00,700,4,4,0,1,A,SNOWING,SNOW/SLUSH,0,HEAD-ON COLLISION,HEAD ON,STRAIGHT & GRADE,DARK-HWY NOT LIGHTED,0,0,0,1
26328023,CAMPBELL,US0027,USRoute,,ALEXANDRIA,PIKE,,39.03695157,-84.45397667,16.734,2/7/2020 0:00,2345,2,2,0,0,O,CLEAR,DRY,0,REAR END IN TRAFFIC LANES BOTH VEHICLES MOVING,REAR END,STRAIGHT & LEVEL,DARK-HWY LIGHTED/ON,0,0,0,1
26316607,CAMPBELL,KY1892,StateRoute,100,GRAND,AVE,,39.08540876,-84.47466261,1.987,2/7/2020 0:00,1205,2,2,0,0,O,CLEAR,WET,0,REAR END IN TRAFFIC LANES BOTH VEHICLES MOVING,REAR END,CURVE & LEVEL,DAYLIGHT,0,0,0,1
26318772,CAMPBELL,,OTHR,,GRANDVIEW,AVE,,39.07740695,-84.49165478,0.311,2/8/2020 0:00,456,1,1,0,0,O,CLOUDY,WET,0,OTHER COLLISIONS ON SHOULDER,SINGLE VEHICLE,CURVE & GRADE,DARK-HWY NOT LIGHTED,0,0,0,1
26322888,CAMPBELL,I 0471,Interstate,,I471 S,,,39.09653984,-84.4834821,4.251,2/8/2020 0:00,1255,2,2,0,0,O,CLOUDY,DRY,0,1 VEHICLE ENTERING/LEAVING ENTRANCE,ANGLE,STRAIGHT & LEVEL,DAYLIGHT,0,0,0,1
26324347,CAMPBELL,KY0008,StateRoute,,6TH,AVE,,39.11020829,-84.47811682,2.22,2/8/2020 0:00,1930,2,2,0,0,O,CLEAR,WET,0,SIDESWIPE COLLISION - SAME DIRECTION,SIDESWIPE-SAME DIRECTION,STRAIGHT & LEVEL,DARK-HWY LIGHTED/ON,0,0,0,1
26328022,CAMPBELL,US0027,USRoute,,ALEXANDRIA,PIKE,,39.03384305,-84.45330935,16.517,2/8/2020 0:00,1128,3,3,0,0,O,CLOUDY,WET,0,OTHER ROADWAY OR MID-BLOCK COLLISION,REAR END,STRAIGHT & GRADE,DAYLIGHT,0,0,0,1
26319615,CAMPBELL,KY2925,StateRoute,,ALEXANDRIA,PIKE,E,39.00991042,-84.41116549,0.956,2/8/2020 0:00,56,1,1,0,0,O,CLEAR,WET,0,OTHER ROADWAY OR MID-BLOCK COLLISION,SINGLE VEHICLE,CURVE & GRADE,DARK-HWY NOT LIGHTED,0,0,0,1
26322989,CAMPBELL,KY0009,StateRoute,,LICKING,PIKE,,39.07936147,-84.49640935,22.003,2/8/2020 0:00,823,2,2,0,0,O,SNOWING,WET,0,ANGLE COLLISION - OTHER,ANGLE,STRAIGHT & GRADE,DAYLIGHT,0,0,0,1
26323759,CAMPBELL,US0027,USRoute,,ALEXANDRIA,PIKE,,39.00952111,-84.4296793,14.376,2/8/2020 0:00,2330,1,1,0,0,O,CLOUDY,WET,0,COLLISION WITH ANIMAL IN INTERSECTION,SINGLE VEHICLE,STRAIGHT & HILLCREST,DARK-HWY NOT LIGHTED,1,0,0,1
26321365,CAMPBELL,KY1120,StateRoute,216,10TH,ST,E,39.08813108,-84.48721008,0.937,2/8/2020 0:00,1826,2,2,0,0,O,,,1,1 VEHICLE PARKED POSITION (NOT PARKING LOT/DRIVEWAY),,,,0,0,0,1
26322988,CAMPBELL,I 0471,Interstate,,,,,39.08252253,-84.4704389,0.179,2/8/2020 0:00,1233,1,1,0,0,O,CLOUDY,WET,0,OTHER RAMP RELATED COLLISIONS NOT LISTED ABOVE,SINGLE VEHICLE,CURVE & GRADE,DAYLIGHT,0,0,0,1
26321647,CAMPBELL,I 0471,Interstate,,,,,39.06786613,-84.46520166,0.3,2/8/2020 0:00,857,1,1,0,1,B,SNOWING,SNOW/SLUSH,0,COLLISION WITH FIXED OBJECT NOT IN GORE ,SINGLE VEHICLE,CURVE & HILLCREST,DAYLIGHT,0,0,0,1
26321708,CAMPBELL,US0027,USRoute,10,TAYLOR SOUTHGATE,BRG,,39.09360048,-84.49697501,22.263,2/9/2020 0:00,239,2,2,0,0,O,CLEAR,DRY,0,REAR END IN TRAFFIC LANES BOTH VEHICLES MOVING,REAR END,CURVE & LEVEL,DARK-HWY LIGHTED/ON,0,0,0,1
26332856,CAMPBELL,US0027,USRoute,,ALEXANDRIA,PIKE,,38.97356356,-84.39224247,11.159,2/10/2020 0:00,819,2,2,0,0,O,RAINING,WET,0,OTHER INTERSECTION COLLISIONS,REAR END,STRAIGHT & LEVEL,DAYLIGHT,1,0,0,1
26328672,CAMPBELL,US0027,USRoute,,MONMOUTH,ST,,39.09305568,-84.49483543,22.085,2/10/2020 0:00,1602,2,2,0,0,O,CLOUDY,WET,0,ANGLE COLLISION - OTHER,ANGLE,STRAIGHT & LEVEL,DAYLIGHT,0,0,0,1
26339105,CAMPBELL,KY0008,StateRoute,209,FAIRFIELD,AVE,,39.10505839,-84.48475036,1.753,2/10/2020 0:00,1734,2,2,0,0,O,RAINING,WET,0,REAR END IN TRAFFIC LANES BOTH VEHICLES MOVING,REAR END,STRAIGHT & LEVEL,DUSK,0,0,0,1
26334432,CAMPBELL,KY0008,StateRoute,145,FAIRFIELD,AVE,,39.10351221,-84.48664688,1.605,2/10/2020 0:00,1722,2,2,0,0,O,CLOUDY,WET,0,OTHER ROADWAY OR MID-BLOCK COLLISION,REAR END,CURVE & LEVEL,DUSK,0,0,0,1
26340520,CAMPBELL,I 0275,Interstate,,I275 E,,,39.02527355,-84.47736242,76.855,2/10/2020 0:00,843,2,2,0,0,O,RAINING,WET,0,SIDESWIPE COLLISION - SAME DIRECTION,SIDESWIPE-SAME DIRECTION,STRAIGHT & GRADE,DAYLIGHT,0,0,0,1
26332359,CAMPBELL,I 0471,Interstate,,I471 N,,,39.05526396,-84.46912742,0.906,2/10/2020 0:00,2200,2,2,0,0,O,RAINING,WET,0,SIDESWIPE COLLISION - SAME DIRECTION,SIDESWIPE-SAME DIRECTION,CURVE & GRADE,DARK-HWY LIGHTED/ON,0,0,0,1
26328674,CAMPBELL,US0027,USRoute,1742,MONMOUTH,ST,,39.08331408,-84.48264458,21.138,2/10/2020 0:00,1040,2,2,0,0,O,RAINING,WET,0,1 VEHICLE ENTERING/LEAVING ENTRANCE,ANGLE,STRAIGHT & GRADE,DAYLIGHT,0,0,0,1
26330149,CAMPBELL,,OTHR,1017,COLUMBIA,ST,,39.08479006,-84.49147071,0.15,2/10/2020 0:00,1812,2,2,0,1,C,CLOUDY,WET,0,1 VEHICLE ENTERING/LEAVING ENTRANCE,ANGLE,STRAIGHT & LEVEL,DAYLIGHT,0,0,0,1
26341138,CAMPBELL,I 0275,Interstate,,I275 W,,,39.05621535,-84.43324579,73.352,2/11/2020 0:00,515,2,2,0,0,O,"SLEET, HAIL, FREEZING RAIN",WET,0,SIDESWIPE COLLISION - SAME DIRECTION,SIDESWIPE-SAME DIRECTION,STRAIGHT & GRADE,DARK-HWY LIGHTED/ON,0,0,0,1
26336202,CAMPBELL,KY0008,StateRoute,,DAVE COWENS,DR,,39.0990659,-84.49164871,1.175,2/11/2020 0:00,2105,4,4,0,0,O,CLEAR,DRY,0,SIDESWIPE COLLISION - SAME DIRECTION,SIDESWIPE-SAME DIRECTION,STRAIGHT & GRADE,DARK-HWY LIGHTED/ON,0,0,0,1
26340014,CAMPBELL,US0027,USRoute,,ALEXANDRIA,PIKE,,39.03570437,-84.45411054,16.659,2/11/2020 0:00,2346,2,2,0,0,O,CLEAR,DRY,0,OTHER ROADWAY OR MID-BLOCK COLLISION,OPPOSING LEFT TURN,STRAIGHT & LEVEL,DARK-HWY LIGHTED/ON,0,0,0,1
26335010,CAMPBELL,KY1120,StateRoute,,FT THOMAS,AVE,S,39.06326299,-84.44814814,5.47,2/11/2020 0:00,700,2,2,0,0,O,RAINING,WET,0,1 VEHICLE ENTERING/LEAVING ENTRANCE,ANGLE,STRAIGHT & LEVEL,DAWN,0,0,0,1
26336198,CAMPBELL,I 0471,Interstate,4,I471 S,,,39.09910633,-84.49228172,4.762,2/11/2020 0:00,2153,2,2,0,0,O,CLEAR,DRY,0,REAR END IN TRAFFIC LANES BOTH VEHICLES MOVING,REAR END,CURVE & LEVEL,DARK-HWY LIGHTED/ON,0,0,0,1
26338184,CAMPBELL,KY0009,StateRoute,,AA,HWY,,39.00758958,-84.45837575,15.933,2/11/2020 0:00,747,2,2,0,1,C,RAINING,WET,0,REAR END IN TRAFFIC LANES BOTH VEHICLES MOVING,REAR END,STRAIGHT & GRADE,DARK-HWY LIGHTED/ON,0,0,0,1
26352281,CAMPBELL,,OTHR,300,MAIN,ST,,39.1153541,-84.46817885,0.105,2/11/2020 0:00,1200,2,2,0,0,O,CLOUDY,DRY,1,1 VEHICLE PARKED POSITION (NOT PARKING LOT/DRIVEWAY),SIDESWIPE-OPPOSITE DIRECTION,STRAIGHT & LEVEL,DAYLIGHT,0,0,0,1
26576302,CAMPBELL,US0027,USRoute,810,MONMOUTH,ST,,39.08921512,-84.49128128,21.76,2/11/2020 0:00,1759,2,2,0,0,O,CLOUDY,DRY,1,1 VEHICLE PARKED POSITION (NOT PARKING LOT/DRIVEWAY),REAR END,STRAIGHT & LEVEL,DAYLIGHT,0,0,0,1
26355733,CAMPBELL,KY1892,StateRoute,1400,GRAND,AVE,N,39.08037332,-84.46736157,1.369,2/12/2020 0:00,1312,2,2,0,1,B,RAINING,WET,0,ANGLE COLLISION - OTHER,ANGLE,STRAIGHT & GRADE,DAYLIGHT,0,0,0,1
26412368,CAMPBELL,KY1892,StateRoute,,GRAND,AVE,S,39.07289317,-84.45538217,0.503,2/12/2020 0:00,1528,2,1,0,1,B,RAINING,WET,0,COLLISION WITH PEDESTRIAN IN INTERSECTION,SINGLE VEHICLE,STRAIGHT & LEVEL,DAYLIGHT,1,0,1,0
26340454,CAMPBELL,KY1892,StateRoute,95,CAROTHERS,RD,,39.08641629,-84.47762706,2.173,2/12/2020 0:00,1744,2,1,0,1,C,RAINING,WET,0,COLLISION WITH PEDESTRIAN NON - INTERSECTION,SINGLE VEHICLE,CURVE & GRADE,DARK-HWY LIGHTED/ON,0,0,1,0
26346729,CAMPBELL,,OTHR,,NELSON,RD,,38.9769899,-84.34479176,1.008,2/12/2020 0:00,2156,1,1,0,0,O,CLEAR,WET,0,OTHER COLLISIONS ON SHOULDER,SINGLE VEHICLE,CURVE & GRADE,DARK-HWY NOT LIGHTED,0,0,0,1
26340339,CAMPBELL,KY0008,StateRoute,,MARY INGLES,HWY,,39.03383418,-84.38222801,11.251,2/12/2020 0:00,1634,1,1,0,0,O,RAINING,WET,0,OTHER COLLISIONS ON SHOULDER,SINGLE VEHICLE,STRAIGHT & LEVEL,DAYLIGHT,0,0,0,1
26340013,CAMPBELL,I 0275,Interstate,,I275 E,,,39.03605209,-84.4702139,75.959,2/12/2020 0:00,730,3,3,0,0,O,CLOUDY,DRY,0,OTHER ROADWAY OR MID-BLOCK COLLISION,REAR END,STRAIGHT & GRADE,DAWN,0,0,0,1
26341581,CAMPBELL,I 0471,Interstate,,I471 S,,,39.06148946,-84.46908976,1.338,2/12/2020 0:00,1819,1,1,0,0,O,RAINING,WET,0,OTHER ROADWAY OR MID-BLOCK COLLISION,SINGLE VEHICLE,CURVE & LEVEL,DARK-HWY LIGHTED/ON,0,0,0,1
26343963,CAMPBELL,,OTHR,,PAT FANNING,WAY,,38.98294987,-84.39990785,,2/12/2020 0:00,1441,2,2,0,0,O,RAINING,WET,0,1 VEHICLE ENTERING/LEAVING ENTRANCE,ANGLE,STRAIGHT & LEVEL,DAYLIGHT,0,0,0,1
26390590,CAMPBELL,I 0471,Interstate,,,,,39.0851034,-84.47437268,0.014,2/13/2020 0:00,1614,2,2,0,0,O,CLOUDY,OTHER,0,OTHER RAMP RELATED COLLISIONS NOT LISTED ABOVE,REAR END,STRAIGHT & LEVEL,DAYLIGHT,0,0,0,1
26348808,CAMPBELL,,OTHR,,ALEXANDRIA,PIKE,E,39.01855732,-84.43464148,0.526,2/13/2020 0:00,811,2,2,0,0,O,CLEAR,DRY,0,VEHICLE BACKING NON INTERSECTION,BACKING,STRAIGHT & LEVEL,DAYLIGHT,0,0,0,1
26353461,CAMPBELL,US0027,USRoute,,ALEXANDRIA,PIKE,,38.93686552,-84.39442916,8.61,2/13/2020 0:00,624,2,2,0,0,O,RAINING,WET,0,1 VEHICLE ENTERING/LEAVING ENTRANCE,ANGLE,STRAIGHT & HILLCREST,DARK-HWY NOT LIGHTED,0,0,0,1
26388985,CAMPBELL,KY0008,StateRoute,,FAIRFIELD,AVE,,39.10387148,-84.48619792,1.639,2/13/2020 0:00,1811,3,3,0,0,O,CLOUDY,DRY,0,OTHER ROADWAY OR MID-BLOCK COLLISION,REAR END,STRAIGHT & LEVEL,DUSK,0,0,0,1
26342517,CAMPBELL,I 0471,Interstate,,I471 N,,,39.06196592,-84.46856805,1.38,2/13/2020 0:00,705,2,2,0,3,B,RAINING,WET,0,OTHER ROADWAY OR MID-BLOCK COLLISION,REAR END,CURVE & GRADE,DAWN,0,0,0,1
26427242,CAMPBELL,KY0008,StateRoute,,CLAY,ST,,39.1145357,-84.4698908,2.804,2/13/2020 0:00,930,2,2,0,0,O,CLOUDY,DRY,0,SIDESWIPE COLLISION - SAME DIRECTION,SIDESWIPE-SAME DIRECTION,STRAIGHT & GRADE,DAYLIGHT,0,0,0,1
26343039,CAMPBELL,I 0275,Interstate,,I275 W,,,39.0273897,-84.47421902,76.664,2/13/2020 0:00,728,2,2,0,0,O,RAINING,WET,0,REAR END IN TRAFFIC LANES BOTH VEHICLES MOVING,REAR END,CURVE & GRADE,DAYLIGHT,0,0,0,1
26350345,CAMPBELL,I 0471,Interstate,,I471 S,,,39.07247807,-84.46403051,2.22,2/13/2020 0:00,2349,1,1,0,0,O,CLOUDY,WET,0,COLLISION WITH FIXED OBJECT NON - INTERSECTION - FIRST EVENT COLLISION 09 - 32 EXCLUDING 16,SINGLE VEHICLE,CURVE & LEVEL,DARK-HWY LIGHTED/ON,0,0,0,1
26400531,CAMPBELL,,OTHR,27,THOMAS POINTE,DR,,39.08379725,-84.46869818,0.149,2/13/2020 0:00,1108,2,2,0,0,O,CLOUDY,DRY,0,1 VEHICLE PARKED POSITION (NOT PARKING LOT/DRIVEWAY),SIDESWIPE-SAME DIRECTION,STRAIGHT & LEVEL,DAYLIGHT,0,0,0,1
26385427,CAMPBELL,KY0010,StateRoute,,MAIN,ST,W,38.95765216,-84.3930903,1.301,2/13/2020 0:00,651,2,2,0,0,O,RAINING,WET,0,ANGLE COLLISION - OTHER,ANGLE,STRAIGHT & LEVEL,DARK (UNKNOWN ROADWAY LIGHTING),0,0,0,1
26348809,CAMPBELL,US0027,USRoute,,ALEXANDRIA,PIKE,,39.02536769,-84.44536031,15.765,2/14/2020 0:00,551,2,2,0,0,O,CLOUDY,DRY,0,ANGLE COLLISION - OTHER,ANGLE,STRAIGHT & LEVEL,DARK-HWY LIGHTED/ON,0,0,0,1
26350245,CAMPBELL,US0027,USRoute,,MONMOUTH,ST,,39.07921112,-84.4806404,20.836,2/14/2020 0:00,1900,2,2,0,0,O,CLEAR,DRY,0,ANGLE COLLISION - OTHER,ANGLE,STRAIGHT & LEVEL,DARK-HWY LIGHTED/ON,0,0,0,1
26412366,CAMPBELL,KY1120,StateRoute,500,FT THOMAS,AVE,S,39.07215868,-84.44628269,4.705,2/14/2020 0:00,1840,1,1,0,0,O,CLEAR,DRY,0,COLLISION WITH ANIMAL NON INTERSECTION,SINGLE VEHICLE,STRAIGHT & LEVEL,DARK-HWY LIGHTED/ON,0,0,0,1
26350344,CAMPBELL,KY1120,StateRoute,26,FT THOMAS,AVE,N,39.07947177,-84.44835638,4.169,2/14/2020 0:00,909,2,2,0,0,O,CLEAR,DRY,0,1 VEHICLE PARKED POSITION (NOT PARKING LOT/DRIVEWAY),BACKING,STRAIGHT & LEVEL,DAYLIGHT,0,0,0,1
26348562,CAMPBELL,I 0471,Interstate,,I471 N,,,39.05512428,-84.46938023,0.9,2/14/2020 0:00,642,1,1,0,1,C,CLOUDY,DRY,0,COLLISION WITH FIXED OBJECT NON - INTERSECTION - FIRST EVENT COLLISION 09 - 32 EXCLUDING 16,SINGLE VEHICLE,STRAIGHT & LEVEL,DAWN,0,0,0,1
26350421,CAMPBELL,KY0008,StateRoute,,MARY INGLES,HWY,,39.02896517,-84.3585493,,2/14/2020 0:00,743,1,1,0,0,O,CLOUDY,ICE,0,RAN OFF ROADWAY (1 VEHICLE WITH/EARTH EMBANKMENT/DITCH),SINGLE VEHICLE,STRAIGHT & LEVEL,DAYLIGHT,0,0,0,1
26350420,CAMPBELL,KY0009,StateRoute,,AA,HWY,,38.9577807,-84.340604,8.398,2/14/2020 0:00,605,1,1,0,0,O,CLOUDY,DRY,0,COLLISION WITH NON-FIXED OBJECT ,SINGLE VEHICLE,STRAIGHT & GRADE,DARK-HWY NOT LIGHTED,0,0,0,1
26351580,CAMPBELL,I 0275,Interstate,,I275 E,,,39.05597306,-84.43304204,,2/14/2020 0:00,1800,4,4,0,0,O,CLEAR,DRY,0,REAR END IN TRAFFIC LANES BOTH VEHICLES MOVING,REAR END,STRAIGHT & LEVEL,DAWN,0,0,0,1
26351581,CAMPBELL,I 0275,Interstate,,I275 E,,,39.05542052,-84.43426281,,2/14/2020 0:00,1742,2,2,0,0,O,CLEAR,DRY,0,REAR END IN TRAFFIC LANES BOTH VEHICLES MOVING,REAR END,STRAIGHT & LEVEL,DARK-HWY LIGHTED/ON,0,0,0,1
26372198,CAMPBELL,US0027,USRoute,,ALEXANDRIA,PIKE,,39.0314075,-84.45205422,16.335,2/14/2020 0:00,1650,3,3,0,1,C,CLOUDY,DRY,0,REAR END IN TRAFFIC LANES BOTH VEHICLES MOVING,REAR END,STRAIGHT & LEVEL,DAYLIGHT,0,0,0,1
26353333,CAMPBELL,KY0009,StateRoute,,LICKING,PIKE,,39.07080518,-84.49051592,21.329,2/14/2020 0:00,1911,2,2,0,0,O,CLOUDY,SNOW/SLUSH,0,REAR END IN TRAFFIC LANES BOTH VEHICLES MOVING,REAR END,STRAIGHT & LEVEL,DARK-HWY NOT LIGHTED,0,0,0,1
26352454,CAMPBELL,US0027,USRoute,,ALEXANDRIA,PIKE,,39.03147489,-84.45209671,16.343,2/14/2020 0:00,1615,2,2,0,0,O,CLEAR,DRY,0,REAR END IN TRAFFIC LANES BOTH VEHICLES MOVING,REAR END,STRAIGHT & LEVEL,DAYLIGHT,0,0,0,1
26349968,CAMPBELL,,OTHR,300 BLOCK,ELM,ST,,39.08647213,-84.49886482,0.079,2/14/2020 0:00,1511,2,2,0,0,O,CLEAR,DRY,0,SIDESWIPE COLLISION - OPPOSITE DIRECTION,SIDESWIPE-OPPOSITE DIRECTION,STRAIGHT & LEVEL,DAYLIGHT,0,0,0,1
26355621,CAMPBELL,KY0009,StateRoute,,LICKING,PIKE,,39.07315013,-84.492457,21.521,2/14/2020 0:00,2242,2,2,0,0,O,CLOUDY,DRY,0,1 VEHICLE ENTERING/LEAVING ENTRANCE,ANGLE,STRAIGHT & LEVEL,DARK-HWY LIGHTED/ON,0,0,0,1
26506421,CAMPBELL,I 0275,Interstate,,,,,39.04684134,-84.4566129,0.44,2/14/2020 0:00,1842,2,2,0,0,O,CLEAR,DRY,0,OTHER RAMP RELATED COLLISIONS NOT LISTED ABOVE,REAR END,STRAIGHT & LEVEL,DARK-HWY LIGHTED/ON,0,0,0,1