IncidentID,County,RdwyNumber,RdwyType,Street,RoadwayName,StreetSfx,StreetDir,Latitude,Longitude,Milepoint,CollisionDate,CollisionTime,UnitsInvolved,MotorVehiclesInvolved,NumberKilled,NumberInjured,KABCO,Weather,RdwyConditionCode,HitandRun,DirAnalysisCode,MannerofCollision,RdwyCharacter,LightCondition,Intersection Crash,Bicyclist,Pedestrian,Motor Vehicles
26424105,CAMPBELL,I 0275,Interstate,,,,,39.04961559,-84.46254498,0.361,2/15/2020 0:00,255,1,1,0,0,O,CLOUDY,DRY,0,OTHER RAMP RELATED COLLISIONS NOT LISTED ABOVE,SINGLE VEHICLE,CURVE & GRADE,DARK-HWY LIGHTED/ON,0,0,0,1
26356411,CAMPBELL,US0027,USRoute,,ALEXANDRIA,PIKE,,38.92128665,-84.3909071,7.513,2/15/2020 0:00,1435,2,2,0,0,O,CLEAR,DRY,1,SIDESWIPE COLLISION - SAME DIRECTION,SIDESWIPE-SAME DIRECTION,STRAIGHT & LEVEL,DAYLIGHT,0,0,0,1
26396486,CAMPBELL,,OTHR,58,CROWELL,AVE,,39.05311168,-84.4518909,0.152,2/15/2020 0:00,1330,2,2,0,0,O,CLEAR,DRY,0,VEHICLE BACKING NON INTERSECTION,BACKING,STRAIGHT & LEVEL,DAYLIGHT,0,0,0,1
26394538,CAMPBELL,US0027,USRoute,,ALEXANDRIA,PIKE,,39.02531194,-84.44522459,15.756,2/15/2020 0:00,1622,2,2,0,0,O,CLEAR,DRY,0,REAR END IN TRAFFIC LANES BOTH VEHICLES MOVING,REAR END,STRAIGHT & LEVEL,DAYLIGHT,0,0,0,1
26351517,CAMPBELL,US0027,USRoute,120,3RD,ST,E,39.09415674,-84.49542422,22.203,2/15/2020 0:00,111,2,2,0,0,O,CLEAR,DRY,1,1 VEHICLE PARKED POSITION (NOT PARKING LOT/DRIVEWAY),SIDESWIPE-SAME DIRECTION,STRAIGHT & LEVEL,DARK-HWY LIGHTED/ON,0,0,0,1
26352282,CAMPBELL,KY0008,StateRoute,1000,4TH,AVE,,39.11501318,-84.46519314,3.064,2/15/2020 0:00,1119,2,2,0,0,O,CLOUDY,DRY,0,1 VEHICLE PARKED POSITION (NOT PARKING LOT/DRIVEWAY),REAR END,STRAIGHT & LEVEL,DAYLIGHT,0,0,0,1
26412372,CAMPBELL,,OTHR,1415,FT THOMAS,AVE,N,39.09389763,-84.44893952,0.792,2/15/2020 0:00,506,2,2,0,0,O,CLEAR,DRY,1,1 VEHICLE PARKED POSITION (NOT PARKING LOT/DRIVEWAY),SIDESWIPE-OPPOSITE DIRECTION,CURVE & GRADE,DARK-HWY LIGHTED/ON,0,0,0,1
26371027,CAMPBELL,US0027,USRoute,,ALEXANDRIA,PIKE,,39.03676619,-84.45400457,16.723,2/15/2020 0:00,1245,2,2,0,3,B,CLEAR,DRY,0,ANGLE COLLISION - OTHER,ANGLE,CURVE & LEVEL,DAYLIGHT,0,0,0,1
26394537,CAMPBELL,US0027,USRoute,,ALEXANDRIA,PIKE,,39.03375118,-84.45318678,16.505,2/15/2020 0:00,1329,2,2,0,0,O,CLEAR,DRY,0,ANGLE COLLISION - OTHER,ANGLE,STRAIGHT & GRADE,DAYLIGHT,0,0,0,1
26355620,CAMPBELL,KY0009,StateRoute,,LICKING,PIKE,,39.02506985,-84.48076155,17.918,2/15/2020 0:00,2206,2,2,0,0,O,CLEAR,DRY,0,ANGLE COLLISION - OTHER,ANGLE,STRAIGHT & LEVEL,DARK-HWY LIGHTED/ON,0,0,0,1
26355724,CAMPBELL,,OTHR,200,9TH,ST,W,39.08593395,-84.49452856,0.179,2/15/2020 0:00,1325,2,2,0,0,O,CLEAR,DRY,0,OPPOSING LEFT TURN,OPPOSING LEFT TURN,STRAIGHT & LEVEL,DAYLIGHT,0,0,0,1
26356005,CAMPBELL,KY0009,StateRoute,,LICKING,PIKE,,39.02512014,-84.48076703,17.932,2/15/2020 0:00,1939,2,2,0,1,C,CLEAR,DRY,0,OPPOSING LEFT TURN,OPPOSING LEFT TURN,STRAIGHT & LEVEL,DARK-HWY LIGHTED/ON,0,0,0,1
26356009,CAMPBELL,,OTHR,,VISTA POINTE,DR,,39.05579826,-84.48470351,0.204,2/16/2020 0:00,937,2,2,0,0,O,CLOUDY,DRY,0,1 VEHICLE ENTERING/LEAVING ENTRANCE,ANGLE,STRAIGHT & LEVEL,DAYLIGHT,0,0,0,1
26354865,CAMPBELL,US0027,USRoute,800 BLK,MONMOUTH,ST,,39.0890982,-84.49092594,21.712,2/16/2020 0:00,1309,2,2,0,0,O,CLOUDY,DRY,0,SIDESWIPE COLLISION - SAME DIRECTION,SIDESWIPE-SAME DIRECTION,STRAIGHT & LEVEL,DAYLIGHT,0,0,0,1
26386902,CAMPBELL,I 0471,Interstate,,,,,39.09232641,-84.475852,0.248,2/16/2020 0:00,1506,2,2,0,0,O,CLEAR,DRY,0,OTHER RAMP RELATED COLLISIONS NOT LISTED ABOVE,REAR END,STRAIGHT & LEVEL,DAYLIGHT,0,0,0,1
26372998,CAMPBELL,I 0471,Interstate,,,,,39.09296136,-84.47895112,0.135,2/17/2020 0:00,1223,2,2,0,0,O,CLEAR,DRY,0,OTHER RAMP RELATED COLLISIONS NOT LISTED ABOVE,REAR END,STRAIGHT & LEVEL,DAYLIGHT,0,0,0,1
26386900,CAMPBELL,I 0471,Interstate,,INTERSTATE 471,,,39.08541168,-84.47464561,0.217,2/17/2020 0:00,1614,2,2,0,0,O,CLOUDY,DRY,0,OTHER RAMP RELATED COLLISIONS NOT LISTED ABOVE,REAR END,STRAIGHT & GRADE,DAYLIGHT,0,0,0,1
26371745,CAMPBELL,I 0471,Interstate,,,,,39.08541309,-84.47462902,0.216,2/17/2020 0:00,1200,2,2,0,0,O,CLEAR,DRY,0,REAR END IN TRAFFIC LANES BOTH VEHICLES MOVING,REAR END,CURVE & LEVEL,DAYLIGHT,0,0,0,1
26386901,CAMPBELL,,OTHR,,NEWPORT PAVILION,,,39.092671,-84.48060186,0.004,2/17/2020 0:00,1038,2,2,0,0,O,CLEAR,DRY,0,REAR END IN TRAFFIC LANES BOTH VEHICLES MOVING,REAR END,STRAIGHT & LEVEL,DAYLIGHT,0,0,0,1
26392447,CAMPBELL,KY0008,StateRoute,,6TH,AVE,,39.10973719,-84.47882394,2.207,2/17/2020 0:00,1409,2,2,0,1,C,CLOUDY,DRY,0,REAR END IN TRAFFIC LANES BOTH VEHICLES MOVING,REAR END,STRAIGHT & LEVEL,DAYLIGHT,0,0,0,1
26394541,CAMPBELL,,OTHR,125,PLAZA,DR,,39.00325355,-84.42456491,0.087,2/17/2020 0:00,1247,2,2,0,0,O,CLEAR,DRY,0,SIDESWIPE COLLISION - OPPOSITE DIRECTION,SIDESWIPE-OPPOSITE DIRECTION,CURVE & LEVEL,DAYLIGHT,0,0,0,1
26388984,CAMPBELL,KY0008,StateRoute,45,FAIRFIELD,AVE,,39.10280856,-84.48752008,1.538,2/17/2020 0:00,1855,2,2,0,0,O,CLOUDY,DRY,0,OTHER ROADWAY OR MID-BLOCK COLLISION,REAR END,STRAIGHT & LEVEL,DARK-HWY NOT LIGHTED,0,0,0,1
26394539,CAMPBELL,US0027,USRoute,3760,ALEXANDRIA,PIKE,,39.02575386,-84.4470361,15.858,2/17/2020 0:00,1255,2,2,0,0,O,CLOUDY,DRY,0,1 VEHICLE ENTERING/LEAVING ENTRANCE,ANGLE,STRAIGHT & LEVEL,DAYLIGHT,0,0,0,1
26372471,CAMPBELL,KY1120,StateRoute,300,11TH,ST,W,39.08272859,-84.49362006,0.399,2/17/2020 0:00,1242,2,2,0,0,O,CLOUDY,DRY,0,1 VEHICLE ENTERING/LEAVING ENTRANCE,ANGLE,STRAIGHT & LEVEL,DARK-HWY LIGHTED/ON,0,0,0,1
27798345,CAMPBELL,,OTHR,,OFALLON,AVE,,39.10558703,-84.47632105,0.193,2/17/2020 0:00,1700,2,2,0,0,O,CLEAR,DRY,0,ANGLE COLLISION - ONE VEHICLE TURNING LEFT,ANGLE,STRAIGHT & LEVEL,DAYLIGHT,0,0,0,1
26373762,CAMPBELL,US0027,USRoute,,ALEXANDRIA,PIKE,,38.92132557,-84.39066722,7.512,2/17/2020 0:00,615,2,2,0,0,O,CLOUDY,DRY,0,OTHER INTERSECTION COLLISIONS,REAR END,STRAIGHT & LEVEL,DARK-HWY LIGHTED/ON,1,0,0,1
26397654,CAMPBELL,,OTHR,169,NEWPORT PAVILION,,,39.08700643,-84.47700571,0.554,2/17/2020 0:00,1415,2,2,0,0,O,CLEAR,DRY,1,1 VEHICLE PARKED POSITION (NOT PARKING LOT/DRIVEWAY),BACKING,STRAIGHT & LEVEL,DAYLIGHT,0,0,0,1
26385107,CAMPBELL,,OTHR,233,BEECH,RD,,39.07263162,-84.47651489,0.108,2/17/2020 0:00,1825,2,2,0,0,O,CLOUDY,DRY,0,1 VEHICLE PARKED POSITION (NOT PARKING LOT/DRIVEWAY),SIDESWIPE-SAME DIRECTION,STRAIGHT & GRADE,DUSK,0,0,0,1
26384449,CAMPBELL,,OTHR,920,MONROE,ST,,39.0902323,-84.48521126,0.056,2/17/2020 0:00,511,2,2,0,0,O,CLEAR,DRY,0,1 VEHICLE PARKED POSITION (NOT PARKING LOT/DRIVEWAY),SIDESWIPE-SAME DIRECTION,STRAIGHT & GRADE,DARK-HWY LIGHTED/ON,0,0,0,1
26390181,CAMPBELL,,OTHR,,PARKSIDE,DR,,38.89368243,-84.38251834,0.178,2/17/2020 0:00,1800,2,2,0,0,O,CLEAR,DRY,1,1 VEHICLE PARKED POSITION (NOT PARKING LOT/DRIVEWAY),SIDESWIPE-SAME DIRECTION,STRAIGHT & LEVEL,DARK-HWY LIGHTED/ON,0,0,0,1
26385121,CAMPBELL,,OTHR,7,BEVERLY,CIR,,39.05733169,-84.48132029,0.047,2/18/2020 0:00,230,1,1,0,0,O,CLEAR,DRY,0,COLLISION WITH FIXED OBJECT NON - INTERSECTION - FIRST EVENT COLLISION 09 - 32 EXCLUDING 16,SINGLE VEHICLE,STRAIGHT & LEVEL,DARK-HWY LIGHTED/ON,0,0,0,1
26394545,CAMPBELL,KY1998,StateRoute,659,POOLES CREEK,RD,,39.01716075,-84.45549876,0.93,2/18/2020 0:00,1642,1,1,0,0,O,CLOUDY,DRY,0,COLLISION WITH ANIMAL NON INTERSECTION,SINGLE VEHICLE,STRAIGHT & GRADE,DAYLIGHT,0,0,0,1
26390593,CAMPBELL,KY0009S,StateRoute,,LOWELL,ST,,39.08344391,-84.5002292,0.35,2/18/2020 0:00,1700,1,1,0,0,O,CLOUDY,DRY,0,COLLISION WITH FIXED OBJECT NON - INTERSECTION - FIRST EVENT COLLISION 09 - 32 EXCLUDING 16,SINGLE VEHICLE,CURVE & LEVEL,DAYLIGHT,0,0,0,1
26403752,CAMPBELL,,OTHR,1919,FT THOMAS,AVE,N,39.10024551,-84.44936839,1.328,2/18/2020 0:00,1133,2,2,0,0,O,CLEAR,DRY,1,1 VEHICLE PARKED POSITION (NOT PARKING LOT/DRIVEWAY),SIDESWIPE-SAME DIRECTION,CURVE & LEVEL,DAYLIGHT,0,0,0,1
26401085,CAMPBELL,KY1121,StateRoute,,PERSIMMON GROVE,PIKE,,38.95791264,-84.38129288,10.046,2/18/2020 0:00,515,1,1,0,0,O,RAINING,WET,0,COLLISION WITH FIXED OBJECT IN INTERSECTION - FIRST EVENT COLLISION 09 - 32,SINGLE VEHICLE,STRAIGHT & LEVEL,DARK-HWY LIGHTED/ON,1,0,0,1
26390179,CAMPBELL,I 0275,Interstate,,I275 E,,,39.05603761,-84.43280976,,2/18/2020 0:00,1539,2,2,0,0,O,CLOUDY,DRY,0,REAR END IN TRAFFIC LANES BOTH VEHICLES MOVING,REAR END,STRAIGHT & LEVEL,DAYLIGHT,0,0,0,1
26401083,CAMPBELL,KY0536,StateRoute,,CREEKTRACE,RD,,38.94039008,-84.39514503,3.388,2/18/2020 0:00,2215,2,2,0,0,O,CLEAR,DRY,1,REAR END IN TRAFFIC LANES BOTH VEHICLES MOVING,REAR END,STRAIGHT & LEVEL,DARK-HWY LIGHTED/ON,0,0,0,1
26426490,CAMPBELL,,OTHR,100,PARK,AVE,,39.09799282,-84.49286349,0.352,2/18/2020 0:00,1131,2,2,0,0,O,CLEAR,DRY,0,REAR END IN TRAFFIC LANES BOTH VEHICLES MOVING,REAR END,STRAIGHT & GRADE,DAYLIGHT,0,0,0,1
26431040,CAMPBELL,,OTHR,6225,LOWER TUG FORK,RD,,39.00824241,-84.38058767,0.926,2/18/2020 0:00,2152,1,1,0,1,A,CLEAR,DRY,0,OTHER COLLISIONS ON SHOULDER,SINGLE VEHICLE,STRAIGHT & LEVEL,DARK-HWY NOT LIGHTED,0,0,0,1
26392745,CAMPBELL,US0027,USRoute,,ALEXANDRIA,PIKE,,39.06537414,-84.46447661,19.495,2/19/2020 0:00,718,2,2,0,0,O,CLEAR,DRY,0,OTHER ROADWAY OR MID-BLOCK COLLISION,REAR END,CURVE & LEVEL,DAWN,0,0,0,1
26392641,CAMPBELL,US0027,USRoute,2100,MONMOUTH,ST,,39.07804637,-84.47960766,20.747,2/19/2020 0:00,1055,2,2,0,0,O,CLEAR,DRY,0,SIDESWIPE COLLISION - SAME DIRECTION,SIDESWIPE-SAME DIRECTION,STRAIGHT & LEVEL,DAYLIGHT,0,0,0,1
26396056,CAMPBELL,KY1892,StateRoute,,GRAND,AVE,,39.08542212,-84.47464701,1.986,2/19/2020 0:00,1943,2,2,0,0,O,CLEAR,DRY,0,REAR END IN TRAFFIC LANES BOTH VEHICLES MOVING,REAR END,CURVE & LEVEL,DARK-HWY LIGHTED/ON,0,0,0,1
26393698,CAMPBELL,KY0008,StateRoute,,DAVE COWENS,DR,,39.1007228,-84.48986527,1.34,2/19/2020 0:00,1155,2,2,0,0,O,CLEAR,DRY,0,ANGLE COLLISION - ONE VEHICLE TURNING LEFT,ANGLE,STRAIGHT & LEVEL,DAYLIGHT,0,0,0,1
26435283,CAMPBELL,I 0275,Interstate,,I275 W,,,39.054195,-84.43787935,73.638,2/19/2020 0:00,1347,1,1,0,0,O,CLEAR,DRY,0,RAN OFF ROADWAY (1 VEHICLE WITH/EARTH EMBANKMENT/DITCH),SINGLE VEHICLE,STRAIGHT & GRADE,DAYLIGHT,0,0,0,1
26404355,CAMPBELL,US0027,USRoute,,ALEXANDRIA,PIKE,,38.95564479,-84.39332231,9.908,2/20/2020 0:00,1528,2,2,0,0,O,CLEAR,DRY,0,SIDESWIPE-SAME DIRECTION,SIDESWIPE-SAME DIRECTION,STRAIGHT & LEVEL,DAYLIGHT,0,0,0,1
26405042,CAMPBELL,US0027,USRoute,,ALEXANDRIA,PIKE,,39.02200528,-84.43998619,15.381,2/20/2020 0:00,809,2,2,0,0,O,CLEAR,DRY,0,REAR END IN TRAFFIC LANES BOTH VEHICLES MOVING,REAR END,STRAIGHT & LEVEL,DAYLIGHT,0,0,0,1
26404356,CAMPBELL,US0027,USRoute,,ALEXANDRIA,PIKE,,38.98367714,-84.40046227,12.04,2/20/2020 0:00,1646,2,2,0,0,O,CLEAR,DRY,0,OTHER ROADWAY OR MID-BLOCK COLLISION,REAR END,STRAIGHT & GRADE,DAYLIGHT,0,0,0,1
26415347,CAMPBELL,I 0471,Interstate,,,,,39.06791931,-84.46606715,0.389,2/21/2020 0:00,947,2,2,0,0,O,CLEAR,DRY,0,OTHER RAMP RELATED COLLISIONS NOT LISTED ABOVE,REAR END,CURVE & LEVEL,DAYLIGHT,0,0,0,1
26415346,CAMPBELL,I 0471,Interstate,,I471 S,,,39.06851357,-84.46399913,1.938,2/21/2020 0:00,1726,2,2,0,0,O,CLEAR,DRY,0,OTHER ROADWAY OR MID-BLOCK COLLISION,REAR END,STRAIGHT & LEVEL,DAYLIGHT,0,0,0,1
26409201,CAMPBELL,US0027,USRoute,,ALEXANDRIA,PIKE,,39.00059399,-84.42037832,13.606,2/21/2020 0:00,1616,2,2,0,0,O,CLEAR,DRY,0,1 VEHICLE ENTERING/LEAVING ENTRANCE,ANGLE,STRAIGHT & LEVEL,DAYLIGHT,0,0,0,1
26419570,CAMPBELL,US0027,USRoute,,YORK,ST,,39.09334288,-84.49737887,22.317,2/21/2020 0:00,1720,2,2,0,0,O,CLEAR,DRY,0,SIDESWIPE COLLISION - SAME DIRECTION,SIDESWIPE-SAME DIRECTION,STRAIGHT & LEVEL,DAYLIGHT,0,0,0,1
26411414,CAMPBELL,KY0009,StateRoute,,AA,HWY,,39.01257624,-84.47457151,16.901,2/21/2020 0:00,1621,2,2,0,0,O,CLEAR,DRY,0,REAR END IN TRAFFIC LANES BOTH VEHICLES MOVING,REAR END,STRAIGHT & LEVEL,DAYLIGHT,0,0,0,1
26418456,CAMPBELL,I 0275,Interstate,,I275 E,,,39.05660299,-84.43150357,73.258,2/21/2020 0:00,1637,2,2,0,0,O,CLEAR,DRY,0,REAR END IN TRAFFIC LANES BOTH VEHICLES MOVING,REAR END,STRAIGHT & LEVEL,DAYLIGHT,0,0,0,1
26437258,CAMPBELL,KY0009,StateRoute,,LICKING,PIKE,,39.02300234,-84.48082371,17.765,2/21/2020 0:00,1848,2,2,0,0,O,RAINING,WET,0,REAR END IN TRAFFIC LANES BOTH VEHICLES MOVING,REAR END,STRAIGHT & LEVEL,DARK-HWY LIGHTED/ON,0,0,0,1
26426489,CAMPBELL,I 0471,Interstate,,I471 N,,,39.10007893,-84.4935049,4.854,2/21/2020 0:00,950,2,2,0,0,O,CLOUDY,WET,0,COLLISION WITH FIXED OBJECT NON - INTERSECTION - FIRST EVENT COLLISION 09 - 32 EXCLUDING 16,SIDESWIPE-SAME DIRECTION,STRAIGHT & LEVEL,DAYLIGHT,0,0,0,1
26403886,CAMPBELL,KY1892,StateRoute,,CAROTHERS,RD,,39.08437775,-84.48291589,2.507,2/21/2020 0:00,1211,2,2,0,0,O,CLEAR,DRY,0,OTHER INTERSECTION COLLISIONS,REAR END,STRAIGHT & LEVEL,DAYLIGHT,1,0,0,1
26426487,CAMPBELL,KY0008,StateRoute,,DAVE COWENS,DR,,39.09684381,-84.4942157,0.915,2/21/2020 0:00,1715,2,2,0,0,O,CLOUDY,DRY,0,SIDESWIPE-SAME DIRECTION,SIDESWIPE-SAME DIRECTION,STRAIGHT & LEVEL,DAYLIGHT,0,0,0,1
26437275,CAMPBELL,,OTHR,,TOWN,DR,,39.01811887,-84.48023859,,2/21/2020 0:00,1923,2,2,0,0,O,RAINING,WET,0,ANGLE COLLISION - OTHER,ANGLE,STRAIGHT & LEVEL,DARK-HWY LIGHTED/ON,0,0,0,1
26415348,CAMPBELL,,OTHR,141,HIGHLAND,AVE,,39.07748753,-84.45127205,1.242,2/22/2020 0:00,0,2,2,0,0,O,CLEAR,DRY,1,1 VEHICLE PARKED POSITION (NOT PARKING LOT/DRIVEWAY),SIDESWIPE-SAME DIRECTION,STRAIGHT & LEVEL,DARK-HWY LIGHTED/ON,0,0,0,1
26412387,CAMPBELL,KY0010,StateRoute,11107,FLAGG SPRINGS,PIKE,,38.9078264,-84.30297596,8.928,2/22/2020 0:00,2342,1,1,0,0,O,CLEAR,DRY,0,RAN OFF ROADWAY (1 VEHICLE WITH/EARTH EMBANKMENT/DITCH),SINGLE VEHICLE,STRAIGHT & LEVEL,DARK-HWY NOT LIGHTED,0,0,0,1
26415349,CAMPBELL,KY1892,StateRoute,,GRAND,AVE,N,39.07575297,-84.46264635,1.029,2/22/2020 0:00,1900,1,1,0,0,O,CLEAR,DRY,0,COLLISION WITH ANIMAL NON INTERSECTION,SINGLE VEHICLE,STRAIGHT & GRADE,DARK-HWY LIGHTED/ON,0,0,0,1
26410437,CAMPBELL,KY0008,StateRoute,,DAVE COWENS,DR,,39.10089574,-84.48969341,1.345,2/22/2020 0:00,2138,2,2,0,0,O,CLEAR,DRY,0,SIDESWIPE COLLISION - SAME DIRECTION,SIDESWIPE-SAME DIRECTION,STRAIGHT & LEVEL,DARK-HWY LIGHTED/ON,0,0,0,1
26416432,CAMPBELL,US0027,USRoute,7711,ALEXANDRIA,PIKE,,38.976777,-84.39299837,11.383,2/22/2020 0:00,2046,2,2,0,0,O,CLEAR,DRY,1,HEAD-ON COLLISION,HEAD ON,STRAIGHT & LEVEL,DARK-HWY LIGHTED/ON,0,0,0,1
26408495,CAMPBELL,,OTHR,200,DAVE COWENS,DR,,39.09615363,-84.49520686,0.072,2/22/2020 0:00,1638,2,2,0,0,O,CLEAR,DRY,0,SIDESWIPE COLLISION - SAME DIRECTION,SIDESWIPE-SAME DIRECTION,STRAIGHT & LEVEL,DAYLIGHT,0,0,0,1
26429393,CAMPBELL,KY1120,StateRoute,,MEMORIAL,PKWY,,39.09276752,-84.47514147,1.685,2/22/2020 0:00,54,2,2,0,0,O,CLEAR,DRY,1,SIDESWIPE COLLISION - SAME DIRECTION,SIDESWIPE-SAME DIRECTION,STRAIGHT & LEVEL,DARK-HWY LIGHTED/ON,0,0,0,1
26407940,CAMPBELL,KY1120,StateRoute,100 BLOCK,10TH,ST,E,39.08727323,-84.48873241,0.796,2/22/2020 0:00,1207,3,3,0,0,O,CLEAR,DRY,0,OTHER ROADWAY OR MID-BLOCK COLLISION,REAR END,STRAIGHT & LEVEL,DAYLIGHT,0,0,0,1
26411412,CAMPBELL,KY0009,StateRoute,,AA,HWY,,39.01782213,-84.47971482,17.362,2/22/2020 0:00,1334,3,3,0,1,C,CLEAR,DRY,0,OTHER ROADWAY OR MID-BLOCK COLLISION,REAR END,STRAIGHT & LEVEL,DAYLIGHT,0,0,0,1
26407052,CAMPBELL,KY0008,StateRoute,,DAVE COWENS,DR,,39.10046177,-84.49011446,1.318,2/22/2020 0:00,210,3,3,0,0,O,CLEAR,DRY,0,OTHER ROADWAY OR MID-BLOCK COLLISION,REAR END,STRAIGHT & LEVEL,DARK-HWY LIGHTED/ON,0,0,0,1
26407126,CAMPBELL,I 0471,Interstate,,,,,39.08239296,-84.46996523,0.023,2/22/2020 0:00,449,1,1,0,0,O,CLOUDY,DRY,0,COLLISION WITH FIXED OBJECT NOT IN GORE ,SINGLE VEHICLE,CURVE & HILLCREST,DARK-HWY LIGHTED/ON,0,0,0,1
27835578,CAMPBELL,I 0471,Interstate,,,,,39.08529796,-84.47424614,0.492,2/23/2020 0:00,1322,3,3,0,0,O,CLOUDY,WET,0,OTHER RAMP RELATED COLLISIONS NOT LISTED ABOVE,REAR END,CURVE & GRADE,DAYLIGHT,0,0,0,1
26416738,CAMPBELL,KY1998,StateRoute,1073,INDUSTRIAL,RD,,39.0273934,-84.4448092,1.895,2/23/2020 0:00,1927,2,2,0,0,O,CLEAR,DRY,0,1 VEHICLE ENTERING/LEAVING ENTRANCE,ANGLE,STRAIGHT & LEVEL,DARK-HWY NOT LIGHTED,0,0,0,1
26413295,CAMPBELL,I 0471,Interstate,,I471 S,,,39.09697347,-84.48418044,4.299,2/23/2020 0:00,1745,2,2,0,0,O,CLEAR,DRY,0,SIDESWIPE COLLISION - SAME DIRECTION,SIDESWIPE-SAME DIRECTION,STRAIGHT & LEVEL,DAYLIGHT,0,0,0,1
26416435,CAMPBELL,US0027,USRoute,,ALEXANDRIA,PIKE,,38.97354362,-84.39223084,11.158,2/23/2020 0:00,756,2,2,0,0,O,CLEAR,DRY,0,OTHER INTERSECTION COLLISIONS,REAR END,STRAIGHT & LEVEL,DAYLIGHT,1,0,0,1
26417596,CAMPBELL,KY0009,StateRoute,,AA,HWY,,39.01817287,-84.4801075,17.393,2/24/2020 0:00,610,2,2,0,0,O,CLOUDY,DRY,0,ANGLE COLLISION - OTHER,ANGLE,STRAIGHT & LEVEL,DARK-HWY NOT LIGHTED,0,0,0,1
26452057,CAMPBELL,US0027,USRoute,,ALEXANDRIA,PIKE,,38.97332417,-84.39231992,11.143,2/24/2020 0:00,1909,2,2,0,0,O,RAINING,WET,0,OTHER INTERSECTION COLLISIONS,REAR END,STRAIGHT & LEVEL,DUSK,1,0,0,1
26426693,CAMPBELL,KY0008,StateRoute,,DAVE COWENS,DR,,39.09960973,-84.49108383,1.225,2/24/2020 0:00,2055,2,2,0,0,O,CLEAR,DRY,1,OTHER INTERSECTION COLLISIONS,REAR END,STRAIGHT & LEVEL,DARK-HWY LIGHTED/ON,1,0,0,1
26418391,CAMPBELL,,OTHR,,WATERWORKS,RD,,39.08963656,-84.45050985,0.144,2/24/2020 0:00,800,2,2,0,0,O,CLOUDY,DRY,1,VEHICLE BACKING IN INTERSECTION,BACKING,CURVE & GRADE,DAYLIGHT,1,0,0,1
26432665,CAMPBELL,KY1892,StateRoute,,CAROTHERS,RD,,39.08486926,-84.48106589,2.395,2/24/2020 0:00,1735,2,2,0,1,C,RAINING,WET,0,HEAD-ON COLLISION,HEAD ON,STRAIGHT & LEVEL,DUSK,0,0,0,1
26433588,CAMPBELL,US0027,USRoute,,MONMOUTH,ST,,39.08599677,-84.4872833,21.449,2/24/2020 0:00,1306,2,2,0,0,O,CLOUDY,WET,0,REAR END IN TRAFFIC LANES BOTH VEHICLES MOVING,REAR END,STRAIGHT & GRADE,DAYLIGHT,0,0,0,1
26421364,CAMPBELL,,OTHR,,ST MICHAEL,DR,,39.02276139,-84.44228207,0.095,2/24/2020 0:00,1610,2,2,0,0,O,RAINING,WET,0,REAR END IN TRAFFIC LANES BOTH VEHICLES MOVING,REAR END,STRAIGHT & LEVEL,DAYLIGHT,0,0,0,1
26437287,CAMPBELL,KY1120,StateRoute,,MEMORIAL,PKWY,,39.09534333,-84.47333636,1.869,2/24/2020 0:00,1418,1,1,0,0,O,RAINING,WET,0,OTHER ROADWAY OR MID-BLOCK COLLISION,SINGLE VEHICLE,CURVE & GRADE,DAYLIGHT,0,0,0,1
26419033,CAMPBELL,KY0915,StateRoute,,LICKING,PIKE,,38.99312436,-84.44592095,7.851,2/24/2020 0:00,1440,2,2,0,0,O,CLOUDY,WET,0,SIDESWIPE COLLISION - OPPOSITE DIRECTION,SIDESWIPE-OPPOSITE DIRECTION,CURVE & LEVEL,DAYLIGHT,0,0,0,1
26416928,CAMPBELL,I 0471,Interstate,,,,,39.08239272,-84.47052103,0.172,2/24/2020 0:00,1157,1,1,0,0,O,RAINING,WET,0,OTHER RAMP RELATED COLLISIONS NOT LISTED ABOVE,SINGLE VEHICLE,STRAIGHT & LEVEL,DAYLIGHT,0,0,0,1
26431042,CAMPBELL,I 0275,Interstate,,,,,39.04664634,-84.46266332,0.331,2/25/2020 0:00,1957,1,1,0,0,O,FOG WITH RAIN,WET,0,OTHER RAMP RELATED COLLISIONS NOT LISTED ABOVE,SINGLE VEHICLE,CURVE & GRADE,DARK-HWY LIGHTED/ON,0,0,0,1
26433587,CAMPBELL,I 0471,Interstate,,I471 N,,,39.08074503,-84.47107254,2.919,2/25/2020 0:00,1330,1,1,0,0,O,CLOUDY,WET,0,OTHER ROADWAY OR MID-BLOCK COLLISION,SINGLE VEHICLE,CURVE & LEVEL,DAYLIGHT,0,0,0,1
26424453,CAMPBELL,KY1892,StateRoute,400,GRAND,AVE,N,39.07761294,-84.46405399,1.179,2/25/2020 0:00,1523,3,3,0,0,O,RAINING,WET,0,OTHER ROADWAY OR MID-BLOCK COLLISION,REAR END,STRAIGHT & GRADE,DAYLIGHT,0,0,0,1
26429411,CAMPBELL,US0027,USRoute,3614,ALEXANDRIA,PIKE,,39.02840823,-84.45022853,16.106,2/25/2020 0:00,1142,2,2,0,0,O,RAINING,WET,0,1 VEHICLE ENTERING/LEAVING ENTRANCE,ANGLE,STRAIGHT & LEVEL,DAYLIGHT,0,0,0,1
26431041,CAMPBELL,I 0275,Interstate,,I275 E,,,39.05609385,-84.43269543,,2/25/2020 0:00,1734,2,2,0,0,O,RAINING,WET,0,1 VEHICLE ENTERING/LEAVING ENTRANCE,ANGLE,STRAIGHT & LEVEL,DUSK,0,0,0,1