IncidentID,County,RdwyNumber,RdwyType,Street,RoadwayName,StreetSfx,StreetDir,Latitude,Longitude,Milepoint,CollisionDate,CollisionTime,UnitsInvolved,MotorVehiclesInvolved,NumberKilled,NumberInjured,KABCO,Weather,RdwyConditionCode,HitandRun,DirAnalysisCode,MannerofCollision,RdwyCharacter,LightCondition,Intersection Crash,Bicyclist,Pedestrian,Motor Vehicles
26455728,CAMPBELL,,OTHR,,ISABELLA,ST,,39.08718058,-84.49770966,0.472,2/25/2020 0:00,1457,2,2,0,0,O,RAINING,WET,0,SIDESWIPE COLLISION - SAME DIRECTION,SIDESWIPE-SAME DIRECTION,STRAIGHT & LEVEL,DAYLIGHT,0,0,0,1
26460230,CAMPBELL,KY1120,StateRoute,742,FT THOMAS,AVE,S,39.06915874,-84.4476593,5.001,2/25/2020 0:00,1214,2,2,0,0,O,CLEAR,DRY,1,1 VEHICLE PARKED POSITION (NOT PARKING LOT/DRIVEWAY),SIDESWIPE-SAME DIRECTION,STRAIGHT & LEVEL,DARK (UNKNOWN ROADWAY LIGHTING),0,0,0,1
26427234,CAMPBELL,,OTHR,820,7TH,AVE,,39.11290126,-84.46872842,0.094,2/25/2020 0:00,200,2,2,0,0,O,RAINING,WET,1,1 VEHICLE PARKED POSITION (NOT PARKING LOT/DRIVEWAY),SIDESWIPE-SAME DIRECTION,STRAIGHT & LEVEL,DARK-HWY LIGHTED/ON,0,0,0,1
26424400,CAMPBELL,KY0009,StateRoute,,AA,HWY,,39.00983158,-84.46905021,16.537,2/25/2020 0:00,1758,2,2,0,0,O,RAINING,WET,0,ANGLE COLLISION - ONE VEHICLE TURNING RIGHT,ANGLE,STRAIGHT & LEVEL,DAYLIGHT,0,0,0,1
26421498,CAMPBELL,US0027,USRoute,1601,MONMOUTH,ST,,39.08386467,-84.48382518,21.21,2/25/2020 0:00,622,2,2,0,0,O,CLEAR,WET,1,ANGLE COLLISION - OTHER,ANGLE,STRAIGHT & LEVEL,DARK-HWY LIGHTED/ON,0,0,0,1
26443323,CAMPBELL,US0027,USRoute,,ALEXANDRIA,PIKE,,39.033698,-84.45336797,16.507,2/26/2020 0:00,1415,2,2,0,0,O,RAINING,WET,0,REAR END - ONE VEHICLE TURNING LEFT,REAR END,STRAIGHT & GRADE,DAYLIGHT,0,0,0,1
26463183,CAMPBELL,,OTHR,,9TH,ST,W,39.08705754,-84.49251577,0.044,2/26/2020 0:00,1106,2,2,0,0,O,CLEAR,DRY,0,ANGLE COLLISION - OTHER,ANGLE,STRAIGHT & LEVEL,DAYLIGHT,0,0,0,1
26433931,CAMPBELL,KY0547,StateRoute,,RILEY,RD,,38.96804585,-84.3747435,0.893,2/26/2020 0:00,1523,1,1,0,1,B,RAINING,WET,0,COLLISION WITH FIXED OBJECT NON - INTERSECTION - FIRST EVENT COLLISION 09 - 32 EXCLUDING 16,SINGLE VEHICLE,CURVE & GRADE,DAYLIGHT,0,0,0,1
26468282,CAMPBELL,KY1120,StateRoute,100,MEMORIAL,PKWY,,39.09266,-84.48058762,1.376,2/26/2020 0:00,1218,2,2,0,0,O,CLOUDY,WET,0,REAR END IN TRAFFIC LANES BOTH VEHICLES MOVING,REAR END,CURVE & GRADE,DAYLIGHT,0,0,0,1
26442326,CAMPBELL,I 0471,Interstate,,I471 N,,,39.1009078,-84.49526104,4.965,2/26/2020 0:00,1637,3,3,0,0,O,CLOUDY,DRY,0,OTHER ROADWAY OR MID-BLOCK COLLISION,REAR END,STRAIGHT & LEVEL,DAYLIGHT,0,0,0,1
26437269,CAMPBELL,KY0009,StateRoute,,AA,HWY,,39.01421496,-84.47622965,17.044,2/26/2020 0:00,1753,2,2,0,0,O,RAINING,WET,0,OTHER ROADWAY OR MID-BLOCK COLLISION,REAR END,STRAIGHT & LEVEL,DAYLIGHT,0,0,0,1
26450457,CAMPBELL,KY1998,StateRoute,971,POOLES CREEK,RD,,39.02457382,-84.44580439,1.68,2/26/2020 0:00,1610,1,1,0,0,O,SNOWING,WET,0,OTHER ROADWAY OR MID-BLOCK COLLISION,SINGLE VEHICLE,CURVE & GRADE,DAYLIGHT,0,0,0,1
26463189,CAMPBELL,I 0471,Interstate,,,,,39.08273049,-84.47033464,0.192,2/26/2020 0:00,1502,1,1,0,0,O,RAINING,WET,0,OTHER RAMP RELATED COLLISIONS NOT LISTED ABOVE,SINGLE VEHICLE,CURVE & GRADE,DAYLIGHT,0,0,0,1
27063073,CAMPBELL,KY0008,StateRoute,,FAIRFIELD,AVE,,39.10262414,-84.48771551,1.522,2/27/2020 0:00,724,2,2,0,0,O,CLEAR,DRY,0,SIDESWIPE COLLISION - SAME DIRECTION,SIDESWIPE-SAME DIRECTION,STRAIGHT & LEVEL,DAYLIGHT,0,0,0,1
26435685,CAMPBELL,I 0471,Interstate,,I471 S,,,39.08493464,-84.47312895,3.25,2/27/2020 0:00,1915,2,2,0,0,O,CLEAR,DRY,1,REAR END IN TRAFFIC LANES BOTH VEHICLES MOVING,REAR END,STRAIGHT & GRADE,DARK-HWY LIGHTED/ON,0,0,0,1
26546314,CAMPBELL,I 0275,Interstate,,I275 W,,,39.05511022,-84.43585243,73.512,2/27/2020 0:00,901,2,2,0,0,O,CLOUDY,DRY,0,REAR END IN TRAFFIC LANES BOTH VEHICLES MOVING,REAR END,STRAIGHT & GRADE,DAYLIGHT,0,0,0,1
26449171,CAMPBELL,US0027,USRoute,,ALEXANDRIA,PIKE,,38.98309331,-84.39970986,11.983,2/27/2020 0:00,1400,2,2,0,0,O,CLEAR,DRY,0,OTHER INTERSECTION COLLISIONS,REAR END,STRAIGHT & HILLCREST,DAYLIGHT,1,0,0,1
26439691,CAMPBELL,KY0008,StateRoute,,5TH,ST,W,39.09086931,-84.4970285,0.455,2/28/2020 0:00,1106,2,2,0,0,O,CLEAR,DRY,0,COLLISION WITH FIXED OBJECT IN INTERSECTION - FIRST EVENT COLLISION 09 - 32,SIDESWIPE-SAME DIRECTION,STRAIGHT & LEVEL,DAYLIGHT,1,0,0,1
26540497,CAMPBELL,,OTHR,,NEWPORT PAVILION,,,39.08843444,-84.47569379,0.432,2/28/2020 0:00,1752,2,2,0,0,O,RAINING,WET,0,ANGLE COLLISION - ONE VEHICLE TURNING LEFT,ANGLE,STRAIGHT & LEVEL,DAYLIGHT,0,0,0,1
26448812,CAMPBELL,,OTHR,,HIGHLAND,AVE,,39.07827898,-84.44923199,1.343,2/28/2020 0:00,918,2,2,0,0,O,CLEAR,DRY,0,ANGLE COLLISION - OTHER,ANGLE,STRAIGHT & LEVEL,DAYLIGHT,0,0,0,1
26448807,CAMPBELL,,OTHR,,MAYO,AVE,,39.08774097,-84.45134143,0.107,2/28/2020 0:00,1528,2,2,0,0,O,CLEAR,DRY,0,1 VEHICLE PARKED POSITION (NOT PARKING LOT/DRIVEWAY),BACKING,STRAIGHT & LEVEL,DAYLIGHT,0,0,0,1
26448815,CAMPBELL,KY1120,StateRoute,,FT THOMAS,AVE,S,39.06560306,-84.44612173,5.265,2/28/2020 0:00,2015,2,2,0,0,O,CLOUDY,DRY,0,1 VEHICLE PARKED POSITION (NOT PARKING LOT/DRIVEWAY),SIDESWIPE-SAME DIRECTION,CURVE & LEVEL,DARK-HWY LIGHTED/OFF,0,0,0,1
26445321,CAMPBELL,,OTHR,,CALIFORNIA,XRD,,38.91238275,-84.28454466,0.098,2/28/2020 0:00,1945,1,1,0,0,O,SNOWING,SNOW/SLUSH,0,COLLISION WITH ANIMAL NON INTERSECTION,SINGLE VEHICLE,STRAIGHT & GRADE,DARK-HWY NOT LIGHTED,0,0,0,1
26436326,CAMPBELL,I 0471,Interstate,,I471 N,,,39.09870711,-84.49086702,4.683,2/28/2020 0:00,100,1,1,0,0,O,SNOWING,WET,0,COLLISION WITH FIXED OBJECT NON - INTERSECTION - FIRST EVENT COLLISION 09 - 32 EXCLUDING 16,SINGLE VEHICLE,CURVE & LEVEL,DARK-HWY LIGHTED/ON,0,0,0,1
26445542,CAMPBELL,,OTHR,,ST MICHAEL,DR,,39.02290397,-84.44294519,0.06,2/28/2020 0:00,1431,1,1,0,0,O,CLOUDY,DRY,0,COLLISION WITH FIXED OBJECT NON - INTERSECTION - FIRST EVENT COLLISION 09 - 32 EXCLUDING 16,SINGLE VEHICLE,STRAIGHT & LEVEL,DAYLIGHT,0,0,0,1
26480499,CAMPBELL,,OTHR,,DRY CREEK,RD,,39.01115633,-84.44271086,1.025,2/28/2020 0:00,2344,1,1,0,0,O,CLEAR,SNOW/SLUSH,0,COLLISION WITH FIXED OBJECT NON - INTERSECTION - FIRST EVENT COLLISION 09 - 32 EXCLUDING 16,SINGLE VEHICLE,CURVE & GRADE,DARK-HWY NOT LIGHTED,0,0,0,1
26448811,CAMPBELL,KY1120,StateRoute,,MEMORIAL,PKWY,,39.09429266,-84.46225089,2.438,2/28/2020 0:00,613,1,1,0,0,O,SNOWING,ICE,0,RAN OFF ROADWAY (1 VEHICLE WITH/EARTH EMBANKMENT/DITCH),SINGLE VEHICLE,CURVE & LEVEL,DARK-HWY NOT LIGHTED,0,0,0,1
26469714,CAMPBELL,US0027,USRoute,,ALEXANDRIA,PIKE,,39.0249569,-84.44427739,15.701,2/28/2020 0:00,1904,2,2,0,0,O,SNOWING,WET,0,REAR END IN TRAFFIC LANES BOTH VEHICLES MOVING,REAR END,STRAIGHT & GRADE,DARK-HWY LIGHTED/ON,0,0,0,1
26446616,CAMPBELL,KY0009,StateRoute,,AA,HWY,,39.01839327,-84.48052966,17.42,2/28/2020 0:00,1205,2,2,0,0,O,CLOUDY,DRY,0,REAR END IN TRAFFIC LANES BOTH VEHICLES MOVING,REAR END,STRAIGHT & LEVEL,DAYLIGHT,0,0,0,1
26441519,CAMPBELL,US0027,USRoute,2114,MONMOUTH,ST,,39.07867528,-84.48016374,20.802,2/28/2020 0:00,1854,2,2,0,0,O,SNOWING,WET,0,REAR END IN TRAFFIC LANES BOTH VEHICLES MOVING,REAR END,STRAIGHT & GRADE,DARK-HWY LIGHTED/ON,0,0,0,1
26456061,CAMPBELL,I 0275,Interstate,,I275 W,,,39.02289832,-84.48926041,77.575,2/28/2020 0:00,2235,2,2,0,0,O,SNOWING,WET,1,SIDESWIPE COLLISION - SAME DIRECTION,SIDESWIPE-SAME DIRECTION,STRAIGHT & LEVEL,DARK-HWY LIGHTED/ON,0,0,0,1
26450222,CAMPBELL,US0027,USRoute,,ALEXANDRIA,PIKE,,38.98426611,-84.40104134,12.09,2/28/2020 0:00,630,2,2,0,0,O,CLEAR,WET,0,REAR END IN TRAFFIC LANES BOTH VEHICLES MOVING,REAR END,STRAIGHT & HILLCREST,DAWN,0,0,0,1
26448814,CAMPBELL,I 0275,Interstate,,I275 E,,,39.04942925,-84.44783459,74.266,2/28/2020 0:00,1951,2,2,0,0,O,CLEAR,DRY,0,SIDESWIPE COLLISION - SAME DIRECTION,SIDESWIPE-SAME DIRECTION,STRAIGHT & GRADE,DARK-HWY LIGHTED/ON,0,0,0,1
26439692,CAMPBELL,KY1892,StateRoute,25,CAROTHERS,RD,,39.08517166,-84.48063884,2.363,2/28/2020 0:00,1507,2,2,0,0,O,CLEAR,DRY,0,1 VEHICLE ENTERING/LEAVING ENTRANCE,ANGLE,STRAIGHT & LEVEL,DAYLIGHT,0,0,0,1
26438783,CAMPBELL,I 0471,Interstate,,I471 S,,,39.09731413,-84.48488185,4.343,2/28/2020 0:00,559,3,3,0,1,B,CLEAR,WET,0,1 VEHICLE ENTERING/LEAVING ENTRANCE,ANGLE,STRAIGHT & LEVEL,DARK-HWY LIGHTED/ON,0,0,0,1
26438786,CAMPBELL,I 0471,Interstate,,I471 S,,,39.09943923,-84.4927515,4.796,2/28/2020 0:00,700,2,2,0,0,O,CLOUDY,ICE,0,OTHER ROADWAY OR MID-BLOCK COLLISION,REAR END,STRAIGHT & LEVEL,DAWN,0,0,0,1
26445543,CAMPBELL,US0027,USRoute,,ALEXANDRIA,PIKE,,39.00320739,-84.42327558,13.839,2/28/2020 0:00,1555,2,2,0,0,O,CLOUDY,DRY,0,OTHER ROADWAY OR MID-BLOCK COLLISION,REAR END,STRAIGHT & GRADE,DAYLIGHT,0,0,0,1
26442492,CAMPBELL,US0027,USRoute,,,,,38.99994354,-84.42189736,0.091,2/28/2020 0:00,1557,2,2,0,0,O,CLOUDY,DRY,0,OTHER RAMP RELATED COLLISIONS NOT LISTED ABOVE,REAR END,STRAIGHT & LEVEL,DAYLIGHT,0,0,0,1
26439442,CAMPBELL,I 0275,Interstate,,,,,39.04957981,-84.46356148,0.51,2/28/2020 0:00,544,1,1,0,0,O,"SLEET, HAIL, FREEZING RAIN",ICE,0,COLLISION WITH FIXED OBJECT NOT IN GORE ,SINGLE VEHICLE,CURVE & GRADE,DARK-HWY LIGHTED/ON,0,0,0,1
26444500,CAMPBELL,US0027,USRoute,337,YORK,ST,,39.09273706,-84.4966364,22.26,2/29/2020 0:00,1840,2,2,0,0,O,CLEAR,DRY,0,SIDESWIPE COLLISION - SAME DIRECTION,SIDESWIPE-SAME DIRECTION,STRAIGHT & LEVEL,DARK-HWY LIGHTED/OFF,0,0,0,1
26447818,CAMPBELL,KY1892,StateRoute,95,CAROTHERS,RD,,39.08453626,-84.48207283,2.456,2/29/2020 0:00,1740,2,2,0,0,O,CLEAR,DRY,0,REAR END IN TRAFFIC LANES BOTH VEHICLES MOVING,REAR END,STRAIGHT & LEVEL,DAYLIGHT,0,0,0,1
26441660,CAMPBELL,KY0008,StateRoute,,MARY INGLES,HWY,,39.02867235,-84.35661592,12.687,2/29/2020 0:00,15,1,1,0,0,O,SNOWING,SNOW/SLUSH,0,COLLISION WITH ANIMAL NON INTERSECTION,SINGLE VEHICLE,STRAIGHT & LEVEL,DARK-HWY NOT LIGHTED,0,0,0,1
26444457,CAMPBELL,,OTHR,900,ISABELLA,ST,,39.08403908,-84.49485368,0.215,2/29/2020 0:00,2203,6,6,0,0,O,CLEAR,DRY,1,1 VEHICLE PARKED POSITION (NOT PARKING LOT/DRIVEWAY),SIDESWIPE-SAME DIRECTION,STRAIGHT & LEVEL,DARK-HWY LIGHTED/ON,0,0,0,1
26444781,CAMPBELL,KY0010,StateRoute,,MAIN,ST,E,38.94271786,-84.35988956,3.729,2/29/2020 0:00,840,1,1,0,0,O,CLEAR,DRY,0,COLLISION WITH ANIMAL NON INTERSECTION,SINGLE VEHICLE,CURVE & GRADE,DAYLIGHT,0,0,0,1
26450223,CAMPBELL,US0027,USRoute,,ALEXANDRIA,PIKE,,38.97916146,-84.39389424,11.553,3/1/2020 0:00,1540,1,1,0,0,O,CLEAR,DRY,0,COLLISION WITH ANIMAL IN INTERSECTION,SINGLE VEHICLE,STRAIGHT & LEVEL,DAYLIGHT,1,0,0,1
26447836,CAMPBELL,US0027,USRoute,401,MONMOUTH,ST,,39.09286439,-84.49470986,22.072,3/1/2020 0:00,1917,3,3,0,0,O,CLEAR,DRY,1,1 VEHICLE PARKED POSITION (NOT PARKING LOT/DRIVEWAY),REAR END,STRAIGHT & GRADE,DARK-HWY LIGHTED/ON,0,0,0,1
26445322,CAMPBELL,KY0824,StateRoute,,RACE TRACK,RD,,38.89476762,-84.37333119,0.917,3/1/2020 0:00,434,1,1,0,1,B,CLEAR,DRY,0,COLLISION WITH FIXED OBJECT NON - INTERSECTION - FIRST EVENT COLLISION 09 - 32 EXCLUDING 16,SINGLE VEHICLE,STRAIGHT & LEVEL,DARK-HWY NOT LIGHTED,0,0,0,1
26515982,CAMPBELL,,OTHR,308,COVERT RUN,PIKE,,39.09987181,-84.47670976,0.182,3/1/2020 0:00,1753,2,2,0,0,O,CLEAR,DRY,0,SIDESWIPE COLLISION - SAME DIRECTION,SIDESWIPE-SAME DIRECTION,STRAIGHT & LEVEL,DAYLIGHT,0,0,0,1
26452219,CAMPBELL,I 0471,Interstate,,,,,39.08541031,-84.47465419,0.218,3/1/2020 0:00,1704,2,2,0,0,O,CLOUDY,DRY,0,OTHER RAMP RELATED COLLISIONS NOT LISTED ABOVE,REAR END,CURVE & GRADE,DAYLIGHT,0,0,0,1
26456069,CAMPBELL,KY0009,StateRoute,,LICKING,PIKE,,39.02326641,-84.48086943,17.785,3/2/2020 0:00,1639,2,2,0,0,O,RAINING,WET,0,OTHER ROADWAY OR MID-BLOCK COLLISION,REAR END,STRAIGHT & LEVEL,DAYLIGHT,0,0,0,1
26455397,CAMPBELL,US0027,USRoute,8248,ALEXANDRIA,PIKE,,38.954052,-84.39324429,9.796,3/2/2020 0:00,1430,2,2,0,0,O,RAINING,WET,0,REAR END IN TRAFFIC LANES BOTH VEHICLES MOVING,REAR END,STRAIGHT & LEVEL,DAYLIGHT,0,0,0,1
26485368,CAMPBELL,KY0471,StateRoute,,KY471,,,39.03706412,-84.45410717,0.007,3/2/2020 0:00,1644,2,2,0,0,O,CLOUDY,WET,0,SIDESWIPE COLLISION - SAME DIRECTION,SIDESWIPE-SAME DIRECTION,STRAIGHT & LEVEL,DAYLIGHT,0,0,0,1
26449971,CAMPBELL,KY0009,StateRoute,,AA,HWY,,39.0020941,-84.42293557,13.993,3/2/2020 0:00,831,2,2,0,0,O,CLOUDY,DRY,0,SIDESWIPE COLLISION - SAME DIRECTION,SIDESWIPE-SAME DIRECTION,STRAIGHT & LEVEL,DARK-HWY LIGHTED/ON,0,0,0,1
26466689,CAMPBELL,US0027,USRoute,,ALEXANDRIA,PIKE,,38.98242301,-84.39867363,11.914,3/2/2020 0:00,852,2,2,0,0,O,RAINING,WET,0,1 VEHICLE PARKED POSITION (NOT PARKING LOT/DRIVEWAY),SIDESWIPE-SAME DIRECTION,STRAIGHT & GRADE,DAYLIGHT,0,0,0,1
26489984,CAMPBELL,US0027,USRoute,,ALEXANDRIA,PIKE,,38.92117509,-84.3905742,7.499,3/2/2020 0:00,1819,2,2,0,0,O,CLOUDY,WET,0,OPPOSING LEFT TURN,OPPOSING LEFT TURN,STRAIGHT & LEVEL,DUSK,0,0,0,1
26468131,CAMPBELL,US0027,USRoute,,ALEXANDRIA,PIKE,,38.98234654,-84.39779924,11.859,3/2/2020 0:00,1934,2,2,0,0,O,CLEAR,DRY,0,OTHER INTERSECTION COLLISIONS,REAR END,STRAIGHT & LEVEL,DARK-HWY LIGHTED/ON,1,0,0,1
26456073,CAMPBELL,KY0009,StateRoute,,AA,HWY,,39.01814407,-84.48002763,17.39,3/2/2020 0:00,722,2,2,0,0,O,RAINING,WET,0,OTHER INTERSECTION COLLISIONS,REAR END,STRAIGHT & LEVEL,DAYLIGHT,1,0,0,1
26455395,CAMPBELL,US0027,USRoute,,ALEXANDRIA,PIKE,,38.97294257,-84.39225544,11.118,3/2/2020 0:00,808,2,2,0,0,O,RAINING,WET,0,SIDESWIPE-SAME DIRECTION,SIDESWIPE-SAME DIRECTION,STRAIGHT & LEVEL,DAYLIGHT,0,0,0,1
26508553,CAMPBELL,,OTHR,5636,ALEXANDRIA,PIKE,E,39.01982443,-84.43110694,0.317,3/3/2020 0:00,1900,1,1,0,0,O,CLEAR,DRY,0,COLLISION WITH FIXED OBJECT NON - INTERSECTION - FIRST EVENT COLLISION 09 - 32 EXCLUDING 16,SINGLE VEHICLE,STRAIGHT & LEVEL,DARK-HWY NOT LIGHTED,0,0,0,1
26497046,CAMPBELL,,OTHR,302,DAYTON,PIKE,,39.10743171,-84.4643159,0.307,3/3/2020 0:00,1657,1,1,0,0,O,CLEAR,DRY,0,COLLISION WITH FIXED OBJECT NON - INTERSECTION - FIRST EVENT COLLISION 09 - 32 EXCLUDING 16,SINGLE VEHICLE,CURVE & HILLCREST,DAYLIGHT,0,0,0,1
26499864,CAMPBELL,KY1120,StateRoute,402,10TH,ST,E,39.08941263,-84.48481068,1.073,3/3/2020 0:00,1535,2,2,0,0,O,CLEAR,DRY,0,1 VEHICLE PARKED POSITION (NOT PARKING LOT/DRIVEWAY),BACKING,STRAIGHT & LEVEL,DAYLIGHT,0,0,0,1
26466293,CAMPBELL,I 0471,Interstate,,I471 N,,,39.07409746,-84.46563817,2.356,3/3/2020 0:00,731,2,2,0,0,O,CLOUDY,WET,0,REAR END IN TRAFFIC LANES BOTH VEHICLES MOVING,REAR END,STRAIGHT & LEVEL,DAWN,0,0,0,1
26461025,CAMPBELL,KY1998,StateRoute,,POOLES CREEK,RD,,39.01547735,-84.45884426,0.732,3/3/2020 0:00,1515,2,2,0,0,O,CLEAR,DRY,1,SIDESWIPE COLLISION - OPPOSITE DIRECTION,SIDESWIPE-OPPOSITE DIRECTION,CURVE & LEVEL,DAYLIGHT,0,0,0,1
26464183,CAMPBELL,KY1892,StateRoute,1359,GRAND,AVE,,39.0835235,-84.47133112,1.756,3/3/2020 0:00,1756,2,2,0,0,O,CLEAR,DRY,0,1 VEHICLE ENTERING/LEAVING ENTRANCE,ANGLE,STRAIGHT & GRADE,DAYLIGHT,0,0,0,1
26465772,CAMPBELL,,OTHR,100,ELECTRIC,AVE,,39.07092322,-84.47207408,0.45,3/4/2020 0:00,1533,2,2,0,0,O,CLOUDY,DRY,0,VEHICLE BACKING NON INTERSECTION,BACKING,STRAIGHT & LEVEL,DAYLIGHT,0,0,0,1
26465768,CAMPBELL,I 0471,Interstate,,I471 N,,,39.05163214,-84.46701429,0.626,3/4/2020 0:00,851,2,2,0,1,B,CLEAR,DRY,0,SIDESWIPE COLLISION - SAME DIRECTION,SIDESWIPE-SAME DIRECTION,CURVE & LEVEL,DAYLIGHT,0,0,0,1
27536959,CAMPBELL,US0027,USRoute,,ALEXANDRIA,PIKE,,38.96463284,-84.39277649,10.527,3/4/2020 0:00,59,2,2,0,1,B,CLEAR,DRY,0,HEAD-ON COLLISION,HEAD ON,STRAIGHT & LEVEL,DARK-HWY LIGHTED/ON,0,0,0,1
26497045,CAMPBELL,,OTHR,,THORNTON,ST,,39.10857623,-84.47817803,0.223,3/4/2020 0:00,1139,3,3,0,0,O,CLEAR,DRY,0,1 VEHICLE PARKED POSITION (NOT PARKING LOT/DRIVEWAY),REAR END,STRAIGHT & HILLCREST,DAYLIGHT,0,0,0,1
26486184,CAMPBELL,,OTHR,,TAYLOR,AVE,,39.10147069,-84.4793672,0.502,3/4/2020 0:00,2017,2,2,0,0,O,CLEAR,DRY,0,OPPOSITE DIRECTION - BOTH VEHICLES GOING STRAIGHT AHEAD,SIDESWIPE-OPPOSITE DIRECTION,STRAIGHT & LEVEL,DARK-HWY LIGHTED/ON,0,0,0,1
26515701,CAMPBELL,KY0008,StateRoute,1100,4TH,AVE,,39.11497716,-84.4648235,3.068,3/4/2020 0:00,1100,2,2,0,0,O,CLOUDY,MUD-DIRT,1,1 VEHICLE PARKED POSITION (NOT PARKING LOT/DRIVEWAY),SIDESWIPE-SAME DIRECTION,STRAIGHT & LEVEL,DAYLIGHT,0,0,0,1
26464816,CAMPBELL,KY0547,StateRoute,,FOUR MILE,RD,,39.01299742,-84.37112071,4.435,3/4/2020 0:00,1940,1,1,0,0,O,CLOUDY,DRY,0,COLLISION WITH ANIMAL NON INTERSECTION,SINGLE VEHICLE,CURVE & LEVEL,DARK-HWY NOT LIGHTED,0,0,0,1
26473419,CAMPBELL,KY0009,StateRoute,,AA,HWY,,39.00994604,-84.46911581,16.529,3/5/2020 0:00,1051,2,2,0,1,B,CLEAR,DRY,0,ANGLE COLLISION - OTHER,ANGLE,STRAIGHT & LEVEL,DAYLIGHT,0,0,0,1
27042569,CAMPBELL,KY0009,StateRoute,,AA,HWY,,38.98884492,-84.3951231,12.128,3/5/2020 0:00,1445,2,1,0,1,B,CLEAR,DRY,0,ANGLE COLLISION - OTHER,ANGLE,STRAIGHT & LEVEL,DAYLIGHT,0,0,0,1
26470150,CAMPBELL,I 0275,Interstate,,I275 E,,,39.05646901,-84.43231099,,3/5/2020 0:00,1603,2,2,0,0,O,CLEAR,DRY,0,REAR END IN TRAFFIC LANES BOTH VEHICLES MOVING,REAR END,STRAIGHT & LEVEL,DAYLIGHT,0,0,0,1
26467051,CAMPBELL,,OTHR,100,LOUIE B NUNN,DR,,39.03281202,-84.4631065,0.048,3/5/2020 0:00,45,1,1,0,0,O,CLEAR,DRY,0,OTHER ROADWAY OR MID-BLOCK COLLISION,SINGLE VEHICLE,STRAIGHT & LEVEL,DARK-HWY LIGHTED/ON,0,0,0,1
26471422,CAMPBELL,I 0471,Interstate,,,,,39.09282176,-84.47909753,0.196,3/5/2020 0:00,1908,2,2,0,0,O,CLOUDY,DRY,0,OTHER RAMP RELATED COLLISIONS NOT LISTED ABOVE,REAR END,CURVE & LEVEL,DARK-HWY LIGHTED/ON,0,0,0,1
26473418,CAMPBELL,I 0275,Interstate,,,,,39.02193587,-84.4833919,0.172,3/6/2020 0:00,657,2,2,0,0,O,RAINING,WET,0,OTHER RAMP RELATED COLLISIONS NOT LISTED ABOVE,SIDESWIPE-SAME DIRECTION,STRAIGHT & LEVEL,DAWN,0,0,0,1
26477874,CAMPBELL,,OTHR,,ST JOHNS,LN,,39.01100686,-84.46931807,0.048,3/6/2020 0:00,1104,2,2,0,0,O,SNOWING,DRY,0,OTHER ROADWAY OR MID-BLOCK COLLISION,OPPOSING LEFT TURN,STRAIGHT & LEVEL,DAYLIGHT,0,0,0,1
26484704,CAMPBELL,KY1632,StateRoute,,MOOCK,RD,,39.06829342,-84.4667258,1.621,3/6/2020 0:00,1631,2,2,0,0,O,CLOUDY,DRY,0,OTHER ROADWAY OR MID-BLOCK COLLISION,REAR END,CURVE & HILLCREST,DAYLIGHT,0,0,0,1
26475587,CAMPBELL,I 0471,Interstate,,I471 N,,,39.10008502,-84.49357753,4.858,3/6/2020 0:00,1857,2,2,0,0,O,CLOUDY,DRY,0,OTHER ROADWAY OR MID-BLOCK COLLISION,REAR END,STRAIGHT & GRADE,DARK-HWY LIGHTED/ON,0,0,0,1
26512696,CAMPBELL,US0027,USRoute,2416,ALEXANDRIA,PIKE,,39.07392711,-84.47332618,20.296,3/6/2020 0:00,1827,2,2,0,0,O,CLOUDY,DRY,0,HEAD-ON COLLISION,HEAD ON,STRAIGHT & GRADE,DARK-HWY LIGHTED/ON,0,0,0,1
26487273,CAMPBELL,KY0009,StateRoute,,AA,HWY,,38.98892502,-84.39556752,12.108,3/6/2020 0:00,1800,2,2,0,1,C,CLEAR,DRY,0,OPPOSING LEFT TURN,OPPOSING LEFT TURN,STRAIGHT & LEVEL,DAYLIGHT,0,0,0,1
26474988,CAMPBELL,KY1892,StateRoute,,CAROTHERS,RD,,39.08637145,-84.47724449,2.152,3/6/2020 0:00,1543,2,2,0,0,O,CLOUDY,DRY,0,OTHER INTERSECTION COLLISIONS,REAR END,CURVE & GRADE,DAYLIGHT,1,0,0,1
26471884,CAMPBELL,KY1120,StateRoute,,10TH,ST,E,39.08963908,-84.48449873,1.079,3/6/2020 0:00,533,2,2,0,0,O,RAINING,WET,0,OTHER INTERSECTION COLLISIONS,REAR END,STRAIGHT & HILLCREST,DARK-HWY LIGHTED/ON,1,0,0,1
26474281,CAMPBELL,,OTHR,10,DAVE COWENS,DR,,39.09593399,-84.49545352,0.088,3/6/2020 0:00,1300,2,2,0,0,O,CLEAR,DRY,0,1 VEHICLE PARKED POSITION (NOT PARKING LOT/DRIVEWAY),BACKING,STRAIGHT & LEVEL,DAYLIGHT,0,0,0,1
26482378,CAMPBELL,KY0009,StateRoute,,LICKING,PIKE,,39.06586553,-84.48691571,20.928,3/7/2020 0:00,321,1,1,0,0,O,CLOUDY,DRY,0,COLLISION WITH ANIMAL IN INTERSECTION,SINGLE VEHICLE,STRAIGHT & LEVEL,DARK-HWY LIGHTED/ON,1,0,0,1