IncidentID,County,RdwyNumber,RdwyType,Street,RoadwayName,StreetSfx,StreetDir,Latitude,Longitude,Milepoint,CollisionDate,CollisionTime,UnitsInvolved,MotorVehiclesInvolved,NumberKilled,NumberInjured,KABCO,Weather,RdwyConditionCode,HitandRun,DirAnalysisCode,MannerofCollision,RdwyCharacter,LightCondition,Intersection Crash,Bicyclist,Pedestrian,Motor Vehicles
26486186,CAMPBELL,,OTHR,,WARD,AVE,,39.10621119,-84.47948746,0.346,3/7/2020 0:00,1600,2,2,0,0,O,CLEAR,DRY,0,COLLISION WITH PARKED VEHICLE,HEAD ON,STRAIGHT & LEVEL,DAYLIGHT,0,0,0,1
26595922,CAMPBELL,KY1120,StateRoute,,MEMORIAL,PKWY,,39.0926385,-84.47851551,1.494,3/7/2020 0:00,18,2,2,0,0,O,CLOUDY,DRY,1,ANGLE COLLISION - ONE VEHICLE TURNING LEFT,ANGLE,STRAIGHT & GRADE,DARK-HWY LIGHTED/ON,0,0,0,1
26478361,CAMPBELL,,OTHR,,NEWPORT SHOPPING CENTER,,,39.08394451,-84.48107101,0.306,3/7/2020 0:00,1015,2,2,0,0,O,CLEAR,DRY,0,1 VEHICLE ENTERING/LEAVING ENTRANCE,ANGLE,STRAIGHT & LEVEL,DAYLIGHT,0,0,0,1
26497042,CAMPBELL,,OTHR,,DAYTON,PIKE,,39.10798982,-84.45934243,0.007,3/8/2020 0:00,1809,2,2,0,2,B,CLEAR,DRY,0,OTHER ROADWAY OR MID-BLOCK COLLISION,OPPOSING LEFT TURN,STRAIGHT & LEVEL,DAYLIGHT,0,0,0,1
26481089,CAMPBELL,US0027,USRoute,300,MONMOUTH,ST,,39.09323307,-84.49505188,22.104,3/8/2020 0:00,1300,2,2,0,0,O,CLEAR,DRY,0,SIDESWIPE COLLISION - SAME DIRECTION,SIDESWIPE-SAME DIRECTION,STRAIGHT & GRADE,DAYLIGHT,0,0,0,1
26512695,CAMPBELL,,OTHR,,EVERGREEN,AVE,,39.07060733,-84.47119251,0.283,3/8/2020 0:00,1723,2,2,0,0,O,CLEAR,DRY,0,1 VEHICLE PARKED POSITION (NOT PARKING LOT/DRIVEWAY),BACKING,STRAIGHT & GRADE,DAYLIGHT,0,0,0,1
26483336,CAMPBELL,,OTHR,,NELSON,RD,,38.97473694,-84.35526865,0.386,3/8/2020 0:00,1600,1,1,0,0,O,CLEAR,DRY,0,COLLISION WITH FIXED OBJECT NON - INTERSECTION - FIRST EVENT COLLISION 09 - 32 EXCLUDING 16,SINGLE VEHICLE,STRAIGHT & LEVEL,DAYLIGHT,0,0,0,1
26549545,CAMPBELL,,OTHR,65,SHAW,LN,,39.07934695,-84.44288091,0.19,3/9/2020 0:00,1025,2,2,0,0,O,CLEAR,DRY,1,1 VEHICLE PARKED POSITION (NOT PARKING LOT/DRIVEWAY),BACKING,CURVE & LEVEL,DAYLIGHT,0,0,0,1
26503493,CAMPBELL,US0027,USRoute,,ALEXANDRIA,PIKE,,38.97358504,-84.39224801,11.159,3/9/2020 0:00,1711,3,3,0,1,C,CLEAR,DRY,0,OTHER INTERSECTION COLLISIONS,REAR END,STRAIGHT & LEVEL,DAYLIGHT,1,0,0,1
26490799,CAMPBELL,KY1892,StateRoute,85,GRAND,AVE,N,39.07854218,-84.4649954,1.263,3/9/2020 0:00,1740,2,2,0,0,O,CLOUDY,DRY,0,REAR END IN TRAFFIC LANES BOTH VEHICLES MOVING,REAR END,STRAIGHT & GRADE,DAYLIGHT,0,0,0,1
26493916,CAMPBELL,US0027,USRoute,,ALEXANDRIA,PIKE,,39.03557974,-84.45419644,16.653,3/9/2020 0:00,1320,2,2,0,0,O,CLOUDY,DRY,0,OTHER ROADWAY OR MID-BLOCK COLLISION,REAR END,STRAIGHT & LEVEL,DAYLIGHT,0,0,0,1
26487540,CAMPBELL,I 0471,Interstate,,,,,39.0642088,-84.46637986,0.122,3/9/2020 0:00,733,2,2,0,0,O,CLEAR,DRY,0,OTHER RAMP RELATED COLLISIONS NOT LISTED ABOVE,REAR END,STRAIGHT & GRADE,DAYLIGHT,0,0,0,1
26492198,CAMPBELL,KY0009,StateRoute,,AA,HWY,,39.00180108,-84.41311681,13.46,3/10/2020 0:00,645,2,2,0,0,O,RAINING,WET,0,SIDESWIPE COLLISION - SAME DIRECTION,SIDESWIPE-SAME DIRECTION,STRAIGHT & GRADE,DARK-HWY LIGHTED/ON,0,0,0,1
26493354,CAMPBELL,US0027,USRoute,900,YORK,ST,,39.08742925,-84.49181761,21.811,3/10/2020 0:00,748,2,2,0,0,O,RAINING,WET,0,SIDESWIPE COLLISION - SAME DIRECTION,SIDESWIPE-SAME DIRECTION,STRAIGHT & GRADE,DAWN,0,0,0,1
26495292,CAMPBELL,KY0009,StateRoute,,AA,HWY,,39.0158572,-84.47759911,17.183,3/10/2020 0:00,829,2,2,0,0,O,RAINING,WET,0,REAR END IN TRAFFIC LANES BOTH VEHICLES MOVING,REAR END,STRAIGHT & LEVEL,DAYLIGHT,0,0,0,1
26544397,CAMPBELL,KY1892,StateRoute,,CAROTHERS,RD,,39.08401534,-84.48365628,2.552,3/10/2020 0:00,730,2,2,0,0,O,RAINING,WET,0,SIDESWIPE COLLISION - SAME DIRECTION,SIDESWIPE-SAME DIRECTION,STRAIGHT & LEVEL,DAYLIGHT,0,0,0,1
26495578,CAMPBELL,,OTHR,81,18TH,ST,,39.08047373,-84.48626634,0.247,3/10/2020 0:00,900,2,2,0,0,O,,,1,1 VEHICLE PARKED POSITION (NOT PARKING LOT/DRIVEWAY),,,DARK-HWY LIGHTED/ON,0,0,0,1
26525907,CAMPBELL,,OTHR,3163,CALIFORNIA,XRD,,38.9059551,-84.2890967,0.643,3/10/2020 0:00,1714,1,1,0,0,O,CLEAR,DRY,0,COLLISION WITH FIXED OBJECT NON - INTERSECTION - FIRST EVENT COLLISION 09 - 32 EXCLUDING 16,SINGLE VEHICLE,CURVE & GRADE,DAYLIGHT,0,0,0,1
26502354,CAMPBELL,KY1120,StateRoute,2350,MEMORIAL,PKWY,,39.08563334,-84.44937257,3.613,3/11/2020 0:00,1447,2,1,0,0,O,CLEAR,DRY,0,COLLISION WITH PEDESTRIAN NON - INTERSECTION,SINGLE VEHICLE,CURVE & LEVEL,DAWN,0,0,1,0
26503361,CAMPBELL,US0027,USRoute,,ALEXANDRIA,PIKE,,38.98579574,-84.40312673,12.235,3/11/2020 0:00,1804,2,2,0,3,C,CLEAR,DRY,0,SIDESWIPE-SAME DIRECTION,SIDESWIPE-SAME DIRECTION,STRAIGHT & GRADE,DAYLIGHT,0,0,0,1
26499799,CAMPBELL,KY0009,StateRoute,,AA,HWY,,39.00969718,-84.46913102,16.529,3/11/2020 0:00,1719,2,2,0,0,O,CLOUDY,DRY,0,ANGLE COLLISION - OTHER,ANGLE,STRAIGHT & LEVEL,DAYLIGHT,0,0,0,1
26508560,CAMPBELL,KY0009,StateRoute,,AA,HWY,,39.00796151,-84.45914868,15.893,3/11/2020 0:00,2004,1,1,0,0,O,CLOUDY,DRY,0,COLLISION WITH ANIMAL NON INTERSECTION,SINGLE VEHICLE,STRAIGHT & GRADE,DARK-HWY NOT LIGHTED,0,0,0,1
26522035,CAMPBELL,,OTHR,200,13TH,ST,W,39.08105485,-84.49059589,0.317,3/11/2020 0:00,952,2,2,0,0,O,CLEAR,DRY,0,1 VEHICLE PARKED POSITION (NOT PARKING LOT/DRIVEWAY),SIDESWIPE-OPPOSITE DIRECTION,STRAIGHT & LEVEL,DAYLIGHT,0,0,0,1
26522448,CAMPBELL,KY1120,StateRoute,,MEMORIAL,PKWY,,39.08279511,-84.45077816,3.895,3/11/2020 0:00,800,2,2,0,0,O,CLEAR,DRY,0,1 VEHICLE PARKED POSITION (NOT PARKING LOT/DRIVEWAY),SIDESWIPE-OPPOSITE DIRECTION,STRAIGHT & LEVEL,DAYLIGHT,0,0,0,1
26524537,CAMPBELL,I 0275,Interstate,,I275 W,,,39.04925219,-84.44909219,74.331,3/11/2020 0:00,1956,2,2,0,0,O,CLEAR,DRY,1,SIDESWIPE COLLISION - SAME DIRECTION,SIDESWIPE-SAME DIRECTION,STRAIGHT & GRADE,DUSK,0,0,0,1
26503960,CAMPBELL,US0027,USRoute,,ALEXANDRIA,PIKE,,38.96621039,-84.39301503,10.644,3/11/2020 0:00,1248,1,1,0,0,O,CLOUDY,DRY,0,OTHER ROADWAY OR MID-BLOCK COLLISION,SINGLE VEHICLE,STRAIGHT & LEVEL,DAYLIGHT,0,0,0,1
26525906,CAMPBELL,KY0009,StateRoute,,AA,HWY,,38.97672724,-84.36451378,10.247,3/11/2020 0:00,129,1,1,0,0,O,CLOUDY,DRY,0,OTHER ROADWAY OR MID-BLOCK COLLISION,SINGLE VEHICLE,STRAIGHT & GRADE,DARK-HWY NOT LIGHTED,0,0,0,1
26513877,CAMPBELL,,OTHR,116,RIDGE HILL,DR,,39.02197967,-84.46211376,0.169,3/12/2020 0:00,1522,2,2,0,0,O,CLOUDY,DRY,1,1 VEHICLE PARKED POSITION (NOT PARKING LOT/DRIVEWAY),SIDESWIPE-OPPOSITE DIRECTION,STRAIGHT & LEVEL,UNKNOWN,0,0,0,1
26535359,CAMPBELL,US0027,USRoute,,ALEXANDRIA,PIKE,,39.02741044,-84.44907892,16.017,3/12/2020 0:00,727,3,3,0,1,C,CLEAR,DRY,0,REAR END IN TRAFFIC LANES BOTH VEHICLES MOVING,REAR END,STRAIGHT & LEVEL,DAYLIGHT,0,0,0,1
26508021,CAMPBELL,I 0471,Interstate,1.6,I471 N,,,39.06366189,-84.46768454,1.415,3/12/2020 0:00,1810,1,1,0,0,O,RAINING,WET,0,OTHER COLLISIONS ON SHOULDER,SINGLE VEHICLE,CURVE & LEVEL,DAYLIGHT,0,0,0,1
26507766,CAMPBELL,I 0471,Interstate,,I471 S,,,39.0885921,-84.47500294,3.522,3/12/2020 0:00,1825,1,1,0,0,O,RAINING,WET,0,OTHER COLLISIONS ON SHOULDER,SINGLE VEHICLE,STRAIGHT & LEVEL,DAYLIGHT,0,0,0,1
26509443,CAMPBELL,,OTHR,,TOWN,DR,,39.01777895,-84.48194986,0.106,3/12/2020 0:00,1307,2,2,0,0,O,CLOUDY,DRY,0,HEAD-ON COLLISION,HEAD ON,STRAIGHT & GRADE,DAYLIGHT,0,0,0,1
26508022,CAMPBELL,I 0471,Interstate,0.6,I471 N,,,39.05187843,-84.4672448,0.647,3/12/2020 0:00,1844,3,3,0,0,O,RAINING,WET,0,SIDESWIPE COLLISION - SAME DIRECTION,SIDESWIPE-SAME DIRECTION,CURVE & LEVEL,DAYLIGHT,0,0,0,1
26509601,CAMPBELL,KY0709,StateRoute,,ALEXANDRIA,PIKE,E,38.98249333,-84.39784111,0.017,3/12/2020 0:00,1601,2,2,0,0,O,CLOUDY,DRY,0,OTHER INTERSECTION COLLISIONS,REAR END,STRAIGHT & LEVEL,DAYLIGHT,1,0,0,1
26525255,CAMPBELL,US0027,USRoute,,MONMOUTH,ST,,39.09303827,-84.49485183,22.086,3/13/2020 0:00,1700,2,2,0,0,O,CLEAR,DRY,0,ANGLE COLLISION - OTHER,ANGLE,STRAIGHT & LEVEL,DAYLIGHT,0,0,0,1
26510726,CAMPBELL,I 0471,Interstate,,I471 N,,,39.10027132,-84.49398398,4.883,3/13/2020 0:00,737,3,3,0,0,O,CLEAR,DRY,0,REAR END IN TRAFFIC LANES BOTH VEHICLES MOVING,REAR END,STRAIGHT & LEVEL,DAYLIGHT,0,0,0,1
26509563,CAMPBELL,,OTHR,55,16TH,ST,,39.08242438,-84.48573342,0.094,3/13/2020 0:00,1231,2,2,0,0,O,CLEAR,DRY,0,1 VEHICLE PARKED POSITION (NOT PARKING LOT/DRIVEWAY),SIDESWIPE-SAME DIRECTION,STRAIGHT & GRADE,DAYLIGHT,0,0,0,1
26538809,CAMPBELL,I 0471,Interstate,,,,,39.08545824,-84.47465294,0.215,3/13/2020 0:00,520,2,2,0,0,O,CLEAR,DRY,0,OTHER RAMP RELATED COLLISIONS NOT LISTED ABOVE,REAR END,STRAIGHT & LEVEL,DAYLIGHT,0,0,0,1
26514872,CAMPBELL,KY0536,StateRoute,,CREEKTRACE,RD,,38.93565874,-84.41697255,2.131,3/14/2020 0:00,1947,1,1,0,0,O,CLEAR,WET,0,OTHER ROADWAY OR MID-BLOCK COLLISION,SINGLE VEHICLE,CURVE & LEVEL,DARK-HWY NOT LIGHTED,0,0,0,1
26545432,CAMPBELL,,OTHR,15,DONNERMEYER,BLVD,,39.09865087,-84.48071402,0.171,3/14/2020 0:00,1431,2,2,0,0,O,RAINING,WET,0,1 VEHICLE ENTERING/LEAVING ENTRANCE,ANGLE,STRAIGHT & LEVEL,DAYLIGHT,0,0,0,1
26537091,CAMPBELL,KY0471,StateRoute,,KY471,,,39.03714317,-84.45409508,0.014,3/14/2020 0:00,1600,2,2,0,0,O,RAINING,WET,0,REAR END IN TRAFFIC LANES BOTH VEHICLES MOVING,REAR END,STRAIGHT & LEVEL,DAYLIGHT,0,0,0,1
26516449,CAMPBELL,KY0915,StateRoute,,LICKING,PIKE,,38.92919589,-84.4017331,1.046,3/14/2020 0:00,2009,1,1,0,0,O,CLOUDY,DRY,0,COLLISION WITH ANIMAL NON INTERSECTION,SINGLE VEHICLE,STRAIGHT & LEVEL,DARK-HWY NOT LIGHTED,0,0,0,1
26530427,CAMPBELL,I 0471,Interstate,2.1,I471 S,,,39.07341442,-84.46500652,2.318,3/14/2020 0:00,1212,1,1,0,1,C,CLEAR,DRY,0,COLLISION WITH FIXED OBJECT NON - INTERSECTION - FIRST EVENT COLLISION 09 - 32 EXCLUDING 16,SINGLE VEHICLE,CURVE & GRADE,DAYLIGHT,0,0,0,1
26513687,CAMPBELL,KY0008,StateRoute,100,4TH,ST,W,39.09151532,-84.49761051,0.455,3/14/2020 0:00,1501,2,2,0,0,O,RAINING,WET,0,SIDESWIPE-SAME DIRECTION,SIDESWIPE-SAME DIRECTION,STRAIGHT & GRADE,DAYLIGHT,0,0,0,1
26522449,CAMPBELL,US0027,USRoute,,ALEXANDRIA,PIKE,,39.05643355,-84.44956965,18.306,3/15/2020 0:00,1125,1,1,0,0,O,CLEAR,DRY,0,COLLISION WITH FIXED OBJECT NON - INTERSECTION - FIRST EVENT COLLISION 09 - 32 EXCLUDING 16,SINGLE VEHICLE,STRAIGHT & GRADE,DAYLIGHT,0,0,0,1
26530854,CAMPBELL,,OTHR,,TAYLOR,AVE,,39.10072114,-84.4785958,0.555,3/15/2020 0:00,1244,1,1,0,0,O,CLEAR,DRY,0,OTHER ROADWAY OR MID-BLOCK COLLISION,SINGLE VEHICLE,STRAIGHT & GRADE,DAYLIGHT,0,0,0,1
26523351,CAMPBELL,I 0471,Interstate,,I-471,HWY,N,39.08730693,-84.47406352,0.454,3/16/2020 0:00,2300,1,1,0,1,B,RAINING,WET,0,OVERTURNED ON RAMP,SINGLE VEHICLE,CURVE & LEVEL,DARK-HWY LIGHTED/ON,0,0,0,1
26520902,CAMPBELL,US0027,USRoute,,ALEXANDRIA,PIKE,,39.01890153,-84.43670335,15.108,3/16/2020 0:00,1115,2,2,0,0,O,CLEAR,DRY,0,REAR END IN TRAFFIC LANES BOTH VEHICLES MOVING,REAR END,STRAIGHT & LEVEL,DAYLIGHT,0,0,0,1
26520501,CAMPBELL,US0027,USRoute,,ALEXANDRIA,PIKE,,38.99137167,-84.40855809,12.727,3/16/2020 0:00,615,1,1,0,0,O,CLEAR,DRY,0,COLLISION WITH ANIMAL NON INTERSECTION,SINGLE VEHICLE,STRAIGHT & GRADE,DARK-HWY NOT LIGHTED,0,0,0,1
26525456,CAMPBELL,KY1892,StateRoute,,CAROTHERS,RD,,39.08639595,-84.47721143,2.154,3/17/2020 0:00,1158,2,2,0,0,O,CLOUDY,DRY,0,OPPOSING LEFT TURN,OPPOSING LEFT TURN,STRAIGHT & GRADE,DAYLIGHT,0,0,0,1
26530401,CAMPBELL,US0027,USRoute,,ALEXANDRIA,PIKE,,38.95793139,-84.39298395,10.067,3/17/2020 0:00,2233,2,2,0,2,B,CLEAR,DRY,0,ANGLE COLLISION - OTHER,ANGLE,STRAIGHT & HILLCREST,DARK-HWY LIGHTED/ON,0,0,0,1
26560242,CAMPBELL,KY0008,StateRoute,,4TH,AVE,,39.11485403,-84.46337105,3.147,3/17/2020 0:00,1450,2,1,0,0,O,CLEAR,DRY,0,VEHICLE BACKING NON INTERSECTION,BACKING,STRAIGHT & LEVEL,DAYLIGHT,0,0,0,1
26530771,CAMPBELL,US0027,USRoute,,ALEXANDRIA,PIKE,,39.02776133,-84.44931893,16.043,3/17/2020 0:00,1455,2,2,0,0,O,CLEAR,DRY,0,OTHER ROADWAY OR MID-BLOCK COLLISION,REAR TO REAR,STRAIGHT & LEVEL,DAYLIGHT,0,0,0,1
26541349,CAMPBELL,KY0008,StateRoute,500,FAIRFIELD,AVE,,39.10463996,-84.48526612,1.712,3/17/2020 0:00,1636,2,2,0,0,O,CLEAR,DRY,0,REAR END IN TRAFFIC LANES BOTH VEHICLES MOVING,REAR END,STRAIGHT & LEVEL,DAYLIGHT,0,0,0,1
26533497,CAMPBELL,KY0009,StateRoute,,LICKING,PIKE,,39.02239993,-84.48097655,17.717,3/17/2020 0:00,738,3,3,0,0,O,CLOUDY,DRY,0,REAR END IN TRAFFIC LANES BOTH VEHICLES MOVING,REAR END,STRAIGHT & LEVEL,DARK-HWY LIGHTED/ON,0,0,0,1
26533214,CAMPBELL,I 0471,Interstate,,I471 N,,,39.05233399,-84.46788418,0.695,3/18/2020 0:00,1422,1,1,0,0,O,RAINING,WET,0,RAN OFF ROADWAY (1 VEHICLE WITH/EARTH EMBANKMENT/DITCH),SINGLE VEHICLE,CURVE & LEVEL,DAYLIGHT,0,0,0,1
26535126,CAMPBELL,,OTHR,,WOESTE,RD,,38.91698484,-84.3826279,0.525,3/18/2020 0:00,1442,1,1,0,0,O,RAINING,WET,0,RAN OFF ROADWAY (1 VEHICLE WITH/EARTH EMBANKMENT/DITCH),SINGLE VEHICLE,CURVE & GRADE,DAYLIGHT,0,0,0,1
26530778,CAMPBELL,US0027,USRoute,,YORK,ST,,39.08499613,-84.48957927,21.601,3/18/2020 0:00,941,2,2,0,0,O,CLOUDY,WET,0,OPPOSING LEFT TURN,OPPOSING LEFT TURN,STRAIGHT & LEVEL,DAYLIGHT,0,0,0,1
26569788,CAMPBELL,US0027,USRoute,,ALEXANDRIA,PIKE,,39.03372396,-84.45337913,16.517,3/18/2020 0:00,1437,2,2,0,0,O,RAINING,WET,0,OTHER INTERSECTION COLLISIONS,REAR END,STRAIGHT & LEVEL,DAYLIGHT,1,0,0,1
26533240,CAMPBELL,KY1120,StateRoute,2155,MEMORIAL,PKWY,,39.09102961,-84.45144774,3.189,3/18/2020 0:00,2302,1,1,0,0,O,RAINING,WET,0,COLLISION WITH ANIMAL NON INTERSECTION,SINGLE VEHICLE,STRAIGHT & LEVEL,DARK-HWY LIGHTED/ON,0,0,0,1
26536321,CAMPBELL,,OTHR,130,NEWPORT PAVILION,,,39.09010707,-84.47805123,0.245,3/19/2020 0:00,1725,2,2,0,0,O,RAINING,WET,1,1 VEHICLE PARKED POSITION (NOT PARKING LOT/DRIVEWAY),ANGLE,STRAIGHT & LEVEL,DAYLIGHT,0,0,0,1
26536112,CAMPBELL,,OTHR,600,SARATOGA,ST,,39.09213698,-84.49201594,0.478,3/19/2020 0:00,2115,2,2,0,0,O,CLEAR,WET,0,1 VEHICLE ENTERING/LEAVING ENTRANCE,ANGLE,STRAIGHT & LEVEL,DARK-HWY LIGHTED/ON,0,0,0,1
26535738,CAMPBELL,,OTHR,,NEWPORT PAVILION,,,39.08795669,-84.47608638,0.472,3/19/2020 0:00,2008,2,2,0,0,O,RAINING,WET,0,1 VEHICLE ENTERING/LEAVING ENTRANCE,ANGLE,STRAIGHT & HILLCREST,DARK-HWY LIGHTED/ON,0,0,0,1
26535786,CAMPBELL,KY0536,StateRoute,,CREEKTRACE,RD,,38.93488609,-84.41934949,1.981,3/19/2020 0:00,1653,2,2,0,0,O,RAINING,WET,0,SIDESWIPE COLLISION - OPPOSITE DIRECTION,SIDESWIPE-OPPOSITE DIRECTION,CURVE & LEVEL,DAYLIGHT,0,0,0,1
26535125,CAMPBELL,I 0275,Interstate,,I275 W,,,39.05617345,-84.43342196,,3/19/2020 0:00,1447,2,2,0,0,O,RAINING,WET,1,SIDESWIPE COLLISION - SAME DIRECTION,SIDESWIPE-SAME DIRECTION,STRAIGHT & LEVEL,DAYLIGHT,0,0,0,1
26549209,CAMPBELL,KY1120,StateRoute,500,11TH,ST,W,39.08130719,-84.49621514,0.232,3/20/2020 0:00,1728,3,3,0,0,O,CLOUDY,DRY,0,OTHER ROADWAY OR MID-BLOCK COLLISION,REAR END,STRAIGHT & LEVEL,DAYLIGHT,0,0,0,1
26539218,CAMPBELL,US0027,USRoute,,ALEXANDRIA,PIKE,,39.00446737,-84.42470167,13.952,3/20/2020 0:00,1845,2,2,0,0,O,CLOUDY,DRY,1,REAR END IN TRAFFIC LANES BOTH VEHICLES MOVING,REAR END,STRAIGHT & GRADE,DAYLIGHT,0,0,0,1
26546122,CAMPBELL,,OTHR,,FT THOMAS,AVE,N,39.09400383,-84.44927787,0.811,3/20/2020 0:00,1600,2,2,0,0,O,RAINING,WET,1,1 VEHICLE PARKED POSITION (NOT PARKING LOT/DRIVEWAY),BACKING,CURVE & LEVEL,DAYLIGHT,0,0,0,1
26544395,CAMPBELL,KY1120,StateRoute,100 BLOCK,10TH,ST,E,39.08732476,-84.48863756,0.804,3/22/2020 0:00,913,2,2,0,0,O,CLEAR,DRY,1,1 VEHICLE PARKED POSITION (NOT PARKING LOT/DRIVEWAY),BACKING,STRAIGHT & LEVEL,DAYLIGHT,0,0,0,1
26551583,CAMPBELL,KY2238,StateRoute,,UNIVERSITY,DR,,39.04036433,-84.46455637,0.892,3/23/2020 0:00,1729,2,2,0,0,O,CLEAR,DRY,0,1 VEHICLE ENTERING/LEAVING ENTRANCE,ANGLE,CURVE & LEVEL,DAYLIGHT,0,0,0,1
26574612,CAMPBELL,KY0008,StateRoute,,6TH,AVE,,39.1138286,-84.47013076,2.755,3/23/2020 0:00,1757,2,1,0,0,O,CLEAR,DRY,0,OTHER ROADWAY OR MID-BLOCK COLLISION,OPPOSING LEFT TURN,STRAIGHT & LEVEL,DAYLIGHT,0,0,0,1
26550102,CAMPBELL,US0027,USRoute,,ALEXANDRIA,PIKE,,38.98429687,-84.40118976,12.104,3/24/2020 0:00,709,2,2,0,0,O,CLOUDY,DRY,0,ANGLE COLLISION - OTHER,ANGLE,STRAIGHT & GRADE,DAWN,0,0,0,1
26551396,CAMPBELL,,OTHR,218,6TH,ST,W,39.08898701,-84.49739072,0.104,3/24/2020 0:00,1730,2,2,0,0,O,RAINING,WET,1,SIDESWIPE COLLISION - SAME DIRECTION,SIDESWIPE-SAME DIRECTION,STRAIGHT & LEVEL,DARK-HWY NOT LIGHTED,0,0,0,1
26591586,CAMPBELL,KY0471,StateRoute,,KY471,,,39.04057402,-84.4549618,0.254,3/24/2020 0:00,1710,2,2,0,0,O,CLOUDY,WET,1,REAR END IN TRAFFIC LANES BOTH VEHICLES MOVING,REAR END,STRAIGHT & LEVEL,DAYLIGHT,0,0,0,1
26552361,CAMPBELL,KY0009,StateRoute,,LICKING,PIKE,,39.02169268,-84.48111408,17.661,3/25/2020 0:00,1546,2,2,0,0,O,CLEAR,DRY,0,SIDESWIPE COLLISION - SAME DIRECTION,SIDESWIPE-SAME DIRECTION,STRAIGHT & LEVEL,DAYLIGHT,0,0,0,1
26556754,CAMPBELL,US0027,USRoute,4765,ALEXANDRIA,PIKE,,39.0087457,-84.42887094,14.311,3/25/2020 0:00,1731,2,2,0,0,O,CLEAR,DRY,0,SIDESWIPE COLLISION - OPPOSITE DIRECTION,SIDESWIPE-OPPOSITE DIRECTION,STRAIGHT & LEVEL,DAYLIGHT,0,0,0,1
26552311,CAMPBELL,,OTHR,420,LAKEVIEW,DR,,39.05243272,-84.48209521,0.251,3/25/2020 0:00,1755,2,2,0,0,O,CLEAR,DRY,0,1 VEHICLE PARKED POSITION (NOT PARKING LOT/DRIVEWAY),ANGLE,STRAIGHT & LEVEL,DAYLIGHT,0,0,0,1
26556228,CAMPBELL,KY0009,StateRoute,,AA,HWY,,38.92849938,-84.30525046,5.55,3/26/2020 0:00,530,1,1,0,0,O,CLEAR,DRY,0,OTHER COLLISIONS ON SHOULDER,SINGLE VEHICLE,STRAIGHT & GRADE,DARK-HWY NOT LIGHTED,0,0,0,1
26554634,CAMPBELL,KY0008,StateRoute,1,5TH,ST,W,39.0913352,-84.49619538,0.508,3/26/2020 0:00,704,2,2,0,0,O,CLEAR,DRY,0,SIDESWIPE COLLISION - SAME DIRECTION,SIDESWIPE-SAME DIRECTION,STRAIGHT & LEVEL,DARK-HWY LIGHTED/ON,0,0,0,1
26557515,CAMPBELL,KY1120,StateRoute,,MEMORIAL,PKWY,,39.09289584,-84.48026039,1.401,3/27/2020 0:00,1334,2,2,0,0,O,CLEAR,DRY,0,SIDESWIPE-SAME DIRECTION,SIDESWIPE-SAME DIRECTION,STRAIGHT & LEVEL,DAYLIGHT,0,0,0,1
26579737,CAMPBELL,,OTHR,,LAFAYETTE,AVE,,39.10076797,-84.48090642,0.46,3/27/2020 0:00,1758,3,3,0,1,C,CLOUDY,DRY,0,1 VEHICLE PARKED POSITION (NOT PARKING LOT/DRIVEWAY),REAR TO REAR,STRAIGHT & LEVEL,DAYLIGHT,0,0,0,1
26559345,CAMPBELL,,OTHR,133,16TH,ST,,39.08125273,-84.48703703,0.008,3/27/2020 0:00,1156,2,2,0,0,O,CLEAR,DRY,1,1 VEHICLE PARKED POSITION (NOT PARKING LOT/DRIVEWAY),SIDESWIPE-SAME DIRECTION,STRAIGHT & LEVEL,DAYLIGHT,0,0,0,1
26558043,CAMPBELL,,OTHR,787,CHATEAUGAY,LN,,38.92384326,-84.40074395,0.128,3/27/2020 0:00,1835,1,1,0,0,O,CLEAR,DRY,0,COLLISION WITH FIXED OBJECT NON - INTERSECTION - FIRST EVENT COLLISION 09 - 32 EXCLUDING 16,SINGLE VEHICLE,CURVE & LEVEL,DAYLIGHT,0,0,0,1
26559395,CAMPBELL,I 0275,Interstate,,I275 E,,,39.05653054,-84.43157965,73.264,3/27/2020 0:00,300,1,1,0,0,O,CLEAR,DRY,0,OTHER ROADWAY OR MID-BLOCK COLLISION,SINGLE VEHICLE,STRAIGHT & LEVEL,DAYLIGHT,0,0,0,1
26696092,CAMPBELL,US0027,USRoute,,ALEXANDRIA,PIKE,,38.92477945,-84.39243173,7.765,3/27/2020 0:00,1228,2,2,0,0,O,CLEAR,DRY,0,REAR END IN TRAFFIC LANES BOTH VEHICLES MOVING,REAR END,STRAIGHT & GRADE,DAYLIGHT,0,0,0,1
26591589,CAMPBELL,,OTHR,2,MALIBU,DR,,39.02259991,-84.46021109,0.016,3/28/2020 0:00,1855,2,2,0,0,O,CLOUDY,WET,1,1 VEHICLE PARKED POSITION (NOT PARKING LOT/DRIVEWAY),SIDESWIPE-OPPOSITE DIRECTION,STRAIGHT & GRADE,DAYLIGHT,0,0,0,1
26612728,CAMPBELL,KY0008,StateRoute,,6TH,AVE,,39.10940103,-84.47947512,2.165,3/28/2020 0:00,1815,2,2,0,0,O,CLOUDY,DRY,0,1 VEHICLE ENTERING/LEAVING ENTRANCE,ANGLE,STRAIGHT & LEVEL,DAYLIGHT,0,0,0,1
26576124,CAMPBELL,,OTHR,,UNIVERSITY,DR,,39.03058935,-84.46003569,0.18,3/28/2020 0:00,145,1,1,0,0,O,CLOUDY,WET,0,COLLISION WITH ANIMAL IN INTERSECTION,SINGLE VEHICLE,STRAIGHT & LEVEL,DARK-HWY LIGHTED/ON,1,0,0,1