IncidentID,County,RdwyNumber,RdwyType,Street,RoadwayName,StreetSfx,StreetDir,Latitude,Longitude,Milepoint,CollisionDate,CollisionTime,UnitsInvolved,MotorVehiclesInvolved,NumberKilled,NumberInjured,KABCO,Weather,RdwyConditionCode,HitandRun,DirAnalysisCode,MannerofCollision,RdwyCharacter,LightCondition,Intersection Crash,Bicyclist,Pedestrian,Motor Vehicles
26579738,CAMPBELL,,OTHR,209,POPLAR,ST,,39.1036618,-84.48330243,0.373,3/29/2020 0:00,1631,2,2,0,0,O,CLEAR,DRY,0,1 VEHICLE PARKED POSITION (NOT PARKING LOT/DRIVEWAY),SIDESWIPE-SAME DIRECTION,STRAIGHT & LEVEL,DAYLIGHT,0,0,0,1
26561801,CAMPBELL,I 0471,Interstate,,,,,39.05113454,-84.46617227,0.712,3/29/2020 0:00,1717,2,2,0,0,O,CLEAR,DRY,0,OTHER RAMP RELATED COLLISIONS NOT LISTED ABOVE,SIDESWIPE-SAME DIRECTION,STRAIGHT & LEVEL,DAYLIGHT,0,0,0,1
26579741,CAMPBELL,KY0008,StateRoute,,FAIRFIELD,AVE,,39.10566171,-84.48404983,1.81,3/30/2020 0:00,2218,2,2,0,0,O,BLOWING SAND/SOIL/DIRT/SNOW,DRY,1,1 VEHICLE PARKED POSITION (NOT PARKING LOT/DRIVEWAY),SIDESWIPE-SAME DIRECTION,,DARK-HWY LIGHTED/ON,0,0,0,1
26571812,CAMPBELL,,OTHR,1033,PARK,AVE,,39.08946009,-84.48274685,0.473,4/1/2020 0:00,2055,2,2,0,0,O,CLEAR,DRY,0,1 VEHICLE PARKED POSITION (NOT PARKING LOT/DRIVEWAY),SIDESWIPE-SAME DIRECTION,STRAIGHT & HILLCREST,DARK-HWY LIGHTED/ON,0,0,0,1
26579740,CAMPBELL,,OTHR,,POPLAR,ST,,39.10346835,-84.48362126,0.394,4/1/2020 0:00,2233,2,2,0,0,O,CLEAR,DRY,1,COLLISION WITH PARKED VEHICLE,SIDESWIPE-SAME DIRECTION,STRAIGHT & LEVEL,DARK-HWY LIGHTED/ON,0,0,0,1
26569442,CAMPBELL,I 0471,Interstate,,I471 S,,,39.0525457,-84.46848521,0.684,4/1/2020 0:00,731,2,2,0,0,O,CLOUDY,DRY,0,SIDESWIPE COLLISION - SAME DIRECTION,SIDESWIPE-SAME DIRECTION,CURVE & LEVEL,DAYLIGHT,0,0,0,1
26572863,CAMPBELL,,OTHR,3810,LISA,LN,,38.97273081,-84.37954135,0.176,4/1/2020 0:00,1513,2,2,0,0,O,CLEAR,DRY,0,1 VEHICLE PARKED POSITION (NOT PARKING LOT/DRIVEWAY),SIDESWIPE-SAME DIRECTION,STRAIGHT & LEVEL,DAYLIGHT,0,0,0,1
26573786,CAMPBELL,KY0009,StateRoute,,CENTRAL,AVE,,39.08712028,-84.49563972,22.76,4/2/2020 0:00,750,2,2,0,0,O,CLOUDY,DRY,1,1 VEHICLE PARKED POSITION (NOT PARKING LOT/DRIVEWAY),BACKING,STRAIGHT & LEVEL,DAYLIGHT,0,0,0,1
26579304,CAMPBELL,US0027,USRoute,,ALEXANDRIA,PIKE,,38.95766562,-84.39318329,10.038,4/3/2020 0:00,2053,3,3,0,2,B,CLEAR,DRY,0,ANGLE COLLISION - OTHER,ANGLE,STRAIGHT & LEVEL,DARK-HWY LIGHTED/ON,0,0,0,1
26579726,CAMPBELL,KY0915,StateRoute,,LICKING,PIKE,,38.99936249,-84.45085263,8.386,4/3/2020 0:00,2254,1,1,0,0,O,CLEAR,DRY,0,COLLISION WITH ANIMAL NON INTERSECTION,SINGLE VEHICLE,CURVE & GRADE,DARK-HWY NOT LIGHTED,0,0,0,1
26575517,CAMPBELL,I 0275,Interstate,,I275 W,,,39.05472321,-84.4371821,73.591,4/3/2020 0:00,440,2,2,0,0,O,CLEAR,DRY,0,SIDESWIPE COLLISION - SAME DIRECTION,SIDESWIPE-SAME DIRECTION,STRAIGHT & GRADE,DARK-HWY LIGHTED/ON,0,0,0,1
26578031,CAMPBELL,US0027,USRoute,,ALEXANDRIA,PIKE,,38.84912367,-84.37983704,2.15,4/3/2020 0:00,1258,2,2,0,0,O,CLEAR,DRY,0,1 VEHICLE ENTERING/LEAVING ENTRANCE,ANGLE,STRAIGHT & LEVEL,DAYLIGHT,0,0,0,1
26593872,CAMPBELL,,OTHR,140,NEWPORT PAVILION,,,39.09070948,-84.47687898,0.254,4/4/2020 0:00,1336,2,2,0,0,O,CLEAR,DRY,1,VEHICLE BACKING NON INTERSECTION,BACKING,STRAIGHT & LEVEL,DAYLIGHT,0,0,0,1
26578694,CAMPBELL,KY1120,StateRoute,423,11TH,ST,W,39.08160385,-84.4957082,0.264,4/4/2020 0:00,2213,3,3,0,0,O,CLEAR,DRY,1,SIDESWIPE COLLISION - SAME DIRECTION,SIDESWIPE-SAME DIRECTION,STRAIGHT & GRADE,DARK-HWY LIGHTED/ON,0,0,0,1
26579337,CAMPBELL,,OTHR,152,KENTUCKY,DR,,39.07427546,-84.48303327,0.351,4/4/2020 0:00,1425,2,2,0,0,O,CLEAR,DRY,0,1 VEHICLE PARKED POSITION (NOT PARKING LOT/DRIVEWAY),BACKING,STRAIGHT & LEVEL,DAYLIGHT,0,0,0,1
26578695,CAMPBELL,,OTHR,309,LINDSEY,ST,,39.08446955,-84.49556807,0.241,4/4/2020 0:00,1920,2,2,0,0,O,CLEAR,DRY,0,1 VEHICLE PARKED POSITION (NOT PARKING LOT/DRIVEWAY),ANGLE,STRAIGHT & LEVEL,DAYLIGHT,0,0,0,1
26581530,CAMPBELL,KY0008,StateRoute,300,6TH,AVE,,39.11113237,-84.476529,2.359,4/4/2020 0:00,300,2,2,0,0,O,CLOUDY,DRY,1,1 VEHICLE PARKED POSITION (NOT PARKING LOT/DRIVEWAY),SIDESWIPE-SAME DIRECTION,STRAIGHT & LEVEL,DARK-HWY LIGHTED/ON,0,0,0,1
26577326,CAMPBELL,I 0471,Interstate,200,PARK,AVE,,39.09706278,-84.49147928,0.21,4/4/2020 0:00,300,2,2,0,0,O,CLEAR,DRY,1,OTHER RAMP RELATED COLLISIONS NOT LISTED ABOVE,ANGLE,CURVE & GRADE,DARK-HWY LIGHTED/ON,0,0,0,1
26582929,CAMPBELL,,OTHR,,DAVJO,DR,,39.00871414,-84.42222643,0.302,4/5/2020 0:00,2235,2,2,0,0,O,CLOUDY,DRY,0,1 VEHICLE PARKED POSITION (NOT PARKING LOT/DRIVEWAY),SIDESWIPE-OPPOSITE DIRECTION,STRAIGHT & LEVEL,DARK-HWY NOT LIGHTED,0,0,0,1
26603720,CAMPBELL,KY1120,StateRoute,,10TH,ST,E,39.08722894,-84.48881535,0.788,4/5/2020 0:00,1431,2,2,0,0,O,CLEAR,DRY,0,ANGLE COLLISION - OTHER,ANGLE,STRAIGHT & LEVEL,DAYLIGHT,0,0,0,1
26584609,CAMPBELL,,OTHR,32,GRANT,ST,,39.05779395,-84.4517023,0.064,4/5/2020 0:00,1700,2,2,0,0,O,CLOUDY,DRY,0,1 VEHICLE PARKED POSITION (NOT PARKING LOT/DRIVEWAY),SIDESWIPE-SAME DIRECTION,STRAIGHT & GRADE,DAYLIGHT,0,0,0,1
26584611,CAMPBELL,,OTHR,38,RIVERVIEW,AVE,,39.05897401,-84.449219,0.089,4/5/2020 0:00,0,2,2,0,0,O,CLEAR,DRY,1,1 VEHICLE PARKED POSITION (NOT PARKING LOT/DRIVEWAY),SIDESWIPE-SAME DIRECTION,STRAIGHT & GRADE,UNKNOWN,0,0,0,1
26579739,CAMPBELL,KY0008,StateRoute,,FAIRFIELD,AVE,,39.10606425,-84.4835369,1.849,4/5/2020 0:00,1108,2,2,0,0,O,CLOUDY,DRY,0,OTHER ROADWAY OR MID-BLOCK COLLISION,REAR END,STRAIGHT & LEVEL,DAYLIGHT,0,0,0,1
26583327,CAMPBELL,,OTHR,,BOYD,ALY,,39.09232742,-84.49133834,0.037,4/6/2020 0:00,1937,1,1,0,0,O,CLEAR,DRY,1,COLLISION WITH FIXED OBJECT NON - INTERSECTION - FIRST EVENT COLLISION 09 - 32 EXCLUDING 16,SINGLE VEHICLE,STRAIGHT & LEVEL,DAYLIGHT,0,0,0,1
26586503,CAMPBELL,,OTHR,,MAIN,ST,,39.08088881,-84.4868199,0.397,4/7/2020 0:00,2014,1,1,0,0,O,CLOUDY,DRY,0,COLLISION WITH FIXED OBJECT IN INTERSECTION - FIRST EVENT COLLISION 09 - 32,SINGLE VEHICLE,CURVE & GRADE,DARK-HWY LIGHTED/ON,1,0,0,1
26587568,CAMPBELL,KY1892,StateRoute,,GRAND,AVE,S,39.07293779,-84.45530268,0.498,4/7/2020 0:00,830,2,2,0,0,O,CLEAR,DRY,0,ANGLE COLLISION - OTHER,ANGLE,STRAIGHT & GRADE,DAYLIGHT,0,0,0,1
26588232,CAMPBELL,KY1632,StateRoute,,MOOCK,RD,,39.05479198,-84.48220129,0.293,4/7/2020 0:00,558,2,1,0,1,B,CLEAR,DRY,0,COLLISION WITH PEDESTRIAN NON - INTERSECTION,SINGLE VEHICLE,CURVE & LEVEL,DARK-HWY NOT LIGHTED,0,0,1,0
26585280,CAMPBELL,US0027,USRoute,,ALEXANDRIA,PIKE,,39.0265678,-84.44836053,15.941,4/7/2020 0:00,600,2,2,0,0,O,CLEAR,DRY,0,OTHER INTERSECTION COLLISIONS,REAR END,STRAIGHT & LEVEL,DARK-HWY LIGHTED/ON,1,0,0,1
26591837,CAMPBELL,US0027,USRoute,,ALEXANDRIA,PIKE,,39.0043,-84.42470344,13.938,4/8/2020 0:00,830,2,2,0,0,O,CLEAR,DRY,1,REAR END IN TRAFFIC LANES BOTH VEHICLES MOVING,REAR END,STRAIGHT & HILLCREST,DAYLIGHT,0,0,0,1
26590297,CAMPBELL,I 0471,Interstate,,I471 S,,,39.05552876,-84.46962154,0.904,4/8/2020 0:00,2300,1,1,0,0,O,RAINING,WET,1,OTHER COLLISIONS ON SHOULDER,SINGLE VEHICLE,STRAIGHT & LEVEL,DARK-HWY LIGHTED/ON,0,0,0,1
27942661,CAMPBELL,KY0009,StateRoute,,AA,HWY,,39.00373903,-84.43947282,14.891,4/8/2020 0:00,1448,2,2,1,1,K,CLEAR,DRY,0,ANGLE COLLISION - OTHER,ANGLE,STRAIGHT & LEVEL,DAYLIGHT,0,0,0,1
26594797,CAMPBELL,US0027,USRoute,,MONMOUTH,ST,,39.08003804,-84.48130446,20.912,4/8/2020 0:00,1531,2,1,0,1,C,CLEAR,DRY,0,COLLISION WITH PEDESTRIAN IN INTERSECTION,SINGLE VEHICLE,STRAIGHT & LEVEL,DAYLIGHT,1,0,1,0
26591842,CAMPBELL,KY0009,StateRoute,,,,,39.0045346,-84.42070983,0.396,4/9/2020 0:00,1201,2,2,0,0,O,CLEAR,DRY,0,OTHER RAMP RELATED COLLISIONS NOT LISTED ABOVE,REAR END,STRAIGHT & LEVEL,DAYLIGHT,0,0,0,1
26593871,CAMPBELL,US0027,USRoute,1700 BLOCK,MONMOUTH,ST,,39.08214956,-84.48215494,21.058,4/9/2020 0:00,1523,2,2,0,1,C,CLEAR,DRY,0,1 VEHICLE ENTERING/LEAVING ENTRANCE,ANGLE,STRAIGHT & LEVEL,DAYLIGHT,0,0,0,1
26593537,CAMPBELL,US0027,USRoute,,ALEXANDRIA,PIKE,,38.90344022,-84.383758,6.219,4/9/2020 0:00,2115,2,2,0,0,O,CLOUDY,DRY,0,SIDESWIPE COLLISION - SAME DIRECTION,SIDESWIPE-SAME DIRECTION,STRAIGHT & LEVEL,DARK-HWY LIGHTED/ON,0,0,0,1
26589784,CAMPBELL,KY0009,StateRoute,,AA,HWY,,38.87796937,-84.26080948,1.129,4/9/2020 0:00,4,2,2,0,0,O,RAINING,WET,0,1 VEHICLE PARKED POSITION (NOT PARKING LOT/DRIVEWAY),SIDESWIPE-SAME DIRECTION,STRAIGHT & LEVEL,DARK-HWY NOT LIGHTED,0,0,0,1
26594447,CAMPBELL,,OTHR,,5TH,ST,E,39.09385507,-84.49164101,0.174,4/10/2020 0:00,2145,2,2,0,0,O,CLEAR,DRY,0,ANGLE COLLISION - OTHER,ANGLE,STRAIGHT & LEVEL,DARK-HWY LIGHTED/ON,0,0,0,1
26619407,CAMPBELL,,OTHR,,BERRY,ST,,39.11373438,-84.47112743,0.114,4/10/2020 0:00,737,2,1,0,0,O,CLEAR,DRY,0,ANGLE COLLISION - OTHER,ANGLE,STRAIGHT & LEVEL,DAYLIGHT,0,0,0,1
26594703,CAMPBELL,KY0536,StateRoute,,CREEKTRACE,RD,,38.93985728,-84.40210678,3.016,4/10/2020 0:00,2037,1,1,0,0,O,CLEAR,DRY,0,COLLISION WITH ANIMAL NON INTERSECTION,SINGLE VEHICLE,STRAIGHT & GRADE,DARK-HWY NOT LIGHTED,0,0,0,1
26596723,CAMPBELL,US0027,USRoute,,ALEXANDRIA,PIKE,,39.02902924,-84.45049644,16.15,4/10/2020 0:00,1822,2,2,0,0,O,CLEAR,DRY,0,OTHER ROADWAY OR MID-BLOCK COLLISION,REAR END,STRAIGHT & LEVEL,DAYLIGHT,0,0,0,1
26595827,CAMPBELL,,OTHR,,BERRY,AVE,,39.09675809,-84.47766617,0.149,4/11/2020 0:00,1949,2,2,0,0,O,CLEAR,DRY,0,COLLISION WITH PARKED VEHICLE,SIDESWIPE-SAME DIRECTION,STRAIGHT & GRADE,DAYLIGHT,0,0,0,1
26596738,CAMPBELL,,OTHR,200,6TH,ST,E,39.09252952,-84.49166872,0.554,4/12/2020 0:00,934,3,3,0,0,O,CLEAR,DRY,0,1 VEHICLE ENTERING/LEAVING ENTRANCE,ANGLE,STRAIGHT & LEVEL,DAYLIGHT,0,0,0,1
26599400,CAMPBELL,,OTHR,62,GRANT,ST,,39.05722387,-84.45318842,0.025,4/12/2020 0:00,1430,2,2,0,0,O,CLEAR,DRY,0,1 VEHICLE PARKED POSITION (NOT PARKING LOT/DRIVEWAY),SIDESWIPE-SAME DIRECTION,STRAIGHT & LEVEL,DAYLIGHT,0,0,0,1
26600365,CAMPBELL,KY0009,StateRoute,,AA,HWY,,38.98890457,-84.3951014,12.125,4/12/2020 0:00,2224,2,2,0,0,O,RAINING,WET,1,OTHER INTERSECTION COLLISIONS,REAR END,STRAIGHT & LEVEL,DARK-HWY LIGHTED/ON,1,0,0,1
26601533,CAMPBELL,KY0547,StateRoute,6361,FOUR MILE,RD,,38.99721427,-84.36313752,3.237,4/12/2020 0:00,2230,1,1,0,0,O,RAINING,WET,0,COLLISION WITH ANIMAL NON INTERSECTION,SINGLE VEHICLE,CURVE & GRADE,DARK-HWY NOT LIGHTED,0,0,0,1
26602510,CAMPBELL,I 0275,Interstate,,I275 W,,,39.0548163,-84.4364253,73.549,4/13/2020 0:00,1620,2,2,0,1,C,CLEAR,DRY,0,1 VEHICLE ENTERING/LEAVING ENTRANCE,ANGLE,CURVE & LEVEL,DAYLIGHT,0,0,0,1
26607464,CAMPBELL,I 0275,Interstate,,I275 W,,,39.03620431,-84.47049787,76.024,4/13/2020 0:00,2225,2,2,0,0,O,CLOUDY,DRY,0,SIDESWIPE COLLISION - SAME DIRECTION,SIDESWIPE-SAME DIRECTION,STRAIGHT & LEVEL,DARK-HWY LIGHTED/ON,0,0,0,1
26604463,CAMPBELL,I 0471,Interstate,,I471 N EXIT3 CROSSOVER KY1892,,,39.08235326,-84.46996627,0.008,4/14/2020 0:00,1835,1,1,0,0,O,CLEAR,DRY,0,OTHER ROADWAY OR MID-BLOCK COLLISION,SINGLE VEHICLE,CURVE & LEVEL,DAYLIGHT,0,0,0,1
26604635,CAMPBELL,I 0471,Interstate,,MEMORIAL PKY,,,39.09290372,-84.47897443,0.188,4/14/2020 0:00,1812,1,1,0,1,A,CLEAR,DRY,0,NON-COLLISION OBJECT COLLISION,SINGLE VEHICLE,CURVE & GRADE,DAYLIGHT,0,0,0,1
26606952,CAMPBELL,US0027,USRoute,1007,MONMOUTH,ST,,39.08716371,-84.48876797,21.566,4/15/2020 0:00,1511,2,2,0,0,O,CLOUDY,DRY,0,OTHER ROADWAY OR MID-BLOCK COLLISION,REAR END,STRAIGHT & LEVEL,DAYLIGHT,0,0,0,1
26611697,CAMPBELL,KY0009,StateRoute,,AA,HWY,,39.00462145,-84.44357963,15.124,4/16/2020 0:00,1813,2,2,0,0,O,CLEAR,DRY,0,1 VEHICLE ENTERING/LEAVING ENTRANCE,ANGLE,STRAIGHT & HILLCREST,DAYLIGHT,0,0,0,1
26611250,CAMPBELL,KY0009,StateRoute,,AA,HWY,,39.02120622,-84.48118257,17.624,4/16/2020 0:00,1402,2,2,0,0,O,CLEAR,DRY,0,OTHER ROADWAY OR MID-BLOCK COLLISION,REAR END,STRAIGHT & LEVEL,DAYLIGHT,0,0,0,1
26610476,CAMPBELL,KY1892,StateRoute,30,CAROTHERS,RD,,39.08571321,-84.47978404,2.302,4/16/2020 0:00,1910,2,2,0,0,O,CLEAR,DRY,0,VEHICLE BACKING NON INTERSECTION,BACKING,CURVE & HILLCREST,DAYLIGHT,0,0,0,1
26608987,CAMPBELL,KY1632,StateRoute,,MOOCK,RD,,39.06007925,-84.47783083,0.737,4/16/2020 0:00,806,1,1,0,0,O,CLEAR,DRY,0,COLLISION WITH FIXED OBJECT IN INTERSECTION - FIRST EVENT COLLISION 09 - 32,SINGLE VEHICLE,CURVE & GRADE,DAYLIGHT,1,0,0,1
26615814,CAMPBELL,KY0547,StateRoute,,FOUR MILE,RD,,39.00741372,-84.36721302,,4/17/2020 0:00,1345,1,1,0,0,O,CLOUDY,WET,0,COLLISION WITH FIXED OBJECT NON - INTERSECTION - FIRST EVENT COLLISION 09 - 32 EXCLUDING 16,SINGLE VEHICLE,CURVE & LEVEL,DAYLIGHT,0,0,0,1
26613269,CAMPBELL,KY0009,StateRoute,,LICKING,PIKE,,39.05937893,-84.48652107,20.484,4/17/2020 0:00,1800,1,1,0,0,O,RAINING,WET,0,COLLISION WITH ANIMAL NON INTERSECTION,SINGLE VEHICLE,STRAIGHT & LEVEL,DAYLIGHT,0,0,0,1
26617147,CAMPBELL,,OTHR,,BLUEGRASS,AVE,,39.07549204,-84.47686234,0.307,4/17/2020 0:00,1908,2,2,0,0,O,RAINING,WET,0,1 VEHICLE ENTERING/LEAVING ENTRANCE,ANGLE,STRAIGHT & LEVEL,DAYLIGHT,0,0,0,1
26621758,CAMPBELL,,OTHR,10,6TH,ST,E,39.09132228,-84.49399437,0.704,4/17/2020 0:00,1520,2,2,0,0,O,CLOUDY,WET,0,REAR END IN TRAFFIC LANES BOTH VEHICLES MOVING,REAR END,STRAIGHT & LEVEL,DAYLIGHT,0,0,0,1
26614420,CAMPBELL,,OTHR,,NEWPORT PAVILION,,,39.08657046,-84.47698842,0.58,4/18/2020 0:00,1848,2,2,0,0,O,CLEAR,DRY,0,1 VEHICLE ENTERING/LEAVING ENTRANCE,ANGLE,STRAIGHT & LEVEL,DAYLIGHT,0,0,0,1
26626664,CAMPBELL,US0027,USRoute,,ALEXANDRIA,PIKE,,38.97153854,-84.3923532,11.017,4/18/2020 0:00,1435,3,3,0,1,B,CLEAR,DRY,0,SIDESWIPE COLLISION - OPPOSITE DIRECTION,SIDESWIPE-OPPOSITE DIRECTION,STRAIGHT & LEVEL,DAYLIGHT,0,0,0,1
26617238,CAMPBELL,,OTHR,159,TREMONT,AVE,,39.07229468,-84.45197289,0.054,4/18/2020 0:00,1041,2,2,0,0,O,CLEAR,DRY,0,1 VEHICLE PARKED POSITION (NOT PARKING LOT/DRIVEWAY),SIDESWIPE-SAME DIRECTION,STRAIGHT & GRADE,DAYLIGHT,0,0,0,1
26616248,CAMPBELL,US0027,USRoute,10,3RD,ST,E,39.09346485,-84.49700627,22.253,4/19/2020 0:00,2117,2,2,0,0,O,CLEAR,DRY,0,SIDESWIPE COLLISION - SAME DIRECTION,SIDESWIPE-SAME DIRECTION,CURVE & GRADE,DARK-HWY LIGHTED/ON,0,0,0,1
26615700,CAMPBELL,KY1120,StateRoute,,10TH,ST,E,39.08921459,-84.48527645,1.051,4/19/2020 0:00,1834,2,2,0,0,O,CLEAR,DRY,0,1 VEHICLE ENTERING/LEAVING ENTRANCE,ANGLE,STRAIGHT & LEVEL,DAYLIGHT,0,0,0,1
26615947,CAMPBELL,,OTHR,,2ND,ST,E,39.09727577,-84.49217543,0.116,4/19/2020 0:00,1900,2,2,0,0,O,CLEAR,DRY,0,1 VEHICLE PARKED POSITION (NOT PARKING LOT/DRIVEWAY),SIDESWIPE-SAME DIRECTION,STRAIGHT & LEVEL,DAYLIGHT,0,0,0,1
26629864,CAMPBELL,KY0009,StateRoute,,AA,HWY,,39.01465177,-84.47663426,17.086,4/20/2020 0:00,1650,3,3,0,0,O,CLEAR,DRY,0,OTHER ROADWAY OR MID-BLOCK COLLISION,REAR END,STRAIGHT & LEVEL,DAYLIGHT,0,0,0,1
26619532,CAMPBELL,KY0915,StateRoute,,LICKING,PIKE,,38.99172104,-84.43761912,7.372,4/20/2020 0:00,1642,2,2,0,0,O,CLEAR,DRY,0,SIDESWIPE-SAME DIRECTION,SIDESWIPE-SAME DIRECTION,CURVE & GRADE,DAYLIGHT,0,0,0,1
26624702,CAMPBELL,,OTHR,133,BRECKENRIDGE,DR,,38.96176458,-84.40081413,0.201,4/20/2020 0:00,1439,2,2,0,0,O,CLEAR,DRY,1,1 VEHICLE PARKED POSITION (NOT PARKING LOT/DRIVEWAY),ANGLE,STRAIGHT & GRADE,DAYLIGHT,0,0,0,1
26640320,CAMPBELL,,OTHR,130,NEWPORT PAVILION,,,39.09142097,-84.47808849,0.172,4/21/2020 0:00,1206,2,2,0,0,O,CLEAR,DRY,0,1 VEHICLE ENTERING/LEAVING ENTRANCE,ANGLE,STRAIGHT & LEVEL,DAYLIGHT,0,0,0,1
26624298,CAMPBELL,US0027,USRoute,2369,ALEXANDRIA,PIKE,,39.03921081,-84.44970756,17,4/21/2020 0:00,1526,2,2,0,0,O,CLEAR,DRY,0,REAR END IN TRAFFIC LANES BOTH VEHICLES MOVING,REAR END,STRAIGHT & LEVEL,DAYLIGHT,0,0,0,1
26625612,CAMPBELL,,OTHR,,PLUM CREEK,RD,,38.83209106,-84.35730368,,4/22/2020 0:00,1618,1,1,0,0,O,CLEAR,DRY,0,COLLISION WITH ANIMAL NON INTERSECTION,SINGLE VEHICLE,STRAIGHT & LEVEL,DAYLIGHT,0,0,0,1
26628773,CAMPBELL,,OTHR,,CALIFORNIA,XRD,,38.90064655,-84.29080864,1.047,4/22/2020 0:00,1822,2,2,0,0,O,CLEAR,DRY,0,SIDESWIPE COLLISION - OPPOSITE DIRECTION,SIDESWIPE-OPPOSITE DIRECTION,CURVE & GRADE,DAYLIGHT,0,0,0,1
26623928,CAMPBELL,US0027,USRoute,,ALEXANDRIA,PIKE,,39.00426376,-84.42457287,13.936,4/22/2020 0:00,643,4,4,0,0,O,CLEAR,DRY,0,OTHER ROADWAY OR MID-BLOCK COLLISION,REAR END,STRAIGHT & LEVEL,DAYLIGHT,0,0,0,1
26628876,CAMPBELL,KY1998,StateRoute,,INDUSTRIAL,RD,,39.03440361,-84.42721976,3.115,4/23/2020 0:00,1944,2,2,0,3,B,CLOUDY,WET,0,1 VEHICLE ENTERING/LEAVING ENTRANCE,ANGLE,CURVE & GRADE,DAYLIGHT,0,0,0,1
26635584,CAMPBELL,KY1120,StateRoute,,MEMORIAL,PKWY,,39.09405732,-84.46196405,2.457,4/23/2020 0:00,2036,2,2,0,2,B,RAINING,WET,0,SIDESWIPE COLLISION - OPPOSITE DIRECTION,SIDESWIPE-OPPOSITE DIRECTION,CURVE & LEVEL,DARK-HWY LIGHTED/ON,0,0,0,1
26644318,CAMPBELL,,OTHR,224,ROOSEVELT,AVE,,39.09890825,-84.47734105,0.028,4/23/2020 0:00,1321,2,2,0,0,O,RAINING,WET,0,1 VEHICLE PARKED POSITION (NOT PARKING LOT/DRIVEWAY),REAR END,STRAIGHT & LEVEL,DAYLIGHT,0,0,0,1
26627813,CAMPBELL,KY0009,StateRoute,,LICKING,PIKE,,39.07669632,-84.49572304,21.823,4/23/2020 0:00,1713,1,1,0,0,O,CLOUDY,WET,0,COLLISION WITH ANIMAL NON INTERSECTION,SINGLE VEHICLE,STRAIGHT & LEVEL,DAYLIGHT,0,0,0,1
26635461,CAMPBELL,I 0275,Interstate,,I275 W,,,39.05531,-84.43532308,73.48,4/24/2020 0:00,1932,2,2,0,1,C,CLEAR,DRY,0,SIDESWIPE COLLISION - SAME DIRECTION,SIDESWIPE-SAME DIRECTION,STRAIGHT & GRADE,DAYLIGHT,0,0,0,1
26631758,CAMPBELL,,OTHR,,FENDER,RD,,38.98341736,-84.32795373,,4/24/2020 0:00,1140,2,2,0,0,O,CLOUDY,DRY,0,SIDESWIPE COLLISION - SAME DIRECTION,SIDESWIPE-SAME DIRECTION,STRAIGHT & HILLCREST,DAYLIGHT,0,0,0,1
26634385,CAMPBELL,,OTHR,19,13TH,ST,W,39.08291006,-84.48813345,0.133,4/25/2020 0:00,1740,2,2,0,0,O,RAINING,WET,0,1 VEHICLE PARKED POSITION (NOT PARKING LOT/DRIVEWAY),SIDESWIPE-SAME DIRECTION,STRAIGHT & LEVEL,DAYLIGHT,0,0,0,1
26631754,CAMPBELL,US0027,USRoute,,ALEXANDRIA,PIKE,,38.90428023,-84.38379049,6.272,4/25/2020 0:00,412,1,1,0,0,O,CLEAR,DRY,0,COLLISION WITH ANIMAL NON INTERSECTION,SINGLE VEHICLE,STRAIGHT & LEVEL,DARK-HWY NOT LIGHTED,0,0,0,1
26632240,CAMPBELL,US0027,USRoute,,MONMOUTH,ST,,39.08722885,-84.48881138,21.571,4/25/2020 0:00,1337,2,2,0,0,O,CLOUDY,DRY,0,SIDESWIPE-SAME DIRECTION,SIDESWIPE-SAME DIRECTION,STRAIGHT & LEVEL,DAYLIGHT,0,0,0,1
26633322,CAMPBELL,KY0009,StateRoute,,AA,HWY,,39.02027745,-84.48146472,17.562,4/25/2020 0:00,1232,2,2,0,0,O,CLOUDY,DRY,0,SIDESWIPE COLLISION - SAME DIRECTION,SIDESWIPE-SAME DIRECTION,STRAIGHT & LEVEL,DAYLIGHT,0,0,0,1
26634196,CAMPBELL,I 0275,Interstate,,I275 W EXIT74B RAMP TO I471 N,,,39.04875226,-84.45991792,0.207,4/25/2020 0:00,910,1,1,0,0,O,CLOUDY,DRY,0,OTHER COLLISIONS ON SHOULDER,SINGLE VEHICLE,CURVE & GRADE,DAYLIGHT,0,0,0,1
26634632,CAMPBELL,US0027,USRoute,330,YORK,ST,,39.09253447,-84.49640347,22.211,4/26/2020 0:00,1832,2,2,0,0,O,CLEAR,DRY,0,1 VEHICLE ENTERING/LEAVING ENTRANCE,ANGLE,STRAIGHT & LEVEL,DAYLIGHT,0,0,0,1
26640161,CAMPBELL,KY0008,StateRoute,6572,MARY INGLES,HWY,,39.01454535,-84.32625582,14.616,4/26/2020 0:00,2207,1,1,0,0,O,CLEAR,WET,0,COLLISION WITH ANIMAL NON INTERSECTION,SINGLE VEHICLE,STRAIGHT & LEVEL,DARK-HWY NOT LIGHTED,0,0,0,1
26634384,CAMPBELL,KY1120,StateRoute,,10TH,ST,E,39.09258751,-84.48079968,1.363,4/26/2020 0:00,2025,1,1,0,0,O,CLEAR,DRY,0,COLLISION WITH ANIMAL NON INTERSECTION,SINGLE VEHICLE,CURVE & GRADE,DARK-HWY LIGHTED/ON,0,0,0,1
26635225,CAMPBELL,I 0471,Interstate,,I471 N,,,39.07910925,-84.47019271,2.796,4/26/2020 0:00,1700,1,1,0,0,O,RAINING,WET,0,COLLISION WITH FIXED OBJECT NON - INTERSECTION - FIRST EVENT COLLISION 09 - 32 EXCLUDING 16,SINGLE VEHICLE,CURVE & LEVEL,DAYLIGHT,0,0,0,1