IncidentID,County,RdwyNumber,RdwyType,Street,RoadwayName,StreetSfx,StreetDir,Latitude,Longitude,Milepoint,CollisionDate,CollisionTime,UnitsInvolved,MotorVehiclesInvolved,NumberKilled,NumberInjured,KABCO,Weather,RdwyConditionCode,HitandRun,DirAnalysisCode,MannerofCollision,RdwyCharacter,LightCondition,Intersection Crash,Bicyclist,Pedestrian,Motor Vehicles
26635587,CAMPBELL,I 0471,Interstate,,I471 S,,,39.05148971,-84.4671752,0.456,4/26/2020 0:00,1930,1,1,0,0,O,CLEAR,WET,0,COLLISION WITH FIXED OBJECT NON - INTERSECTION - FIRST EVENT COLLISION 09 - 32 EXCLUDING 16,SINGLE VEHICLE,STRAIGHT & LEVEL,DAYLIGHT,0,0,0,1
26633970,CAMPBELL,I 0471,Interstate,,,,,39.08238508,-84.46996369,0.022,4/26/2020 0:00,729,1,1,0,0,O,RAINING,WET,1,COLLISION WITH FIXED OBJECT IN GORE,SINGLE VEHICLE,CURVE & GRADE,UNKNOWN,0,0,0,1
26707633,CAMPBELL,,OTHR,20,ELMWOOD,CIR,,38.95235181,-84.37151991,0.075,4/27/2020 0:00,1530,2,2,0,0,O,CLEAR,DRY,1,1 VEHICLE PARKED POSITION (NOT PARKING LOT/DRIVEWAY),BACKING,STRAIGHT & HILLCREST,DAYLIGHT,0,0,0,1
26653063,CAMPBELL,,OTHR,456,LAFAYETTE,AVE,,39.10068516,-84.48081674,0.468,4/27/2020 0:00,1348,2,2,0,0,O,CLEAR,DRY,0,COLLISION WITH PARKED VEHICLE,SIDESWIPE-SAME DIRECTION,STRAIGHT & LEVEL,DAYLIGHT,0,0,0,1
26645539,CAMPBELL,,OTHR,130,NEWPORT PAVILION,,,39.09130042,-84.47809483,0.178,4/27/2020 0:00,1618,2,2,0,1,B,CLEAR,DRY,0,VEHICLE BACKING NON INTERSECTION,BACKING,STRAIGHT & LEVEL,DAYLIGHT,0,0,0,1
26638570,CAMPBELL,,OTHR,900,WASHINGTON,AVE,,39.08904981,-84.48720189,0.559,4/27/2020 0:00,2245,2,1,0,1,B,CLEAR,DRY,1,OTHER ROADWAY OR MID-BLOCK COLLISION,SINGLE VEHICLE,STRAIGHT & LEVEL,DARK-HWY LIGHTED/ON,0,0,0,1
26640163,CAMPBELL,,OTHR,82,CROWELL,AVE,,39.0532308,-84.45333499,0.085,4/27/2020 0:00,1459,2,2,0,0,O,CLEAR,DRY,0,1 VEHICLE PARKED POSITION (NOT PARKING LOT/DRIVEWAY),BACKING,STRAIGHT & GRADE,DAYLIGHT,0,0,0,1
26640319,CAMPBELL,KY0008,StateRoute,,DAVE COWENS,DR,,39.10075809,-84.49004314,1.343,4/28/2020 0:00,1125,2,2,0,0,O,CLEAR,DRY,1,SIDESWIPE-SAME DIRECTION,SIDESWIPE-SAME DIRECTION,STRAIGHT & LEVEL,DAYLIGHT,0,0,0,1
26641385,CAMPBELL,,OTHR,,PARK,AVE,,39.09795162,-84.49281882,0.348,4/28/2020 0:00,1749,2,2,0,0,O,CLEAR,DRY,0,OTHER INTERSECTION COLLISIONS,REAR END,STRAIGHT & LEVEL,DAYLIGHT,1,0,0,1
26642549,CAMPBELL,US0027,USRoute,,ALEXANDRIA,PIKE,,39.06284066,-84.45293713,18.848,4/28/2020 0:00,1420,2,1,0,2,A,CLEAR,DRY,0,COLLISION WITH BICYCLE IN INTERSECTION,SINGLE VEHICLE,CURVE & GRADE,DAYLIGHT,1,1,0,0
26641384,CAMPBELL,KY0009,StateRoute,,CENTRAL,AVE,,39.08496149,-84.49369316,22.578,4/28/2020 0:00,1943,2,1,0,0,O,CLEAR,DRY,0,COLLISION WITH BICYCLE IN INTERSECTION,SINGLE VEHICLE,STRAIGHT & LEVEL,DAYLIGHT,1,1,0,0
26683374,CAMPBELL,KY0008,StateRoute,11809,MARY INGLES,HWY,,38.88457621,-84.2448005,24.729,4/28/2020 0:00,110,3,3,2,2,K,CLOUDY,DRY,0,COLLISION WITH NON-FIXED OBJECT ,SIDESWIPE-OPPOSITE DIRECTION,STRAIGHT & GRADE,DARK-HWY LIGHTED/ON,0,0,0,1
26643503,CAMPBELL,I 0471,Interstate,,,,,39.1007892,-84.48977785,0.552,4/29/2020 0:00,1426,2,2,0,0,O,CLOUDY,WET,0,OTHER RAMP RELATED COLLISIONS NOT LISTED ABOVE,REAR END,STRAIGHT & GRADE,DAYLIGHT,0,0,0,1
26657114,CAMPBELL,,OTHR,,FT THOMAS,AVE,N,39.09306017,-84.44774084,0.695,4/29/2020 0:00,1315,2,2,0,0,O,CLEAR,DRY,0,1 VEHICLE PARKED POSITION (NOT PARKING LOT/DRIVEWAY),ANGLE,STRAIGHT & LEVEL,DAYLIGHT,0,0,0,1
26658829,CAMPBELL,,OTHR,,7TH,ST,E,39.09293782,-84.48767219,0.25,4/29/2020 0:00,1039,2,2,0,0,O,CLOUDY,WET,0,ANGLE COLLISION - OTHER,ANGLE,STRAIGHT & LEVEL,DAYLIGHT,0,0,0,1
26644820,CAMPBELL,KY1120,StateRoute,200,11TH,ST,W,39.08345457,-84.49230358,0.488,4/29/2020 0:00,1847,1,1,0,0,O,CLOUDY,DRY,0,OTHER INTERSECTION COLLISIONS,SINGLE VEHICLE,STRAIGHT & GRADE,DAYLIGHT,1,0,0,1
26657799,CAMPBELL,KY0009,StateRoute,,AA,HWY,,39.01811324,-84.48023448,17.395,4/30/2020 0:00,1518,2,2,0,3,B,CLOUDY,DRY,0,ANGLE COLLISION - ONE VEHICLE TURNING LEFT,ANGLE,STRAIGHT & LEVEL,DAYLIGHT,0,0,0,1
26649419,CAMPBELL,,OTHR,,MILLERS,LN,,39.08014672,-84.44677143,0.099,4/30/2020 0:00,800,2,2,0,0,O,CLOUDY,DRY,0,1 VEHICLE PARKED POSITION (NOT PARKING LOT/DRIVEWAY),BACKING,STRAIGHT & LEVEL,DAYLIGHT,0,0,0,1
26692302,CAMPBELL,KY0008,StateRoute,,DAVE COWENS,DR,,39.10136263,-84.48918723,1.401,4/30/2020 0:00,1055,2,2,0,0,O,CLEAR,DRY,0,REAR END IN TRAFFIC LANES BOTH VEHICLES MOVING,REAR END,STRAIGHT & LEVEL,DAYLIGHT,0,0,0,1
26682542,CAMPBELL,,OTHR,2205,NEW LINDEN,RD,,39.07894458,-84.47688129,0.203,4/30/2020 0:00,1056,2,2,0,0,O,CLEAR,DRY,0,VEHICLE BACKING NON INTERSECTION,BACKING,CURVE & GRADE,DAYLIGHT,0,0,0,1
26648907,CAMPBELL,I 0471,Interstate,,,,,39.08198938,-84.47226354,0.321,5/1/2020 0:00,58,1,1,0,0,O,CLOUDY,DRY,0,COLLISION WITH FIXED OBJECT NOT IN GORE ,SINGLE VEHICLE,CURVE & LEVEL,DAYLIGHT,0,0,0,1
26656887,CAMPBELL,,OTHR,,BONNIE LYNN,,,39.07392038,-84.48197005,,5/1/2020 0:00,1450,2,2,0,0,O,CLEAR,DRY,0,VEHICLE BACKING NON INTERSECTION,BACKING,STRAIGHT & LEVEL,DAYLIGHT,0,0,0,1
26650951,CAMPBELL,,OTHR,186,KENTUCKY,DR,,39.07371792,-84.48644823,0.165,5/1/2020 0:00,1320,2,2,0,0,O,CLEAR,DRY,1,1 VEHICLE PARKED POSITION (NOT PARKING LOT/DRIVEWAY),SIDESWIPE-SAME DIRECTION,STRAIGHT & LEVEL,DAYLIGHT,0,0,0,1
26650952,CAMPBELL,,OTHR,123,7TH,ST,E,39.09073219,-84.49162441,0.511,5/1/2020 0:00,1131,2,2,0,0,O,CLEAR,DRY,0,1 VEHICLE PARKED POSITION (NOT PARKING LOT/DRIVEWAY),SIDESWIPE-SAME DIRECTION,STRAIGHT & LEVEL,DAYLIGHT,0,0,0,1
26711072,CAMPBELL,,OTHR,,BERRY,AVE,,39.09527121,-84.47611337,0.017,5/1/2020 0:00,530,2,1,0,0,O,CLEAR,DRY,0,1 VEHICLE PARKED POSITION (NOT PARKING LOT/DRIVEWAY),SIDESWIPE-SAME DIRECTION,STRAIGHT & GRADE,DARK-HWY LIGHTED/OFF,0,0,0,1
26672614,CAMPBELL,,OTHR,306,LAFAYETTE,AVE,,39.1039712,-84.48424067,0.176,5/1/2020 0:00,1713,2,2,0,0,O,CLEAR,DRY,0,1 VEHICLE PARKED POSITION (NOT PARKING LOT/DRIVEWAY),SIDESWIPE-SAME DIRECTION,STRAIGHT & LEVEL,DAYLIGHT,0,0,0,1
26684783,CAMPBELL,KY2345,StateRoute,,JOHNS HILL,RD,,39.04051153,-84.47678287,2.102,5/1/2020 0:00,1330,2,2,0,0,O,CLOUDY,DRY,0,OTHER INTERSECTION COLLISIONS,REAR END,STRAIGHT & LEVEL,DAYLIGHT,1,0,0,1
26653514,CAMPBELL,KY0008,StateRoute,,MARY INGLES,HWY,,38.86981518,-84.24444398,,5/1/2020 0:00,1948,1,1,0,0,O,CLEAR,DRY,0,COLLISION WITH ANIMAL NON INTERSECTION,SINGLE VEHICLE,STRAIGHT & LEVEL,DAYLIGHT,0,0,0,1
26650139,CAMPBELL,,OTHR,1005,BERRY,AVE,,39.09564363,-84.47649402,0.049,5/1/2020 0:00,751,2,2,0,0,O,CLEAR,DRY,1,COLLISION WITH PARKED VEHICLE,SIDESWIPE-SAME DIRECTION,STRAIGHT & GRADE,DAWN,0,0,0,1
26657798,CAMPBELL,,OTHR,,GLORIA TERRELL,DR,,39.01370567,-84.4769717,0.356,5/1/2020 0:00,1035,2,2,0,0,O,CLOUDY,DRY,0,OPPOSITE DIRECTION - BOTH VEHICLES GOING STRAIGHT AHEAD,SIDESWIPE-OPPOSITE DIRECTION,STRAIGHT & LEVEL,DAYLIGHT,0,0,0,1
26653513,CAMPBELL,KY0010,StateRoute,,FLAGG SPRINGS,PIKE,,38.90371794,-84.2888642,9.762,5/1/2020 0:00,1755,2,2,0,0,O,CLEAR,DRY,0,ANGLE COLLISION - OTHER,ANGLE,STRAIGHT & LEVEL,DAYLIGHT,0,0,0,1
26658682,CAMPBELL,KY0709,StateRoute,,ALEXANDRIA,PIKE,E,38.98868702,-84.39520983,0.465,5/2/2020 0:00,1234,2,2,0,0,O,CLEAR,DRY,0,OTHER INTERSECTION COLLISIONS,REAR END,STRAIGHT & LEVEL,DAYLIGHT,1,0,0,1
26658681,CAMPBELL,US0027,USRoute,,ALEXANDRIA,PIKE,,38.95187581,-84.39339929,9.646,5/2/2020 0:00,1514,2,2,0,0,O,CLEAR,DRY,1,SIDESWIPE-SAME DIRECTION,SIDESWIPE-SAME DIRECTION,STRAIGHT & LEVEL,DAYLIGHT,0,0,0,1
26656892,CAMPBELL,US0027,USRoute,8,ALEXANDRIA,PIKE,,39.07062941,-84.46955908,19.987,5/2/2020 0:00,744,1,1,0,1,A,CLEAR,DRY,0,COLLISION WITH FIXED OBJECT NON - INTERSECTION - FIRST EVENT COLLISION 09 - 32 EXCLUDING 16,SINGLE VEHICLE,STRAIGHT & GRADE,DAYLIGHT,0,0,0,1
26653550,CAMPBELL,KY0471,StateRoute,,KY471,,,39.04590825,-84.45665313,0.63,5/2/2020 0:00,1919,2,2,0,0,O,CLEAR,DRY,0,SIDESWIPE COLLISION - SAME DIRECTION,SIDESWIPE-SAME DIRECTION,CURVE & LEVEL,DAYLIGHT,0,0,0,1
26655797,CAMPBELL,KY0824,StateRoute,,RACE TRACK,RD,,38.88704084,-84.38588171,0.043,5/3/2020 0:00,1530,1,1,0,0,O,RAINING,WET,0,RAN OFF ROADWAY (1 VEHICLE WITH/EARTH EMBANKMENT/DITCH),SINGLE VEHICLE,STRAIGHT & LEVEL,DAYLIGHT,0,0,0,1
26659255,CAMPBELL,US0027,USRoute,,ALEXANDRIA,PIKE,,39.03889814,-84.45007293,16.941,5/3/2020 0:00,2339,1,1,0,0,O,CLOUDY,WET,0,COLLISION WITH ANIMAL NON INTERSECTION,SINGLE VEHICLE,STRAIGHT & LEVEL,DARK-HWY LIGHTED/ON,0,0,0,1
26659254,CAMPBELL,KY2238,StateRoute,,THREE MILE,RD,,39.04286035,-84.4667469,1.102,5/3/2020 0:00,2324,2,2,0,0,O,CLOUDY,WET,1,OTHER INTERSECTION COLLISIONS,REAR END,STRAIGHT & LEVEL,DARK-HWY NOT LIGHTED,1,0,0,1
26792868,CAMPBELL,KY0008,StateRoute,,6TH,AVE,,39.11381071,-84.47001947,2.76,5/4/2020 0:00,20,2,2,0,0,O,CLEAR,DRY,1,1 VEHICLE PARKED POSITION (NOT PARKING LOT/DRIVEWAY),SIDESWIPE-SAME DIRECTION,STRAIGHT & LEVEL,DARK-HWY LIGHTED/ON,0,0,0,1
26662000,CAMPBELL,,OTHR,3737,LISA,LN,,38.97273036,-84.37968538,0.173,5/4/2020 0:00,731,2,2,0,0,O,CLEAR,DRY,0,1 VEHICLE PARKED POSITION (NOT PARKING LOT/DRIVEWAY),BACKING,STRAIGHT & LEVEL,DAYLIGHT,0,0,0,1
26672308,CAMPBELL,I 0471,Interstate,,I471 S,,,39.05472495,-84.4695604,0.848,5/5/2020 0:00,1939,1,1,0,0,O,CLEAR,DRY,0,OTHER COLLISIONS ON SHOULDER,SINGLE VEHICLE,STRAIGHT & LEVEL,DAYLIGHT,0,0,0,1
28329744,CAMPBELL,,OTHR,49,MARGARETTE,LN,,39.05998681,-84.44966971,0.081,5/5/2020 0:00,1305,2,2,0,0,O,CLEAR,DRY,0,1 VEHICLE PARKED POSITION (NOT PARKING LOT/DRIVEWAY),SIDESWIPE-SAME DIRECTION,STRAIGHT & LEVEL,DAYLIGHT,0,0,0,1
26660738,CAMPBELL,KY0536,StateRoute,,CREEKTRACE,RD,,38.93731167,-84.41095451,2.503,5/5/2020 0:00,9,1,1,0,0,O,CLOUDY,DRY,0,COLLISION WITH ANIMAL NON INTERSECTION,SINGLE VEHICLE,STRAIGHT & LEVEL,DARK-HWY NOT LIGHTED,0,0,0,1
26692304,CAMPBELL,KY0915,StateRoute,,LICKING,PIKE,,38.98753594,-84.42071285,6.102,5/5/2020 0:00,2323,1,1,0,0,O,CLEAR,DRY,0,RAN OFF ROADWAY (1 VEHICLE WITH/EARTH EMBANKMENT/DITCH),SINGLE VEHICLE,CURVE & LEVEL,DARK-HWY NOT LIGHTED,0,0,0,1
26675352,CAMPBELL,KY1892,StateRoute,,GRAND,AVE,,39.08528517,-84.47433762,1.957,5/6/2020 0:00,1422,2,2,0,0,O,CLEAR,DRY,0,OTHER INTERSECTION COLLISIONS,REAR END,CURVE & LEVEL,DAYLIGHT,1,0,0,1
26712574,CAMPBELL,,OTHR,20,FOOTE,AVE,S,39.10083243,-84.47506641,0.081,5/6/2020 0:00,1843,1,1,0,0,O,CLEAR,DRY,1,1 VEHICLE PARKED POSITION (NOT PARKING LOT/DRIVEWAY),SINGLE VEHICLE,STRAIGHT & GRADE,DAYLIGHT,0,0,0,1
26672611,CAMPBELL,,OTHR,211,BERRY,AVE,,39.10400136,-84.48527998,0.795,5/6/2020 0:00,1046,2,2,0,0,O,CLEAR,DRY,0,SIDESWIPE COLLISION - SAME DIRECTION,SIDESWIPE-SAME DIRECTION,STRAIGHT & GRADE,DAYLIGHT,0,0,0,1
26666866,CAMPBELL,I 0471,Interstate,,I471 N,,,39.1005792,-84.49462884,4.924,5/6/2020 0:00,1556,2,2,0,0,O,CLEAR,DRY,0,REAR END IN TRAFFIC LANES BOTH VEHICLES MOVING,REAR END,STRAIGHT & LEVEL,DAYLIGHT,0,0,0,1
26685583,CAMPBELL,I 0471,Interstate,,I471 S,,,39.08923516,-84.47547417,3.574,5/6/2020 0:00,1745,2,2,0,0,O,CLEAR,DRY,0,REAR END IN TRAFFIC LANES BOTH VEHICLES MOVING,REAR END,STRAIGHT & LEVEL,DAYLIGHT,0,0,0,1
26685631,CAMPBELL,,OTHR,400,PARK,AVE,,39.09573955,-84.48997059,0.131,5/6/2020 0:00,1354,3,3,0,0,O,CLEAR,DRY,0,1 VEHICLE PARKED POSITION (NOT PARKING LOT/DRIVEWAY),SIDESWIPE-SAME DIRECTION,STRAIGHT & LEVEL,DAYLIGHT,0,0,0,1
26672847,CAMPBELL,KY0008,StateRoute,,DAVE COWENS,DR,,39.09907934,-84.49192526,1.115,5/7/2020 0:00,426,2,2,0,0,O,CLEAR,DRY,0,REAR END IN TRAFFIC LANES BOTH VEHICLES MOVING,REAR END,STRAIGHT & LEVEL,DAYLIGHT,0,0,0,1
26670207,CAMPBELL,KY2924,StateRoute,,TOLLGATE,RD,,38.97263123,-84.41242663,,5/7/2020 0:00,1012,2,2,0,0,O,CLEAR,DRY,0,OTHER ROADWAY OR MID-BLOCK COLLISION,OPPOSING LEFT TURN,STRAIGHT & LEVEL,DAYLIGHT,0,0,0,1
26672868,CAMPBELL,KY0008,StateRoute,,6TH,AVE,,39.11128319,-84.47633295,2.373,5/7/2020 0:00,600,2,2,0,0,O,CLEAR,DRY,1,1 VEHICLE PARKED POSITION (NOT PARKING LOT/DRIVEWAY),SIDESWIPE-SAME DIRECTION,STRAIGHT & LEVEL,DAWN,0,0,0,1
26672540,CAMPBELL,KY1120,StateRoute,,MEMORIAL,PKWY,,39.09520189,-84.46489569,2.296,5/7/2020 0:00,2200,1,1,0,0,O,CLEAR,DRY,0,COLLISION WITH ANIMAL NON INTERSECTION,SINGLE VEHICLE,STRAIGHT & LEVEL,DARK-HWY LIGHTED/ON,0,0,0,1
26673693,CAMPBELL,US0027,USRoute,,ALEXANDRIA,PIKE,,38.96408873,-84.39270388,10.5,5/7/2020 0:00,2048,1,1,0,0,O,CLEAR,DRY,0,COLLISION WITH ANIMAL NON INTERSECTION,SINGLE VEHICLE,STRAIGHT & LEVEL,DARK-HWY LIGHTED/ON,0,0,0,1
26675842,CAMPBELL,KY0009,StateRoute,,LICKING,PIKE,,39.06467158,-84.48648944,20.852,5/8/2020 0:00,1611,2,2,0,0,O,CLOUDY,DRY,0,OTHER INTERSECTION COLLISIONS,REAR END,STRAIGHT & LEVEL,DAYLIGHT,1,0,0,1
26674422,CAMPBELL,KY0009,StateRoute,,AA,HWY,,38.91661027,-84.28541314,4.192,5/8/2020 0:00,700,1,1,0,0,O,RAINING,WET,0,COLLISION WITH ANIMAL NON INTERSECTION,SINGLE VEHICLE,STRAIGHT & LEVEL,DAYLIGHT,0,0,0,1
26674420,CAMPBELL,KY0010,StateRoute,,MAIN,ST,W,38.94489606,-84.40723218,0.003,5/8/2020 0:00,922,2,2,0,0,O,RAINING,WET,0,HEAD-ON COLLISION,HEAD ON,STRAIGHT & LEVEL,DAYLIGHT,0,0,0,1
26684245,CAMPBELL,US0027,USRoute,,ALEXANDRIA,PIKE,,39.07134846,-84.47033154,20.053,5/8/2020 0:00,1451,2,2,0,0,O,CLOUDY,WET,0,REAR END IN TRAFFIC LANES BOTH VEHICLES MOVING,REAR END,STRAIGHT & LEVEL,DAYLIGHT,0,0,0,1
26675349,CAMPBELL,US0027,USRoute,900,MONMOUTH,ST,,39.08726904,-84.48886489,21.575,5/9/2020 0:00,1226,1,1,0,0,O,CLOUDY,DRY,0,OTHER ROADWAY OR MID-BLOCK COLLISION,SINGLE VEHICLE,STRAIGHT & GRADE,DAYLIGHT,0,0,0,1
26682423,CAMPBELL,KY0471,StateRoute,,KY471,,,39.03707432,-84.45411242,0.007,5/9/2020 0:00,1136,2,2,0,0,O,CLEAR,DRY,1,1 VEHICLE ENTERING/LEAVING ENTRANCE,ANGLE,STRAIGHT & LEVEL,DAYLIGHT,0,0,0,1
26679084,CAMPBELL,,OTHR,,LAKEVIEW,AVE,,38.86170849,-84.38519659,,5/9/2020 0:00,1800,1,1,0,1,B,CLEAR,DRY,0,OCCUPANT FELL FROM MOVING VEHICLE,SINGLE VEHICLE,STRAIGHT & GRADE,DAYLIGHT,0,0,0,1
26742766,CAMPBELL,,OTHR,84,SWEETBRIAR,AVE,,39.07789276,-84.45712108,0.173,5/9/2020 0:00,1550,2,1,0,0,O,CLEAR,DRY,0,1 VEHICLE PARKED POSITION (NOT PARKING LOT/DRIVEWAY),BACKING,STRAIGHT & GRADE,DAYLIGHT,0,0,0,1
26684251,CAMPBELL,US0027,USRoute,,ALEXANDRIA,PIKE,,39.07081009,-84.4698464,19.926,5/9/2020 0:00,1710,2,2,0,0,O,CLEAR,DRY,0,ANGLE COLLISION - ONE VEHICLE TURNING LEFT,ANGLE,STRAIGHT & HILLCREST,DAYLIGHT,0,0,0,1
26675096,CAMPBELL,US0027,USRoute,,MONMOUTH,ST,,39.08614091,-84.48746158,21.462,5/9/2020 0:00,1210,2,2,0,0,O,CLEAR,DRY,0,OTHER INTERSECTION COLLISIONS,REAR END,STRAIGHT & GRADE,DAYLIGHT,1,0,0,1
26682863,CAMPBELL,KY0008,StateRoute,,FAIRFIELD,AVE,,39.10727655,-84.4820979,1.961,5/10/2020 0:00,2018,3,3,0,0,O,CLEAR,DRY,0,OTHER INTERSECTION COLLISIONS,REAR END,STRAIGHT & LEVEL,DUSK,1,0,0,1
26684841,CAMPBELL,KY0009,StateRoute,,LICKING,PIKE,,39.02876275,-84.48009883,18.146,5/10/2020 0:00,1427,1,1,0,1,C,CLOUDY,DRY,0,COLLISION WITH FIXED OBJECT IN INTERSECTION - FIRST EVENT COLLISION 09 - 32,SINGLE VEHICLE,STRAIGHT & GRADE,DAYLIGHT,1,0,0,1
26762584,CAMPBELL,,OTHR,,KENTON,ST,,39.1142893,-84.4650867,0.033,5/10/2020 0:00,1555,3,3,0,0,O,CLOUDY,DRY,0,1 VEHICLE PARKED POSITION (NOT PARKING LOT/DRIVEWAY),ANGLE,STRAIGHT & LEVEL,DAYLIGHT,0,0,0,1
26679085,CAMPBELL,,OTHR,,AA HWY,,,38.86865486,-84.26049638,,5/10/2020 0:00,2112,1,1,0,0,O,CLEAR,DRY,0,COLLISION WITH ANIMAL NON INTERSECTION,SINGLE VEHICLE,STRAIGHT & GRADE,DARK-HWY NOT LIGHTED,0,0,0,1
26679083,CAMPBELL,KY0008,StateRoute,,MARY INGLES,HWY,,39.03633593,-84.38906366,10.846,5/10/2020 0:00,1751,1,1,0,0,O,CLEAR,DRY,0,OTHER COLLISIONS ON SHOULDER,SINGLE VEHICLE,STRAIGHT & LEVEL,DAYLIGHT,0,0,0,1
26682669,CAMPBELL,I 0471,Interstate,3.9,I471 N,,,39.0981529,-84.48843978,4.543,5/10/2020 0:00,1722,2,2,0,0,O,CLEAR,DRY,0,SIDESWIPE COLLISION - SAME DIRECTION,SIDESWIPE-SAME DIRECTION,STRAIGHT & LEVEL,DAYLIGHT,0,0,0,1
26706115,CAMPBELL,,OTHR,814,BERRY,AVE,,39.09690235,-84.47781705,0.162,5/11/2020 0:00,1706,2,2,0,0,O,CLOUDY,DRY,0,VEHICLE BACKING NON INTERSECTION,BACKING,STRAIGHT & LEVEL,DAYLIGHT,0,0,0,1
26706118,CAMPBELL,KY0008,StateRoute,229,FAIRFIELD,AVE,,39.10546059,-84.48437022,1.788,5/11/2020 0:00,1330,2,2,0,0,O,CLOUDY,DRY,1,1 VEHICLE PARKED POSITION (NOT PARKING LOT/DRIVEWAY),SIDESWIPE-SAME DIRECTION,STRAIGHT & LEVEL,DAYLIGHT,0,0,0,1
26685719,CAMPBELL,KY0009,StateRoute,,AA,HWY,,38.9888199,-84.39508583,12.131,5/11/2020 0:00,1540,2,2,0,0,O,CLOUDY,DRY,0,SIDESWIPE-SAME DIRECTION,SIDESWIPE-SAME DIRECTION,STRAIGHT & LEVEL,DAYLIGHT,0,0,0,1
26684095,CAMPBELL,KY0009,StateRoute,8131,AA,HWY,,38.97437493,-84.36131888,9.993,5/11/2020 0:00,550,1,1,0,0,O,CLEAR,DRY,0,COLLISION WITH ANIMAL NON INTERSECTION,SINGLE VEHICLE,STRAIGHT & GRADE,DARK-HWY NOT LIGHTED,0,0,0,1
26691155,CAMPBELL,,OTHR,,TAYLOR,AVE,,39.10206816,-84.48000355,0.44,5/12/2020 0:00,2015,2,2,0,0,O,CLEAR,DRY,0,COLLISION WITH PARKED VEHICLE,REAR END,STRAIGHT & LEVEL,DAYLIGHT,0,0,0,1
26687967,CAMPBELL,US0027,USRoute,,ALEXANDRIA,PIKE,,38.92129744,-84.39069888,7.51,5/12/2020 0:00,1720,2,2,0,0,O,CLEAR,DRY,0,OTHER INTERSECTION COLLISIONS,REAR END,STRAIGHT & LEVEL,DAYLIGHT,1,0,0,1
26695774,CAMPBELL,,OTHR,,SUNSET,DR,,39.03697838,-84.45412759,0.679,5/12/2020 0:00,2000,2,2,0,0,O,CLEAR,DRY,0,SIDESWIPE-SAME DIRECTION,SIDESWIPE-SAME DIRECTION,STRAIGHT & LEVEL,DAYLIGHT,0,0,0,1
26792867,CAMPBELL,KY0008,StateRoute,200,6TH,AVE,,39.11003629,-84.4783622,2.239,5/12/2020 0:00,1500,3,3,0,1,C,CLEAR,DRY,0,1 VEHICLE PARKED POSITION (NOT PARKING LOT/DRIVEWAY),REAR END,STRAIGHT & LEVEL,DAYLIGHT,0,0,0,1
26686890,CAMPBELL,,OTHR,207,5TH,ST,E,39.09333791,-84.49273073,0.072,5/12/2020 0:00,945,2,2,0,0,O,CLEAR,DRY,1,1 VEHICLE PARKED POSITION (NOT PARKING LOT/DRIVEWAY),SIDESWIPE-SAME DIRECTION,STRAIGHT & LEVEL,DAYLIGHT,0,0,0,1
26697959,CAMPBELL,,OTHR,,CROSSROADS,BLVD,,39.00439412,-84.42454249,0.009,5/13/2020 0:00,1430,2,2,0,0,O,CLEAR,DRY,0,OTHER INTERSECTION COLLISIONS,REAR END,STRAIGHT & GRADE,DAYLIGHT,1,0,0,1
26691154,CAMPBELL,,OTHR,,VAN VOAST,AVE,,39.10845853,-84.48065395,0.177,5/13/2020 0:00,1825,2,2,0,0,O,CLOUDY,DRY,0,ANGLE COLLISION - OTHER,ANGLE,STRAIGHT & LEVEL,DAYLIGHT,0,0,0,1
26762585,CAMPBELL,KY0008,StateRoute,100,6TH,AVE,,39.1096155,-84.47901853,2.193,5/14/2020 0:00,1800,2,2,0,0,O,CLEAR,DRY,0,1 VEHICLE ENTERING/LEAVING ENTRANCE,ANGLE,STRAIGHT & LEVEL,DAYLIGHT,0,0,0,1
26704867,CAMPBELL,KY0915,StateRoute,,LICKING,PIKE,,38.98412,-84.42070334,5.847,5/14/2020 0:00,1604,2,2,0,0,O,CLOUDY,DRY,1,SIDESWIPE COLLISION - SAME DIRECTION,SIDESWIPE-SAME DIRECTION,STRAIGHT & LEVEL,DAYLIGHT,0,0,0,1
26694694,CAMPBELL,,OTHR,21,10TH,ST,W,39.0857743,-84.49144695,0.483,5/14/2020 0:00,200,2,2,0,0,O,CLOUDY,DRY,1,1 VEHICLE PARKED POSITION (NOT PARKING LOT/DRIVEWAY),SIDESWIPE-SAME DIRECTION,STRAIGHT & LEVEL,DARK-HWY LIGHTED/ON,0,0,0,1
26696912,CAMPBELL,I 0471,Interstate,,I471 S,,,39.05884563,-84.46956509,1.141,5/14/2020 0:00,2141,1,1,0,0,O,CLEAR,DRY,0,OTHER COLLISIONS ON SHOULDER,SINGLE VEHICLE,STRAIGHT & LEVEL,DARK-HWY LIGHTED/ON,0,0,0,1
26696086,CAMPBELL,,OTHR,,3RD,ST,E,39.03241324,-84.38706302,0.19,5/14/2020 0:00,1200,1,1,0,0,O,CLOUDY,DRY,1,1 VEHICLE PARKED POSITION (NOT PARKING LOT/DRIVEWAY),SINGLE VEHICLE,STRAIGHT & LEVEL,DAYLIGHT,0,0,0,1
26697167,CAMPBELL,US0027,USRoute,,ALEXANDRIA,PIKE,,39.06428187,-84.45795707,19.154,5/14/2020 0:00,1555,1,1,0,0,O,CLEAR,DRY,0,COLLISION WITH ANIMAL NON INTERSECTION,SINGLE VEHICLE,CURVE & GRADE,DAYLIGHT,0,0,0,1
26698894,CAMPBELL,KY0009,StateRoute,,AA,HWY,,38.95956514,-84.34279794,8.557,5/14/2020 0:00,1615,2,2,0,3,B,RAINING,WET,0,OTHER INTERSECTION COLLISIONS,REAR END,STRAIGHT & LEVEL,DAYLIGHT,1,0,0,1