IncidentID,County,RdwyNumber,RdwyType,Street,RoadwayName,StreetSfx,StreetDir,Latitude,Longitude,Milepoint,CollisionDate,CollisionTime,UnitsInvolved,MotorVehiclesInvolved,NumberKilled,NumberInjured,KABCO,Weather,RdwyConditionCode,HitandRun,DirAnalysisCode,MannerofCollision,RdwyCharacter,LightCondition,Intersection Crash,Bicyclist,Pedestrian,Motor Vehicles
26715705,CAMPBELL,,OTHR,49,FAIRFIELD,PL,,39.08863802,-84.45760945,0.166,5/15/2020 0:00,1555,2,2,0,0,O,CLOUDY,DRY,0,1 VEHICLE PARKED POSITION (NOT PARKING LOT/DRIVEWAY),BACKING,STRAIGHT & GRADE,DAYLIGHT,0,0,0,1
26792865,CAMPBELL,,OTHR,,MAPLE,ST,,39.10856482,-84.475604,0.002,5/15/2020 0:00,1825,2,2,0,0,O,CLEAR,DRY,0,1 VEHICLE PARKED POSITION (NOT PARKING LOT/DRIVEWAY),REAR END,STRAIGHT & GRADE,DAYLIGHT,0,0,0,1
26715708,CAMPBELL,I 0275,Interstate,,I275 W,,,39.05306096,-84.44060775,73.805,5/15/2020 0:00,1302,2,2,0,3,A,CLOUDY,DRY,0,1 VEHICLE ENTERING/LEAVING ENTRANCE,ANGLE,STRAIGHT & HILLCREST,DAYLIGHT,0,0,0,1
26702928,CAMPBELL,KY2345,StateRoute,70,MARTHA L COLLINS,BLVD,,39.0270398,-84.45309423,0.184,5/15/2020 0:00,1345,2,2,0,0,O,CLOUDY,WET,0,1 VEHICLE ENTERING/LEAVING ENTRANCE,ANGLE,STRAIGHT & LEVEL,DAYLIGHT,0,0,0,1
26703176,CAMPBELL,KY1892,StateRoute,,GRAND,AVE,,39.08633329,-84.47719356,2.148,5/16/2020 0:00,1435,2,2,0,0,O,CLEAR,DRY,0,SIDESWIPE-SAME DIRECTION,SIDESWIPE-SAME DIRECTION,STRAIGHT & LEVEL,DAYLIGHT,0,0,0,1
26703177,CAMPBELL,US0027,USRoute,,MONMOUTH,ST,,39.08406679,-84.48479067,21.251,5/16/2020 0:00,1458,2,2,0,0,O,CLEAR,DRY,0,OTHER INTERSECTION COLLISIONS,REAR END,STRAIGHT & HILLCREST,DAYLIGHT,1,0,0,1
26700645,CAMPBELL,,OTHR,217,10TH,ST,W,39.08430836,-84.49408299,0.3,5/16/2020 0:00,1035,2,2,0,0,O,RAINING,WET,1,1 VEHICLE PARKED POSITION (NOT PARKING LOT/DRIVEWAY),REAR END,STRAIGHT & LEVEL,DARK-HWY LIGHTED/ON,0,0,0,1
26703175,CAMPBELL,,OTHR,1033,WASHINGTON,AVE,,39.08827571,-84.48651796,0.604,5/16/2020 0:00,1504,3,3,0,1,C,CLEAR,DRY,0,1 VEHICLE PARKED POSITION (NOT PARKING LOT/DRIVEWAY),SIDESWIPE-SAME DIRECTION,STRAIGHT & LEVEL,DAYLIGHT,0,0,0,1
26739942,CAMPBELL,US0027,USRoute,837,MONMOUTH,ST,,39.08870591,-84.49065047,21.711,5/16/2020 0:00,1918,2,2,0,0,O,CLEAR,DRY,1,1 VEHICLE PARKED POSITION (NOT PARKING LOT/DRIVEWAY),,STRAIGHT & LEVEL,DAYLIGHT,0,0,0,1
26701168,CAMPBELL,,OTHR,403,13TH,ST,W,39.07893453,-84.49354781,0.534,5/16/2020 0:00,740,1,1,0,0,O,RAINING,WET,0,COLLISION WITH FIXED OBJECT NON - INTERSECTION - FIRST EVENT COLLISION 09 - 32 EXCLUDING 16,SINGLE VEHICLE,STRAIGHT & GRADE,DAWN,0,0,0,1
26702496,CAMPBELL,I 0471,Interstate,,,,,39.09493411,-84.48094147,0.002,5/16/2020 0:00,1836,2,2,0,0,O,CLEAR,DRY,0,OTHER RAMP RELATED COLLISIONS NOT LISTED ABOVE,REAR END,STRAIGHT & GRADE,DAYLIGHT,0,0,0,1
26706540,CAMPBELL,US0027,USRoute,,,,,39.00067343,-84.42057443,0.528,5/17/2020 0:00,1845,2,2,0,0,O,RAINING,WET,0,OTHER RAMP RELATED COLLISIONS NOT LISTED ABOVE,REAR END,STRAIGHT & LEVEL,DAYLIGHT,0,0,0,1
26704564,CAMPBELL,KY1892,StateRoute,,GRAND,AVE,N,39.07964847,-84.46662265,1.368,5/17/2020 0:00,1846,2,2,0,0,O,CLOUDY,WET,0,REAR END IN TRAFFIC LANES BOTH VEHICLES MOVING,REAR END,STRAIGHT & GRADE,DAYLIGHT,0,0,0,1
26702971,CAMPBELL,KY0009,StateRoute,,AA,HWY,,38.99666633,-84.40545292,12.91,5/17/2020 0:00,900,1,1,0,0,O,CLOUDY,DRY,0,COLLISION WITH ANIMAL NON INTERSECTION,SINGLE VEHICLE,STRAIGHT & LEVEL,DAYLIGHT,0,0,0,1
26706109,CAMPBELL,KY0008,StateRoute,,MARY INGLES,HWY,,39.04408417,-84.42053054,9.064,5/17/2020 0:00,2223,2,2,0,0,O,CLEAR,WET,0,ANGLE COLLISION - OTHER,ANGLE,STRAIGHT & LEVEL,DARK-HWY NOT LIGHTED,0,0,0,1
26711738,CAMPBELL,,OTHR,,SUNSET,DR,,39.03925125,-84.46234279,0.142,5/17/2020 0:00,1320,2,2,0,0,O,CLEAR,DRY,0,ANGLE COLLISION - OTHER,ANGLE,STRAIGHT & GRADE,DAYLIGHT,0,0,0,1
26709200,CAMPBELL,,OTHR,9,CIRCLE,DR,,39.02315671,-84.41996921,0.026,5/18/2020 0:00,718,2,2,0,0,O,CLOUDY,DRY,1,1 VEHICLE PARKED POSITION (NOT PARKING LOT/DRIVEWAY),SIDESWIPE-OPPOSITE DIRECTION,STRAIGHT & LEVEL,UNKNOWN,0,0,0,1
26715713,CAMPBELL,,OTHR,,HIGHLAND,AVE,,39.07548393,-84.4630805,0.488,5/18/2020 0:00,1930,2,2,0,0,O,RAINING,WET,0,1 VEHICLE PARKED POSITION (NOT PARKING LOT/DRIVEWAY),SIDESWIPE-SAME DIRECTION,CURVE & LEVEL,DAWN,0,0,0,1
26718482,CAMPBELL,,OTHR,,LINDEN,AVE,,39.09615527,-84.48659523,0.173,5/18/2020 0:00,1446,2,2,0,1,B,RAINING,WET,0,1 VEHICLE ENTERING/LEAVING ENTRANCE,ANGLE,STRAIGHT & LEVEL,DAYLIGHT,0,0,0,1
29422925,CAMPBELL,I 0471,Interstate,,I471 S,,,39.06195499,-84.46886059,1.375,5/18/2020 0:00,2052,1,1,0,0,O,RAINING,WATER (STANDING OR MOVING),0,OTHER COLLISIONS ON SHOULDER,SINGLE VEHICLE,CURVE & LEVEL,DARK-HWY LIGHTED/ON,0,0,0,1
26709636,CAMPBELL,I 0471,Interstate,,I471 S,,,39.05386429,-84.46936787,0.789,5/18/2020 0:00,1435,1,1,0,0,O,RAINING,WET,0,OTHER COLLISIONS ON SHOULDER,SINGLE VEHICLE,CURVE & LEVEL,DAYLIGHT,0,0,0,1
26707708,CAMPBELL,I 0471,Interstate,,,,,39.08207765,-84.47075849,0.152,5/18/2020 0:00,1146,1,1,0,0,O,RAINING,WET,0,COLLISION WITH FIXED OBJECT NOT IN GORE ,SINGLE VEHICLE,CURVE & LEVEL,DAYLIGHT,0,0,0,1
26716256,CAMPBELL,I 0471,Interstate,100,I471,,,39.09295346,-84.47892297,0.183,5/19/2020 0:00,1700,1,1,0,0,O,RAINING,WET,0,COLLISION WITH FIXED OBJECT NOT IN GORE ,SINGLE VEHICLE,STRAIGHT & LEVEL,DAYLIGHT,0,0,0,1
26718481,CAMPBELL,KY0008,StateRoute,,DAVE COWENS,DR,,39.09881588,-84.49191853,1.141,5/19/2020 0:00,1208,2,2,0,0,O,RAINING,WET,0,REAR END IN TRAFFIC LANES BOTH VEHICLES MOVING,REAR END,STRAIGHT & LEVEL,DAYLIGHT,0,0,0,1
26712807,CAMPBELL,KY0008,StateRoute,,MARY INGLES,HWY,,38.97425267,-84.3034802,,5/19/2020 0:00,1716,1,1,0,0,O,RAINING,WET,0,OTHER COLLISIONS ON SHOULDER,SINGLE VEHICLE,STRAIGHT & LEVEL,DAYLIGHT,0,0,0,1
26711741,CAMPBELL,I 0275,Interstate,,I275 W,,,39.04574112,-84.46544904,75.266,5/19/2020 0:00,612,2,2,0,0,O,RAINING,WET,0,SIDESWIPE COLLISION - SAME DIRECTION,SIDESWIPE-SAME DIRECTION,CURVE & LEVEL,DAWN,0,0,0,1
26714957,CAMPBELL,US0027,USRoute,,ALEXANDRIA,PIKE,,39.02031871,-84.43831857,15.248,5/19/2020 0:00,1720,2,2,0,0,O,RAINING,WET,0,1 VEHICLE ENTERING/LEAVING ENTRANCE,ANGLE,STRAIGHT & LEVEL,DAYLIGHT,0,0,0,1
26711742,CAMPBELL,I 0471,Interstate,,I471 N,,,39.05142893,-84.4667147,0.603,5/19/2020 0:00,643,1,1,0,1,B,RAINING,WET,0,RAN OFF ROADWAY (1 VEHICLE WITH/EARTH EMBANKMENT/DITCH),SINGLE VEHICLE,CURVE & LEVEL,DAWN,0,0,0,1
26712806,CAMPBELL,KY0008,StateRoute,,MARY INGLES,HWY,,38.95854454,-84.29717144,18.858,5/19/2020 0:00,1015,1,1,0,0,O,RAINING,MUD-DIRT,0,COLLISION WITH NON-FIXED OBJECT ,SINGLE VEHICLE,STRAIGHT & LEVEL,DAYLIGHT,0,0,0,1
26712911,CAMPBELL,US0027,USRoute,,MONMOUTH,ST,,39.09299142,-84.49481119,22.082,5/19/2020 0:00,1906,2,2,0,0,O,CLOUDY,WET,0,SIDESWIPE-SAME DIRECTION,SIDESWIPE-SAME DIRECTION,STRAIGHT & LEVEL,DAYLIGHT,0,0,0,1
26736144,CAMPBELL,US0027,USRoute,,ALEXANDRIA,PIKE,,39.0611343,-84.45246569,18.696,5/20/2020 0:00,2011,1,1,0,0,O,CLEAR,DRY,0,COLLISION WITH FIXED OBJECT NON - INTERSECTION - FIRST EVENT COLLISION 09 - 32 EXCLUDING 16,SINGLE VEHICLE,STRAIGHT & HILLCREST,DAYLIGHT,0,0,0,1
26736146,CAMPBELL,,OTHR,249,CLOVER RIDGE,AVE,,39.09116949,-84.45698935,0.024,5/20/2020 0:00,1945,2,2,0,0,O,CLEAR,DRY,0,1 VEHICLE PARKED POSITION (NOT PARKING LOT/DRIVEWAY),SIDESWIPE-SAME DIRECTION,CURVE & GRADE,DAYLIGHT,0,0,0,1
26730884,CAMPBELL,KY0009,StateRoute,,AA,HWY,,38.87433904,-84.26088685,0.869,5/20/2020 0:00,1709,3,3,0,0,O,CLEAR,DRY,1,SIDESWIPE COLLISION - SAME DIRECTION,SIDESWIPE-SAME DIRECTION,STRAIGHT & LEVEL,DAYLIGHT,0,0,0,1
26720411,CAMPBELL,I 0471,Interstate,,I471 S,,,39.09948008,-84.49286702,4.803,5/21/2020 0:00,1318,2,2,0,0,O,CLEAR,DRY,0,SIDESWIPE COLLISION - SAME DIRECTION,SIDESWIPE-SAME DIRECTION,STRAIGHT & LEVEL,DAYLIGHT,0,0,0,1
26718969,CAMPBELL,,OTHR,,DODSWORTH,LN,,39.02464128,-84.41928481,0.62,5/21/2020 0:00,715,2,2,0,0,O,CLOUDY,DRY,0,SIDESWIPE COLLISION - SAME DIRECTION,SIDESWIPE-SAME DIRECTION,STRAIGHT & LEVEL,DAWN,0,0,0,1
26738686,CAMPBELL,KY0008,StateRoute,,FAIRFIELD,AVE,,39.1047799,-84.48509829,1.726,5/21/2020 0:00,2219,3,3,0,2,B,CLEAR,DRY,0,OTHER INTERSECTION COLLISIONS,REAR END,STRAIGHT & LEVEL,DARK-HWY LIGHTED/ON,1,0,0,1
26751161,CAMPBELL,,OTHR,100,HUNTEMAN,LN,,39.08593154,-84.46574176,0.064,5/21/2020 0:00,1200,2,2,0,0,O,OTHER,OTHER,0,1 VEHICLE PARKED POSITION (NOT PARKING LOT/DRIVEWAY),BACKING,STRAIGHT & LEVEL,DAYLIGHT,0,0,0,1
26742811,CAMPBELL,,OTHR,,BONNIE LESLIE,AVE,,39.0962054,-84.47413458,0.164,5/21/2020 0:00,1739,2,2,0,0,O,CLEAR,DRY,1,1 VEHICLE PARKED POSITION (NOT PARKING LOT/DRIVEWAY),SIDESWIPE-SAME DIRECTION,STRAIGHT & LEVEL,DARK-HWY LIGHTED/OFF,0,0,0,1
26720426,CAMPBELL,I 0471,Interstate,,I471 N,,,39.07722014,-84.46942821,2.658,5/21/2020 0:00,1124,1,1,0,0,O,RAINING,WET,0,COLLISION WITH FIXED OBJECT NON - INTERSECTION - FIRST EVENT COLLISION 09 - 32 EXCLUDING 16,SINGLE VEHICLE,CURVE & LEVEL,DAYLIGHT,0,0,0,1
26730889,CAMPBELL,,OTHR,26,CROWELL,AVE,,39.0532765,-84.45160397,0.141,5/22/2020 0:00,1914,2,2,0,0,O,CLEAR,DRY,0,1 VEHICLE PARKED POSITION (NOT PARKING LOT/DRIVEWAY),BACKING,STRAIGHT & GRADE,DAYLIGHT,0,0,0,1
26740033,CAMPBELL,,OTHR,712,OVERTON,ST,,39.09216806,-84.48836966,0.159,5/22/2020 0:00,2234,2,2,0,0,O,CLEAR,DRY,0,1 VEHICLE PARKED POSITION (NOT PARKING LOT/DRIVEWAY),BACKING,STRAIGHT & LEVEL,DARK-HWY LIGHTED/ON,0,0,0,1
26739945,CAMPBELL,,OTHR,933,SARATOGA,ST,,39.08791111,-84.48819756,0.121,5/22/2020 0:00,1946,2,2,0,0,O,CLEAR,DRY,1,1 VEHICLE PARKED POSITION (NOT PARKING LOT/DRIVEWAY),SIDESWIPE-SAME DIRECTION,STRAIGHT & LEVEL,DAYLIGHT,0,0,0,1
26754885,CAMPBELL,,OTHR,111,ASPEN,CT,,39.06753605,-84.48454039,0.048,5/22/2020 0:00,3,2,2,0,0,O,CLEAR,DRY,0,1 VEHICLE PARKED POSITION (NOT PARKING LOT/DRIVEWAY),ANGLE,CURVE & GRADE,DARK (UNKNOWN ROADWAY LIGHTING),0,0,0,1
26738388,CAMPBELL,KY0709,StateRoute,,KY709 CROSSOVER,,,38.98213094,-84.39779917,0.001,5/22/2020 0:00,1547,2,2,0,0,O,CLEAR,DRY,0,SIDESWIPE-SAME DIRECTION,SIDESWIPE-SAME DIRECTION,STRAIGHT & GRADE,DAYLIGHT,0,0,0,1
26762589,CAMPBELL,KY0008,StateRoute,400,6TH,AVE,,39.11200228,-84.47484,2.468,5/22/2020 0:00,1608,2,2,0,1,B,CLEAR,DRY,0,1 VEHICLE PARKED POSITION (NOT PARKING LOT/DRIVEWAY),SIDESWIPE-SAME DIRECTION,STRAIGHT & LEVEL,DAYLIGHT,0,0,0,1
26729392,CAMPBELL,KY0008,StateRoute,400,DAVE COWENS,DR,,39.09898687,-84.49172678,1.164,5/23/2020 0:00,1634,3,3,0,0,O,CLEAR,DRY,0,OTHER ROADWAY OR MID-BLOCK COLLISION,REAR END,STRAIGHT & LEVEL,DAYLIGHT,0,0,0,1
26730895,CAMPBELL,KY0008,StateRoute,,MARY INGLES,HWY,,39.02945596,-84.36132586,12.427,5/23/2020 0:00,1933,2,2,0,2,B,CLOUDY,WET,0,1 VEHICLE ENTERING/LEAVING ENTRANCE,ANGLE,STRAIGHT & LEVEL,DAYLIGHT,0,0,0,1
26729624,CAMPBELL,I 0471,Interstate,,I471 S,,,39.10116529,-84.49611184,5.012,5/23/2020 0:00,1638,2,2,0,0,O,CLOUDY,DRY,0,SIDESWIPE COLLISION - SAME DIRECTION,SIDESWIPE-SAME DIRECTION,STRAIGHT & LEVEL,DAYLIGHT,0,0,0,1
26751245,CAMPBELL,KY0009,StateRoute,,AA,HWY,,38.98081998,-84.37444998,10.872,5/23/2020 0:00,904,2,2,0,1,C,CLEAR,DRY,0,ANGLE COLLISION - OTHER,ANGLE,STRAIGHT & LEVEL,DAYLIGHT,0,0,0,1
28067018,CAMPBELL,KY1892,StateRoute,,GRAND,AVE,N,39.08039864,-84.46735307,1.427,5/23/2020 0:00,1659,2,2,0,1,B,CLOUDY,DRY,0,OPPOSING LEFT TURN,OPPOSING LEFT TURN,STRAIGHT & GRADE,DAYLIGHT,0,0,0,1
26732296,CAMPBELL,,OTHR,,JOYCE,AVE,,39.0739497,-84.47004241,0.057,5/23/2020 0:00,823,2,2,0,0,O,CLEAR,DRY,0,COLLISION WITH PARKED VEHICLE,BACKING,STRAIGHT & GRADE,DAYLIGHT,0,0,0,1
26726709,CAMPBELL,,OTHR,130,NEWPORT PAVILION,,,39.08737376,-84.47674995,0.525,5/23/2020 0:00,1230,2,2,0,0,O,CLEAR,DRY,0,1 VEHICLE PARKED POSITION (NOT PARKING LOT/DRIVEWAY),SIDESWIPE-SAME DIRECTION,STRAIGHT & LEVEL,DAYLIGHT,0,0,0,1
26736770,CAMPBELL,,OTHR,40,HOLLY WOODS,DR,,39.05353493,-84.44527558,0.149,5/23/2020 0:00,1809,2,2,0,0,O,CLEAR,DRY,0,1 VEHICLE PARKED POSITION (NOT PARKING LOT/DRIVEWAY),SIDESWIPE-SAME DIRECTION,STRAIGHT & LEVEL,DAYLIGHT,0,0,0,1
26733917,CAMPBELL,US0027,USRoute,726,YORK,ST,,39.08904436,-84.49332596,21.95,5/23/2020 0:00,2230,4,4,0,0,O,RAINING,WET,0,1 VEHICLE PARKED POSITION (NOT PARKING LOT/DRIVEWAY),SIDESWIPE-SAME DIRECTION,STRAIGHT & LEVEL,DARK-HWY LIGHTED/ON,0,0,0,1
26792860,CAMPBELL,,OTHR,,5TH,AVE,,39.10985473,-84.47967605,1.149,5/23/2020 0:00,240,2,2,0,0,O,CLEAR,DRY,1,1 VEHICLE PARKED POSITION (NOT PARKING LOT/DRIVEWAY),SIDESWIPE-SAME DIRECTION,STRAIGHT & LEVEL,DARK-HWY LIGHTED/ON,0,0,0,1
26731316,CAMPBELL,I 0471,Interstate,,I471 N,,,39.08377601,-84.47235664,3.141,5/23/2020 0:00,2124,1,1,0,0,O,RAINING,WET,0,COLLISION WITH FIXED OBJECT NON - INTERSECTION - FIRST EVENT COLLISION 09 - 32 EXCLUDING 16,SINGLE VEHICLE,STRAIGHT & LEVEL,DARK-HWY LIGHTED/ON,0,0,0,1
26735173,CAMPBELL,I 0275,Interstate,,,,,39.0466233,-84.4600601,0.256,5/24/2020 0:00,1820,1,1,0,1,B,CLOUDY,DRY,0,COLLISION WITH FIXED OBJECT NOT IN GORE ,SINGLE VEHICLE,CURVE & GRADE,DAYLIGHT,0,0,0,1
26732417,CAMPBELL,US0027,USRoute,1930,MONMOUTH,ST,,39.07729379,-84.47862187,20.667,5/24/2020 0:00,1601,2,2,0,0,O,CLOUDY,DRY,0,1 VEHICLE ENTERING/LEAVING ENTRANCE,ANGLE,STRAIGHT & GRADE,DAYLIGHT,0,0,0,1
26732416,CAMPBELL,I 0471,Interstate,,I471 N,,,39.08375305,-84.47224249,3.137,5/24/2020 0:00,1723,1,1,0,0,O,RAINING,WET,0,OTHER ROADWAY OR MID-BLOCK COLLISION,SINGLE VEHICLE,CURVE & GRADE,DAYLIGHT,0,0,0,1
26738378,CAMPBELL,US0027,USRoute,,ALEXANDRIA,PIKE,,39.03211361,-84.45241631,16.387,5/25/2020 0:00,1005,2,2,0,0,O,CLEAR,DRY,0,OTHER ROADWAY OR MID-BLOCK COLLISION,REAR END,STRAIGHT & LEVEL,DAYLIGHT,0,0,0,1
26762590,CAMPBELL,KY0008,StateRoute,,6TH,AVE,,39.11079188,-84.47718803,2.319,5/25/2020 0:00,1552,2,2,0,0,O,CLEAR,DRY,1,1 VEHICLE ENTERING/LEAVING ENTRANCE,ANGLE,STRAIGHT & LEVEL,DAYLIGHT,0,0,0,1
26746016,CAMPBELL,KY0471,StateRoute,,KY471,,,39.03698262,-84.45411306,0.001,5/25/2020 0:00,1829,2,2,0,0,O,CLEAR,DRY,0,REAR END IN TRAFFIC LANES BOTH VEHICLES MOVING,REAR END,STRAIGHT & LEVEL,DAYLIGHT,0,0,0,1
26757534,CAMPBELL,,OTHR,540,BERRY,AVE,,39.10031352,-84.48141088,0.466,5/25/2020 0:00,1444,2,2,0,0,O,CLOUDY,DRY,1,1 VEHICLE PARKED POSITION (NOT PARKING LOT/DRIVEWAY),SIDESWIPE-SAME DIRECTION,STRAIGHT & GRADE,DAYLIGHT,0,0,0,1
26740941,CAMPBELL,,OTHR,,HOLLY,,,39.09378287,-84.44837753,,5/25/2020 0:00,1548,2,2,0,0,O,CLEAR,DRY,0,1 VEHICLE PARKED POSITION (NOT PARKING LOT/DRIVEWAY),HEAD ON,CURVE & GRADE,DAYLIGHT,0,0,0,1
26732760,CAMPBELL,,OTHR,1026,BOONE,ST,,39.0886782,-84.48480114,0.017,5/25/2020 0:00,200,2,2,0,0,O,OTHER,DRY,1,1 VEHICLE PARKED POSITION (NOT PARKING LOT/DRIVEWAY),ANGLE,STRAIGHT & LEVEL,UNKNOWN,0,0,0,1
26733109,CAMPBELL,,OTHR,1055,KEATING,DR,,39.0120534,-84.42682848,0.108,5/25/2020 0:00,1250,2,2,0,0,O,CLEAR,DRY,0,1 VEHICLE PARKED POSITION (NOT PARKING LOT/DRIVEWAY),SIDESWIPE-SAME DIRECTION,STRAIGHT & LEVEL,DAYLIGHT,0,0,0,1
26792857,CAMPBELL,,OTHR,514,10TH,AVE,,39.11023498,-84.47106196,0.044,5/25/2020 0:00,2010,2,2,0,1,C,CLEAR,DRY,0,1 VEHICLE PARKED POSITION (NOT PARKING LOT/DRIVEWAY),BACKING,STRAIGHT & GRADE,DAYLIGHT,0,0,0,1
26738379,CAMPBELL,US0027,USRoute,,ALEXANDRIA,PIKE,,39.04682233,-84.44570106,17.587,5/25/2020 0:00,1308,2,2,0,0,O,CLOUDY,DRY,0,ANGLE COLLISION - OTHER,ANGLE,CURVE & LEVEL,DAYLIGHT,0,0,0,1
26743325,CAMPBELL,I 0471,Interstate,,,,,39.08543707,-84.47459564,0.214,5/26/2020 0:00,1650,2,2,0,0,O,CLEAR,DRY,0,OTHER RAMP RELATED COLLISIONS NOT LISTED ABOVE,REAR END,STRAIGHT & LEVEL,DAYLIGHT,0,0,0,1
26794133,CAMPBELL,,OTHR,446,VAN VOAST,AVE,,39.10571406,-84.47776537,0.294,5/26/2020 0:00,1641,1,1,0,1,A,CLEAR,DRY,0,COLLISION WITH FIXED OBJECT NON - INTERSECTION - FIRST EVENT COLLISION 09 - 32 EXCLUDING 16,SINGLE VEHICLE,STRAIGHT & GRADE,DAYLIGHT,0,0,0,1
26742812,CAMPBELL,,OTHR,122,FOOTE,AVE,,39.1085113,-84.48318189,0.049,5/26/2020 0:00,200,2,2,0,0,O,CLEAR,DRY,1,1 VEHICLE PARKED POSITION (NOT PARKING LOT/DRIVEWAY),SIDESWIPE-OPPOSITE DIRECTION,STRAIGHT & GRADE,DARK-HWY LIGHTED/ON,0,0,0,1
26757015,CAMPBELL,US0027,USRoute,,MONMOUTH,ST,,39.07994369,-84.4812917,20.908,5/26/2020 0:00,803,2,2,0,0,O,CLEAR,DRY,0,OTHER ROADWAY OR MID-BLOCK COLLISION,OPPOSING LEFT TURN,STRAIGHT & LEVEL,DAYLIGHT,0,0,0,1
26743943,CAMPBELL,,OTHR,,COLUMBIA,ST,,39.09155507,-84.49772079,0.205,5/27/2020 0:00,1849,2,2,0,0,O,CLEAR,DRY,0,1 VEHICLE ENTERING/LEAVING ENTRANCE,ANGLE,STRAIGHT & LEVEL,DAYLIGHT,0,0,0,1
26742718,CAMPBELL,KY0009,StateRoute,,LICKING,PIKE,,39.02279351,-84.48093109,17.748,5/27/2020 0:00,1215,2,2,0,0,O,CLEAR,DRY,0,OTHER ROADWAY OR MID-BLOCK COLLISION,REAR END,STRAIGHT & HILLCREST,DAWN,0,0,0,1
26769641,CAMPBELL,,OTHR,311,WASHINGTON,AVE,,39.10388026,-84.47953103,0.249,5/27/2020 0:00,1400,2,2,0,0,O,CLOUDY,DRY,1,1 VEHICLE PARKED POSITION (NOT PARKING LOT/DRIVEWAY),SIDESWIPE-SAME DIRECTION,STRAIGHT & LEVEL,DAYLIGHT,0,0,0,1
26743985,CAMPBELL,I 0471,Interstate,,I471 N,,,39.10090695,-84.49525567,4.965,5/27/2020 0:00,1744,4,4,0,1,B,CLEAR,DRY,0,REAR END IN TRAFFIC LANES BOTH VEHICLES MOVING,REAR END,STRAIGHT & LEVEL,DAYLIGHT,0,0,0,1
26742719,CAMPBELL,KY0009,StateRoute,,AA,HWY,,39.02122999,-84.48119415,17.625,5/27/2020 0:00,1345,3,3,0,0,O,CLOUDY,DRY,0,OTHER INTERSECTION COLLISIONS,REAR END,STRAIGHT & LEVEL,DAYLIGHT,1,0,0,1
26747587,CAMPBELL,US0027,USRoute,,ALEXANDRIA,PIKE,,38.97291119,-84.39228068,11.118,5/27/2020 0:00,1545,2,2,0,2,B,CLOUDY,DRY,0,ANGLE COLLISION - OTHER,ANGLE,STRAIGHT & LEVEL,DAYLIGHT,0,0,0,1
29422919,CAMPBELL,,OTHR,,BLUEGRASS,AVE,,39.07226638,-84.48012231,0.248,5/27/2020 0:00,1942,1,1,0,0,O,CLOUDY,DRY,0,COLLISION WITH FIXED OBJECT NON - INTERSECTION - FIRST EVENT COLLISION 09 - 32 EXCLUDING 16,SINGLE VEHICLE,STRAIGHT & LEVEL,DAYLIGHT,0,0,0,1
26747207,CAMPBELL,,OTHR,130,NEWPORT PAVILION,,,39.09181746,-84.47972603,0.083,5/28/2020 0:00,1133,2,2,0,0,O,CLEAR,DRY,1,1 VEHICLE PARKED POSITION (NOT PARKING LOT/DRIVEWAY),ANGLE,,DAYLIGHT,0,0,0,1
26751247,CAMPBELL,US0027,USRoute,,ALEXANDRIA,PIKE,,38.97473397,-84.39240795,11.239,5/28/2020 0:00,1128,2,2,0,0,O,CLEAR,DRY,0,OPPOSITE DIRECTION - BOTH VEHICLES GOING STRAIGHT AHEAD,SIDESWIPE-OPPOSITE DIRECTION,STRAIGHT & LEVEL,DAYLIGHT,0,0,0,1
26751250,CAMPBELL,US0027,USRoute,,ALEXANDRIA,PIKE,,38.98310117,-84.3994261,11.972,5/28/2020 0:00,1335,2,2,0,0,O,CLEAR,DRY,0,OTHER INTERSECTION COLLISIONS,REAR TO REAR,STRAIGHT & HILLCREST,DAYLIGHT,1,0,0,1
26753288,CAMPBELL,US0027,USRoute,,ALEXANDRIA,PIKE,,39.02568171,-84.44630415,15.821,5/28/2020 0:00,1527,2,2,0,0,O,CLEAR,DRY,0,REAR END IN TRAFFIC LANES BOTH VEHICLES MOVING,REAR END,STRAIGHT & LEVEL,DAYLIGHT,0,0,0,1
26750208,CAMPBELL,US0027,USRoute,,ALEXANDRIA,PIKE,,38.91828309,-84.38946311,7.292,5/28/2020 0:00,2250,2,2,0,0,O,CLOUDY,DRY,1,REAR END IN TRAFFIC LANES BOTH VEHICLES MOVING,REAR END,STRAIGHT & LEVEL,DARK-HWY NOT LIGHTED,0,0,0,1
26751478,CAMPBELL,I 0471,Interstate,"2,7",I471 N,,,39.07568618,-84.46795326,2.523,5/28/2020 0:00,1704,2,2,0,0,O,CLEAR,DRY,1,SIDESWIPE COLLISION - SAME DIRECTION,SIDESWIPE-SAME DIRECTION,STRAIGHT & LEVEL,DAYLIGHT,0,0,0,1
26755075,CAMPBELL,US0027,USRoute,,ALEXANDRIA,PIKE,,38.87078315,-84.39449539,3.853,5/29/2020 0:00,1657,2,2,0,0,O,CLEAR,DRY,0,REAR END IN TRAFFIC LANES BOTH VEHICLES MOVING,REAR END,STRAIGHT & LEVEL,DAYLIGHT,0,0,0,1
26763107,CAMPBELL,,OTHR,209,5TH,ST,E,39.09323891,-84.49271272,0.074,5/29/2020 0:00,1213,3,3,0,0,O,CLOUDY,WET,0,1 VEHICLE PARKED POSITION (NOT PARKING LOT/DRIVEWAY),SIDESWIPE-SAME DIRECTION,STRAIGHT & LEVEL,DAYLIGHT,0,0,0,1