IncidentID,County,RdwyNumber,RdwyType,Street,RoadwayName,StreetSfx,StreetDir,Latitude,Longitude,Milepoint,CollisionDate,CollisionTime,UnitsInvolved,MotorVehiclesInvolved,NumberKilled,NumberInjured,KABCO,Weather,RdwyConditionCode,HitandRun,DirAnalysisCode,MannerofCollision,RdwyCharacter,LightCondition,Intersection Crash,Bicyclist,Pedestrian,Motor Vehicles
26763682,CAMPBELL,,OTHR,,TAYLOR,AVE,,39.09724328,-84.47490632,0.879,5/29/2020 0:00,2005,2,2,0,0,O,CLEAR,DRY,0,1 VEHICLE PARKED POSITION (NOT PARKING LOT/DRIVEWAY),SIDESWIPE-SAME DIRECTION,STRAIGHT & GRADE,DUSK,0,0,0,1
26757656,CAMPBELL,I 0275,Interstate,73.3,I275 E,,,39.0541672,-84.43704758,73.6,5/30/2020 0:00,1754,1,1,0,0,O,CLEAR,DRY,0,COLLISION WITH FIXED OBJECT NON - INTERSECTION - FIRST EVENT COLLISION 09 - 32 EXCLUDING 16,SINGLE VEHICLE,STRAIGHT & GRADE,DAYLIGHT,0,0,0,1
26794136,CAMPBELL,,OTHR,202,CLEVELAND,AVE,,39.09883341,-84.47599063,0.161,5/30/2020 0:00,2338,2,2,0,0,O,CLEAR,DRY,1,1 VEHICLE PARKED POSITION (NOT PARKING LOT/DRIVEWAY),BACKING,STRAIGHT & GRADE,DARK-HWY LIGHTED/ON,0,0,0,1
26765238,CAMPBELL,,OTHR,255,CLOVER RIDGE,AVE,,39.09191383,-84.45712471,0.077,5/30/2020 0:00,1000,2,2,0,0,O,CLEAR,DRY,1,1 VEHICLE PARKED POSITION (NOT PARKING LOT/DRIVEWAY),SIDESWIPE-SAME DIRECTION,STRAIGHT & GRADE,DAYLIGHT,0,0,0,1
26754840,CAMPBELL,,OTHR,,16TH,ST,,39.08384643,-84.48382912,0.257,5/30/2020 0:00,1836,2,2,0,0,O,CLEAR,DRY,0,REAR END IN TRAFFIC LANES BOTH VEHICLES MOVING,REAR END,STRAIGHT & HILLCREST,DAYLIGHT,0,0,0,1
26769137,CAMPBELL,,OTHR,,RAVINE,CIR,,39.06435903,-84.46961945,,5/30/2020 0:00,1500,2,2,0,0,O,CLEAR,DRY,0,1 VEHICLE ENTERING/LEAVING ENTRANCE,ANGLE,STRAIGHT & GRADE,DAYLIGHT,0,0,0,1
26755203,CAMPBELL,,OTHR,824,CLAY RIDGE,RD,,38.83973233,-84.41942931,2.322,5/31/2020 0:00,100,1,1,0,0,O,CLEAR,DRY,0,RAN OFF ROADWAY (1 VEHICLE WITH/EARTH EMBANKMENT/DITCH),SINGLE VEHICLE,CURVE & GRADE,DARK-HWY NOT LIGHTED,0,0,0,1
26756278,CAMPBELL,KY0009,StateRoute,,AA,HWY,,38.9595366,-84.34257218,8.566,5/31/2020 0:00,1335,2,2,0,3,B,CLEAR,DRY,0,OTHER INTERSECTION COLLISIONS,REAR END,STRAIGHT & GRADE,DAYLIGHT,1,0,0,1
26757658,CAMPBELL,I 0471,Interstate,,I471 S,,,39.07060702,-84.46321279,2.088,5/31/2020 0:00,1722,1,1,0,0,O,CLEAR,DRY,0,COLLISION WITH ANIMAL NON INTERSECTION,SINGLE VEHICLE,STRAIGHT & LEVEL,DAYLIGHT,0,0,0,1
26757008,CAMPBELL,US0027,USRoute,,MONMOUTH,ST,,39.08410679,-84.48466487,21.257,5/31/2020 0:00,1317,2,2,0,1,C,CLEAR,DRY,0,OTHER INTERSECTION COLLISIONS,REAR END,STRAIGHT & LEVEL,DAYLIGHT,1,0,0,1
26756517,CAMPBELL,KY1892,StateRoute,,CAROTHERS,RD,,39.08639216,-84.47724825,2.154,5/31/2020 0:00,1801,2,2,0,0,O,CLEAR,DRY,0,OPPOSING LEFT TURN,OPPOSING LEFT TURN,STRAIGHT & LEVEL,DAYLIGHT,0,0,0,1
26762830,CAMPBELL,US0027,USRoute,,ALEXANDRIA,PIKE,,38.95761691,-84.39319097,10.047,6/1/2020 0:00,1628,2,2,0,0,O,CLEAR,DRY,0,OTHER INTERSECTION COLLISIONS,REAR END,STRAIGHT & LEVEL,DAYLIGHT,1,0,0,1
26794137,CAMPBELL,,OTHR,324,COVERT RUN,PIKE,,39.0999486,-84.47601385,0.22,6/1/2020 0:00,330,2,2,0,0,O,CLEAR,DRY,0,1 VEHICLE PARKED POSITION (NOT PARKING LOT/DRIVEWAY),REAR END,STRAIGHT & LEVEL,DARK-HWY LIGHTED/ON,0,0,0,1
26792852,CAMPBELL,,OTHR,,VINE,ST,,39.11070917,-84.47700272,0.183,6/1/2020 0:00,1857,2,2,0,0,O,CLEAR,DRY,0,SIDESWIPE COLLISION - SAME DIRECTION,SIDESWIPE-SAME DIRECTION,STRAIGHT & GRADE,DAYLIGHT,0,0,0,1
26759963,CAMPBELL,KY0009,StateRoute,,LICKING,PIKE,,39.02246501,-84.48099082,17.722,6/1/2020 0:00,1432,2,2,0,1,C,CLEAR,DRY,0,REAR END IN TRAFFIC LANES BOTH VEHICLES MOVING,REAR END,STRAIGHT & LEVEL,DAYLIGHT,0,0,0,1
26758915,CAMPBELL,I 0471,Interstate,,I471 N,,,39.10072065,-84.49491169,4.942,6/1/2020 0:00,1229,2,2,0,0,O,CLEAR,DRY,0,REAR END IN TRAFFIC LANES BOTH VEHICLES MOVING,REAR END,STRAIGHT & LEVEL,DAYLIGHT,0,0,0,1
26768064,CAMPBELL,,OTHR,,TRUESDELL,RD,,38.97702511,-84.33267487,,6/1/2020 0:00,400,2,2,0,0,O,CLEAR,DRY,1,1 VEHICLE PARKED POSITION (NOT PARKING LOT/DRIVEWAY),HEAD ON,STRAIGHT & LEVEL,DARK (UNKNOWN ROADWAY LIGHTING),0,0,0,1
26765240,CAMPBELL,,OTHR,,WATERWORKS,RD,,39.08914515,-84.46038674,0.707,6/1/2020 0:00,1500,2,2,0,0,O,CLEAR,DRY,0,1 VEHICLE PARKED POSITION (NOT PARKING LOT/DRIVEWAY),BACKING,STRAIGHT & GRADE,DAYLIGHT,0,0,0,1
26765714,CAMPBELL,,OTHR,186,RIDGEWOOD,DR,,38.957582,-84.34500882,1.226,6/1/2020 0:00,701,2,2,0,0,O,CLEAR,DRY,0,1 VEHICLE PARKED POSITION (NOT PARKING LOT/DRIVEWAY),SIDESWIPE-SAME DIRECTION,STRAIGHT & GRADE,DAYLIGHT,0,0,0,1
26765245,CAMPBELL,KY1120,StateRoute,,FT THOMAS,AVE,S,39.0645137,-84.44662912,5.348,6/2/2020 0:00,1850,2,2,0,1,B,CLEAR,DRY,0,SIDESWIPE COLLISION - OPPOSITE DIRECTION,SIDESWIPE-OPPOSITE DIRECTION,CURVE & LEVEL,DAYLIGHT,0,0,0,1
26773848,CAMPBELL,US0027,USRoute,3614,ALEXANDRIA,PIKE,,39.02839515,-84.4501158,16.104,6/2/2020 0:00,2246,2,2,0,3,B,CLEAR,DRY,0,OTHER COLLISIONS ON SHOULDER,ANGLE,STRAIGHT & LEVEL,DARK-HWY LIGHTED/ON,0,0,0,1
26768925,CAMPBELL,KY0008,StateRoute,,MARY INGLES,HWY,,38.93907582,-84.28437739,20.375,6/2/2020 0:00,2335,2,2,0,1,A,CLEAR,DRY,0,HEAD-ON COLLISION,HEAD ON,STRAIGHT & LEVEL,DARK-HWY NOT LIGHTED,0,0,0,1
26765716,CAMPBELL,US0027,USRoute,9242,ALEXANDRIA,PIKE,,38.9406143,-84.39435543,8.869,6/2/2020 0:00,1712,2,2,0,0,O,CLEAR,DRY,1,OPPOSING LEFT TURN,OPPOSING LEFT TURN,STRAIGHT & LEVEL,DAYLIGHT,0,0,0,1
27365730,CAMPBELL,KY1120,StateRoute,,MEMORIAL,PKWY,,39.092953,-84.47936824,1.438,6/3/2020 0:00,1355,2,2,0,0,O,CLEAR,DRY,0,OTHER ROADWAY OR MID-BLOCK COLLISION,REAR END,STRAIGHT & LEVEL,DAYLIGHT,0,0,0,1
26769613,CAMPBELL,KY0008,StateRoute,607,FAIRFIELD,AVE,,39.10804046,-84.4811228,2.036,6/3/2020 0:00,1126,4,4,0,0,O,CLEAR,DRY,0,1 VEHICLE PARKED POSITION (NOT PARKING LOT/DRIVEWAY),REAR END,STRAIGHT & LEVEL,DAYLIGHT,0,0,0,1
26788319,CAMPBELL,,OTHR,200,SARATOGA,ST,,39.0910835,-84.49089158,0.377,6/3/2020 0:00,1130,3,3,0,0,O,CLEAR,DRY,0,1 VEHICLE PARKED POSITION (NOT PARKING LOT/DRIVEWAY),SIDESWIPE-SAME DIRECTION,STRAIGHT & LEVEL,DAYLIGHT,0,0,0,1
26828631,CAMPBELL,,OTHR,,TAYLOR,AVE,,39.09859843,-84.47632184,0.757,6/3/2020 0:00,1521,2,2,0,0,O,CLEAR,DRY,0,ANGLE COLLISION - OTHER,ANGLE,STRAIGHT & GRADE,DAYLIGHT,0,0,0,1
26834064,CAMPBELL,US0027,USRoute,,MONMOUTH,ST,,39.07915752,-84.48053607,20.838,6/3/2020 0:00,1145,2,2,0,0,O,CLEAR,DRY,0,1 VEHICLE ENTERING/LEAVING ENTRANCE,ANGLE,STRAIGHT & LEVEL,DAYLIGHT,0,0,0,1
26773184,CAMPBELL,I 0471,Interstate,,I471 S,,,39.08151188,-84.47164804,3.001,6/3/2020 0:00,2020,1,1,0,1,B,CLEAR,DRY,0,OTHER ROADWAY OR MID-BLOCK COLLISION,SINGLE VEHICLE,STRAIGHT & GRADE,DAYLIGHT,0,0,0,1
26790808,CAMPBELL,I 0275,Interstate,,I275 W,,,39.05414643,-84.43844175,73.667,6/4/2020 0:00,943,2,2,0,0,O,CLEAR,DRY,0,SIDESWIPE COLLISION - SAME DIRECTION,SIDESWIPE-SAME DIRECTION,STRAIGHT & LEVEL,DAYLIGHT,0,0,0,1
26786493,CAMPBELL,US0027,USRoute,,ALEXANDRIA,PIKE,,38.95662022,-84.39293559,9.975,6/4/2020 0:00,1645,2,2,0,3,A,CLEAR,DRY,0,HEAD-ON COLLISION,HEAD ON,STRAIGHT & GRADE,DAYLIGHT,0,0,0,1
26771165,CAMPBELL,,OTHR,,NEWPORT SHOPPING CENTER,,,39.08424365,-84.48148337,0.333,6/4/2020 0:00,1157,2,2,0,0,O,CLEAR,DRY,0,REAR END IN TRAFFIC LANES BOTH VEHICLES MOVING,REAR END,STRAIGHT & LEVEL,DAWN,0,0,0,1
26774653,CAMPBELL,KY0009,StateRoute,,AA,HWY,,38.95950225,-84.34273119,8.561,6/4/2020 0:00,831,2,2,0,1,B,CLEAR,DRY,0,OTHER INTERSECTION COLLISIONS,REAR END,STRAIGHT & LEVEL,DAYLIGHT,1,0,0,1
26779463,CAMPBELL,KY0009,StateRoute,,LICKING,PIKE,,39.03743306,-84.48184275,18.779,6/4/2020 0:00,2058,1,1,0,0,O,RAINING,WET,0,COLLISION WITH ANIMAL NON INTERSECTION,SINGLE VEHICLE,STRAIGHT & LEVEL,DUSK,0,0,0,1
26773867,CAMPBELL,US0027,USRoute,,ALEXANDRIA,PIKE,,39.01725028,-84.43495207,14.963,6/4/2020 0:00,2110,2,2,0,0,O,RAINING,WET,0,OPPOSING LEFT TURN,OPPOSING LEFT TURN,STRAIGHT & LEVEL,DARK-HWY LIGHTED/ON,0,0,0,1
26773598,CAMPBELL,,OTHR,,6TH,ST,W,39.08827534,-84.49866548,0.188,6/4/2020 0:00,1148,2,1,0,1,B,CLEAR,DRY,0,COLLISION WITH PEDESTRIAN IN INTERSECTION,SINGLE VEHICLE,STRAIGHT & LEVEL,DAYLIGHT,1,0,1,0
26786426,CAMPBELL,,OTHR,530,LAFAYETTE,AVE,,39.0998274,-84.47990956,0.545,6/4/2020 0:00,1830,2,2,0,0,O,CLEAR,DRY,0,1 VEHICLE PARKED POSITION (NOT PARKING LOT/DRIVEWAY),SIDESWIPE-SAME DIRECTION,STRAIGHT & GRADE,DAYLIGHT,0,0,0,1
26780019,CAMPBELL,KY1998,StateRoute,474,POOLES CREEK,RD,,39.01515394,-84.45991696,0.648,6/5/2020 0:00,2230,1,1,0,0,O,CLEAR,DRY,0,COLLISION WITH FIXED OBJECT NON - INTERSECTION - FIRST EVENT COLLISION 09 - 32 EXCLUDING 16,SINGLE VEHICLE,CURVE & LEVEL,DARK-HWY NOT LIGHTED,0,0,0,1
26775529,CAMPBELL,US0027,USRoute,,ALEXANDRIA,PIKE,,38.88446273,-84.38741439,4.89,6/5/2020 0:00,5,1,1,0,0,O,CLOUDY,DRY,0,RAN OFF ROADWAY (1 VEHICLE WITH/EARTH EMBANKMENT/DITCH),SINGLE VEHICLE,STRAIGHT & LEVEL,DARK-HWY NOT LIGHTED,0,0,0,1
26775534,CAMPBELL,I 0275,Interstate,,I275 W,,,39.0328315,-84.47075846,76.255,6/5/2020 0:00,1025,1,1,0,1,B,CLEAR,DRY,0,COLLISION WITH FIXED OBJECT NON - INTERSECTION - FIRST EVENT COLLISION 09 - 32 EXCLUDING 16,SINGLE VEHICLE,STRAIGHT & LEVEL,DAYLIGHT,0,0,0,1
26781722,CAMPBELL,,OTHR,,SERGEANT,AVE,,39.0621641,-84.44412636,0.013,6/5/2020 0:00,1813,2,2,0,0,O,CLEAR,DRY,0,1 VEHICLE PARKED POSITION (NOT PARKING LOT/DRIVEWAY),SIDESWIPE-OPPOSITE DIRECTION,STRAIGHT & LEVEL,DAYLIGHT,0,0,0,1
26787348,CAMPBELL,,OTHR,,NEWPORT,PLZ,,39.08609371,-84.47734335,0.126,6/5/2020 0:00,400,2,2,0,0,O,CLEAR,DRY,0,SIDESWIPE-SAME DIRECTION,SIDESWIPE-SAME DIRECTION,STRAIGHT & LEVEL,DAYLIGHT,0,0,0,1
26774727,CAMPBELL,,OTHR,,NEWPORT SHOPPING CENTER,,,39.08276353,-84.48021918,0.207,6/5/2020 0:00,1020,2,2,0,0,O,CLEAR,DRY,0,1 VEHICLE ENTERING/LEAVING ENTRANCE,ANGLE,STRAIGHT & LEVEL,DAYLIGHT,0,0,0,1
26779462,CAMPBELL,I 0275,Interstate,,I275 E,,,39.02257901,-84.48441772,77.297,6/5/2020 0:00,2210,2,2,0,0,O,CLEAR,DRY,1,SIDESWIPE COLLISION - SAME DIRECTION,SIDESWIPE-SAME DIRECTION,CURVE & GRADE,DARK-HWY LIGHTED/ON,0,0,0,1
26795609,CAMPBELL,,OTHR,7400,PAT FANNING,WAY,,38.98211878,-84.40113178,,6/6/2020 0:00,1807,2,2,0,0,O,CLEAR,DRY,0,1 VEHICLE ENTERING/LEAVING ENTRANCE,ANGLE,STRAIGHT & LEVEL,DAYLIGHT,0,0,0,1
26778220,CAMPBELL,I 0471,Interstate,,I471 N,,,39.07669965,-84.46901056,2.615,6/6/2020 0:00,2154,2,2,0,0,O,CLEAR,DRY,1,SIDESWIPE COLLISION - SAME DIRECTION,SIDESWIPE-SAME DIRECTION,STRAIGHT & GRADE,DARK-HWY LIGHTED/ON,0,0,0,1
26781740,CAMPBELL,I 0471,Interstate,,I471 N,,,39.07181687,-84.46341376,2.154,6/6/2020 0:00,2339,2,2,0,1,C,CLEAR,DRY,0,SIDESWIPE COLLISION - SAME DIRECTION,SIDESWIPE-SAME DIRECTION,CURVE & LEVEL,DARK-HWY LIGHTED/ON,0,0,0,1
26778470,CAMPBELL,,OTHR,,NINE MILE,RD,,39.00675465,-84.34395881,1.194,6/6/2020 0:00,414,1,1,0,0,O,CLEAR,DRY,0,OTHER COLLISIONS ON SHOULDER,SINGLE VEHICLE,CURVE & GRADE,DARK-HWY NOT LIGHTED,0,0,0,1
26786309,CAMPBELL,US0027,USRoute,800,ALEXANDRIA,PIKE,,39.0594932,-84.45191659,18.574,6/6/2020 0:00,2300,2,1,0,1,C,CLEAR,DRY,0,COLLISION WITH PEDESTRIAN NON - INTERSECTION,SINGLE VEHICLE,STRAIGHT & GRADE,DARK-HWY LIGHTED/ON,0,0,1,0
26778471,CAMPBELL,KY0009,StateRoute,,AA,HWY,,38.9329983,-84.31287151,6.063,6/6/2020 0:00,2130,2,2,0,0,O,CLEAR,DRY,0,OTHER INTERSECTION COLLISIONS,REAR END,STRAIGHT & HILLCREST,DARK-HWY NOT LIGHTED,1,0,0,1
26780014,CAMPBELL,US0027,USRoute,,ALEXANDRIA,PIKE,,38.94519349,-84.39379852,9.183,6/6/2020 0:00,1227,2,2,0,0,O,CLEAR,DRY,0,OTHER INTERSECTION COLLISIONS,REAR END,STRAIGHT & LEVEL,DAYLIGHT,1,0,0,1
26779454,CAMPBELL,KY0009,StateRoute,,AA,HWY,,39.00976791,-84.46900065,16.533,6/6/2020 0:00,1616,4,4,0,0,O,CLEAR,DRY,0,OTHER INTERSECTION COLLISIONS,REAR END,STRAIGHT & LEVEL,DAYLIGHT,1,0,0,1
26778375,CAMPBELL,US0027,USRoute,,YORK,ST,,39.08957224,-84.49375642,21.992,6/6/2020 0:00,222,3,3,0,2,C,CLEAR,DRY,0,ANGLE COLLISION - OTHER,ANGLE,STRAIGHT & LEVEL,DARK-HWY LIGHTED/ON,0,0,0,1
26778221,CAMPBELL,,OTHR,1120,PUTNAM,ST,,39.08419817,-84.48984228,0.424,6/6/2020 0:00,2229,2,2,0,0,O,CLEAR,DRY,0,1 VEHICLE PARKED POSITION (NOT PARKING LOT/DRIVEWAY),SIDESWIPE-SAME DIRECTION,STRAIGHT & GRADE,DARK-HWY LIGHTED/ON,0,0,0,1
26783626,CAMPBELL,US0027,USRoute,7647,ALEXANDRIA,PIKE,,38.97642982,-84.39273138,11.294,6/6/2020 0:00,1901,2,2,0,0,O,CLEAR,DRY,0,1 VEHICLE ENTERING OR LEAVING PARKED POSITION (NOT PARKING LOT),BACKING,STRAIGHT & LEVEL,DAYLIGHT,0,0,0,1
26779399,CAMPBELL,US0027,USRoute,1601,MONMOUTH,ST,,39.08380827,-84.48373873,21.213,6/6/2020 0:00,1634,1,1,0,2,B,CLEAR,DRY,0,COLLISION WITH FIXED OBJECT NON - INTERSECTION - FIRST EVENT COLLISION 09 - 32 EXCLUDING 16,SINGLE VEHICLE,CURVE & GRADE,DAYLIGHT,0,0,0,1
26782667,CAMPBELL,US0027,USRoute,,ALEXANDRIA,PIKE,,39.00366308,-84.42403495,13.887,6/6/2020 0:00,147,1,1,0,0,O,CLEAR,DRY,0,COLLISION WITH FIXED OBJECT NON - INTERSECTION - FIRST EVENT COLLISION 09 - 32 EXCLUDING 16,SINGLE VEHICLE,STRAIGHT & LEVEL,DARK-HWY LIGHTED/ON,0,0,0,1
26781225,CAMPBELL,US0027,USRoute,,ALEXANDRIA,PIKE,,39.06429806,-84.45821633,19.168,6/7/2020 0:00,620,1,1,0,0,O,CLEAR,DRY,0,COLLISION WITH FIXED OBJECT NON - INTERSECTION - FIRST EVENT COLLISION 09 - 32 EXCLUDING 16,SINGLE VEHICLE,CURVE & GRADE,DAWN,0,0,0,1
26778773,CAMPBELL,,OTHR,24,GRANDVIEW,AVE,,39.08034834,-84.49024346,0.064,6/7/2020 0:00,100,2,2,0,0,O,CLEAR,DRY,1,1 VEHICLE PARKED POSITION (NOT PARKING LOT/DRIVEWAY),SIDESWIPE-SAME DIRECTION,STRAIGHT & GRADE,DARK-HWY LIGHTED/ON,0,0,0,1
26780025,CAMPBELL,KY0008,StateRoute,,MARY INGLES,HWY,,39.04006029,-84.40746609,9.82,6/7/2020 0:00,303,1,1,0,0,O,CLEAR,DRY,0,COLLISION WITH ANIMAL NON INTERSECTION,SINGLE VEHICLE,STRAIGHT & LEVEL,DARK-HWY NOT LIGHTED,0,0,0,1
26780015,CAMPBELL,US0027,USRoute,14069,ALEXANDRIA,PIKE,,38.82767613,-84.36554443,0.421,6/7/2020 0:00,631,1,1,0,1,B,CLEAR,DRY,0,COLLISION WITH ANIMAL NON INTERSECTION,SINGLE VEHICLE,CURVE & GRADE,DAWN,0,0,0,1
26780012,CAMPBELL,KY0009,StateRoute,,AA,HWY,,38.86260524,-84.26419212,,6/7/2020 0:00,626,1,1,0,0,O,CLEAR,DRY,0,COLLISION WITH ANIMAL NON INTERSECTION,SINGLE VEHICLE,CURVE & GRADE,DAWN,0,0,0,1
26780013,CAMPBELL,KY0009,StateRoute,,AA,HWY,,38.91942494,-84.28889,4.464,6/7/2020 0:00,2200,1,1,0,0,O,CLEAR,DRY,0,COLLISION WITH ANIMAL NON INTERSECTION,SINGLE VEHICLE,STRAIGHT & LEVEL,DARK-HWY NOT LIGHTED,0,0,0,1
26781725,CAMPBELL,,OTHR,,FT THOMAS,AVE,N,39.09056522,-84.44763651,,6/7/2020 0:00,129,2,1,0,0,O,CLEAR,DRY,0,COLLISION WITH BICYCLIST NON INTERSECTION,SINGLE VEHICLE,STRAIGHT & LEVEL,DAYLIGHT,0,1,0,0
26782668,CAMPBELL,KY0008,StateRoute,,MARY INGLES,HWY,,39.04783127,-84.42554241,,6/7/2020 0:00,2209,1,1,0,0,O,CLEAR,DRY,0,OTHER COLLISIONS ON SHOULDER,SINGLE VEHICLE,CURVE & GRADE,DARK-HWY NOT LIGHTED,0,0,0,1
26781178,CAMPBELL,US0027,USRoute,,ALEXANDRIA,PIKE,,39.04137953,-84.44894503,17.149,6/7/2020 0:00,947,2,2,0,0,O,CLEAR,DRY,0,1 VEHICLE ENTERING/LEAVING ENTRANCE,ANGLE,STRAIGHT & LEVEL,DAYLIGHT,0,0,0,1
26786304,CAMPBELL,,OTHR,,COVERT RUN,PIKE,,39.10164197,-84.45164425,0.342,6/8/2020 0:00,840,2,2,0,0,O,CLEAR,DRY,0,OTHER ROADWAY OR MID-BLOCK COLLISION,OPPOSING LEFT TURN,STRAIGHT & GRADE,DAYLIGHT,0,0,0,1
26784848,CAMPBELL,I 0471,Interstate,,I471 N,,,39.09290544,-84.47755665,3.837,6/8/2020 0:00,1741,1,1,0,0,O,CLEAR,DRY,0,OTHER COLLISIONS ON SHOULDER,SINGLE VEHICLE,CURVE & GRADE,DAYLIGHT,0,0,0,1
26792979,CAMPBELL,,OTHR,110,ASPEN,CT,,39.06711616,-84.48374222,0.096,6/8/2020 0:00,1700,2,2,0,0,O,CLEAR,DRY,1,1 VEHICLE PARKED POSITION (NOT PARKING LOT/DRIVEWAY),BACKING,STRAIGHT & HILLCREST,DAYLIGHT,0,0,0,1
26784481,CAMPBELL,,OTHR,,NEW LINDEN,RD,,39.07898155,-84.47670483,0.212,6/8/2020 0:00,1933,2,2,0,0,O,CLEAR,DRY,0,1 VEHICLE PARKED POSITION (NOT PARKING LOT/DRIVEWAY),SIDESWIPE-OPPOSITE DIRECTION,STRAIGHT & HILLCREST,DAYLIGHT,0,0,0,1
26783435,CAMPBELL,KY1120,StateRoute,315,10TH,ST,E,39.08854385,-84.48644802,0.997,6/8/2020 0:00,1242,2,2,0,0,O,CLOUDY,DRY,0,1 VEHICLE PARKED POSITION (NOT PARKING LOT/DRIVEWAY),SIDESWIPE-SAME DIRECTION,STRAIGHT & LEVEL,DAYLIGHT,0,0,0,1
26833278,CAMPBELL,,OTHR,316,9TH,AVE,,39.10915185,-84.47427078,0.057,6/8/2020 0:00,1629,1,1,0,0,O,CLEAR,DRY,0,COLLISION WITH FIXED OBJECT NON - INTERSECTION - FIRST EVENT COLLISION 09 - 32 EXCLUDING 16,SINGLE VEHICLE,STRAIGHT & LEVEL,DAYLIGHT,0,0,0,1
26784080,CAMPBELL,,OTHR,902,SARATOGA,ST,,39.08891234,-84.4891316,0.207,6/8/2020 0:00,1830,1,1,0,0,O,CLEAR,DRY,1,COLLISION WITH FIXED OBJECT NON - INTERSECTION - FIRST EVENT COLLISION 09 - 32 EXCLUDING 16,SINGLE VEHICLE,STRAIGHT & LEVEL,DAYLIGHT,0,0,0,1
26792874,CAMPBELL,KY0008,StateRoute,,6TH,AVE,,39.11138425,-84.47618232,2.383,6/9/2020 0:00,1919,2,2,0,0,O,CLEAR,DRY,0,1 VEHICLE PARKED POSITION (NOT PARKING LOT/DRIVEWAY),REAR END,STRAIGHT & LEVEL,DAYLIGHT,0,0,0,1
26789998,CAMPBELL,,OTHR,226,7TH,ST,W,39.08796556,-84.49741391,0.224,6/9/2020 0:00,2250,2,2,0,0,O,CLEAR,DRY,0,1 VEHICLE PARKED POSITION (NOT PARKING LOT/DRIVEWAY),REAR END,STRAIGHT & LEVEL,DARK-HWY LIGHTED/ON,0,0,0,1
26789624,CAMPBELL,KY1120,StateRoute,,MEMORIAL,PKWY,,39.09283608,-84.47911385,1.461,6/9/2020 0:00,1740,2,2,0,0,O,CLEAR,DRY,1,OTHER ROADWAY OR MID-BLOCK COLLISION,REAR END,CURVE & GRADE,DAYLIGHT,0,0,0,1
26786308,CAMPBELL,,OTHR,654,HIGHLAND,AVE,,39.07617837,-84.46030041,0.646,6/9/2020 0:00,720,2,2,0,1,B,CLEAR,DRY,0,OTHER ROADWAY OR MID-BLOCK COLLISION,OPPOSING LEFT TURN,STRAIGHT & LEVEL,DAYLIGHT,0,0,0,1
26830435,CAMPBELL,US0027,USRoute,13050,ALEXANDRIA,PIKE,,38.84980511,-84.38046929,2.191,6/9/2020 0:00,1723,2,2,0,0,O,CLEAR,DRY,0,1 VEHICLE ENTERING/LEAVING ENTRANCE,ANGLE,STRAIGHT & LEVEL,DAYLIGHT,0,0,0,1
26792983,CAMPBELL,I 0471,Interstate,,,,,39.0854603,-84.4743548,0.201,6/9/2020 0:00,1725,2,2,0,0,O,CLEAR,DRY,0,OTHER RAMP RELATED COLLISIONS NOT LISTED ABOVE,REAR END,CURVE & LEVEL,DAYLIGHT,0,0,0,1
28090565,CAMPBELL,KY0009,StateRoute,,AA,HWY,,38.94278079,-84.32945946,7.195,6/10/2020 0:00,1020,2,2,0,1,C,CLOUDY,DRY,0,SIDESWIPE COLLISION - OPPOSITE DIRECTION,SIDESWIPE-OPPOSITE DIRECTION,STRAIGHT & GRADE,DAYLIGHT,0,0,0,1
26803686,CAMPBELL,US0027,USRoute,1902,MONMOUTH,ST,,39.07996671,-84.48127043,20.909,6/10/2020 0:00,1301,2,2,0,0,O,CLEAR,DRY,0,VEHICLE BACKING NON INTERSECTION,BACKING,STRAIGHT & LEVEL,DAYLIGHT,0,0,0,1
26801531,CAMPBELL,US0027,USRoute,,ALEXANDRIA,PIKE,,39.01832716,-84.43615909,15.019,6/10/2020 0:00,1358,2,2,0,0,O,CLEAR,DRY,0,REAR END IN TRAFFIC LANES BOTH VEHICLES MOVING,REAR END,STRAIGHT & LEVEL,DAYLIGHT,0,0,0,1
27020053,CAMPBELL,US0027,USRoute,,MONMOUTH,ST,,39.09239898,-84.49427858,22.034,6/10/2020 0:00,1537,2,2,0,0,O,CLOUDY,DRY,0,ANGLE COLLISION - OTHER,ANGLE,STRAIGHT & LEVEL,DAYLIGHT,0,0,0,1
26792974,CAMPBELL,US0027,USRoute,,MONMOUTH,ST,,39.08001896,-84.4812967,20.913,6/10/2020 0:00,1143,2,2,0,1,C,CLEAR,DRY,0,ANGLE COLLISION - OTHER,ANGLE,STRAIGHT & LEVEL,DAYLIGHT,0,0,0,1
26799087,CAMPBELL,KY0154,StateRoute,13549,PEACH GROVE,RD,,38.8510441,-84.36932278,,6/10/2020 0:00,2010,1,1,0,1,B,CLEAR,DRY,0,COLLISION WITH ANIMAL NON INTERSECTION,SINGLE VEHICLE,CURVE & LEVEL,DUSK,0,0,0,1
26795201,CAMPBELL,KY1120,StateRoute,950,FT THOMAS,AVE,S,39.06607706,-84.44617682,5.233,6/10/2020 0:00,2022,2,2,0,0,O,CLEAR,DRY,0,1 VEHICLE PARKED POSITION (NOT PARKING LOT/DRIVEWAY),SIDESWIPE-SAME DIRECTION,CURVE & LEVEL,DAYLIGHT,0,0,0,1