IncidentID,County,RdwyNumber,RdwyType,Street,RoadwayName,StreetSfx,StreetDir,Latitude,Longitude,Milepoint,CollisionDate,CollisionTime,UnitsInvolved,MotorVehiclesInvolved,NumberKilled,NumberInjured,KABCO,Weather,RdwyConditionCode,HitandRun,DirAnalysisCode,MannerofCollision,RdwyCharacter,LightCondition,Intersection Crash,Bicyclist,Pedestrian,Motor Vehicles
26792977,CAMPBELL,,OTHR,222,13TH,ST,W,39.07907763,-84.49343187,0.522,6/10/2020 0:00,1330,2,2,0,0,O,CLEAR,DRY,1,1 VEHICLE PARKED POSITION (NOT PARKING LOT/DRIVEWAY),SIDESWIPE-SAME DIRECTION,STRAIGHT & LEVEL,DAYLIGHT,0,0,0,1
26792989,CAMPBELL,KY1120,StateRoute,616,10TH,ST,E,39.0905117,-84.48325848,1.166,6/10/2020 0:00,1641,2,2,0,0,O,RAINING,WET,1,1 VEHICLE PARKED POSITION (NOT PARKING LOT/DRIVEWAY),SIDESWIPE-SAME DIRECTION,STRAIGHT & LEVEL,DAYLIGHT,0,0,0,1
26806514,CAMPBELL,,OTHR,,GLORIA TERRELL,DR,,39.0092497,-84.47008046,0.847,6/10/2020 0:00,2317,1,1,0,0,O,CLEAR,DRY,0,COLLISION WITH FIXED OBJECT NON - INTERSECTION - FIRST EVENT COLLISION 09 - 32 EXCLUDING 16,SINGLE VEHICLE,STRAIGHT & LEVEL,DARK-HWY LIGHTED/ON,0,0,0,1
26794357,CAMPBELL,,OTHR,,CALIFORNIA CROSSROADS,,,38.89415233,-84.3019122,,6/10/2020 0:00,2217,1,1,0,0,O,CLEAR,DRY,0,COLLISION WITH FIXED OBJECT NON - INTERSECTION - FIRST EVENT COLLISION 09 - 32 EXCLUDING 16,SINGLE VEHICLE,CURVE & GRADE,DARK-HWY NOT LIGHTED,0,0,0,1
26805749,CAMPBELL,US0027,USRoute,,,,,39.00337016,-84.42321311,0.02,6/11/2020 0:00,1408,2,2,0,0,O,CLEAR,DRY,0,OTHER RAMP RELATED COLLISIONS NOT LISTED ABOVE,REAR END,STRAIGHT & LEVEL,DAYLIGHT,0,0,0,1
26796698,CAMPBELL,,OTHR,318,10TH,ST,W,39.08384802,-84.49501319,0.24,6/11/2020 0:00,629,3,3,0,0,O,CLEAR,DRY,0,1 VEHICLE PARKED POSITION (NOT PARKING LOT/DRIVEWAY),ANGLE,STRAIGHT & LEVEL,DAWN,0,0,0,1
26869459,CAMPBELL,KY0915,StateRoute,,LICKING,PIKE,,38.93130459,-84.40356183,1.221,6/11/2020 0:00,2145,2,2,0,0,O,CLEAR,DRY,1,ANGLE COLLISION - ONE VEHICLE TURNING LEFT,ANGLE,CURVE & LEVEL,DARK-HWY LIGHTED/ON,0,0,0,1
26805945,CAMPBELL,US0027,USRoute,2369,ALEXANDRIA,PIKE,,39.03925742,-84.44957869,17.007,6/11/2020 0:00,1225,2,2,0,0,O,CLEAR,DRY,0,REAR END IN TRAFFIC LANES BOTH VEHICLES MOVING,REAR END,STRAIGHT & LEVEL,DAYLIGHT,0,0,0,1
26799693,CAMPBELL,I 0471,Interstate,,I471 N,,,39.07152665,-84.46316418,2.13,6/11/2020 0:00,1722,2,2,0,0,O,CLEAR,DRY,0,REAR END IN TRAFFIC LANES BOTH VEHICLES MOVING,REAR END,CURVE & LEVEL,DAYLIGHT,0,0,0,1
26806821,CAMPBELL,KY0009,StateRoute,,AA,HWY,,38.91817032,-84.28709594,4.335,6/11/2020 0:00,2143,2,2,0,1,C,CLEAR,DRY,0,SIDESWIPE COLLISION - SAME DIRECTION,SIDESWIPE-SAME DIRECTION,STRAIGHT & LEVEL,DARK-HWY NOT LIGHTED,0,0,0,1
26820193,CAMPBELL,KY0008,StateRoute,240,FAIRFIELD,AVE,,39.10565162,-84.48408378,1.808,6/12/2020 0:00,1348,2,2,0,0,O,CLEAR,DRY,0,OTHER ROADWAY OR MID-BLOCK COLLISION,REAR END,STRAIGHT & LEVEL,DAYLIGHT,0,0,0,1
26825421,CAMPBELL,I 0471,Interstate,,I471 N,,,39.10057694,-84.49459484,4.923,6/12/2020 0:00,1637,2,2,0,0,O,CLOUDY,DRY,0,OTHER ROADWAY OR MID-BLOCK COLLISION,REAR TO REAR,STRAIGHT & LEVEL,DAYLIGHT,0,0,0,1
26800935,CAMPBELL,KY1892,StateRoute,82,CAROTHERS,RD,,39.08638903,-84.47737001,2.159,6/12/2020 0:00,1421,2,2,0,0,O,CLOUDY,DRY,0,OTHER ROADWAY OR MID-BLOCK COLLISION,REAR TO REAR,CURVE & GRADE,DAYLIGHT,0,0,0,1
26805751,CAMPBELL,KY0009,StateRoute,,AA,HWY,,39.00007605,-84.40929471,13.225,6/12/2020 0:00,1657,3,3,0,2,B,CLEAR,DRY,0,1 VEHICLE ENTERING/LEAVING ENTRANCE,ANGLE,STRAIGHT & LEVEL,DAYLIGHT,0,0,0,1
26805750,CAMPBELL,US0027,USRoute,,ALEXANDRIA,PIKE,,39.00529387,-84.42601748,14.038,6/12/2020 0:00,1643,2,2,0,0,O,CLEAR,DRY,0,REAR END IN TRAFFIC LANES BOTH VEHICLES MOVING,REAR END,STRAIGHT & LEVEL,DAYLIGHT,0,0,0,1
26833349,CAMPBELL,US0027,USRoute,,ALEXANDRIA,PIKE,,39.00273352,-84.42264827,13.781,6/12/2020 0:00,1723,4,4,0,0,O,CLEAR,DRY,0,REAR END IN TRAFFIC LANES BOTH VEHICLES MOVING,REAR END,STRAIGHT & LEVEL,DAYLIGHT,0,0,0,1
26828526,CAMPBELL,KY0008,StateRoute,145,FAIRFIELD,AVE,,39.10343033,-84.48672792,1.598,6/12/2020 0:00,1907,3,3,0,0,O,CLEAR,DRY,0,REAR END IN TRAFFIC LANES BOTH VEHICLES MOVING,REAR END,STRAIGHT & LEVEL,DAYLIGHT,0,0,0,1
26803684,CAMPBELL,,OTHR,,PATTERSON,ST,,39.08383494,-84.49661964,0.26,6/12/2020 0:00,1737,2,2,0,0,O,CLEAR,DRY,0,ANGLE COLLISION - OTHER,ANGLE,STRAIGHT & LEVEL,DAYLIGHT,0,0,0,1
26823166,CAMPBELL,US0027,USRoute,7740,ALEXANDRIA,PIKE,,38.97362744,-84.39231621,11.155,6/12/2020 0:00,1853,2,2,0,2,A,CLEAR,DRY,0,OPPOSING LEFT TURN,OPPOSING LEFT TURN,STRAIGHT & LEVEL,DAYLIGHT,0,0,0,1
26824886,CAMPBELL,KY1120,StateRoute,,FT THOMAS,AVE,S,39.06397129,-84.44734764,5.403,6/12/2020 0:00,828,2,2,0,0,O,CLEAR,DRY,0,SIDESWIPE-SAME DIRECTION,SIDESWIPE-SAME DIRECTION,STRAIGHT & LEVEL,DAYLIGHT,0,0,0,1
26806818,CAMPBELL,KY0915,StateRoute,8278,LICKING,PIKE,,38.96982657,-84.42931109,4.647,6/12/2020 0:00,1658,2,2,0,0,O,CLEAR,GRAVEL,0,1 VEHICLE PARKED POSITION (NOT PARKING LOT/DRIVEWAY),BACKING,CURVE & LEVEL,DAYLIGHT,0,0,0,1
26805865,CAMPBELL,,OTHR,1154,PARKSIDE,DR,,38.89513712,-84.37939338,0.328,6/13/2020 0:00,1409,2,2,0,1,C,CLEAR,DRY,0,1 VEHICLE PARKED POSITION (NOT PARKING LOT/DRIVEWAY),HEAD ON,STRAIGHT & LEVEL,DAYLIGHT,0,0,0,1
26809631,CAMPBELL,,OTHR,2241,UHL,RD,,39.01889095,-84.40516003,0.526,6/13/2020 0:00,900,1,1,0,0,O,CLEAR,DRY,1,COLLISION WITH FIXED OBJECT NON - INTERSECTION - FIRST EVENT COLLISION 09 - 32 EXCLUDING 16,SINGLE VEHICLE,CURVE & LEVEL,DARK (UNKNOWN ROADWAY LIGHTING),0,0,0,1
26808271,CAMPBELL,,OTHR,,PROVIDENCE,WAY,,39.09772816,-84.48902969,0.097,6/13/2020 0:00,1407,4,4,0,0,O,CLEAR,DRY,1,COLLISION WITH PARKED VEHICLE,SIDESWIPE-SAME DIRECTION,STRAIGHT & LEVEL,DAYLIGHT,0,0,0,1
26805087,CAMPBELL,KY0008,StateRoute,,DAVE COWENS,DR,,39.10178401,-84.48869454,1.444,6/13/2020 0:00,1745,2,2,0,0,O,CLEAR,DRY,0,REAR END IN TRAFFIC LANES BOTH VEHICLES MOVING,REAR END,STRAIGHT & LEVEL,DAYLIGHT,0,0,0,1
26805752,CAMPBELL,US0027,USRoute,,ALEXANDRIA,PIKE,,39.00419715,-84.42447201,13.93,6/13/2020 0:00,1350,2,2,0,0,O,CLEAR,DRY,0,REAR END IN TRAFFIC LANES BOTH VEHICLES MOVING,REAR END,STRAIGHT & GRADE,DAYLIGHT,0,0,0,1
26806227,CAMPBELL,KY1892,StateRoute,30,CAROTHERS,RD,,39.0848842,-84.48094671,2.388,6/13/2020 0:00,1013,2,2,0,0,O,CLEAR,DRY,0,1 VEHICLE ENTERING/LEAVING ENTRANCE,ANGLE,STRAIGHT & LEVEL,DAYLIGHT,0,0,0,1
26806850,CAMPBELL,,OTHR,,PARKSIDE,DR,,38.89415128,-84.38097821,0.267,6/14/2020 0:00,1358,2,2,0,0,O,CLOUDY,DRY,0,ANGLE COLLISION - OTHER,ANGLE,STRAIGHT & LEVEL,DAYLIGHT,0,0,0,1
26807140,CAMPBELL,,OTHR,,10TH,ST,W,39.08546124,-84.49201202,0.433,6/14/2020 0:00,40,2,2,0,0,O,CLEAR,DRY,1,COLLISION WITH PARKED VEHICLE,SIDESWIPE-SAME DIRECTION,STRAIGHT & LEVEL,DARK-HWY LIGHTED/ON,0,0,0,1
26820255,CAMPBELL,KY1892,StateRoute,,CAROTHERS,RD,,39.08637467,-84.47725103,2.153,6/14/2020 0:00,1718,2,2,0,0,O,CLEAR,DRY,0,OTHER INTERSECTION COLLISIONS,REAR END,STRAIGHT & LEVEL,DAYLIGHT,1,0,0,1
26822537,CAMPBELL,US0027,USRoute,2306,ALEXANDRIA,PIKE,,39.07526346,-84.47651374,20.476,6/14/2020 0:00,1855,1,1,0,1,B,CLEAR,DRY,0,COLLISION WITH FIXED OBJECT NON - INTERSECTION - FIRST EVENT COLLISION 09 - 32 EXCLUDING 16,SINGLE VEHICLE,STRAIGHT & GRADE,DAYLIGHT,0,0,0,1
26807608,CAMPBELL,,OTHR,406,PARK,AVE,,39.09558731,-84.48973437,0.098,6/14/2020 0:00,1917,2,2,0,0,O,CLEAR,DRY,1,1 VEHICLE PARKED POSITION (NOT PARKING LOT/DRIVEWAY),SIDESWIPE-SAME DIRECTION,STRAIGHT & LEVEL,DAYLIGHT,0,0,0,1
26806205,CAMPBELL,US0027,USRoute,644,MONMOUTH,ST,,39.09046556,-84.49248147,21.869,6/14/2020 0:00,1344,2,2,0,0,O,CLEAR,DRY,1,1 VEHICLE PARKED POSITION (NOT PARKING LOT/DRIVEWAY),SIDESWIPE-SAME DIRECTION,STRAIGHT & LEVEL,DAYLIGHT,0,0,0,1
26806229,CAMPBELL,,OTHR,117,MAIN,ST,,39.08043515,-84.48718307,0.36,6/14/2020 0:00,948,2,2,0,0,O,CLEAR,DRY,1,1 VEHICLE PARKED POSITION (NOT PARKING LOT/DRIVEWAY),ANGLE,STRAIGHT & LEVEL,DAYLIGHT,0,0,0,1
26807180,CAMPBELL,,OTHR,,9TH,ST,E,39.0902845,-84.48669485,0.403,6/14/2020 0:00,1823,2,2,0,0,O,CLEAR,DRY,1,1 VEHICLE PARKED POSITION (NOT PARKING LOT/DRIVEWAY),HEAD ON,STRAIGHT & LEVEL,DAYLIGHT,0,0,0,1
26824894,CAMPBELL,,OTHR,155,HOLLY WOODS,DR,,39.05392238,-84.44163105,0.308,6/14/2020 0:00,209,2,2,0,0,O,CLEAR,DRY,0,1 VEHICLE PARKED POSITION (NOT PARKING LOT/DRIVEWAY),REAR END,STRAIGHT & LEVEL,DARK-HWY LIGHTED/ON,0,0,0,1
26820254,CAMPBELL,I 0471,Interstate,,I471 N,,,39.09436125,-84.47971212,3.991,6/15/2020 0:00,1015,1,1,0,0,O,CLEAR,DRY,0,COLLISION WITH ANIMAL NON INTERSECTION,SINGLE VEHICLE,STRAIGHT & LEVEL,DAYLIGHT,0,0,0,1
26820702,CAMPBELL,KY0010,StateRoute,,FLAGG SPRINGS,PIKE,,38.9344201,-84.34196317,,6/15/2020 0:00,403,1,1,0,0,O,CLOUDY,DRY,0,COLLISION WITH ANIMAL NON INTERSECTION,SINGLE VEHICLE,CURVE & GRADE,DAWN,0,0,0,1
26839917,CAMPBELL,,OTHR,,GRANDVIEW,AVE,,39.07318433,-84.48942589,0.625,6/15/2020 0:00,1820,2,2,0,0,O,CLEAR,DRY,0,ANGLE COLLISION - ONE VEHICLE TURNING LEFT,ANGLE,STRAIGHT & LEVEL,DAYLIGHT,0,0,0,1
26837695,CAMPBELL,KY0915,StateRoute,,LICKING,PIKE,,38.99401394,-84.43088378,6.931,6/15/2020 0:00,1315,2,1,0,1,A,CLEAR,DRY,0,COLLISION WITH BICYCLE IN INTERSECTION,SINGLE VEHICLE,STRAIGHT & GRADE,DAYLIGHT,1,1,0,0
26824099,CAMPBELL,KY1632,StateRoute,,MOOCK,RD,,39.06438916,-84.46956782,1.324,6/15/2020 0:00,1736,2,2,0,2,B,CLEAR,DRY,0,ANGLE COLLISION - OTHER,ANGLE,STRAIGHT & LEVEL,DAYLIGHT,0,0,0,1
26842629,CAMPBELL,US0027,USRoute,,ALEXANDRIA,PIKE,,39.03696399,-84.45412437,16.726,6/15/2020 0:00,857,2,2,0,2,B,CLEAR,DRY,0,ANGLE COLLISION - OTHER,ANGLE,STRAIGHT & LEVEL,DAYLIGHT,0,0,0,1
26821990,CAMPBELL,,OTHR,10,3RD,ST,W,39.0927782,-84.49773393,0.046,6/16/2020 0:00,20,1,1,0,0,O,CLEAR,DRY,0,COLLISION WITH FIXED OBJECT NON - INTERSECTION - FIRST EVENT COLLISION 09 - 32 EXCLUDING 16,SINGLE VEHICLE,CURVE & LEVEL,DARK-HWY LIGHTED/ON,0,0,0,1
26825420,CAMPBELL,KY0008,StateRoute,,DAVE COWENS,DR,,39.10081968,-84.48958748,1.344,6/16/2020 0:00,1203,2,2,0,0,O,CLEAR,DRY,0,REAR END IN TRAFFIC LANES BOTH VEHICLES MOVING,REAR END,STRAIGHT & LEVEL,DAYLIGHT,0,0,0,1
26845323,CAMPBELL,KY0009,StateRoute,,LICKING,PIKE,,39.02303155,-84.48093245,17.766,6/16/2020 0:00,1325,3,3,0,0,O,CLEAR,DRY,0,REAR END IN TRAFFIC LANES BOTH VEHICLES MOVING,REAR END,STRAIGHT & LEVEL,DAYLIGHT,0,0,0,1
27014915,CAMPBELL,,OTHR,,NEWPORT PAVILION,,,39.09264003,-84.48057872,0.003,6/17/2020 0:00,1004,2,2,0,0,O,CLEAR,DRY,0,REAR END IN TRAFFIC LANES BOTH VEHICLES MOVING,REAR END,STRAIGHT & GRADE,DAYLIGHT,0,0,0,1
26847034,CAMPBELL,US0027,USRoute,7400,ALEXANDRIA,PIKE,,38.98243387,-84.39868393,11.915,6/17/2020 0:00,1242,2,2,0,0,O,CLEAR,DRY,0,OTHER ROADWAY OR MID-BLOCK COLLISION,REAR END,STRAIGHT & GRADE,DAYLIGHT,0,0,0,1
26846575,CAMPBELL,,OTHR,31,DELTA,AVE,,39.06095913,-84.44494075,0.145,6/17/2020 0:00,2343,2,2,0,0,O,CLEAR,DRY,1,1 VEHICLE PARKED POSITION (NOT PARKING LOT/DRIVEWAY),ANGLE,CURVE & GRADE,DARK-HWY LIGHTED/ON,0,0,0,1
26843801,CAMPBELL,,OTHR,330,COVERT RUN,PIKE,,39.09996123,-84.47593731,0.224,6/17/2020 0:00,1820,2,2,0,0,O,CLEAR,DRY,0,1 VEHICLE PARKED POSITION (NOT PARKING LOT/DRIVEWAY),SIDESWIPE-SAME DIRECTION,STRAIGHT & LEVEL,DAYLIGHT,0,0,0,1
26828787,CAMPBELL,KY0010,StateRoute,,MAIN,ST,E,38.9592902,-84.38251092,1.958,6/17/2020 0:00,33,1,1,0,0,O,CLEAR,DRY,0,COLLISION WITH FIXED OBJECT NON - INTERSECTION - FIRST EVENT COLLISION 09 - 32 EXCLUDING 16,SINGLE VEHICLE,CURVE & LEVEL,DARK-HWY LIGHTED/ON,0,0,0,1
26829364,CAMPBELL,,OTHR,1139,PATTERSON,ST,,39.08104718,-84.49408513,0.023,6/17/2020 0:00,1510,1,1,0,0,O,CLEAR,DRY,0,COLLISION WITH FIXED OBJECT NON - INTERSECTION - FIRST EVENT COLLISION 09 - 32 EXCLUDING 16,SINGLE VEHICLE,STRAIGHT & LEVEL,DAYLIGHT,0,0,0,1
26834062,CAMPBELL,I 0471,Interstate,,,,,39.10078717,-84.48968059,0.548,6/18/2020 0:00,1216,2,2,0,0,O,CLEAR,DRY,0,OTHER RAMP RELATED COLLISIONS NOT LISTED ABOVE,REAR END,STRAIGHT & LEVEL,DAYLIGHT,0,0,0,1
26903803,CAMPBELL,KY0008,StateRoute,,6TH,AVE,,39.11156845,-84.47583304,2.404,6/18/2020 0:00,110,2,1,0,0,O,CLEAR,DRY,1,COLLISION WITH PARKED VEHICLE,REAR END,CURVE & LEVEL,DARK-HWY LIGHTED/ON,0,0,0,1
26834126,CAMPBELL,KY1892,StateRoute,,CAROTHERS,RD,,39.08486852,-84.48106527,2.395,6/18/2020 0:00,1151,2,2,0,1,B,CLEAR,DRY,0,OTHER INTERSECTION COLLISIONS,REAR END,STRAIGHT & LEVEL,DAYLIGHT,1,0,0,1
26839494,CAMPBELL,KY1120,StateRoute,,10TH,ST,E,39.08955022,-84.48464156,1.082,6/18/2020 0:00,1836,2,2,0,0,O,CLEAR,DRY,1,OTHER INTERSECTION COLLISIONS,REAR END,STRAIGHT & LEVEL,DAYLIGHT,1,0,0,1
26838494,CAMPBELL,US0027,USRoute,,MONMOUTH,ST,,39.09241733,-84.49429383,22.035,6/18/2020 0:00,1610,2,2,0,0,O,CLEAR,DRY,0,SIDESWIPE-SAME DIRECTION,SIDESWIPE-SAME DIRECTION,STRAIGHT & LEVEL,DAYLIGHT,0,0,0,1
26844098,CAMPBELL,,OTHR,,3RD,AVE,,39.11324134,-84.4780371,0.314,6/18/2020 0:00,1700,2,2,0,0,O,CLOUDY,DRY,0,1 VEHICLE PARKED POSITION (NOT PARKING LOT/DRIVEWAY),SIDESWIPE-SAME DIRECTION,STRAIGHT & LEVEL,DAYLIGHT,0,0,0,1
26836293,CAMPBELL,I 0471,Interstate,,I471 N,,,39.05216884,-84.46817483,0.698,6/18/2020 0:00,1121,1,1,0,2,B,CLEAR,DRY,0,OTHER COLLISIONS ON SHOULDER,SINGLE VEHICLE,CURVE & GRADE,DAYLIGHT,0,0,0,1
26847021,CAMPBELL,US0027,USRoute,,ALEXANDRIA,PIKE,,38.96906801,-84.39293693,10.838,6/19/2020 0:00,1522,2,2,0,0,O,CLEAR,DRY,0,OTHER ROADWAY OR MID-BLOCK COLLISION,OPPOSING LEFT TURN,STRAIGHT & LEVEL,DAYLIGHT,0,0,0,1
26847172,CAMPBELL,KY0536,StateRoute,,CREEKTRACE,RD,,38.92233032,-84.441016,0.422,6/19/2020 0:00,2153,1,1,0,1,C,CLEAR,DRY,0,COLLISION WITH FIXED OBJECT NON - INTERSECTION - FIRST EVENT COLLISION 09 - 32 EXCLUDING 16,SINGLE VEHICLE,CURVE & LEVEL,DARK-HWY NOT LIGHTED,0,0,0,1
26847173,CAMPBELL,,OTHR,518,BOONE SMITH,RD,,38.86009372,-84.42003491,0.919,6/19/2020 0:00,2130,1,1,0,0,O,CLEAR,DRY,0,COLLISION WITH FIXED OBJECT NON - INTERSECTION - FIRST EVENT COLLISION 09 - 32 EXCLUDING 16,SINGLE VEHICLE,STRAIGHT & LEVEL,DARK-HWY NOT LIGHTED,0,0,0,1
26846581,CAMPBELL,,OTHR,822,HIGHLAND,AVE,,39.07445027,-84.46449299,0.383,6/19/2020 0:00,2340,2,2,0,0,O,CLEAR,DRY,1,1 VEHICLE PARKED POSITION (NOT PARKING LOT/DRIVEWAY),SIDESWIPE-SAME DIRECTION,STRAIGHT & LEVEL,DARK-HWY LIGHTED/ON,0,0,0,1
26839556,CAMPBELL,,OTHR,522,THORNTON,ST,,39.08026452,-84.49654731,0.031,6/19/2020 0:00,2059,3,3,0,0,O,CLEAR,DRY,1,1 VEHICLE PARKED POSITION (NOT PARKING LOT/DRIVEWAY),SIDESWIPE-OPPOSITE DIRECTION,STRAIGHT & LEVEL,DAYLIGHT,0,0,0,1
26870298,CAMPBELL,KY0008,StateRoute,420,FAIRFIELD,AVE,,39.10724265,-84.48212392,1.958,6/19/2020 0:00,1230,2,2,0,0,O,CLEAR,DRY,1,1 VEHICLE PARKED POSITION (NOT PARKING LOT/DRIVEWAY),SIDESWIPE-SAME DIRECTION,STRAIGHT & LEVEL,DAYLIGHT,0,0,0,1
26843800,CAMPBELL,,OTHR,,RIVIERA,DR,,39.10138777,-84.4882616,0.037,6/19/2020 0:00,2120,1,1,0,0,O,CLEAR,DRY,0,COLLISION WITH FIXED OBJECT IN INTERSECTION - FIRST EVENT COLLISION 09 - 32,SINGLE VEHICLE,STRAIGHT & LEVEL,DUSK,1,0,0,1
26838459,CAMPBELL,I 0471,Interstate,,,,,39.09221611,-84.47619164,0.022,6/19/2020 0:00,1327,2,2,0,0,O,CLEAR,DRY,0,OTHER RAMP RELATED COLLISIONS NOT LISTED ABOVE,REAR END,STRAIGHT & LEVEL,DAYLIGHT,0,0,0,1
26843192,CAMPBELL,I 0471,Interstate,,,,,39.09828201,-84.49112936,0.059,6/20/2020 0:00,1504,1,1,0,0,O,CLOUDY,DRY,0,COLLISION WITH FIXED OBJECT NOT IN GORE ,SINGLE VEHICLE,CURVE & GRADE,DAYLIGHT,0,0,0,1
26847029,CAMPBELL,US0027,USRoute,,ALEXANDRIA,PIKE,,38.98567575,-84.4029934,12.247,6/20/2020 0:00,1610,2,2,0,0,O,CLEAR,DRY,0,ANGLE COLLISION - OTHER,ANGLE,STRAIGHT & LEVEL,DAYLIGHT,0,0,0,1
26843821,CAMPBELL,I 0471,Interstate,3.9,I471 N,,,39.09685365,-84.48362418,4.266,6/20/2020 0:00,2143,1,1,0,0,O,CLEAR,DRY,0,COLLISION WITH FIXED OBJECT NON - INTERSECTION - FIRST EVENT COLLISION 09 - 32 EXCLUDING 16,SINGLE VEHICLE,STRAIGHT & LEVEL,DARK-HWY LIGHTED/ON,0,0,0,1
26843799,CAMPBELL,,OTHR,,RIVIERA,DR,,39.09762298,-84.48381477,0.39,6/20/2020 0:00,1728,2,2,0,0,O,CLEAR,DRY,0,1 VEHICLE ENTERING/LEAVING ENTRANCE,ANGLE,STRAIGHT & LEVEL,DAYLIGHT,0,0,0,1
26847769,CAMPBELL,KY0008,StateRoute,10,DAVE COWENS,DR,,39.10093451,-84.48964611,1.359,6/20/2020 0:00,1200,2,2,0,0,O,CLEAR,DRY,0,REAR END IN TRAFFIC LANES BOTH VEHICLES MOVING,REAR END,STRAIGHT & LEVEL,DAYLIGHT,0,0,0,1
26847768,CAMPBELL,I 0471,Interstate,10,I471 N,,,39.10073419,-84.49482648,4.939,6/21/2020 0:00,1700,3,3,0,0,O,CLEAR,DRY,0,REAR END IN TRAFFIC LANES BOTH VEHICLES MOVING,REAR END,STRAIGHT & LEVEL,DAYLIGHT,0,0,0,1
26843286,CAMPBELL,KY1120,StateRoute,100,10TH,ST,E,39.08766937,-84.48801366,0.862,6/21/2020 0:00,1300,2,2,0,0,O,CLOUDY,DRY,0,OTHER ROADWAY OR MID-BLOCK COLLISION,REAR END,STRAIGHT & LEVEL,DAYLIGHT,0,0,0,1
26843289,CAMPBELL,,OTHR,1016,ISABELLA,ST,,39.08373525,-84.49453024,0.175,6/21/2020 0:00,1204,2,2,0,0,O,CLEAR,DRY,0,1 VEHICLE PARKED POSITION (NOT PARKING LOT/DRIVEWAY),BACKING,STRAIGHT & GRADE,DAYLIGHT,0,0,0,1
26843824,CAMPBELL,,OTHR,,5TH,ST,E,39.0931245,-84.49296505,0.085,6/21/2020 0:00,1750,2,2,0,0,O,CLOUDY,DRY,0,ANGLE COLLISION - OTHER,ANGLE,STRAIGHT & LEVEL,DAYLIGHT,0,0,0,1
26843817,CAMPBELL,I 0471,Interstate,,,,,39.08531996,-84.47509923,0.043,6/21/2020 0:00,208,1,1,0,0,O,CLEAR,DRY,0,COLLISION WITH FIXED OBJECT NOT IN GORE ,SINGLE VEHICLE,STRAIGHT & HILLCREST,DARK-HWY LIGHTED/ON,0,0,0,1
26904325,CAMPBELL,,OTHR,,WALNUT,ST,,39.10996701,-84.47842865,0.384,6/22/2020 0:00,1818,2,2,0,0,O,CLEAR,DRY,1,COLLISION WITH PARKED VEHICLE,HEAD ON,STRAIGHT & GRADE,DAYLIGHT,0,0,0,1
26887813,CAMPBELL,,OTHR,608,TAYLOR,AVE,,39.09957676,-84.47741277,0.67,6/22/2020 0:00,1730,2,2,0,0,O,CLEAR,DRY,1,1 VEHICLE PARKED POSITION (NOT PARKING LOT/DRIVEWAY),REAR END,STRAIGHT & GRADE,DAYLIGHT,0,0,0,1
26846579,CAMPBELL,KY1120,StateRoute,1120,FT THOMAS,AVE,S,39.06353341,-84.44790759,5.447,6/22/2020 0:00,233,1,1,0,0,O,CLEAR,WET,0,COLLISION WITH FIXED OBJECT NON - INTERSECTION - FIRST EVENT COLLISION 09 - 32 EXCLUDING 16,SINGLE VEHICLE,CURVE & LEVEL,DARK-HWY LIGHTED/ON,0,0,0,1
26862703,CAMPBELL,US0027,USRoute,8000,ALEXANDRIA,PIKE,,38.96681593,-84.3931404,10.686,6/22/2020 0:00,1003,2,2,0,0,O,CLOUDY,WET,0,REAR END IN TRAFFIC LANES BOTH VEHICLES MOVING,REAR END,STRAIGHT & LEVEL,DAYLIGHT,0,0,0,1
26854597,CAMPBELL,US0027,USRoute,3704,ALEXANDRIA,PIKE,,39.02716499,-84.44894349,15.999,6/22/2020 0:00,1300,2,2,0,0,O,CLOUDY,DRY,0,REAR END IN TRAFFIC LANES BOTH VEHICLES MOVING,REAR END,STRAIGHT & LEVEL,DAYLIGHT,0,0,0,1
27516981,CAMPBELL,I 0275,Interstate,,I275 E,,,39.05274298,-84.44028548,73.8,6/22/2020 0:00,1235,1,1,0,1,C,CLEAR,DRY,0,OTHER COLLISIONS ON SHOULDER,SINGLE VEHICLE,STRAIGHT & LEVEL,DAYLIGHT,0,0,0,1
26849127,CAMPBELL,,OTHR,425,GRANDVIEW,AVE,,39.06955956,-84.48713451,0.91,6/22/2020 0:00,2230,1,1,0,0,O,CLEAR,DRY,1,OTHER COLLISIONS ON SHOULDER,SINGLE VEHICLE,STRAIGHT & LEVEL,UNKNOWN,0,0,0,1
26863119,CAMPBELL,KY1121,StateRoute,8964,PERSIMMON GROVE,PIKE,,38.9410753,-84.3759942,8.808,6/23/2020 0:00,1757,2,2,0,0,O,CLEAR,DRY,0,REAR END IN TRAFFIC LANES BOTH VEHICLES MOVING,REAR END,STRAIGHT & LEVEL,DAYLIGHT,0,0,0,1
26853340,CAMPBELL,I 0471,Interstate,,I471 S,,,39.09016774,-84.47580932,3.64,6/23/2020 0:00,1930,2,2,0,0,O,CLEAR,DRY,0,REAR END IN TRAFFIC LANES BOTH VEHICLES MOVING,REAR END,STRAIGHT & LEVEL,DAYLIGHT,0,0,0,1
26851828,CAMPBELL,,OTHR,2032,NEW LINDEN,RD,,39.07889799,-84.47897757,0.087,6/23/2020 0:00,1556,2,2,0,0,O,CLEAR,DRY,1,1 VEHICLE PARKED POSITION (NOT PARKING LOT/DRIVEWAY),REAR END,STRAIGHT & LEVEL,DAYLIGHT,0,0,0,1
26890359,CAMPBELL,US0027,USRoute,,ALEXANDRIA,PIKE,,39.06391396,-84.45475411,18.978,6/23/2020 0:00,745,2,1,0,2,C,RAINING,WET,0,ANGLE COLLISION - ONE VEHICLE TURNING LEFT,ANGLE,CURVE & GRADE,DAYLIGHT,0,0,0,1