IncidentID,County,RdwyNumber,RdwyType,Street,RoadwayName,StreetSfx,StreetDir,Latitude,Longitude,Milepoint,CollisionDate,CollisionTime,UnitsInvolved,MotorVehiclesInvolved,NumberKilled,NumberInjured,KABCO,Weather,RdwyConditionCode,HitandRun,DirAnalysisCode,MannerofCollision,RdwyCharacter,LightCondition,Intersection Crash,Bicyclist,Pedestrian,Motor Vehicles
26862106,CAMPBELL,US0027,USRoute,,ALEXANDRIA,PIKE,,38.92538749,-84.39241943,7.81,6/24/2020 0:00,2029,2,2,0,3,C,CLEAR,DRY,0,OPPOSING LEFT TURN,OPPOSING LEFT TURN,STRAIGHT & LEVEL,DAYLIGHT,0,0,0,1
26862709,CAMPBELL,US0027,USRoute,,ALEXANDRIA,PIKE,,38.95767221,-84.39337455,10.036,6/24/2020 0:00,358,1,1,0,0,O,CLEAR,DRY,0,COLLISION WITH ANIMAL IN INTERSECTION,SINGLE VEHICLE,STRAIGHT & LEVEL,DARK-HWY LIGHTED/ON,1,0,0,1
26853339,CAMPBELL,,OTHR,419,WASHINGTON,AVE,,39.09407975,-84.49184641,0.131,6/24/2020 0:00,30,2,2,0,0,O,CLEAR,DRY,1,1 VEHICLE PARKED POSITION (NOT PARKING LOT/DRIVEWAY),SIDESWIPE-SAME DIRECTION,STRAIGHT & LEVEL,DARK (UNKNOWN ROADWAY LIGHTING),0,0,0,1
26862235,CAMPBELL,,OTHR,,CLOVER RIDGE,AVE,,39.0926228,-84.4574143,0.128,6/24/2020 0:00,956,2,2,0,0,O,CLEAR,DRY,0,1 VEHICLE PARKED POSITION (NOT PARKING LOT/DRIVEWAY),SIDESWIPE-SAME DIRECTION,STRAIGHT & GRADE,DAYLIGHT,0,0,0,1
26857301,CAMPBELL,US0027,USRoute,,ALEXANDRIA,PIKE,,38.87102881,-84.39407629,,6/24/2020 0:00,608,1,1,0,0,O,CLOUDY,DRY,0,COLLISION WITH ANIMAL NON INTERSECTION,SINGLE VEHICLE,CURVE & GRADE,DAWN,0,0,0,1
26857344,CAMPBELL,KY1892,StateRoute,,CAROTHERS,RD,,39.08407132,-84.48368502,2.55,6/24/2020 0:00,1742,2,2,0,0,O,CLEAR,DRY,0,OTHER ROADWAY OR MID-BLOCK COLLISION,REAR END,STRAIGHT & LEVEL,DAYLIGHT,0,0,0,1
26895750,CAMPBELL,I 0471,Interstate,,I471 S,,,39.05088025,-84.46670797,0.481,6/24/2020 0:00,621,2,1,0,0,O,CLEAR,DRY,1,SIDESWIPE COLLISION - SAME DIRECTION,SIDESWIPE-SAME DIRECTION,STRAIGHT & LEVEL,DAYLIGHT,0,0,0,1
26862228,CAMPBELL,I 0471,Interstate,,I471 S,,,39.05468197,-84.46951653,0.845,6/24/2020 0:00,1412,3,3,0,2,C,CLEAR,DRY,0,REAR END IN TRAFFIC LANES BOTH VEHICLES MOVING,REAR END,STRAIGHT & LEVEL,DAYLIGHT,0,0,0,1
26855876,CAMPBELL,KY1120,StateRoute,,11TH,ST,W,39.08106474,-84.49669159,0.2,6/24/2020 0:00,1451,2,2,0,0,O,CLEAR,DRY,0,REAR END IN TRAFFIC LANES BOTH VEHICLES MOVING,REAR END,STRAIGHT & HILLCREST,DAYLIGHT,0,0,0,1
26861579,CAMPBELL,,OTHR,10,GRANDVIEW,AVE,,39.08066443,-84.48989775,0.036,6/25/2020 0:00,1600,2,2,0,0,O,CLEAR,DRY,0,REAR END IN TRAFFIC LANES BOTH VEHICLES MOVING,REAR END,STRAIGHT & LEVEL,DAYLIGHT,0,0,0,1
26876915,CAMPBELL,KY0009,StateRoute,,12TH,ST,W,39.07974521,-84.4957133,22.049,6/25/2020 0:00,835,2,2,0,0,O,CLEAR,DRY,0,SIDESWIPE COLLISION - OPPOSITE DIRECTION,SIDESWIPE-OPPOSITE DIRECTION,STRAIGHT & LEVEL,DAYLIGHT,0,0,0,1
26911004,CAMPBELL,,OTHR,745,FAIRLANE,RD,,38.82361594,-84.38322765,1.139,6/25/2020 0:00,2000,2,2,0,1,B,CLEAR,DRY,0,SIDESWIPE COLLISION - OPPOSITE DIRECTION,SIDESWIPE-OPPOSITE DIRECTION,CURVE & HILLCREST,DAYLIGHT,0,0,0,1
26866372,CAMPBELL,US0027,USRoute,,ALEXANDRIA,PIKE,,39.02803545,-84.44972542,16.072,6/25/2020 0:00,1515,2,2,0,0,O,CLEAR,DRY,0,SIDESWIPE COLLISION - SAME DIRECTION,SIDESWIPE-SAME DIRECTION,STRAIGHT & LEVEL,DAYLIGHT,0,0,0,1
26887811,CAMPBELL,,OTHR,95,RIVIERA,DR,,39.1015421,-84.48841241,0.024,6/25/2020 0:00,1345,2,2,0,0,O,CLEAR,DRY,0,OTHER ROADWAY OR MID-BLOCK COLLISION,REAR END,STRAIGHT & LEVEL,DAYLIGHT,0,0,0,1
26871703,CAMPBELL,,OTHR,,MAIN,ST,,39.08130772,-84.48606432,0.446,6/25/2020 0:00,1400,2,2,0,0,O,CLEAR,DRY,1,1 VEHICLE PARKED POSITION (NOT PARKING LOT/DRIVEWAY),SIDESWIPE-SAME DIRECTION,STRAIGHT & LEVEL,DAYLIGHT,0,0,0,1
26862230,CAMPBELL,,OTHR,102,OHIO,AVE,,39.08534665,-84.45531969,0.115,6/25/2020 0:00,1600,2,2,0,0,O,CLEAR,DRY,0,1 VEHICLE PARKED POSITION (NOT PARKING LOT/DRIVEWAY),BACKING,STRAIGHT & LEVEL,DAYLIGHT,0,0,0,1
26887810,CAMPBELL,KY0008,StateRoute,,FAIRFIELD,AVE,,39.10735107,-84.48193846,1.967,6/25/2020 0:00,1812,2,1,0,0,O,CLEAR,DRY,0,COLLISION WITH BICYCLE IN INTERSECTION,SINGLE VEHICLE,STRAIGHT & LEVEL,DAYLIGHT,1,1,0,0
26861581,CAMPBELL,US0027,USRoute,,MONMOUTH,ST,,39.08384392,-84.48382953,21.209,6/25/2020 0:00,841,2,2,0,1,A,CLOUDY,DRY,0,ANGLE COLLISION - OTHER,ANGLE,CURVE & HILLCREST,DAYLIGHT,0,0,0,1
26866203,CAMPBELL,,OTHR,,HIGH,ST,,39.04423567,-84.44689593,0.005,6/26/2020 0:00,2037,1,1,0,0,O,CLEAR,DRY,0,COLLISION WITH FIXED OBJECT IN INTERSECTION - FIRST EVENT COLLISION 09 - 32,SINGLE VEHICLE,STRAIGHT & LEVEL,DAYLIGHT,1,0,0,1
26862231,CAMPBELL,I 0471,Interstate,,I471 N,,,39.06143107,-84.46887496,1.338,6/26/2020 0:00,50,1,1,0,0,O,CLEAR,DRY,0,COLLISION WITH ANIMAL NON INTERSECTION,SINGLE VEHICLE,STRAIGHT & LEVEL,DARK-HWY LIGHTED/ON,0,0,0,1
26866382,CAMPBELL,KY1632,StateRoute,,MOOCK,RD,,39.05501012,-84.48695474,0.021,6/26/2020 0:00,1648,1,1,0,0,O,CLOUDY,WET,0,COLLISION WITH FIXED OBJECT NON - INTERSECTION - FIRST EVENT COLLISION 09 - 32 EXCLUDING 16,SINGLE VEHICLE,STRAIGHT & LEVEL,DAYLIGHT,0,0,0,1
26898771,CAMPBELL,I 0275,Interstate,,I275 E,,,39.03677284,-84.47016755,75.908,6/26/2020 0:00,1858,2,2,0,0,O,CLEAR,DRY,0,SIDESWIPE COLLISION - SAME DIRECTION,SIDESWIPE-SAME DIRECTION,STRAIGHT & LEVEL,DAYLIGHT,0,0,0,1
26863547,CAMPBELL,I 0471,Interstate,,I471 N,,,39.09223733,-84.47686993,3.778,6/26/2020 0:00,1531,2,2,0,0,O,RAINING,WATER (STANDING OR MOVING),0,1 VEHICLE ENTERING/LEAVING ENTRANCE,ANGLE,CURVE & LEVEL,DAYLIGHT,0,0,0,1
26862963,CAMPBELL,,OTHR,134,CHESAPEAKE,AVE,,39.0889341,-84.47302635,0.062,6/26/2020 0:00,1028,2,2,0,0,O,CLEAR,DRY,0,1 VEHICLE ENTERING/LEAVING ENTRANCE,ANGLE,STRAIGHT & GRADE,DAYLIGHT,0,0,0,1
26891122,CAMPBELL,KY0008,StateRoute,,6TH,AVE,,39.11147332,-84.47598616,2.395,6/26/2020 0:00,1143,3,3,0,0,O,CLEAR,DRY,0,REAR END IN TRAFFIC LANES BOTH VEHICLES MOVING,REAR END,STRAIGHT & LEVEL,DAYLIGHT,0,0,0,1
26874586,CAMPBELL,I 0471,Interstate,,I471 S,,,39.06421851,-84.46726227,1.572,6/26/2020 0:00,1632,3,3,0,0,O,CLEAR,DRY,0,REAR END IN TRAFFIC LANES BOTH VEHICLES MOVING,REAR END,STRAIGHT & LEVEL,DAYLIGHT,0,0,0,1
26866199,CAMPBELL,US0027,USRoute,2369,ALEXANDRIA,PIKE,,39.03957053,-84.44938401,17.028,6/26/2020 0:00,1208,2,2,0,0,O,CLOUDY,DRY,0,REAR END IN TRAFFIC LANES BOTH VEHICLES MOVING,REAR END,STRAIGHT & LEVEL,DAYLIGHT,0,0,0,1
26866374,CAMPBELL,US0027,USRoute,,,,,39.0038652,-84.42195509,0.093,6/26/2020 0:00,2215,1,1,0,0,O,CLEAR,DRY,0,OTHER RAMP RELATED COLLISIONS NOT LISTED ABOVE,SINGLE VEHICLE,STRAIGHT & LEVEL,DARK-HWY LIGHTED/ON,0,0,0,1
26871578,CAMPBELL,,OTHR,106,STONYRIDGE,DR,,39.01351627,-84.45169235,0.005,6/27/2020 0:00,1230,1,1,0,0,O,CLEAR,DRY,0,COLLISION WITH FIXED OBJECT NON - INTERSECTION - FIRST EVENT COLLISION 09 - 32 EXCLUDING 16,SINGLE VEHICLE,STRAIGHT & HILLCREST,DAYLIGHT,0,0,0,1
26866381,CAMPBELL,KY0009,StateRoute,110,LICKING,PIKE,,39.07305089,-84.49238201,21.513,6/27/2020 0:00,53,2,2,0,0,O,CLEAR,DRY,1,1 VEHICLE PARKED POSITION (NOT PARKING LOT/DRIVEWAY),ANGLE,STRAIGHT & LEVEL,DARK-HWY LIGHTED/ON,0,0,0,1
26892196,CAMPBELL,,OTHR,10,DONNERMEYER,BLVD,,39.09782612,-84.48218511,,6/27/2020 0:00,2202,1,1,0,0,O,CLEAR,DRY,0,COLLISION WITH FIXED OBJECT IN INTERSECTION - FIRST EVENT COLLISION 09 - 32,SINGLE VEHICLE,STRAIGHT & LEVEL,DARK-HWY LIGHTED/ON,1,0,0,1
26868103,CAMPBELL,KY0536,StateRoute,,CREEKTRACE,RD,,38.92492818,-84.43924937,0.627,6/27/2020 0:00,1336,2,2,0,0,O,CLEAR,DRY,0,ANGLE COLLISION - OTHER,ANGLE,CURVE & GRADE,DAYLIGHT,0,0,0,1
26869036,CAMPBELL,KY1892,StateRoute,,GRAND,AVE,,39.085403,-84.47464453,1.986,6/28/2020 0:00,1830,2,2,0,0,O,CLEAR,DRY,0,OTHER ROADWAY OR MID-BLOCK COLLISION,REAR END,CURVE & LEVEL,DAYLIGHT,0,0,0,1
26871712,CAMPBELL,,OTHR,,UHL,RD,,39.02680143,-84.39829491,,6/28/2020 0:00,225,1,1,0,1,B,CLOUDY,WET,0,RAN OFF ROADWAY (1 VEHICLE WITH/EARTH EMBANKMENT/DITCH),SINGLE VEHICLE,STRAIGHT & GRADE,DARK-HWY NOT LIGHTED,0,0,0,1
26869834,CAMPBELL,KY0915,StateRoute,,LICKING,PIKE,,38.96199318,-84.4258658,,6/28/2020 0:00,314,1,1,0,0,O,RAINING,WET,0,RAN OFF ROADWAY (1 VEHICLE WITH/EARTH EMBANKMENT/DITCH),SINGLE VEHICLE,CURVE & GRADE,DARK-HWY NOT LIGHTED,0,0,0,1
26873608,CAMPBELL,I 0471,Interstate,,I471 N,,,39.08769983,-84.47427299,3.433,6/29/2020 0:00,1830,1,1,0,0,O,CLEAR,DRY,0,COLLISION WITH FIXED OBJECT NON - INTERSECTION - FIRST EVENT COLLISION 09 - 32 EXCLUDING 16,SINGLE VEHICLE,CURVE & LEVEL,DAYLIGHT,0,0,0,1
26875015,CAMPBELL,,OTHR,23,VERNON,LN,E,39.07612141,-84.45120896,0.047,6/29/2020 0:00,1818,2,2,0,0,O,CLEAR,DRY,0,1 VEHICLE PARKED POSITION (NOT PARKING LOT/DRIVEWAY),SIDESWIPE-SAME DIRECTION,STRAIGHT & GRADE,DAYLIGHT,0,0,0,1
26875017,CAMPBELL,,OTHR,18,BRITTANY,LN,,39.10133035,-84.45988974,0.056,6/29/2020 0:00,1209,2,2,0,0,O,CLEAR,DRY,0,1 VEHICLE PARKED POSITION (NOT PARKING LOT/DRIVEWAY),BACKING,STRAIGHT & GRADE,DAYLIGHT,0,0,0,1
26885381,CAMPBELL,,OTHR,,NEWPORT PAVILION,,,39.09254567,-84.480385,0.002,6/29/2020 0:00,1254,2,2,0,0,O,CLEAR,DRY,0,OTHER INTERSECTION COLLISIONS,REAR END,STRAIGHT & LEVEL,DAYLIGHT,1,0,0,1
26875861,CAMPBELL,US0027,USRoute,,ALEXANDRIA,PIKE,,39.02022734,-84.43821706,15.239,6/29/2020 0:00,1710,2,2,0,0,O,CLOUDY,DRY,0,SIDESWIPE COLLISION - SAME DIRECTION,SIDESWIPE-SAME DIRECTION,STRAIGHT & LEVEL,DAYLIGHT,0,0,0,1
26883459,CAMPBELL,,OTHR,,CLOVER RIDGE,AVE,,39.09128246,-84.45698158,0.032,6/30/2020 0:00,1640,2,2,0,1,C,CLEAR,DRY,0,REAR END IN TRAFFIC LANES BOTH VEHICLES MOVING,REAR END,STRAIGHT & GRADE,DAYLIGHT,0,0,0,1
26876913,CAMPBELL,I 0471,Interstate,,I471 S,,,39.09609799,-84.48270509,4.2,6/30/2020 0:00,603,1,1,0,0,O,CLEAR,WET,0,OTHER COLLISIONS ON SHOULDER,SINGLE VEHICLE,CURVE & LEVEL,DAWN,0,0,0,1
26877600,CAMPBELL,,OTHR,4,HIDDEN VALLEY,DR,,39.03551681,-84.45316278,0.017,6/30/2020 0:00,800,1,1,0,0,O,CLOUDY,DRY,0,OTHER ROADWAY OR MID-BLOCK COLLISION,SINGLE VEHICLE,STRAIGHT & GRADE,DAYLIGHT,0,0,0,1
26894206,CAMPBELL,,OTHR,6001,FOX RUN,DR,,39.01502255,-84.41736692,0.511,6/30/2020 0:00,1015,2,2,0,0,O,CLOUDY,DRY,0,VEHICLE BACKING NON INTERSECTION,BACKING,STRAIGHT & GRADE,DAYLIGHT,0,0,0,1
26877095,CAMPBELL,KY1892,StateRoute,10,GRAND,AVE,N,39.08005102,-84.46706632,1.404,6/30/2020 0:00,700,2,2,0,0,O,CLEAR,DRY,1,SIDESWIPE COLLISION - SAME DIRECTION,SIDESWIPE-SAME DIRECTION,STRAIGHT & GRADE,DAYLIGHT,0,0,0,1
26891117,CAMPBELL,,OTHR,,ERVIN,TER,,39.10985378,-84.47410539,0.197,6/30/2020 0:00,1530,1,1,0,0,O,RAINING,FLOODED,0,RAN OFF ROADWAY (1 VEHICLE WITH/EARTH EMBANKMENT/DITCH),SINGLE VEHICLE,CURVE & GRADE,DAYLIGHT,0,0,0,1
26904324,CAMPBELL,,OTHR,300,8TH,AVE,,39.11012569,-84.47624318,0.353,7/1/2020 0:00,1714,2,2,0,0,O,CLEAR,DRY,1,1 VEHICLE PARKED POSITION (NOT PARKING LOT/DRIVEWAY),SIDESWIPE-SAME DIRECTION,STRAIGHT & GRADE,DARK-HWY LIGHTED/ON,0,0,0,1
26883457,CAMPBELL,I 0471,Interstate,,I471 S,,,39.07133626,-84.4633416,2.14,7/1/2020 0:00,1003,2,2,0,1,B,CLEAR,DRY,0,1 VEHICLE PARKED POSITION (NOT PARKING LOT/DRIVEWAY),SIDESWIPE-SAME DIRECTION,STRAIGHT & GRADE,DAYLIGHT,0,0,0,1
26917651,CAMPBELL,,OTHR,158,NEWPORT PAVILION,,,39.08941293,-84.47618574,0.354,7/1/2020 0:00,1400,2,2,0,0,O,CLEAR,DRY,1,1 VEHICLE PARKED POSITION (NOT PARKING LOT/DRIVEWAY),REAR END,STRAIGHT & LEVEL,DAYLIGHT,0,0,0,1
26881273,CAMPBELL,,OTHR,920,SARATOGA,ST,,39.08840559,-84.4887197,0.165,7/1/2020 0:00,200,2,2,0,0,O,CLEAR,DRY,1,1 VEHICLE PARKED POSITION (NOT PARKING LOT/DRIVEWAY),SIDESWIPE-SAME DIRECTION,STRAIGHT & LEVEL,DAYLIGHT,0,0,0,1
26880160,CAMPBELL,I 0275,Interstate,,I275 E,,,39.05463515,-84.43601146,,7/1/2020 0:00,800,1,1,0,0,O,CLEAR,DRY,0,COLLISION WITH FIXED OBJECT NON - INTERSECTION - FIRST EVENT COLLISION 09 - 32 EXCLUDING 16,SINGLE VEHICLE,STRAIGHT & GRADE,DAYLIGHT,0,0,0,1
26903815,CAMPBELL,I 0471,Interstate,,I471 S,,,39.07319776,-84.46467202,2.295,7/1/2020 0:00,517,1,1,0,1,C,RAINING,WET,0,COLLISION WITH FIXED OBJECT NON - INTERSECTION - FIRST EVENT COLLISION 09 - 32 EXCLUDING 16,SINGLE VEHICLE,CURVE & LEVEL,DARK-HWY LIGHTED/ON,0,0,0,1
26880159,CAMPBELL,US0027,USRoute,,ALEXANDRIA,PIKE,,38.92145576,-84.39100308,7.529,7/1/2020 0:00,305,1,1,0,0,O,CLOUDY,DRY,0,COLLISION WITH ANIMAL IN INTERSECTION,SINGLE VEHICLE,STRAIGHT & LEVEL,DARK-HWY NOT LIGHTED,1,0,0,1
26882807,CAMPBELL,US0027,USRoute,,YORK,ST,,39.0875289,-84.49190492,21.819,7/1/2020 0:00,1837,2,2,0,0,O,CLEAR,DRY,0,OTHER ROADWAY OR MID-BLOCK COLLISION,REAR END,STRAIGHT & LEVEL,DAYLIGHT,0,0,0,1
26883458,CAMPBELL,I 0471,Interstate,,I471 S,,,39.0604006,-84.46963817,1.252,7/1/2020 0:00,1335,2,2,0,0,O,CLEAR,DRY,0,OTHER ROADWAY OR MID-BLOCK COLLISION,REAR END,CURVE & LEVEL,DAYLIGHT,0,0,0,1
26882806,CAMPBELL,KY1120,StateRoute,,11TH,ST,W,39.08291166,-84.49345751,0.388,7/1/2020 0:00,2051,2,2,0,0,O,CLEAR,DRY,0,REAR END IN TRAFFIC LANES BOTH VEHICLES MOVING,REAR END,STRAIGHT & LEVEL,DAYLIGHT,0,0,0,1
26884058,CAMPBELL,KY0009,StateRoute,5671,AA,HWY,,39.00878482,-84.4636068,16.239,7/1/2020 0:00,1308,2,2,0,0,O,CLEAR,DRY,0,REAR END IN TRAFFIC LANES BOTH VEHICLES MOVING,REAR END,STRAIGHT & LEVEL,DAYLIGHT,0,0,0,1
26893487,CAMPBELL,I 0471,Interstate,,INTERSTATE 471,,,39.08541908,-84.47460687,0.215,7/1/2020 0:00,1656,2,2,0,0,O,CLEAR,DRY,0,OTHER RAMP RELATED COLLISIONS NOT LISTED ABOVE,REAR END,CURVE & GRADE,DAYLIGHT,0,0,0,1
26888573,CAMPBELL,,OTHR,,LOW GAP,RD,E,38.99945158,-84.40237371,0.002,7/2/2020 0:00,2330,2,2,0,0,O,CLOUDY,DRY,1,COLLISION WITH PARKED VEHICLE,SIDESWIPE-OPPOSITE DIRECTION,CURVE & GRADE,DARK-HWY NOT LIGHTED,0,0,0,1
26885618,CAMPBELL,,OTHR,,5TH,ST,E,39.09447998,-84.49051364,0.248,7/2/2020 0:00,1542,2,2,0,0,O,CLEAR,DRY,0,COLLISION WITH PARKED VEHICLE,REAR END,STRAIGHT & LEVEL,DAYLIGHT,0,0,0,1
26887780,CAMPBELL,,OTHR,5098,GARY,LN,,39.03052473,-84.4231838,0.244,7/2/2020 0:00,1530,1,1,0,0,O,CLEAR,DRY,0,COLLISION WITH FIXED OBJECT NON - INTERSECTION - FIRST EVENT COLLISION 09 - 32 EXCLUDING 16,SINGLE VEHICLE,CURVE & GRADE,DAYLIGHT,0,0,0,1
26903857,CAMPBELL,KY2925,StateRoute,,ALEXANDRIA,PIKE,E,38.99944764,-84.40234251,0.002,7/2/2020 0:00,2300,2,1,0,0,O,,,1,1 VEHICLE PARKED POSITION (NOT PARKING LOT/DRIVEWAY),HEAD ON,CURVE & LEVEL,,0,0,0,1
26897842,CAMPBELL,,OTHR,70,MIAMI,PKWY,,39.09091435,-84.44403414,0.097,7/2/2020 0:00,1908,2,2,0,0,O,CLEAR,DRY,0,1 VEHICLE PARKED POSITION (NOT PARKING LOT/DRIVEWAY),BACKING,STRAIGHT & LEVEL,DAYLIGHT,0,0,0,1
26902432,CAMPBELL,KY0009,StateRoute,,AA,HWY,,38.9888182,-84.39506557,12.13,7/3/2020 0:00,1154,1,1,0,1,B,CLEAR,DRY,0,NON-COLLISION OBJECT COLLISION,SINGLE VEHICLE,STRAIGHT & HILLCREST,DAYLIGHT,0,0,0,1
26888241,CAMPBELL,,OTHR,,PARK,AVE,,39.09795449,-84.49276194,0.346,7/3/2020 0:00,1209,2,2,0,0,O,CLEAR,DRY,0,OTHER INTERSECTION COLLISIONS,REAR END,STRAIGHT & HILLCREST,DAYLIGHT,1,0,0,1
26897845,CAMPBELL,KY0445,StateRoute,,GRANDVIEW,AVE,,39.06283609,-84.4528781,1.272,7/3/2020 0:00,1910,2,2,0,0,O,CLEAR,DRY,0,OTHER INTERSECTION COLLISIONS,REAR END,STRAIGHT & HILLCREST,DAYLIGHT,1,0,0,1
26903792,CAMPBELL,KY1936,StateRoute,962,KENTON STATION,RD,,38.86275624,-84.3977545,0.382,7/3/2020 0:00,115,1,1,0,0,O,CLOUDY,DRY,1,OTHER ROADWAY OR MID-BLOCK COLLISION,SINGLE VEHICLE,STRAIGHT & LEVEL,DARK-HWY NOT LIGHTED,0,0,0,1
26894327,CAMPBELL,KY0008,StateRoute,,MARY INGLES,HWY,,39.03669847,-84.39017803,10.781,7/4/2020 0:00,1329,2,2,0,0,O,CLEAR,DRY,0,OTHER ROADWAY OR MID-BLOCK COLLISION,OPPOSING LEFT TURN,STRAIGHT & LEVEL,DAYLIGHT,0,0,0,1
26894324,CAMPBELL,,OTHR,,DANIELS,RD,,38.87472562,-84.28482038,1.638,7/4/2020 0:00,2304,1,1,0,1,A,CLEAR,DRY,0,OTHER ROADWAY OR MID-BLOCK COLLISION,SINGLE VEHICLE,CURVE & GRADE,DARK-HWY NOT LIGHTED,0,0,0,1
26893311,CAMPBELL,US0027,USRoute,,YORK,ST,,39.09163143,-84.49564701,22.169,7/4/2020 0:00,2322,2,2,0,0,O,CLEAR,DRY,1,ANGLE COLLISION - OTHER,ANGLE,STRAIGHT & LEVEL,DARK-HWY LIGHTED/ON,0,0,0,1
26898775,CAMPBELL,I 0275,Interstate,,I275 W,,,39.05185647,-84.44311516,73.963,7/4/2020 0:00,2359,1,1,0,1,A,CLEAR,DRY,0,COLLISION WITH FIXED OBJECT NON - INTERSECTION - FIRST EVENT COLLISION 09 - 32 EXCLUDING 16,SINGLE VEHICLE,STRAIGHT & LEVEL,DARK-HWY LIGHTED/ON,0,0,0,1
26893352,CAMPBELL,,OTHR,,COLUMBIA,ST,,39.09151524,-84.49762885,0.211,7/5/2020 0:00,21,2,2,0,1,B,CLEAR,DRY,0,ANGLE COLLISION - OTHER,ANGLE,STRAIGHT & LEVEL,DARK-HWY LIGHTED/ON,0,0,0,1
26902433,CAMPBELL,US0027,USRoute,,ALEXANDRIA,PIKE,,38.97938754,-84.39383001,11.544,7/5/2020 0:00,620,1,1,0,0,O,CLEAR,DRY,0,COLLISION WITH ANIMAL IN INTERSECTION,SINGLE VEHICLE,STRAIGHT & LEVEL,DAYLIGHT,1,0,0,1
26895157,CAMPBELL,,OTHR,1565,FLATWOODS,RD,,38.88342545,-84.36007216,0.557,7/5/2020 0:00,300,1,1,0,0,O,CLEAR,DRY,0,OTHER COLLISIONS ON SHOULDER,SINGLE VEHICLE,CURVE & GRADE,DARK (UNKNOWN ROADWAY LIGHTING),0,0,0,1
26895160,CAMPBELL,,OTHR,,PLUM CREEK,RD,,38.8266365,-84.35267292,1.117,7/5/2020 0:00,1953,2,2,0,0,O,CLEAR,DRY,0,SIDESWIPE COLLISION - OPPOSITE DIRECTION,SIDESWIPE-OPPOSITE DIRECTION,CURVE & LEVEL,DAYLIGHT,0,0,0,1
26908425,CAMPBELL,US0027,USRoute,,ALEXANDRIA,PIKE,,39.03695056,-84.45397659,16.734,7/5/2020 0:00,1649,2,2,0,0,O,CLEAR,DRY,0,OTHER ROADWAY OR MID-BLOCK COLLISION,REAR END,STRAIGHT & LEVEL,DAYLIGHT,0,0,0,1
26906328,CAMPBELL,I 0275,Interstate,,,,,39.0466075,-84.45803522,0.364,7/6/2020 0:00,458,1,1,0,1,C,CLEAR,DRY,0,COLLISION WITH FIXED OBJECT NOT IN GORE ,SINGLE VEHICLE,CURVE & LEVEL,DARK-HWY LIGHTED/ON,0,0,0,1
26904054,CAMPBELL,,OTHR,900,LOWELL,ST,,39.08185152,-84.49868821,0.1,7/6/2020 0:00,1120,2,2,0,0,O,CLOUDY,DRY,0,1 VEHICLE ENTERING/LEAVING ENTRANCE,ANGLE,STRAIGHT & LEVEL,DAYLIGHT,0,0,0,1
26980268,CAMPBELL,KY1892,StateRoute,82,CAROTHERS,RD,,39.0864141,-84.47730113,2.157,7/6/2020 0:00,1504,2,2,0,0,O,CLOUDY,DRY,0,REAR END IN TRAFFIC LANES BOTH VEHICLES MOVING,REAR END,CURVE & GRADE,DAYLIGHT,0,0,0,1
26899774,CAMPBELL,US0027,USRoute,,ALEXANDRIA,PIKE,,38.91327081,-84.38675723,6.919,7/6/2020 0:00,1342,2,2,0,1,B,CLEAR,DRY,0,ANGLE COLLISION - OTHER,ANGLE,STRAIGHT & LEVEL,DAYLIGHT,0,0,0,1
26922305,CAMPBELL,KY1892,StateRoute,100,GRAND,AVE,,39.08540934,-84.47465572,1.987,7/7/2020 0:00,1840,2,2,0,0,O,CLEAR,DRY,0,REAR END - ONE VEHICLE TURNING RIGHT,REAR END,STRAIGHT & GRADE,DAYLIGHT,0,0,0,1
26943923,CAMPBELL,US0027,USRoute,7740,ALEXANDRIA,PIKE,,38.97379262,-84.39231313,11.151,7/7/2020 0:00,1539,4,4,0,0,O,CLEAR,DRY,0,OTHER INTERSECTION COLLISIONS,REAR END,STRAIGHT & LEVEL,DAYLIGHT,1,0,0,1
26928226,CAMPBELL,KY0008,StateRoute,,FAIRFIELD,AVE,,39.10683011,-84.48263419,1.918,7/7/2020 0:00,1930,2,2,0,0,O,CLEAR,DRY,0,SIDESWIPE-SAME DIRECTION,SIDESWIPE-SAME DIRECTION,STRAIGHT & LEVEL,DAYLIGHT,0,0,0,1
26908329,CAMPBELL,,OTHR,195,MAIN,ST,,39.07846678,-84.48952823,0.175,7/7/2020 0:00,435,2,2,0,0,O,CLEAR,DRY,1,SIDESWIPE COLLISION - OPPOSITE DIRECTION,SIDESWIPE-OPPOSITE DIRECTION,STRAIGHT & LEVEL,DAYLIGHT,0,0,0,1
26904092,CAMPBELL,I 0471,Interstate,,I471 S,,,39.09785662,-84.48723303,4.476,7/7/2020 0:00,1413,2,2,0,0,O,CLEAR,DRY,1,SIDESWIPE COLLISION - SAME DIRECTION,SIDESWIPE-SAME DIRECTION,STRAIGHT & LEVEL,DAYLIGHT,0,0,0,1
26909840,CAMPBELL,US0027,USRoute,,ALEXANDRIA,PIKE,,39.01981064,-84.43774093,15.199,7/8/2020 0:00,850,2,2,0,0,O,CLEAR,DRY,0,ANGLE COLLISION - OTHER,ANGLE,STRAIGHT & LEVEL,DAYLIGHT,0,0,0,1
26914188,CAMPBELL,US0027,USRoute,,ALEXANDRIA,PIKE,,39.01825625,-84.43573043,15.032,7/8/2020 0:00,526,2,2,0,0,O,CLOUDY,FLOODED,0,OPPOSING LEFT TURN,OPPOSING LEFT TURN,STRAIGHT & LEVEL,DARK-HWY NOT LIGHTED,0,0,0,1