IncidentID,County,RdwyNumber,RdwyType,Street,RoadwayName,StreetSfx,StreetDir,Latitude,Longitude,Milepoint,CollisionDate,CollisionTime,UnitsInvolved,MotorVehiclesInvolved,NumberKilled,NumberInjured,KABCO,Weather,RdwyConditionCode,HitandRun,DirAnalysisCode,MannerofCollision,RdwyCharacter,LightCondition,Intersection Crash,Bicyclist,Pedestrian,Motor Vehicles
26912986,CAMPBELL,US0027,USRoute,,ALEXANDRIA,PIKE,,39.03328559,-84.45314857,16.476,7/8/2020 0:00,1251,1,1,0,0,O,CLEAR,DRY,0,COLLISION WITH FIXED OBJECT NON - INTERSECTION - FIRST EVENT COLLISION 09 - 32 EXCLUDING 16,SINGLE VEHICLE,STRAIGHT & LEVEL,DAYLIGHT,0,0,0,1
26916251,CAMPBELL,,OTHR,201,WASHINGTON,ST,,38.96153948,-84.38960748,0.246,7/8/2020 0:00,1853,2,2,0,0,O,CLEAR,DRY,1,1 VEHICLE PARKED POSITION (NOT PARKING LOT/DRIVEWAY),SIDESWIPE-SAME DIRECTION,STRAIGHT & LEVEL,DAYLIGHT,0,0,0,1
26908938,CAMPBELL,,OTHR,,9TH,ST,E,39.08974197,-84.4876192,0.47,7/8/2020 0:00,909,3,3,0,1,B,CLEAR,DRY,0,1 VEHICLE PARKED POSITION (NOT PARKING LOT/DRIVEWAY),SIDESWIPE-OPPOSITE DIRECTION,STRAIGHT & LEVEL,DAYLIGHT,0,0,0,1
26912182,CAMPBELL,KY1120,StateRoute,,FT THOMAS,AVE,S,39.0606045,-84.45058039,5.7,7/8/2020 0:00,1700,1,1,0,0,O,,,1,1 VEHICLE PARKED POSITION (NOT PARKING LOT/DRIVEWAY),SINGLE VEHICLE,STRAIGHT & LEVEL,,0,0,0,1
26925088,CAMPBELL,,OTHR,3691,PARK VIEW,DR,,38.97533809,-84.37478774,0.055,7/9/2020 0:00,1818,2,2,0,0,O,CLEAR,DRY,0,1 VEHICLE PARKED POSITION (NOT PARKING LOT/DRIVEWAY),BACKING,STRAIGHT & LEVEL,DAYLIGHT,0,0,0,1
26987345,CAMPBELL,,OTHR,706,9TH,ST,E,39.09215368,-84.48327197,0.182,7/9/2020 0:00,1333,2,2,0,0,O,CLEAR,DRY,0,1 VEHICLE PARKED POSITION (NOT PARKING LOT/DRIVEWAY),SIDESWIPE-SAME DIRECTION,STRAIGHT & LEVEL,DAYLIGHT,0,0,0,1
26921733,CAMPBELL,,OTHR,,WHITNEY,DR,,39.03510608,-84.39641576,0.034,7/9/2020 0:00,2350,1,1,0,0,O,CLEAR,DRY,0,COLLISION WITH FIXED OBJECT NON - INTERSECTION - FIRST EVENT COLLISION 09 - 32 EXCLUDING 16,SINGLE VEHICLE,STRAIGHT & LEVEL,DARK-HWY NOT LIGHTED,0,0,0,1
26914190,CAMPBELL,KY2925,StateRoute,6304,ALEXANDRIA,PIKE,E,39.01019501,-84.41160454,0.987,7/9/2020 0:00,900,1,1,0,0,O,CLEAR,DRY,0,RAN OFF ROADWAY (1 VEHICLE WITH/EARTH EMBANKMENT/DITCH),SINGLE VEHICLE,CURVE & GRADE,DAYLIGHT,0,0,0,1
26915305,CAMPBELL,KY1892,StateRoute,,GRAND,AVE,,39.0863733,-84.47717888,2.149,7/9/2020 0:00,1357,2,2,0,0,O,CLEAR,WET,0,OTHER INTERSECTION COLLISIONS,REAR END,STRAIGHT & LEVEL,DAYLIGHT,1,0,0,1
26911878,CAMPBELL,KY0008,StateRoute,,MARY INGLES,HWY,,38.97814665,-84.30369999,,7/9/2020 0:00,600,1,1,0,0,O,CLEAR,DRY,0,COLLISION WITH ANIMAL NON INTERSECTION,SINGLE VEHICLE,STRAIGHT & LEVEL,DAWN,0,0,0,1
26918594,CAMPBELL,KY0915,StateRoute,,CAMEL,XING,,38.92096364,-84.39205812,0.077,7/9/2020 0:00,2002,2,2,0,1,C,CLEAR,DRY,0,ANGLE COLLISION - OTHER,ANGLE,STRAIGHT & LEVEL,DAYLIGHT,0,0,0,1
26918593,CAMPBELL,US0027,USRoute,,ALEXANDRIA,PIKE,,38.84923314,-84.37992465,2.143,7/9/2020 0:00,1629,2,2,0,0,O,CLEAR,DRY,0,1 VEHICLE ENTERING/LEAVING ENTRANCE,ANGLE,STRAIGHT & LEVEL,DAYLIGHT,0,0,0,1
26931006,CAMPBELL,US0027,USRoute,,ALEXANDRIA,PIKE,,39.02319753,-84.44182509,15.533,7/9/2020 0:00,1729,2,2,0,0,O,CLEAR,DRY,1,OTHER ROADWAY OR MID-BLOCK COLLISION,REAR END,STRAIGHT & LEVEL,DAYLIGHT,0,0,0,1
26915306,CAMPBELL,I 0471,Interstate,,,,,39.08576236,-84.47417408,0.177,7/9/2020 0:00,1840,2,2,0,0,O,CLEAR,DRY,0,OTHER RAMP RELATED COLLISIONS NOT LISTED ABOVE,REAR END,STRAIGHT & LEVEL,DAYLIGHT,0,0,0,1
26934902,CAMPBELL,US0027,USRoute,7400,ALEXANDRIA,PIKE,,38.9824507,-84.39965087,11.801,7/10/2020 0:00,1006,2,2,0,0,O,CLEAR,DRY,0,OTHER ROADWAY OR MID-BLOCK COLLISION,REAR END,STRAIGHT & LEVEL,DAYLIGHT,0,0,0,1
26921731,CAMPBELL,,OTHR,9846,BARRS BRANCH,RD,,38.92750728,-84.36119873,1.066,7/10/2020 0:00,1355,1,1,0,0,O,CLEAR,DRY,0,OTHER ROADWAY OR MID-BLOCK COLLISION,SINGLE VEHICLE,CURVE & LEVEL,DAYLIGHT,0,0,0,1
26919369,CAMPBELL,I 0471,Interstate,,I471 N,,,39.09979255,-84.49306866,4.824,7/10/2020 0:00,2143,2,2,0,2,C,CLEAR,DRY,0,SIDESWIPE COLLISION - SAME DIRECTION,SIDESWIPE-SAME DIRECTION,STRAIGHT & LEVEL,DARK-HWY LIGHTED/ON,0,0,0,1
26943929,CAMPBELL,,OTHR,95,RIVIERA,DR,,39.10055339,-84.48736504,0.113,7/10/2020 0:00,1929,2,2,0,0,O,CLEAR,DRY,0,1 VEHICLE ENTERING/LEAVING ENTRANCE,ANGLE,STRAIGHT & LEVEL,DAYLIGHT,0,0,0,1
27198309,CAMPBELL,US0027,USRoute,2606,ALEXANDRIA,PIKE,,39.07133574,-84.47016192,19.983,7/10/2020 0:00,2000,2,2,0,0,O,CLEAR,DRY,0,1 VEHICLE ENTERING/LEAVING ENTRANCE,ANGLE,STRAIGHT & GRADE,DAYLIGHT,0,0,0,1
26919368,CAMPBELL,KY0009,StateRoute,,LICKING,PIKE,,39.07700366,-84.49508769,21.832,7/10/2020 0:00,1914,2,2,0,3,B,CLEAR,DRY,0,HEAD-ON COLLISION,HEAD ON,STRAIGHT & HILLCREST,DAYLIGHT,0,0,0,1
26919413,CAMPBELL,,OTHR,,ISABELLA,ST,,39.08735101,-84.49783588,0.494,7/10/2020 0:00,2030,2,1,0,1,C,CLEAR,DRY,1,COLLISION WITH PEDESTRIAN NON - INTERSECTION,SINGLE VEHICLE,STRAIGHT & LEVEL,DAYLIGHT,0,0,1,0
26919292,CAMPBELL,,OTHR,33,WILSON,RD,,39.09212006,-84.47462731,0.059,7/10/2020 0:00,1900,2,2,0,0,O,CLEAR,DRY,0,1 VEHICLE PARKED POSITION (NOT PARKING LOT/DRIVEWAY),REAR END,STRAIGHT & GRADE,DAYLIGHT,0,0,0,1
26926532,CAMPBELL,,OTHR,15,RENSHAW,AVE,,39.04439759,-84.45136021,0.21,7/11/2020 0:00,953,2,2,0,0,O,CLEAR,DRY,1,1 VEHICLE PARKED POSITION (NOT PARKING LOT/DRIVEWAY),SIDESWIPE-OPPOSITE DIRECTION,STRAIGHT & GRADE,DAYLIGHT,0,0,0,1
26920036,CAMPBELL,,OTHR,9,KENTUCKY,DR,,39.07623868,-84.47882026,0.718,7/11/2020 0:00,1244,2,2,0,0,O,CLEAR,DRY,0,1 VEHICLE PARKED POSITION (NOT PARKING LOT/DRIVEWAY),SIDESWIPE-SAME DIRECTION,STRAIGHT & GRADE,DAYLIGHT,0,0,0,1
26923114,CAMPBELL,,OTHR,1937,POPLAR RIDGE,RD,,38.98625501,-84.3675764,0.228,7/11/2020 0:00,1222,1,1,0,0,O,CLEAR,DRY,1,COLLISION WITH FIXED OBJECT NON - INTERSECTION - FIRST EVENT COLLISION 09 - 32 EXCLUDING 16,SINGLE VEHICLE,CURVE & GRADE,DAYLIGHT,0,0,0,1
26930124,CAMPBELL,KY1632,StateRoute,,KY1632 TURN LANE,,,39.06830437,-84.46662956,0.019,7/11/2020 0:00,1035,2,2,0,0,O,CLEAR,DRY,0,OTHER INTERSECTION COLLISIONS,REAR END,STRAIGHT & GRADE,DAYLIGHT,1,0,0,1
26922338,CAMPBELL,I 0471,Interstate,,I471 S,,,39.06067119,-84.4693642,1.275,7/11/2020 0:00,1920,1,1,0,0,O,RAINING,WATER (STANDING OR MOVING),0,OTHER COLLISIONS ON SHOULDER,SINGLE VEHICLE,CURVE & LEVEL,DAYLIGHT,0,0,0,1
26926531,CAMPBELL,US0027,USRoute,,ALEXANDRIA,PIKE,,39.03642985,-84.45420759,16.696,7/11/2020 0:00,749,2,2,0,0,O,CLEAR,DRY,0,VEHICLE BACKING NON INTERSECTION,BACKING,STRAIGHT & LEVEL,DAYLIGHT,0,0,0,1
26920038,CAMPBELL,I 0471,Interstate,,,,,39.08541037,-84.47465534,0.218,7/11/2020 0:00,749,2,2,0,0,O,CLEAR,DRY,0,OTHER RAMP RELATED COLLISIONS NOT LISTED ABOVE,REAR END,CURVE & LEVEL,DAYLIGHT,0,0,0,1
26926198,CAMPBELL,,OTHR,19,ASH,ST,,39.07792561,-84.4893746,0.076,7/12/2020 0:00,2100,2,2,0,0,O,CLEAR,DRY,1,1 VEHICLE PARKED POSITION (NOT PARKING LOT/DRIVEWAY),SIDESWIPE-OPPOSITE DIRECTION,STRAIGHT & LEVEL,DUSK,0,0,0,1
26929611,CAMPBELL,US0027,USRoute,,ALEXANDRIA,PIKE,,39.06546649,-84.46437858,19.519,7/13/2020 0:00,1644,2,2,0,0,O,CLEAR,DRY,0,SIDESWIPE COLLISION - SAME DIRECTION,SIDESWIPE-SAME DIRECTION,STRAIGHT & LEVEL,DAYLIGHT,0,0,0,1
26934560,CAMPBELL,,OTHR,665,HIGHLAND,AVE,,39.0756421,-84.46231797,0.515,7/13/2020 0:00,1410,2,2,0,0,O,CLEAR,DRY,0,OTHER ROADWAY OR MID-BLOCK COLLISION,REAR END,STRAIGHT & LEVEL,DAYLIGHT,0,0,0,1
26939581,CAMPBELL,US0027,USRoute,,ALEXANDRIA,PIKE,,38.97859968,-84.39369673,11.511,7/13/2020 0:00,2112,2,2,0,0,O,CLEAR,DRY,0,REAR END IN TRAFFIC LANES BOTH VEHICLES MOVING,REAR END,STRAIGHT & LEVEL,DAYLIGHT,0,0,0,1
26941949,CAMPBELL,,OTHR,318,GRANDVIEW,AVE,,39.10110883,-84.47822041,0.171,7/13/2020 0:00,0,1,1,0,0,O,CLEAR,DRY,0,COLLISION WITH FIXED OBJECT NON - INTERSECTION - FIRST EVENT COLLISION 09 - 32 EXCLUDING 16,SINGLE VEHICLE,STRAIGHT & GRADE,DARK-HWY LIGHTED/ON,0,0,0,1
26925502,CAMPBELL,US0027,USRoute,,ALEXANDRIA,PIKE,,38.85664958,-84.38617279,2.755,7/13/2020 0:00,615,1,1,0,0,O,CLEAR,DRY,0,COLLISION WITH ANIMAL NON INTERSECTION,SINGLE VEHICLE,STRAIGHT & LEVEL,DAYLIGHT,0,0,0,1
26927842,CAMPBELL,KY0009,StateRoute,600,CENTRAL,AVE,,39.08862924,-84.49701246,22.888,7/13/2020 0:00,1618,2,2,0,0,O,CLEAR,DRY,0,1 VEHICLE PARKED POSITION (NOT PARKING LOT/DRIVEWAY),REAR END,STRAIGHT & LEVEL,DAYLIGHT,0,0,0,1
26927528,CAMPBELL,,OTHR,337,WASHINGTON,AVE,,39.09460344,-84.49231687,0.087,7/13/2020 0:00,730,2,2,0,0,O,CLEAR,DRY,1,1 VEHICLE PARKED POSITION (NOT PARKING LOT/DRIVEWAY),SIDESWIPE-SAME DIRECTION,STRAIGHT & LEVEL,DAYLIGHT,0,0,0,1
26927840,CAMPBELL,KY1120,StateRoute,,11TH,ST,W,39.08383777,-84.49161506,0.533,7/13/2020 0:00,1323,2,2,0,0,O,CLEAR,DRY,0,OPPOSITE DIRECTION - BOTH VEHICLES GOING STRAIGHT AHEAD,SIDESWIPE-OPPOSITE DIRECTION,STRAIGHT & LEVEL,DAYLIGHT,0,0,0,1
26980267,CAMPBELL,I 0471,Interstate,,,,,39.0854224,-84.47459268,0.214,7/14/2020 0:00,1123,2,2,0,0,O,CLEAR,DRY,0,OTHER RAMP RELATED COLLISIONS NOT LISTED ABOVE,REAR END,CURVE & GRADE,DAYLIGHT,0,0,0,1
26933744,CAMPBELL,KY0008,StateRoute,5078,MARY INGLES,HWY,,39.0369224,-84.39108839,10.73,7/14/2020 0:00,2145,2,2,0,0,O,CLEAR,DRY,1,1 VEHICLE PARKED POSITION (NOT PARKING LOT/DRIVEWAY),SIDESWIPE-SAME DIRECTION,STRAIGHT & LEVEL,DARK-HWY LIGHTED/ON,0,0,0,1
26934563,CAMPBELL,,OTHR,62,DUMFRIES,AVE,,39.08624186,-84.44546687,0.139,7/14/2020 0:00,1005,1,1,0,0,O,CLEAR,DRY,0,COLLISION WITH FIXED OBJECT NON - INTERSECTION - FIRST EVENT COLLISION 09 - 32 EXCLUDING 16,SINGLE VEHICLE,STRAIGHT & LEVEL,DAYLIGHT,0,0,0,1
27112126,CAMPBELL,KY0008,StateRoute,,3RD,ST,E,39.09501551,-84.49446901,0.737,7/14/2020 0:00,1158,2,2,0,0,O,CLOUDY,DRY,0,REAR END IN TRAFFIC LANES BOTH VEHICLES MOVING,REAR END,STRAIGHT & LEVEL,DAYLIGHT,0,0,0,1
26942667,CAMPBELL,KY0009,StateRoute,,AA,HWY,,39.02104513,-84.48123323,17.612,7/14/2020 0:00,1943,2,2,0,2,C,CLEAR,DRY,0,1 VEHICLE ENTERING/LEAVING ENTRANCE,ANGLE,STRAIGHT & LEVEL,DAYLIGHT,0,0,0,1
26937612,CAMPBELL,KY0009,StateRoute,,LICKING,PIKE,,39.02328924,-84.48083933,17.787,7/15/2020 0:00,1850,3,3,0,2,B,CLEAR,DRY,0,OTHER ROADWAY OR MID-BLOCK COLLISION,REAR END,CURVE & LEVEL,DAYLIGHT,0,0,0,1
26937611,CAMPBELL,KY0009,StateRoute,,AA,HWY,,39.00969773,-84.46865334,16.515,7/15/2020 0:00,1803,3,3,0,1,B,CLEAR,DRY,0,REAR END IN TRAFFIC LANES BOTH VEHICLES MOVING,REAR END,STRAIGHT & LEVEL,DAYLIGHT,0,0,0,1
26942013,CAMPBELL,,OTHR,,ORCHARD,TER,W,39.0316462,-84.44097719,0.005,7/15/2020 0:00,1323,2,2,0,0,O,CLEAR,DRY,1,REAR END IN TRAFFIC LANES BOTH VEHICLES MOVING,REAR END,,DAYLIGHT,0,0,0,1
26936373,CAMPBELL,KY0009,StateRoute,,LICKING,PIKE,,39.02363178,-84.48097643,17.804,7/15/2020 0:00,1000,2,2,0,2,C,CLEAR,DRY,0,1 VEHICLE ENTERING OR LEAVING PARKED POSITION (NOT PARKING LOT),SIDESWIPE-SAME DIRECTION,STRAIGHT & LEVEL,DAYLIGHT,0,0,0,1
26935917,CAMPBELL,,OTHR,1000,LOWELL,ST,,39.08077708,-84.49770624,0.175,7/15/2020 0:00,928,2,2,0,0,O,CLEAR,DRY,0,1 VEHICLE PARKED POSITION (NOT PARKING LOT/DRIVEWAY),SIDESWIPE-SAME DIRECTION,STRAIGHT & LEVEL,DAYLIGHT,0,0,0,1
26936819,CAMPBELL,,OTHR,10,KENTUCKY,DR,,39.07848423,-84.47998282,0.958,7/15/2020 0:00,1330,1,1,0,0,O,CLEAR,DRY,0,COLLISION WITH FIXED OBJECT IN INTERSECTION - FIRST EVENT COLLISION 09 - 32,SINGLE VEHICLE,CURVE & GRADE,DAYLIGHT,1,0,0,1
26943922,CAMPBELL,US0027,USRoute,,ALEXANDRIA,PIKE,,38.98567955,-84.40301161,12.246,7/15/2020 0:00,1405,2,2,0,0,O,CLEAR,DRY,0,OTHER INTERSECTION COLLISIONS,REAR END,STRAIGHT & LEVEL,DAYLIGHT,1,0,0,1
26941127,CAMPBELL,I 0275,Interstate,,I275 E,,,39.04401703,-84.46703808,75.363,7/15/2020 0:00,1451,2,2,0,0,O,CLEAR,DRY,0,SIDESWIPE-SAME DIRECTION,SIDESWIPE-SAME DIRECTION,STRAIGHT & LEVEL,DAYLIGHT,0,0,0,1
26983376,CAMPBELL,US0027,USRoute,,ALEXANDRIA,PIKE,,38.96901998,-84.39291955,10.84,7/15/2020 0:00,945,2,2,0,1,C,CLEAR,DRY,0,OPPOSITE DIRECTION - BOTH VEHICLES GOING STRAIGHT AHEAD,SIDESWIPE-OPPOSITE DIRECTION,STRAIGHT & LEVEL,DAYLIGHT,0,0,0,1
26996573,CAMPBELL,,OTHR,330,SILVER,ST,,39.10836822,-84.47113549,0.046,7/16/2020 0:00,1659,2,1,0,0,O,CLEAR,DRY,1,1 VEHICLE PARKED POSITION (NOT PARKING LOT/DRIVEWAY),BACKING,CURVE & GRADE,DAYLIGHT,0,0,0,1
27059932,CAMPBELL,,OTHR,204,SERGEANT,AVE,,39.06011827,-84.44137886,0.234,7/16/2020 0:00,730,2,2,0,0,O,CLOUDY,DRY,0,1 VEHICLE PARKED POSITION (NOT PARKING LOT/DRIVEWAY),BACKING,STRAIGHT & LEVEL,DAYLIGHT,0,0,0,1
26941909,CAMPBELL,I 0275,Interstate,,I275 E,,,39.0225721,-84.48675925,77.426,7/16/2020 0:00,1648,1,1,0,1,B,CLEAR,DRY,0,COLLISION WITH FIXED OBJECT NON - INTERSECTION - FIRST EVENT COLLISION 09 - 32 EXCLUDING 16,SINGLE VEHICLE,STRAIGHT & LEVEL,DAYLIGHT,0,0,0,1
26943948,CAMPBELL,,OTHR,,PATCHEN,AVE,,39.10289274,-84.48740919,0.001,7/16/2020 0:00,813,2,2,0,0,O,CLEAR,DRY,0,OTHER ROADWAY OR MID-BLOCK COLLISION,REAR END,STRAIGHT & LEVEL,DAYLIGHT,0,0,0,1
26948864,CAMPBELL,US0027,USRoute,,ALEXANDRIA,PIKE,,39.01988388,-84.43783361,15.208,7/16/2020 0:00,1733,2,2,0,0,O,CLEAR,DRY,0,OTHER ROADWAY OR MID-BLOCK COLLISION,REAR END,STRAIGHT & LEVEL,DAYLIGHT,0,0,0,1
26991360,CAMPBELL,KY0009,StateRoute,,AA,HWY,,39.01816085,-84.4803103,17.384,7/16/2020 0:00,1252,2,1,0,0,O,CLEAR,DRY,0,OTHER ROADWAY OR MID-BLOCK COLLISION,REAR END,STRAIGHT & LEVEL,DAYLIGHT,0,0,0,1
26946256,CAMPBELL,I 0471,Interstate,,,,,39.09294758,-84.4789385,0.184,7/17/2020 0:00,1615,2,2,0,0,O,CLEAR,DRY,1,OTHER RAMP RELATED COLLISIONS NOT LISTED ABOVE,REAR END,CURVE & LEVEL,DAYLIGHT,0,0,0,1
26948863,CAMPBELL,US0027,USRoute,,ALEXANDRIA,PIKE,,38.99753747,-84.41711997,13.345,7/17/2020 0:00,1414,2,2,0,1,C,CLEAR,DRY,0,SIDESWIPE COLLISION - OPPOSITE DIRECTION,SIDESWIPE-OPPOSITE DIRECTION,STRAIGHT & GRADE,DAYLIGHT,0,0,0,1
26953232,CAMPBELL,I 0471,Interstate,471,I471 S,,,39.05182697,-84.46767731,0.615,7/17/2020 0:00,1654,2,2,0,1,B,CLEAR,DRY,0,SIDESWIPE COLLISION - SAME DIRECTION,SIDESWIPE-SAME DIRECTION,STRAIGHT & LEVEL,DAYLIGHT,0,0,0,1
26947035,CAMPBELL,KY0009,StateRoute,,AA,HWY,,39.01759622,-84.47946445,17.341,7/17/2020 0:00,1749,2,2,0,0,O,CLEAR,DRY,0,SIDESWIPE COLLISION - SAME DIRECTION,SIDESWIPE-SAME DIRECTION,STRAIGHT & LEVEL,DAYLIGHT,0,0,0,1
26966546,CAMPBELL,,OTHR,,LAKE,CIR,,38.86019614,-84.38641685,0.078,7/17/2020 0:00,1701,2,2,0,0,O,CLEAR,DRY,0,REAR END IN TRAFFIC LANES BOTH VEHICLES MOVING,REAR END,STRAIGHT & HILLCREST,DAYLIGHT,0,0,0,1
26946228,CAMPBELL,KY1892,StateRoute,95,CAROTHERS,RD,,39.08635058,-84.47721307,2.154,7/17/2020 0:00,1212,2,2,0,0,O,CLEAR,DRY,0,REAR END IN TRAFFIC LANES BOTH VEHICLES MOVING,REAR END,STRAIGHT & LEVEL,DAYLIGHT,0,0,0,1
26969009,CAMPBELL,,OTHR,343,WASHINGTON,AVE,,39.10315097,-84.47876585,0.184,7/17/2020 0:00,0,2,2,0,0,O,CLEAR,DRY,1,1 VEHICLE PARKED POSITION (NOT PARKING LOT/DRIVEWAY),SIDESWIPE-SAME DIRECTION,STRAIGHT & LEVEL,DARK-HWY LIGHTED/ON,0,0,0,1
26946257,CAMPBELL,,OTHR,,VISTINE,ALY,,39.08898637,-84.48557962,0.102,7/17/2020 0:00,1656,1,1,0,0,O,CLEAR,DRY,0,COLLISION WITH FIXED OBJECT IN INTERSECTION - FIRST EVENT COLLISION 09 - 32,SINGLE VEHICLE,STRAIGHT & LEVEL,DAYLIGHT,1,0,0,1
26948448,CAMPBELL,KY0008,StateRoute,200,4TH,ST,W,39.09053077,-84.49938893,0.345,7/18/2020 0:00,1409,1,1,0,0,O,CLEAR,DRY,0,COLLISION WITH FIXED OBJECT NON - INTERSECTION - FIRST EVENT COLLISION 09 - 32 EXCLUDING 16,SINGLE VEHICLE,CURVE & LEVEL,DAYLIGHT,0,0,0,1
26963482,CAMPBELL,I 0275,Interstate,,I275 E,,,39.05370678,-84.43789238,73.655,7/18/2020 0:00,1211,2,2,0,0,O,CLEAR,DRY,0,REAR END IN TRAFFIC LANES BOTH VEHICLES MOVING,REAR END,STRAIGHT & GRADE,DAYLIGHT,0,0,0,1
26959370,CAMPBELL,,OTHR,,WALNUT,ST,,39.06986883,-84.47540171,,7/18/2020 0:00,1707,2,2,0,0,O,CLEAR,DRY,0,SIDESWIPE COLLISION - OPPOSITE DIRECTION,SIDESWIPE-OPPOSITE DIRECTION,CURVE & LEVEL,DAYLIGHT,0,0,0,1
26948556,CAMPBELL,KY0008,StateRoute,200,4TH,ST,W,39.09007584,-84.50016408,0.301,7/18/2020 0:00,142,2,2,0,0,O,CLEAR,DRY,0,OTHER ROADWAY OR MID-BLOCK COLLISION,REAR END,CURVE & LEVEL,DAYLIGHT,0,0,0,1
26950996,CAMPBELL,,OTHR,37,PARKER,RD,,39.07967698,-84.47664897,0.107,7/19/2020 0:00,1011,2,2,0,0,O,CLEAR,DRY,0,SIDESWIPE COLLISION - OPPOSITE DIRECTION,SIDESWIPE-OPPOSITE DIRECTION,CURVE & GRADE,DAYLIGHT,0,0,0,1
26962590,CAMPBELL,KY0009,StateRoute,,LICKING,PIKE,,39.02739419,-84.48039513,18.066,7/19/2020 0:00,906,2,2,0,3,B,CLEAR,DRY,0,HEAD-ON COLLISION,HEAD ON,STRAIGHT & LEVEL,DAYLIGHT,0,0,0,1
26951009,CAMPBELL,US0027,USRoute,1100,MONMOUTH,ST,,39.08598359,-84.48725933,21.448,7/19/2020 0:00,1200,2,2,0,0,O,CLEAR,DRY,1,REAR END IN TRAFFIC LANES BOTH VEHICLES MOVING,REAR END,STRAIGHT & GRADE,DAYLIGHT,0,0,0,1
26961346,CAMPBELL,I 0275,Interstate,,I275 E,,,39.03442397,-84.47024636,76.041,7/19/2020 0:00,1845,2,2,0,0,O,RAINING,WET,0,REAR END IN TRAFFIC LANES BOTH VEHICLES MOVING,REAR END,STRAIGHT & LEVEL,DAYLIGHT,0,0,0,1
26961796,CAMPBELL,,OTHR,402,TAYLOR,AVE,,39.10274197,-84.48071679,0.386,7/19/2020 0:00,1741,2,2,0,0,O,RAINING,WET,0,1 VEHICLE PARKED POSITION (NOT PARKING LOT/DRIVEWAY),SIDESWIPE-SAME DIRECTION,STRAIGHT & LEVEL,DAYLIGHT,0,0,0,1
26952501,CAMPBELL,I 0471,Interstate,,I471 N,,,39.09387538,-84.47897043,3.938,7/19/2020 0:00,1750,1,1,0,0,O,RAINING,WET,0,COLLISION WITH FIXED OBJECT NON - INTERSECTION - FIRST EVENT COLLISION 09 - 32 EXCLUDING 16,SINGLE VEHICLE,STRAIGHT & LEVEL,DAYLIGHT,0,0,0,1
26986732,CAMPBELL,KY0009,StateRoute,,AA,HWY,,39.02139743,-84.48136977,17.639,7/19/2020 0:00,1436,2,2,2,0,K,CLEAR,DRY,0,ANGLE COLLISION - OTHER,ANGLE,STRAIGHT & LEVEL,DAYLIGHT,0,0,0,1
27052467,CAMPBELL,KY0008,StateRoute,,6TH,AVE,,39.11157981,-84.47578678,2.407,7/19/2020 0:00,1830,2,2,0,0,O,RAINING,WET,0,OTHER INTERSECTION COLLISIONS,REAR END,STRAIGHT & LEVEL,DAYLIGHT,1,0,0,1
26959371,CAMPBELL,I 0471,Interstate,,I471 S,,,39.05552976,-84.46965702,0.904,7/20/2020 0:00,1632,2,2,0,0,O,CLEAR,DRY,1,SIDESWIPE COLLISION - SAME DIRECTION,SIDESWIPE-SAME DIRECTION,STRAIGHT & LEVEL,DAYLIGHT,0,0,0,1
26995226,CAMPBELL,,OTHR,610,8TH,ST,E,39.09324425,-84.48456752,0.548,7/21/2020 0:00,1503,2,2,0,0,O,CLEAR,DRY,0,COLLISION WITH PARKED VEHICLE,BACKING,STRAIGHT & LEVEL,DAYLIGHT,0,0,0,1
26984460,CAMPBELL,,OTHR,603,CENTER,ST,,39.10540848,-84.47658725,0.49,7/21/2020 0:00,1200,2,2,0,0,O,CLEAR,DRY,1,1 VEHICLE PARKED POSITION (NOT PARKING LOT/DRIVEWAY),SIDESWIPE-SAME DIRECTION,STRAIGHT & GRADE,DAYLIGHT,0,0,0,1
26966547,CAMPBELL,,OTHR,6274,DAVJO,LN,,39.00758739,-84.42369498,0.028,7/21/2020 0:00,1439,2,2,0,0,O,CLEAR,DRY,1,1 VEHICLE PARKED POSITION (NOT PARKING LOT/DRIVEWAY),SIDESWIPE-SAME DIRECTION,STRAIGHT & LEVEL,DAYLIGHT,0,0,0,1
27015205,CAMPBELL,KY0009,StateRoute,,AA,HWY,,38.97641283,-84.36417983,10.219,7/21/2020 0:00,1715,2,2,0,0,O,CLEAR,DRY,0,SIDESWIPE COLLISION - SAME DIRECTION,SIDESWIPE-SAME DIRECTION,STRAIGHT & GRADE,DAYLIGHT,0,0,0,1
26961067,CAMPBELL,I 0471,Interstate,,I471 N,,,39.10004,-84.4933826,4.847,7/21/2020 0:00,1407,3,3,0,0,O,CLEAR,DRY,0,OTHER ROADWAY OR MID-BLOCK COLLISION,REAR END,STRAIGHT & LEVEL,DAYLIGHT,0,0,0,1
26984462,CAMPBELL,,OTHR,240,OFALLON,AVE,,39.10733329,-84.47818472,0.352,7/21/2020 0:00,1250,2,2,0,0,O,CLEAR,DRY,0,VEHICLE BACKING NON INTERSECTION,BACKING,STRAIGHT & LEVEL,DAYLIGHT,0,0,0,1
26963267,CAMPBELL,KY1632,StateRoute,,KY1632 TURN LANE,,,39.06831449,-84.46665873,0.018,7/21/2020 0:00,1622,2,2,0,0,O,CLEAR,DRY,0,REAR END IN TRAFFIC LANES BOTH VEHICLES MOVING,REAR END,CURVE & GRADE,DAYLIGHT,0,0,0,1