IncidentID,County,RdwyNumber,RdwyType,Street,RoadwayName,StreetSfx,StreetDir,Latitude,Longitude,Milepoint,CollisionDate,CollisionTime,UnitsInvolved,MotorVehiclesInvolved,NumberKilled,NumberInjured,KABCO,Weather,RdwyConditionCode,HitandRun,DirAnalysisCode,MannerofCollision,RdwyCharacter,LightCondition,Intersection Crash,Bicyclist,Pedestrian,Motor Vehicles
26981751,CAMPBELL,US0027,USRoute,,ALEXANDRIA,PIKE,,38.82890176,-84.36533925,0.496,7/21/2020 0:00,1628,2,2,0,2,B,CLEAR,DRY,0,OTHER COLLISIONS ON SHOULDER,ANGLE,STRAIGHT & LEVEL,DAYLIGHT,0,0,0,1
26958112,CAMPBELL,I 0471,Interstate,,,,,39.07994182,-84.47042486,0.19,7/21/2020 0:00,339,1,1,0,2,A,CLEAR,DRY,0,OVERTURNED ON RAMP,SINGLE VEHICLE,CURVE & GRADE,DARK-HWY LIGHTED/ON,0,0,0,1
26964624,CAMPBELL,I 0471,Interstate,,I471 N,,,39.05301387,-84.46851962,0.752,7/22/2020 0:00,853,2,2,0,0,O,RAINING,WET,0,1 VEHICLE ENTERING/LEAVING ENTRANCE,ANGLE,CURVE & LEVEL,DAYLIGHT,0,0,0,1
26986734,CAMPBELL,KY0009,StateRoute,,AA,HWY,,39.02030236,-84.48144673,17.559,7/22/2020 0:00,1748,2,2,0,0,O,CLOUDY,WET,0,1 VEHICLE ENTERING/LEAVING ENTRANCE,ANGLE,STRAIGHT & LEVEL,DAYLIGHT,0,0,0,1
26967641,CAMPBELL,,OTHR,,BEECH,RD,,39.0708493,-84.47607453,0.235,7/22/2020 0:00,1112,2,2,0,0,O,CLOUDY,DRY,0,1 VEHICLE PARKED POSITION (NOT PARKING LOT/DRIVEWAY),SIDESWIPE-SAME DIRECTION,STRAIGHT & GRADE,DAYLIGHT,0,0,0,1
26964840,CAMPBELL,,OTHR,110,KENTUCKY,DR,,39.07492789,-84.48100098,0.532,7/22/2020 0:00,649,2,2,0,0,O,CLEAR,WET,1,1 VEHICLE PARKED POSITION (NOT PARKING LOT/DRIVEWAY),SIDESWIPE-OPPOSITE DIRECTION,STRAIGHT & LEVEL,DARK-HWY LIGHTED/OFF,0,0,0,1
26995225,CAMPBELL,,OTHR,136,13TH,ST,W,39.08144483,-84.49001589,0.276,7/22/2020 0:00,1038,1,1,0,0,O,CLEAR,DRY,0,COLLISION WITH FIXED OBJECT NON - INTERSECTION - FIRST EVENT COLLISION 09 - 32 EXCLUDING 16,SINGLE VEHICLE,STRAIGHT & LEVEL,DAYLIGHT,0,0,0,1
26993948,CAMPBELL,,OTHR,,HIGHLAND,AVE,,39.07829392,-84.44922849,1.342,7/22/2020 0:00,1100,2,2,0,0,O,CLEAR,DRY,0,COLLISION WITH PARKED VEHICLE,SIDESWIPE-SAME DIRECTION,STRAIGHT & GRADE,DAYLIGHT,0,0,0,1
26995224,CAMPBELL,KY1120,StateRoute,,11TH,ST,W,39.08270361,-84.4936311,0.398,7/22/2020 0:00,1230,2,2,0,0,O,CLOUDY,DRY,0,ANGLE COLLISION - OTHER,ANGLE,STRAIGHT & LEVEL,DAYLIGHT,0,0,0,1
26964842,CAMPBELL,US0027,USRoute,,MONMOUTH,ST,,39.08722647,-84.48880228,21.57,7/22/2020 0:00,1040,2,2,0,0,O,CLEAR,DRY,0,SIDESWIPE-SAME DIRECTION,SIDESWIPE-SAME DIRECTION,STRAIGHT & LEVEL,DAYLIGHT,0,0,0,1
26969027,CAMPBELL,US0027,USRoute,,ALEXANDRIA,PIKE,,39.03044672,-84.45133718,16.26,7/22/2020 0:00,1458,2,2,0,0,O,RAINING,WET,1,OTHER INTERSECTION COLLISIONS,REAR END,STRAIGHT & LEVEL,DAYLIGHT,1,0,0,1
26980432,CAMPBELL,KY0008,StateRoute,,DAVE COWENS,DR,,39.1018112,-84.48868831,1.445,7/23/2020 0:00,1008,2,2,0,0,O,RAINING,WET,0,ANGLE COLLISION - OTHER,ANGLE,STRAIGHT & LEVEL,DAYLIGHT,0,0,0,1
26983411,CAMPBELL,,OTHR,50,RIDGEWOOD,DR,,38.95307813,-84.36378737,0.127,7/23/2020 0:00,1707,2,2,0,0,O,CLOUDY,DRY,1,COLLISION WITH PARKED VEHICLE,SIDESWIPE-SAME DIRECTION,STRAIGHT & LEVEL,DAYLIGHT,0,0,0,1
26986731,CAMPBELL,I 0471,Interstate,,I471 N,,,39.05188749,-84.46740706,0.654,7/23/2020 0:00,2035,1,1,0,0,O,RAINING,WET,0,COLLISION WITH FIXED OBJECT NON - INTERSECTION - FIRST EVENT COLLISION 09 - 32 EXCLUDING 16,SINGLE VEHICLE,STRAIGHT & LEVEL,DUSK,0,0,0,1
27020916,CAMPBELL,US0027,USRoute,,ALEXANDRIA,PIKE,,38.83452491,-84.36677314,0.9,7/23/2020 0:00,1410,1,1,0,0,O,RAINING,WET,0,RAN OFF ROADWAY (1 VEHICLE WITH/EARTH EMBANKMENT/DITCH),SINGLE VEHICLE,STRAIGHT & LEVEL,DAYLIGHT,0,0,0,1
26995229,CAMPBELL,,OTHR,,PARKVIEW,AVE,,39.08231198,-84.48334839,0.118,7/23/2020 0:00,744,2,2,0,0,O,CLEAR,DRY,0,1 VEHICLE PARKED POSITION (NOT PARKING LOT/DRIVEWAY),SIDESWIPE-SAME DIRECTION,CURVE & GRADE,DUSK,0,0,0,1
26981756,CAMPBELL,KY0009,StateRoute,,AA,HWY,,38.96633639,-84.35007686,9.181,7/23/2020 0:00,1700,2,2,0,0,O,CLEAR,DRY,0,1 VEHICLE PARKED POSITION (NOT PARKING LOT/DRIVEWAY),SIDESWIPE-SAME DIRECTION,STRAIGHT & LEVEL,DAYLIGHT,0,0,0,1
27013339,CAMPBELL,KY0008,StateRoute,25,FAIRFIELD,AVE,,39.10237158,-84.48800599,1.499,7/23/2020 0:00,1915,2,2,0,0,O,CLOUDY,DRY,0,OTHER ROADWAY OR MID-BLOCK COLLISION,REAR END,STRAIGHT & LEVEL,DAYLIGHT,0,0,0,1
26983379,CAMPBELL,US0027,USRoute,7525,ALEXANDRIA,PIKE,,38.98193877,-84.39665158,,7/23/2020 0:00,1254,2,2,0,0,O,CLOUDY,DRY,1,SIDESWIPE COLLISION - SAME DIRECTION,SIDESWIPE-SAME DIRECTION,STRAIGHT & LEVEL,DAYLIGHT,0,0,0,1
26981727,CAMPBELL,US0027,USRoute,317,MONMOUTH,ST,,39.09329919,-84.49508224,22.109,7/23/2020 0:00,1959,2,2,0,0,O,RAINING,WET,0,SIDESWIPE COLLISION - SAME DIRECTION,SIDESWIPE-SAME DIRECTION,STRAIGHT & LEVEL,DAYLIGHT,0,0,0,1
26982267,CAMPBELL,I 0471,Interstate,,I471 S,,,39.06735589,-84.46479067,1.845,7/23/2020 0:00,2048,2,2,0,0,O,RAINING,WET,0,REAR END IN TRAFFIC LANES BOTH VEHICLES MOVING,REAR END,CURVE & LEVEL,DUSK,0,0,0,1
27020055,CAMPBELL,I 0471,Interstate,,,,,39.08541377,-84.47461582,0.216,7/23/2020 0:00,1326,2,2,0,0,O,CLEAR,DRY,0,OTHER RAMP RELATED COLLISIONS NOT LISTED ABOVE,REAR END,CURVE & GRADE,DAYLIGHT,0,0,0,1
27013338,CAMPBELL,,OTHR,617,COVERT RUN,PIKE,,39.09979694,-84.4710824,0.49,7/24/2020 0:00,1246,2,2,0,0,O,CLEAR,DRY,0,REAR END IN TRAFFIC LANES BOTH VEHICLES MOVING,REAR END,STRAIGHT & GRADE,DAYLIGHT,0,0,0,1
27009961,CAMPBELL,I 0275,Interstate,,I275 E,,,39.03828088,-84.47010517,75.802,7/24/2020 0:00,1515,3,3,0,2,B,CLEAR,DRY,0,REAR END IN TRAFFIC LANES BOTH VEHICLES MOVING,REAR END,STRAIGHT & LEVEL,DAYLIGHT,0,0,0,1
26991251,CAMPBELL,US0027,USRoute,,ALEXANDRIA,PIKE,,39.03522089,-84.45413211,16.63,7/24/2020 0:00,1620,2,2,0,0,O,CLEAR,DRY,0,REAR END IN TRAFFIC LANES BOTH VEHICLES MOVING,REAR END,STRAIGHT & LEVEL,DAYLIGHT,0,0,0,1
26994277,CAMPBELL,,OTHR,2701,ELBLAINE,DR,,39.03431457,-84.45317282,0.04,7/24/2020 0:00,1540,2,2,0,0,O,CLEAR,DRY,0,1 VEHICLE ENTERING/LEAVING ENTRANCE,ANGLE,CURVE & LEVEL,DAYLIGHT,0,0,0,1
26996630,CAMPBELL,KY0547,StateRoute,,RILEY,RD,,38.96910953,-84.3730738,1.005,7/24/2020 0:00,1700,3,3,0,0,O,CLEAR,DRY,0,SIDESWIPE COLLISION - OPPOSITE DIRECTION,SIDESWIPE-OPPOSITE DIRECTION,CURVE & GRADE,DAYLIGHT,0,0,0,1
26989437,CAMPBELL,US0027,USRoute,,ALEXANDRIA,PIKE,,39.06736987,-84.46595274,19.663,7/24/2020 0:00,430,2,2,0,0,O,CLOUDY,DRY,0,SIDESWIPE COLLISION - SAME DIRECTION,SIDESWIPE-SAME DIRECTION,STRAIGHT & LEVEL,DUSK,0,0,0,1
26989435,CAMPBELL,I 0471,Interstate,,I471 S,,,39.05461722,-84.46948493,0.84,7/24/2020 0:00,947,2,2,0,0,O,CLEAR,DRY,0,SIDESWIPE COLLISION - SAME DIRECTION,SIDESWIPE-SAME DIRECTION,CURVE & LEVEL,DAYLIGHT,0,0,0,1
26989436,CAMPBELL,US0027,USRoute,,ALEXANDRIA,PIKE,,39.07079109,-84.4697233,20,7/24/2020 0:00,1724,2,2,0,0,O,CLEAR,DRY,0,OTHER ROADWAY OR MID-BLOCK COLLISION,OPPOSING LEFT TURN,STRAIGHT & GRADE,DAYLIGHT,0,0,0,1
27029638,CAMPBELL,KY0008,StateRoute,,MARY INGLES,HWY,,39.03861545,-84.39868004,10.303,7/24/2020 0:00,1150,2,2,0,1,B,CLEAR,DRY,0,OTHER ROADWAY OR MID-BLOCK COLLISION,REAR END,STRAIGHT & LEVEL,DAYLIGHT,0,0,0,1
26983845,CAMPBELL,KY1120,StateRoute,101,10TH,ST,E,39.08732498,-84.48865663,0.781,7/24/2020 0:00,902,2,2,0,0,O,CLEAR,DRY,0,VEHICLE BACKING NON INTERSECTION,BACKING,STRAIGHT & LEVEL,DAYLIGHT,0,0,0,1
27012202,CAMPBELL,,OTHR,200,CHESTNUT,WAY,,39.08923736,-84.49904415,0.064,7/24/2020 0:00,1400,2,2,0,0,O,CLEAR,DRY,0,VEHICLE BACKING NON INTERSECTION,BACKING,STRAIGHT & LEVEL,DAYLIGHT,0,0,0,1
26986136,CAMPBELL,,OTHR,,CLAY RIDGE,RD,,38.8435867,-84.43511965,3.827,7/24/2020 0:00,1215,1,1,0,0,O,CLEAR,DRY,0,COLLISION WITH FIXED OBJECT NON - INTERSECTION - FIRST EVENT COLLISION 09 - 32 EXCLUDING 16,SINGLE VEHICLE,STRAIGHT & HILLCREST,DAYLIGHT,0,0,0,1
26986736,CAMPBELL,KY1632,StateRoute,,MOOCK,RD,,39.05488435,-84.48656229,0.044,7/24/2020 0:00,1028,2,2,0,0,O,CLEAR,DRY,0,ANGLE COLLISION - OTHER,ANGLE,STRAIGHT & LEVEL,DAYLIGHT,0,0,0,1
26988792,CAMPBELL,KY0008,StateRoute,,WASHINGTON,AVE,,39.09681553,-84.49423009,0.907,7/25/2020 0:00,1820,2,2,0,0,O,CLEAR,DRY,0,SIDESWIPE-SAME DIRECTION,SIDESWIPE-SAME DIRECTION,STRAIGHT & GRADE,DAYLIGHT,0,0,0,1
27009964,CAMPBELL,,OTHR,,HIDDEN VALLEY,DR,,39.03523995,-84.45387083,0.006,7/25/2020 0:00,1437,2,2,0,0,O,CLEAR,DRY,0,VEHICLE BACKING IN INTERSECTION,BACKING,STRAIGHT & LEVEL,DAYLIGHT,1,0,0,1
26991252,CAMPBELL,KY0008,StateRoute,,MARY INGLES,HWY,,39.02580401,-84.3477185,13.205,7/25/2020 0:00,2035,2,2,0,0,O,CLEAR,DRY,0,ANGLE COLLISION - OTHER,ANGLE,STRAIGHT & LEVEL,DUSK,0,0,0,1
26989438,CAMPBELL,,OTHR,,TEMPLE,PL,,39.07135778,-84.4703395,0.07,7/25/2020 0:00,1156,2,1,0,0,O,CLEAR,DRY,0,COLLISION WITH BICYCLE IN INTERSECTION,SINGLE VEHICLE,STRAIGHT & GRADE,DAYLIGHT,1,1,0,0
27011352,CAMPBELL,KY1996,StateRoute,2757,CARTHAGE,RD,,38.9303589,-84.32936624,1.903,7/25/2020 0:00,1200,1,1,0,0,O,CLEAR,DRY,1,1 VEHICLE PARKED POSITION (NOT PARKING LOT/DRIVEWAY),SINGLE VEHICLE,STRAIGHT & GRADE,DAWN,0,0,0,1
26988551,CAMPBELL,US0027,USRoute,,ALEXANDRIA,PIKE,,38.86191715,-84.39084616,3.197,7/25/2020 0:00,1350,1,1,0,0,O,CLEAR,DRY,0,COLLISION WITH FIXED OBJECT NON - INTERSECTION - FIRST EVENT COLLISION 09 - 32 EXCLUDING 16,SINGLE VEHICLE,STRAIGHT & LEVEL,DAYLIGHT,0,0,0,1
27081271,CAMPBELL,,OTHR,405,DAYTON,PIKE,,39.10697862,-84.46345256,0.249,7/25/2020 0:00,2021,1,1,0,2,B,CLEAR,DRY,0,COLLISION WITH FIXED OBJECT NON - INTERSECTION - FIRST EVENT COLLISION 09 - 32 EXCLUDING 16,SINGLE VEHICLE,CURVE & GRADE,DAYLIGHT,0,0,0,1
27021253,CAMPBELL,,OTHR,,LICKING PIKE,,,39.0055823,-84.46087277,,7/25/2020 0:00,2315,1,1,0,0,O,CLEAR,DRY,0,COLLISION WITH FIXED OBJECT NON - INTERSECTION - FIRST EVENT COLLISION 09 - 32 EXCLUDING 16,SINGLE VEHICLE,CURVE & GRADE,DARK-HWY NOT LIGHTED,0,0,0,1
27009919,CAMPBELL,US0027,USRoute,8235,ALEXANDRIA,PIKE,,38.95480901,-84.39340226,9.848,7/25/2020 0:00,134,1,1,0,0,O,CLEAR,DRY,0,COLLISION WITH ANIMAL NON INTERSECTION,SINGLE VEHICLE,STRAIGHT & LEVEL,DARK-HWY NOT LIGHTED,0,0,0,1
27052465,CAMPBELL,,OTHR,929,OFALLON,AVE,,39.10650759,-84.47732071,0.278,7/25/2020 0:00,1343,2,2,0,0,O,CLEAR,DRY,0,OTHER COLLISIONS ON SHOULDER,BACKING,STRAIGHT & HILLCREST,DAYLIGHT,0,0,0,1
26990122,CAMPBELL,,OTHR,,BRIGHTON,ST,,39.08311772,-84.49795389,0.258,7/26/2020 0:00,1230,2,2,0,0,O,CLEAR,DRY,1,SIDESWIPE-SAME DIRECTION,SIDESWIPE-SAME DIRECTION,STRAIGHT & LEVEL,DAYLIGHT,0,0,0,1
26990724,CAMPBELL,,OTHR,,NEWPORT PAVILION,,,39.09267221,-84.48060276,0.004,7/26/2020 0:00,1900,2,2,0,0,O,CLEAR,DRY,0,OTHER INTERSECTION COLLISIONS,REAR END,CURVE & HILLCREST,DAYLIGHT,1,0,0,1
27018600,CAMPBELL,,OTHR,,HIGHLAND,AVE,,39.07529508,-84.45688488,0.882,7/27/2020 0:00,1530,2,2,0,0,O,CLEAR,DRY,0,REAR END IN TRAFFIC LANES BOTH VEHICLES MOVING,REAR END,CURVE & LEVEL,DAYLIGHT,0,0,0,1
26997358,CAMPBELL,,OTHR,262,BLUEGRASS,AVE,,39.07345107,-84.47798246,0.152,7/27/2020 0:00,1338,2,2,0,0,O,CLOUDY,DRY,0,1 VEHICLE ENTERING/LEAVING ENTRANCE,ANGLE,CURVE & HILLCREST,DAYLIGHT,0,0,0,1
27009966,CAMPBELL,US0027,USRoute,,ALEXANDRIA,PIKE,,39.03699781,-84.45399653,16.731,7/27/2020 0:00,1220,2,2,0,1,B,CLOUDY,DRY,0,ANGLE COLLISION - OTHER,ANGLE,STRAIGHT & LEVEL,DAYLIGHT,0,0,0,1
27024684,CAMPBELL,US0027,USRoute,4113,ALEXANDRIA,PIKE,,39.02138817,-84.43947814,15.348,7/27/2020 0:00,1925,1,1,0,1,B,CLOUDY,DRY,0,COLLISION WITH FIXED OBJECT NON - INTERSECTION - FIRST EVENT COLLISION 09 - 32 EXCLUDING 16,SINGLE VEHICLE,STRAIGHT & LEVEL,DAYLIGHT,0,0,0,1
26995113,CAMPBELL,,OTHR,57,KENTUCKY,DR,,39.07663619,-84.47906999,0.75,7/27/2020 0:00,557,3,3,0,0,O,CLEAR,DRY,0,1 VEHICLE PARKED POSITION (NOT PARKING LOT/DRIVEWAY),ANGLE,STRAIGHT & GRADE,DAWN,0,0,0,1
27014916,CAMPBELL,,OTHR,120,16TH,ST,,39.08124877,-84.48708742,0.006,7/28/2020 0:00,1718,1,1,0,0,O,CLOUDY,DRY,1,1 VEHICLE PARKED POSITION (NOT PARKING LOT/DRIVEWAY),SINGLE VEHICLE,STRAIGHT & LEVEL,DAYLIGHT,0,0,0,1
27053656,CAMPBELL,KY0008,StateRoute,5178,MARY INGLES,HWY,,39.03648471,-84.38935755,10.827,7/28/2020 0:00,1948,2,2,0,0,O,CLEAR,DRY,0,1 VEHICLE PARKED POSITION (NOT PARKING LOT/DRIVEWAY),REAR TO REAR,STRAIGHT & LEVEL,DAYLIGHT,0,0,0,1
27008653,CAMPBELL,KY1998,StateRoute,,INDUSTRIAL,RD,,39.03190223,-84.43754446,2.499,7/28/2020 0:00,628,1,1,0,1,C,CLOUDY,DRY,0,COLLISION WITH FIXED OBJECT NON - INTERSECTION - FIRST EVENT COLLISION 09 - 32 EXCLUDING 16,SINGLE VEHICLE,STRAIGHT & GRADE,DAWN,0,0,0,1
27010998,CAMPBELL,,OTHR,,12TH,ST,W,39.08334129,-84.48922966,0.053,7/28/2020 0:00,2300,1,1,0,0,O,CLEAR,DRY,0,COLLISION WITH FIXED OBJECT NON - INTERSECTION - FIRST EVENT COLLISION 09 - 32 EXCLUDING 16,SINGLE VEHICLE,STRAIGHT & LEVEL,DARK-HWY LIGHTED/ON,0,0,0,1
27011351,CAMPBELL,KY0008,StateRoute,,MARY INGLES,HWY,,39.0294624,-84.36152138,12.417,7/28/2020 0:00,921,1,1,0,0,O,CLEAR,DRY,0,RAN OFF ROADWAY (1 VEHICLE WITH/EARTH EMBANKMENT/DITCH),SINGLE VEHICLE,STRAIGHT & LEVEL,DAYLIGHT,0,0,0,1
27023047,CAMPBELL,US0027,USRoute,,ALEXANDRIA,PIKE,,39.06379925,-84.45455564,18.964,7/28/2020 0:00,1200,2,2,0,0,O,CLEAR,DRY,0,REAR END - ONE VEHICLE TURNING LEFT,REAR END,STRAIGHT & GRADE,DAYLIGHT,0,0,0,1
27012448,CAMPBELL,KY1892,StateRoute,,GRAND,AVE,N,39.07579654,-84.46261862,1.031,7/28/2020 0:00,1512,2,2,0,0,O,CLEAR,DRY,0,1 VEHICLE ENTERING/LEAVING ENTRANCE,ANGLE,STRAIGHT & GRADE,DAYLIGHT,0,0,0,1
27037730,CAMPBELL,,OTHR,,DODD,DR,,39.11465757,-84.47807997,0.359,7/28/2020 0:00,1300,2,2,0,0,O,CLEAR,DRY,1,1 VEHICLE ENTERING/LEAVING ENTRANCE,ANGLE,STRAIGHT & LEVEL,DAYLIGHT,0,0,0,1
27010743,CAMPBELL,KY0009,StateRoute,,AA,HWY,,39.02027209,-84.48129514,17.557,7/28/2020 0:00,1447,2,2,0,0,O,CLOUDY,DRY,0,REAR END IN TRAFFIC LANES BOTH VEHICLES MOVING,REAR END,STRAIGHT & LEVEL,DAYLIGHT,0,0,0,1
27040194,CAMPBELL,KY0009,StateRoute,,AA,HWY,,39.01969449,-84.48134421,17.519,7/29/2020 0:00,1511,2,2,0,0,O,CLEAR,DRY,0,REAR END IN TRAFFIC LANES BOTH VEHICLES MOVING,REAR END,STRAIGHT & LEVEL,DAYLIGHT,0,0,0,1
27022485,CAMPBELL,KY1120,StateRoute,,MEMORIAL,PKWY,,39.09086994,-84.45696663,2.869,7/29/2020 0:00,1300,2,2,0,0,O,CLEAR,DRY,0,REAR END IN TRAFFIC LANES BOTH VEHICLES MOVING,REAR END,STRAIGHT & LEVEL,DAYLIGHT,0,0,0,1
27021022,CAMPBELL,KY0915,StateRoute,,LICKING,PIKE,,38.93789288,-84.40963742,1.793,7/29/2020 0:00,1340,2,2,0,0,O,CLEAR,DRY,0,1 VEHICLE ENTERING/LEAVING ENTRANCE,ANGLE,STRAIGHT & LEVEL,DAYLIGHT,0,0,0,1
27014930,CAMPBELL,KY1120,StateRoute,101,10TH,ST,E,39.08730502,-84.48868828,0.782,7/29/2020 0:00,1604,2,2,0,0,O,CLEAR,DRY,0,OTHER ROADWAY OR MID-BLOCK COLLISION,REAR END,STRAIGHT & LEVEL,DAYLIGHT,0,0,0,1
27030456,CAMPBELL,KY0009,StateRoute,,LICKING,PIKE,,39.02420647,-84.48067066,17.859,7/29/2020 0:00,1526,2,2,0,0,O,CLEAR,DRY,0,OTHER ROADWAY OR MID-BLOCK COLLISION,REAR END,STRAIGHT & LEVEL,DAYLIGHT,0,0,0,1
27016279,CAMPBELL,KY1120,StateRoute,,10TH,ST,E,39.0926768,-84.48059149,1.374,7/29/2020 0:00,1808,2,2,0,2,B,CLEAR,DRY,0,OPPOSING LEFT TURN,OPPOSING LEFT TURN,STRAIGHT & GRADE,DAYLIGHT,0,0,0,1
27159566,CAMPBELL,US0027,USRoute,,ALEXANDRIA,PIKE,,38.95768399,-84.39306247,10.044,7/29/2020 0:00,245,2,2,0,0,O,CLEAR,DRY,0,OPPOSING LEFT TURN,OPPOSING LEFT TURN,STRAIGHT & LEVEL,DARK-HWY LIGHTED/ON,0,0,0,1
27020914,CAMPBELL,KY0536,StateRoute,,CREEKTRACE,RD,,38.92441141,-84.43973518,0.58,7/29/2020 0:00,2037,1,1,0,0,O,CLEAR,DRY,0,COLLISION WITH ANIMAL NON INTERSECTION,SINGLE VEHICLE,STRAIGHT & LEVEL,DUSK,0,0,0,1
27034179,CAMPBELL,,OTHR,,6TH,ST,E,39.09283898,-84.49114737,0.519,7/29/2020 0:00,1440,2,2,0,0,O,CLEAR,DRY,1,1 VEHICLE PARKED POSITION (NOT PARKING LOT/DRIVEWAY),BACKING,,DAYLIGHT,0,0,0,1
27021324,CAMPBELL,I 0471,Interstate,,,,,39.0826575,-84.46995075,0.021,7/30/2020 0:00,2030,1,1,0,0,O,CLOUDY,WET,0,COLLISION WITH FIXED OBJECT NOT IN GORE ,SINGLE VEHICLE,CURVE & LEVEL,DAYLIGHT,0,0,0,1
27060568,CAMPBELL,US0027,USRoute,,ALEXANDRIA,PIKE,,39.02512115,-84.44499826,15.74,7/30/2020 0:00,2320,1,1,0,0,O,CLOUDY,WET,0,COLLISION WITH FIXED OBJECT NON - INTERSECTION - FIRST EVENT COLLISION 09 - 32 EXCLUDING 16,SINGLE VEHICLE,STRAIGHT & LEVEL,DARK-HWY LIGHTED/ON,0,0,0,1
27074748,CAMPBELL,KY0709,StateRoute,,ALEXANDRIA,PIKE,E,38.98673983,-84.39723143,0.304,7/30/2020 0:00,1657,3,3,0,2,B,RAINING,WET,0,OTHER INTERSECTION COLLISIONS,REAR END,CURVE & HILLCREST,DAYLIGHT,1,0,0,1
27021252,CAMPBELL,KY0009,StateRoute,,AA,HWY,,38.91530045,-84.28453089,4.09,7/30/2020 0:00,515,1,1,0,0,O,CLOUDY,DRY,0,COLLISION WITH ANIMAL IN INTERSECTION,SINGLE VEHICLE,STRAIGHT & LEVEL,DARK-HWY NOT LIGHTED,1,0,0,1
27020031,CAMPBELL,KY1120,StateRoute,,11TH,ST,W,39.08403104,-84.49126958,0.556,7/30/2020 0:00,1212,2,2,0,0,O,RAINING,WET,0,OTHER ROADWAY OR MID-BLOCK COLLISION,REAR END,STRAIGHT & LEVEL,DAYLIGHT,0,0,0,1
27030452,CAMPBELL,I 0275,Interstate,,I275 E,,,39.02260847,-84.48925244,77.575,7/30/2020 0:00,1119,1,1,0,0,O,RAINING,WET,0,OTHER ROADWAY OR MID-BLOCK COLLISION,SINGLE VEHICLE,STRAIGHT & GRADE,DAYLIGHT,0,0,0,1
27022320,CAMPBELL,I 0471,Interstate,,I471 N,,,39.05147971,-84.46667635,0.604,7/30/2020 0:00,1115,2,2,0,0,O,RAINING,WET,0,SIDESWIPE COLLISION - SAME DIRECTION,SIDESWIPE-SAME DIRECTION,CURVE & GRADE,DAYLIGHT,0,0,0,1
27023297,CAMPBELL,I 0471,Interstate,,I471 N,,,39.05216113,-84.46745562,0.67,7/30/2020 0:00,1958,2,2,0,0,O,RAINING,WET,0,SIDESWIPE COLLISION - SAME DIRECTION,SIDESWIPE-SAME DIRECTION,CURVE & GRADE,DAYLIGHT,0,0,0,1
27023298,CAMPBELL,I 0471,Interstate,,I471 S,,,39.05599837,-84.46961806,0.936,7/30/2020 0:00,1330,3,3,0,2,A,RAINING,WET,0,SIDESWIPE COLLISION - SAME DIRECTION,SIDESWIPE-SAME DIRECTION,STRAIGHT & LEVEL,DAYLIGHT,0,0,0,1
27021971,CAMPBELL,I 0471,Interstate,,I471 N,,,39.05290095,-84.46844967,0.744,7/30/2020 0:00,1609,1,1,0,0,O,RAINING,WET,0,OTHER COLLISIONS ON SHOULDER,SINGLE VEHICLE,CURVE & LEVEL,DAYLIGHT,0,0,0,1
27022482,CAMPBELL,KY1632,StateRoute,,KY1632 TURN LANE,,,39.06829375,-84.4667803,0.011,7/30/2020 0:00,747,2,2,0,0,O,CLEAR,DRY,0,REAR END IN TRAFFIC LANES BOTH VEHICLES MOVING,REAR END,CURVE & LEVEL,DAYLIGHT,0,0,0,1
27033132,CAMPBELL,I 0275,Interstate,,I275 E,,,39.0372832,-84.470106,75.871,7/30/2020 0:00,1404,2,2,0,1,C,RAINING,WET,0,REAR END IN TRAFFIC LANES BOTH VEHICLES MOVING,REAR END,STRAIGHT & LEVEL,DAYLIGHT,0,0,0,1
27028530,CAMPBELL,KY0009,StateRoute,,AA,HWY,,39.00804148,-84.46032979,16.056,7/31/2020 0:00,1148,2,2,0,0,O,CLOUDY,DRY,0,REAR END IN TRAFFIC LANES BOTH VEHICLES MOVING,REAR END,STRAIGHT & GRADE,DAYLIGHT,0,0,0,1
27025607,CAMPBELL,,OTHR,,PARKLAKE,RD,,38.87655066,-84.37549643,1.601,7/31/2020 0:00,2002,1,1,0,0,O,CLOUDY,DRY,0,OTHER COLLISIONS ON SHOULDER,SINGLE VEHICLE,STRAIGHT & LEVEL,DAYLIGHT,0,0,0,1
27025608,CAMPBELL,KY1998,StateRoute,,POOLES CREEK,RD,,39.01324119,-84.46626098,,7/31/2020 0:00,1657,2,2,0,0,O,CLEAR,DRY,0,VEHICLE BACKING NON INTERSECTION,BACKING,STRAIGHT & LEVEL,DAYLIGHT,0,0,0,1
27025604,CAMPBELL,,OTHR,,POPLAR RIDGE,RD,,38.98619778,-84.37498931,0.669,7/31/2020 0:00,1459,2,2,0,0,O,CLEAR,DRY,0,VEHICLE BACKING NON INTERSECTION,BACKING,STRAIGHT & GRADE,DAYLIGHT,0,0,0,1
27024968,CAMPBELL,,OTHR,,3RD,ST,W,39.09326102,-84.49715251,,7/31/2020 0:00,1707,2,2,0,0,O,CLEAR,DRY,1,VEHICLE BACKING IN INTERSECTION,BACKING,STRAIGHT & LEVEL,DAYLIGHT,1,0,0,1
27025015,CAMPBELL,KY1892,StateRoute,,CAROTHERS,RD,,39.08637714,-84.47724187,2.152,7/31/2020 0:00,1900,2,2,0,0,O,CLOUDY,DRY,1,SIDESWIPE-SAME DIRECTION,SIDESWIPE-SAME DIRECTION,CURVE & LEVEL,DAYLIGHT,0,0,0,1