IncidentID,County,RdwyNumber,RdwyType,Street,RoadwayName,StreetSfx,StreetDir,Latitude,Longitude,Milepoint,CollisionDate,CollisionTime,UnitsInvolved,MotorVehiclesInvolved,NumberKilled,NumberInjured,KABCO,Weather,RdwyConditionCode,HitandRun,DirAnalysisCode,MannerofCollision,RdwyCharacter,LightCondition,Intersection Crash,Bicyclist,Pedestrian,Motor Vehicles
27021534,CAMPBELL,,OTHR,,9TH,ST,E,39.08978833,-84.48755823,0.465,7/31/2020 0:00,15,2,2,0,0,O,CLEAR,DRY,0,1 VEHICLE PARKED POSITION (NOT PARKING LOT/DRIVEWAY),SIDESWIPE-SAME DIRECTION,STRAIGHT & LEVEL,DARK-HWY LIGHTED/ON,0,0,0,1
27059750,CAMPBELL,I 0275,Interstate,,,,,39.02384885,-84.48255743,0.187,7/31/2020 0:00,303,1,1,0,0,O,CLEAR,DRY,0,COLLISION WITH FIXED OBJECT NOT IN GORE ,SINGLE VEHICLE,CURVE & HILLCREST,DARK-HWY LIGHTED/ON,0,0,0,1
27026937,CAMPBELL,KY0009,StateRoute,,ALEXANDRIA PIKE,,,39.00344144,-84.42304135,0.545,8/1/2020 0:00,945,2,2,0,0,O,CLEAR,DRY,0,OTHER RAMP RELATED COLLISIONS NOT LISTED ABOVE,REAR END,STRAIGHT & LEVEL,DAYLIGHT,0,0,0,1
27026935,CAMPBELL,,OTHR,266,RIDGEPOINTE,DR,,39.00514857,-84.45524564,0.675,8/1/2020 0:00,859,3,3,0,0,O,CLEAR,DRY,0,1 VEHICLE PARKED POSITION (NOT PARKING LOT/DRIVEWAY),REAR END,STRAIGHT & LEVEL,DAYLIGHT,0,0,0,1
27034216,CAMPBELL,KY0008,StateRoute,,MARY INGLES,HWY,,39.0369224,-84.39108839,,8/1/2020 0:00,2310,2,2,0,0,O,CLOUDY,DRY,0,1 VEHICLE PARKED POSITION (NOT PARKING LOT/DRIVEWAY),BACKING,CURVE & GRADE,DARK-HWY LIGHTED/ON,0,0,0,1
27031912,CAMPBELL,,OTHR,78,SOUTHVIEW,AVE,,39.06349758,-84.45195623,0.204,8/1/2020 0:00,1625,1,1,0,0,O,RAINING,WET,0,COLLISION WITH FIXED OBJECT NON - INTERSECTION - FIRST EVENT COLLISION 09 - 32 EXCLUDING 16,SINGLE VEHICLE,CURVE & LEVEL,DAYLIGHT,0,0,0,1
27031427,CAMPBELL,I 0471,Interstate,,I471 S,,,39.05306359,-84.46885721,0.726,8/1/2020 0:00,1737,1,1,0,0,O,RAINING,WET,0,COLLISION WITH FIXED OBJECT NON - INTERSECTION - FIRST EVENT COLLISION 09 - 32 EXCLUDING 16,SINGLE VEHICLE,CURVE & LEVEL,DAYLIGHT,0,0,0,1
27034218,CAMPBELL,,OTHR,,LICKING,PIKE,S,38.88993801,-84.38641631,0.011,8/1/2020 0:00,1400,2,2,0,0,O,CLOUDY,DRY,0,OTHER INTERSECTION COLLISIONS,REAR END,STRAIGHT & LEVEL,DAYLIGHT,1,0,0,1
27027938,CAMPBELL,,OTHR,,PARK,AVE,,39.09797804,-84.49285006,0.35,8/1/2020 0:00,1900,2,2,0,0,O,RAINING,WET,0,OTHER INTERSECTION COLLISIONS,REAR END,STRAIGHT & GRADE,DAYLIGHT,1,0,0,1
27031426,CAMPBELL,I 0471,Interstate,,I471 S,,,39.07248391,-84.46395887,2.222,8/1/2020 0:00,1622,2,2,0,0,O,RAINING,WET,0,1 VEHICLE ENTERING/LEAVING ENTRANCE,ANGLE,STRAIGHT & LEVEL,DAYLIGHT,0,0,0,1
27028566,CAMPBELL,KY0915,StateRoute,,LICKING,PIKE,,38.99172206,-84.43713628,7.343,8/1/2020 0:00,1741,2,2,0,2,C,CLEAR,WET,1,SIDESWIPE COLLISION - OPPOSITE DIRECTION,SIDESWIPE-OPPOSITE DIRECTION,CURVE & GRADE,DAYLIGHT,0,0,0,1
27047768,CAMPBELL,KY1120,StateRoute,200,11TH,ST,W,39.08282849,-84.49341584,0.414,8/1/2020 0:00,1200,2,2,0,0,O,CLEAR,DRY,0,OTHER ROADWAY OR MID-BLOCK COLLISION,REAR END,STRAIGHT & LEVEL,DAYLIGHT,0,0,0,1
27031911,CAMPBELL,I 0471,Interstate,,I471 N,,,39.05373291,-84.4689479,0.805,8/1/2020 0:00,1622,1,1,0,0,O,RAINING,WET,0,OTHER ROADWAY OR MID-BLOCK COLLISION,SINGLE VEHICLE,CURVE & GRADE,DAYLIGHT,0,0,0,1
27031914,CAMPBELL,US0027,USRoute,,ALEXANDRIA,PIKE,,39.06511017,-84.46371843,19.453,8/1/2020 0:00,1535,2,2,0,0,O,CLEAR,DRY,1,REAR END IN TRAFFIC LANES BOTH VEHICLES MOVING,REAR END,STRAIGHT & LEVEL,DAYLIGHT,0,0,0,1
27028559,CAMPBELL,KY0009,StateRoute,,AA,HWY,,38.98076866,-84.3738127,10.832,8/1/2020 0:00,1346,2,2,0,0,O,RAINING,WET,1,REAR END IN TRAFFIC LANES BOTH VEHICLES MOVING,REAR END,STRAIGHT & GRADE,DAYLIGHT,0,0,0,1
27041853,CAMPBELL,US0027,USRoute,,ALEXANDRIA,PIKE,,39.06435444,-84.45598669,19.051,8/2/2020 0:00,50,1,1,0,0,O,CLEAR,DRY,0,OTHER COLLISIONS ON SHOULDER,SINGLE VEHICLE,CURVE & GRADE,DARK (UNKNOWN ROADWAY LIGHTING),0,0,0,1
27028531,CAMPBELL,KY2345,StateRoute,,MARTHA L COLLINS,BLVD,,39.02605489,-84.45436113,0.278,8/2/2020 0:00,145,2,2,0,0,O,CLOUDY,WET,0,OTHER ROADWAY OR MID-BLOCK COLLISION,OPPOSING LEFT TURN,CURVE & LEVEL,DARK-HWY LIGHTED/ON,0,0,0,1
27031071,CAMPBELL,KY0009,StateRoute,701,CENTRAL,AVE,,39.08834131,-84.49674917,22.864,8/2/2020 0:00,1252,2,2,0,0,O,CLOUDY,DRY,1,SIDESWIPE COLLISION - SAME DIRECTION,SIDESWIPE-SAME DIRECTION,STRAIGHT & LEVEL,DAYLIGHT,0,0,0,1
27054930,CAMPBELL,,OTHR,,WARD,AVE,,39.10623689,-84.47949796,0.344,8/2/2020 0:00,2212,2,2,0,1,A,CLEAR,DRY,0,COLLISION WITH PARKED VEHICLE,SIDESWIPE-OPPOSITE DIRECTION,STRAIGHT & LEVEL,DARK-HWY NOT LIGHTED,0,0,0,1
27065960,CAMPBELL,KY1120,StateRoute,1100,11TH,ST,W,39.08230457,-84.49439775,0.349,8/2/2020 0:00,1130,2,2,0,0,O,CLOUDY,DRY,1,1 VEHICLE PARKED POSITION (NOT PARKING LOT/DRIVEWAY),REAR END,STRAIGHT & LEVEL,DAYLIGHT,0,0,0,1
27029639,CAMPBELL,I 0275,Interstate,,,,,39.04671641,-84.46494393,0.297,8/2/2020 0:00,736,1,1,0,0,O,RAINING,WET,0,COLLISION WITH FIXED OBJECT NOT IN GORE ,SINGLE VEHICLE,CURVE & GRADE,DAYLIGHT,0,0,0,1
27035535,CAMPBELL,,OTHR,323,LINDSEY,ST,,39.08420021,-84.49606385,0.209,8/3/2020 0:00,1950,2,2,0,0,O,CLOUDY,WET,1,1 VEHICLE PARKED POSITION (NOT PARKING LOT/DRIVEWAY),SIDESWIPE-SAME DIRECTION,STRAIGHT & LEVEL,DAYLIGHT,0,0,0,1
27033032,CAMPBELL,US0027,USRoute,,ALEXANDRIA,PIKE,,39.00161261,-84.42114217,13.685,8/3/2020 0:00,516,1,1,0,0,O,CLOUDY,DRY,0,COLLISION WITH ANIMAL NON INTERSECTION,SINGLE VEHICLE,STRAIGHT & LEVEL,DARK-HWY LIGHTED/ON,0,0,0,1
27034177,CAMPBELL,US0027,USRoute,,YORK,ST,,39.08744603,-84.4918329,21.81,8/3/2020 0:00,1149,2,2,0,0,O,CLEAR,DRY,0,ANGLE COLLISION - OTHER,ANGLE,STRAIGHT & LEVEL,DAYLIGHT,0,0,0,1
27062635,CAMPBELL,US0027,USRoute,,MONMOUTH,ST,,39.08098555,-84.48178562,20.977,8/3/2020 0:00,850,2,2,0,0,O,CLEAR,DRY,0,ANGLE COLLISION - ONE VEHICLE TURNING LEFT,ANGLE,STRAIGHT & LEVEL,DAYLIGHT,0,0,0,1
27037725,CAMPBELL,,OTHR,,WASHINGTON,AVE,,39.08842012,-84.48667031,0.611,8/3/2020 0:00,1736,2,2,0,0,O,CLEAR,DRY,0,OPPOSITE DIRECTION - BOTH VEHICLES GOING STRAIGHT AHEAD,SIDESWIPE-OPPOSITE DIRECTION,STRAIGHT & LEVEL,DAYLIGHT,0,0,0,1
27062634,CAMPBELL,KY1892,StateRoute,,GRAND,AVE,,39.08554405,-84.47487452,1.98,8/3/2020 0:00,1207,2,2,0,0,O,CLEAR,DRY,0,REAR END IN TRAFFIC LANES BOTH VEHICLES MOVING,REAR END,STRAIGHT & LEVEL,DAYLIGHT,0,0,0,1
27037441,CAMPBELL,US0027,USRoute,4113,ALEXANDRIA,PIKE,,39.02130233,-84.43911918,15.33,8/3/2020 0:00,1550,2,2,0,0,O,CLEAR,DRY,0,REAR END IN TRAFFIC LANES BOTH VEHICLES MOVING,REAR END,STRAIGHT & LEVEL,DAYLIGHT,0,0,0,1
27041850,CAMPBELL,US0027,USRoute,,ALEXANDRIA,PIKE,,39.05762133,-84.45007635,18.398,8/3/2020 0:00,1402,2,2,0,1,B,CLEAR,DRY,0,REAR END IN TRAFFIC LANES BOTH VEHICLES MOVING,REAR END,STRAIGHT & LEVEL,DAYLIGHT,0,0,0,1
27095652,CAMPBELL,,OTHR,,WILSON,RD,,39.09265834,-84.47520698,0.151,8/4/2020 0:00,1111,2,2,0,0,O,CLEAR,DRY,0,ANGLE COLLISION - OTHER,ANGLE,STRAIGHT & LEVEL,DAYLIGHT,0,0,0,1
27046757,CAMPBELL,,OTHR,,ASH,ST,,39.03690376,-84.39413757,0.05,8/4/2020 0:00,1300,1,1,0,0,O,CLEAR,MUD-DIRT,0,COLLISION WITH FIXED OBJECT NON - INTERSECTION - FIRST EVENT COLLISION 09 - 32 EXCLUDING 16,SINGLE VEHICLE,STRAIGHT & LEVEL,DAYLIGHT,0,0,0,1
27043122,CAMPBELL,,OTHR,420,COLUMBIA,ST,,39.09125663,-84.49741888,0.232,8/4/2020 0:00,1040,2,2,0,0,O,CLEAR,DRY,0,1 VEHICLE PARKED POSITION (NOT PARKING LOT/DRIVEWAY),SIDESWIPE-SAME DIRECTION,STRAIGHT & LEVEL,DAYLIGHT,0,0,0,1
27046758,CAMPBELL,KY0008,StateRoute,,MARY INGLES,HWY,,39.02783634,-84.35365518,,8/5/2020 0:00,1139,1,1,0,0,O,CLEAR,DRY,0,RAN OFF ROADWAY (1 VEHICLE WITH/EARTH EMBANKMENT/DITCH),SINGLE VEHICLE,STRAIGHT & LEVEL,DAYLIGHT,0,0,0,1
27076053,CAMPBELL,KY0009,StateRoute,,AA,HWY,,39.00984826,-84.46913955,16.533,8/5/2020 0:00,1838,2,2,0,0,O,CLEAR,DRY,0,OTHER INTERSECTION COLLISIONS,REAR END,STRAIGHT & LEVEL,DAYLIGHT,1,0,0,1
27049320,CAMPBELL,I 0275,Interstate,,I275 E,,,39.02936113,-84.4716366,76.44,8/5/2020 0:00,1630,2,2,0,0,O,CLEAR,DRY,0,HEAD-ON COLLISION,HEAD ON,STRAIGHT & GRADE,DAYLIGHT,0,0,0,1
27186147,CAMPBELL,,OTHR,,WALNUT,ST,,39.1113251,-84.4798551,0.497,8/5/2020 0:00,1805,3,3,0,0,O,CLEAR,DRY,1,1 VEHICLE PARKED POSITION (NOT PARKING LOT/DRIVEWAY),BACKING,STRAIGHT & LEVEL,DAYLIGHT,0,0,0,1
27050566,CAMPBELL,,OTHR,,HIGHLAND,AVE,,39.07576284,-84.46202032,0.507,8/6/2020 0:00,1840,2,2,0,0,O,CLEAR,DRY,0,SIDESWIPE COLLISION - SAME DIRECTION,SIDESWIPE-SAME DIRECTION,STRAIGHT & LEVEL,DAYLIGHT,0,0,0,1
27045868,CAMPBELL,I 0471,Interstate,,I471 N,,,39.05216345,-84.46767138,0.678,8/6/2020 0:00,703,2,2,0,0,O,CLOUDY,DRY,0,SIDESWIPE COLLISION - SAME DIRECTION,SIDESWIPE-SAME DIRECTION,CURVE & GRADE,DAYLIGHT,0,0,0,1
27047537,CAMPBELL,US0027,USRoute,,ALEXANDRIA,PIKE,,39.03391004,-84.45329639,16.521,8/6/2020 0:00,930,2,2,0,0,O,CLEAR,DRY,0,OTHER ROADWAY OR MID-BLOCK COLLISION,OPPOSING LEFT TURN,STRAIGHT & GRADE,DAYLIGHT,0,0,0,1
27047769,CAMPBELL,KY1120,StateRoute,402,10TH,ST,E,39.08945029,-84.48485095,1.073,8/6/2020 0:00,820,2,2,0,0,O,CLEAR,DRY,1,REAR END IN TRAFFIC LANES BOTH VEHICLES MOVING,REAR END,STRAIGHT & LEVEL,DAYLIGHT,0,0,0,1
27061497,CAMPBELL,US0027,USRoute,2611,ALEXANDRIA,PIKE,,39.03694299,-84.45403291,16.731,8/6/2020 0:00,914,2,2,0,4,B,CLOUDY,DRY,0,OPPOSING LEFT TURN,OPPOSING LEFT TURN,STRAIGHT & LEVEL,DAYLIGHT,0,0,0,1
27062186,CAMPBELL,US0027,USRoute,,ALEXANDRIA,PIKE,,38.97355027,-84.39223624,11.158,8/6/2020 0:00,1533,2,2,0,0,O,CLEAR,DRY,0,OTHER INTERSECTION COLLISIONS,REAR END,STRAIGHT & LEVEL,DAYLIGHT,1,0,0,1
27059928,CAMPBELL,,OTHR,176,TREMONT,AVE,,39.07237699,-84.45192155,0.059,8/6/2020 0:00,1236,2,2,0,0,O,CLEAR,DRY,0,1 VEHICLE PARKED POSITION (NOT PARKING LOT/DRIVEWAY),BACKING,STRAIGHT & GRADE,DAYLIGHT,0,0,0,1
27047535,CAMPBELL,I 0471,Interstate,,,,,39.08542617,-84.47532497,0.029,8/6/2020 0:00,548,1,1,0,0,O,CLEAR,DRY,0,OTHER RAMP RELATED COLLISIONS NOT LISTED ABOVE,SINGLE VEHICLE,STRAIGHT & HILLCREST,DARK-HWY LIGHTED/ON,0,0,0,1
27053641,CAMPBELL,I 0275,Interstate,,,,,39.0507679,-84.46648945,0.008,8/7/2020 0:00,1728,1,1,0,0,O,CLEAR,DRY,0,OTHER RAMP RELATED COLLISIONS NOT LISTED ABOVE,SINGLE VEHICLE,STRAIGHT & LEVEL,DAYLIGHT,0,0,0,1
27065786,CAMPBELL,I 0471,Interstate,5,I471 S,,,39.09824387,-84.49094942,0.121,8/7/2020 0:00,530,1,1,0,0,O,CLEAR,DRY,0,COLLISION WITH FIXED OBJECT NOT IN GORE ,SINGLE VEHICLE,CURVE & GRADE,DARK-HWY LIGHTED/ON,0,0,0,1
27061500,CAMPBELL,KY3490,StateRoute,146,JOHNS HILL,RD,,39.03071283,-84.45454717,0.396,8/7/2020 0:00,1830,1,1,0,0,O,CLEAR,DRY,0,COLLISION WITH FIXED OBJECT NON - INTERSECTION - FIRST EVENT COLLISION 09 - 32 EXCLUDING 16,SINGLE VEHICLE,STRAIGHT & HILLCREST,DAYLIGHT,0,0,0,1
27095139,CAMPBELL,,OTHR,120,MAIN,ST,,39.08069299,-84.4870272,0.379,8/7/2020 0:00,1008,2,1,0,0,O,CLEAR,DRY,0,1 VEHICLE PARKED POSITION (NOT PARKING LOT/DRIVEWAY),SIDESWIPE-SAME DIRECTION,STRAIGHT & LEVEL,DAYLIGHT,0,0,0,1
27065788,CAMPBELL,,OTHR,,MONROE,ST,,39.09398371,-84.48860622,0.372,8/7/2020 0:00,843,3,3,0,0,O,CLEAR,DRY,0,1 VEHICLE PARKED POSITION (NOT PARKING LOT/DRIVEWAY),ANGLE,STRAIGHT & LEVEL,DAYLIGHT,0,0,0,1
27052402,CAMPBELL,,OTHR,1000,MAPLE,ST,,39.10684251,-84.47375531,0.157,8/7/2020 0:00,1335,2,2,0,0,O,CLOUDY,DRY,0,1 VEHICLE PARKED POSITION (NOT PARKING LOT/DRIVEWAY),HEAD ON,STRAIGHT & LEVEL,DAYLIGHT,0,0,0,1
27091687,CAMPBELL,I 0471,Interstate,4,I471 N,,,39.09707396,-84.48407595,4.295,8/7/2020 0:00,800,2,2,0,0,O,CLEAR,DRY,0,COLLISION WITH ANIMAL NON INTERSECTION,ANGLE,STRAIGHT & LEVEL,DAYLIGHT,0,0,0,1
27051457,CAMPBELL,US0027,USRoute,,ALEXANDRIA,PIKE,,39.07136869,-84.47036496,20.052,8/7/2020 0:00,653,2,2,0,1,C,CLEAR,DRY,0,ANGLE COLLISION - OTHER,ANGLE,STRAIGHT & HILLCREST,DAYLIGHT,0,0,0,1
27069311,CAMPBELL,,OTHR,,5TH,ST,E,39.09239027,-84.49427209,,8/7/2020 0:00,1437,5,1,2,4,K,CLOUDY,DRY,0,COLLISION WITH FIXED OBJECT IN INTERSECTION - FIRST EVENT COLLISION 09 - 32,SINGLE VEHICLE,STRAIGHT & LEVEL,DAYLIGHT,1,0,0,1
27162774,CAMPBELL,KY0008,StateRoute,432,6TH,AVE,,39.11218626,-84.47436798,2.515,8/7/2020 0:00,1351,2,2,0,0,O,CLOUDY,DRY,0,1 VEHICLE PARKED POSITION (NOT PARKING LOT/DRIVEWAY),SIDESWIPE-SAME DIRECTION,STRAIGHT & LEVEL,DAYLIGHT,0,0,0,1
27061499,CAMPBELL,US0027,USRoute,,ALEXANDRIA,PIKE,,39.03876989,-84.45023575,16.961,8/7/2020 0:00,1340,2,2,0,2,B,CLEAR,DRY,0,1 VEHICLE ENTERING/LEAVING ENTRANCE,ANGLE,STRAIGHT & LEVEL,DAYLIGHT,0,0,0,1
27054409,CAMPBELL,KY0009,StateRoute,,AA,HWY,,39.00191314,-84.41942765,13.794,8/7/2020 0:00,1709,2,2,0,0,O,CLEAR,DRY,0,SIDESWIPE COLLISION - SAME DIRECTION,SIDESWIPE-SAME DIRECTION,STRAIGHT & GRADE,DAYLIGHT,0,0,0,1
27059927,CAMPBELL,I 0471,Interstate,,I471 S,,,39.09956858,-84.49295656,4.811,8/8/2020 0:00,1000,1,1,0,0,O,CLEAR,DRY,0,OTHER ROADWAY OR MID-BLOCK COLLISION,SINGLE VEHICLE,STRAIGHT & LEVEL,DAYLIGHT,0,0,0,1
27057434,CAMPBELL,,OTHR,900,FORBES,ALY,,39.08793716,-84.48892482,0.062,8/8/2020 0:00,1519,2,2,0,0,O,CLEAR,DRY,0,VEHICLE BACKING NON INTERSECTION,BACKING,STRAIGHT & GRADE,DAYLIGHT,0,0,0,1
27053725,CAMPBELL,KY0008,StateRoute,,4TH,ST,E,39.09231639,-84.49615972,0.547,8/8/2020 0:00,45,2,2,0,2,C,CLEAR,DRY,1,1 VEHICLE ENTERING/LEAVING ENTRANCE,ANGLE,STRAIGHT & LEVEL,DARK-HWY LIGHTED/ON,0,0,0,1
27058947,CAMPBELL,I 0275,Interstate,,I275 W,,,39.02624975,-84.47605529,76.79,8/8/2020 0:00,2106,1,1,0,0,O,CLEAR,DRY,0,OTHER COLLISIONS ON SHOULDER,SINGLE VEHICLE,CURVE & GRADE,DARK-HWY LIGHTED/ON,0,0,0,1
27069809,CAMPBELL,KY1632,StateRoute,,KY1632 TURN LANE,,,39.06826912,-84.46657715,0.023,8/8/2020 0:00,1515,2,2,0,0,O,CLEAR,DRY,0,OTHER INTERSECTION COLLISIONS,REAR END,CURVE & HILLCREST,DAYLIGHT,1,0,0,1
27089300,CAMPBELL,,OTHR,15,CAROL,CT,,39.09653201,-84.45401644,0.03,8/8/2020 0:00,1127,2,2,0,0,O,CLEAR,DRY,1,1 VEHICLE PARKED POSITION (NOT PARKING LOT/DRIVEWAY),BACKING,STRAIGHT & GRADE,DAYLIGHT,0,0,0,1
27057432,CAMPBELL,I 0471,Interstate,,I471 S,,,39.09513794,-84.48115778,4.061,8/8/2020 0:00,722,1,1,0,0,O,CLEAR,DRY,0,COLLISION WITH ANIMAL NON INTERSECTION,SINGLE VEHICLE,STRAIGHT & GRADE,DAYLIGHT,0,0,0,1
27082891,CAMPBELL,KY0008,StateRoute,,MARY INGLES,HWY,,38.91536479,-84.26588648,22.298,8/8/2020 0:00,46,1,1,0,0,O,CLEAR,DRY,0,COLLISION WITH FIXED OBJECT NON - INTERSECTION - FIRST EVENT COLLISION 09 - 32 EXCLUDING 16,SINGLE VEHICLE,STRAIGHT & LEVEL,DARK (UNKNOWN ROADWAY LIGHTING),0,0,0,1
27087163,CAMPBELL,KY1121,StateRoute,8430,PERSIMMON GROVE,PIKE,,38.95744554,-84.3816269,10.01,8/8/2020 0:00,1911,1,1,0,0,O,CLEAR,DRY,0,RAN OFF ROADWAY (1 VEHICLE WITH/EARTH EMBANKMENT/DITCH),SINGLE VEHICLE,CURVE & LEVEL,DAYLIGHT,0,0,0,1
27062443,CAMPBELL,US0027,USRoute,,MONMOUTH,ST,,39.08001917,-84.48129694,20.913,8/9/2020 0:00,1603,2,2,0,0,O,CLEAR,DRY,0,ANGLE COLLISION - OTHER,ANGLE,STRAIGHT & LEVEL,DAYLIGHT,0,0,0,1
27063076,CAMPBELL,KY0008,StateRoute,300,DAVE COWENS,DR,,39.09695484,-84.49411256,0.913,8/9/2020 0:00,2338,2,2,0,1,C,CLEAR,DRY,0,OTHER ROADWAY OR MID-BLOCK COLLISION,REAR END,STRAIGHT & LEVEL,DARK-HWY LIGHTED/ON,0,0,0,1
27064929,CAMPBELL,,OTHR,,CLOVER RIDGE,AVE,,39.09110385,-84.45692706,0.02,8/10/2020 0:00,850,2,2,0,0,O,CLEAR,DRY,0,REAR END IN TRAFFIC LANES BOTH VEHICLES MOVING,REAR END,STRAIGHT & GRADE,DAYLIGHT,0,0,0,1
27062637,CAMPBELL,I 0471,Interstate,,I471 N,,,39.09957691,-84.49262257,4.795,8/10/2020 0:00,759,2,2,0,0,O,CLEAR,DRY,0,REAR END IN TRAFFIC LANES BOTH VEHICLES MOVING,REAR END,STRAIGHT & GRADE,DAYLIGHT,0,0,0,1
27071673,CAMPBELL,,OTHR,701,POPLAR,ST,,39.10681078,-84.47837858,0.024,8/10/2020 0:00,2125,2,2,0,0,O,CLEAR,DRY,1,1 VEHICLE PARKED POSITION (NOT PARKING LOT/DRIVEWAY),REAR END,STRAIGHT & LEVEL,DARK-HWY NOT LIGHTED,0,0,0,1
27064019,CAMPBELL,,OTHR,91,MAIN,ST,,39.08142906,-84.48607049,0.451,8/10/2020 0:00,1837,2,2,0,0,O,CLEAR,DRY,0,1 VEHICLE PARKED POSITION (NOT PARKING LOT/DRIVEWAY),BACKING,STRAIGHT & LEVEL,DAYLIGHT,0,0,0,1
27063201,CAMPBELL,I 0471,Interstate,,,,,39.08545749,-84.47435354,0.201,8/10/2020 0:00,1655,2,2,0,0,O,CLEAR,DRY,0,OTHER RAMP RELATED COLLISIONS NOT LISTED ABOVE,REAR END,CURVE & GRADE,DAYLIGHT,0,0,0,1
27076054,CAMPBELL,,OTHR,,BRENTWOOD HILLS,DR,,39.05310756,-84.48179361,0.188,8/11/2020 0:00,1728,2,2,0,0,O,CLEAR,DRY,0,OTHER INTERSECTION COLLISIONS,REAR END,STRAIGHT & LEVEL,DAYLIGHT,1,0,0,1
27089369,CAMPBELL,US0027,USRoute,,ALEXANDRIA,PIKE,,38.96457487,-84.39276072,10.53,8/11/2020 0:00,1657,2,2,0,0,O,CLEAR,DRY,0,OPPOSING LEFT TURN,OPPOSING LEFT TURN,STRAIGHT & LEVEL,DAYLIGHT,0,0,0,1
27064401,CAMPBELL,US0027,USRoute,,ALEXANDRIA,PIKE,,38.84743559,-84.37853175,1.999,8/11/2020 0:00,104,1,1,0,0,O,CLEAR,WET,0,COLLISION WITH ANIMAL NON INTERSECTION,SINGLE VEHICLE,STRAIGHT & LEVEL,DARK-HWY LIGHTED/ON,0,0,0,1
27092852,CAMPBELL,,OTHR,325,COVERT RUN,PIKE,,39.09996707,-84.47594001,0.224,8/11/2020 0:00,1307,2,2,0,0,O,CLEAR,DRY,0,1 VEHICLE PARKED POSITION (NOT PARKING LOT/DRIVEWAY),SIDESWIPE-OPPOSITE DIRECTION,STRAIGHT & LEVEL,DAYLIGHT,0,0,0,1
27081629,CAMPBELL,US0027,USRoute,,ALEXANDRIA,PIKE,,38.84084737,-84.37229765,1.43,8/11/2020 0:00,104,2,2,0,1,C,CLEAR,WET,0,SIDESWIPE COLLISION - SAME DIRECTION,SIDESWIPE-SAME DIRECTION,STRAIGHT & LEVEL,DARK-HWY LIGHTED/ON,0,0,0,1
27102915,CAMPBELL,KY0008,StateRoute,300,FAIRFIELD,AVE,,39.10575489,-84.48391476,1.82,8/11/2020 0:00,1514,2,2,0,0,O,CLEAR,DRY,0,SIDESWIPE COLLISION - SAME DIRECTION,SIDESWIPE-SAME DIRECTION,STRAIGHT & LEVEL,DAYLIGHT,0,0,0,1
27072316,CAMPBELL,US0027,USRoute,4765,ALEXANDRIA,PIKE,,39.00889305,-84.42871164,14.314,8/11/2020 0:00,852,2,2,0,1,C,CLEAR,DRY,0,1 VEHICLE ENTERING/LEAVING ENTRANCE,ANGLE,STRAIGHT & LEVEL,DAYLIGHT,0,0,0,1
27089375,CAMPBELL,,OTHR,325,BROOKWOOD,DR,,38.95414638,-84.3634682,0.481,8/12/2020 0:00,1402,2,2,0,0,O,CLEAR,DRY,0,SIDESWIPE COLLISION - SAME DIRECTION,SIDESWIPE-SAME DIRECTION,CURVE & HILLCREST,DAYLIGHT,0,0,0,1
27072352,CAMPBELL,US0027,USRoute,5400,ALEXANDRIA,PIKE,,39.00001656,-84.41963272,13.554,8/12/2020 0:00,1550,2,2,0,0,O,CLEAR,DRY,0,SIDESWIPE COLLISION - SAME DIRECTION,SIDESWIPE-SAME DIRECTION,STRAIGHT & LEVEL,DAYLIGHT,0,0,0,1
27075546,CAMPBELL,I 0275,Interstate,,I275 W,,,39.05028792,-84.44692384,74.195,8/12/2020 0:00,839,3,3,0,0,O,CLEAR,DRY,0,REAR END IN TRAFFIC LANES BOTH VEHICLES MOVING,REAR END,STRAIGHT & GRADE,DAYLIGHT,0,0,0,1
27083489,CAMPBELL,KY1120,StateRoute,,10TH,ST,E,39.08883927,-84.48593168,1.022,8/12/2020 0:00,1042,2,2,0,0,O,CLOUDY,DRY,1,ANGLE COLLISION - OTHER,ANGLE,STRAIGHT & LEVEL,DAYLIGHT,0,0,0,1
27083488,CAMPBELL,KY1892,StateRoute,,CAROTHERS,RD,,39.08384376,-84.4838288,2.568,8/12/2020 0:00,1658,2,2,0,0,O,CLOUDY,DRY,0,OTHER INTERSECTION COLLISIONS,REAR END,STRAIGHT & LEVEL,DAYLIGHT,1,0,0,1
27076679,CAMPBELL,I 0471,Interstate,,,,,39.10069375,-84.48981678,0.007,8/12/2020 0:00,953,2,2,0,0,O,CLEAR,DRY,1,OTHER RAMP RELATED COLLISIONS NOT LISTED ABOVE,SIDESWIPE-SAME DIRECTION,STRAIGHT & LEVEL,DAYLIGHT,0,0,0,1
27102908,CAMPBELL,,OTHR,220,PROSPECT,ST,,39.10457745,-84.48389787,0.04,8/13/2020 0:00,1430,2,2,0,0,O,CLEAR,DRY,1,1 VEHICLE PARKED POSITION (NOT PARKING LOT/DRIVEWAY),SIDESWIPE-SAME DIRECTION,STRAIGHT & LEVEL,DAYLIGHT,0,0,0,1
27118392,CAMPBELL,,OTHR,2241,FT THOMAS,AVE,N,39.10559552,-84.45253505,1.741,8/13/2020 0:00,2040,1,1,0,0,O,CLEAR,DRY,0,COLLISION WITH FIXED OBJECT NON - INTERSECTION - FIRST EVENT COLLISION 09 - 32 EXCLUDING 16,SINGLE VEHICLE,STRAIGHT & GRADE,DARK-HWY LIGHTED/OFF,0,0,0,1
27077199,CAMPBELL,,OTHR,,6TH,ST,W,39.08866036,-84.49798455,0.143,8/13/2020 0:00,1830,2,2,0,0,O,CLEAR,DRY,0,COLLISION WITH FIXED OBJECT IN INTERSECTION - FIRST EVENT COLLISION 09 - 32,ANGLE,STRAIGHT & LEVEL,DAYLIGHT,1,0,0,1