IncidentID,County,RdwyNumber,RdwyType,Street,RoadwayName,StreetSfx,StreetDir,Latitude,Longitude,Milepoint,CollisionDate,CollisionTime,UnitsInvolved,MotorVehiclesInvolved,NumberKilled,NumberInjured,KABCO,Weather,RdwyConditionCode,HitandRun,DirAnalysisCode,MannerofCollision,RdwyCharacter,LightCondition,Intersection Crash,Bicyclist,Pedestrian,Motor Vehicles
27086022,CAMPBELL,US0027,USRoute,,ALEXANDRIA,PIKE,,38.99193983,-84.40947753,12.794,8/13/2020 0:00,1453,2,2,0,5,B,CLEAR,DRY,0,OTHER ROADWAY OR MID-BLOCK COLLISION,OPPOSING LEFT TURN,STRAIGHT & GRADE,DAYLIGHT,0,0,0,1
27089831,CAMPBELL,KY0471,StateRoute,,KY471,,,39.03966934,-84.45427193,0.186,8/14/2020 0:00,1323,2,2,0,0,O,RAINING,WET,0,REAR END IN TRAFFIC LANES BOTH VEHICLES MOVING,REAR END,STRAIGHT & GRADE,DAYLIGHT,0,0,0,1
27081705,CAMPBELL,KY0008,StateRoute,18,5TH,ST,E,39.09235464,-84.49434399,0.627,8/14/2020 0:00,2055,2,2,0,0,O,CLEAR,DRY,0,SIDESWIPE COLLISION - SAME DIRECTION,SIDESWIPE-SAME DIRECTION,STRAIGHT & LEVEL,DARK-HWY LIGHTED/ON,0,0,0,1
27086025,CAMPBELL,KY2345,StateRoute,,MARTHA L COLLINS,BLVD,,39.02698834,-84.45307984,0.186,8/14/2020 0:00,1504,2,2,0,0,O,CLEAR,DRY,0,1 VEHICLE ENTERING/LEAVING ENTRANCE,ANGLE,STRAIGHT & LEVEL,DAYLIGHT,0,0,0,1
27085976,CAMPBELL,KY0008,StateRoute,,6TH,AVE,,39.11382801,-84.47014962,2.754,8/14/2020 0:00,1654,1,1,0,1,B,CLEAR,DRY,0,OCCUPANT FELL FROM MOVING VEHICLE,SINGLE VEHICLE,STRAIGHT & LEVEL,DAYLIGHT,0,0,0,1
27092850,CAMPBELL,,OTHR,241,FOOTE,AVE,,39.10653999,-84.48112034,0.225,8/14/2020 0:00,2008,2,2,0,0,O,CLOUDY,DRY,0,1 VEHICLE PARKED POSITION (NOT PARKING LOT/DRIVEWAY),SIDESWIPE-SAME DIRECTION,STRAIGHT & LEVEL,DUSK,0,0,0,1
27186142,CAMPBELL,,OTHR,,5TH,AVE,,39.11238292,-84.47617196,0.892,8/14/2020 0:00,2330,2,2,0,0,O,CLEAR,DRY,0,1 VEHICLE PARKED POSITION (NOT PARKING LOT/DRIVEWAY),BACKING,STRAIGHT & LEVEL,DARK-HWY NOT LIGHTED,0,0,0,1
27086020,CAMPBELL,,OTHR,,LEES,RD,,38.87746443,-84.40936148,0.45,8/15/2020 0:00,1905,1,1,0,0,O,CLEAR,WET,0,RAN OFF ROADWAY (1 VEHICLE WITH/EARTH EMBANKMENT/DITCH),SINGLE VEHICLE,CURVE & LEVEL,DUSK,0,0,0,1
27084392,CAMPBELL,KY0008,StateRoute,,DAVE COWENS,DR,,39.10090396,-84.48967983,1.356,8/15/2020 0:00,1851,2,2,0,0,O,RAINING,WET,0,OTHER INTERSECTION COLLISIONS,REAR END,STRAIGHT & LEVEL,DUSK,1,0,0,1
27084990,CAMPBELL,KY0008,StateRoute,,DAVE COWENS,DR,,39.09793769,-84.49295944,1.017,8/15/2020 0:00,1923,2,2,0,0,O,CLEAR,WET,1,1 VEHICLE ENTERING/LEAVING ENTRANCE,ANGLE,STRAIGHT & LEVEL,DAYLIGHT,0,0,0,1
27085402,CAMPBELL,KY0008,StateRoute,,4TH,ST,W,39.09025634,-84.50039004,0.295,8/15/2020 0:00,1526,2,2,0,0,O,CLEAR,DRY,0,SIDESWIPE COLLISION - SAME DIRECTION,SIDESWIPE-SAME DIRECTION,CURVE & LEVEL,DAYLIGHT,0,0,0,1
27084993,CAMPBELL,US0027,USRoute,,3RD,ST,E,39.09371657,-84.49671223,22.245,8/15/2020 0:00,2334,2,2,0,0,O,CLEAR,DRY,1,SIDESWIPE COLLISION - SAME DIRECTION,SIDESWIPE-SAME DIRECTION,CURVE & LEVEL,DARK-HWY LIGHTED/ON,0,0,0,1
27084991,CAMPBELL,KY0008,StateRoute,,DAVE COWENS,DR,,39.09805882,-84.49281418,1.031,8/15/2020 0:00,1913,2,2,0,0,O,CLEAR,WET,1,REAR END IN TRAFFIC LANES BOTH VEHICLES MOVING,REAR END,STRAIGHT & LEVEL,DAYLIGHT,0,0,0,1
27087804,CAMPBELL,KY0009,StateRoute,,LICKING,PIKE,,39.0237271,-84.4807649,17.821,8/15/2020 0:00,1758,2,2,0,0,O,CLEAR,DRY,0,HEAD-ON COLLISION,HEAD ON,STRAIGHT & LEVEL,DAYLIGHT,0,0,0,1
27084907,CAMPBELL,I 0471,Interstate,,,,,39.08541244,-84.47465717,0.218,8/15/2020 0:00,1809,2,2,0,0,O,CLEAR,DRY,0,OTHER RAMP RELATED COLLISIONS NOT LISTED ABOVE,REAR END,CURVE & LEVEL,DAYLIGHT,0,0,0,1
27088064,CAMPBELL,US0027,USRoute,,TAYLOR SOUTHGATE,BRG,,39.09427246,-84.49940864,22.411,8/16/2020 0:00,2207,3,3,0,1,C,CLEAR,DRY,0,REAR END IN TRAFFIC LANES BOTH VEHICLES MOVING,REAR END,STRAIGHT & LEVEL,DARK (UNKNOWN ROADWAY LIGHTING),0,0,0,1
27088063,CAMPBELL,US0027,USRoute,,TAYLOR SOUTHGATE,BRG,,39.09427246,-84.49940864,22.411,8/16/2020 0:00,2207,2,2,0,2,C,CLEAR,DRY,1,SIDESWIPE COLLISION - OPPOSITE DIRECTION,SIDESWIPE-OPPOSITE DIRECTION,STRAIGHT & LEVEL,DARK (UNKNOWN ROADWAY LIGHTING),0,0,0,1
27085898,CAMPBELL,KY0008,StateRoute,201,3RD,ST,E,39.09551635,-84.49372357,0.808,8/16/2020 0:00,806,1,1,0,0,O,CLEAR,DRY,1,OTHER ROADWAY OR MID-BLOCK COLLISION,SINGLE VEHICLE,CURVE & GRADE,DAYLIGHT,0,0,0,1
27125059,CAMPBELL,I 0471,Interstate,,I471 S,,,39.09996733,-84.49378034,4.863,8/16/2020 0:00,1417,4,4,0,0,O,CLOUDY,DRY,0,OTHER ROADWAY OR MID-BLOCK COLLISION,REAR END,STRAIGHT & LEVEL,DAYLIGHT,0,0,0,1
27090796,CAMPBELL,,OTHR,9973,MAN O WAR,CIR,,38.9248739,-84.4037985,0.277,8/16/2020 0:00,1600,2,2,0,0,O,CLEAR,DRY,0,1 VEHICLE PARKED POSITION (NOT PARKING LOT/DRIVEWAY),BACKING,STRAIGHT & LEVEL,DAYLIGHT,0,0,0,1
27098368,CAMPBELL,KY0009,StateRoute,,LICKING,PIKE,,39.02495321,-84.48074586,17.918,8/17/2020 0:00,1550,2,2,1,0,K,CLEAR,DRY,0,ANGLE COLLISION - ONE VEHICLE TURNING LEFT,ANGLE,STRAIGHT & LEVEL,DAYLIGHT,0,0,0,1
27094348,CAMPBELL,KY0009,StateRoute,,LICKING,PIKE,,39.0342422,-84.48063935,18.544,8/17/2020 0:00,911,1,1,0,0,O,CLEAR,DRY,0,COLLISION WITH ANIMAL NON INTERSECTION,SINGLE VEHICLE,STRAIGHT & LEVEL,DAYLIGHT,0,0,0,1
27169671,CAMPBELL,KY1120,StateRoute,100,MEMORIAL,PKWY,,39.09266994,-84.48047096,1.383,8/17/2020 0:00,1300,2,2,0,0,O,CLEAR,DRY,0,REAR END IN TRAFFIC LANES BOTH VEHICLES MOVING,REAR END,STRAIGHT & LEVEL,DAYLIGHT,0,0,0,1
27117941,CAMPBELL,I 0471,Interstate,,,,,39.06521256,-84.46438627,0.252,8/17/2020 0:00,950,2,2,0,0,O,CLEAR,DRY,0,OTHER RAMP RELATED COLLISIONS NOT LISTED ABOVE,REAR END,STRAIGHT & GRADE,DAYLIGHT,0,0,0,1
27101161,CAMPBELL,I 0471,Interstate,,,,,39.08526868,-84.47423534,0.494,8/18/2020 0:00,1534,2,2,0,0,O,RAINING,WET,0,OTHER RAMP RELATED COLLISIONS NOT LISTED ABOVE,ANGLE,STRAIGHT & LEVEL,DAYLIGHT,0,0,0,1
27134659,CAMPBELL,,OTHR,160,NEWPORT PAVILION,,,39.08872847,-84.4757143,0.41,8/18/2020 0:00,1654,2,2,0,0,O,CLEAR,DRY,0,REAR END IN TRAFFIC LANES BOTH VEHICLES MOVING,REAR END,STRAIGHT & LEVEL,DAYLIGHT,0,0,0,1
27098341,CAMPBELL,,OTHR,809,ISABELLA,ST,,39.08595867,-84.49660128,0.377,8/18/2020 0:00,1927,2,2,0,1,C,CLEAR,DRY,0,1 VEHICLE ENTERING/LEAVING ENTRANCE,ANGLE,STRAIGHT & LEVEL,DAYLIGHT,0,0,0,1
27099455,CAMPBELL,KY1120,StateRoute,,FT THOMAS,AVE,S,39.06224175,-84.44850887,5.549,8/18/2020 0:00,1209,2,2,0,0,O,RAINING,WET,0,1 VEHICLE ENTERING/LEAVING ENTRANCE,ANGLE,STRAIGHT & LEVEL,DAYLIGHT,0,0,0,1
27114603,CAMPBELL,,OTHR,,BERRY,AVE,,39.0990605,-84.4800621,0.354,8/18/2020 0:00,1443,2,2,0,0,O,RAINING,WET,0,ANGLE COLLISION - OTHER,ANGLE,STRAIGHT & LEVEL,DAYLIGHT,0,0,0,1
27101142,CAMPBELL,KY0009,StateRoute,,AA,HWY,,38.95300855,-84.33747364,8.029,8/18/2020 0:00,1946,1,1,0,0,O,CLOUDY,DRY,0,COLLISION WITH ANIMAL IN INTERSECTION,SINGLE VEHICLE,STRAIGHT & HILLCREST,DAYLIGHT,1,0,0,1
27103735,CAMPBELL,KY0009,StateRoute,,AA,HWY,,39.02130809,-84.4811894,17.629,8/18/2020 0:00,1519,2,2,0,0,O,RAINING,WET,0,OTHER INTERSECTION COLLISIONS,REAR END,STRAIGHT & LEVEL,DAYLIGHT,1,0,0,1
27103049,CAMPBELL,,OTHR,317,2ND,ST,E,39.09643828,-84.49314757,0.038,8/19/2020 0:00,1330,2,2,0,0,O,CLEAR,DRY,0,1 VEHICLE PARKED POSITION (NOT PARKING LOT/DRIVEWAY),SIDESWIPE-SAME DIRECTION,STRAIGHT & LEVEL,DAYLIGHT,0,0,0,1
27108412,CAMPBELL,,OTHR,10,SADYE,CT,,39.08900443,-84.44931921,0.021,8/19/2020 0:00,2200,2,2,0,0,O,CLEAR,DRY,1,1 VEHICLE PARKED POSITION (NOT PARKING LOT/DRIVEWAY),SIDESWIPE-OPPOSITE DIRECTION,STRAIGHT & LEVEL,DARK-HWY NOT LIGHTED,0,0,0,1
27101158,CAMPBELL,KY0008,StateRoute,201,4TH,ST,W,39.09040927,-84.49961219,0.334,8/19/2020 0:00,927,2,2,0,0,O,CLEAR,DRY,0,1 VEHICLE PARKED POSITION (NOT PARKING LOT/DRIVEWAY),SIDESWIPE-SAME DIRECTION,STRAIGHT & LEVEL,DAYLIGHT,0,0,0,1
27101040,CAMPBELL,KY1892,StateRoute,,GRAND,AVE,,39.08636806,-84.47722095,2.151,8/19/2020 0:00,1008,2,2,0,0,O,CLEAR,DRY,0,OTHER INTERSECTION COLLISIONS,REAR END,STRAIGHT & LEVEL,DAYLIGHT,1,0,0,1
27105162,CAMPBELL,KY0008,StateRoute,,MARY INGLES,HWY,,39.0366986,-84.39016981,10.781,8/19/2020 0:00,2154,2,2,0,0,O,CLEAR,DRY,0,OTHER INTERSECTION COLLISIONS,REAR END,STRAIGHT & LEVEL,DARK-HWY LIGHTED/ON,1,0,0,1
27108915,CAMPBELL,US0027,USRoute,,ALEXANDRIA,PIKE,,38.98214858,-84.39740179,11.843,8/19/2020 0:00,1354,2,2,0,0,O,CLEAR,DRY,0,OTHER INTERSECTION COLLISIONS,REAR END,STRAIGHT & LEVEL,DAYLIGHT,1,0,0,1
27101156,CAMPBELL,KY1892,StateRoute,,GRAND,AVE,N,39.08037133,-84.46736138,1.429,8/19/2020 0:00,1412,2,2,0,0,O,CLEAR,DRY,0,ANGLE COLLISION - OTHER,ANGLE,STRAIGHT & LEVEL,DAYLIGHT,0,0,0,1
27112125,CAMPBELL,US0027,USRoute,,YORK,ST,,39.08873484,-84.49299354,21.922,8/19/2020 0:00,1730,2,2,0,0,O,CLEAR,DRY,0,SIDESWIPE COLLISION - SAME DIRECTION,SIDESWIPE-SAME DIRECTION,STRAIGHT & LEVEL,DAYLIGHT,0,0,0,1
27101159,CAMPBELL,I 0471,Interstate,,I471 N,,,39.10036198,-84.49405961,4.89,8/19/2020 0:00,751,2,2,0,0,O,CLEAR,DRY,0,REAR END IN TRAFFIC LANES BOTH VEHICLES MOVING,REAR END,STRAIGHT & LEVEL,DAYLIGHT,0,0,0,1
27106573,CAMPBELL,I 0275,Interstate,,,,,39.05024929,-84.46619031,0.036,8/19/2020 0:00,1606,2,2,0,0,O,CLEAR,DRY,0,OTHER RAMP RELATED COLLISIONS NOT LISTED ABOVE,SIDESWIPE-SAME DIRECTION,CURVE & GRADE,DAYLIGHT,0,0,0,1
27128504,CAMPBELL,KY0009,StateRoute,,AA,HWY,,39.01913901,-84.48114385,17.481,8/20/2020 0:00,1558,3,3,0,0,O,CLEAR,DRY,1,REAR END IN TRAFFIC LANES BOTH VEHICLES MOVING,REAR END,STRAIGHT & LEVEL,DAYLIGHT,0,0,0,1
27105913,CAMPBELL,KY1892,StateRoute,,CAROTHERS,RD,,39.08489021,-84.48102656,2.392,8/20/2020 0:00,1308,2,2,0,0,O,CLEAR,DRY,0,SIDESWIPE COLLISION - SAME DIRECTION,SIDESWIPE-SAME DIRECTION,STRAIGHT & LEVEL,DAYLIGHT,0,0,0,1
27107615,CAMPBELL,,OTHR,842,SARATOGA,ST,,39.08922891,-84.48944797,0.234,8/20/2020 0:00,2324,2,2,0,0,O,CLEAR,DRY,1,1 VEHICLE PARKED POSITION (NOT PARKING LOT/DRIVEWAY),SIDESWIPE-SAME DIRECTION,STRAIGHT & LEVEL,DARK-HWY NOT LIGHTED,0,0,0,1
27111589,CAMPBELL,US0027,USRoute,,TAYLOR SOUTHGATE,BRG,,39.09576836,-84.50110671,22.553,8/21/2020 0:00,2326,1,1,0,1,B,CLEAR,DRY,0,OCCUPANT FELL FROM MOVING VEHICLE,SINGLE VEHICLE,STRAIGHT & LEVEL,DARK-HWY LIGHTED/ON,0,0,0,1
27130498,CAMPBELL,,OTHR,200,LIBERTY,ST,,39.08312138,-84.49289679,0.099,8/21/2020 0:00,1600,2,2,0,0,O,CLEAR,DRY,0,1 VEHICLE PARKED POSITION (NOT PARKING LOT/DRIVEWAY),REAR END,STRAIGHT & LEVEL,DAYLIGHT,0,0,0,1
27123273,CAMPBELL,KY0009,StateRoute,,AA,HWY,,38.98075645,-84.37445118,10.877,8/21/2020 0:00,1315,2,2,0,1,B,CLEAR,DRY,0,OTHER INTERSECTION COLLISIONS,REAR END,STRAIGHT & HILLCREST,DAYLIGHT,1,0,0,1
27124695,CAMPBELL,I 0471,Interstate,,I471 S,,,39.0488016,-84.46430049,0.266,8/21/2020 0:00,1654,1,1,0,1,B,CLEAR,DRY,0,OTHER ROADWAY OR MID-BLOCK COLLISION,SINGLE VEHICLE,STRAIGHT & LEVEL,DAYLIGHT,0,0,0,1
27159289,CAMPBELL,US0027,USRoute,,ALEXANDRIA,PIKE,,38.95072712,-84.39349184,9.567,8/21/2020 0:00,853,3,3,1,1,K,CLEAR,DRY,0,SIDESWIPE COLLISION - OPPOSITE DIRECTION,SIDESWIPE-OPPOSITE DIRECTION,STRAIGHT & LEVEL,DAYLIGHT,0,0,0,1
27125061,CAMPBELL,US0027,USRoute,1704,MONMOUTH,ST,,39.08356003,-84.48290881,21.159,8/21/2020 0:00,1649,2,2,0,0,O,CLOUDY,DRY,0,1 VEHICLE ENTERING/LEAVING ENTRANCE,ANGLE,CURVE & GRADE,DAYLIGHT,0,0,0,1
27113940,CAMPBELL,KY0009,StateRoute,,AA,HWY,,38.93341115,-84.31350101,6.09,8/21/2020 0:00,1256,2,2,0,1,A,CLEAR,DRY,0,HEAD-ON COLLISION,HEAD ON,STRAIGHT & LEVEL,DAYLIGHT,0,0,0,1
27290451,CAMPBELL,KY0008,StateRoute,121,6TH,AVE,,39.10950553,-84.47923405,2.179,8/21/2020 0:00,2205,2,2,0,0,O,CLEAR,DRY,0,1 VEHICLE PARKED POSITION (NOT PARKING LOT/DRIVEWAY),REAR END,STRAIGHT & LEVEL,DARK-HWY LIGHTED/ON,0,0,0,1
27113817,CAMPBELL,,OTHR,200,3RD,ST,W,39.09159254,-84.50059353,0.041,8/22/2020 0:00,1915,2,2,0,0,O,CLEAR,DRY,0,SIDESWIPE COLLISION - OPPOSITE DIRECTION,SIDESWIPE-OPPOSITE DIRECTION,CURVE & LEVEL,DAYLIGHT,0,0,0,1
27116924,CAMPBELL,I 0275,Interstate,,I275 W,,,39.0481756,-84.45300584,74.555,8/22/2020 0:00,1445,2,2,0,0,O,CLEAR,DRY,0,SIDESWIPE COLLISION - SAME DIRECTION,SIDESWIPE-SAME DIRECTION,STRAIGHT & LEVEL,DAYLIGHT,0,0,0,1
27216531,CAMPBELL,US0027,USRoute,,ALEXANDRIA,PIKE,,39.07363629,-84.47274153,20.258,8/22/2020 0:00,1235,2,2,0,0,O,CLOUDY,DRY,0,SIDESWIPE COLLISION - SAME DIRECTION,SIDESWIPE-SAME DIRECTION,STRAIGHT & GRADE,DAYLIGHT,0,0,0,1
27114197,CAMPBELL,KY1892,StateRoute,1,CAROTHERS,RD,,39.08384546,-84.48382682,2.568,8/22/2020 0:00,2204,2,2,0,0,O,CLEAR,DRY,0,OTHER ROADWAY OR MID-BLOCK COLLISION,REAR END,STRAIGHT & LEVEL,DARK-HWY LIGHTED/ON,0,0,0,1
27112678,CAMPBELL,US0027,USRoute,,MONMOUTH,ST,,39.08387331,-84.48379172,21.212,8/22/2020 0:00,1315,2,2,0,0,O,CLOUDY,DRY,0,OTHER INTERSECTION COLLISIONS,REAR END,STRAIGHT & GRADE,DAYLIGHT,1,0,0,1
27112847,CAMPBELL,KY0008,StateRoute,207,FAIRFIELD,AVE,,39.10507341,-84.48476927,1.753,8/22/2020 0:00,205,2,2,0,0,O,CLEAR,DRY,0,1 VEHICLE PARKED POSITION (NOT PARKING LOT/DRIVEWAY),REAR TO REAR,STRAIGHT & LEVEL,DARK-HWY NOT LIGHTED,0,0,0,1
27112202,CAMPBELL,,OTHR,838,SARATOGA,ST,,39.08966049,-84.48975198,0.268,8/22/2020 0:00,1153,2,2,0,0,O,CLEAR,DRY,1,1 VEHICLE PARKED POSITION (NOT PARKING LOT/DRIVEWAY),SIDESWIPE-SAME DIRECTION,STRAIGHT & LEVEL,UNKNOWN,0,0,0,1
27114194,CAMPBELL,,OTHR,30,7TH,ST,W,39.08904073,-84.49474274,0.064,8/22/2020 0:00,2337,2,2,0,0,O,CLEAR,DRY,0,1 VEHICLE PARKED POSITION (NOT PARKING LOT/DRIVEWAY),REAR END,STRAIGHT & LEVEL,DARK-HWY LIGHTED/ON,0,0,0,1
27118391,CAMPBELL,,OTHR,43,HOLLY WOODS,DR,,39.05345055,-84.44594253,0.113,8/22/2020 0:00,2130,2,2,0,0,O,CLEAR,DRY,0,1 VEHICLE PARKED POSITION (NOT PARKING LOT/DRIVEWAY),BACKING,STRAIGHT & LEVEL,DARK-HWY NOT LIGHTED,0,0,0,1
27119544,CAMPBELL,,OTHR,600,ROBERT,ST,,39.0915474,-84.49052699,0.279,8/22/2020 0:00,808,1,1,0,0,O,CLEAR,DRY,0,COLLISION WITH FIXED OBJECT NON - INTERSECTION - FIRST EVENT COLLISION 09 - 32 EXCLUDING 16,SINGLE VEHICLE,STRAIGHT & LEVEL,DAYLIGHT,0,0,0,1
27111597,CAMPBELL,KY0824,StateRoute,,RACE TRACK,RD,,38.89475643,-84.37336644,0.915,8/22/2020 0:00,133,1,1,0,1,B,CLEAR,DRY,0,RAN OFF ROADWAY (1 VEHICLE WITH/EARTH EMBANKMENT/DITCH),SINGLE VEHICLE,CURVE & LEVEL,DARK (UNKNOWN ROADWAY LIGHTING),0,0,0,1
27123418,CAMPBELL,KY0008,StateRoute,700,FAIRFIELD,AVE,,39.1085323,-84.48052601,2.068,8/23/2020 0:00,1952,2,2,0,1,C,CLEAR,DRY,0,1 VEHICLE PARKED POSITION (NOT PARKING LOT/DRIVEWAY),REAR END,STRAIGHT & LEVEL,DAYLIGHT,0,0,0,1
27118370,CAMPBELL,,OTHR,126,STRATHMORE,AVE,,39.09396072,-84.45131273,0.161,8/23/2020 0:00,1315,2,2,0,0,O,CLEAR,DRY,0,1 VEHICLE PARKED POSITION (NOT PARKING LOT/DRIVEWAY),SIDESWIPE-OPPOSITE DIRECTION,STRAIGHT & GRADE,DAYLIGHT,0,0,0,1
27124696,CAMPBELL,US0027,USRoute,,ALEXANDRIA,PIKE,,39.03510396,-84.45393248,16.621,8/23/2020 0:00,1425,3,3,0,0,O,CLEAR,DRY,0,OTHER INTERSECTION COLLISIONS,REAR END,STRAIGHT & LEVEL,DAYLIGHT,1,0,0,1
27119543,CAMPBELL,KY1892,StateRoute,,GRAND,AVE,,39.08637171,-84.47723354,2.152,8/23/2020 0:00,1355,2,2,0,0,O,CLEAR,DRY,0,OTHER INTERSECTION COLLISIONS,REAR END,STRAIGHT & LEVEL,DAYLIGHT,1,0,0,1
27116214,CAMPBELL,US0027,USRoute,1601,MONMOUTH,ST,,39.08380185,-84.48368784,21.215,8/23/2020 0:00,1820,2,2,0,0,O,CLEAR,DRY,0,SIDESWIPE COLLISION - OPPOSITE DIRECTION,SIDESWIPE-OPPOSITE DIRECTION,STRAIGHT & HILLCREST,DAYLIGHT,0,0,0,1
27117949,CAMPBELL,I 0471,Interstate,,I471 N,,,39.0593047,-84.46934405,1.185,8/23/2020 0:00,1130,1,1,0,0,O,CLEAR,DRY,0,OTHER COLLISIONS ON SHOULDER,SINGLE VEHICLE,STRAIGHT & LEVEL,DAYLIGHT,0,0,0,1
27120234,CAMPBELL,I 0471,Interstate,,I471 N,,,39.09970299,-84.49289671,4.813,8/24/2020 0:00,1414,2,2,0,0,O,CLEAR,DRY,0,SIDESWIPE COLLISION - SAME DIRECTION,SIDESWIPE-SAME DIRECTION,STRAIGHT & LEVEL,DAYLIGHT,0,0,0,1
27130043,CAMPBELL,,OTHR,,CAMPBELL,DR,,39.03971034,-84.46709319,0.099,8/24/2020 0:00,1030,1,1,0,0,O,CLEAR,DRY,0,OTHER ROADWAY OR MID-BLOCK COLLISION,SINGLE VEHICLE,CURVE & GRADE,DAYLIGHT,0,0,0,1
27123419,CAMPBELL,,OTHR,346,TAYLOR,AVE,,39.10317828,-84.48117246,0.349,8/24/2020 0:00,912,2,2,0,0,O,CLEAR,DRY,0,1 VEHICLE PARKED POSITION (NOT PARKING LOT/DRIVEWAY),SIDESWIPE-SAME DIRECTION,STRAIGHT & LEVEL,DAYLIGHT,0,0,0,1
27121419,CAMPBELL,,OTHR,1004,BRIGHTON,ST,,39.08237265,-84.49728922,0.197,8/24/2020 0:00,1923,2,2,0,0,O,CLEAR,DRY,1,1 VEHICLE PARKED POSITION (NOT PARKING LOT/DRIVEWAY),,STRAIGHT & LEVEL,DAYLIGHT,0,0,0,1
27118876,CAMPBELL,I 0471,Interstate,,I471 N,,,39.09805627,-84.48763925,4.5,8/24/2020 0:00,530,1,1,0,0,O,CLEAR,DRY,0,COLLISION WITH ANIMAL NON INTERSECTION,SINGLE VEHICLE,STRAIGHT & LEVEL,DARK-HWY LIGHTED/ON,0,0,0,1
27130083,CAMPBELL,US0027,USRoute,,ALEXANDRIA,PIKE,,39.03373943,-84.45321152,16.507,8/25/2020 0:00,1235,3,3,0,0,O,CLEAR,DRY,0,ANGLE COLLISION - OTHER,ANGLE,STRAIGHT & LEVEL,DAYLIGHT,0,0,0,1
27130497,CAMPBELL,KY0008,StateRoute,,DAVE COWENS,DR,,39.10059233,-84.49002382,1.343,8/25/2020 0:00,1711,3,3,0,0,O,CLOUDY,DRY,0,OTHER ROADWAY OR MID-BLOCK COLLISION,REAR END,STRAIGHT & LEVEL,DAYLIGHT,0,0,0,1
27147725,CAMPBELL,KY1120,StateRoute,800,FT THOMAS,AVE,S,39.068137,-84.44719644,5.02,8/25/2020 0:00,1523,2,2,0,0,O,CLEAR,DRY,0,1 VEHICLE ENTERING/LEAVING ENTRANCE,ANGLE,STRAIGHT & LEVEL,DAYLIGHT,0,0,0,1
27178814,CAMPBELL,I 0275,Interstate,,,,,39.049812,-84.46302488,0.39,8/26/2020 0:00,623,2,2,0,0,O,CLOUDY,DRY,0,OTHER RAMP RELATED COLLISIONS NOT LISTED ABOVE,SIDESWIPE-SAME DIRECTION,CURVE & GRADE,DAWN,0,0,0,1
27144935,CAMPBELL,,OTHR,100,6TH,ST,E,39.09245984,-84.49180674,0.563,8/26/2020 0:00,1638,2,2,0,0,O,CLEAR,DRY,1,1 VEHICLE PARKED POSITION (NOT PARKING LOT/DRIVEWAY),SIDESWIPE-SAME DIRECTION,STRAIGHT & LEVEL,DAYLIGHT,0,0,0,1
27148122,CAMPBELL,,OTHR,9,CONNIE,LN,,38.96055004,-84.40179903,0.054,8/26/2020 0:00,1851,2,2,0,0,O,CLEAR,DRY,1,1 VEHICLE PARKED POSITION (NOT PARKING LOT/DRIVEWAY),BACKING,STRAIGHT & LEVEL,DAYLIGHT,0,0,0,1
27150293,CAMPBELL,KY1120,StateRoute,,11TH,ST,W,39.08206929,-84.49484108,0.306,8/27/2020 0:00,732,2,2,0,0,O,CLEAR,DRY,0,REAR END IN TRAFFIC LANES BOTH VEHICLES MOVING,REAR END,STRAIGHT & LEVEL,DUSK,0,0,0,1
27137321,CAMPBELL,I 0471,Interstate,,I471 S,,,39.06265244,-84.46840766,1.435,8/27/2020 0:00,1545,2,2,0,0,O,CLOUDY,DRY,0,REAR END IN TRAFFIC LANES BOTH VEHICLES MOVING,REAR END,STRAIGHT & LEVEL,DAYLIGHT,0,0,0,1
27145810,CAMPBELL,KY0009,StateRoute,,AA,HWY,,38.97487585,-84.36176802,10.048,8/27/2020 0:00,2150,1,1,0,0,O,CLEAR,DRY,0,COLLISION WITH ANIMAL NON INTERSECTION,SINGLE VEHICLE,STRAIGHT & GRADE,DARK-HWY NOT LIGHTED,0,0,0,1
27145811,CAMPBELL,KY0009,StateRoute,,AA,HWY,,38.97718702,-84.3652214,,8/27/2020 0:00,2145,1,1,0,0,O,CLOUDY,DRY,0,COLLISION WITH ANIMAL NON INTERSECTION,SINGLE VEHICLE,CURVE & GRADE,DARK-HWY LIGHTED/ON,0,0,0,1
27145809,CAMPBELL,KY0010,StateRoute,,MAIN,ST,W,38.94744288,-84.40026451,0.43,8/27/2020 0:00,1600,1,1,0,0,O,CLEAR,WET,0,COLLISION WITH FIXED OBJECT NON - INTERSECTION - FIRST EVENT COLLISION 09 - 32 EXCLUDING 16,SINGLE VEHICLE,CURVE & HILLCREST,DAYLIGHT,0,0,0,1
27139600,CAMPBELL,I 0471,Interstate,,,,,39.08541762,-84.47456511,0.213,8/28/2020 0:00,1150,2,2,0,0,O,CLEAR,DRY,0,OTHER RAMP RELATED COLLISIONS NOT LISTED ABOVE,REAR END,CURVE & LEVEL,DAYLIGHT,0,0,0,1
27147987,CAMPBELL,I 0471,Interstate,,,,,39.06804179,-84.46620727,0.402,8/28/2020 0:00,1551,2,2,0,3,C,CLEAR,DRY,0,OTHER RAMP RELATED COLLISIONS NOT LISTED ABOVE,REAR END,STRAIGHT & LEVEL,DAYLIGHT,0,0,0,1