IncidentID,County,RdwyNumber,RdwyType,Street,RoadwayName,StreetSfx,StreetDir,Latitude,Longitude,Milepoint,CollisionDate,CollisionTime,UnitsInvolved,MotorVehiclesInvolved,NumberKilled,NumberInjured,KABCO,Weather,RdwyConditionCode,HitandRun,DirAnalysisCode,MannerofCollision,RdwyCharacter,LightCondition,Intersection Crash,Bicyclist,Pedestrian,Motor Vehicles
27139478,CAMPBELL,I 0471,Interstate,,,,,39.08231707,-84.47056158,0.167,8/28/2020 0:00,1537,1,1,0,0,O,RAINING,WET,0,COLLISION WITH FIXED OBJECT NOT IN GORE ,SINGLE VEHICLE,CURVE & LEVEL,DAYLIGHT,0,0,0,1
27139201,CAMPBELL,,OTHR,,9TH,ST,W,39.08591909,-84.49455839,0.179,8/28/2020 0:00,1351,2,2,0,0,O,CLOUDY,DRY,0,OTHER INTERSECTION COLLISIONS,REAR END,STRAIGHT & LEVEL,DAYLIGHT,1,0,0,1
27147992,CAMPBELL,KY1120,StateRoute,,MEMORIAL,PKWY,,39.09478935,-84.46307883,2.387,8/28/2020 0:00,2002,1,1,0,0,O,CLEAR,DRY,0,COLLISION WITH ANIMAL NON INTERSECTION,SINGLE VEHICLE,CURVE & LEVEL,DAYLIGHT,0,0,0,1
27141122,CAMPBELL,KY1892,StateRoute,,GRAND,AVE,,39.085087,-84.47426188,1.957,8/28/2020 0:00,2024,2,2,0,0,O,RAINING,WET,0,1 VEHICLE ENTERING/LEAVING ENTRANCE,ANGLE,STRAIGHT & GRADE,DARK-HWY LIGHTED/ON,0,0,0,1
27139477,CAMPBELL,US0027,USRoute,1100,MONMOUTH,ST,,39.08536485,-84.48651559,21.39,8/28/2020 0:00,1520,2,2,0,0,O,RAINING,WET,0,OTHER ROADWAY OR MID-BLOCK COLLISION,REAR END,STRAIGHT & GRADE,DAYLIGHT,0,0,0,1
27144595,CAMPBELL,US0027,USRoute,,ALEXANDRIA,PIKE,,39.00438191,-84.42471905,13.952,8/28/2020 0:00,1845,2,2,0,0,O,CLOUDY,WET,0,OTHER ROADWAY OR MID-BLOCK COLLISION,REAR END,STRAIGHT & GRADE,DAYLIGHT,0,0,0,1
27141123,CAMPBELL,US0027,USRoute,1901,MONMOUTH,ST,,39.0800289,-84.48133474,20.911,8/28/2020 0:00,1835,2,2,0,0,O,CLOUDY,DRY,0,VEHICLE BACKING NON INTERSECTION,BACKING,STRAIGHT & LEVEL,DAYLIGHT,0,0,0,1
27147991,CAMPBELL,I 0471,Interstate,,I471 S,,,39.07266517,-84.46411273,2.247,8/28/2020 0:00,1300,2,2,0,0,O,CLOUDY,DRY,0,REAR END IN TRAFFIC LANES BOTH VEHICLES MOVING,REAR END,CURVE & LEVEL,DAYLIGHT,0,0,0,1
27145813,CAMPBELL,US0027,USRoute,,ALEXANDRIA,PIKE,,38.93277867,-84.39419513,8.325,8/28/2020 0:00,1520,2,2,0,0,O,CLEAR,DRY,0,REAR END IN TRAFFIC LANES BOTH VEHICLES MOVING,REAR END,STRAIGHT & GRADE,DAYLIGHT,0,0,0,1
27152339,CAMPBELL,KY0009,StateRoute,,AA,HWY,,39.00939581,-84.46695999,16.422,8/28/2020 0:00,1720,2,2,0,0,O,CLOUDY,WET,0,REAR END IN TRAFFIC LANES BOTH VEHICLES MOVING,REAR END,STRAIGHT & GRADE,DAYLIGHT,0,0,0,1
27186135,CAMPBELL,KY0008,StateRoute,,6TH,AVE,,39.11199319,-84.4748455,2.468,8/29/2020 0:00,2100,3,3,0,0,O,CLEAR,DRY,0,1 VEHICLE PARKED POSITION (NOT PARKING LOT/DRIVEWAY),SIDESWIPE-SAME DIRECTION,STRAIGHT & LEVEL,DARK-HWY LIGHTED/ON,0,0,0,1
27143936,CAMPBELL,US0027,USRoute,844,YORK,ST,,39.08845765,-84.49275232,21.899,8/29/2020 0:00,2256,2,2,0,0,O,CLEAR,DRY,1,1 VEHICLE PARKED POSITION (NOT PARKING LOT/DRIVEWAY),SIDESWIPE-SAME DIRECTION,STRAIGHT & LEVEL,DARK-HWY LIGHTED/ON,0,0,0,1
27144349,CAMPBELL,,OTHR,1207,LOW GAP,RD,E,38.99908008,-84.40265078,0.03,8/29/2020 0:00,1330,2,2,0,0,O,CLEAR,DRY,1,1 VEHICLE PARKED POSITION (NOT PARKING LOT/DRIVEWAY),SIDESWIPE-SAME DIRECTION,STRAIGHT & LEVEL,DAYLIGHT,0,0,0,1
27147910,CAMPBELL,US0027,USRoute,,ALEXANDRIA,PIKE,,39.07420863,-84.47406546,20.323,8/29/2020 0:00,2251,1,1,0,0,O,CLEAR,DRY,0,COLLISION WITH ANIMAL IN INTERSECTION,SINGLE VEHICLE,STRAIGHT & LEVEL,DARK-HWY LIGHTED/ON,1,0,0,1
27143937,CAMPBELL,US0027,USRoute,,3RD,ST,E,39.09327736,-84.49714843,22.247,8/30/2020 0:00,335,1,1,0,0,O,CLEAR,DRY,0,COLLISION WITH FIXED OBJECT IN INTERSECTION - FIRST EVENT COLLISION 09 - 32,SINGLE VEHICLE,CURVE & GRADE,DARK-HWY LIGHTED/ON,1,0,0,1
27151713,CAMPBELL,KY0547,StateRoute,,FOUR MILE,RD,,39.01933125,-84.3790137,5.078,8/30/2020 0:00,113,1,1,0,0,O,CLOUDY,DRY,0,RAN OFF ROADWAY (1 VEHICLE WITH/EARTH EMBANKMENT/DITCH),SINGLE VEHICLE,CURVE & LEVEL,DARK-HWY NOT LIGHTED,0,0,0,1
27158408,CAMPBELL,I 0275,Interstate,,I275 W,,,39.02568818,-84.47716913,76.863,8/31/2020 0:00,1529,1,1,0,1,C,CLEAR,DRY,0,OTHER ROADWAY OR MID-BLOCK COLLISION,SINGLE VEHICLE,STRAIGHT & LEVEL,DAYLIGHT,0,0,0,1
27152256,CAMPBELL,US0027,USRoute,,MONMOUTH,ST,,39.08371913,-84.48337647,21.184,8/31/2020 0:00,1846,1,1,0,0,O,CLEAR,DRY,0,OTHER ROADWAY OR MID-BLOCK COLLISION,SINGLE VEHICLE,STRAIGHT & HILLCREST,DAYLIGHT,0,0,0,1
27158382,CAMPBELL,KY0445,StateRoute,,GRANDVIEW,AVE,,39.0624663,-84.45042882,1.141,8/31/2020 0:00,757,2,2,0,0,O,CLEAR,DRY,0,SIDESWIPE COLLISION - OPPOSITE DIRECTION,SIDESWIPE-OPPOSITE DIRECTION,CURVE & GRADE,DAYLIGHT,0,0,0,1
27178816,CAMPBELL,,OTHR,131,WALNUT,ST,,39.06929564,-84.47598348,0.28,8/31/2020 0:00,800,2,2,0,0,O,CLOUDY,DRY,1,1 VEHICLE PARKED POSITION (NOT PARKING LOT/DRIVEWAY),SIDESWIPE-SAME DIRECTION,STRAIGHT & LEVEL,DAYLIGHT,0,0,0,1
27151714,CAMPBELL,,OTHR,,COOPER BAIN,RD,,38.90326174,-84.38362068,0.142,8/31/2020 0:00,647,1,1,0,0,O,FOG WITH RAIN,WET,0,COLLISION WITH ANIMAL NON INTERSECTION,SINGLE VEHICLE,STRAIGHT & LEVEL,DARK (UNKNOWN ROADWAY LIGHTING),0,0,0,1
27154626,CAMPBELL,,OTHR,4,GLENRIDGE,DR,,39.0038311,-84.44509216,0.104,8/31/2020 0:00,1600,1,1,0,0,O,CLOUDY,DRY,0,COLLISION WITH FIXED OBJECT NON - INTERSECTION - FIRST EVENT COLLISION 09 - 32 EXCLUDING 16,SINGLE VEHICLE,CURVE & GRADE,DAYLIGHT,0,0,0,1
27151718,CAMPBELL,US0027,USRoute,,ALEXANDRIA,PIKE,,38.99217118,-84.40980058,12.815,8/31/2020 0:00,1700,2,2,0,0,O,CLEAR,DRY,0,OTHER INTERSECTION COLLISIONS,REAR END,STRAIGHT & GRADE,DAYLIGHT,1,0,0,1
27152564,CAMPBELL,,OTHR,,ALEXANDRIA,PIKE,,39.03385471,-84.45274079,0.197,8/31/2020 0:00,1605,2,2,0,0,O,CLEAR,DRY,0,ANGLE COLLISION - OTHER,ANGLE,CURVE & LEVEL,DAYLIGHT,0,0,0,1
27156100,CAMPBELL,KY0008,StateRoute,,DAVE COWENS,DR,,39.09847367,-84.49237203,1.065,9/1/2020 0:00,1252,2,2,0,0,O,CLEAR,DRY,1,OTHER INTERSECTION COLLISIONS,REAR END,STRAIGHT & LEVEL,DAYLIGHT,1,0,0,1
27157677,CAMPBELL,I 0471,Interstate,,I471 S,,,39.09691482,-84.48413887,4.295,9/1/2020 0:00,2240,5,5,0,0,O,CLEAR,DRY,1,OCCUPANT FELL FROM MOVING VEHICLE,HEAD ON,CURVE & LEVEL,DARK-HWY LIGHTED/ON,0,0,0,1
27184906,CAMPBELL,,OTHR,,ROOSEVELT,AVE,,39.09903045,-84.47712934,0.014,9/1/2020 0:00,2102,2,2,0,0,O,CLEAR,DRY,0,1 VEHICLE PARKED POSITION (NOT PARKING LOT/DRIVEWAY),SIDESWIPE-SAME DIRECTION,STRAIGHT & LEVEL,DARK-HWY NOT LIGHTED,0,0,0,1
27186133,CAMPBELL,KY0008,StateRoute,136,6TH,AVE,,39.10990907,-84.4784225,2.229,9/1/2020 0:00,1720,2,2,0,0,O,CLEAR,DRY,0,REAR END IN TRAFFIC LANES BOTH VEHICLES MOVING,REAR END,STRAIGHT & LEVEL,DAYLIGHT,0,0,0,1
27159492,CAMPBELL,KY1998,StateRoute,707,POOLES CREEK,RD,,39.02275001,-84.44844845,1.482,9/1/2020 0:00,1545,2,2,0,0,O,CLOUDY,DRY,0,1 VEHICLE ENTERING/LEAVING ENTRANCE,ANGLE,STRAIGHT & LEVEL,DAYLIGHT,0,0,0,1
27178817,CAMPBELL,I 0471,Interstate,,I471 S,,,39.0603218,-84.46941849,1.249,9/2/2020 0:00,721,3,3,0,0,O,RAINING,WET,1,1 VEHICLE ENTERING/LEAVING ENTRANCE,ANGLE,CURVE & LEVEL,DAWN,0,0,0,1
27165676,CAMPBELL,,OTHR,2887,FENDER,RD,,38.98113293,-84.33629602,0.447,9/2/2020 0:00,1350,2,2,0,0,O,CLEAR,DRY,0,1 VEHICLE ENTERING/LEAVING ENTRANCE,ANGLE,STRAIGHT & LEVEL,DAYLIGHT,0,0,0,1
27163352,CAMPBELL,KY1632,StateRoute,,MOOCK,RD,,39.05507517,-84.48724738,0.005,9/2/2020 0:00,1415,2,2,0,2,C,CLOUDY,DRY,0,1 VEHICLE ENTERING/LEAVING ENTRANCE,ANGLE,STRAIGHT & LEVEL,DAYLIGHT,0,0,0,1
27193937,CAMPBELL,KY1120,StateRoute,,10TH,ST,E,39.08727316,-84.48873535,0.784,9/2/2020 0:00,1238,2,2,0,0,O,CLEAR,DRY,0,REAR END IN TRAFFIC LANES BOTH VEHICLES MOVING,REAR END,STRAIGHT & LEVEL,DAYLIGHT,0,0,0,1
27161963,CAMPBELL,,OTHR,156,NEWPORT PAVILION,,,39.08962749,-84.47610366,0.341,9/2/2020 0:00,1929,2,2,0,0,O,CLEAR,DRY,0,1 VEHICLE PARKED POSITION (NOT PARKING LOT/DRIVEWAY),SIDESWIPE-OPPOSITE DIRECTION,STRAIGHT & LEVEL,DAYLIGHT,0,0,0,1
27161962,CAMPBELL,KY1892,StateRoute,,GRAND,AVE,,39.08551061,-84.47487041,2.001,9/2/2020 0:00,1820,2,2,0,0,O,CLOUDY,DRY,0,REAR END IN TRAFFIC LANES BOTH VEHICLES MOVING,REAR END,STRAIGHT & HILLCREST,DAYLIGHT,0,0,0,1
27163353,CAMPBELL,KY2238,StateRoute,,THREE MILE,RD,,39.04398018,-84.46828988,1.214,9/2/2020 0:00,1005,2,2,0,0,O,CLOUDY,WET,0,REAR END IN TRAFFIC LANES BOTH VEHICLES MOVING,REAR END,STRAIGHT & GRADE,DAYLIGHT,0,0,0,1
27161990,CAMPBELL,US0027,USRoute,,YORK,ST,,39.08488784,-84.48953541,21.605,9/2/2020 0:00,2002,1,1,0,0,O,CLEAR,DRY,0,COLLISION WITH FIXED OBJECT NON - INTERSECTION - FIRST EVENT COLLISION 09 - 32 EXCLUDING 16,SINGLE VEHICLE,STRAIGHT & LEVEL,DAYLIGHT,0,0,0,1
27186132,CAMPBELL,,OTHR,,DAYTON,AVE,,39.11059026,-84.47040926,0.002,9/2/2020 0:00,2020,2,2,0,0,O,CLOUDY,DRY,0,VEHICLE BACKING IN INTERSECTION,BACKING,CURVE & GRADE,DARK-HWY LIGHTED/ON,1,0,0,1
27172019,CAMPBELL,I 0471,Interstate,,,,,39.08547898,-84.47445002,0.171,9/2/2020 0:00,1540,2,2,0,0,O,CLEAR,DRY,0,OTHER RAMP RELATED COLLISIONS NOT LISTED ABOVE,BACKING,CURVE & LEVEL,DAYLIGHT,0,0,0,1
27168064,CAMPBELL,I 0471,Interstate,,,,,39.06807152,-84.46515856,0.309,9/3/2020 0:00,1624,2,2,0,0,O,CLEAR,DRY,0,OTHER RAMP RELATED COLLISIONS NOT LISTED ABOVE,SIDESWIPE-SAME DIRECTION,STRAIGHT & GRADE,DAYLIGHT,0,0,0,1
27164899,CAMPBELL,I 0471,Interstate,I471,I471,,,39.08189535,-84.47077341,0.138,9/3/2020 0:00,1051,1,1,0,0,O,RAINING,WET,0,COLLISION WITH FIXED OBJECT NOT IN GORE ,SINGLE VEHICLE,CURVE & LEVEL,DAYLIGHT,0,0,0,1
27172563,CAMPBELL,KY2345,StateRoute,,JOHNS HILL,RD,,39.04044321,-84.47756861,2.147,9/3/2020 0:00,1448,1,1,0,0,O,CLEAR,DRY,0,COLLISION WITH FIXED OBJECT NON - INTERSECTION - FIRST EVENT COLLISION 09 - 32 EXCLUDING 16,SINGLE VEHICLE,STRAIGHT & LEVEL,DAYLIGHT,0,0,0,1
27178818,CAMPBELL,I 0471,Interstate,,I471 N,,,39.0522203,-84.46774231,0.684,9/3/2020 0:00,611,1,1,0,0,O,RAINING,WET,0,COLLISION WITH FIXED OBJECT NON - INTERSECTION - FIRST EVENT COLLISION 09 - 32 EXCLUDING 16,SINGLE VEHICLE,CURVE & GRADE,DARK-HWY LIGHTED/ON,0,0,0,1
27164581,CAMPBELL,,OTHR,,LICKING,PIKE,S,38.89003568,-84.38725092,0.062,9/3/2020 0:00,11,1,1,0,1,B,CLOUDY,DRY,0,COLLISION WITH FIXED OBJECT NON - INTERSECTION - FIRST EVENT COLLISION 09 - 32 EXCLUDING 16,SINGLE VEHICLE,STRAIGHT & LEVEL,DARK-HWY NOT LIGHTED,0,0,0,1
27165677,CAMPBELL,KY0009,StateRoute,,AA,HWY,,38.86484841,-84.26367836,,9/3/2020 0:00,626,1,1,0,0,O,RAINING,WET,0,OTHER ROADWAY OR MID-BLOCK COLLISION,SINGLE VEHICLE,CURVE & GRADE,DARK-HWY NOT LIGHTED,0,0,0,1
27167818,CAMPBELL,I 0471,Interstate,,I471 N,,,39.05025423,-84.46419054,0.443,9/3/2020 0:00,1925,2,2,0,0,O,CLEAR,DRY,0,SIDESWIPE COLLISION - SAME DIRECTION,SIDESWIPE-SAME DIRECTION,STRAIGHT & LEVEL,DAYLIGHT,0,0,0,1
27166936,CAMPBELL,I 0471,Interstate,,I471 S,,,39.09786604,-84.48732886,4.481,9/3/2020 0:00,2307,2,2,0,0,O,CLEAR,DRY,0,SIDESWIPE COLLISION - SAME DIRECTION,SIDESWIPE-SAME DIRECTION,STRAIGHT & LEVEL,DARK-HWY LIGHTED/ON,0,0,0,1
27169530,CAMPBELL,,OTHR,11,PARKVIEW,AVE,,39.08308248,-84.48325289,0.062,9/4/2020 0:00,1340,2,2,0,0,O,CLEAR,DRY,0,SIDESWIPE COLLISION - SAME DIRECTION,SIDESWIPE-SAME DIRECTION,CURVE & HILLCREST,DAYLIGHT,0,0,0,1
27169857,CAMPBELL,,OTHR,,NEWPORT PAVILION,,,39.0878704,-84.47619823,0.48,9/4/2020 0:00,1627,2,2,0,0,O,CLEAR,DRY,0,1 VEHICLE ENTERING/LEAVING ENTRANCE,ANGLE,CURVE & LEVEL,DAYLIGHT,0,0,0,1
27175113,CAMPBELL,US0027,USRoute,,ALEXANDRIA,PIKE,,39.02475577,-84.44413843,15.688,9/4/2020 0:00,1527,2,2,0,0,O,CLEAR,DRY,0,1 VEHICLE ENTERING/LEAVING ENTRANCE,ANGLE,STRAIGHT & GRADE,DAYLIGHT,0,0,0,1
27172564,CAMPBELL,I 0275,Interstate,,I275 W,,,39.02594395,-84.4767663,76.834,9/4/2020 0:00,540,2,2,0,0,O,CLEAR,DRY,0,OTHER ROADWAY OR MID-BLOCK COLLISION,REAR END,CURVE & GRADE,DARK-HWY LIGHTED/ON,0,0,0,1
27184356,CAMPBELL,KY1892,StateRoute,1409,GRAND,AVE,N,39.08009346,-84.46710605,1.407,9/4/2020 0:00,1500,2,2,0,0,O,CLEAR,DRY,0,VEHICLE BACKING NON INTERSECTION,BACKING,STRAIGHT & LEVEL,DAYLIGHT,0,0,0,1
27186131,CAMPBELL,KY0008,StateRoute,316,6TH,AVE,,39.1112363,-84.47652012,2.364,9/4/2020 0:00,1916,2,2,0,0,O,CLEAR,DRY,1,1 VEHICLE PARKED POSITION (NOT PARKING LOT/DRIVEWAY),SIDESWIPE-SAME DIRECTION,STRAIGHT & LEVEL,DUSK,0,0,0,1
27200402,CAMPBELL,US0027,USRoute,,ALEXANDRIA,PIKE,,38.85234235,-84.38267553,2.403,9/4/2020 0:00,1440,2,2,0,1,C,CLEAR,DRY,0,REAR END IN TRAFFIC LANES BOTH VEHICLES MOVING,REAR END,STRAIGHT & LEVEL,DAYLIGHT,0,0,0,1
27454270,CAMPBELL,KY0009,StateRoute,,AA,HWY,,39.02101767,-84.48121198,17.61,9/4/2020 0:00,1546,2,2,0,0,O,CLEAR,DRY,0,REAR END IN TRAFFIC LANES BOTH VEHICLES MOVING,REAR END,STRAIGHT & LEVEL,DAYLIGHT,0,0,0,1
27184358,CAMPBELL,,OTHR,,9TH,ST,E,39.08854922,-84.48972581,0.552,9/4/2020 0:00,1730,2,2,0,0,O,CLEAR,DRY,0,ANGLE COLLISION - OTHER,ANGLE,STRAIGHT & LEVEL,DAYLIGHT,0,0,0,1
27172012,CAMPBELL,KY0010,StateRoute,12312,FLAGG SPRINGS,PIKE,,38.88387054,-84.26350698,11.805,9/4/2020 0:00,1443,2,2,0,0,O,CLEAR,DRY,0,1 VEHICLE PARKED POSITION (NOT PARKING LOT/DRIVEWAY),BACKING,STRAIGHT & LEVEL,DAYLIGHT,0,0,0,1
27172127,CAMPBELL,I 0275,Interstate,,I275 W,,,39.02552265,-84.47749927,76.886,9/4/2020 0:00,714,2,2,0,0,O,CLEAR,DRY,0,OTHER ROADWAY OR MID-BLOCK COLLISION,REAR END,CURVE & GRADE,DAWN,0,0,0,1
27169537,CAMPBELL,I 0471,Interstate,,,,,39.1007969,-84.48976582,0.552,9/4/2020 0:00,1205,2,2,0,0,O,CLEAR,DRY,0,OTHER RAMP RELATED COLLISIONS NOT LISTED ABOVE,REAR END,STRAIGHT & LEVEL,DAYLIGHT,0,0,0,1
27174257,CAMPBELL,,OTHR,115,NEWPORT PAVILION,,,39.09171976,-84.47934973,0.103,9/5/2020 0:00,1838,2,2,0,0,O,CLEAR,DRY,0,OTHER ROADWAY OR MID-BLOCK COLLISION,OPPOSING LEFT TURN,CURVE & LEVEL,DAYLIGHT,0,0,0,1
27175197,CAMPBELL,I 0471,Interstate,,,,,39.06989068,-84.46361143,0.178,9/5/2020 0:00,2322,1,1,0,0,O,CLEAR,DRY,0,COLLISION WITH FIXED OBJECT IN GORE,SINGLE VEHICLE,CURVE & LEVEL,DARK-HWY LIGHTED/ON,0,0,0,1
27173896,CAMPBELL,KY1121,StateRoute,,PERSIMMON GROVE,PIKE,,38.93206104,-84.37002697,8.104,9/5/2020 0:00,1506,1,1,0,0,O,CLEAR,DRY,0,COLLISION WITH FIXED OBJECT NON - INTERSECTION - FIRST EVENT COLLISION 09 - 32 EXCLUDING 16,SINGLE VEHICLE,STRAIGHT & LEVEL,DAYLIGHT,0,0,0,1
27192638,CAMPBELL,KY1892,StateRoute,,GRAND,AVE,S,39.07290295,-84.45521593,0.494,9/5/2020 0:00,2314,1,1,0,1,B,CLEAR,DRY,0,OCCUPANT FELL FROM MOVING VEHICLE,SINGLE VEHICLE,CURVE & GRADE,DARK-HWY LIGHTED/ON,0,0,0,1
27174977,CAMPBELL,,OTHR,,9TH,ST,E,39.08896695,-84.48909488,0.567,9/5/2020 0:00,1720,2,2,0,0,O,CLEAR,DRY,0,ANGLE COLLISION - OTHER,ANGLE,STRAIGHT & LEVEL,DAYLIGHT,0,0,0,1
27172384,CAMPBELL,,OTHR,,4TH,ST,E,39.09285584,-84.4951943,0.49,9/5/2020 0:00,1400,2,2,0,0,O,CLEAR,DRY,0,ANGLE COLLISION - OTHER,ANGLE,STRAIGHT & LEVEL,DAYLIGHT,0,0,0,1
27174256,CAMPBELL,US0027,USRoute,,11TH,ST,E,39.08497374,-84.48954244,21.599,9/5/2020 0:00,2023,1,1,0,0,O,CLEAR,DRY,1,COLLISION WITH FIXED OBJECT IN INTERSECTION - FIRST EVENT COLLISION 09 - 32,SINGLE VEHICLE,STRAIGHT & LEVEL,DARK-HWY LIGHTED/ON,1,0,0,1
27172386,CAMPBELL,US0027,USRoute,,YORK,ST,,39.08750602,-84.49183186,21.806,9/5/2020 0:00,1200,2,2,0,0,O,CLEAR,DRY,0,SIDESWIPE-SAME DIRECTION,SIDESWIPE-SAME DIRECTION,STRAIGHT & GRADE,DAYLIGHT,0,0,0,1
27179766,CAMPBELL,I 0275,Interstate,,I275 E,,,39.04777377,-84.45283191,74.558,9/5/2020 0:00,2230,1,1,0,0,O,CLEAR,DRY,1,OTHER ROADWAY OR MID-BLOCK COLLISION,SINGLE VEHICLE,STRAIGHT & LEVEL,DARK-HWY LIGHTED/ON,0,0,0,1
27174700,CAMPBELL,KY0547,StateRoute,,FOUR MILE,RD,,38.98879174,-84.36322797,2.642,9/5/2020 0:00,1845,2,2,0,0,O,CLEAR,DRY,0,SIDESWIPE COLLISION - OPPOSITE DIRECTION,SIDESWIPE-OPPOSITE DIRECTION,CURVE & GRADE,DAYLIGHT,0,0,0,1
27183533,CAMPBELL,,OTHR,1007,ORCHARD,TER,W,39.03296824,-84.44059707,0.101,9/6/2020 0:00,2045,1,1,0,0,O,CLEAR,DRY,1,COLLISION WITH FIXED OBJECT NON - INTERSECTION - FIRST EVENT COLLISION 09 - 32 EXCLUDING 16,SINGLE VEHICLE,CURVE & LEVEL,DUSK,0,0,0,1
27192199,CAMPBELL,I 0275,Interstate,,I275 E,,,39.03664381,-84.47017018,75.917,9/7/2020 0:00,1532,1,1,1,1,K,CLEAR,DRY,0,OTHER ROADWAY OR MID-BLOCK COLLISION,SINGLE VEHICLE,STRAIGHT & HILLCREST,DAYLIGHT,0,0,0,1
27179430,CAMPBELL,,OTHR,320,ELM,ST,,39.08674636,-84.49837172,0.047,9/7/2020 0:00,1403,2,2,0,0,O,CLEAR,DRY,0,1 VEHICLE PARKED POSITION (NOT PARKING LOT/DRIVEWAY),SIDESWIPE-SAME DIRECTION,STRAIGHT & LEVEL,DAYLIGHT,0,0,0,1
27213101,CAMPBELL,US0027,USRoute,7010,ALEXANDRIA,PIKE,,38.98447874,-84.40147585,12.121,9/7/2020 0:00,1811,2,2,0,0,O,CLEAR,WET,0,REAR END IN TRAFFIC LANES BOTH VEHICLES MOVING,REAR END,STRAIGHT & LEVEL,DAYLIGHT,0,0,0,1
27180678,CAMPBELL,US0027,USRoute,,MONMOUTH,ST,,39.0838519,-84.48379893,21.211,9/7/2020 0:00,1749,2,2,0,1,C,CLEAR,DRY,0,ANGLE COLLISION - OTHER,ANGLE,STRAIGHT & LEVEL,DAYLIGHT,0,0,0,1
27190492,CAMPBELL,KY0009,StateRoute,,AA,HWY,,38.93155094,-84.31053537,,9/7/2020 0:00,2025,1,1,0,0,O,CLEAR,DRY,0,COLLISION WITH ANIMAL NON INTERSECTION,SINGLE VEHICLE,CURVE & GRADE,DARK-HWY LIGHTED/ON,0,0,0,1
27207000,CAMPBELL,,OTHR,138,RIDGEWOOD,DR,,38.95609996,-84.35138798,0.839,9/8/2020 0:00,729,2,2,0,0,O,CLEAR,DRY,0,1 VEHICLE PARKED POSITION (NOT PARKING LOT/DRIVEWAY),SIDESWIPE-SAME DIRECTION,STRAIGHT & LEVEL,DAYLIGHT,0,0,0,1
27206999,CAMPBELL,US0027,USRoute,,ALEXANDRIA,PIKE,,38.94025834,-84.39408448,8.847,9/8/2020 0:00,1719,2,2,0,2,B,CLEAR,DRY,0,OTHER INTERSECTION COLLISIONS,REAR END,STRAIGHT & LEVEL,DAYLIGHT,1,0,0,1
27184367,CAMPBELL,KY1892,StateRoute,57,CAROTHERS,RD,,39.08502805,-84.48070135,2.372,9/8/2020 0:00,1313,2,2,0,0,O,CLEAR,DRY,0,1 VEHICLE ENTERING/LEAVING ENTRANCE,ANGLE,STRAIGHT & GRADE,DAYLIGHT,0,0,0,1
27197332,CAMPBELL,US0027,USRoute,,ALEXANDRIA,PIKE,,38.97418149,-84.39225785,11.201,9/8/2020 0:00,2052,2,2,0,0,O,CLEAR,DRY,0,1 VEHICLE ENTERING/LEAVING ENTRANCE,ANGLE,STRAIGHT & LEVEL,DARK-HWY NOT LIGHTED,0,0,0,1
27246080,CAMPBELL,KY0008,StateRoute,,6TH,AVE,,39.11000119,-84.47842115,2.235,9/8/2020 0:00,800,2,2,0,0,O,CLEAR,DRY,0,1 VEHICLE ENTERING/LEAVING ENTRANCE,ANGLE,STRAIGHT & LEVEL,DAYLIGHT,0,0,0,1
27189524,CAMPBELL,I 0471,Interstate,,,,,39.08162021,-84.47089804,0.119,9/9/2020 0:00,1005,1,1,0,1,B,CLEAR,DRY,0,COLLISION WITH FIXED OBJECT NOT IN GORE ,SINGLE VEHICLE,CURVE & GRADE,DAYLIGHT,0,0,0,1
27206944,CAMPBELL,I 0471,Interstate,,I471 S,,,39.06806155,-84.46420412,1.904,9/9/2020 0:00,1701,2,2,0,0,O,CLEAR,DRY,0,OTHER ROADWAY OR MID-BLOCK COLLISION,REAR END,CURVE & GRADE,DAYLIGHT,0,0,0,1
27192202,CAMPBELL,,OTHR,28,HIGHLAND MEADOWS,CIR,,39.02571129,-84.46037203,0.198,9/9/2020 0:00,1500,2,2,0,0,O,CLEAR,DRY,0,VEHICLE BACKING NON INTERSECTION,BACKING,STRAIGHT & LEVEL,DAYLIGHT,0,0,0,1
27196956,CAMPBELL,I 0471,Interstate,,I471 S,,,39.06962154,-84.46332171,2.02,9/9/2020 0:00,1700,2,2,0,0,O,CLEAR,DRY,0,REAR END IN TRAFFIC LANES BOTH VEHICLES MOVING,REAR END,STRAIGHT & LEVEL,DAYLIGHT,0,0,0,1
27191978,CAMPBELL,US0027,USRoute,,ALEXANDRIA,PIKE,,39.07534389,-84.47669263,20.505,9/9/2020 0:00,1501,2,2,0,0,O,CLEAR,DRY,0,REAR END IN TRAFFIC LANES BOTH VEHICLES MOVING,REAR END,STRAIGHT & GRADE,DAYLIGHT,0,0,0,1
27216937,CAMPBELL,,OTHR,228,PROSPECT,ST,,39.10480006,-84.48356847,0.064,9/9/2020 0:00,853,2,2,0,0,O,CLEAR,DRY,0,OTHER COLLISIONS ON SHOULDER,SIDESWIPE-SAME DIRECTION,STRAIGHT & LEVEL,DAYLIGHT,0,0,0,1
27192653,CAMPBELL,KY2238,StateRoute,,THREE MILE,RD,,39.04316975,-84.46715472,1.128,9/9/2020 0:00,909,2,2,0,0,O,CLEAR,DRY,0,COLLISION WITH PARKED VEHICLE,SIDESWIPE-SAME DIRECTION,STRAIGHT & LEVEL,DAYLIGHT,0,0,0,1
27192654,CAMPBELL,,OTHR,4,CENTER,ST,,39.05653894,-84.48773111,0.054,9/9/2020 0:00,819,2,2,0,0,O,CLEAR,DRY,0,1 VEHICLE PARKED POSITION (NOT PARKING LOT/DRIVEWAY),REAR END,STRAIGHT & LEVEL,DAYLIGHT,0,0,0,1