IncidentID,County,RdwyNumber,RdwyType,Street,RoadwayName,StreetSfx,StreetDir,Latitude,Longitude,Milepoint,CollisionDate,CollisionTime,UnitsInvolved,MotorVehiclesInvolved,NumberKilled,NumberInjured,KABCO,Weather,RdwyConditionCode,HitandRun,DirAnalysisCode,MannerofCollision,RdwyCharacter,LightCondition,Intersection Crash,Bicyclist,Pedestrian,Motor Vehicles
27206951,CAMPBELL,US0027,USRoute,1429,ALEXANDRIA,PIKE,,39.05424149,-84.44940234,18.155,9/10/2020 0:00,730,2,2,0,0,O,CLEAR,DRY,0,1 VEHICLE PARKED POSITION (NOT PARKING LOT/DRIVEWAY),BACKING,STRAIGHT & LEVEL,DAYLIGHT,0,0,0,1
27198403,CAMPBELL,KY0009,StateRoute,,AA,HWY,,39.00971235,-84.46915088,16.536,9/10/2020 0:00,845,2,2,0,0,O,CLEAR,DRY,0,OTHER INTERSECTION COLLISIONS,REAR END,STRAIGHT & LEVEL,DAYLIGHT,1,0,0,1
27201226,CAMPBELL,US0027,USRoute,,ALEXANDRIA,PIKE,,39.02515641,-84.44474924,15.73,9/10/2020 0:00,2001,2,2,0,0,O,CLOUDY,DRY,0,OTHER ROADWAY OR MID-BLOCK COLLISION,REAR END,STRAIGHT & LEVEL,DUSK,0,0,0,1
27216948,CAMPBELL,,OTHR,3,SHERRY,LN,N,39.09805678,-84.47256559,0.058,9/10/2020 0:00,1254,2,2,0,0,O,CLEAR,DRY,0,VEHICLE BACKING NON INTERSECTION,BACKING,STRAIGHT & GRADE,DAYLIGHT,0,0,0,1
27198965,CAMPBELL,I 0471,Interstate,,I471 N,,,39.09996701,-84.49307008,4.83,9/10/2020 0:00,1057,2,2,0,0,O,CLEAR,DRY,0,SIDESWIPE COLLISION - SAME DIRECTION,SIDESWIPE-SAME DIRECTION,STRAIGHT & LEVEL,DAYLIGHT,0,0,0,1
27193922,CAMPBELL,I 0471,Interstate,,,,,39.08518568,-84.47491223,0.056,9/10/2020 0:00,630,1,1,0,0,O,CLEAR,DRY,0,COLLISION WITH FIXED OBJECT NOT IN GORE ,SINGLE VEHICLE,STRAIGHT & LEVEL,DARK-HWY LIGHTED/ON,0,0,0,1
27206945,CAMPBELL,KY1120,StateRoute,,FT THOMAS,AVE,S,39.06378147,-84.44758102,5.421,9/11/2020 0:00,1657,2,2,0,0,O,CLEAR,DRY,0,OTHER ROADWAY OR MID-BLOCK COLLISION,REAR END,CURVE & LEVEL,DAYLIGHT,0,0,0,1
27283284,CAMPBELL,I 0275,Interstate,,,,,39.02133135,-84.48122561,0.052,9/11/2020 0:00,1522,2,2,0,0,O,CLEAR,DRY,0,OTHER RAMP RELATED COLLISIONS NOT LISTED ABOVE,SIDESWIPE-SAME DIRECTION,STRAIGHT & LEVEL,DAYLIGHT,0,0,0,1
27205812,CAMPBELL,KY1998,StateRoute,,POOLES CREEK,RD,,39.01088788,-84.46851869,0.07,9/11/2020 0:00,2123,2,2,0,0,O,CLOUDY,DRY,0,1 VEHICLE ENTERING/LEAVING ENTRANCE,ANGLE,STRAIGHT & LEVEL,DARK-HWY LIGHTED/ON,0,0,0,1
27201787,CAMPBELL,US0027,USRoute,,ALEXANDRIA,PIKE,,39.03143821,-84.45190315,16.332,9/11/2020 0:00,1421,3,3,0,0,O,CLEAR,DRY,0,SIDESWIPE COLLISION - SAME DIRECTION,SIDESWIPE-SAME DIRECTION,STRAIGHT & LEVEL,DAYLIGHT,0,0,0,1
27216944,CAMPBELL,KY0008,StateRoute,,FAIRFIELD,AVE,,39.10284096,-84.48744704,1.542,9/11/2020 0:00,1928,2,2,0,0,O,CLEAR,DRY,0,OTHER ROADWAY OR MID-BLOCK COLLISION,REAR END,STRAIGHT & LEVEL,DUSK,0,0,0,1
27198988,CAMPBELL,I 0471,Interstate,,I471 N EXIT3 CROSSOVER KY1892,,,39.0822611,-84.47018913,0.011,9/11/2020 0:00,1528,2,2,0,0,O,CLOUDY,DRY,0,REAR END IN TRAFFIC LANES BOTH VEHICLES MOVING,REAR END,CURVE & GRADE,DAYLIGHT,0,0,0,1
27200105,CAMPBELL,US0027,USRoute,919,MONMOUTH,ST,,39.0877341,-84.48946534,21.619,9/11/2020 0:00,1934,2,2,0,0,O,CLEAR,DRY,1,1 VEHICLE PARKED POSITION (NOT PARKING LOT/DRIVEWAY),SIDESWIPE-SAME DIRECTION,STRAIGHT & LEVEL,DAYLIGHT,0,0,0,1
27206416,CAMPBELL,US0027,USRoute,2404,ALEXANDRIA,PIKE,,39.07332464,-84.4720013,20.215,9/11/2020 0:00,1400,1,1,0,0,O,CLOUDY,DRY,0,COLLISION WITH FIXED OBJECT NON - INTERSECTION - FIRST EVENT COLLISION 09 - 32 EXCLUDING 16,SINGLE VEHICLE,STRAIGHT & GRADE,DAYLIGHT,0,0,0,1
27309310,CAMPBELL,,OTHR,11433,BURNS,RD,,38.88868432,-84.33903355,3.528,9/11/2020 0:00,1607,1,1,0,1,C,CLEAR,DRY,0,COLLISION WITH FIXED OBJECT NON - INTERSECTION - FIRST EVENT COLLISION 09 - 32 EXCLUDING 16,SINGLE VEHICLE,STRAIGHT & LEVEL,DAYLIGHT,0,0,0,1
27198315,CAMPBELL,,OTHR,,BLOSSOM,LN,,39.06151805,-84.45824814,0.101,9/11/2020 0:00,1133,1,1,0,1,B,CLOUDY,DRY,0,COLLISION WITH FIXED OBJECT NON - INTERSECTION - FIRST EVENT COLLISION 09 - 32 EXCLUDING 16,SINGLE VEHICLE,CURVE & LEVEL,DAYLIGHT,0,0,0,1
27206946,CAMPBELL,,OTHR,58,DUMFRIES,AVE,,39.08643384,-84.44554446,0.125,9/11/2020 0:00,1523,1,1,0,0,O,CLOUDY,DRY,0,COLLISION WITH FIXED OBJECT NON - INTERSECTION - FIRST EVENT COLLISION 09 - 32 EXCLUDING 16,SINGLE VEHICLE,STRAIGHT & LEVEL,DAYLIGHT,0,0,0,1
27201786,CAMPBELL,US0027,USRoute,2700,ALEXANDRIA,PIKE,,39.033738,-84.45316963,16.505,9/12/2020 0:00,945,2,2,0,0,O,CLEAR,DRY,0,OPPOSING LEFT TURN,OPPOSING LEFT TURN,STRAIGHT & GRADE,DAYLIGHT,0,0,0,1
27203088,CAMPBELL,KY0009,StateRoute,1023,CENTRAL,AVE,,39.08431732,-84.49317471,22.525,9/12/2020 0:00,2253,2,2,0,0,O,RAINING,WET,1,1 VEHICLE PARKED POSITION (NOT PARKING LOT/DRIVEWAY),REAR END,STRAIGHT & GRADE,DARK-HWY LIGHTED/ON,0,0,0,1
27205811,CAMPBELL,KY0009,StateRoute,,AA,HWY,,39.02085924,-84.48125706,17.598,9/12/2020 0:00,1003,2,2,0,0,O,CLOUDY,DRY,0,REAR END IN TRAFFIC LANES BOTH VEHICLES MOVING,REAR END,STRAIGHT & LEVEL,DAYLIGHT,0,0,0,1
27216956,CAMPBELL,,OTHR,803,TAYLOR,AVE,,39.09747516,-84.47516375,0.858,9/12/2020 0:00,1200,2,2,0,0,O,CLEAR,DRY,0,1 VEHICLE PARKED POSITION (NOT PARKING LOT/DRIVEWAY),SIDESWIPE-SAME DIRECTION,STRAIGHT & GRADE,DAYLIGHT,0,0,0,1
27212019,CAMPBELL,KY1120,StateRoute,1175,FT THOMAS,AVE,S,39.06309752,-84.44837327,5.572,9/12/2020 0:00,2119,2,2,0,0,O,CLEAR,DRY,1,1 VEHICLE PARKED POSITION (NOT PARKING LOT/DRIVEWAY),REAR END,CURVE & LEVEL,DARK-HWY LIGHTED/ON,0,0,0,1
27202549,CAMPBELL,,OTHR,99,MAYO,RD,,39.07531057,-84.4801139,0.076,9/12/2020 0:00,2044,2,2,0,0,O,CLEAR,DRY,0,1 VEHICLE PARKED POSITION (NOT PARKING LOT/DRIVEWAY),SIDESWIPE-OPPOSITE DIRECTION,STRAIGHT & LEVEL,DARK-HWY LIGHTED/OFF,0,0,0,1
27222602,CAMPBELL,I 0471,Interstate,,I471 N,,,39.0549153,-84.46930351,0.886,9/12/2020 0:00,1837,2,2,0,1,C,CLEAR,DRY,0,1 VEHICLE ENTERING/LEAVING ENTRANCE,ANGLE,CURVE & LEVEL,DAYLIGHT,0,0,0,1
27203089,CAMPBELL,I 0471,Interstate,,I471 S,,,39.09515883,-84.48126914,4.099,9/13/2020 0:00,32,1,1,0,0,O,RAINING,WET,0,OTHER ROADWAY OR MID-BLOCK COLLISION,SINGLE VEHICLE,STRAIGHT & GRADE,DARK-HWY LIGHTED/ON,0,0,0,1
29422914,CAMPBELL,KY1632,StateRoute,,MOOCK,RD,,39.06829263,-84.46665186,1.618,9/13/2020 0:00,1942,2,2,0,0,O,CLEAR,DRY,0,REAR END IN TRAFFIC LANES BOTH VEHICLES MOVING,REAR END,CURVE & GRADE,DAYLIGHT,0,0,0,1
27216951,CAMPBELL,,OTHR,,TAYLOR,AVE,,39.10352538,-84.48152023,0.319,9/13/2020 0:00,1716,2,2,0,0,O,CLEAR,DRY,1,COLLISION WITH PARKED VEHICLE,SIDESWIPE-OPPOSITE DIRECTION,,DAYLIGHT,0,0,0,1
27212224,CAMPBELL,,OTHR,,SARATOGA,ST,,39.09008374,-84.49013829,0.303,9/14/2020 0:00,2200,2,2,0,0,O,CLEAR,DRY,1,COLLISION WITH PARKED VEHICLE,,STRAIGHT & LEVEL,DARK-HWY LIGHTED/ON,0,0,0,1
27249245,CAMPBELL,,OTHR,,TAYLOR,AVE,,39.09968284,-84.47748765,0.661,9/14/2020 0:00,300,3,3,0,0,O,CLEAR,DRY,1,COLLISION WITH PARKED VEHICLE,REAR END,STRAIGHT & GRADE,DARK-HWY LIGHTED/ON,0,0,0,1
27209029,CAMPBELL,,OTHR,24,HOME,ST,,39.08045197,-84.48814406,0.182,9/14/2020 0:00,1418,2,2,0,0,O,CLEAR,DRY,0,1 VEHICLE PARKED POSITION (NOT PARKING LOT/DRIVEWAY),SIDESWIPE-SAME DIRECTION,STRAIGHT & LEVEL,DAYLIGHT,0,0,0,1
27226504,CAMPBELL,,OTHR,358,FOOTE,AVE,,39.10445148,-84.47892071,0.411,9/14/2020 0:00,1540,3,3,0,0,O,CLEAR,DRY,0,1 VEHICLE PARKED POSITION (NOT PARKING LOT/DRIVEWAY),HEAD ON,STRAIGHT & GRADE,DAYLIGHT,0,0,0,1
27215777,CAMPBELL,I 0275,Interstate,,I275 E,,,39.05693938,-84.4308265,,9/14/2020 0:00,2316,2,2,0,0,O,CLEAR,DRY,0,REAR END IN TRAFFIC LANES BOTH VEHICLES MOVING,REAR END,STRAIGHT & LEVEL,DARK-HWY LIGHTED/ON,0,0,0,1
27227361,CAMPBELL,KY2345,StateRoute,,JOHNS HILL,RD,,39.02863897,-84.4691613,1.139,9/14/2020 0:00,1454,2,2,0,0,O,CLEAR,DRY,0,1 VEHICLE ENTERING/LEAVING ENTRANCE,ANGLE,CURVE & GRADE,DAYLIGHT,0,0,0,1
27222973,CAMPBELL,,OTHR,5,SOUTHWOOD,DR,,38.94745562,-84.38922076,0.078,9/14/2020 0:00,1540,2,2,0,0,O,CLEAR,DRY,0,VEHICLE BACKING NON INTERSECTION,BACKING,STRAIGHT & GRADE,DAYLIGHT,0,0,0,1
27210131,CAMPBELL,KY0010,StateRoute,,FLAGG SPRINGS,PIKE,,38.87214996,-84.26246645,12.619,9/14/2020 0:00,1230,2,2,0,0,O,CLEAR,DRY,1,SIDESWIPE COLLISION - OPPOSITE DIRECTION,SIDESWIPE-OPPOSITE DIRECTION,CURVE & LEVEL,DAYLIGHT,0,0,0,1
27212991,CAMPBELL,US0027,USRoute,,ALEXANDRIA,PIKE,,39.02769678,-84.44924946,16.037,9/14/2020 0:00,1540,2,2,0,0,O,CLEAR,DRY,0,1 VEHICLE ENTERING/LEAVING ENTRANCE,ANGLE,STRAIGHT & LEVEL,DAYLIGHT,0,0,0,1
27211688,CAMPBELL,KY0009,StateRoute,,AA,HWY,,39.00985978,-84.46942055,16.52,9/14/2020 0:00,1513,2,2,0,0,O,CLEAR,DRY,0,1 VEHICLE ENTERING/LEAVING ENTRANCE,ANGLE,STRAIGHT & LEVEL,DAYLIGHT,0,0,0,1
27233205,CAMPBELL,,OTHR,200,11TH,ST,E,39.08623992,-84.48727579,0.013,9/15/2020 0:00,1700,2,2,0,0,O,CLEAR,DRY,0,REAR END IN TRAFFIC LANES BOTH VEHICLES MOVING,REAR END,STRAIGHT & LEVEL,DAYLIGHT,0,0,0,1
27212225,CAMPBELL,I 0471,Interstate,,I471 N,,,39.09960891,-84.4927174,4.801,9/15/2020 0:00,653,4,4,0,0,O,CLEAR,DRY,0,REAR END IN TRAFFIC LANES BOTH VEHICLES MOVING,REAR END,STRAIGHT & LEVEL,DAWN,0,0,0,1
27247950,CAMPBELL,,OTHR,,VINE,ST,,39.11003905,-84.47628559,0.243,9/15/2020 0:00,800,2,2,0,0,O,CLEAR,DRY,1,1 VEHICLE PARKED POSITION (NOT PARKING LOT/DRIVEWAY),REAR END,STRAIGHT & LEVEL,DAYLIGHT,0,0,0,1
27217222,CAMPBELL,KY1120,StateRoute,,MEMORIAL,PKWY,,39.09142241,-84.45206708,3.146,9/15/2020 0:00,1810,2,2,0,0,O,CLEAR,DRY,0,OTHER INTERSECTION COLLISIONS,REAR END,CURVE & LEVEL,DAYLIGHT,1,0,0,1
27215250,CAMPBELL,KY0009,StateRoute,,AA,HWY,,39.00983405,-84.46914318,16.533,9/15/2020 0:00,1400,2,2,0,0,O,CLEAR,DRY,0,ANGLE COLLISION - OTHER,ANGLE,STRAIGHT & LEVEL,DAYLIGHT,0,0,0,1
27213777,CAMPBELL,US0027,USRoute,,YORK,ST,,39.08862088,-84.49290814,21.913,9/15/2020 0:00,1418,2,2,0,0,O,CLEAR,DRY,0,ANGLE COLLISION - OTHER,ANGLE,STRAIGHT & LEVEL,DAYLIGHT,0,0,0,1
27342433,CAMPBELL,KY0009,StateRoute,,AA,HWY,,39.01814912,-84.48013999,17.391,9/16/2020 0:00,1719,3,3,0,0,O,CLEAR,DRY,0,OTHER ROADWAY OR MID-BLOCK COLLISION,REAR TO REAR,STRAIGHT & LEVEL,DAYLIGHT,0,0,0,1
27223772,CAMPBELL,I 0275,Interstate,,I275 E,,,39.05701631,-84.43070402,,9/16/2020 0:00,1644,3,3,0,0,O,CLEAR,DRY,0,REAR END IN TRAFFIC LANES BOTH VEHICLES MOVING,REAR END,STRAIGHT & LEVEL,DAYLIGHT,0,0,0,1
27232821,CAMPBELL,KY1120,StateRoute,,MEMORIAL,PKWY,,39.09271841,-84.480636,1.375,9/17/2020 0:00,1745,2,2,0,0,O,CLEAR,DRY,0,SIDESWIPE-SAME DIRECTION,SIDESWIPE-SAME DIRECTION,STRAIGHT & LEVEL,DAYLIGHT,0,0,0,1
27246879,CAMPBELL,,OTHR,,COVERT RUN,PIKE,,39.09969454,-84.47754049,0.135,9/17/2020 0:00,1823,2,2,0,0,O,CLEAR,DRY,0,VEHICLE BACKING IN INTERSECTION,BACKING,STRAIGHT & LEVEL,DAYLIGHT,1,0,0,1
27588327,CAMPBELL,US0027,USRoute,,ALEXANDRIA,PIKE,,38.82885038,-84.36536745,0.5,9/17/2020 0:00,843,1,1,0,0,O,CLOUDY,DRY,1,COLLISION WITH FIXED OBJECT NON - INTERSECTION - FIRST EVENT COLLISION 09 - 32 EXCLUDING 16,SINGLE VEHICLE,STRAIGHT & GRADE,DAYLIGHT,0,0,0,1
27225851,CAMPBELL,I 0471,Interstate,0.7,I471 N,,,39.05352397,-84.46901418,0.795,9/17/2020 0:00,1419,1,1,0,0,O,CLEAR,DRY,0,OTHER COLLISIONS ON SHOULDER,SINGLE VEHICLE,CURVE & LEVEL,DAYLIGHT,0,0,0,1
27284728,CAMPBELL,I 0471,Interstate,,I471 N,,,39.08872303,-84.47481589,3.51,9/17/2020 0:00,2049,3,3,0,2,C,CLEAR,DRY,1,REAR END IN TRAFFIC LANES BOTH VEHICLES MOVING,REAR END,STRAIGHT & GRADE,DARK-HWY LIGHTED/ON,0,0,0,1
27229593,CAMPBELL,KY0008,StateRoute,,DAVE COWENS,DR,,39.10073638,-84.48986248,1.341,9/18/2020 0:00,2057,2,2,0,0,O,CLEAR,DRY,0,OTHER ROADWAY OR MID-BLOCK COLLISION,OPPOSING LEFT TURN,STRAIGHT & LEVEL,DARK-HWY LIGHTED/ON,0,0,0,1
27246878,CAMPBELL,KY0008,StateRoute,224,FAIRFIELD,AVE,,39.10530697,-84.48444863,1.777,9/18/2020 0:00,2118,2,2,0,0,O,CLEAR,DRY,0,REAR END IN TRAFFIC LANES BOTH VEHICLES MOVING,REAR END,STRAIGHT & LEVEL,DARK-HWY LIGHTED/ON,0,0,0,1
27235563,CAMPBELL,US0027,USRoute,,ALEXANDRIA,PIKE,,39.07237876,-84.47121397,20.138,9/18/2020 0:00,2029,3,3,0,0,O,CLOUDY,DRY,0,REAR END IN TRAFFIC LANES BOTH VEHICLES MOVING,REAR END,STRAIGHT & GRADE,DUSK,0,0,0,1
27234652,CAMPBELL,KY0009,StateRoute,,LICKING,PIKE,,39.05089037,-84.48994769,19.833,9/18/2020 0:00,1116,3,3,0,0,O,CLEAR,DRY,0,REAR END IN TRAFFIC LANES BOTH VEHICLES MOVING,REAR END,CURVE & LEVEL,DAYLIGHT,0,0,0,1
27231699,CAMPBELL,KY0009,StateRoute,,AA,HWY,,38.98876264,-84.39500524,12.125,9/18/2020 0:00,2138,2,2,0,1,C,CLEAR,DRY,0,REAR END IN TRAFFIC LANES BOTH VEHICLES MOVING,REAR END,STRAIGHT & GRADE,DARK-HWY LIGHTED/ON,0,0,0,1
27252377,CAMPBELL,KY0008,StateRoute,,MARY INGLES,HWY,,39.04417706,-84.42082881,9.046,9/18/2020 0:00,1541,1,1,0,0,O,CLEAR,DRY,0,COLLISION WITH FIXED OBJECT NON - INTERSECTION - FIRST EVENT COLLISION 09 - 32 EXCLUDING 16,SINGLE VEHICLE,CURVE & LEVEL,DAYLIGHT,0,0,0,1
27228050,CAMPBELL,KY1892,StateRoute,,GRAND,AVE,,39.08636701,-84.47720222,2.15,9/18/2020 0:00,1636,2,2,0,0,O,CLEAR,DRY,0,OTHER INTERSECTION COLLISIONS,REAR END,CURVE & LEVEL,DAYLIGHT,1,0,0,1
27247952,CAMPBELL,,OTHR,610,5TH,AVE,,39.11377162,-84.47298258,0.696,9/19/2020 0:00,1700,2,2,0,0,O,CLEAR,DRY,1,1 VEHICLE PARKED POSITION (NOT PARKING LOT/DRIVEWAY),SIDESWIPE-SAME DIRECTION,STRAIGHT & LEVEL,DAYLIGHT,0,0,0,1
27241315,CAMPBELL,KY0445,StateRoute,,RIVER,RD,,39.05958026,-84.44437927,0.651,9/19/2020 0:00,11,1,1,0,0,O,CLEAR,DRY,0,RAN OFF ROADWAY (1 VEHICLE WITH/EARTH EMBANKMENT/DITCH),SINGLE VEHICLE,STRAIGHT & GRADE,DARK-HWY NOT LIGHTED,0,0,0,1
27232835,CAMPBELL,US0027,USRoute,,ALEXANDRIA,PIKE,,39.02524354,-84.44542221,15.764,9/19/2020 0:00,1833,2,2,0,0,O,CLEAR,DRY,0,REAR END IN TRAFFIC LANES BOTH VEHICLES MOVING,REAR END,STRAIGHT & LEVEL,DAYLIGHT,0,0,0,1
27230061,CAMPBELL,,OTHR,10,4TH,ST,E,39.09270318,-84.49556481,0.512,9/19/2020 0:00,730,2,2,0,0,O,CLEAR,DRY,1,1 VEHICLE PARKED POSITION (NOT PARKING LOT/DRIVEWAY),SIDESWIPE-SAME DIRECTION,STRAIGHT & LEVEL,DAYLIGHT,0,0,0,1
27271522,CAMPBELL,KY0471,StateRoute,,KY471,,,39.03704258,-84.45412305,0.005,9/19/2020 0:00,1030,3,1,0,0,O,CLEAR,DRY,0,OTHER ROADWAY OR MID-BLOCK COLLISION,REAR END,STRAIGHT & LEVEL,DAYLIGHT,0,0,0,1
27237837,CAMPBELL,I 0471,Interstate,,,,,39.09282355,-84.47908116,0.197,9/20/2020 0:00,1520,2,2,0,1,C,CLEAR,DRY,0,OTHER RAMP RELATED COLLISIONS NOT LISTED ABOVE,REAR END,CURVE & LEVEL,DAYLIGHT,0,0,0,1
27232153,CAMPBELL,KY0008,StateRoute,,4TH,ST,W,39.08925546,-84.50121618,0.232,9/20/2020 0:00,200,3,3,0,0,O,CLEAR,DRY,1,SIDESWIPE COLLISION - SAME DIRECTION,SIDESWIPE-SAME DIRECTION,CURVE & LEVEL,DARK-HWY LIGHTED/ON,0,0,0,1
27246264,CAMPBELL,,OTHR,1434,POPLAR RIDGE RD,,,38.97656681,-84.37255732,,9/20/2020 0:00,1515,2,2,0,0,O,CLEAR,DRY,0,OTHER ROADWAY OR MID-BLOCK COLLISION,REAR END,STRAIGHT & LEVEL,DAYLIGHT,0,0,0,1
27432237,CAMPBELL,,OTHR,420,WASHINGTON,AVE,,39.10302873,-84.47864372,0.173,9/20/2020 0:00,1613,2,2,0,0,O,CLEAR,DRY,0,1 VEHICLE PARKED POSITION (NOT PARKING LOT/DRIVEWAY),BACKING,STRAIGHT & LEVEL,DAYLIGHT,0,0,0,1
27253802,CAMPBELL,US0027,USRoute,,ALEXANDRIA,PIKE,,39.05442743,-84.44933635,18.165,9/20/2020 0:00,1932,2,2,0,0,O,CLEAR,DRY,0,REAR END IN TRAFFIC LANES BOTH VEHICLES MOVING,REAR END,STRAIGHT & LEVEL,DARK-HWY NOT LIGHTED,0,0,0,1
27232836,CAMPBELL,US0027,USRoute,,ALEXANDRIA,PIKE,,38.99397569,-84.41380712,13.055,9/20/2020 0:00,254,1,1,0,1,C,CLOUDY,DRY,0,OTHER COLLISIONS ON SHOULDER,SINGLE VEHICLE,CURVE & GRADE,DARK-HWY NOT LIGHTED,0,0,0,1
27241759,CAMPBELL,US0027,USRoute,,ALEXANDRIA,PIKE,,39.00330133,-84.42339122,13.836,9/20/2020 0:00,1229,2,2,0,0,O,CLEAR,DRY,0,SIDESWIPE-SAME DIRECTION,SIDESWIPE-SAME DIRECTION,STRAIGHT & LEVEL,DAYLIGHT,0,0,0,1
27234469,CAMPBELL,,OTHR,,BRIGHTON,ST,,39.0837362,-84.49849934,0.312,9/20/2020 0:00,1910,2,2,0,0,O,CLEAR,DRY,0,ANGLE COLLISION - OTHER,ANGLE,STRAIGHT & LEVEL,DUSK,0,0,0,1
27232567,CAMPBELL,KY0009,StateRoute,,AA,HWY,,38.98016816,-84.37013941,10.63,9/20/2020 0:00,101,1,1,0,0,O,CLEAR,DRY,0,COLLISION WITH ANIMAL NON INTERSECTION,SINGLE VEHICLE,STRAIGHT & GRADE,DARK-HWY LIGHTED/ON,0,0,0,1
27234659,CAMPBELL,,OTHR,7,HILLSIDE,DR,,39.05942501,-84.480188,0.087,9/20/2020 0:00,1520,2,2,0,0,O,CLEAR,DRY,0,1 VEHICLE PARKED POSITION (NOT PARKING LOT/DRIVEWAY),BACKING,STRAIGHT & LEVEL,DAYLIGHT,0,0,0,1
27243232,CAMPBELL,,OTHR,542,LEXINGTON,AVE,,39.09729365,-84.48952155,0.091,9/21/2020 0:00,2100,2,2,0,0,O,CLEAR,DRY,1,1 VEHICLE PARKED POSITION (NOT PARKING LOT/DRIVEWAY),SIDESWIPE-SAME DIRECTION,STRAIGHT & LEVEL,DAYLIGHT,0,0,0,1
27240567,CAMPBELL,,OTHR,3,CENTER,ST,,39.05651246,-84.48718288,0.025,9/21/2020 0:00,1839,2,2,0,0,O,CLEAR,DRY,1,1 VEHICLE PARKED POSITION (NOT PARKING LOT/DRIVEWAY),SIDESWIPE-SAME DIRECTION,STRAIGHT & LEVEL,DAYLIGHT,0,0,0,1
27241051,CAMPBELL,KY0915,StateRoute,,LICKING,PIKE,,38.9734731,-84.42670999,4.951,9/21/2020 0:00,600,1,1,0,0,O,CLEAR,DRY,0,COLLISION WITH FIXED OBJECT NON - INTERSECTION - FIRST EVENT COLLISION 09 - 32 EXCLUDING 16,SINGLE VEHICLE,STRAIGHT & LEVEL,DAWN,0,0,0,1
27249860,CAMPBELL,,OTHR,415,THORNTON,ST,,39.08101137,-84.49507745,0.125,9/21/2020 0:00,1726,1,1,0,0,O,CLEAR,DRY,0,COLLISION WITH FIXED OBJECT NON - INTERSECTION - FIRST EVENT COLLISION 09 - 32 EXCLUDING 16,SINGLE VEHICLE,STRAIGHT & LEVEL,DAYLIGHT,0,0,0,1
27240227,CAMPBELL,,OTHR,840,OVERTON,ST,,39.09034563,-84.48672768,0.006,9/21/2020 0:00,2045,2,2,0,0,O,CLEAR,DRY,1,VEHICLE GOING IN WRONG DIRECTION,SIDESWIPE-OPPOSITE DIRECTION,STRAIGHT & LEVEL,DARK-HWY NOT LIGHTED,0,0,0,1
27241321,CAMPBELL,KY1120,StateRoute,,FT THOMAS,AVE,S,39.07416541,-84.44724181,4.555,9/21/2020 0:00,800,1,1,0,0,O,CLEAR,DRY,0,COLLISION WITH ANIMAL NON INTERSECTION,SINGLE VEHICLE,STRAIGHT & LEVEL,DAYLIGHT,0,0,0,1
27241325,CAMPBELL,I 0275,Interstate,,I275 E,,,39.05418001,-84.43703536,73.599,9/21/2020 0:00,2110,2,2,0,0,O,CLEAR,DRY,1,1 VEHICLE PARKED POSITION (NOT PARKING LOT/DRIVEWAY),SIDESWIPE-SAME DIRECTION,STRAIGHT & HILLCREST,DARK-HWY LIGHTED/OFF,0,0,0,1
27240228,CAMPBELL,US0027,USRoute,,MONMOUTH,ST,,39.08609458,-84.487412,21.459,9/21/2020 0:00,1910,2,2,0,0,O,CLEAR,DRY,1,REAR END IN TRAFFIC LANES BOTH VEHICLES MOVING,REAR END,STRAIGHT & GRADE,DAYLIGHT,0,0,0,1
27237835,CAMPBELL,I 0471,Interstate,,I471 N,,,39.10045927,-84.49434365,4.907,9/21/2020 0:00,1313,3,3,0,0,O,CLEAR,DRY,1,REAR END IN TRAFFIC LANES BOTH VEHICLES MOVING,REAR END,STRAIGHT & LEVEL,DAYLIGHT,0,0,0,1
27241053,CAMPBELL,I 0275,Interstate,,I275 W,,,39.05624037,-84.43330354,,9/21/2020 0:00,821,2,2,0,0,O,CLEAR,DRY,0,1 VEHICLE ENTERING/LEAVING ENTRANCE,ANGLE,STRAIGHT & LEVEL,DAYLIGHT,0,0,0,1
27240569,CAMPBELL,I 0471,Interstate,,I471 N,,,39.05209968,-84.46764914,0.674,9/21/2020 0:00,1848,2,2,0,0,O,CLEAR,DRY,0,SIDESWIPE COLLISION - SAME DIRECTION,SIDESWIPE-SAME DIRECTION,STRAIGHT & LEVEL,DAYLIGHT,0,0,0,1
27240570,CAMPBELL,KY0009,StateRoute,,LICKING,PIKE,,39.02520349,-84.48049612,17.937,9/21/2020 0:00,1920,2,2,0,0,O,CLEAR,DRY,0,SIDESWIPE COLLISION - SAME DIRECTION,SIDESWIPE-SAME DIRECTION,STRAIGHT & LEVEL,DAYLIGHT,0,0,0,1
27234646,CAMPBELL,US0027,USRoute,,TAYLOR SOUTHGATE,BRG,,39.09435567,-84.49970532,22.428,9/21/2020 0:00,40,1,1,0,0,O,CLEAR,DRY,0,OTHER ROADWAY OR MID-BLOCK COLLISION,SINGLE VEHICLE,STRAIGHT & HILLCREST,DARK-HWY LIGHTED/ON,0,0,0,1
27253832,CAMPBELL,,OTHR,,SERGEANT,AVE,,39.0591687,-84.44065539,0.314,9/22/2020 0:00,2227,2,2,0,0,O,CLEAR,DRY,1,1 VEHICLE PARKED POSITION (NOT PARKING LOT/DRIVEWAY),SIDESWIPE-SAME DIRECTION,STRAIGHT & LEVEL,DARK-HWY LIGHTED/OFF,0,0,0,1