IncidentID,County,RdwyNumber,RdwyType,Street,RoadwayName,StreetSfx,StreetDir,Latitude,Longitude,Milepoint,CollisionDate,CollisionTime,UnitsInvolved,MotorVehiclesInvolved,NumberKilled,NumberInjured,KABCO,Weather,RdwyConditionCode,HitandRun,DirAnalysisCode,MannerofCollision,RdwyCharacter,LightCondition,Intersection Crash,Bicyclist,Pedestrian,Motor Vehicles
27244631,CAMPBELL,KY1120,StateRoute,,11TH,ST,W,39.08415614,-84.49103675,0.571,9/22/2020 0:00,1857,2,2,0,0,O,CLEAR,DRY,0,REAR END IN TRAFFIC LANES BOTH VEHICLES MOVING,REAR END,STRAIGHT & LEVEL,DAYLIGHT,0,0,0,1
27247558,CAMPBELL,,OTHR,1119,ANN,ST,,39.08323231,-84.4910808,0.465,9/22/2020 0:00,1651,2,2,0,0,O,CLEAR,DRY,0,1 VEHICLE PARKED POSITION (NOT PARKING LOT/DRIVEWAY),SIDESWIPE-SAME DIRECTION,STRAIGHT & LEVEL,DAYLIGHT,0,0,0,1
27247560,CAMPBELL,I 0471,Interstate,,I471 N,,,39.10055936,-84.49455784,4.92,9/22/2020 0:00,646,3,3,0,0,O,CLOUDY,DRY,0,REAR END IN TRAFFIC LANES BOTH VEHICLES MOVING,REAR END,STRAIGHT & LEVEL,DARK-HWY LIGHTED/ON,0,0,0,1
27245549,CAMPBELL,KY1120,StateRoute,,MEMORIAL,PKWY,,39.09393482,-84.4619305,2.465,9/22/2020 0:00,1510,1,1,0,0,O,CLEAR,DRY,0,COLLISION WITH ANIMAL NON INTERSECTION,SINGLE VEHICLE,CURVE & LEVEL,DAYLIGHT,0,0,0,1
27255083,CAMPBELL,,OTHR,,UNIVERSITY DR,,,39.04121445,-84.46501871,,9/22/2020 0:00,907,2,2,0,0,O,CLEAR,DRY,0,SIDESWIPE-SAME DIRECTION,SIDESWIPE-SAME DIRECTION,CURVE & LEVEL,DAYLIGHT,0,0,0,1
27246191,CAMPBELL,,OTHR,301,WALNUT,ST,,39.06720535,-84.48059376,0.016,9/22/2020 0:00,145,2,2,0,0,O,CLOUDY,DRY,0,1 VEHICLE PARKED POSITION (NOT PARKING LOT/DRIVEWAY),BACKING,STRAIGHT & LEVEL,DUSK,0,0,0,1
27253801,CAMPBELL,KY1120,StateRoute,,FT THOMAS,AVE,S,39.06459211,-84.44655398,5.34,9/23/2020 0:00,1420,2,2,0,0,O,CLEAR,DRY,1,1 VEHICLE PARKED POSITION (NOT PARKING LOT/DRIVEWAY),SIDESWIPE-SAME DIRECTION,CURVE & LEVEL,DAYLIGHT,0,0,0,1
27258119,CAMPBELL,I 0471,Interstate,,,,,39.08540609,-84.47463789,0.217,9/23/2020 0:00,1704,2,2,0,0,O,CLOUDY,DRY,0,OTHER RAMP RELATED COLLISIONS NOT LISTED ABOVE,REAR END,CURVE & GRADE,DAYLIGHT,0,0,0,1
27263480,CAMPBELL,US0027,USRoute,,ALEXANDRIA,PIKE,,39.03519868,-84.45396729,16.627,9/24/2020 0:00,641,2,2,0,0,O,CLEAR,DRY,0,HEAD-ON COLLISION,HEAD ON,STRAIGHT & LEVEL,DARK-HWY LIGHTED/ON,0,0,0,1
27253025,CAMPBELL,I 0471,Interstate,,I471 N,,,39.09594717,-84.48217289,4.165,9/24/2020 0:00,2031,2,2,0,0,O,CLEAR,DRY,0,SIDESWIPE COLLISION - SAME DIRECTION,SIDESWIPE-SAME DIRECTION,STRAIGHT & LEVEL,DARK-HWY LIGHTED/ON,0,0,0,1
27252371,CAMPBELL,KY0536,StateRoute,,CREEKTRACE,RD,,38.92766002,-84.43118361,1.11,9/24/2020 0:00,1340,1,1,0,0,O,CLEAR,DRY,0,OTHER COLLISIONS ON SHOULDER,SINGLE VEHICLE,STRAIGHT & LEVEL,DAYLIGHT,0,0,0,1
27248827,CAMPBELL,I 0471,Interstate,,I471 N,,,39.08962239,-84.47529971,3.578,9/24/2020 0:00,102,1,1,0,0,O,CLEAR,DRY,0,OTHER COLLISIONS ON SHOULDER,SINGLE VEHICLE,STRAIGHT & LEVEL,DARK-HWY LIGHTED/ON,0,0,0,1
27277764,CAMPBELL,,OTHR,1348,POPLAR RIDGE,RD,,38.97547406,-84.37888927,0.744,9/24/2020 0:00,1920,1,1,0,0,O,CLEAR,DRY,1,OTHER COLLISIONS ON SHOULDER,SINGLE VEHICLE,STRAIGHT & LEVEL,DAYLIGHT,0,0,0,1
27290417,CAMPBELL,KY0008,StateRoute,611,6TH,AVE,,39.11332832,-84.47193645,2.654,9/24/2020 0:00,1658,2,2,0,0,O,CLEAR,DRY,1,1 VEHICLE PARKED POSITION (NOT PARKING LOT/DRIVEWAY),REAR END,STRAIGHT & LEVEL,DAYLIGHT,0,0,0,1
27251706,CAMPBELL,KY1892,StateRoute,,GRAND,AVE,,39.08632947,-84.4768166,2.128,9/24/2020 0:00,1622,2,2,0,0,O,CLEAR,DRY,1,OTHER INTERSECTION COLLISIONS,REAR END,STRAIGHT & GRADE,DAYLIGHT,1,0,0,1
27252892,CAMPBELL,,OTHR,,10TH,ST,W,39.08500334,-84.49273113,0.392,9/24/2020 0:00,1947,2,1,0,1,B,CLEAR,DRY,0,COLLISION WITH BICYCLIST NON INTERSECTION,SINGLE VEHICLE,STRAIGHT & LEVEL,DAYLIGHT,0,1,0,0
27251715,CAMPBELL,US0027,USRoute,,YORK,ST,,39.09078222,-84.49487228,22.097,9/24/2020 0:00,1545,2,2,0,1,C,CLEAR,DRY,0,ANGLE COLLISION - OTHER,ANGLE,STRAIGHT & LEVEL,DAYLIGHT,0,0,0,1
27263474,CAMPBELL,US0027,USRoute,2700,ALEXANDRIA,PIKE,,39.03373055,-84.4532084,16.506,9/24/2020 0:00,731,2,2,0,1,C,CLOUDY,DRY,0,OPPOSING LEFT TURN,OPPOSING LEFT TURN,STRAIGHT & GRADE,DAWN,0,0,0,1
27263212,CAMPBELL,,OTHR,,FT THOMAS,AVE,N,39.10437177,-84.45148868,1.636,9/25/2020 0:00,1828,1,1,0,0,O,CLEAR,DRY,0,OCCUPANT FELL FROM MOVING VEHICLE,SINGLE VEHICLE,CURVE & HILLCREST,DAYLIGHT,0,0,0,1
27263207,CAMPBELL,I 0471,Interstate,,I471 S,,,39.06264391,-84.46843856,1.434,9/25/2020 0:00,1543,2,2,0,0,O,CLEAR,DRY,0,REAR END IN TRAFFIC LANES BOTH VEHICLES MOVING,REAR END,STRAIGHT & LEVEL,DAYLIGHT,0,0,0,1
27262801,CAMPBELL,KY0009,StateRoute,,AA,HWY,,39.01749057,-84.47938198,17.333,9/25/2020 0:00,530,2,2,0,0,O,CLOUDY,DRY,0,REAR END IN TRAFFIC LANES BOTH VEHICLES MOVING,REAR END,STRAIGHT & LEVEL,DARK-HWY NOT LIGHTED,0,0,0,1
27273133,CAMPBELL,US0027,USRoute,,ALEXANDRIA,PIKE,,39.03146906,-84.45208908,16.328,9/25/2020 0:00,1720,3,3,0,0,O,CLEAR,DRY,0,OTHER ROADWAY OR MID-BLOCK COLLISION,REAR END,STRAIGHT & LEVEL,DAYLIGHT,0,0,0,1
27278293,CAMPBELL,,OTHR,,US 27 SOUTH @ KY 10,,,38.95770151,-84.39316682,,9/25/2020 0:00,1451,2,2,0,1,C,CLEAR,DRY,0,OTHER ROADWAY OR MID-BLOCK COLLISION,REAR END,STRAIGHT & LEVEL,DAYLIGHT,0,0,0,1
27257751,CAMPBELL,,OTHR,,MURNAN,RD,,39.01643241,-84.43539121,1.868,9/25/2020 0:00,1945,1,1,0,0,O,CLEAR,DRY,0,OTHER ROADWAY OR MID-BLOCK COLLISION,SINGLE VEHICLE,STRAIGHT & GRADE,DAYLIGHT,0,0,0,1
27260159,CAMPBELL,US0027,USRoute,,ALEXANDRIA,PIKE,,39.01898495,-84.4368159,15.126,9/26/2020 0:00,1850,2,2,0,2,B,CLOUDY,DRY,0,1 VEHICLE ENTERING/LEAVING ENTRANCE,ANGLE,STRAIGHT & LEVEL,DUSK,0,0,0,1
27260157,CAMPBELL,US0027,USRoute,4130,ALEXANDRIA,PIKE,,39.01998796,-84.43797627,15.218,9/26/2020 0:00,1112,2,2,0,0,O,CLEAR,DRY,0,REAR END IN TRAFFIC LANES BOTH VEHICLES MOVING,REAR END,STRAIGHT & LEVEL,DAYLIGHT,0,0,0,1
27563443,CAMPBELL,,OTHR,,BOONE,ST,,39.11433112,-84.46662975,0.051,9/26/2020 0:00,140,2,2,0,0,O,CLEAR,DRY,1,COLLISION WITH PARKED VEHICLE,SIDESWIPE-OPPOSITE DIRECTION,STRAIGHT & GRADE,DARK-HWY LIGHTED/OFF,0,0,0,1
27277765,CAMPBELL,KY0009,StateRoute,,AA,HWY,,38.98879469,-84.39510932,12.129,9/26/2020 0:00,646,2,2,0,0,O,CLEAR,DRY,0,SIDESWIPE-SAME DIRECTION,SIDESWIPE-SAME DIRECTION,STRAIGHT & GRADE,DAWN,0,0,0,1
27265476,CAMPBELL,KY1892,StateRoute,,CAROTHERS,RD,,39.08580385,-84.47959686,2.29,9/27/2020 0:00,1640,2,2,0,0,O,CLEAR,DRY,0,SIDESWIPE-SAME DIRECTION,SIDESWIPE-SAME DIRECTION,CURVE & GRADE,DAYLIGHT,0,0,0,1
27265893,CAMPBELL,,OTHR,,NEISES,RD,,38.96796551,-84.30146237,0.006,9/27/2020 0:00,1620,1,1,0,0,O,CLEAR,DRY,0,OTHER INTERSECTION COLLISIONS,SINGLE VEHICLE,CURVE & LEVEL,DAYLIGHT,1,0,0,1
27261986,CAMPBELL,,OTHR,,CENTRAL,AVE,,39.0907173,-84.49893692,0.003,9/27/2020 0:00,2155,2,1,0,0,O,CLEAR,DRY,1,COLLISION WITH BICYCLE IN INTERSECTION,SINGLE VEHICLE,STRAIGHT & LEVEL,DARK-HWY LIGHTED/ON,1,1,0,0
27262564,CAMPBELL,KY1632,StateRoute,,MOOCK,RD,,39.06005214,-84.47778405,0.734,9/27/2020 0:00,2016,2,2,0,0,O,CLEAR,DRY,0,ANGLE COLLISION - OTHER,ANGLE,STRAIGHT & LEVEL,DAYLIGHT,0,0,0,1
27265498,CAMPBELL,KY1892,StateRoute,75,CAROTHERS,RD,,39.08626616,-84.47863244,2.228,9/27/2020 0:00,1600,2,2,0,0,O,CLEAR,DRY,0,VEHICLE BACKING NON INTERSECTION,BACKING,STRAIGHT & LEVEL,DAYLIGHT,0,0,0,1
27265505,CAMPBELL,KY1892,StateRoute,1359,GRAND,AVE,,39.08085884,-84.46774034,1.471,9/28/2020 0:00,1040,3,3,0,1,C,CLEAR,DRY,0,1 VEHICLE PARKED POSITION (NOT PARKING LOT/DRIVEWAY),ANGLE,STRAIGHT & GRADE,DAYLIGHT,0,0,0,1
27269709,CAMPBELL,US0027,USRoute,7725,ALEXANDRIA,PIKE,,38.97397596,-84.39228545,11.187,9/28/2020 0:00,1828,2,2,0,0,O,CLOUDY,WET,0,REAR END IN TRAFFIC LANES BOTH VEHICLES MOVING,REAR END,STRAIGHT & LEVEL,DAYLIGHT,0,0,0,1
27271618,CAMPBELL,KY0009,StateRoute,,AA,HWY,,39.01421731,-84.476161,17.04,9/28/2020 0:00,1454,2,2,0,0,O,RAINING,WET,0,REAR END IN TRAFFIC LANES BOTH VEHICLES MOVING,REAR END,STRAIGHT & LEVEL,DAYLIGHT,0,0,0,1
27269035,CAMPBELL,,OTHR,,CLOVER RIDGE,AVE,,39.09150489,-84.45701981,0.048,9/28/2020 0:00,1515,2,2,0,0,O,RAINING,WET,0,REAR END IN TRAFFIC LANES BOTH VEHICLES MOVING,REAR END,STRAIGHT & LEVEL,DAYLIGHT,0,0,0,1
27278965,CAMPBELL,KY1120,StateRoute,400,10TH,ST,E,39.08947118,-84.48485332,1.073,9/28/2020 0:00,1730,2,2,0,0,O,CLEAR,DRY,0,REAR END IN TRAFFIC LANES BOTH VEHICLES MOVING,REAR END,STRAIGHT & LEVEL,DAYLIGHT,0,0,0,1
27277842,CAMPBELL,US0027,USRoute,,ALEXANDRIA,PIKE,,39.03140549,-84.45204927,16.332,9/28/2020 0:00,1958,2,2,0,0,O,CLOUDY,WET,0,OTHER ROADWAY OR MID-BLOCK COLLISION,REAR END,STRAIGHT & LEVEL,DARK-HWY LIGHTED/ON,0,0,0,1
27266072,CAMPBELL,,OTHR,,WATERWORKS,RD,,39.09100514,-84.47486342,0.015,9/28/2020 0:00,1817,2,2,0,0,O,RAINING,WET,0,SIDESWIPE COLLISION - OPPOSITE DIRECTION,SIDESWIPE-OPPOSITE DIRECTION,CURVE & HILLCREST,DAYLIGHT,0,0,0,1
27269702,CAMPBELL,KY0009,StateRoute,,AA,HWY,,38.98072617,-84.37445251,10.879,9/28/2020 0:00,1732,2,2,0,1,B,RAINING,WET,0,OTHER INTERSECTION COLLISIONS,REAR END,STRAIGHT & LEVEL,DAYLIGHT,1,0,0,1
27266537,CAMPBELL,,OTHR,1030,ISABELLA,ST,,39.08335364,-84.49420511,0.156,9/28/2020 0:00,1800,2,2,0,0,O,CLEAR,DRY,0,1 VEHICLE PARKED POSITION (NOT PARKING LOT/DRIVEWAY),REAR END,STRAIGHT & GRADE,DAYLIGHT,0,0,0,1
27269298,CAMPBELL,KY1998,StateRoute,,POOLES CREEK,RD,,39.02399903,-84.44623423,1.634,9/28/2020 0:00,1740,1,1,0,0,O,RAINING,WET,0,RAN OFF ROADWAY (1 VEHICLE WITH/EARTH EMBANKMENT/DITCH),SINGLE VEHICLE,CURVE & GRADE,DAYLIGHT,0,0,0,1
27265482,CAMPBELL,I 0471,Interstate,10,I471 N EXIT4 CROSSOVER KY1120,,,39.09224459,-84.47621194,0.001,9/28/2020 0:00,1000,2,2,0,0,O,CLEAR,WET,0,OTHER ROADWAY OR MID-BLOCK COLLISION,REAR END,STRAIGHT & LEVEL,DAYLIGHT,0,0,0,1
27265490,CAMPBELL,KY1892,StateRoute,57,CAROTHERS,RD,,39.08547984,-84.48012569,2.327,9/28/2020 0:00,1430,2,2,0,0,O,RAINING,WET,0,OTHER ROADWAY OR MID-BLOCK COLLISION,OPPOSING LEFT TURN,STRAIGHT & GRADE,DAYLIGHT,0,0,0,1
27269299,CAMPBELL,KY1998,StateRoute,331,POOLES CREEK,RD,,39.01245332,-84.46707917,0.205,9/28/2020 0:00,1810,1,1,0,2,C,RAINING,WET,0,OTHER ROADWAY OR MID-BLOCK COLLISION,SINGLE VEHICLE,CURVE & LEVEL,DAYLIGHT,0,0,0,1
27281259,CAMPBELL,I 0471,Interstate,,,,,39.06927579,-84.46301455,0.306,9/29/2020 0:00,900,2,2,0,1,C,CLEAR,DRY,0,OTHER RAMP RELATED COLLISIONS NOT LISTED ABOVE,REAR END,CURVE & GRADE,DAYLIGHT,0,0,0,1
27271175,CAMPBELL,US0027,USRoute,,ALEXANDRIA,PIKE,,38.83213041,-84.36590189,0.728,9/29/2020 0:00,954,2,2,0,0,O,FOG,DRY,0,REAR END IN TRAFFIC LANES BOTH VEHICLES MOVING,REAR END,CURVE & GRADE,DAWN,0,0,0,1
27277512,CAMPBELL,KY1120,StateRoute,,FT THOMAS,AVE,S,39.06724679,-84.44699713,5.139,9/29/2020 0:00,2250,2,2,0,0,O,CLOUDY,WET,0,1 VEHICLE PARKED POSITION (NOT PARKING LOT/DRIVEWAY),SIDESWIPE-SAME DIRECTION,STRAIGHT & LEVEL,DARK-HWY LIGHTED/ON,0,0,0,1
27271698,CAMPBELL,US0027,USRoute,2102,MONMOUTH,ST,,39.07773818,-84.47907636,20.709,9/29/2020 0:00,1844,2,2,0,1,A,CLOUDY,DRY,0,1 VEHICLE PARKED POSITION (NOT PARKING LOT/DRIVEWAY),ANGLE,STRAIGHT & GRADE,DAYLIGHT,0,0,0,1
27291801,CAMPBELL,,OTHR,,THORNTON,ST,,39.10713193,-84.47665754,0.094,9/30/2020 0:00,902,2,2,0,0,O,CLEAR,DRY,0,1 VEHICLE PARKED POSITION (NOT PARKING LOT/DRIVEWAY),SIDESWIPE-SAME DIRECTION,STRAIGHT & GRADE,DAYLIGHT,0,0,0,1
27278712,CAMPBELL,KY0009,StateRoute,,LICKING,PIKE,,39.02553411,-84.48063569,17.961,9/30/2020 0:00,1814,2,2,0,0,O,CLOUDY,DRY,0,OTHER INTERSECTION COLLISIONS,REAR END,STRAIGHT & LEVEL,DAYLIGHT,1,0,0,1
27273010,CAMPBELL,KY1120,StateRoute,,FT THOMAS,AVE,N,39.07963322,-84.44849419,4.156,9/30/2020 0:00,941,2,2,0,0,O,CLEAR,DRY,0,SIDESWIPE-SAME DIRECTION,SIDESWIPE-SAME DIRECTION,CURVE & LEVEL,DAYLIGHT,0,0,0,1
27274551,CAMPBELL,,OTHR,,BRIGHTON,ST,,39.08190334,-84.49684775,0.155,9/30/2020 0:00,1155,2,2,0,0,O,CLEAR,DRY,0,COLLISION WITH PARKED VEHICLE,BACKING,STRAIGHT & LEVEL,DAYLIGHT,0,0,0,1
27290275,CAMPBELL,,OTHR,,WASHINGTON,AVE,,39.1065278,-84.48232127,0.486,9/30/2020 0:00,1709,2,2,0,0,O,CLEAR,DRY,0,1 VEHICLE ENTERING/LEAVING ENTRANCE,ANGLE,STRAIGHT & GRADE,DAYLIGHT,0,0,0,1
27273009,CAMPBELL,,OTHR,,FT THOMAS,AVE,N,39.08458754,-84.45257952,0.179,9/30/2020 0:00,751,2,2,0,0,O,CLEAR,DRY,0,VEHICLE BACKING NON INTERSECTION,BACKING,STRAIGHT & LEVEL,DAWN,0,0,0,1
27273007,CAMPBELL,KY1120,StateRoute,,MEMORIAL,PKWY,,39.09079551,-84.45707951,2.865,9/30/2020 0:00,723,2,2,0,0,O,CLEAR,DRY,0,OTHER ROADWAY OR MID-BLOCK COLLISION,REAR END,STRAIGHT & LEVEL,DAWN,0,0,0,1
27297435,CAMPBELL,,OTHR,136,BRAMBLE,AVE,,39.04186087,-84.45166618,0.16,10/1/2020 0:00,1001,2,2,0,0,O,CLEAR,DRY,1,1 VEHICLE PARKED POSITION (NOT PARKING LOT/DRIVEWAY),REAR TO REAR,,DAYLIGHT,0,0,0,1
27278963,CAMPBELL,,OTHR,901,WASHINGTON,AVE,,39.08964997,-84.48779139,0.506,10/1/2020 0:00,1237,2,2,0,0,O,CLOUDY,DRY,0,SIDESWIPE COLLISION - SAME DIRECTION,SIDESWIPE-SAME DIRECTION,STRAIGHT & LEVEL,DAYLIGHT,0,0,0,1
27283085,CAMPBELL,,OTHR,43,19TH,ST,,39.07976821,-84.48354415,0.124,10/1/2020 0:00,1625,2,2,0,0,O,CLOUDY,DRY,0,SIDESWIPE COLLISION - SAME DIRECTION,SIDESWIPE-SAME DIRECTION,STRAIGHT & HILLCREST,DAYLIGHT,0,0,0,1
27279099,CAMPBELL,I 0471,Interstate,,I471 N,,,39.09981449,-84.49280056,4.812,10/1/2020 0:00,1554,2,2,0,0,O,CLOUDY,DRY,0,OTHER ROADWAY OR MID-BLOCK COLLISION,REAR END,STRAIGHT & LEVEL,DAYLIGHT,0,0,0,1
27292384,CAMPBELL,US0027,USRoute,,ALEXANDRIA,PIKE,,39.03379188,-84.453234,16.511,10/1/2020 0:00,1416,2,2,0,2,B,CLEAR,DRY,0,OTHER ROADWAY OR MID-BLOCK COLLISION,REAR END,STRAIGHT & LEVEL,DAYLIGHT,0,0,0,1
27281927,CAMPBELL,,OTHR,,FORT THOMAS,PLZ,,39.06982039,-84.46684425,0.028,10/1/2020 0:00,1746,2,2,0,0,O,CLEAR,DRY,0,1 VEHICLE ENTERING/LEAVING ENTRANCE,ANGLE,STRAIGHT & LEVEL,DAYLIGHT,0,0,0,1
27287691,CAMPBELL,KY0547,StateRoute,,FOUR MILE,RD,,39.02088029,-84.38013355,,10/1/2020 0:00,2000,2,2,0,0,O,CLOUDY,DRY,0,SIDESWIPE COLLISION - OPPOSITE DIRECTION,SIDESWIPE-OPPOSITE DIRECTION,CURVE & GRADE,DARK-HWY NOT LIGHTED,0,0,0,1
27285247,CAMPBELL,KY1998,StateRoute,,INDUSTRIAL,RD,,39.03967802,-84.42465062,3.5,10/1/2020 0:00,1907,1,1,0,0,O,RAINING,WET,0,COLLISION WITH ANIMAL NON INTERSECTION,SINGLE VEHICLE,STRAIGHT & GRADE,DUSK,0,0,0,1
27277974,CAMPBELL,US0027,USRoute,,ALEXANDRIA,PIKE,,39.06817476,-84.46650578,19.727,10/1/2020 0:00,850,1,1,0,0,O,CLEAR,DRY,0,COLLISION WITH FIXED OBJECT NON - INTERSECTION - FIRST EVENT COLLISION 09 - 32 EXCLUDING 16,SINGLE VEHICLE,STRAIGHT & LEVEL,DAYLIGHT,0,0,0,1
27392391,CAMPBELL,,OTHR,,6TH,AVE,,39.11364883,-84.46793372,0.112,10/1/2020 0:00,1430,2,2,0,0,O,CLOUDY,DRY,0,1 VEHICLE PARKED POSITION (NOT PARKING LOT/DRIVEWAY),REAR END,STRAIGHT & HILLCREST,DAYLIGHT,0,0,0,1
27336269,CAMPBELL,,OTHR,414,FT THOMAS,AVE,N,39.08393099,-84.45217459,0.129,10/2/2020 0:00,800,2,2,0,0,O,CLEAR,DRY,0,1 VEHICLE PARKED POSITION (NOT PARKING LOT/DRIVEWAY),BACKING,STRAIGHT & LEVEL,DAYLIGHT,0,0,0,1
27717341,CAMPBELL,US0027,USRoute,,ALEXANDRIA,PIKE,,38.97360634,-84.39240194,11.153,10/2/2020 0:00,1645,2,2,0,1,C,CLOUDY,DRY,0,OTHER INTERSECTION COLLISIONS,REAR END,STRAIGHT & LEVEL,DAYLIGHT,1,0,0,1
27295240,CAMPBELL,KY0008,StateRoute,,MARY INGLES,HWY,,39.0369224,-84.39108839,10.73,10/2/2020 0:00,2003,1,1,0,0,O,CLEAR,DRY,0,COLLISION WITH ANIMAL NON INTERSECTION,SINGLE VEHICLE,STRAIGHT & LEVEL,DARK-HWY NOT LIGHTED,0,0,0,1
27292896,CAMPBELL,US0027,USRoute,6711,ALEXANDRIA,PIKE,,38.98655964,-84.4038228,12.309,10/2/2020 0:00,1555,2,2,0,0,O,CLOUDY,DRY,0,REAR END - ONE VEHICLE TURNING RIGHT,REAR END,STRAIGHT & LEVEL,DAYLIGHT,0,0,0,1
27284496,CAMPBELL,US0027,USRoute,,TAYLOR SOUTHGATE,BRG,,39.09418015,-84.49931782,22.404,10/2/2020 0:00,2149,2,2,0,0,O,CLEAR,DRY,0,1 VEHICLE ENTERING/LEAVING ENTRANCE,ANGLE,STRAIGHT & LEVEL,DARK-HWY LIGHTED/ON,0,0,0,1
27285245,CAMPBELL,US0027,USRoute,,ALEXANDRIA,PIKE,,39.00329887,-84.42338677,13.847,10/2/2020 0:00,1848,2,2,0,0,O,CLOUDY,DRY,0,1 VEHICLE ENTERING/LEAVING ENTRANCE,ANGLE,STRAIGHT & LEVEL,DUSK,0,0,0,1
27287286,CAMPBELL,US0027,USRoute,,ALEXANDRIA,PIKE,,38.88200043,-84.38793533,4.716,10/2/2020 0:00,2121,1,1,0,2,B,CLEAR,DRY,0,OTHER ROADWAY OR MID-BLOCK COLLISION,SINGLE VEHICLE,CURVE & LEVEL,DARK (UNKNOWN ROADWAY LIGHTING),0,0,0,1
27303670,CAMPBELL,KY0008,StateRoute,132,FAIRFIELD,AVE,,39.10383876,-84.4862598,1.635,10/2/2020 0:00,1951,2,2,0,0,O,CLEAR,DRY,0,REAR END IN TRAFFIC LANES BOTH VEHICLES MOVING,REAR END,STRAIGHT & GRADE,DARK-HWY LIGHTED/ON,0,0,0,1
27287693,CAMPBELL,KY0915,StateRoute,,LICKING,PIKE,,39.00516589,-84.46057388,9.062,10/3/2020 0:00,2,1,1,0,1,A,CLOUDY,DRY,0,OTHER ROADWAY OR MID-BLOCK COLLISION,SINGLE VEHICLE,CURVE & GRADE,DARK-HWY NOT LIGHTED,0,0,0,1
27293840,CAMPBELL,,OTHR,,DAYTON,ST,,39.08915022,-84.49028765,0.233,10/3/2020 0:00,1625,2,2,0,0,O,CLEAR,DRY,1,1 VEHICLE PARKED POSITION (NOT PARKING LOT/DRIVEWAY),,STRAIGHT & LEVEL,DAYLIGHT,0,0,0,1
27291849,CAMPBELL,,OTHR,100 BLOCK,8TH,ST,E,39.08947072,-84.49134932,0.103,10/3/2020 0:00,821,2,2,0,0,O,CLEAR,DRY,0,1 VEHICLE ENTERING/LEAVING ENTRANCE,ANGLE,STRAIGHT & LEVEL,DAYLIGHT,0,0,0,1
27303669,CAMPBELL,KY0008,StateRoute,145,FAIRFIELD,AVE,,39.10385721,-84.48621989,1.637,10/3/2020 0:00,1422,2,1,0,0,O,CLEAR,DRY,0,COLLISION WITH BICYCLIST NON INTERSECTION,SINGLE VEHICLE,STRAIGHT & LEVEL,DAYLIGHT,0,1,0,0
27291323,CAMPBELL,,OTHR,111,COVERT RUN,PIKE,,39.10129455,-84.45441741,0.191,10/3/2020 0:00,1435,1,1,0,0,O,CLEAR,DRY,1,COLLISION WITH FIXED OBJECT NON - INTERSECTION - FIRST EVENT COLLISION 09 - 32 EXCLUDING 16,SINGLE VEHICLE,CURVE & GRADE,DAYLIGHT,0,0,0,1
27295241,CAMPBELL,KY0547,StateRoute,,FOUR MILE,RD,,39.00184227,-84.36464301,3.569,10/3/2020 0:00,143,1,1,0,0,O,CLEAR,DRY,0,COLLISION WITH FIXED OBJECT NON - INTERSECTION - FIRST EVENT COLLISION 09 - 32 EXCLUDING 16,SINGLE VEHICLE,STRAIGHT & LEVEL,DARK-HWY NOT LIGHTED,0,0,0,1
27293842,CAMPBELL,US0027,USRoute,2100,MONMOUTH,ST,,39.0769454,-84.4781731,20.613,10/3/2020 0:00,1503,1,1,0,0,O,CLEAR,DRY,0,COLLISION WITH FIXED OBJECT NON - INTERSECTION - FIRST EVENT COLLISION 09 - 32 EXCLUDING 16,SINGLE VEHICLE,STRAIGHT & GRADE,DAYLIGHT,0,0,0,1
27297000,CAMPBELL,US0027,USRoute,,ALEXANDRIA,PIKE,,39.02034802,-84.43835196,15.25,10/3/2020 0:00,1415,1,1,0,0,O,CLOUDY,DRY,0,COLLISION WITH FIXED OBJECT NON - INTERSECTION - FIRST EVENT COLLISION 09 - 32 EXCLUDING 16,SINGLE VEHICLE,STRAIGHT & LEVEL,DAYLIGHT,0,0,0,1
27290282,CAMPBELL,,OTHR,530,BERRY,AVE,,39.09954382,-84.48058177,0.397,10/4/2020 0:00,305,2,2,0,0,O,CLEAR,DRY,0,1 VEHICLE PARKED POSITION (NOT PARKING LOT/DRIVEWAY),SIDESWIPE-SAME DIRECTION,STRAIGHT & GRADE,DARK-HWY LIGHTED/ON,0,0,0,1
27293843,CAMPBELL,I 0471,Interstate,,,,,39.09258198,-84.47906875,0.024,10/5/2020 0:00,1352,2,2,0,0,O,CLEAR,DRY,0,OTHER RAMP RELATED COLLISIONS NOT LISTED ABOVE,REAR END,STRAIGHT & LEVEL,DAYLIGHT,0,0,0,1
27312864,CAMPBELL,I 0471,Interstate,,I471 N,,,39.10089067,-84.49522578,4.963,10/5/2020 0:00,1546,2,2,0,0,O,CLEAR,DRY,0,SIDESWIPE COLLISION - SAME DIRECTION,SIDESWIPE-SAME DIRECTION,STRAIGHT & LEVEL,DAYLIGHT,0,0,0,1
27343390,CAMPBELL,KY0008,StateRoute,,6TH,AVE,,39.11125793,-84.47637837,2.37,10/5/2020 0:00,1505,2,1,0,0,O,CLEAR,DRY,0,SIDESWIPE COLLISION - SAME DIRECTION,SIDESWIPE-SAME DIRECTION,STRAIGHT & LEVEL,DAYLIGHT,0,0,0,1
27295340,CAMPBELL,,OTHR,,NEWPORT PAVILION,,,39.0871492,-84.47718396,0.548,10/5/2020 0:00,2006,2,2,0,0,O,CLEAR,DRY,0,SIDESWIPE COLLISION - SAME DIRECTION,SIDESWIPE-SAME DIRECTION,STRAIGHT & LEVEL,DARK-HWY LIGHTED/ON,0,0,0,1