IncidentID,County,RdwyNumber,RdwyType,Street,RoadwayName,StreetSfx,StreetDir,Latitude,Longitude,Milepoint,CollisionDate,CollisionTime,UnitsInvolved,MotorVehiclesInvolved,NumberKilled,NumberInjured,KABCO,Weather,RdwyConditionCode,HitandRun,DirAnalysisCode,MannerofCollision,RdwyCharacter,LightCondition,Intersection Crash,Bicyclist,Pedestrian,Motor Vehicles
27297004,CAMPBELL,US0027,USRoute,,ALEXANDRIA,PIKE,,39.0005218,-84.42000998,13.592,10/5/2020 0:00,707,3,3,0,2,C,CLOUDY,DRY,0,REAR END IN TRAFFIC LANES BOTH VEHICLES MOVING,REAR END,STRAIGHT & LEVEL,DARK-HWY LIGHTED/ON,0,0,0,1
27296384,CAMPBELL,KY1892,StateRoute,,GRAND,AVE,S,39.0738645,-84.46148872,0.883,10/5/2020 0:00,1438,2,2,0,0,O,CLEAR,DRY,0,REAR END IN TRAFFIC LANES BOTH VEHICLES MOVING,REAR END,STRAIGHT & GRADE,DAYLIGHT,0,0,0,1
27325023,CAMPBELL,,OTHR,1000,TAYLOR,AVE,,39.09638591,-84.47252353,1.06,10/5/2020 0:00,810,2,2,0,0,O,CLEAR,DRY,0,SIDESWIPE COLLISION - OPPOSITE DIRECTION,SIDESWIPE-OPPOSITE DIRECTION,CURVE & GRADE,DAYLIGHT,0,0,0,1
27295339,CAMPBELL,I 0471,Interstate,4-Apr,I471 S,,,39.09735052,-84.48512258,4.356,10/5/2020 0:00,2018,2,2,0,0,O,CLEAR,DRY,0,SIDESWIPE COLLISION - OPPOSITE DIRECTION,SIDESWIPE-OPPOSITE DIRECTION,STRAIGHT & LEVEL,DARK-HWY LIGHTED/ON,0,0,0,1
27294697,CAMPBELL,KY0009,StateRoute,,AA,HWY,,39.0090364,-84.46586677,16.359,10/5/2020 0:00,1555,1,1,0,0,O,CLEAR,DRY,0,COLLISION WITH FIXED OBJECT NON - INTERSECTION - FIRST EVENT COLLISION 09 - 32 EXCLUDING 16,SINGLE VEHICLE,STRAIGHT & GRADE,DAYLIGHT,0,0,0,1
27297005,CAMPBELL,,OTHR,835,SLATE,VW,,39.01594249,-84.44097248,0.143,10/5/2020 0:00,1615,2,2,0,0,O,CLEAR,DRY,0,1 VEHICLE PARKED POSITION (NOT PARKING LOT/DRIVEWAY),SIDESWIPE-SAME DIRECTION,STRAIGHT & LEVEL,DAYLIGHT,0,0,0,1
27301719,CAMPBELL,US0027,USRoute,,ALEXANDRIA,PIKE,,38.95778137,-84.39310541,10.038,10/5/2020 0:00,1751,2,2,0,0,O,CLEAR,DRY,0,REAR END - ONE VEHICLE TURNING LEFT,REAR END,STRAIGHT & LEVEL,DAYLIGHT,0,0,0,1
27294698,CAMPBELL,KY0009,StateRoute,,AA,HWY,,39.01699365,-84.479144,17.297,10/5/2020 0:00,2000,1,1,0,0,O,CLEAR,DRY,0,COLLISION WITH ANIMAL NON INTERSECTION,SINGLE VEHICLE,STRAIGHT & LEVEL,DARK-HWY NOT LIGHTED,0,0,0,1
27300360,CAMPBELL,KY0008,StateRoute,,DAVE COWENS,DR,,39.10179356,-84.48870085,1.444,10/6/2020 0:00,2136,2,2,0,0,O,CLEAR,DRY,0,1 VEHICLE ENTERING/LEAVING ENTRANCE,ANGLE,STRAIGHT & LEVEL,DARK-HWY LIGHTED/ON,0,0,0,1
27301148,CAMPBELL,KY1892,StateRoute,57,CAROTHERS,RD,,39.08455513,-84.48195332,2.449,10/6/2020 0:00,1120,2,2,0,0,O,CLEAR,DRY,0,SIDESWIPE COLLISION - SAME DIRECTION,SIDESWIPE-SAME DIRECTION,CURVE & HILLCREST,DAWN,0,0,0,1
27301582,CAMPBELL,,OTHR,,MEMORIAL,PKWY,,39.09082463,-84.45696616,,10/6/2020 0:00,1426,2,2,0,3,C,CLEAR,DRY,0,OTHER ROADWAY OR MID-BLOCK COLLISION,OPPOSING LEFT TURN,STRAIGHT & LEVEL,DAYLIGHT,0,0,0,1
27318183,CAMPBELL,,OTHR,1002,BERRY,AVE,,39.09568716,-84.47653587,0.053,10/7/2020 0:00,2318,2,2,0,0,O,CLEAR,DRY,1,1 VEHICLE PARKED POSITION (NOT PARKING LOT/DRIVEWAY),REAR END,STRAIGHT & GRADE,DARK-HWY LIGHTED/ON,0,0,0,1
27305729,CAMPBELL,US0027,USRoute,1902,MONMOUTH,ST,,39.08005023,-84.4813158,20.915,10/7/2020 0:00,2117,2,2,0,0,O,CLEAR,DRY,1,1 VEHICLE ENTERING/LEAVING ENTRANCE,ANGLE,STRAIGHT & LEVEL,DARK-HWY LIGHTED/ON,0,0,0,1
27315441,CAMPBELL,,OTHR,900,MONROE,ST,,39.0909195,-84.48577838,0.099,10/7/2020 0:00,1600,2,2,0,0,O,CLEAR,DRY,0,1 VEHICLE ENTERING/LEAVING ENTRANCE,ANGLE,STRAIGHT & LEVEL,DAYLIGHT,0,0,0,1
27337333,CAMPBELL,US0027,USRoute,998,MONMOUTH,ST,,39.08763863,-84.48934056,21.61,10/7/2020 0:00,1322,2,2,0,0,O,CLEAR,DRY,0,1 VEHICLE PARKED POSITION (NOT PARKING LOT/DRIVEWAY),SIDESWIPE-SAME DIRECTION,STRAIGHT & LEVEL,DAYLIGHT,0,0,0,1
27305019,CAMPBELL,KY1997,StateRoute,,STONEHOUSE,RD,,38.96440837,-84.33178282,,10/7/2020 0:00,1020,1,1,0,0,O,CLEAR,DRY,0,RAN OFF ROADWAY (1 VEHICLE WITH/EARTH EMBANKMENT/DITCH),SINGLE VEHICLE,STRAIGHT & GRADE,DAYLIGHT,0,0,0,1
27315439,CAMPBELL,KY1120,StateRoute,500,10TH,ST,E,39.09014526,-84.48365304,1.133,10/7/2020 0:00,1300,1,1,0,0,O,CLEAR,DRY,0,COLLISION WITH FIXED OBJECT NON - INTERSECTION - FIRST EVENT COLLISION 09 - 32 EXCLUDING 16,SINGLE VEHICLE,STRAIGHT & LEVEL,DAYLIGHT,0,0,0,1
27309922,CAMPBELL,,OTHR,,6TH,ST,E,39.09119224,-84.4942236,0.715,10/8/2020 0:00,2107,2,2,0,0,O,CLEAR,DRY,1,1 VEHICLE PARKED POSITION (NOT PARKING LOT/DRIVEWAY),SIDESWIPE-OPPOSITE DIRECTION,STRAIGHT & LEVEL,DARK-HWY LIGHTED/ON,0,0,0,1
27348404,CAMPBELL,US0027,USRoute,,ALEXANDRIA,PIKE,,39.03915199,-84.44968632,16.998,10/8/2020 0:00,1145,2,1,0,0,O,CLEAR,DRY,0,1 VEHICLE ENTERING OR LEAVING PARKED POSITION (NOT PARKING LOT),ANGLE,STRAIGHT & LEVEL,DAYLIGHT,0,0,0,1
27309460,CAMPBELL,US0027,USRoute,,MONMOUTH,ST,,39.08612404,-84.48744361,21.461,10/8/2020 0:00,2058,3,3,0,0,O,CLEAR,DRY,1,OTHER INTERSECTION COLLISIONS,REAR END,STRAIGHT & HILLCREST,DARK-HWY LIGHTED/ON,1,0,0,1
27311489,CAMPBELL,KY0009,StateRoute,,AA,HWY,,39.00450967,-84.44365473,15.124,10/8/2020 0:00,1142,2,2,0,0,O,CLEAR,DRY,0,ANGLE COLLISION - OTHER,ANGLE,STRAIGHT & LEVEL,DAYLIGHT,0,0,0,1
27354094,CAMPBELL,KY0008,StateRoute,119,FAIRFIELD,AVE,,39.10270129,-84.48765996,1.528,10/8/2020 0:00,725,2,2,0,0,O,CLEAR,DRY,0,SIDESWIPE COLLISION - OPPOSITE DIRECTION,SIDESWIPE-OPPOSITE DIRECTION,STRAIGHT & LEVEL,DAYLIGHT,0,0,0,1
27331440,CAMPBELL,US0027,USRoute,,ALEXANDRIA,PIKE,,39.0337344,-84.45337894,16.517,10/8/2020 0:00,1554,2,2,0,0,O,CLEAR,DRY,0,HEAD-ON COLLISION,HEAD ON,STRAIGHT & LEVEL,DAYLIGHT,0,0,0,1
27312869,CAMPBELL,KY0009,StateRoute,1220,LICKING,PIKE,,39.07920041,-84.49632476,21.94,10/8/2020 0:00,1650,2,2,0,0,O,CLEAR,DRY,0,1 VEHICLE PARKED POSITION (NOT PARKING LOT/DRIVEWAY),SIDESWIPE-SAME DIRECTION,STRAIGHT & LEVEL,DAYLIGHT,0,0,0,1
27312868,CAMPBELL,I 0471,Interstate,,I471 N,,,39.10039021,-84.49422772,4.899,10/8/2020 0:00,855,4,4,0,0,O,CLEAR,DRY,0,REAR END IN TRAFFIC LANES BOTH VEHICLES MOVING,REAR END,STRAIGHT & LEVEL,DAYLIGHT,0,0,0,1
27315209,CAMPBELL,US0027,USRoute,,ALEXANDRIA,PIKE,,39.01931343,-84.43690049,15.139,10/9/2020 0:00,1845,3,3,0,0,O,CLEAR,DRY,0,OTHER ROADWAY OR MID-BLOCK COLLISION,REAR END,STRAIGHT & GRADE,DAYLIGHT,0,0,0,1
27312876,CAMPBELL,,OTHR,,SARATOGA,ST,,39.09013623,-84.49020252,0.305,10/9/2020 0:00,1020,2,2,0,0,O,CLEAR,DRY,0,1 VEHICLE PARKED POSITION (NOT PARKING LOT/DRIVEWAY),SIDESWIPE-SAME DIRECTION,STRAIGHT & LEVEL,DAYLIGHT,0,0,0,1
27314955,CAMPBELL,KY0009,StateRoute,,AA,HWY,,38.92644799,-84.30125534,5.291,10/9/2020 0:00,1340,2,2,0,0,O,CLEAR,DRY,0,REAR END IN TRAFFIC LANES BOTH VEHICLES MOVING,REAR END,STRAIGHT & LEVEL,DAYLIGHT,0,0,0,1
27315137,CAMPBELL,KY0009,StateRoute,,LICKING,PIKE,,39.02186535,-84.48136633,17.675,10/9/2020 0:00,1453,2,2,0,0,O,CLOUDY,DRY,0,REAR END IN TRAFFIC LANES BOTH VEHICLES MOVING,REAR END,STRAIGHT & LEVEL,DAYLIGHT,0,0,0,1
27315139,CAMPBELL,I 0275,Interstate,,I275 E,,,39.02553391,-84.47688126,76.822,10/9/2020 0:00,1555,2,2,0,0,O,CLEAR,DRY,0,REAR END IN TRAFFIC LANES BOTH VEHICLES MOVING,REAR END,STRAIGHT & GRADE,DAWN,0,0,0,1
27392404,CAMPBELL,,OTHR,,6TH,AVE,,39.11378982,-84.46975326,0.013,10/9/2020 0:00,910,2,2,0,0,O,CLEAR,DRY,1,SIDESWIPE COLLISION - SAME DIRECTION,SIDESWIPE-SAME DIRECTION,STRAIGHT & LEVEL,DAYLIGHT,0,0,0,1
27318181,CAMPBELL,KY0008,StateRoute,,DAVE COWENS,DR,,39.09893773,-84.49178616,1.157,10/9/2020 0:00,1915,2,2,0,0,O,CLEAR,DRY,0,OTHER ROADWAY OR MID-BLOCK COLLISION,REAR END,STRAIGHT & LEVEL,DUSK,0,0,0,1
27353100,CAMPBELL,US0027,USRoute,,ALEXANDRIA,PIKE,,39.03368968,-84.45320659,16.504,10/9/2020 0:00,1330,2,1,0,0,O,CLEAR,DRY,0,OTHER ROADWAY OR MID-BLOCK COLLISION,OPPOSING LEFT TURN,STRAIGHT & LEVEL,DAYLIGHT,0,0,0,1
27340589,CAMPBELL,KY0008,StateRoute,,FAIRFIELD,AVE,,39.10741216,-84.48190538,1.975,10/9/2020 0:00,1236,2,2,0,0,O,CLEAR,DRY,1,OTHER INTERSECTION COLLISIONS,REAR END,,DAYLIGHT,1,0,0,1
27326950,CAMPBELL,US0027,USRoute,14166,ALEXANDRIA,PIKE,,38.82454002,-84.36524528,0.164,10/9/2020 0:00,1340,1,1,0,0,O,CLEAR,DRY,0,RAN OFF ROADWAY (1 VEHICLE WITH/EARTH EMBANKMENT/DITCH),SINGLE VEHICLE,STRAIGHT & GRADE,DAYLIGHT,0,0,0,1
27314370,CAMPBELL,,OTHR,1000,WASHINGTON,AVE,,39.08833453,-84.48659254,0.618,10/9/2020 0:00,1825,2,2,0,0,O,CLEAR,DRY,0,1 VEHICLE ENTERING OR LEAVING PARKED POSITION (NOT PARKING LOT),SIDESWIPE-SAME DIRECTION,STRAIGHT & LEVEL,DAYLIGHT,0,0,0,1
27327198,CAMPBELL,I 0471,Interstate,,I471 S,,,39.0846916,-84.47299745,3.232,10/9/2020 0:00,1347,1,1,0,1,B,CLEAR,DRY,0,COLLISION WITH FIXED OBJECT NON - INTERSECTION - FIRST EVENT COLLISION 09 - 32 EXCLUDING 16,SINGLE VEHICLE,STRAIGHT & LEVEL,DAYLIGHT,0,0,0,1
27313660,CAMPBELL,,OTHR,,WASHINGTON,AVE,,39.08917036,-84.48735244,0.526,10/9/2020 0:00,1930,2,2,0,0,O,CLEAR,DRY,1,1 VEHICLE PARKED POSITION (NOT PARKING LOT/DRIVEWAY),SIDESWIPE-SAME DIRECTION,STRAIGHT & LEVEL,DARK-HWY LIGHTED/ON,0,0,0,1
27325822,CAMPBELL,I 0275,Interstate,,I275 W,,,39.05036845,-84.4465246,74.174,10/10/2020 0:00,120,1,1,0,1,C,CLEAR,DRY,0,COLLISION WITH FIXED OBJECT NON - INTERSECTION - FIRST EVENT COLLISION 09 - 32 EXCLUDING 16,SINGLE VEHICLE,STRAIGHT & HILLCREST,DARK-HWY LIGHTED/ON,0,0,0,1
27315136,CAMPBELL,KY2345,StateRoute,,JOHNS HILL,RD,,39.03235654,-84.4744225,1.534,10/10/2020 0:00,550,1,1,0,0,O,CLOUDY,DRY,0,COLLISION WITH ANIMAL NON INTERSECTION,SINGLE VEHICLE,STRAIGHT & LEVEL,DARK-HWY NOT LIGHTED,0,0,0,1
27317278,CAMPBELL,KY0008,StateRoute,,MARY INGLES,HWY,,39.02990302,-84.36651627,12.146,10/10/2020 0:00,109,1,1,0,1,B,CLEAR,DRY,0,OTHER ROADWAY OR MID-BLOCK COLLISION,SINGLE VEHICLE,STRAIGHT & LEVEL,DARK (UNKNOWN ROADWAY LIGHTING),0,0,0,1
27314988,CAMPBELL,,OTHR,300,ISABELLA,ST,,39.09052822,-84.50058541,0.612,10/10/2020 0:00,1117,2,2,0,0,O,CLEAR,DRY,0,1 VEHICLE ENTERING/LEAVING ENTRANCE,ANGLE,STRAIGHT & LEVEL,DAYLIGHT,0,0,0,1
27331453,CAMPBELL,I 0275,Interstate,,I275 E,,,39.03377397,-84.47030703,76.124,10/10/2020 0:00,1504,2,2,0,0,O,CLOUDY,DRY,0,SIDESWIPE COLLISION - SAME DIRECTION,SIDESWIPE-SAME DIRECTION,STRAIGHT & LEVEL,DAYLIGHT,0,0,0,1
27315442,CAMPBELL,,OTHR,844,WASHINGTON,AVE,,39.0896572,-84.48779801,0.506,10/10/2020 0:00,1158,2,2,0,0,O,CLOUDY,DRY,0,1 VEHICLE PARKED POSITION (NOT PARKING LOT/DRIVEWAY),SIDESWIPE-SAME DIRECTION,STRAIGHT & LEVEL,DAYLIGHT,0,0,0,1
27314457,CAMPBELL,US0027,USRoute,812,YORK,ST,,39.0886857,-84.49318602,21.928,10/10/2020 0:00,240,2,2,0,0,O,CLEAR,DRY,1,1 VEHICLE PARKED POSITION (NOT PARKING LOT/DRIVEWAY),REAR END,STRAIGHT & GRADE,DARK-HWY LIGHTED/ON,0,0,0,1
27322655,CAMPBELL,US0027,USRoute,,ALEXANDRIA,PIKE,,39.02355816,-84.44205259,15.556,10/10/2020 0:00,1246,3,3,0,2,C,CLEAR,DRY,0,OTHER ROADWAY OR MID-BLOCK COLLISION,REAR TO REAR,STRAIGHT & LEVEL,DAYLIGHT,0,0,0,1
27326030,CAMPBELL,US0027,USRoute,,ALEXANDRIA,PIKE,,38.9835519,-84.40015737,11.957,10/10/2020 0:00,1601,2,2,0,0,O,CLOUDY,DRY,0,OTHER ROADWAY OR MID-BLOCK COLLISION,REAR END,STRAIGHT & GRADE,DAYLIGHT,0,0,0,1
27318045,CAMPBELL,KY0010,StateRoute,,MAIN,ST,W,38.94765796,-84.40008516,0.447,10/11/2020 0:00,1020,1,1,0,0,O,CLOUDY,WET,0,RAN OFF ROADWAY (1 VEHICLE WITH/EARTH EMBANKMENT/DITCH),SINGLE VEHICLE,CURVE & LEVEL,DAYLIGHT,0,0,0,1
27323947,CAMPBELL,,OTHR,514,LINDEN,AVE,,39.09597578,-84.48649555,0.069,10/11/2020 0:00,2100,2,2,0,0,O,CLEAR,DRY,1,1 VEHICLE PARKED POSITION (NOT PARKING LOT/DRIVEWAY),SIDESWIPE-SAME DIRECTION,STRAIGHT & LEVEL,DARK-HWY LIGHTED/ON,0,0,0,1
27333714,CAMPBELL,KY0009,StateRoute,,LICKING,PIKE,,39.0576937,-84.48658535,20.367,10/12/2020 0:00,724,2,2,0,0,O,CLOUDY,DRY,0,COLLISION WITH ANIMAL NON INTERSECTION,ANGLE,STRAIGHT & LEVEL,DAWN,0,0,0,1
27325818,CAMPBELL,,OTHR,200,WATERWORKS,RD,,39.08944256,-84.45237464,0.248,10/12/2020 0:00,900,2,2,0,0,O,CLEAR,DRY,0,1 VEHICLE PARKED POSITION (NOT PARKING LOT/DRIVEWAY),SIDESWIPE-SAME DIRECTION,STRAIGHT & LEVEL,DAYLIGHT,0,0,0,1
27341760,CAMPBELL,US0027,USRoute,1301,MONMOUTH,ST,,39.08451661,-84.48549475,21.31,10/12/2020 0:00,1700,2,2,0,0,O,CLEAR,DRY,1,1 VEHICLE PARKED POSITION (NOT PARKING LOT/DRIVEWAY),ANGLE,STRAIGHT & LEVEL,DAYLIGHT,0,0,0,1
27336624,CAMPBELL,US0027,USRoute,,ALEXANDRIA,PIKE,,39.06438636,-84.45642212,19.074,10/12/2020 0:00,1533,1,1,0,0,O,CLOUDY,DRY,0,RAN OFF ROADWAY (1 VEHICLE WITH/EARTH EMBANKMENT/DITCH),SINGLE VEHICLE,CURVE & LEVEL,DAYLIGHT,0,0,0,1
27325821,CAMPBELL,KY1120,StateRoute,,MEMORIAL,PKWY,,39.09374231,-84.46184619,2.478,10/12/2020 0:00,1859,1,1,0,0,O,CLEAR,DRY,0,COLLISION WITH ANIMAL NON INTERSECTION,SINGLE VEHICLE,CURVE & LEVEL,DAYLIGHT,0,0,0,1
27323871,CAMPBELL,KY0008,StateRoute,,MARY INGLES,HWY,,39.0369224,-84.39108839,10.73,10/12/2020 0:00,1628,2,2,0,0,O,CLEAR,DRY,0,REAR END IN TRAFFIC LANES BOTH VEHICLES MOVING,REAR END,STRAIGHT & LEVEL,DAYLIGHT,0,0,0,1
27333713,CAMPBELL,KY0009,StateRoute,,LICKING,PIKE,,39.0220528,-84.48103319,17.69,10/12/2020 0:00,1249,2,2,0,0,O,CLOUDY,DRY,0,REAR END IN TRAFFIC LANES BOTH VEHICLES MOVING,REAR END,STRAIGHT & LEVEL,DAYLIGHT,0,0,0,1
27323914,CAMPBELL,,OTHR,,NEWPORT,PLZ,,39.08615981,-84.47731024,0.016,10/12/2020 0:00,1853,2,2,0,0,O,CLEAR,DRY,0,OTHER ROADWAY OR MID-BLOCK COLLISION,REAR END,STRAIGHT & LEVEL,DAYLIGHT,0,0,0,1
27327033,CAMPBELL,KY0008,StateRoute,5224,MARY INGLES,HWY,,39.03557659,-84.38692292,10.972,10/12/2020 0:00,1230,2,2,0,0,O,CLOUDY,DRY,0,1 VEHICLE ENTERING/LEAVING ENTRANCE,ANGLE,STRAIGHT & LEVEL,DAYLIGHT,0,0,0,1
27335787,CAMPBELL,,OTHR,113,ELMWOOD,CT,,38.95108074,-84.37013061,0.043,10/13/2020 0:00,1032,2,2,0,0,O,CLEAR,DRY,0,OTHER ROADWAY OR MID-BLOCK COLLISION,REAR TO REAR,STRAIGHT & LEVEL,DAYLIGHT,0,0,0,1
27333715,CAMPBELL,KY0009,StateRoute,,LICKING,PIKE,,39.02205471,-84.48101771,17.69,10/13/2020 0:00,1123,2,2,0,0,O,CLEAR,DRY,0,REAR END IN TRAFFIC LANES BOTH VEHICLES MOVING,REAR END,STRAIGHT & LEVEL,DAYLIGHT,0,0,0,1
27327032,CAMPBELL,KY0915,StateRoute,,LICKERT,RD,,38.92120475,-84.39101991,0.018,10/13/2020 0:00,1046,2,2,0,0,O,CLEAR,DRY,0,REAR END IN TRAFFIC LANES BOTH VEHICLES MOVING,REAR END,STRAIGHT & LEVEL,DAYLIGHT,0,0,0,1
27382952,CAMPBELL,KY0009,StateRoute,,AA,HWY,,39.00215792,-84.41595873,13.533,10/13/2020 0:00,1432,1,1,1,0,K,CLEAR,DRY,0,COLLISION WITH FIXED OBJECT NON - INTERSECTION - FIRST EVENT COLLISION 09 - 32 EXCLUDING 16,SINGLE VEHICLE,CURVE & GRADE,DAYLIGHT,0,0,0,1
27354095,CAMPBELL,,OTHR,33,WILSON,RD,,39.09429538,-84.47689541,0.006,10/13/2020 0:00,2044,2,2,0,0,O,CLEAR,DRY,0,1 VEHICLE PARKED POSITION (NOT PARKING LOT/DRIVEWAY),SIDESWIPE-SAME DIRECTION,STRAIGHT & LEVEL,DARK-HWY LIGHTED/ON,0,0,0,1
27392406,CAMPBELL,,OTHR,,ERVIN,TER,,39.11345838,-84.47767068,0.512,10/13/2020 0:00,1410,2,2,0,0,O,CLEAR,DRY,0,1 VEHICLE PARKED POSITION (NOT PARKING LOT/DRIVEWAY),SIDESWIPE-SAME DIRECTION,STRAIGHT & LEVEL,DAYLIGHT,0,0,0,1
27329652,CAMPBELL,,OTHR,600,WASHINGTON,AVE,,39.09365904,-84.49142167,0.168,10/13/2020 0:00,1748,2,2,0,0,O,CLEAR,DRY,0,1 VEHICLE PARKED POSITION (NOT PARKING LOT/DRIVEWAY),REAR END,STRAIGHT & LEVEL,DAYLIGHT,0,0,0,1
27329654,CAMPBELL,,OTHR,,7TH,ST,W,39.08607769,-84.50113236,0.428,10/13/2020 0:00,1817,2,1,0,1,B,CLEAR,DRY,0,COLLISION WITH PEDESTRIAN IN INTERSECTION,SINGLE VEHICLE,STRAIGHT & LEVEL,DAYLIGHT,1,0,1,0
27329710,CAMPBELL,,OTHR,780,NAGEL,RD,,38.84071951,-84.39001579,0.948,10/13/2020 0:00,1202,2,1,0,1,A,CLEAR,DRY,0,COLLISION WITH BICYCLIST NON INTERSECTION,SINGLE VEHICLE,STRAIGHT & LEVEL,DAYLIGHT,0,1,0,0
27334647,CAMPBELL,,OTHR,,9TH,ST,W,39.0851996,-84.49589484,0.267,10/14/2020 0:00,2019,2,2,0,0,O,CLEAR,DRY,0,ANGLE COLLISION - OTHER,ANGLE,STRAIGHT & LEVEL,DARK-HWY LIGHTED/ON,0,0,0,1
27334648,CAMPBELL,,OTHR,,8TH,ST,W,39.08648487,-84.4972904,0.164,10/14/2020 0:00,2347,2,2,0,0,O,CLEAR,DRY,0,1 VEHICLE PARKED POSITION (NOT PARKING LOT/DRIVEWAY),REAR TO REAR,STRAIGHT & LEVEL,DARK-HWY LIGHTED/ON,0,0,0,1
27443707,CAMPBELL,KY0009,StateRoute,,AA,HWY,,39.02130021,-84.48117475,17.629,10/14/2020 0:00,1058,2,2,0,0,O,CLEAR,DRY,0,1 VEHICLE ENTERING/LEAVING ENTRANCE,ANGLE,STRAIGHT & LEVEL,DAYLIGHT,0,0,0,1
27340478,CAMPBELL,I 0471,Interstate,,I471 S,,,39.06133868,-84.46914088,1.326,10/15/2020 0:00,1517,1,1,0,0,O,RAINING,WET,0,OTHER COLLISIONS ON SHOULDER,SINGLE VEHICLE,CURVE & LEVEL,DAYLIGHT,0,0,0,1
27337876,CAMPBELL,,OTHR,,NEWPORT PAVILION,,,39.08843469,-84.47569025,0.432,10/15/2020 0:00,1127,2,2,0,0,O,CLOUDY,DRY,0,OTHER INTERSECTION COLLISIONS,REAR END,STRAIGHT & LEVEL,DAYLIGHT,1,0,0,1
27349136,CAMPBELL,US0027,USRoute,,ALEXANDRIA,PIKE,,39.07544174,-84.47683116,20.499,10/15/2020 0:00,653,2,2,0,1,B,CLEAR,DRY,0,ANGLE COLLISION - ONE VEHICLE TURNING LEFT,ANGLE,STRAIGHT & GRADE,DARK-HWY LIGHTED/ON,0,0,0,1
27340479,CAMPBELL,I 0471,Interstate,,,,,39.06781915,-84.46587465,0.377,10/15/2020 0:00,1735,2,2,0,0,O,RAINING,WET,0,OTHER RAMP RELATED COLLISIONS NOT LISTED ABOVE,REAR END,CURVE & LEVEL,DAYLIGHT,0,0,0,1
27384478,CAMPBELL,,OTHR,464,WARD,AVE,,39.10327914,-84.47640409,0.095,10/16/2020 0:00,544,3,3,0,0,O,CLOUDY,DRY,1,1 VEHICLE PARKED POSITION (NOT PARKING LOT/DRIVEWAY),SIDESWIPE-SAME DIRECTION,STRAIGHT & GRADE,DARK-HWY LIGHTED/ON,0,0,0,1
27366739,CAMPBELL,,OTHR,,POPLAR RIDGE,RD,,38.97613997,-84.374276,0.999,10/16/2020 0:00,1434,1,1,0,0,O,CLEAR,DRY,0,OTHER INTERSECTION COLLISIONS,SINGLE VEHICLE,STRAIGHT & GRADE,DAYLIGHT,1,0,0,1
27352893,CAMPBELL,KY1120,StateRoute,,MEMORIAL,PKWY,,39.09248552,-84.47543038,1.658,10/16/2020 0:00,2030,1,1,0,0,O,CLEAR,DRY,0,COLLISION WITH ANIMAL NON INTERSECTION,SINGLE VEHICLE,CURVE & GRADE,DARK-HWY NOT LIGHTED,0,0,0,1
27344908,CAMPBELL,US0027,USRoute,,ALEXANDRIA,PIKE,,39.00550246,-84.42625583,14.056,10/16/2020 0:00,1015,2,2,0,1,B,CLEAR,DRY,0,1 VEHICLE ENTERING/LEAVING ENTRANCE,ANGLE,STRAIGHT & LEVEL,DAYLIGHT,0,0,0,1
27361601,CAMPBELL,I 0275,Interstate,,I275 W,,,39.05686387,-84.43173832,,10/16/2020 0:00,1620,2,2,0,0,O,CLEAR,DRY,1,SIDESWIPE COLLISION - SAME DIRECTION,SIDESWIPE-SAME DIRECTION,CURVE & GRADE,DAYLIGHT,0,0,0,1
27343302,CAMPBELL,US0027,USRoute,1711,MONMOUTH,ST,,39.08226756,-84.48219204,21.066,10/16/2020 0:00,1910,2,2,0,0,O,CLEAR,DRY,0,SIDESWIPE COLLISION - SAME DIRECTION,SIDESWIPE-SAME DIRECTION,STRAIGHT & LEVEL,DARK-HWY LIGHTED/ON,0,0,0,1
27349296,CAMPBELL,KY1120,StateRoute,,FT THOMAS,AVE,N,39.08095143,-84.44904287,4.061,10/16/2020 0:00,1514,1,1,0,0,O,CLEAR,DRY,1,1 VEHICLE PARKED POSITION (NOT PARKING LOT/DRIVEWAY),SINGLE VEHICLE,STRAIGHT & LEVEL,DAYLIGHT,0,0,0,1
27352895,CAMPBELL,KY0008,StateRoute,100,FAIRFIELD,AVE,,39.10184608,-84.48863848,1.449,10/16/2020 0:00,1914,2,2,0,0,O,CLEAR,DRY,0,REAR END IN TRAFFIC LANES BOTH VEHICLES MOVING,REAR END,STRAIGHT & LEVEL,DARK-HWY LIGHTED/ON,0,0,0,1
27348515,CAMPBELL,,OTHR,980,HILLVIEW,RD,,38.88289187,-84.39086826,,10/16/2020 0:00,1200,2,2,0,0,O,CLEAR,DRY,0,1 VEHICLE PARKED POSITION (NOT PARKING LOT/DRIVEWAY),BACKING,CURVE & GRADE,DAYLIGHT,0,0,0,1
27347117,CAMPBELL,I 0275,Interstate,,I275 W,,,39.0327927,-84.47074756,76.258,10/17/2020 0:00,640,2,2,0,0,O,CLEAR,DRY,0,SIDESWIPE COLLISION - SAME DIRECTION,SIDESWIPE-SAME DIRECTION,STRAIGHT & LEVEL,DARK-HWY LIGHTED/ON,0,0,0,1
27356668,CAMPBELL,KY0008,StateRoute,,FAIRFIELD,AVE,,39.10839126,-84.48072942,2.068,10/17/2020 0:00,1717,2,2,0,0,O,CLEAR,DRY,0,OTHER ROADWAY OR MID-BLOCK COLLISION,REAR END,STRAIGHT & LEVEL,DAYLIGHT,0,0,0,1
27346250,CAMPBELL,KY0008,StateRoute,,3RD,ST,E,39.09485153,-84.49453836,0.72,10/17/2020 0:00,2210,2,1,0,1,B,CLEAR,DRY,0,COLLISION WITH PEDESTRIAN IN INTERSECTION,SINGLE VEHICLE,STRAIGHT & LEVEL,DARK-HWY LIGHTED/ON,1,0,1,0