IncidentID,County,RdwyNumber,RdwyType,Street,RoadwayName,StreetSfx,StreetDir,Latitude,Longitude,Milepoint,CollisionDate,CollisionTime,UnitsInvolved,MotorVehiclesInvolved,NumberKilled,NumberInjured,KABCO,Weather,RdwyConditionCode,HitandRun,DirAnalysisCode,MannerofCollision,RdwyCharacter,LightCondition,Intersection Crash,Bicyclist,Pedestrian,Motor Vehicles
27415757,CAMPBELL,KY0010,StateRoute,,MAIN,ST,E,38.95827426,-84.39010948,1.476,10/17/2020 0:00,1318,1,1,0,1,A,CLEAR,DRY,0,OTHER INTERSECTION COLLISIONS,SINGLE VEHICLE,STRAIGHT & LEVEL,DAYLIGHT,1,0,0,1
27347119,CAMPBELL,KY0009,StateRoute,,AA,HWY,,38.99820048,-84.40707247,,10/17/2020 0:00,1840,1,1,0,0,O,CLEAR,DRY,0,COLLISION WITH FIXED OBJECT NON - INTERSECTION - FIRST EVENT COLLISION 09 - 32 EXCLUDING 16,SINGLE VEHICLE,CURVE & GRADE,DUSK,0,0,0,1
27343305,CAMPBELL,KY1120,StateRoute,420,11TH,ST,W,39.08156365,-84.49573983,0.261,10/17/2020 0:00,3,2,2,0,0,O,CLEAR,DRY,1,1 VEHICLE PARKED POSITION (NOT PARKING LOT/DRIVEWAY),SIDESWIPE-SAME DIRECTION,STRAIGHT & LEVEL,DARK-HWY LIGHTED/ON,0,0,0,1
27349298,CAMPBELL,,OTHR,,ARMY RESERVE,RD,,39.06368942,-84.44424476,0.029,10/17/2020 0:00,1418,2,2,0,0,O,CLEAR,DRY,1,1 VEHICLE PARKED POSITION (NOT PARKING LOT/DRIVEWAY),SIDESWIPE-SAME DIRECTION,STRAIGHT & LEVEL,DAYLIGHT,0,0,0,1
27354097,CAMPBELL,KY0008,StateRoute,,FAIRFIELD,AVE,,39.10427171,-84.48571138,1.677,10/17/2020 0:00,1718,2,2,0,0,O,CLEAR,DRY,1,OTHER ROADWAY OR MID-BLOCK COLLISION,REAR END,STRAIGHT & LEVEL,DAYLIGHT,0,0,0,1
27348517,CAMPBELL,KY0008,StateRoute,,MARY INGLES,HWY,,39.05299136,-84.43135026,8.205,10/18/2020 0:00,1957,2,2,0,0,O,CLOUDY,DRY,1,SIDESWIPE COLLISION - SAME DIRECTION,SIDESWIPE-SAME DIRECTION,STRAIGHT & LEVEL,DARK-HWY NOT LIGHTED,0,0,0,1
27463639,CAMPBELL,KY0009,StateRoute,,AA,HWY,,38.93526484,-84.31644206,6.312,10/18/2020 0:00,100,1,1,1,1,K,CLOUDY,DRY,0,OTHER COLLISIONS ON SHOULDER,SINGLE VEHICLE,CURVE & GRADE,DARK-HWY NOT LIGHTED,0,0,0,1
27359803,CAMPBELL,KY0471,StateRoute,,KY471,,,39.03718431,-84.45415218,0.018,10/18/2020 0:00,1130,2,2,0,0,O,RAINING,WET,0,SIDESWIPE COLLISION - SAME DIRECTION,SIDESWIPE-SAME DIRECTION,STRAIGHT & LEVEL,DAYLIGHT,0,0,0,1
27416952,CAMPBELL,KY1998,StateRoute,,POOLES CREEK,RD,,39.02348374,-84.44673098,1.589,10/19/2020 0:00,1830,1,1,0,0,O,RAINING,WET,0,COLLISION WITH FIXED OBJECT NON - INTERSECTION - FIRST EVENT COLLISION 09 - 32 EXCLUDING 16,SINGLE VEHICLE,CURVE & GRADE,DARK-HWY LIGHTED/OFF,0,0,0,1
27348586,CAMPBELL,,OTHR,,9TH,ST,W,39.0859355,-84.49454617,0.179,10/19/2020 0:00,450,1,1,0,0,O,RAINING,WET,1,OTHER INTERSECTION COLLISIONS,SINGLE VEHICLE,STRAIGHT & LEVEL,DARK-HWY LIGHTED/ON,1,0,0,1
27366732,CAMPBELL,US0027,USRoute,,ALEXANDRIA,PIKE,,38.9853986,-84.40252235,12.213,10/19/2020 0:00,1753,2,2,0,0,O,RAINING,WET,0,OTHER INTERSECTION COLLISIONS,REAR END,STRAIGHT & LEVEL,DUSK,1,0,0,1
27402217,CAMPBELL,,OTHR,201,CENTER,ST,,39.10191175,-84.48205328,0.106,10/19/2020 0:00,1455,2,2,0,0,O,CLOUDY,DRY,0,COLLISION WITH PARKED VEHICLE,SIDESWIPE-SAME DIRECTION,STRAIGHT & LEVEL,DAYLIGHT,0,0,0,1
27348520,CAMPBELL,,OTHR,,BRANT,CT,,38.91447479,-84.4055073,0.02,10/19/2020 0:00,1,2,2,0,0,O,CLOUDY,DRY,0,COLLISION WITH PARKED VEHICLE,HEAD ON,STRAIGHT & LEVEL,DARK-HWY LIGHTED/ON,0,0,0,1
27361519,CAMPBELL,KY0009,StateRoute,,LICKING,PIKE,,39.02326228,-84.48085832,17.785,10/19/2020 0:00,713,2,2,0,0,O,RAINING,WET,0,,REAR END,STRAIGHT & LEVEL,DARK-HWY LIGHTED/ON,0,0,0,1
27365450,CAMPBELL,,OTHR,,11TH,ST,E,39.08615788,-84.48740742,0.004,10/19/2020 0:00,832,2,2,0,0,O,RAINING,WET,0,REAR END IN TRAFFIC LANES BOTH VEHICLES MOVING,REAR END,STRAIGHT & LEVEL,DAYLIGHT,0,0,0,1
27383115,CAMPBELL,,OTHR,327,CENTER,ST,,39.10346043,-84.47964576,0.279,10/19/2020 0:00,1557,2,2,0,0,O,CLOUDY,WET,0,REAR END IN TRAFFIC LANES BOTH VEHICLES MOVING,REAR END,STRAIGHT & LEVEL,DAYLIGHT,0,0,0,1
27363840,CAMPBELL,,OTHR,,PLEASANT RIDGE,RD,,38.91825732,-84.39784168,6.317,10/19/2020 0:00,1651,1,1,0,0,O,CLOUDY,WET,0,OTHER COLLISIONS ON SHOULDER,SINGLE VEHICLE,CURVE & GRADE,DAYLIGHT,0,0,0,1
27353312,CAMPBELL,I 0471,Interstate,,I471 N,,,39.08466213,-84.47261795,3.203,10/19/2020 0:00,533,1,1,0,0,O,RAINING,WET,0,OTHER COLLISIONS ON SHOULDER,SINGLE VEHICLE,STRAIGHT & LEVEL,DARK-HWY LIGHTED/ON,0,0,0,1
27363839,CAMPBELL,US0027,USRoute,,ALEXANDRIA,PIKE,,38.94116018,-84.39435167,8.903,10/19/2020 0:00,1633,2,2,0,0,O,CLOUDY,WET,0,OTHER ROADWAY OR MID-BLOCK COLLISION,REAR END,STRAIGHT & LEVEL,DAYLIGHT,0,0,0,1
27361518,CAMPBELL,,OTHR,,TOWN,DR,,39.01808544,-84.48027841,0.003,10/19/2020 0:00,1635,3,3,0,1,C,RAINING,WET,0,1 VEHICLE ENTERING/LEAVING ENTRANCE,ANGLE,STRAIGHT & LEVEL,DAYLIGHT,0,0,0,1
27365424,CAMPBELL,,OTHR,,3RD,ST,W,39.09255985,-84.49807762,0.07,10/19/2020 0:00,1537,2,2,0,0,O,CLEAR,DRY,0,1 VEHICLE ENTERING/LEAVING ENTRANCE,ANGLE,STRAIGHT & LEVEL,DAYLIGHT,0,0,0,1
27351891,CAMPBELL,I 0471,Interstate,,,,,39.08363389,-84.47027018,0.244,10/19/2020 0:00,1317,1,1,0,0,O,RAINING,WET,0,COLLISION WITH FIXED OBJECT NOT IN GORE ,SINGLE VEHICLE,CURVE & LEVEL,DAYLIGHT,0,0,0,1
27349301,CAMPBELL,I 0471,Interstate,,I471 N,,,39.07574891,-84.46803553,2.529,10/19/2020 0:00,600,1,1,0,0,O,RAINING,WET,0,OTHER ROADWAY OR MID-BLOCK COLLISION,SINGLE VEHICLE,CURVE & LEVEL,DARK-HWY LIGHTED/ON,0,0,0,1
27355974,CAMPBELL,I 0275,Interstate,,I275 W,,,39.02691393,-84.47516769,76.723,10/20/2020 0:00,1020,2,2,0,0,O,FOG WITH RAIN,WET,0,REAR END IN TRAFFIC LANES BOTH VEHICLES MOVING,REAR END,STRAIGHT & LEVEL,DAYLIGHT,0,0,0,1
27360804,CAMPBELL,KY1120,StateRoute,,10TH,ST,E,39.08970839,-84.48443786,1.093,10/20/2020 0:00,1132,2,2,0,0,O,RAINING,WET,0,REAR END IN TRAFFIC LANES BOTH VEHICLES MOVING,REAR END,STRAIGHT & GRADE,DAYLIGHT,0,0,0,1
27360805,CAMPBELL,,OTHR,130,NEWPORT PAVILION,,,39.09169629,-84.47842445,0.145,10/20/2020 0:00,1019,2,2,0,0,O,RAINING,WET,0,REAR END IN TRAFFIC LANES BOTH VEHICLES MOVING,REAR END,CURVE & LEVEL,DAYLIGHT,0,0,0,1
27354475,CAMPBELL,,OTHR,,WILLIAM F BLATT,AVE,,39.07203545,-84.47433204,0.015,10/20/2020 0:00,100,2,2,0,0,O,RAINING,WET,1,1 VEHICLE PARKED POSITION (NOT PARKING LOT/DRIVEWAY),SIDESWIPE-SAME DIRECTION,STRAIGHT & LEVEL,DARK-HWY LIGHTED/ON,0,0,0,1
27355973,CAMPBELL,US0027,USRoute,,ALEXANDRIA,PIKE,,38.86243361,-84.39094952,3.231,10/20/2020 0:00,905,1,1,0,0,O,RAINING,WET,0,COLLISION WITH FIXED OBJECT NON - INTERSECTION - FIRST EVENT COLLISION 09 - 32 EXCLUDING 16,SINGLE VEHICLE,STRAIGHT & LEVEL,DAYLIGHT,0,0,0,1
27353840,CAMPBELL,I 0471,Interstate,,I471 S,,,39.0608385,-84.46944856,1.286,10/20/2020 0:00,144,1,1,0,0,O,RAINING,WET,0,COLLISION WITH FIXED OBJECT NON - INTERSECTION - FIRST EVENT COLLISION 09 - 32 EXCLUDING 16,SINGLE VEHICLE,CURVE & LEVEL,DARK-HWY LIGHTED/ON,0,0,0,1
27360802,CAMPBELL,US0027,USRoute,,11TH,ST,E,39.08571584,-84.48822637,21.511,10/21/2020 0:00,1323,2,2,0,0,O,CLOUDY,WET,0,VEHICLE BACKING IN INTERSECTION,BACKING,STRAIGHT & LEVEL,DAYLIGHT,1,0,0,1
27366751,CAMPBELL,KY0010,StateRoute,,MAIN,ST,W,38.95608385,-84.3966476,1.083,10/21/2020 0:00,1955,2,2,0,0,O,CLEAR,DRY,0,OPPOSITE DIRECTION - BOTH VEHICLES GOING STRAIGHT AHEAD,SIDESWIPE-OPPOSITE DIRECTION,STRAIGHT & GRADE,DAWN,0,0,0,1
27438620,CAMPBELL,US0027,USRoute,,ALEXANDRIA,PIKE,,38.98227479,-84.3977965,11.864,10/21/2020 0:00,1610,2,2,0,0,O,CLEAR,DRY,0,OTHER INTERSECTION COLLISIONS,REAR END,STRAIGHT & LEVEL,DAYLIGHT,1,0,0,1
27363900,CAMPBELL,,OTHR,366,WATERWORKS,RD,,39.08975413,-84.45518485,0.418,10/21/2020 0:00,1400,2,2,0,0,O,CLOUDY,WET,1,1 VEHICLE PARKED POSITION (NOT PARKING LOT/DRIVEWAY),SIDESWIPE-OPPOSITE DIRECTION,STRAIGHT & GRADE,DAYLIGHT,0,0,0,1
27363896,CAMPBELL,,OTHR,,SHAW,LN,,39.08125017,-84.44363774,0.051,10/21/2020 0:00,1631,2,2,0,0,O,CLOUDY,DRY,0,SIDESWIPE COLLISION - SAME DIRECTION,SIDESWIPE-SAME DIRECTION,STRAIGHT & LEVEL,DAYLIGHT,0,0,0,1
27360168,CAMPBELL,US0027,USRoute,1746,MONMOUTH,ST,,39.08148455,-84.48192565,21.013,10/21/2020 0:00,947,2,2,0,0,O,CLOUDY,DRY,0,SIDESWIPE COLLISION - SAME DIRECTION,SIDESWIPE-SAME DIRECTION,STRAIGHT & GRADE,DAYLIGHT,0,0,0,1
27383116,CAMPBELL,KY0008,StateRoute,200,FAIRFIELD,AVE,,39.10437074,-84.48559051,1.68,10/22/2020 0:00,1427,2,2,0,0,O,CLEAR,DRY,0,REAR END IN TRAFFIC LANES BOTH VEHICLES MOVING,REAR END,STRAIGHT & LEVEL,DAYLIGHT,0,0,0,1
27368576,CAMPBELL,US0027,USRoute,,ALEXANDRIA,PIKE,,39.01746002,-84.43516363,14.979,10/22/2020 0:00,1836,2,2,0,0,O,CLEAR,DRY,1,SIDESWIPE COLLISION - SAME DIRECTION,SIDESWIPE-SAME DIRECTION,STRAIGHT & LEVEL,DUSK,0,0,0,1
27400620,CAMPBELL,US0027,USRoute,,MONMOUTH,ST,,39.08887068,-84.49081743,21.72,10/22/2020 0:00,1008,2,2,0,0,O,CLEAR,DRY,0,1 VEHICLE PARKED POSITION (NOT PARKING LOT/DRIVEWAY),BACKING,STRAIGHT & GRADE,DAYLIGHT,0,0,0,1
27382147,CAMPBELL,US0027,USRoute,,ALEXANDRIA,PIKE,,38.98208668,-84.39779999,11.863,10/22/2020 0:00,1003,1,1,0,0,O,CLEAR,DRY,0,NON-COLLISION OBJECT COLLISION,SINGLE VEHICLE,STRAIGHT & HILLCREST,DAYLIGHT,0,0,0,1
27366157,CAMPBELL,KY0009,StateRoute,,AA,HWY,,39.02126464,-84.48139884,17.629,10/22/2020 0:00,916,2,2,0,1,B,CLOUDY,DRY,0,ANGLE COLLISION - ONE VEHICLE TURNING LEFT,ANGLE,STRAIGHT & LEVEL,DAYLIGHT,0,0,0,1
27365718,CAMPBELL,,OTHR,,PLEASANT RIDGE,RD,,38.9125772,-84.40636422,5.68,10/22/2020 0:00,746,2,2,0,0,O,CLEAR,DRY,0,VEHICLE BACKING IN INTERSECTION,BACKING,STRAIGHT & HILLCREST,DAWN,1,0,0,1
27392402,CAMPBELL,,OTHR,,VINE,ST,,39.11083048,-84.47713098,0.173,10/23/2020 0:00,1100,2,1,0,0,O,CLEAR,DRY,0,COLLISION WITH BICYCLIST NON INTERSECTION,SINGLE VEHICLE,STRAIGHT & GRADE,DAYLIGHT,0,1,0,0
27371086,CAMPBELL,I 0471,Interstate,,I471 N,,,39.09972627,-84.49295379,4.816,10/23/2020 0:00,1556,3,2,1,1,K,CLEAR,DRY,0,COLLISION WITH PEDESTRIAN NON - INTERSECTION,REAR END,STRAIGHT & LEVEL,DAYLIGHT,0,0,1,0
27371132,CAMPBELL,I 0471,Interstate,,I471 N,,,39.07769384,-84.46976135,2.634,10/23/2020 0:00,1817,2,2,0,0,O,CLEAR,DRY,0,OTHER INTERSECTION COLLISIONS,REAR END,STRAIGHT & LEVEL,DAYLIGHT,1,0,0,1
27371184,CAMPBELL,I 0471,Interstate,,I471 N,,,39.08712393,-84.47399304,3.39,10/23/2020 0:00,2100,2,2,0,0,O,CLOUDY,WET,0,COLLISION WITH PARKED VEHICLE,SIDESWIPE-SAME DIRECTION,STRAIGHT & LEVEL,DARK-HWY LIGHTED/ON,0,0,0,1
27371143,CAMPBELL,US0027,USRoute,1200,MONMOUTH,ST,,39.08506405,-84.48614426,21.361,10/23/2020 0:00,1911,2,1,0,1,A,CLOUDY,DRY,0,COLLISION WITH BICYCLE IN INTERSECTION,SINGLE VEHICLE,STRAIGHT & GRADE,DARK-HWY LIGHTED/ON,1,1,0,0
27370547,CAMPBELL,KY1120,StateRoute,300,11TH,ST,W,39.08225539,-84.49449817,0.342,10/23/2020 0:00,1700,2,2,0,0,O,CLEAR,DRY,0,1 VEHICLE PARKED POSITION (NOT PARKING LOT/DRIVEWAY),SIDESWIPE-OPPOSITE DIRECTION,STRAIGHT & LEVEL,DAYLIGHT,0,0,0,1
27371901,CAMPBELL,US0027,USRoute,,ALEXANDRIA,PIKE,,39.02566763,-84.44673879,15.84,10/23/2020 0:00,1548,3,3,0,0,O,CLOUDY,WET,0,REAR END IN TRAFFIC LANES BOTH VEHICLES MOVING,REAR END,STRAIGHT & LEVEL,DAYLIGHT,0,0,0,1
27371118,CAMPBELL,KY1892,StateRoute,75,CAROTHERS,RD,,39.08646776,-84.47809374,2.198,10/23/2020 0:00,1720,2,2,0,0,O,CLEAR,DRY,0,1 VEHICLE ENTERING/LEAVING ENTRANCE,ANGLE,CURVE & HILLCREST,DAYLIGHT,0,0,0,1
27371197,CAMPBELL,US0027,USRoute,647,MONMOUTH,ST,,39.09065454,-84.49261801,21.884,10/23/2020 0:00,2300,2,2,0,0,O,CLOUDY,WET,1,SIDESWIPE COLLISION - SAME DIRECTION,SIDESWIPE-SAME DIRECTION,STRAIGHT & LEVEL,DARK-HWY LIGHTED/ON,0,0,0,1
27383086,CAMPBELL,I 0471,Interstate,,I471 N,,,39.09411969,-84.479331,3.964,10/23/2020 0:00,1536,2,2,0,0,O,CLEAR,DRY,1,SIDESWIPE COLLISION - SAME DIRECTION,SIDESWIPE-SAME DIRECTION,STRAIGHT & LEVEL,DAYLIGHT,0,0,0,1
27417343,CAMPBELL,I 0471,Interstate,,I471 S,,,39.08149187,-84.47160935,2.999,10/23/2020 0:00,1725,3,3,0,1,B,CLOUDY,DRY,0,OTHER ROADWAY OR MID-BLOCK COLLISION,REAR END,STRAIGHT & LEVEL,DAYLIGHT,0,0,0,1
27382154,CAMPBELL,US0027,USRoute,,ALEXANDRIA,PIKE,,38.95402876,-84.39346143,9.794,10/24/2020 0:00,2031,2,2,0,0,O,CLEAR,DRY,1,REAR END IN TRAFFIC LANES BOTH VEHICLES MOVING,REAR END,STRAIGHT & LEVEL,DARK-HWY LIGHTED/ON,0,0,0,1
27372174,CAMPBELL,I 0275,Interstate,,I275 E,,,39.05724466,-84.42997775,,10/24/2020 0:00,1055,3,3,0,0,O,CLEAR,DRY,0,REAR END IN TRAFFIC LANES BOTH VEHICLES MOVING,REAR END,STRAIGHT & LEVEL,DAYLIGHT,0,0,0,1
27374189,CAMPBELL,,OTHR,160,NEWPORT PAVILION,,,39.08824281,-84.47583228,0.447,10/24/2020 0:00,1300,2,2,0,0,O,CLEAR,DRY,1,1 VEHICLE PARKED POSITION (NOT PARKING LOT/DRIVEWAY),SIDESWIPE-SAME DIRECTION,STRAIGHT & LEVEL,DAYLIGHT,0,0,0,1
27415756,CAMPBELL,,OTHR,18,WRIGHT,CT,,38.96713474,-84.39661386,0.185,10/24/2020 0:00,1250,3,3,0,1,B,CLEAR,DRY,0,1 VEHICLE PARKED POSITION (NOT PARKING LOT/DRIVEWAY),REAR END,STRAIGHT & LEVEL,DAYLIGHT,0,0,0,1
27377961,CAMPBELL,,OTHR,4,JILLIAN,CT,,39.0239035,-84.46627996,0.01,10/24/2020 0:00,2010,2,2,0,0,O,CLEAR,DRY,0,COLLISION WITH PARKED VEHICLE,BACKING,STRAIGHT & LEVEL,DARK-HWY NOT LIGHTED,0,0,0,1
27382155,CAMPBELL,US0027,USRoute,8235,ALEXANDRIA,PIKE,,38.95361858,-84.39342442,9.766,10/24/2020 0:00,2031,1,1,0,0,O,CLEAR,DRY,0,COLLISION WITH ANIMAL NON INTERSECTION,SINGLE VEHICLE,STRAIGHT & LEVEL,DUSK,0,0,0,1
27376231,CAMPBELL,KY0009,StateRoute,,AA,HWY,,38.95048784,-84.33600016,7.832,10/25/2020 0:00,1931,1,1,0,0,O,CLEAR,DRY,0,COLLISION WITH ANIMAL NON INTERSECTION,SINGLE VEHICLE,CURVE & GRADE,DARK-HWY NOT LIGHTED,0,0,0,1
27382156,CAMPBELL,KY0010,StateRoute,,MAIN,ST,W,38.95615403,-84.39662822,1.079,10/25/2020 0:00,2028,1,1,0,0,O,CLEAR,DRY,0,COLLISION WITH ANIMAL IN INTERSECTION,SINGLE VEHICLE,STRAIGHT & LEVEL,DUSK,1,0,0,1
27383114,CAMPBELL,,OTHR,200,TAYLOR,AVE,,39.10516201,-84.48325239,0.173,10/25/2020 0:00,1800,2,2,0,0,O,CLEAR,DRY,0,1 VEHICLE PARKED POSITION (NOT PARKING LOT/DRIVEWAY),SIDESWIPE-SAME DIRECTION,STRAIGHT & LEVEL,DAYLIGHT,0,0,0,1
27374160,CAMPBELL,,OTHR,5978,MESSMER HILL,RD,,39.01486054,-84.39855106,,10/25/2020 0:00,325,2,2,0,0,O,CLEAR,DRY,0,1 VEHICLE PARKED POSITION (NOT PARKING LOT/DRIVEWAY),SIDESWIPE-OPPOSITE DIRECTION,STRAIGHT & GRADE,DARK-HWY NOT LIGHTED,0,0,0,1
27374846,CAMPBELL,I 0471,Interstate,,I471 S,,,39.09301719,-84.47801353,3.869,10/25/2020 0:00,1612,1,1,0,0,O,CLOUDY,DRY,1,OTHER COLLISIONS ON SHOULDER,SINGLE VEHICLE,STRAIGHT & LEVEL,DAYLIGHT,0,0,0,1
27410103,CAMPBELL,KY0008,StateRoute,,6TH,AVE,,39.11344431,-84.47167672,2.671,10/26/2020 0:00,1125,2,2,0,0,O,CLOUDY,DRY,0,SIDESWIPE COLLISION - SAME DIRECTION,SIDESWIPE-SAME DIRECTION,STRAIGHT & LEVEL,DAYLIGHT,0,0,0,1
27380348,CAMPBELL,KY1892,StateRoute,,GRAND,AVE,,39.08520149,-84.4740689,1.951,10/26/2020 0:00,1909,2,2,0,0,O,CLEAR,DRY,0,1 VEHICLE ENTERING/LEAVING ENTRANCE,ANGLE,STRAIGHT & LEVEL,DARK-HWY LIGHTED/ON,0,0,0,1
27477316,CAMPBELL,,OTHR,,CALIFORNIA,XRD,,38.90111167,-84.29045942,1.011,10/26/2020 0:00,1055,2,2,0,0,O,CLOUDY,DRY,0,SIDESWIPE COLLISION - OPPOSITE DIRECTION,SIDESWIPE-OPPOSITE DIRECTION,STRAIGHT & GRADE,DAYLIGHT,0,0,0,1
27388227,CAMPBELL,KY0009,StateRoute,,LICKING,PIKE,,39.02863369,-84.47985679,18.139,10/26/2020 0:00,1654,2,2,0,0,O,CLOUDY,DRY,0,COLLISION WITH ANIMAL NON INTERSECTION,ANGLE,STRAIGHT & LEVEL,DAYLIGHT,0,0,0,1
27380345,CAMPBELL,,OTHR,,PARK,AVE,,39.09793563,-84.49281037,0.347,10/26/2020 0:00,2028,2,2,0,0,O,CLEAR,DRY,1,OPPOSITE DIRECTION - BOTH VEHICLES GOING STRAIGHT AHEAD,SIDESWIPE-OPPOSITE DIRECTION,STRAIGHT & HILLCREST,DARK-HWY LIGHTED/ON,0,0,0,1
27384282,CAMPBELL,US0027,USRoute,,ALEXANDRIA,PIKE,,38.86437166,-84.39230339,3.384,10/27/2020 0:00,640,2,2,0,0,O,CLEAR,DRY,0,OTHER INTERSECTION COLLISIONS,REAR END,STRAIGHT & LEVEL,DARK-HWY NOT LIGHTED,1,0,0,1
27383172,CAMPBELL,US0027,USRoute,,MONMOUTH,ST,,39.08505549,-84.48615541,21.36,10/27/2020 0:00,1058,2,1,0,0,O,CLOUDY,DRY,0,COLLISION WITH BICYCLIST NON INTERSECTION,SINGLE VEHICLE,STRAIGHT & GRADE,DAYLIGHT,0,1,0,0
27384279,CAMPBELL,KY0008,StateRoute,,MARY INGLES,HWY,,39.03211258,-84.37691888,11.564,10/27/2020 0:00,740,1,1,0,0,O,CLOUDY,DRY,0,COLLISION WITH ANIMAL NON INTERSECTION,SINGLE VEHICLE,STRAIGHT & LEVEL,DARK-HWY LIGHTED/ON,0,0,0,1
27385280,CAMPBELL,KY0009,StateRoute,,AA,HWY,,38.88602949,-84.26422929,1.711,10/27/2020 0:00,2003,1,1,0,0,O,CLOUDY,WET,0,COLLISION WITH ANIMAL IN INTERSECTION,SINGLE VEHICLE,STRAIGHT & LEVEL,DARK-HWY NOT LIGHTED,1,0,0,1
27386119,CAMPBELL,,OTHR,,PLEASANT RIDGE,RD,,38.91741443,-84.40049,6.156,10/27/2020 0:00,2000,1,1,0,0,O,CLOUDY,WET,0,COLLISION WITH ANIMAL IN INTERSECTION,SINGLE VEHICLE,CURVE & GRADE,DARK-HWY NOT LIGHTED,1,0,0,1
27382979,CAMPBELL,KY0009,StateRoute,,AA,HWY,,39.00326535,-84.43732819,14.775,10/27/2020 0:00,803,1,1,0,0,O,CLOUDY,WET,0,COLLISION WITH ANIMAL NON INTERSECTION,SINGLE VEHICLE,STRAIGHT & LEVEL,DAWN,0,0,0,1
27383385,CAMPBELL,,OTHR,,ROSSFORD,AVE,,39.09939095,-84.46069421,0.24,10/27/2020 0:00,1213,2,2,0,1,B,CLOUDY,DRY,0,1 VEHICLE PARKED POSITION (NOT PARKING LOT/DRIVEWAY),HEAD ON,STRAIGHT & HILLCREST,DAYLIGHT,0,0,0,1
27389998,CAMPBELL,,OTHR,,CLAY RIDGE,RD,,38.85387779,-84.40148845,,10/27/2020 0:00,1917,2,2,0,0,O,CLOUDY,WET,0,REAR END IN TRAFFIC LANES BOTH VEHICLES MOVING,REAR END,CURVE & GRADE,DAYLIGHT,0,0,0,1
27385884,CAMPBELL,KY1120,StateRoute,,MEMORIAL,PKWY,,39.09579831,-84.46957318,2.064,10/27/2020 0:00,1740,2,2,0,0,O,CLEAR,DRY,0,REAR END IN TRAFFIC LANES BOTH VEHICLES MOVING,REAR END,STRAIGHT & LEVEL,DAYLIGHT,0,0,0,1
27397995,CAMPBELL,,OTHR,,DONNERMEYER,BLVD,,39.09762496,-84.48255782,0.049,10/27/2020 0:00,945,2,2,0,0,O,CLOUDY,DRY,0,REAR END IN TRAFFIC LANES BOTH VEHICLES MOVING,REAR END,STRAIGHT & LEVEL,DAYLIGHT,0,0,0,1
27385278,CAMPBELL,,OTHR,,BOONE SMITH,RD,,38.86036272,-84.41429522,,10/27/2020 0:00,1635,2,2,0,0,O,CLOUDY,WET,0,1 VEHICLE ENTERING/LEAVING ENTRANCE,ANGLE,CURVE & GRADE,DAYLIGHT,0,0,0,1
27389019,CAMPBELL,I 0471,Interstate,,I471 S,,,39.07767119,-84.47000205,2.721,10/27/2020 0:00,1348,2,2,0,0,O,RAINING,WET,0,SIDESWIPE COLLISION - SAME DIRECTION,SIDESWIPE-SAME DIRECTION,CURVE & LEVEL,DAYLIGHT,0,0,0,1
27386118,CAMPBELL,I 0471,Interstate,,,,,39.0928107,-84.4790616,0.195,10/27/2020 0:00,2300,2,2,0,0,O,CLEAR,DRY,0,OTHER RAMP RELATED COLLISIONS NOT LISTED ABOVE,REAR END,CURVE & GRADE,DARK-HWY LIGHTED/ON,0,0,0,1
27389997,CAMPBELL,,OTHR,,SHORT CUT,RD,,38.87187033,-84.26126555,0.025,10/28/2020 0:00,1432,2,2,0,0,O,CLOUDY,DRY,0,OTHER ROADWAY OR MID-BLOCK COLLISION,REAR END,STRAIGHT & LEVEL,DAYLIGHT,0,0,0,1
27389015,CAMPBELL,,OTHR,719,SARATOGA,ST,,39.09051029,-84.4905557,0.341,10/28/2020 0:00,1004,2,2,0,0,O,CLOUDY,DRY,0,1 VEHICLE PARKED POSITION (NOT PARKING LOT/DRIVEWAY),SIDESWIPE-SAME DIRECTION,STRAIGHT & LEVEL,DAYLIGHT,0,0,0,1
27388224,CAMPBELL,I 0275,Interstate,,I275 E,,,39.02788266,-84.47276205,76.554,10/28/2020 0:00,802,1,1,0,0,O,CLOUDY,DRY,0,COLLISION WITH FIXED OBJECT NON - INTERSECTION - FIRST EVENT COLLISION 09 - 32 EXCLUDING 16,SINGLE VEHICLE,CURVE & GRADE,DAYLIGHT,0,0,0,1
27397327,CAMPBELL,US0027,USRoute,,ALEXANDRIA,PIKE,,38.91185141,-84.38633696,6.816,10/28/2020 0:00,1637,1,1,0,1,B,CLEAR,DRY,0,COLLISION WITH ANIMAL NON INTERSECTION,SINGLE VEHICLE,STRAIGHT & LEVEL,DAYLIGHT,0,0,0,1
27389999,CAMPBELL,KY0154,StateRoute,,PEACH GROVE,RD,,38.84656294,-84.35548973,,10/28/2020 0:00,1930,1,1,0,0,O,CLOUDY,DRY,0,COLLISION WITH ANIMAL NON INTERSECTION,SINGLE VEHICLE,CURVE & GRADE,DARK-HWY NOT LIGHTED,0,0,0,1