IncidentID,County,RdwyNumber,RdwyType,Street,RoadwayName,StreetSfx,StreetDir,Latitude,Longitude,Milepoint,CollisionDate,CollisionTime,UnitsInvolved,MotorVehiclesInvolved,NumberKilled,NumberInjured,KABCO,Weather,RdwyConditionCode,HitandRun,DirAnalysisCode,MannerofCollision,RdwyCharacter,LightCondition,Intersection Crash,Bicyclist,Pedestrian,Motor Vehicles
27390730,CAMPBELL,US0027,USRoute,,ALEXANDRIA,PIKE,,38.97519293,-84.39251498,11.271,10/28/2020 0:00,2023,1,1,0,0,O,RAINING,WET,0,COLLISION WITH ANIMAL IN INTERSECTION,SINGLE VEHICLE,STRAIGHT & LEVEL,DARK-HWY LIGHTED/ON,1,0,0,1
27395858,CAMPBELL,US0027,USRoute,,ALEXANDRIA,PIKE,,39.03138288,-84.45204477,16.333,10/28/2020 0:00,2204,3,3,0,0,O,RAINING,WET,0,OTHER INTERSECTION COLLISIONS,REAR END,STRAIGHT & LEVEL,DARK-HWY LIGHTED/ON,1,0,0,1
27389011,CAMPBELL,US0027,USRoute,,MONMOUTH,ST,,39.07913172,-84.48057283,20.841,10/28/2020 0:00,1431,2,2,0,0,O,CLEAR,DRY,0,SIDESWIPE-SAME DIRECTION,SIDESWIPE-SAME DIRECTION,STRAIGHT & LEVEL,DAYLIGHT,0,0,0,1
27520868,CAMPBELL,US0027,USRoute,,ALEXANDRIA,PIKE,,39.0361331,-84.45408802,16.685,10/29/2020 0:00,1308,2,2,0,0,O,CLOUDY,WET,0,OTHER ROADWAY OR MID-BLOCK COLLISION,REAR END,STRAIGHT & LEVEL,DAYLIGHT,0,0,0,1
27457562,CAMPBELL,I 0471,Interstate,,I471 S,,,39.05424606,-84.46936086,0.813,10/29/2020 0:00,1550,2,1,0,0,O,RAINING,WET,0,REAR END IN TRAFFIC LANES BOTH VEHICLES MOVING,REAR END,CURVE & LEVEL,DAYLIGHT,0,0,0,1
27392303,CAMPBELL,I 0471,Interstate,,I471 S,,,39.05951089,-84.46963779,1.189,10/29/2020 0:00,636,1,1,0,0,O,RAINING,WATER (STANDING OR MOVING),0,OTHER COLLISIONS ON SHOULDER,SINGLE VEHICLE,CURVE & LEVEL,DARK-HWY LIGHTED/ON,0,0,0,1
27392304,CAMPBELL,I 0471,Interstate,,I471 S,,,39.05951089,-84.46963779,1.189,10/29/2020 0:00,636,1,1,0,0,O,RAINING,WATER (STANDING OR MOVING),0,OTHER COLLISIONS ON SHOULDER,SINGLE VEHICLE,CURVE & LEVEL,DARK-HWY LIGHTED/ON,0,0,0,1
27396247,CAMPBELL,I 0471,Interstate,,I471 S,,,39.09365107,-84.47864586,3.923,10/29/2020 0:00,1730,2,2,0,0,O,RAINING,WET,1,REAR END IN TRAFFIC LANES BOTH VEHICLES MOVING,REAR END,CURVE & HILLCREST,DAYLIGHT,0,0,0,1
27396700,CAMPBELL,KY1632,StateRoute,,MOOCK,RD,,39.06120043,-84.47193781,1.069,10/29/2020 0:00,2042,2,2,0,0,O,RAINING,WET,0,REAR END IN TRAFFIC LANES BOTH VEHICLES MOVING,REAR END,STRAIGHT & LEVEL,DARK-HWY NOT LIGHTED,0,0,0,1
27401342,CAMPBELL,,OTHR,,7TH,ST,E,39.09143117,-84.4903722,0.429,10/29/2020 0:00,536,2,2,0,0,O,RAINING,WET,0,ANGLE COLLISION - OTHER,ANGLE,STRAIGHT & LEVEL,DARK-HWY LIGHTED/ON,0,0,0,1
27392305,CAMPBELL,I 0471,Interstate,,I471 S,,,39.05951089,-84.46963779,1.189,10/29/2020 0:00,801,1,1,0,1,B,RAINING,WATER (STANDING OR MOVING),0,COLLISION WITH FIXED OBJECT NON - INTERSECTION - FIRST EVENT COLLISION 09 - 32 EXCLUDING 16,SINGLE VEHICLE,CURVE & LEVEL,DAWN,0,0,0,1
27394313,CAMPBELL,,OTHR,1244,PARKSIDE,DR,,38.89731791,-84.37601763,0.047,10/29/2020 0:00,1348,2,2,0,0,O,CLOUDY,WET,0,1 VEHICLE PARKED POSITION (NOT PARKING LOT/DRIVEWAY),BACKING,STRAIGHT & GRADE,DAYLIGHT,0,0,0,1
27395299,CAMPBELL,KY1892,StateRoute,,GRAND,AVE,S,39.07363979,-84.46179378,0.727,10/29/2020 0:00,1612,2,2,0,0,O,RAINING,WET,0,1 VEHICLE PARKED POSITION (NOT PARKING LOT/DRIVEWAY),BACKING,STRAIGHT & HILLCREST,DAYLIGHT,0,0,0,1
27396302,CAMPBELL,US0027,USRoute,,KY9 N ON RAMP FROM US27,,,39.00224571,-84.42042853,0.332,10/29/2020 0:00,1603,1,1,0,0,O,RAINING,WET,0,COLLISION WITH FIXED OBJECT NOT IN GORE ,SINGLE VEHICLE,STRAIGHT & GRADE,DAYLIGHT,0,0,0,1
27394681,CAMPBELL,I 0471,Interstate,,,,,39.08540816,-84.47462851,0.216,10/29/2020 0:00,2016,2,2,0,0,O,RAINING,WET,0,OTHER RAMP RELATED COLLISIONS NOT LISTED ABOVE,REAR END,CURVE & HILLCREST,DARK-HWY LIGHTED/ON,0,0,0,1
27397141,CAMPBELL,KY0154,StateRoute,,PEACH GROVE,RD,,38.83573697,-84.33549387,,10/30/2020 0:00,800,1,1,0,0,O,CLEAR,DRY,0,COLLISION WITH ANIMAL NON INTERSECTION,SINGLE VEHICLE,CURVE & LEVEL,DAWN,0,0,0,1
27490646,CAMPBELL,,OTHR,,SARATOGA,ST,,39.09234293,-84.49227038,0.498,10/30/2020 0:00,1602,1,1,0,0,O,CLEAR,DRY,0,COLLISION WITH FIXED OBJECT NON - INTERSECTION - FIRST EVENT COLLISION 09 - 32 EXCLUDING 16,SINGLE VEHICLE,CURVE & LEVEL,DAYLIGHT,0,0,0,1
27402289,CAMPBELL,KY1120,StateRoute,,MEMORIAL,PKWY,,39.09268296,-84.47523092,1.676,10/30/2020 0:00,810,2,2,0,0,O,CLEAR,DRY,0,OPPOSING LEFT TURN,OPPOSING LEFT TURN,STRAIGHT & LEVEL,DAWN,0,0,0,1
27416135,CAMPBELL,US0027,USRoute,,ALEXANDRIA,PIKE,,38.96459033,-84.39277536,10.529,10/30/2020 0:00,1452,2,2,0,0,O,CLEAR,DRY,0,OPPOSING LEFT TURN,OPPOSING LEFT TURN,STRAIGHT & LEVEL,DAYLIGHT,0,0,0,1
27398844,CAMPBELL,KY0009,StateRoute,,AA,HWY,,39.02126816,-84.48119494,17.628,10/30/2020 0:00,2201,2,2,0,0,O,CLEAR,DRY,0,ANGLE COLLISION - OTHER,ANGLE,STRAIGHT & LEVEL,DARK-HWY LIGHTED/ON,0,0,0,1
27398065,CAMPBELL,,OTHR,,SARATOGA,ST,,39.09225421,-84.49218274,0.49,10/30/2020 0:00,1628,1,1,0,0,O,CLOUDY,DRY,1,COLLISION WITH FIXED OBJECT IN INTERSECTION - FIRST EVENT COLLISION 09 - 32,SINGLE VEHICLE,STRAIGHT & LEVEL,DAYLIGHT,1,0,0,1
27400179,CAMPBELL,KY0009,StateRoute,,AA,HWY,,39.02127243,-84.4811856,17.628,10/30/2020 0:00,1434,2,2,0,0,O,CLOUDY,DRY,0,OTHER INTERSECTION COLLISIONS,REAR END,STRAIGHT & LEVEL,DAYLIGHT,1,0,0,1
27399519,CAMPBELL,US0027,USRoute,,MONMOUTH,ST,,39.09281396,-84.49462117,22.067,10/30/2020 0:00,2315,2,2,0,0,O,CLOUDY,DRY,0,REAR END IN TRAFFIC LANES BOTH VEHICLES MOVING,REAR END,STRAIGHT & LEVEL,DARK-HWY LIGHTED/ON,0,0,0,1
27400178,CAMPBELL,I 0275,Interstate,,I275 E,,,39.02945327,-84.471183,76.425,10/30/2020 0:00,2210,1,1,0,0,O,CLEAR,DRY,0,OTHER ROADWAY OR MID-BLOCK COLLISION,SINGLE VEHICLE,CURVE & GRADE,DARK-HWY LIGHTED/ON,0,0,0,1
27399292,CAMPBELL,KY0008,StateRoute,119,FAIRFIELD,AVE,,39.10287845,-84.48740343,1.546,10/30/2020 0:00,1350,2,2,0,0,O,CLEAR,DRY,0,VEHICLE BACKING NON INTERSECTION,BACKING,STRAIGHT & GRADE,DAYLIGHT,0,0,0,1
27433788,CAMPBELL,KY1120,StateRoute,,FT THOMAS,AVE,N,39.08212945,-84.45063372,3.943,10/30/2020 0:00,753,2,2,0,0,O,CLOUDY,DRY,0,VEHICLE BACKING NON INTERSECTION,BACKING,STRAIGHT & LEVEL,DAWN,0,0,0,1
27420041,CAMPBELL,KY1632,StateRoute,,MOOCK,RD,,39.06830136,-84.4667392,1.621,10/31/2020 0:00,1715,2,2,0,0,O,CLEAR,DRY,0,REAR END IN TRAFFIC LANES BOTH VEHICLES MOVING,REAR END,CURVE & GRADE,DAYLIGHT,0,0,0,1
27410584,CAMPBELL,I 0275,Interstate,,I275 W,,,39.02284703,-84.48856558,77.536,10/31/2020 0:00,1120,1,1,0,0,O,CLEAR,DRY,0,COLLISION WITH ANIMAL NON INTERSECTION,SINGLE VEHICLE,STRAIGHT & LEVEL,DAYLIGHT,0,0,0,1
27409537,CAMPBELL,KY0009,StateRoute,,AA,HWY,,39.01421201,-84.47610254,17.041,10/31/2020 0:00,822,2,2,0,2,A,FOG,DRY,0,COLLISION WITH FIXED OBJECT IN INTERSECTION - FIRST EVENT COLLISION 09 - 32,ANGLE,STRAIGHT & LEVEL,DAYLIGHT,1,0,0,1
27416233,CAMPBELL,KY0009,StateRoute,,LICKING,PIKE,,39.05250833,-84.48904046,19.977,10/31/2020 0:00,615,1,1,0,0,O,FOG,DRY,0,COLLISION WITH FIXED OBJECT IN INTERSECTION - FIRST EVENT COLLISION 09 - 32,SINGLE VEHICLE,STRAIGHT & LEVEL,DARK-HWY LIGHTED/ON,1,0,0,1
27415759,CAMPBELL,US0027,USRoute,,ALEXANDRIA,PIKE,,38.95761256,-84.39317115,10.046,10/31/2020 0:00,922,2,2,0,3,A,CLEAR,DRY,0,ANGLE COLLISION - ONE VEHICLE TURNING LEFT,ANGLE,STRAIGHT & LEVEL,DAYLIGHT,0,0,0,1
27401277,CAMPBELL,KY0009,StateRoute,,AA,HWY,,39.02126151,-84.48118201,17.628,10/31/2020 0:00,2050,2,2,0,1,C,CLEAR,DRY,0,ANGLE COLLISION - OTHER,ANGLE,STRAIGHT & LEVEL,DARK-HWY LIGHTED/ON,0,0,0,1
27401556,CAMPBELL,I 0471,Interstate,,I471 N,,,39.08353015,-84.47224295,3.123,10/31/2020 0:00,2340,1,1,0,0,O,CLEAR,DRY,0,COLLISION WITH FIXED OBJECT NON - INTERSECTION - FIRST EVENT COLLISION 09 - 32 EXCLUDING 16,SINGLE VEHICLE,STRAIGHT & LEVEL,DARK-HWY LIGHTED/ON,0,0,0,1
27403211,CAMPBELL,,OTHR,1146,ANN,ST,,39.08328569,-84.49111558,0.46,11/1/2020 0:00,0,2,2,0,0,O,CLEAR,DRY,1,1 VEHICLE PARKED POSITION (NOT PARKING LOT/DRIVEWAY),SIDESWIPE-SAME DIRECTION,STRAIGHT & LEVEL,DARK-HWY NOT LIGHTED,0,0,0,1
27414745,CAMPBELL,KY2238,StateRoute,,UNIVERSITY,DR,,39.03923681,-84.46448818,0.812,11/1/2020 0:00,820,2,2,0,0,O,OTHER,DRY,0,COLLISION WITH FIXED OBJECT NON - INTERSECTION - FIRST EVENT COLLISION 09 - 32 EXCLUDING 16,HEAD ON,STRAIGHT & LEVEL,DAYLIGHT,0,0,0,1
27415760,CAMPBELL,KY1121,StateRoute,8420,PERSIMMON GROVE,PIKE,,38.95710272,-84.38169598,9.987,11/1/2020 0:00,105,1,1,0,1,B,CLEAR,DRY,0,COLLISION WITH FIXED OBJECT NON - INTERSECTION - FIRST EVENT COLLISION 09 - 32 EXCLUDING 16,SINGLE VEHICLE,CURVE & LEVEL,DARK-HWY LIGHTED/ON,0,0,0,1
27443053,CAMPBELL,KY0008,StateRoute,,FAIRFIELD,AVE,,39.10566377,-84.48409255,1.809,11/1/2020 0:00,1628,2,2,0,0,O,CLEAR,DRY,0,OTHER INTERSECTION COLLISIONS,REAR END,STRAIGHT & LEVEL,DAYLIGHT,1,0,0,1
27404626,CAMPBELL,KY0008,StateRoute,,MARY INGLES,HWY,,39.03717984,-84.39205352,10.682,11/1/2020 0:00,1843,2,2,0,0,O,CLOUDY,DRY,0,OTHER INTERSECTION COLLISIONS,REAR END,STRAIGHT & LEVEL,DARK-HWY LIGHTED/ON,1,0,0,1
27403832,CAMPBELL,,OTHR,6303,MURNAN,RD,,39.00630149,-84.44068515,1.082,11/1/2020 0:00,2115,1,1,0,1,B,CLEAR,DRY,0,OTHER COLLISIONS ON SHOULDER,SINGLE VEHICLE,CURVE & GRADE,DARK-HWY NOT LIGHTED,0,0,0,1
27409860,CAMPBELL,US0027,USRoute,2404,ALEXANDRIA,PIKE,,39.07369206,-84.47283885,20.265,11/2/2020 0:00,1517,2,2,0,0,O,CLEAR,WET,0,VEHICLE BACKING NON INTERSECTION,BACKING,STRAIGHT & HILLCREST,DAYLIGHT,0,0,0,1
27416236,CAMPBELL,KY0009,StateRoute,,LICKING,PIKE,,39.02700985,-84.48012543,18.046,11/2/2020 0:00,957,2,2,0,0,O,CLOUDY,DRY,1,1 VEHICLE PARKED POSITION (NOT PARKING LOT/DRIVEWAY),ANGLE,STRAIGHT & LEVEL,UNKNOWN,0,0,0,1
27416953,CAMPBELL,US0027,USRoute,,ALEXANDRIA,PIKE,,39.0252972,-84.44549576,15.769,11/2/2020 0:00,906,2,2,0,0,O,CLEAR,DRY,0,OTHER INTERSECTION COLLISIONS,REAR END,STRAIGHT & LEVEL,DAYLIGHT,1,0,0,1
27443048,CAMPBELL,,OTHR,,BERRY,AVE,,39.10433387,-84.48562179,0.824,11/2/2020 0:00,1648,1,1,0,2,B,CLEAR,DRY,0,COLLISION WITH FIXED OBJECT NON - INTERSECTION - FIRST EVENT COLLISION 09 - 32 EXCLUDING 16,SINGLE VEHICLE,STRAIGHT & GRADE,DAYLIGHT,0,0,0,1
27408707,CAMPBELL,KY1121,StateRoute,,PERSIMMON GROVE,PIKE,,38.89649771,-84.34006889,4.959,11/2/2020 0:00,1917,1,1,0,0,O,CLEAR,DRY,0,COLLISION WITH ANIMAL NON INTERSECTION,SINGLE VEHICLE,STRAIGHT & GRADE,DARK-HWY NOT LIGHTED,0,0,0,1
27447600,CAMPBELL,KY0008,StateRoute,,6TH,AVE,,39.1097994,-84.47872972,2.213,11/2/2020 0:00,1215,2,2,0,0,O,CLEAR,DRY,0,1 VEHICLE PARKED POSITION (NOT PARKING LOT/DRIVEWAY),SIDESWIPE-SAME DIRECTION,STRAIGHT & LEVEL,DAYLIGHT,0,0,0,1
27416954,CAMPBELL,US0027,USRoute,5400,ALEXANDRIA,PIKE,,39.00005349,-84.41967359,13.557,11/2/2020 0:00,1700,2,2,0,0,O,CLEAR,DRY,0,OTHER ROADWAY OR MID-BLOCK COLLISION,REAR END,STRAIGHT & LEVEL,DAYLIGHT,0,0,0,1
27406449,CAMPBELL,US0027,USRoute,,ALEXANDRIA,PIKE,,39.02526836,-84.44550658,15.769,11/2/2020 0:00,659,2,2,0,0,O,CLEAR,DRY,0,OTHER ROADWAY OR MID-BLOCK COLLISION,REAR END,STRAIGHT & LEVEL,DAYLIGHT,0,0,0,1
27423734,CAMPBELL,,OTHR,908,WALNUT,ST,,39.10797152,-84.47629466,0.207,11/3/2020 0:00,1,2,2,0,0,O,CLOUDY,DRY,1,1 VEHICLE PARKED POSITION (NOT PARKING LOT/DRIVEWAY),SIDESWIPE-SAME DIRECTION,STRAIGHT & HILLCREST,DARK-HWY LIGHTED/ON,0,0,0,1
27407208,CAMPBELL,,OTHR,,HIGHLAND,AVE,,39.07828897,-84.4492262,1.262,11/3/2020 0:00,,2,2,0,0,O,CLEAR,DRY,1,COLLISION WITH FIXED OBJECT NON - INTERSECTION - FIRST EVENT COLLISION 09 - 32 EXCLUDING 16,BACKING,STRAIGHT & GRADE,DAYLIGHT,0,0,0,1
27456441,CAMPBELL,US0027,USRoute,,MONMOUTH,ST,,39.08418764,-84.48481252,21.25,11/3/2020 0:00,750,1,1,0,0,O,CLEAR,DRY,0,COLLISION WITH ANIMAL NON INTERSECTION,SINGLE VEHICLE,STRAIGHT & GRADE,DAYLIGHT,0,0,0,1
27413838,CAMPBELL,US0027,USRoute,810,MONMOUTH,ST,,39.08929257,-84.49138503,21.768,11/3/2020 0:00,1353,2,1,0,1,A,CLOUDY,DRY,0,COLLISION WITH PEDESTRIAN NON - INTERSECTION,SINGLE VEHICLE,STRAIGHT & GRADE,DAYLIGHT,0,0,1,0
27539313,CAMPBELL,,OTHR,,OFALLON,AVE,,39.10900221,-84.47996659,0.502,11/3/2020 0:00,2138,2,2,0,0,O,CLEAR,DRY,0,HEAD-ON COLLISION,HEAD ON,STRAIGHT & LEVEL,DARK-HWY LIGHTED/ON,0,0,0,1
27416235,CAMPBELL,,OTHR,,PLUM,ST,,39.00744083,-84.47369532,0.003,11/3/2020 0:00,630,2,2,0,0,O,CLEAR,DRY,0,1 VEHICLE ENTERING/LEAVING ENTRANCE,ANGLE,STRAIGHT & LEVEL,DAWN,0,0,0,1
27416425,CAMPBELL,I 0471,Interstate,,I471 N,,,39.09976743,-84.49298484,4.819,11/4/2020 0:00,803,3,3,0,2,B,CLOUDY,DRY,0,SIDESWIPE COLLISION - SAME DIRECTION,SIDESWIPE-SAME DIRECTION,STRAIGHT & LEVEL,DAYLIGHT,0,0,0,1
27417902,CAMPBELL,US0027,USRoute,,ALEXANDRIA,PIKE,,38.85788399,-84.38775843,2.875,11/4/2020 0:00,1842,1,1,0,0,O,CLEAR,DRY,0,COLLISION WITH ANIMAL NON INTERSECTION,SINGLE VEHICLE,STRAIGHT & LEVEL,DARK-HWY NOT LIGHTED,0,0,0,1
27417903,CAMPBELL,US0027,USRoute,,ALEXANDRIA,PIKE,,38.88245473,-84.38782048,4.749,11/4/2020 0:00,2158,1,1,0,1,C,CLEAR,DRY,0,COLLISION WITH ANIMAL NON INTERSECTION,SINGLE VEHICLE,STRAIGHT & LEVEL,DARK-HWY NOT LIGHTED,0,0,0,1
27413253,CAMPBELL,I 0275,Interstate,,I275 W,,,39.04832767,-84.45208317,74.504,11/4/2020 0:00,257,1,1,0,0,O,CLEAR,DRY,0,COLLISION WITH ANIMAL NON INTERSECTION,SINGLE VEHICLE,CURVE & GRADE,DARK (UNKNOWN ROADWAY LIGHTING),0,0,0,1
27415421,CAMPBELL,,OTHR,134,CENTER,ST,,39.06942012,-84.47418966,,11/4/2020 0:00,132,2,2,0,0,O,CLEAR,DRY,1,1 VEHICLE PARKED POSITION (NOT PARKING LOT/DRIVEWAY),SIDESWIPE-SAME DIRECTION,STRAIGHT & LEVEL,UNKNOWN,0,0,0,1
27422727,CAMPBELL,I 0471,Interstate,,,,,39.08876546,-84.47521762,0.365,11/5/2020 0:00,2045,2,2,0,0,O,CLEAR,DRY,0,OTHER RAMP RELATED COLLISIONS NOT LISTED ABOVE,REAR END,CURVE & HILLCREST,DARK-HWY LIGHTED/ON,0,0,0,1
27418300,CAMPBELL,KY0009,StateRoute,,AA,HWY,,38.93003835,-84.30769877,5.718,11/5/2020 0:00,509,1,1,0,0,O,CLEAR,DRY,0,COLLISION WITH ANIMAL NON INTERSECTION,SINGLE VEHICLE,STRAIGHT & GRADE,DARK (UNKNOWN ROADWAY LIGHTING),0,0,0,1
27431639,CAMPBELL,KY2238,StateRoute,100,THREE MILE,RD,,39.0479457,-84.47426038,1.647,11/5/2020 0:00,500,1,1,0,1,B,CLEAR,DRY,0,COLLISION WITH FIXED OBJECT NON - INTERSECTION - FIRST EVENT COLLISION 09 - 32 EXCLUDING 16,SINGLE VEHICLE,CURVE & LEVEL,DARK-HWY NOT LIGHTED,0,0,0,1
27420637,CAMPBELL,US0027,USRoute,,ALEXANDRIA,PIKE,,39.03693939,-84.45398164,16.733,11/5/2020 0:00,1109,2,2,0,1,B,CLEAR,DRY,0,OPPOSING LEFT TURN,OPPOSING LEFT TURN,STRAIGHT & LEVEL,DAYLIGHT,0,0,0,1
27418299,CAMPBELL,US0027,USRoute,,ALEXANDRIA,PIKE,,38.91457278,-84.38739007,7.013,11/5/2020 0:00,455,1,1,0,0,O,CLEAR,DRY,0,COLLISION WITH ANIMAL IN INTERSECTION,SINGLE VEHICLE,STRAIGHT & LEVEL,DARK-HWY NOT LIGHTED,1,0,0,1
27439096,CAMPBELL,,OTHR,100,9TH,ST,W,39.08648744,-84.49357147,0.115,11/5/2020 0:00,743,2,2,0,2,B,CLEAR,DRY,0,OTHER ROADWAY OR MID-BLOCK COLLISION,OPPOSING LEFT TURN,STRAIGHT & LEVEL,DAYLIGHT,0,0,0,1
27461626,CAMPBELL,,OTHR,305,COVERT RUN,PIKE,,39.09980171,-84.47729091,0.15,11/5/2020 0:00,1222,2,2,0,0,O,CLEAR,DRY,0,1 VEHICLE PARKED POSITION (NOT PARKING LOT/DRIVEWAY),SIDESWIPE-SAME DIRECTION,STRAIGHT & LEVEL,DAYLIGHT,0,0,0,1
27439040,CAMPBELL,,OTHR,27,GARRISON,AVE,,39.06280084,-84.44662052,0.085,11/5/2020 0:00,1230,2,2,0,0,O,CLEAR,DRY,0,1 VEHICLE PARKED POSITION (NOT PARKING LOT/DRIVEWAY),SIDESWIPE-SAME DIRECTION,STRAIGHT & GRADE,DAYLIGHT,0,0,0,1
27446206,CAMPBELL,KY1120,StateRoute,,10TH,ST,E,39.08860456,-84.48637145,1.001,11/5/2020 0:00,1011,2,2,0,0,O,CLEAR,DRY,0,REAR END IN TRAFFIC LANES BOTH VEHICLES MOVING,REAR END,STRAIGHT & LEVEL,DAYLIGHT,0,0,0,1
27428139,CAMPBELL,US0027,USRoute,,ALEXANDRIA,PIKE,,38.99693008,-84.41636205,13.288,11/6/2020 0:00,2103,2,2,0,0,O,CLEAR,DRY,0,SIDESWIPE COLLISION - SAME DIRECTION,SIDESWIPE-SAME DIRECTION,STRAIGHT & HILLCREST,DARK-HWY LIGHTED/OFF,0,0,0,1
27425388,CAMPBELL,KY0009,StateRoute,,LICKING,PIKE,,39.02337689,-84.48081608,17.794,11/6/2020 0:00,1538,2,2,0,0,O,CLEAR,DRY,0,REAR END IN TRAFFIC LANES BOTH VEHICLES MOVING,REAR END,STRAIGHT & LEVEL,DAYLIGHT,0,0,0,1
27425908,CAMPBELL,KY0009,StateRoute,,AA,HWY,,39.02029907,-84.4815131,17.559,11/6/2020 0:00,1729,2,2,0,0,O,CLEAR,DRY,0,REAR END IN TRAFFIC LANES BOTH VEHICLES MOVING,REAR END,STRAIGHT & LEVEL,DAYLIGHT,0,0,0,1
27426858,CAMPBELL,I 0471,Interstate,,I471 N,,,39.09948765,-84.4923786,4.781,11/6/2020 0:00,1650,3,3,0,0,O,CLEAR,DRY,0,REAR END IN TRAFFIC LANES BOTH VEHICLES MOVING,REAR END,STRAIGHT & LEVEL,DAYLIGHT,0,0,0,1
27426866,CAMPBELL,KY1120,StateRoute,,MEMORIAL,PKWY,,39.09283925,-84.47917298,1.458,11/6/2020 0:00,1734,2,2,0,0,O,CLEAR,DRY,0,REAR END IN TRAFFIC LANES BOTH VEHICLES MOVING,REAR END,STRAIGHT & LEVEL,DARK-HWY LIGHTED/ON,0,0,0,1
27426880,CAMPBELL,I 0471,Interstate,,I471 N,,,39.1004376,-84.49433106,4.905,11/6/2020 0:00,1824,2,2,0,0,O,CLEAR,DRY,0,REAR END IN TRAFFIC LANES BOTH VEHICLES MOVING,REAR END,STRAIGHT & LEVEL,DARK-HWY LIGHTED/ON,0,0,0,1
27425829,CAMPBELL,I 0275,Interstate,,I275 E,,,39.02659689,-84.47501325,76.697,11/6/2020 0:00,1823,2,2,0,0,O,CLEAR,DRY,0,REAR END IN TRAFFIC LANES BOTH VEHICLES MOVING,REAR END,STRAIGHT & GRADE,DARK-HWY LIGHTED/OFF,0,0,0,1
27451780,CAMPBELL,,OTHR,6,COTTONWOOD,CT,N,38.95449255,-84.36007601,0.024,11/6/2020 0:00,1900,3,3,0,0,O,CLEAR,DRY,0,1 VEHICLE ENTERING/LEAVING ENTRANCE,ANGLE,STRAIGHT & HILLCREST,DAYLIGHT,0,0,0,1
27425004,CAMPBELL,I 0471,Interstate,,I471 S,,,39.08191409,-84.47173122,3.029,11/6/2020 0:00,813,1,1,0,0,O,CLEAR,DRY,0,COLLISION WITH ANIMAL NON INTERSECTION,SINGLE VEHICLE,STRAIGHT & LEVEL,DAYLIGHT,0,0,0,1
27439099,CAMPBELL,US0027,USRoute,,MONMOUTH,ST,,39.08828293,-84.49013422,21.67,11/6/2020 0:00,1720,2,2,0,0,O,CLEAR,DRY,0,OTHER INTERSECTION COLLISIONS,REAR END,STRAIGHT & LEVEL,DAYLIGHT,1,0,0,1
27452270,CAMPBELL,US0027,USRoute,,ALEXANDRIA,PIKE,,39.01886043,-84.43651028,15.098,11/6/2020 0:00,445,2,2,0,1,C,CLEAR,DRY,0,OPPOSING LEFT TURN,OPPOSING LEFT TURN,STRAIGHT & LEVEL,DARK-HWY LIGHTED/ON,0,0,0,1
27475253,CAMPBELL,,OTHR,86,FAREN,DR,,39.036189,-84.45504811,0.034,11/6/2020 0:00,1937,2,2,0,0,O,CLEAR,DRY,0,1 VEHICLE PARKED POSITION (NOT PARKING LOT/DRIVEWAY),BACKING,STRAIGHT & LEVEL,DARK (UNKNOWN ROADWAY LIGHTING),0,0,0,1
27426231,CAMPBELL,KY0009,StateRoute,,AA,HWY,,38.93273757,-84.31274812,6.046,11/6/2020 0:00,1947,1,1,0,0,O,CLEAR,DRY,0,COLLISION WITH ANIMAL NON INTERSECTION,SINGLE VEHICLE,STRAIGHT & LEVEL,DARK-HWY NOT LIGHTED,0,0,0,1
27427015,CAMPBELL,US0027,USRoute,,ALEXANDRIA,PIKE,,38.99212632,-84.40944003,12.792,11/6/2020 0:00,1809,1,1,0,0,O,CLEAR,DRY,0,COLLISION WITH ANIMAL NON INTERSECTION,SINGLE VEHICLE,STRAIGHT & GRADE,DARK-HWY NOT LIGHTED,0,0,0,1
27425553,CAMPBELL,I 0471,Interstate,,,,,39.09866434,-84.4906663,0.318,11/6/2020 0:00,1620,3,3,0,0,O,CLEAR,DRY,0,OTHER RAMP RELATED COLLISIONS NOT LISTED ABOVE,REAR END,STRAIGHT & LEVEL,DAYLIGHT,0,0,0,1
27427750,CAMPBELL,I 0275,Interstate,,,,,39.02331783,-84.48294766,0.229,11/6/2020 0:00,1930,1,1,0,0,O,CLEAR,DRY,0,COLLISION WITH FIXED OBJECT NOT IN GORE ,SINGLE VEHICLE,CURVE & LEVEL,DARK-HWY LIGHTED/ON,0,0,0,1
27429721,CAMPBELL,,OTHR,,6TH,ST,E,39.095678,-84.48603536,0.181,11/7/2020 0:00,2131,2,1,0,0,O,CLEAR,DRY,1,OTHER ROADWAY OR MID-BLOCK COLLISION,SINGLE VEHICLE,STRAIGHT & LEVEL,DARK-HWY LIGHTED/ON,0,0,0,1
27428963,CAMPBELL,KY0009,StateRoute,,AA,HWY,,38.92339683,-84.29605357,4.938,11/7/2020 0:00,1828,1,1,0,0,O,CLEAR,DRY,0,COLLISION WITH ANIMAL NON INTERSECTION,SINGLE VEHICLE,STRAIGHT & LEVEL,DARK-HWY NOT LIGHTED,0,0,0,1
27434959,CAMPBELL,KY0008,StateRoute,5126,MARY INGLES,HWY,,39.03688135,-84.39094279,10.738,11/7/2020 0:00,2300,2,2,0,0,O,CLEAR,DRY,1,1 VEHICLE PARKED POSITION (NOT PARKING LOT/DRIVEWAY),SIDESWIPE-SAME DIRECTION,STRAIGHT & LEVEL,DARK-HWY NOT LIGHTED,0,0,0,1