IncidentID,County,RdwyNumber,RdwyType,Street,RoadwayName,StreetSfx,StreetDir,Latitude,Longitude,Milepoint,CollisionDate,CollisionTime,UnitsInvolved,MotorVehiclesInvolved,NumberKilled,NumberInjured,KABCO,Weather,RdwyConditionCode,HitandRun,DirAnalysisCode,MannerofCollision,RdwyCharacter,LightCondition,Intersection Crash,Bicyclist,Pedestrian,Motor Vehicles
27451781,CAMPBELL,US0027,USRoute,,ALEXANDRIA,PIKE,,38.9729783,-84.39211461,11.121,11/7/2020 0:00,2107,2,2,0,0,O,CLEAR,DRY,0,ANGLE COLLISION - OTHER,ANGLE,STRAIGHT & LEVEL,DARK-HWY LIGHTED/ON,0,0,0,1
27428157,CAMPBELL,US0027,USRoute,,ALEXANDRIA,PIKE,,39.01986646,-84.43760446,15.199,11/7/2020 0:00,951,2,2,0,0,O,CLEAR,DRY,0,OTHER INTERSECTION COLLISIONS,REAR END,STRAIGHT & LEVEL,DAYLIGHT,1,0,0,1
27430300,CAMPBELL,KY0008,StateRoute,300,4TH,ST,W,39.08887468,-84.50151099,0.192,11/7/2020 0:00,1556,2,2,0,0,O,CLOUDY,DRY,0,1 VEHICLE ENTERING/LEAVING ENTRANCE,ANGLE,CURVE & GRADE,DAYLIGHT,0,0,0,1
27428965,CAMPBELL,KY0009,StateRoute,,AA,HWY,,38.96671573,-84.35084019,9.23,11/7/2020 0:00,1923,2,2,0,1,B,CLEAR,DRY,0,REAR END IN TRAFFIC LANES BOTH VEHICLES MOVING,REAR END,STRAIGHT & LEVEL,DARK-HWY LIGHTED/ON,0,0,0,1
27428985,CAMPBELL,US0027,USRoute,,3RD,ST,E,39.09351015,-84.49691959,22.248,11/7/2020 0:00,1808,2,2,0,0,O,CLEAR,DRY,0,SIDESWIPE COLLISION - SAME DIRECTION,SIDESWIPE-SAME DIRECTION,CURVE & LEVEL,DARK-HWY LIGHTED/ON,0,0,0,1
27431628,CAMPBELL,I 0275,Interstate,,I275 W,,,39.03018195,-84.47105665,76.421,11/7/2020 0:00,1509,1,1,0,0,O,CLEAR,DRY,0,OTHER COLLISIONS ON SHOULDER,SINGLE VEHICLE,CURVE & GRADE,DAYLIGHT,0,0,0,1
27431640,CAMPBELL,KY1632,StateRoute,,MOOCK,RD,,39.05505568,-84.48707673,0.014,11/8/2020 0:00,1352,2,2,0,0,O,CLEAR,DRY,0,REAR END IN TRAFFIC LANES BOTH VEHICLES MOVING,REAR END,STRAIGHT & LEVEL,DAYLIGHT,0,0,0,1
27431638,CAMPBELL,KY2238,StateRoute,,THREE MILE,RD,,39.04845265,-84.47494165,1.697,11/8/2020 0:00,1417,2,2,0,0,O,CLEAR,DRY,0,VEHICLE BACKING NON INTERSECTION,BACKING,STRAIGHT & LEVEL,DAYLIGHT,0,0,0,1
27438633,CAMPBELL,US0027,USRoute,,ALEXANDRIA,PIKE,,38.88503208,-84.38703635,4.932,11/8/2020 0:00,1825,1,1,0,0,O,CLEAR,DRY,0,COLLISION WITH ANIMAL NON INTERSECTION,SINGLE VEHICLE,STRAIGHT & LEVEL,DARK-HWY LIGHTED/ON,0,0,0,1
27435922,CAMPBELL,,OTHR,118,9TH,ST,E,39.08867423,-84.48957783,0.598,11/8/2020 0:00,1145,1,1,0,0,O,CLOUDY,DRY,1,COLLISION WITH FIXED OBJECT IN INTERSECTION - FIRST EVENT COLLISION 09 - 32,SINGLE VEHICLE,STRAIGHT & LEVEL,DAYLIGHT,1,0,0,1
27460505,CAMPBELL,,OTHR,,6TH,ST,E,39.0953497,-84.48662371,0.214,11/8/2020 0:00,1745,2,2,0,0,O,CLEAR,DRY,0,ANGLE COLLISION - OTHER,ANGLE,STRAIGHT & LEVEL,DARK-HWY LIGHTED/ON,0,0,0,1
27451784,CAMPBELL,US0027,USRoute,7647,ALEXANDRIA,PIKE,,38.97599757,-84.3927125,11.328,11/8/2020 0:00,513,1,1,0,0,O,CLEAR,DRY,0,COLLISION WITH ANIMAL NON INTERSECTION,SINGLE VEHICLE,STRAIGHT & LEVEL,DARK-HWY LIGHTED/ON,0,0,0,1
27438630,CAMPBELL,KY0735,StateRoute,,SMITH,RD,,38.88617743,-84.26377253,0.066,11/8/2020 0:00,1405,2,2,0,0,O,CLEAR,DRY,0,OTHER ROADWAY OR MID-BLOCK COLLISION,REAR END,STRAIGHT & LEVEL,DAYLIGHT,0,0,0,1
27443710,CAMPBELL,I 0275,Interstate,,I275 E,,,39.02657111,-84.47498716,76.697,11/9/2020 0:00,609,1,1,0,0,O,CLEAR,DRY,0,COLLISION WITH ANIMAL NON INTERSECTION,SINGLE VEHICLE,STRAIGHT & GRADE,DARK-HWY LIGHTED/ON,0,0,0,1
27436916,CAMPBELL,KY0009,StateRoute,,AA,HWY,,38.92594654,-84.30078248,5.253,11/9/2020 0:00,1915,1,1,0,0,O,CLEAR,DRY,0,COLLISION WITH ANIMAL NON INTERSECTION,SINGLE VEHICLE,STRAIGHT & LEVEL,DARK-HWY NOT LIGHTED,0,0,0,1
27461378,CAMPBELL,US0027,USRoute,,ALEXANDRIA,PIKE,,38.9452304,-84.39398663,9.181,11/9/2020 0:00,1915,1,1,0,0,O,CLEAR,DRY,0,COLLISION WITH ANIMAL IN INTERSECTION,SINGLE VEHICLE,STRAIGHT & LEVEL,DARK-HWY LIGHTED/ON,1,0,0,1
27438635,CAMPBELL,US0027,USRoute,,ALEXANDRIA,PIKE,,38.91686559,-84.38853026,7.182,11/9/2020 0:00,655,1,1,0,0,O,CLEAR,DRY,0,COLLISION WITH ANIMAL NON INTERSECTION,SINGLE VEHICLE,STRAIGHT & LEVEL,DAYLIGHT,0,0,0,1
27439024,CAMPBELL,,OTHR,,HIDDEN VALLEY,DR,,39.03537352,-84.45334974,0.036,11/9/2020 0:00,2241,2,2,0,0,O,CLEAR,DRY,0,VEHICLE BACKING NON INTERSECTION,BACKING,STRAIGHT & LEVEL,DARK-HWY LIGHTED/ON,0,0,0,1
27444057,CAMPBELL,US0027,USRoute,,ALEXANDRIA,PIKE,,39.0210387,-84.43914795,15.316,11/9/2020 0:00,1530,3,3,0,0,O,CLEAR,DRY,0,OTHER ROADWAY OR MID-BLOCK COLLISION,REAR END,STRAIGHT & LEVEL,DAYLIGHT,0,0,0,1
27438636,CAMPBELL,I 0275,Interstate,,I275 W,,,39.0483172,-84.45218538,74.509,11/9/2020 0:00,925,2,2,0,0,O,CLEAR,DRY,1,SIDESWIPE COLLISION - SAME DIRECTION,SIDESWIPE-SAME DIRECTION,CURVE & GRADE,DAYLIGHT,0,0,0,1
27439019,CAMPBELL,I 0275,Interstate,,I275 E,,,39.04929724,-84.44800172,74.278,11/9/2020 0:00,1704,2,2,0,0,O,CLEAR,DRY,0,REAR END IN TRAFFIC LANES BOTH VEHICLES MOVING,REAR END,STRAIGHT & LEVEL,DAYLIGHT,0,0,0,1
27444056,CAMPBELL,US0027,USRoute,,ALEXANDRIA,PIKE,,39.00425821,-84.42455634,13.936,11/10/2020 0:00,2043,2,2,0,0,O,RAINING,WET,0,REAR END IN TRAFFIC LANES BOTH VEHICLES MOVING,REAR END,STRAIGHT & GRADE,DARK-HWY NOT LIGHTED,0,0,0,1
27456440,CAMPBELL,US0027,USRoute,,MONMOUTH,ST,,39.08397264,-84.48426042,21.234,11/10/2020 0:00,1524,2,2,0,0,O,CLEAR,DRY,0,SIDESWIPE COLLISION - SAME DIRECTION,SIDESWIPE-SAME DIRECTION,STRAIGHT & GRADE,DAYLIGHT,0,0,0,1
27457790,CAMPBELL,I 0275,Interstate,,I275 W,,,39.04165002,-84.46974305,75.632,11/10/2020 0:00,224,1,1,0,0,O,CLEAR,DRY,0,OTHER COLLISIONS ON SHOULDER,SINGLE VEHICLE,CURVE & GRADE,DARK-HWY LIGHTED/ON,0,0,0,1
27441293,CAMPBELL,US0027,USRoute,,ALEXANDRIA,PIKE,,38.92116419,-84.39092446,7.523,11/10/2020 0:00,1426,2,2,0,0,O,CLEAR,DRY,0,1 VEHICLE ENTERING/LEAVING ENTRANCE,ANGLE,STRAIGHT & LEVEL,DAYLIGHT,0,0,0,1
27442271,CAMPBELL,,OTHR,,9TH,ST,E,39.09164214,-84.48422958,0.219,11/10/2020 0:00,1750,2,2,0,0,O,CLEAR,DRY,0,COLLISION WITH PARKED VEHICLE,ANGLE,STRAIGHT & LEVEL,DARK-HWY LIGHTED/ON,0,0,0,1
27440613,CAMPBELL,I 0471,Interstate,,I471 S,,,39.09931068,-84.49255046,4.783,11/10/2020 0:00,1322,2,2,0,0,O,CLEAR,DRY,1,NON-COLLISION OBJECT COLLISION,HEAD ON,STRAIGHT & LEVEL,DAYLIGHT,0,0,0,1
27444174,CAMPBELL,KY1120,StateRoute,,10TH,ST,E,39.09264227,-84.48053885,1.371,11/10/2020 0:00,815,2,2,0,0,O,CLEAR,DRY,0,ANGLE COLLISION - OTHER,ANGLE,STRAIGHT & HILLCREST,DAYLIGHT,0,0,0,1
27447604,CAMPBELL,KY0008,StateRoute,,6TH,AVE,,39.11148055,-84.47596972,2.396,11/10/2020 0:00,1250,1,1,0,0,O,CLEAR,DRY,0,COLLISION WITH FIXED OBJECT NON - INTERSECTION - FIRST EVENT COLLISION 09 - 32 EXCLUDING 16,SINGLE VEHICLE,STRAIGHT & LEVEL,DAYLIGHT,0,0,0,1
27440413,CAMPBELL,,OTHR,927,BOONE,ST,,39.08998958,-84.48596721,0.128,11/10/2020 0:00,1225,2,2,0,0,O,CLEAR,DRY,0,1 VEHICLE PARKED POSITION (NOT PARKING LOT/DRIVEWAY),SIDESWIPE-SAME DIRECTION,STRAIGHT & LEVEL,DAYLIGHT,0,0,0,1
27443060,CAMPBELL,KY0008,StateRoute,100,FAIRFIELD,AVE,,39.10257168,-84.4877719,1.517,11/10/2020 0:00,1810,4,4,0,0,O,CLEAR,DRY,1,OTHER ROADWAY OR MID-BLOCK COLLISION,REAR END,STRAIGHT & LEVEL,DARK-HWY LIGHTED/ON,0,0,0,1
27449431,CAMPBELL,,OTHR,177,KENTUCKY,DR,,39.07385177,-84.48578536,0.201,11/11/2020 0:00,0,2,2,0,0,O,CLOUDY,DRY,1,1 VEHICLE PARKED POSITION (NOT PARKING LOT/DRIVEWAY),ANGLE,STRAIGHT & GRADE,UNKNOWN,0,0,0,1
27444800,CAMPBELL,KY1120,StateRoute,,MEMORIAL,PKWY,,39.09276878,-84.47880714,1.478,11/11/2020 0:00,520,1,1,0,0,O,CLOUDY,WET,0,COLLISION WITH FIXED OBJECT NON - INTERSECTION - FIRST EVENT COLLISION 09 - 32 EXCLUDING 16,SINGLE VEHICLE,CURVE & HILLCREST,DARK-HWY LIGHTED/ON,0,0,0,1
27461627,CAMPBELL,,OTHR,608,FUHRMAN,AVE,,39.10349911,-84.47607216,0.078,11/11/2020 0:00,1117,2,2,0,0,O,CLEAR,DRY,0,ANGLE COLLISION - OTHER,ANGLE,STRAIGHT & GRADE,DAYLIGHT,0,0,0,1
27461628,CAMPBELL,,OTHR,,BERRY,AVE,,39.10022901,-84.48129836,0.457,11/11/2020 0:00,1458,2,2,0,0,O,CLEAR,DRY,0,ANGLE COLLISION - OTHER,ANGLE,STRAIGHT & HILLCREST,DAYLIGHT,0,0,0,1
27462491,CAMPBELL,US0027,USRoute,,ALEXANDRIA,PIKE,,38.94037896,-84.39424897,8.854,11/11/2020 0:00,945,2,2,0,0,O,CLEAR,DRY,0,OTHER INTERSECTION COLLISIONS,REAR END,STRAIGHT & GRADE,DAYLIGHT,1,0,0,1
27443380,CAMPBELL,I 0471,Interstate,,I471 N,,,39.0975429,-84.48542011,4.374,11/11/2020 0:00,641,2,2,0,0,O,CLOUDY,WET,0,REAR END IN TRAFFIC LANES BOTH VEHICLES MOVING,REAR END,STRAIGHT & LEVEL,DAWN,0,0,0,1
27451340,CAMPBELL,KY0008,StateRoute,,4TH,ST,E,39.0929758,-84.49492652,0.626,11/12/2020 0:00,1027,2,2,0,0,O,CLEAR,DRY,0,SIDESWIPE COLLISION - SAME DIRECTION,SIDESWIPE-SAME DIRECTION,STRAIGHT & LEVEL,DAYLIGHT,0,0,0,1
27451341,CAMPBELL,US0027,USRoute,,TAYLOR SOUTHGATE,BRG,,39.09669659,-84.501874,22.637,11/12/2020 0:00,759,2,2,0,0,O,CLEAR,DRY,0,SIDESWIPE COLLISION - SAME DIRECTION,SIDESWIPE-SAME DIRECTION,STRAIGHT & GRADE,DAWN,0,0,0,1
27467931,CAMPBELL,US0027,USRoute,,TAYLOR SOUTHGATE,BRG,,39.09626196,-84.50160346,22.601,11/12/2020 0:00,1534,2,2,0,0,O,CLEAR,DRY,0,1 VEHICLE ENTERING/LEAVING ENTRANCE,ANGLE,STRAIGHT & GRADE,DAYLIGHT,0,0,0,1
27445693,CAMPBELL,,OTHR,1000,COLUMBIA,ST,,39.08484994,-84.49151659,0.155,11/12/2020 0:00,30,2,2,0,1,C,CLEAR,DRY,0,1 VEHICLE PARKED POSITION (NOT PARKING LOT/DRIVEWAY),SIDESWIPE-OPPOSITE DIRECTION,STRAIGHT & GRADE,DARK-HWY LIGHTED/ON,0,0,0,1
27449860,CAMPBELL,I 0275,Interstate,,I275 E,,,39.02362693,-84.4808066,77.084,11/12/2020 0:00,1537,2,2,0,0,O,CLEAR,DRY,0,REAR END IN TRAFFIC LANES BOTH VEHICLES MOVING,REAR END,STRAIGHT & LEVEL,DAYLIGHT,0,0,0,1
27465969,CAMPBELL,I 0471,Interstate,,I471 N,,,39.09807702,-84.48734229,4.485,11/12/2020 0:00,658,2,2,0,0,O,CLEAR,DRY,0,REAR END IN TRAFFIC LANES BOTH VEHICLES MOVING,REAR END,STRAIGHT & GRADE,DAWN,0,0,0,1
27461128,CAMPBELL,I 0471,Interstate,1.6,I471 S,,,39.06429237,-84.46720317,1.579,11/12/2020 0:00,1858,2,2,0,0,O,CLEAR,DRY,0,REAR END IN TRAFFIC LANES BOTH VEHICLES MOVING,REAR END,STRAIGHT & LEVEL,DARK (UNKNOWN ROADWAY LIGHTING),0,0,0,1
27462234,CAMPBELL,I 0275,Interstate,,I275 W,,,39.03675388,-84.47053097,75.986,11/12/2020 0:00,709,2,2,0,0,O,CLEAR,DRY,0,REAR END IN TRAFFIC LANES BOTH VEHICLES MOVING,REAR END,STRAIGHT & LEVEL,DAYLIGHT,0,0,0,1
27472194,CAMPBELL,I 0275,Interstate,,I275 W,,,39.02288175,-84.48471783,77.314,11/12/2020 0:00,1543,2,2,0,0,O,CLEAR,DRY,0,SIDESWIPE COLLISION - SAME DIRECTION,SIDESWIPE-SAME DIRECTION,STRAIGHT & LEVEL,DAYLIGHT,0,0,0,1
27451776,CAMPBELL,US0027,USRoute,,ALEXANDRIA,PIKE,,38.92122873,-84.39092293,7.521,11/12/2020 0:00,1355,2,2,0,0,O,CLEAR,DRY,0,ANGLE COLLISION - OTHER,ANGLE,STRAIGHT & LEVEL,DAYLIGHT,0,0,0,1
27463643,CAMPBELL,KY0536,StateRoute,,CREEKTRACE,RD,,38.93797118,-84.40961061,2.587,11/12/2020 0:00,1456,2,2,0,1,C,CLEAR,DRY,0,ANGLE COLLISION - OTHER,ANGLE,STRAIGHT & LEVEL,DAYLIGHT,0,0,0,1
27452899,CAMPBELL,,OTHR,100,5TH,ST,E,39.09270352,-84.49374841,0.036,11/12/2020 0:00,1558,2,2,0,0,O,CLOUDY,DRY,1,1 VEHICLE PARKED POSITION (NOT PARKING LOT/DRIVEWAY),REAR END,STRAIGHT & LEVEL,DAYLIGHT,0,0,0,1
27448680,CAMPBELL,,OTHR,66,SUMMIT,AVE,,39.07044988,-84.45652747,0.18,11/12/2020 0:00,213,2,2,0,0,O,CLEAR,DRY,0,1 VEHICLE PARKED POSITION (NOT PARKING LOT/DRIVEWAY),SIDESWIPE-SAME DIRECTION,STRAIGHT & GRADE,DARK-HWY LIGHTED/ON,0,0,0,1
27447947,CAMPBELL,I 0471,Interstate,,,,,39.06404056,-84.46638283,0.114,11/12/2020 0:00,29,3,3,0,0,O,CLOUDY,DRY,1,OTHER RAMP RELATED COLLISIONS NOT LISTED ABOVE,ANGLE,CURVE & LEVEL,DUSK,0,0,0,1
27462237,CAMPBELL,US0027,USRoute,,ALEXANDRIA,PIKE,,39.03039552,-84.45147632,16.259,11/12/2020 0:00,1100,2,2,0,0,O,CLEAR,DRY,0,OTHER ROADWAY OR MID-BLOCK COLLISION,REAR END,STRAIGHT & LEVEL,DAYLIGHT,0,0,0,1
27456748,CAMPBELL,US0027,USRoute,3710,ALEXANDRIA,PIKE,,39.0266145,-84.44815169,15.942,11/13/2020 0:00,1519,2,2,0,0,O,CLEAR,DRY,0,OTHER ROADWAY OR MID-BLOCK COLLISION,REAR END,STRAIGHT & LEVEL,DAYLIGHT,0,0,0,1
27467327,CAMPBELL,KY0009,StateRoute,,12TH,ST,W,39.0815126,-84.49252975,22.259,11/13/2020 0:00,1603,2,2,0,0,O,CLEAR,DRY,0,ANGLE COLLISION - OTHER,ANGLE,STRAIGHT & LEVEL,DAYLIGHT,0,0,0,1
27457801,CAMPBELL,US0027,USRoute,,ALEXANDRIA,PIKE,,38.86428382,-84.39252102,3.383,11/13/2020 0:00,1828,2,2,0,3,B,CLEAR,DRY,0,ANGLE COLLISION - OTHER,ANGLE,STRAIGHT & LEVEL,DUSK,0,0,0,1
27480626,CAMPBELL,KY0009,StateRoute,,LICKING,PIKE,,39.05512236,-84.48732598,20.182,11/13/2020 0:00,1710,2,2,0,0,O,CLEAR,DRY,0,OPPOSITE DIRECTION - BOTH VEHICLES GOING STRAIGHT AHEAD,SIDESWIPE-OPPOSITE DIRECTION,STRAIGHT & LEVEL,DAYLIGHT,0,0,0,1
27454622,CAMPBELL,KY0009,StateRoute,,AA,HWY,,39.00939976,-84.46725849,16.438,11/13/2020 0:00,2208,1,1,0,0,O,CLEAR,DRY,0,COLLISION WITH ANIMAL NON INTERSECTION,SINGLE VEHICLE,STRAIGHT & LEVEL,DARK-HWY LIGHTED/OFF,0,0,0,1
27470987,CAMPBELL,KY0709,StateRoute,,ALEXANDRIA,PIKE,E,38.98278333,-84.39774451,0.037,11/13/2020 0:00,1639,2,2,0,0,O,CLEAR,DRY,1,OTHER INTERSECTION COLLISIONS,REAR END,STRAIGHT & HILLCREST,DAYLIGHT,1,0,0,1
27466847,CAMPBELL,I 0471,Interstate,1,I471 S,,,39.05537434,-84.46962714,0.893,11/13/2020 0:00,1736,2,2,0,0,O,CLEAR,DRY,0,REAR END IN TRAFFIC LANES BOTH VEHICLES MOVING,REAR END,STRAIGHT & LEVEL,DARK-HWY NOT LIGHTED,0,0,0,1
27456750,CAMPBELL,US0027,USRoute,,ALEXANDRIA,PIKE,,39.02893512,-84.45046745,16.143,11/13/2020 0:00,1613,2,2,0,0,O,CLEAR,DRY,0,REAR END IN TRAFFIC LANES BOTH VEHICLES MOVING,REAR END,STRAIGHT & LEVEL,DAYLIGHT,0,0,0,1
27454621,CAMPBELL,I 0275,Interstate,,I275 E,,,39.0333995,-84.47041306,76.152,11/13/2020 0:00,2057,2,2,0,0,O,CLEAR,DRY,0,REAR END IN TRAFFIC LANES BOTH VEHICLES MOVING,REAR END,STRAIGHT & GRADE,DARK-HWY LIGHTED/ON,0,0,0,1
27461142,CAMPBELL,KY0445,StateRoute,,RIVER,RD,,39.06404249,-84.44712968,1.033,11/13/2020 0:00,2230,2,2,0,0,O,CLEAR,DRY,1,1 VEHICLE PARKED POSITION (NOT PARKING LOT/DRIVEWAY),SIDESWIPE-SAME DIRECTION,STRAIGHT & LEVEL,DARK-HWY LIGHTED/ON,0,0,0,1
27470986,CAMPBELL,,OTHR,34,HELEN,DR,,38.97681014,-84.39161983,0.175,11/13/2020 0:00,1404,2,2,0,0,O,CLEAR,DRY,0,VEHICLE BACKING NON INTERSECTION,BACKING,STRAIGHT & HILLCREST,DARK (UNKNOWN ROADWAY LIGHTING),0,0,0,1
27466021,CAMPBELL,KY1120,StateRoute,,11TH,ST,W,39.08013359,-84.49867677,0.068,11/13/2020 0:00,1705,2,2,0,0,O,CLEAR,DRY,0,OTHER ROADWAY OR MID-BLOCK COLLISION,REAR END,STRAIGHT & GRADE,DAYLIGHT,0,0,0,1
27470988,CAMPBELL,,OTHR,,VILLAGE GREEN SHOPPING CENTER,,,38.98501277,-84.40012806,0.068,11/13/2020 0:00,1700,2,2,0,0,O,CLEAR,DRY,0,1 VEHICLE ENTERING/LEAVING ENTRANCE,ANGLE,STRAIGHT & LEVEL,DAYLIGHT,0,0,0,1
27453615,CAMPBELL,,OTHR,10,3RD,ST,W,39.09331117,-84.49709155,0.004,11/13/2020 0:00,625,2,2,0,0,O,CLEAR,DRY,0,SIDESWIPE COLLISION - SAME DIRECTION,SIDESWIPE-SAME DIRECTION,CURVE & LEVEL,DARK-HWY LIGHTED/ON,0,0,0,1
27454457,CAMPBELL,KY0008,StateRoute,,3RD,ST,E,39.09528473,-84.49388589,0.77,11/13/2020 0:00,1841,2,2,0,0,O,CLEAR,DRY,1,SIDESWIPE COLLISION - SAME DIRECTION,SIDESWIPE-SAME DIRECTION,STRAIGHT & LEVEL,DARK-HWY LIGHTED/ON,0,0,0,1
27454458,CAMPBELL,KY1892,StateRoute,,CAROTHERS,RD,,39.08506051,-84.48070034,2.371,11/13/2020 0:00,1756,2,2,0,0,O,CLEAR,DRY,0,SIDESWIPE COLLISION - SAME DIRECTION,SIDESWIPE-SAME DIRECTION,STRAIGHT & LEVEL,DARK-HWY LIGHTED/ON,0,0,0,1
27462243,CAMPBELL,I 0275,Interstate,,I275 E,,,39.03329135,-84.47038443,76.159,11/14/2020 0:00,1845,2,2,0,0,O,CLEAR,DRY,0,REAR END IN TRAFFIC LANES BOTH VEHICLES MOVING,REAR END,STRAIGHT & LEVEL,DARK-HWY LIGHTED/ON,0,0,0,1
27462244,CAMPBELL,I 0275,Interstate,,I275 W,,,39.0480249,-84.45736575,74.791,11/14/2020 0:00,2045,1,1,0,0,O,CLEAR,DRY,0,COLLISION WITH ANIMAL NON INTERSECTION,SINGLE VEHICLE,STRAIGHT & LEVEL,DARK-HWY LIGHTED/ON,0,0,0,1
27473947,CAMPBELL,US0027,USRoute,,ALEXANDRIA,PIKE,,38.88073615,-84.38831749,4.625,11/14/2020 0:00,619,1,1,0,0,O,CLOUDY,DRY,0,COLLISION WITH ANIMAL NON INTERSECTION,SINGLE VEHICLE,STRAIGHT & LEVEL,DARK-HWY LIGHTED/OFF,0,0,0,1
27457621,CAMPBELL,,OTHR,,10TH,ST,W,39.08611561,-84.49085498,0.513,11/14/2020 0:00,2145,2,2,0,0,O,RAINING,WET,1,COLLISION WITH PARKED VEHICLE,SIDESWIPE-SAME DIRECTION,STRAIGHT & LEVEL,DARK-HWY LIGHTED/ON,0,0,0,1
27456755,CAMPBELL,US0027,USRoute,,ALEXANDRIA,PIKE,,38.99387445,-84.41313604,13.022,11/14/2020 0:00,803,2,2,0,0,O,CLOUDY,DRY,0,OTHER ROADWAY OR MID-BLOCK COLLISION,REAR END,STRAIGHT & GRADE,DAYLIGHT,0,0,0,1
29422910,CAMPBELL,US0027,USRoute,,ALEXANDRIA,PIKE,,39.06828946,-84.4663561,19.705,11/14/2020 0:00,1234,2,2,0,0,O,CLOUDY,DRY,0,OTHER ROADWAY OR MID-BLOCK COLLISION,REAR END,STRAIGHT & LEVEL,DAYLIGHT,0,0,0,1
27457412,CAMPBELL,KY0009,StateRoute,,LICKING,PIKE,,39.05273398,-84.48891341,19.962,11/15/2020 0:00,8,1,1,0,0,O,CLOUDY,DRY,0,COLLISION WITH ANIMAL NON INTERSECTION,SINGLE VEHICLE,STRAIGHT & LEVEL,DARK-HWY LIGHTED/OFF,0,0,0,1
27458506,CAMPBELL,KY1120,StateRoute,,11TH,ST,W,39.08128793,-84.49629107,0.229,11/15/2020 0:00,1155,2,2,0,0,O,CLEAR,DRY,1,OTHER INTERSECTION COLLISIONS,REAR END,STRAIGHT & LEVEL,DAYLIGHT,1,0,0,1
27458265,CAMPBELL,,OTHR,1035,COLUMBIA,ST,,39.08445486,-84.49115275,0.121,11/15/2020 0:00,621,2,2,0,0,O,RAINING,WET,1,1 VEHICLE PARKED POSITION (NOT PARKING LOT/DRIVEWAY),REAR END,STRAIGHT & LEVEL,DARK-HWY LIGHTED/ON,0,0,0,1
27512751,CAMPBELL,KY1120,StateRoute,2351,MEMORIAL,PKWY,,39.0852578,-84.45136549,3.719,11/15/2020 0:00,235,1,1,0,1,B,CLOUDY,DRY,0,COLLISION WITH FIXED OBJECT NON - INTERSECTION - FIRST EVENT COLLISION 09 - 32 EXCLUDING 16,SINGLE VEHICLE,CURVE & GRADE,DARK-HWY LIGHTED/ON,0,0,0,1
27472192,CAMPBELL,KY0009,StateRoute,,LICKING,PIKE,,39.05875958,-84.48654033,20.441,11/15/2020 0:00,1537,3,3,0,4,C,CLOUDY,DRY,0,SIDESWIPE COLLISION - SAME DIRECTION,SIDESWIPE-SAME DIRECTION,STRAIGHT & LEVEL,DAYLIGHT,0,0,0,1
27465425,CAMPBELL,I 0275,Interstate,,I275 W,,,39.04423156,-84.46731852,75.412,11/15/2020 0:00,1730,2,2,0,0,O,CLOUDY,DRY,1,SIDESWIPE COLLISION - SAME DIRECTION,SIDESWIPE-SAME DIRECTION,,DUSK,0,0,0,1
27462944,CAMPBELL,US0027,USRoute,10,11TH,ST,E,39.08490767,-84.48962298,21.594,11/15/2020 0:00,1406,2,2,0,0,O,CLOUDY,DRY,0,REAR END IN TRAFFIC LANES BOTH VEHICLES MOVING,REAR END,STRAIGHT & LEVEL,DAYLIGHT,0,0,0,1
27462901,CAMPBELL,I 0471,Interstate,,I471 S,,,39.06122202,-84.46918448,1.317,11/15/2020 0:00,705,1,1,0,1,C,RAINING,WET,0,OTHER COLLISIONS ON SHOULDER,SINGLE VEHICLE,CURVE & LEVEL,DAYLIGHT,0,0,0,1
27462246,CAMPBELL,I 0275,Interstate,,I275 E,,,39.03943851,-84.46999233,75.722,11/15/2020 0:00,1814,2,2,0,0,O,CLOUDY,DRY,0,REAR END IN TRAFFIC LANES BOTH VEHICLES MOVING,REAR END,STRAIGHT & LEVEL,DAWN,0,0,0,1
27472193,CAMPBELL,KY0009,StateRoute,,LICKING,PIKE,,39.05908745,-84.48652187,20.464,11/15/2020 0:00,1608,2,2,0,0,O,CLOUDY,DRY,0,1 VEHICLE ENTERING/LEAVING ENTRANCE,ANGLE,STRAIGHT & LEVEL,DAYLIGHT,0,0,0,1
27458268,CAMPBELL,I 0471,Interstate,,I471 S,,,39.09795343,-84.48795079,4.515,11/15/2020 0:00,650,2,2,0,0,O,RAINING,WATER (STANDING OR MOVING),0,1 VEHICLE ENTERING/LEAVING ENTRANCE,ANGLE,CURVE & LEVEL,DARK-HWY LIGHTED/OFF,0,0,0,1
27464548,CAMPBELL,KY0008,StateRoute,,FAIRFIELD,AVE,,39.10429737,-84.48569399,1.678,11/16/2020 0:00,1547,3,3,0,0,O,CLEAR,DRY,0,OTHER ROADWAY OR MID-BLOCK COLLISION,REAR END,STRAIGHT & LEVEL,DAYLIGHT,0,0,0,1
27499148,CAMPBELL,US0027,USRoute,,MONMOUTH,ST,,39.08480062,-84.48580734,21.335,11/16/2020 0:00,1537,2,2,0,0,O,CLEAR,DRY,0,SIDESWIPE COLLISION - SAME DIRECTION,SIDESWIPE-SAME DIRECTION,STRAIGHT & LEVEL,DAYLIGHT,0,0,0,1