IncidentID,County,RdwyNumber,RdwyType,Street,RoadwayName,StreetSfx,StreetDir,Latitude,Longitude,Milepoint,CollisionDate,CollisionTime,UnitsInvolved,MotorVehiclesInvolved,NumberKilled,NumberInjured,KABCO,Weather,RdwyConditionCode,HitandRun,DirAnalysisCode,MannerofCollision,RdwyCharacter,LightCondition,Intersection Crash,Bicyclist,Pedestrian,Motor Vehicles
27465430,CAMPBELL,KY0009,StateRoute,,AA,HWY,,39.01871259,-84.48062098,17.442,11/16/2020 0:00,639,2,2,0,0,O,CLEAR,DRY,0,REAR END IN TRAFFIC LANES BOTH VEHICLES MOVING,REAR END,CURVE & LEVEL,DARK-HWY NOT LIGHTED,0,0,0,1
27550603,CAMPBELL,I 0275,Interstate,,I275 E,,,39.0317342,-84.47050156,76.268,11/16/2020 0:00,615,4,4,0,1,B,CLEAR,DRY,0,REAR END IN TRAFFIC LANES BOTH VEHICLES MOVING,REAR END,STRAIGHT & LEVEL,DAWN,0,0,0,1
27463669,CAMPBELL,I 0471,Interstate,,I471 N,,,39.10108523,-84.49561619,4.988,11/16/2020 0:00,824,3,3,0,0,O,CLEAR,DRY,0,REAR END IN TRAFFIC LANES BOTH VEHICLES MOVING,REAR END,STRAIGHT & LEVEL,DAYLIGHT,0,0,0,1
27560058,CAMPBELL,,OTHR,,DONNERMEYER,BLVD,,39.09851903,-84.48098238,0.154,11/16/2020 0:00,1118,2,2,0,0,O,CLEAR,DRY,0,SIDESWIPE COLLISION - SAME DIRECTION,SIDESWIPE-SAME DIRECTION,STRAIGHT & LEVEL,DAYLIGHT,0,0,0,1
27489650,CAMPBELL,I 0275,Interstate,,I275 E,,,39.04339489,-84.46782164,75.424,11/16/2020 0:00,1300,2,2,0,0,O,CLEAR,DRY,0,SIDESWIPE COLLISION - SAME DIRECTION,SIDESWIPE-SAME DIRECTION,STRAIGHT & LEVEL,DAYLIGHT,0,0,0,1
27466334,CAMPBELL,,OTHR,,ROSEMONT,AVE,,39.09219555,-84.45202658,0.34,11/16/2020 0:00,1403,2,2,0,0,O,CLEAR,DRY,0,1 VEHICLE PARKED POSITION (NOT PARKING LOT/DRIVEWAY),SIDESWIPE-SAME DIRECTION,STRAIGHT & HILLCREST,DAYLIGHT,0,0,0,1
27463949,CAMPBELL,KY1892,StateRoute,,GRAND,AVE,,39.08039689,-84.4673423,1.431,11/16/2020 0:00,1412,2,2,0,1,B,CLEAR,DRY,0,ANGLE COLLISION - OTHER,ANGLE,STRAIGHT & GRADE,DAYLIGHT,0,0,0,1
27462946,CAMPBELL,I 0471,Interstate,,I471 N,,,39.099202,-84.49189469,4.748,11/16/2020 0:00,900,2,2,0,0,O,CLEAR,DRY,0,OTHER ROADWAY OR MID-BLOCK COLLISION,REAR END,STRAIGHT & LEVEL,DAYLIGHT,0,0,0,1
27495292,CAMPBELL,I 0471,Interstate,,,,,39.09295865,-84.4790059,0.135,11/16/2020 0:00,1634,2,2,0,1,C,CLEAR,DRY,0,OTHER RAMP RELATED COLLISIONS NOT LISTED ABOVE,REAR END,STRAIGHT & GRADE,DAYLIGHT,0,0,0,1
27515521,CAMPBELL,KY0008,StateRoute,,MARY INGLES,HWY,,38.91602004,-84.26613649,22.255,11/17/2020 0:00,803,2,2,0,1,B,CLEAR,DRY,0,ANGLE COLLISION - OTHER,ANGLE,STRAIGHT & LEVEL,DAYLIGHT,0,0,0,1
27470001,CAMPBELL,US0027,USRoute,,ALEXANDRIA,PIKE,,38.91295449,-84.38686485,6.898,11/17/2020 0:00,2340,1,1,0,0,O,CLOUDY,DRY,0,COLLISION WITH ANIMAL IN INTERSECTION,SINGLE VEHICLE,STRAIGHT & GRADE,DARK-HWY NOT LIGHTED,1,0,0,1
27468597,CAMPBELL,US0027,USRoute,,ALEXANDRIA,PIKE,,38.957674,-84.39302589,10.046,11/17/2020 0:00,1245,2,2,0,0,O,CLEAR,DRY,0,OPPOSING LEFT TURN,OPPOSING LEFT TURN,STRAIGHT & LEVEL,DAYLIGHT,0,0,0,1
27469873,CAMPBELL,KY0009,StateRoute,,AA,HWY,,39.00932021,-84.46795542,16.47,11/17/2020 0:00,1412,1,1,0,0,O,CLEAR,DRY,0,COLLISION WITH ANIMAL NON INTERSECTION,SINGLE VEHICLE,STRAIGHT & GRADE,DAYLIGHT,0,0,0,1
27469995,CAMPBELL,I 0471,Interstate,,I471 N,,,39.09943923,-84.49242865,4.781,11/17/2020 0:00,1836,2,2,0,1,C,CLEAR,DRY,0,REAR END IN TRAFFIC LANES BOTH VEHICLES MOVING,REAR END,STRAIGHT & GRADE,DARK-HWY LIGHTED/ON,0,0,0,1
27475674,CAMPBELL,I 0275,Interstate,,I275 E,,,39.03427056,-84.47031475,76.032,11/17/2020 0:00,1519,2,1,0,0,O,CLEAR,DRY,0,REAR END IN TRAFFIC LANES BOTH VEHICLES MOVING,REAR END,STRAIGHT & LEVEL,DAYLIGHT,0,0,0,1
27489505,CAMPBELL,I 0471,Interstate,,,,,39.05227637,-84.46774132,,11/17/2020 0:00,1821,2,2,0,0,O,CLEAR,DRY,1,SIDESWIPE COLLISION - SAME DIRECTION,SIDESWIPE-SAME DIRECTION,CURVE & GRADE,DARK-HWY LIGHTED/ON,0,0,0,1
27472191,CAMPBELL,I 0275,Interstate,,I275 E,,,39.02702664,-84.47417621,76.645,11/17/2020 0:00,621,3,3,0,0,O,CLEAR,DRY,0,SIDESWIPE COLLISION - SAME DIRECTION,SIDESWIPE-SAME DIRECTION,STRAIGHT & GRADE,DARK-HWY LIGHTED/ON,0,0,0,1
27475369,CAMPBELL,I 0275,Interstate,,I275 E,,,39.03230714,-84.47048292,76.229,11/17/2020 0:00,917,4,4,0,2,C,CLEAR,DRY,0,OTHER ROADWAY OR MID-BLOCK COLLISION,REAR END,STRAIGHT & LEVEL,DAYLIGHT,0,0,0,1
27475816,CAMPBELL,I 0471,Interstate,,,,,39.06721294,-84.46626905,0.042,11/18/2020 0:00,1814,2,2,0,0,O,CLEAR,DRY,0,OTHER RAMP RELATED COLLISIONS NOT LISTED ABOVE,REAR END,CURVE & LEVEL,DARK (UNKNOWN ROADWAY LIGHTING),0,0,0,1
27489665,CAMPBELL,I 0275,Interstate,,I275 E,,,39.03291025,-84.47044842,76.187,11/18/2020 0:00,1425,3,3,0,1,B,CLEAR,DRY,0,OTHER ROADWAY OR MID-BLOCK COLLISION,REAR TO REAR,STRAIGHT & LEVEL,DAYLIGHT,0,0,0,1
27472189,CAMPBELL,I 0275,Interstate,,I275 E,,,39.02906864,-84.47152953,76.455,11/18/2020 0:00,937,3,3,0,0,O,CLEAR,DRY,0,1 VEHICLE ENTERING/LEAVING ENTRANCE,ANGLE,STRAIGHT & GRADE,DAYLIGHT,0,0,0,1
27546936,CAMPBELL,KY2238,StateRoute,,THREE MILE,RD,,39.04142587,-84.46520797,0.98,11/18/2020 0:00,1149,2,2,0,0,O,CLEAR,DRY,0,1 VEHICLE ENTERING/LEAVING ENTRANCE,ANGLE,CURVE & LEVEL,DAYLIGHT,0,0,0,1
27484053,CAMPBELL,KY0008,StateRoute,,4TH,ST,W,39.08933474,-84.50116939,0.239,11/18/2020 0:00,1600,2,2,0,0,O,CLEAR,DRY,0,SIDESWIPE COLLISION - SAME DIRECTION,SIDESWIPE-SAME DIRECTION,CURVE & LEVEL,DAYLIGHT,0,0,0,1
27474655,CAMPBELL,,OTHR,1032,ORCHARD,ST,,39.08589813,-84.48934885,0.135,11/18/2020 0:00,2120,2,2,0,0,O,CLEAR,DRY,0,1 VEHICLE PARKED POSITION (NOT PARKING LOT/DRIVEWAY),SIDESWIPE-SAME DIRECTION,STRAIGHT & LEVEL,DARK-HWY LIGHTED/ON,0,0,0,1
27484054,CAMPBELL,KY0008,StateRoute,,4TH,ST,W,39.08954279,-84.50108483,0.255,11/18/2020 0:00,1556,2,2,0,0,O,CLEAR,DRY,0,REAR END IN TRAFFIC LANES BOTH VEHICLES MOVING,REAR END,CURVE & LEVEL,DAYLIGHT,0,0,0,1
27474654,CAMPBELL,I 0471,Interstate,,I471 N,,,39.09936817,-84.49224559,4.77,11/18/2020 0:00,1751,3,3,0,0,O,CLEAR,DRY,0,REAR END IN TRAFFIC LANES BOTH VEHICLES MOVING,REAR END,STRAIGHT & GRADE,DARK-HWY LIGHTED/ON,0,0,0,1
27531721,CAMPBELL,KY2238,StateRoute,,UNIVERSITY,DR,,39.04140126,-84.46503465,0.967,11/18/2020 0:00,1655,2,2,0,0,O,CLEAR,DRY,0,REAR END IN TRAFFIC LANES BOTH VEHICLES MOVING,REAR END,STRAIGHT & LEVEL,DUSK,0,0,0,1
27472795,CAMPBELL,I 0275,Interstate,,I275 E,,,39.02775262,-84.47296809,76.567,11/18/2020 0:00,1230,2,2,0,0,O,CLEAR,DRY,1,REAR END IN TRAFFIC LANES BOTH VEHICLES MOVING,REAR END,STRAIGHT & GRADE,DAYLIGHT,0,0,0,1
27475375,CAMPBELL,I 0275,Interstate,,I275 E,,,39.03374198,-84.47032404,76.002,11/18/2020 0:00,1457,2,2,0,0,O,CLEAR,DRY,0,SIDESWIPE COLLISION - SAME DIRECTION,SIDESWIPE-SAME DIRECTION,STRAIGHT & LEVEL,DAYLIGHT,0,0,0,1
27555503,CAMPBELL,,OTHR,344,TAYLOR,AVE,,39.10365551,-84.48171176,0.305,11/18/2020 0:00,1325,2,2,0,0,O,CLEAR,DRY,1,SIDESWIPE COLLISION - SAME DIRECTION,SIDESWIPE-SAME DIRECTION,STRAIGHT & LEVEL,DAYLIGHT,0,0,0,1
27474656,CAMPBELL,KY0008,StateRoute,300,4TH,ST,W,39.08929625,-84.5011731,0.236,11/18/2020 0:00,1915,1,1,0,0,O,CLEAR,DRY,1,OTHER COLLISIONS ON SHOULDER,SINGLE VEHICLE,STRAIGHT & HILLCREST,DARK-HWY LIGHTED/ON,0,0,0,1
27483673,CAMPBELL,,OTHR,310,TIMBER RIDGE,DR,,39.0531196,-84.47964795,0.168,11/18/2020 0:00,630,2,2,0,0,O,CLEAR,DRY,1,1 VEHICLE PARKED POSITION (NOT PARKING LOT/DRIVEWAY),BACKING,STRAIGHT & LEVEL,DAWN,0,0,0,1
27489669,CAMPBELL,US0027,USRoute,,ALEXANDRIA,PIKE,,39.02898678,-84.45064406,16.152,11/18/2020 0:00,1733,2,2,0,0,O,CLEAR,DRY,0,OTHER INTERSECTION COLLISIONS,REAR END,STRAIGHT & LEVEL,DAYLIGHT,1,0,0,1
27473950,CAMPBELL,US0027,USRoute,,ALEXANDRIA,PIKE,,38.89710387,-84.38469028,5.774,11/18/2020 0:00,656,1,1,0,0,O,CLEAR,DRY,0,COLLISION WITH ANIMAL NON INTERSECTION,SINGLE VEHICLE,STRAIGHT & GRADE,DAWN,0,0,0,1
27493629,CAMPBELL,US0027,USRoute,,ALEXANDRIA,PIKE,,38.98568925,-84.4030175,12.245,11/19/2020 0:00,1845,2,2,0,0,O,CLEAR,DRY,0,OTHER INTERSECTION COLLISIONS,REAR END,STRAIGHT & HILLCREST,DARK-HWY LIGHTED/ON,1,0,0,1
27476965,CAMPBELL,US0027,USRoute,2003,MONMOUTH,ST,,39.07848425,-84.47997938,20.786,11/19/2020 0:00,1054,1,1,0,0,O,CLEAR,DRY,0,COLLISION WITH FIXED OBJECT NON - INTERSECTION - FIRST EVENT COLLISION 09 - 32 EXCLUDING 16,SINGLE VEHICLE,STRAIGHT & GRADE,DAYLIGHT,0,0,0,1
27713316,CAMPBELL,KY1120,StateRoute,,MEMORIAL,PKWY,,39.09574447,-84.47296817,1.897,11/19/2020 0:00,1811,1,1,0,0,O,CLEAR,DRY,0,COLLISION WITH ANIMAL NON INTERSECTION,SINGLE VEHICLE,STRAIGHT & GRADE,DARK-HWY NOT LIGHTED,0,0,0,1
27477324,CAMPBELL,US0027,USRoute,,ALEXANDRIA,PIKE,,38.92157982,-84.39112835,7.539,11/19/2020 0:00,1345,2,2,0,0,O,CLEAR,DRY,0,REAR END IN TRAFFIC LANES BOTH VEHICLES MOVING,REAR END,STRAIGHT & LEVEL,DAYLIGHT,0,0,0,1
27496111,CAMPBELL,,OTHR,,EDEN,AVE,,39.10903577,-84.48379089,0.273,11/19/2020 0:00,1111,2,2,0,0,O,CLEAR,DRY,0,1 VEHICLE PARKED POSITION (NOT PARKING LOT/DRIVEWAY),SIDESWIPE-SAME DIRECTION,STRAIGHT & LEVEL,DAYLIGHT,0,0,0,1
27480456,CAMPBELL,US0027,USRoute,,ALEXANDRIA,PIKE,,39.05828603,-84.45070025,18.459,11/19/2020 0:00,1315,2,2,0,0,O,CLEAR,DRY,0,OTHER ROADWAY OR MID-BLOCK COLLISION,REAR END,STRAIGHT & LEVEL,DAYLIGHT,0,0,0,1
27482911,CAMPBELL,I 0471,Interstate,,,,,39.09222688,-84.47600703,0.236,11/20/2020 0:00,2120,2,2,0,0,O,CLOUDY,DRY,0,OTHER RAMP RELATED COLLISIONS NOT LISTED ABOVE,REAR END,CURVE & GRADE,DARK-HWY LIGHTED/ON,0,0,0,1
27483588,CAMPBELL,US0027,USRoute,,ALEXANDRIA,PIKE,,39.00414119,-84.42443602,13.926,11/20/2020 0:00,1458,2,2,0,0,O,CLOUDY,DRY,1,OTHER ROADWAY OR MID-BLOCK COLLISION,REAR END,STRAIGHT & GRADE,DAYLIGHT,0,0,0,1
27497967,CAMPBELL,,OTHR,,TAYLOR,AVE,,39.1011196,-84.47899902,0.529,11/20/2020 0:00,1836,2,2,0,0,O,CLEAR,DRY,0,SIDESWIPE COLLISION - OPPOSITE DIRECTION,SIDESWIPE-OPPOSITE DIRECTION,STRAIGHT & LEVEL,DARK-HWY NOT LIGHTED,0,0,0,1
27483589,CAMPBELL,US0027,USRoute,5400,ALEXANDRIA,PIKE,,38.99932811,-84.41890548,13.463,11/20/2020 0:00,1520,2,2,0,0,O,CLOUDY,DRY,0,REAR END IN TRAFFIC LANES BOTH VEHICLES MOVING,REAR END,STRAIGHT & LEVEL,DAYLIGHT,0,0,0,1
27481638,CAMPBELL,US0027,USRoute,911,MONMOUTH,ST,,39.08813582,-84.48995399,21.656,11/20/2020 0:00,1544,2,2,0,0,O,CLEAR,DRY,0,1 VEHICLE PARKED POSITION (NOT PARKING LOT/DRIVEWAY),SIDESWIPE-SAME DIRECTION,STRAIGHT & GRADE,DAYLIGHT,0,0,0,1
27481655,CAMPBELL,,OTHR,30,OBSERVATORY POINTE,DR,,39.03466248,-84.47869282,0.214,11/20/2020 0:00,1557,2,2,0,0,O,CLOUDY,DRY,0,1 VEHICLE PARKED POSITION (NOT PARKING LOT/DRIVEWAY),SIDESWIPE-SAME DIRECTION,STRAIGHT & LEVEL,DAYLIGHT,0,0,0,1
27500969,CAMPBELL,US0027,USRoute,90,ALEXANDRIA,PIKE,,39.06825176,-84.46634715,19.73,11/20/2020 0:00,1742,2,2,0,0,O,CLOUDY,DRY,0,REAR END IN TRAFFIC LANES BOTH VEHICLES MOVING,REAR END,STRAIGHT & LEVEL,DARK-HWY LIGHTED/ON,0,0,0,1
27482913,CAMPBELL,KY0008,StateRoute,500,4TH,ST,W,39.08813478,-84.50404377,0.033,11/20/2020 0:00,1702,2,2,0,0,O,CLOUDY,DRY,1,SIDESWIPE COLLISION - SAME DIRECTION,SIDESWIPE-SAME DIRECTION,CURVE & GRADE,DAYLIGHT,0,0,0,1
27498774,CAMPBELL,I 0275,Interstate,,I275 E,,,39.02521913,-84.47762036,76.869,11/20/2020 0:00,1811,2,2,0,0,O,CLEAR,DRY,0,REAR END IN TRAFFIC LANES BOTH VEHICLES MOVING,REAR END,STRAIGHT & LEVEL,DARK-HWY LIGHTED/ON,0,0,0,1
27483590,CAMPBELL,US0027,USRoute,,ALEXANDRIA,PIKE,,39.02757224,-84.44911655,16.026,11/20/2020 0:00,1814,2,2,0,0,O,CLOUDY,DRY,0,REAR END IN TRAFFIC LANES BOTH VEHICLES MOVING,REAR END,STRAIGHT & LEVEL,DARK-HWY LIGHTED/ON,0,0,0,1
27489659,CAMPBELL,I 0275,Interstate,,I275 E,,,39.03307861,-84.47040523,76.175,11/20/2020 0:00,2004,2,2,0,0,O,CLEAR,DRY,0,REAR END IN TRAFFIC LANES BOTH VEHICLES MOVING,REAR END,STRAIGHT & HILLCREST,DARK-HWY LIGHTED/ON,0,0,0,1
27484051,CAMPBELL,,OTHR,1139,PATTERSON,ST,,39.08106704,-84.49408616,0.024,11/20/2020 0:00,1657,2,2,0,0,O,CLEAR,DRY,0,1 VEHICLE PARKED POSITION (NOT PARKING LOT/DRIVEWAY),SIDESWIPE-SAME DIRECTION,STRAIGHT & LEVEL,DAYLIGHT,0,0,0,1
27488765,CAMPBELL,,OTHR,200,10TH,ST,W,39.08468284,-84.49339469,0.343,11/20/2020 0:00,850,2,2,0,0,O,CLEAR,DRY,1,ANGLE COLLISION - OTHER,ANGLE,STRAIGHT & LEVEL,DAYLIGHT,0,0,0,1
27497966,CAMPBELL,,OTHR,,DONNERMEYER,BLVD,,39.09904774,-84.48005757,0.215,11/21/2020 0:00,1803,2,2,0,0,O,CLEAR,DRY,0,SIDESWIPE-SAME DIRECTION,SIDESWIPE-SAME DIRECTION,STRAIGHT & LEVEL,DARK-HWY LIGHTED/ON,0,0,0,1
27498356,CAMPBELL,US0027,USRoute,,ALEXANDRIA,PIKE,,38.98431585,-84.40118682,12.103,11/21/2020 0:00,1804,2,2,0,0,O,CLOUDY,DRY,0,ANGLE COLLISION - OTHER,ANGLE,STRAIGHT & GRADE,DARK-HWY LIGHTED/ON,0,0,0,1
27484193,CAMPBELL,,OTHR,216,PARK,AVE,,39.09733321,-84.49191161,0.283,11/21/2020 0:00,1214,1,1,0,1,C,CLOUDY,WET,0,COLLISION WITH FIXED OBJECT NON - INTERSECTION - FIRST EVENT COLLISION 09 - 32 EXCLUDING 16,SINGLE VEHICLE,CURVE & HILLCREST,DAYLIGHT,0,0,0,1
27548744,CAMPBELL,KY0154,StateRoute,,PEACH GROVE,RD,,38.83967874,-84.34614961,2.411,11/21/2020 0:00,847,1,1,0,0,O,RAINING,WET,0,COLLISION WITH FIXED OBJECT NON - INTERSECTION - FIRST EVENT COLLISION 09 - 32 EXCLUDING 16,SINGLE VEHICLE,CURVE & LEVEL,DAYLIGHT,0,0,0,1
27493033,CAMPBELL,KY0445,StateRoute,50,GRANDVIEW,AVE,,39.06246369,-84.45021983,1.131,11/21/2020 0:00,130,2,2,0,0,O,CLEAR,DRY,0,1 VEHICLE PARKED POSITION (NOT PARKING LOT/DRIVEWAY),SIDESWIPE-SAME DIRECTION,CURVE & GRADE,DARK-HWY LIGHTED/ON,0,0,0,1
27488404,CAMPBELL,I 0471,Interstate,,I471 S,,,39.06351446,-84.46775588,1.512,11/21/2020 0:00,2007,2,2,0,0,O,CLEAR,DRY,0,SIDESWIPE COLLISION - SAME DIRECTION,SIDESWIPE-SAME DIRECTION,STRAIGHT & LEVEL,DARK-HWY LIGHTED/ON,0,0,0,1
27484323,CAMPBELL,KY0009,StateRoute,,AA,HWY,,39.00970628,-84.4692669,16.525,11/21/2020 0:00,1155,2,2,0,0,O,CLOUDY,DRY,0,REAR END IN TRAFFIC LANES BOTH VEHICLES MOVING,REAR END,STRAIGHT & LEVEL,DAYLIGHT,0,0,0,1
27484688,CAMPBELL,I 0471,Interstate,5,I471 N,,,39.10036081,-84.49414983,4.894,11/21/2020 0:00,2112,2,2,0,0,O,CLEAR,DRY,0,REAR END IN TRAFFIC LANES BOTH VEHICLES MOVING,REAR END,STRAIGHT & LEVEL,DARK-HWY LIGHTED/ON,0,0,0,1
27484689,CAMPBELL,I 0471,Interstate,5,I471 N,,,39.10055276,-84.49451004,4.918,11/21/2020 0:00,1811,2,2,0,0,O,CLEAR,DRY,0,REAR END IN TRAFFIC LANES BOTH VEHICLES MOVING,REAR END,STRAIGHT & LEVEL,DARK-HWY LIGHTED/ON,0,0,0,1
27496171,CAMPBELL,I 0275,Interstate,,I275 E,,,39.04369285,-84.4675727,75.401,11/21/2020 0:00,1802,2,2,0,0,O,CLEAR,DRY,1,REAR END IN TRAFFIC LANES BOTH VEHICLES MOVING,REAR END,STRAIGHT & LEVEL,DARK-HWY LIGHTED/ON,0,0,0,1
27484324,CAMPBELL,I 0275,Interstate,,I275 E,,,39.02740982,-84.47338658,76.598,11/21/2020 0:00,1618,2,2,0,0,O,CLOUDY,DRY,0,SIDESWIPE COLLISION - SAME DIRECTION,SIDESWIPE-SAME DIRECTION,STRAIGHT & GRADE,DAYLIGHT,0,0,0,1
27482910,CAMPBELL,,OTHR,,9TH,ST,W,39.08367458,-84.49849431,0.438,11/21/2020 0:00,8,2,2,0,0,O,RAINING,WET,1,1 VEHICLE ENTERING/LEAVING ENTRANCE,ANGLE,STRAIGHT & LEVEL,DARK-HWY LIGHTED/ON,0,0,0,1
27489675,CAMPBELL,I 0275,Interstate,,I275 E,,,39.03753855,-84.47013422,75.854,11/22/2020 0:00,1933,3,3,0,0,O,CLEAR,DRY,0,SIDESWIPE COLLISION - SAME DIRECTION,SIDESWIPE-SAME DIRECTION,STRAIGHT & LEVEL,DARK-HWY LIGHTED/ON,0,0,0,1
27497968,CAMPBELL,KY0008,StateRoute,,FAIRFIELD,AVE,,39.10178301,-84.48870642,1.448,11/22/2020 0:00,1143,2,2,0,0,O,RAINING,WET,0,ANGLE COLLISION - ONE VEHICLE TURNING LEFT,ANGLE,STRAIGHT & LEVEL,DAYLIGHT,0,0,0,1
27494513,CAMPBELL,KY1632,StateRoute,,MOOCK,RD,,39.0643592,-84.46962708,1.32,11/22/2020 0:00,25,1,1,0,0,O,OTHER,DRY,1,COLLISION WITH FIXED OBJECT IN INTERSECTION - FIRST EVENT COLLISION 09 - 32,SINGLE VEHICLE,STRAIGHT & GRADE,DARK-HWY LIGHTED/ON,1,0,0,1
27489672,CAMPBELL,KY0471,StateRoute,,KY471,,,39.03700349,-84.45414141,0.009,11/22/2020 0:00,1715,2,2,0,0,O,RAINING,WET,0,OTHER INTERSECTION COLLISIONS,REAR END,STRAIGHT & LEVEL,DUSK,1,0,0,1
27487604,CAMPBELL,US0027,USRoute,,ALEXANDRIA,PIKE,,38.89147029,-84.3857987,5.381,11/22/2020 0:00,450,1,1,0,0,O,CLEAR,DRY,0,COLLISION WITH ANIMAL NON INTERSECTION,SINGLE VEHICLE,STRAIGHT & LEVEL,DARK-HWY NOT LIGHTED,0,0,0,1
27498769,CAMPBELL,KY0009,StateRoute,840,LICKING,PIKE,,39.04180684,-84.483039,19.091,11/23/2020 0:00,822,1,1,0,0,O,CLOUDY,DRY,0,COLLISION WITH ANIMAL NON INTERSECTION,SINGLE VEHICLE,STRAIGHT & LEVEL,DAYLIGHT,0,0,0,1
27501536,CAMPBELL,KY1120,StateRoute,,10TH,ST,E,39.08842275,-84.4866703,0.987,11/23/2020 0:00,1000,2,2,0,0,O,CLEAR,DRY,1,ANGLE COLLISION - OTHER,ANGLE,STRAIGHT & LEVEL,DAYLIGHT,0,0,0,1
27496103,CAMPBELL,,OTHR,,9TH,AVE,,39.10873102,-84.47483018,0.098,11/23/2020 0:00,1829,2,2,0,0,O,CLEAR,DRY,0,COLLISION WITH PARKED VEHICLE,SIDESWIPE-SAME DIRECTION,STRAIGHT & LEVEL,DUSK,0,0,0,1
27494812,CAMPBELL,KY0709,StateRoute,,ALEXANDRIA,PIKE,E,38.98404693,-84.39783007,0.123,11/23/2020 0:00,1811,2,2,0,0,O,CLEAR,DRY,0,OTHER ROADWAY OR MID-BLOCK COLLISION,OPPOSING LEFT TURN,STRAIGHT & LEVEL,DARK-HWY LIGHTED/ON,0,0,0,1
27498370,CAMPBELL,I 0275,Interstate,,I275 E,,,39.03216791,-84.47030767,76.237,11/23/2020 0:00,1259,2,2,0,0,O,CLEAR,DRY,0,OTHER ROADWAY OR MID-BLOCK COLLISION,REAR END,STRAIGHT & GRADE,DAYLIGHT,0,0,0,1
27498369,CAMPBELL,I 0275,Interstate,,I275 E,,,39.03269514,-84.47048258,76.202,11/23/2020 0:00,1142,3,3,0,0,O,CLEAR,DRY,0,SIDESWIPE COLLISION - SAME DIRECTION,SIDESWIPE-SAME DIRECTION,STRAIGHT & HILLCREST,DAYLIGHT,0,0,0,1
27501537,CAMPBELL,I 0471,Interstate,,I471 N,,,39.09953201,-84.49256334,4.791,11/23/2020 0:00,1548,2,2,0,0,O,CLEAR,DRY,0,SIDESWIPE COLLISION - SAME DIRECTION,SIDESWIPE-SAME DIRECTION,STRAIGHT & LEVEL,DAYLIGHT,0,0,0,1
27494808,CAMPBELL,US0027,USRoute,6711,ALEXANDRIA,PIKE,,38.98727149,-84.40489271,12.381,11/23/2020 0:00,1637,2,2,0,0,O,CLEAR,DRY,0,SIDESWIPE COLLISION - OPPOSITE DIRECTION,SIDESWIPE-OPPOSITE DIRECTION,STRAIGHT & LEVEL,DAYLIGHT,0,0,0,1
27487872,CAMPBELL,,OTHR,835,EUSTACE,AVE,,39.05301206,-84.45368027,0.024,11/23/2020 0:00,135,3,3,0,0,O,CLEAR,DRY,0,1 VEHICLE PARKED POSITION (NOT PARKING LOT/DRIVEWAY),REAR END,STRAIGHT & LEVEL,DARK (UNKNOWN ROADWAY LIGHTING),0,0,0,1
27496170,CAMPBELL,KY0009,StateRoute,,AA,HWY,,39.01510235,-84.47714115,17.127,11/23/2020 0:00,1515,2,2,0,0,O,CLEAR,DRY,0,REAR END IN TRAFFIC LANES BOTH VEHICLES MOVING,REAR END,STRAIGHT & LEVEL,DAYLIGHT,0,0,0,1
27494708,CAMPBELL,I 0275,Interstate,,I275 E,,,39.04372778,-84.46733235,75.371,11/23/2020 0:00,1511,2,2,0,0,O,CLEAR,DRY,0,REAR END IN TRAFFIC LANES BOTH VEHICLES MOVING,REAR END,STRAIGHT & LEVEL,DAYLIGHT,0,0,0,1
27489546,CAMPBELL,US0027,USRoute,,ALEXANDRIA,PIKE,,39.02014491,-84.4381202,15.229,11/23/2020 0:00,715,2,2,0,0,O,CLEAR,DRY,0,REAR END IN TRAFFIC LANES BOTH VEHICLES MOVING,REAR END,STRAIGHT & LEVEL,DAWN,0,0,0,1
27511000,CAMPBELL,KY1120,StateRoute,,MEMORIAL,PKWY,,39.09266796,-84.47523964,1.676,11/24/2020 0:00,1520,2,2,0,0,O,CLEAR,DRY,0,SIDESWIPE COLLISION - SAME DIRECTION,SIDESWIPE-SAME DIRECTION,STRAIGHT & LEVEL,DAYLIGHT,0,0,0,1
27515522,CAMPBELL,KY0009,StateRoute,,AA,HWY,,39.01714156,-84.47922502,17.308,11/24/2020 0:00,546,2,2,0,0,O,CLEAR,DRY,1,REAR END IN TRAFFIC LANES BOTH VEHICLES MOVING,REAR END,STRAIGHT & LEVEL,DARK-HWY NOT LIGHTED,0,0,0,1
27498477,CAMPBELL,I 0471,Interstate,,I471 N,,,39.06809839,-84.46386091,1.885,11/24/2020 0:00,1834,2,2,0,0,O,CLEAR,DRY,0,SIDESWIPE COLLISION - SAME DIRECTION,SIDESWIPE-SAME DIRECTION,STRAIGHT & LEVEL,DARK-HWY LIGHTED/ON,0,0,0,1
27496722,CAMPBELL,KY0008,StateRoute,200,DAVE COWENS,DR,,39.09824247,-84.49261098,1.058,11/24/2020 0:00,1743,2,2,0,0,O,CLEAR,DRY,1,SIDESWIPE COLLISION - SAME DIRECTION,SIDESWIPE-SAME DIRECTION,STRAIGHT & LEVEL,DARK-HWY LIGHTED/ON,0,0,0,1