IncidentID,County,RdwyNumber,RdwyType,Street,RoadwayName,StreetSfx,StreetDir,Latitude,Longitude,Milepoint,CollisionDate,CollisionTime,UnitsInvolved,MotorVehiclesInvolved,NumberKilled,NumberInjured,KABCO,Weather,RdwyConditionCode,HitandRun,DirAnalysisCode,MannerofCollision,RdwyCharacter,LightCondition,Intersection Crash,Bicyclist,Pedestrian,Motor Vehicles
27499145,CAMPBELL,,OTHR,10,10TH,ST,W,39.08591222,-84.49136155,0.488,11/24/2020 0:00,1117,2,2,0,0,O,CLEAR,DRY,0,1 VEHICLE ENTERING/LEAVING ENTRANCE,ANGLE,STRAIGHT & LEVEL,DAYLIGHT,0,0,0,1
27496422,CAMPBELL,KY0547,StateRoute,5939,FOUR MILE,RD,,39.01843967,-84.37628742,4.917,11/24/2020 0:00,1455,1,1,0,0,O,CLOUDY,DRY,0,RAN OFF ROADWAY (1 VEHICLE WITH/EARTH EMBANKMENT/DITCH),SINGLE VEHICLE,STRAIGHT & LEVEL,DAYLIGHT,0,0,0,1
27500506,CAMPBELL,I 0471,Interstate,,,,,39.0821152,-84.47067236,0.154,11/25/2020 0:00,2203,1,1,0,0,O,CLEAR,WET,0,COLLISION WITH FIXED OBJECT NOT IN GORE ,SINGLE VEHICLE,STRAIGHT & LEVEL,DARK-HWY LIGHTED/ON,0,0,0,1
27498478,CAMPBELL,,OTHR,,FT THOMAS,AVE,N,39.10595929,-84.4534788,1.794,11/25/2020 0:00,116,1,1,0,0,O,CLOUDY,DRY,0,COLLISION WITH FIXED OBJECT NON - INTERSECTION - FIRST EVENT COLLISION 09 - 32 EXCLUDING 16,SINGLE VEHICLE,CURVE & LEVEL,DARK-HWY LIGHTED/ON,0,0,0,1
27505508,CAMPBELL,KY0009,StateRoute,,AA,HWY,,39.00727842,-84.45593699,15.813,11/25/2020 0:00,2239,1,1,0,0,O,CLOUDY,WET,0,COLLISION WITH NON-FIXED OBJECT ,SINGLE VEHICLE,STRAIGHT & GRADE,DARK-HWY NOT LIGHTED,0,0,0,1
27506127,CAMPBELL,KY0008,StateRoute,,DAVE COWENS,DR,,39.10076083,-84.48985454,1.342,11/25/2020 0:00,912,2,2,0,0,O,RAINING,WET,0,OTHER INTERSECTION COLLISIONS,REAR END,STRAIGHT & LEVEL,DAYLIGHT,1,0,0,1
27515843,CAMPBELL,US0027,USRoute,,ALEXANDRIA,PIKE,,38.96461179,-84.39280206,10.527,11/25/2020 0:00,1747,2,2,0,0,O,CLOUDY,DRY,0,ANGLE COLLISION - OTHER,ANGLE,STRAIGHT & LEVEL,DARK-HWY LIGHTED/ON,0,0,0,1
27498771,CAMPBELL,I 0275,Interstate,,I275 E,,,39.0234101,-84.48084967,77.095,11/25/2020 0:00,1118,2,2,0,0,O,RAINING,WET,1,SIDESWIPE COLLISION - SAME DIRECTION,SIDESWIPE-SAME DIRECTION,STRAIGHT & LEVEL,DAYLIGHT,0,0,0,1
27501251,CAMPBELL,I 0275,Interstate,,I275 W,,,39.02363742,-84.4812338,77.122,11/25/2020 0:00,1245,2,2,0,0,O,RAINING,WET,0,SIDESWIPE COLLISION - SAME DIRECTION,SIDESWIPE-SAME DIRECTION,CURVE & GRADE,DAYLIGHT,0,0,0,1
27501250,CAMPBELL,I 0275,Interstate,,I275 E,,,39.02256606,-84.48801132,77.501,11/25/2020 0:00,1256,2,2,0,0,O,RAINING,WET,0,SIDESWIPE COLLISION - SAME DIRECTION,SIDESWIPE-SAME DIRECTION,STRAIGHT & LEVEL,DAYLIGHT,0,0,0,1
27498770,CAMPBELL,I 0275,Interstate,,I275 E,,,39.02329195,-84.48083785,77.096,11/25/2020 0:00,1301,2,2,0,0,O,RAINING,WET,0,REAR END IN TRAFFIC LANES BOTH VEHICLES MOVING,REAR END,STRAIGHT & LEVEL,DAYLIGHT,0,0,0,1
27505708,CAMPBELL,I 0275,Interstate,,I275 E,,,39.02259482,-84.48748478,77.469,11/25/2020 0:00,1400,2,2,0,0,O,CLEAR,DRY,0,REAR END IN TRAFFIC LANES BOTH VEHICLES MOVING,REAR END,STRAIGHT & LEVEL,DAYLIGHT,0,0,0,1
27500452,CAMPBELL,US0027,USRoute,937,MONMOUTH,ST,,39.08762057,-84.48938948,21.611,11/25/2020 0:00,2005,2,2,0,0,O,RAINING,WET,0,1 VEHICLE PARKED POSITION (NOT PARKING LOT/DRIVEWAY),BACKING,STRAIGHT & LEVEL,DARK-HWY LIGHTED/ON,0,0,0,1
27748337,CAMPBELL,I 0471,Interstate,9-Jan,I471 S,,,39.0717943,-84.4635191,2.174,11/26/2020 0:00,257,1,1,0,0,O,CLEAR,DRY,0,OTHER COLLISIONS ON SHOULDER,SINGLE VEHICLE,CURVE & LEVEL,DARK (UNKNOWN ROADWAY LIGHTING),0,0,0,1
27501535,CAMPBELL,,OTHR,100,NEWPORT PAVILION,,,39.09008095,-84.47626073,0.309,11/26/2020 0:00,1104,2,2,0,0,O,CLOUDY,DRY,0,1 VEHICLE ENTERING/LEAVING ENTRANCE,ANGLE,STRAIGHT & LEVEL,DAYLIGHT,0,0,0,1
27503333,CAMPBELL,KY0009,StateRoute,,AA,HWY,,38.97894448,-84.36804541,,11/26/2020 0:00,1855,1,1,0,0,O,CLOUDY,DRY,0,COLLISION WITH ANIMAL NON INTERSECTION,SINGLE VEHICLE,CURVE & GRADE,DUSK,0,0,0,1
27512805,CAMPBELL,,OTHR,29,VETERANS,DR,,39.05009424,-84.44909059,0.134,11/27/2020 0:00,1450,2,2,0,0,O,CLEAR,DRY,0,1 VEHICLE PARKED POSITION (NOT PARKING LOT/DRIVEWAY),REAR END,STRAIGHT & LEVEL,DAYLIGHT,0,0,0,1
27505509,CAMPBELL,US0027,USRoute,,ALEXANDRIA,PIKE,,39.0221061,-84.44015951,15.373,11/27/2020 0:00,248,1,1,0,0,O,CLEAR,DRY,0,COLLISION WITH ANIMAL NON INTERSECTION,SINGLE VEHICLE,STRAIGHT & LEVEL,DARK-HWY LIGHTED/ON,0,0,0,1
27520847,CAMPBELL,I 0275,Interstate,,I275 E,,,39.04202779,-84.46916082,75.542,11/27/2020 0:00,1233,3,3,0,0,O,CLEAR,DRY,1,OTHER ROADWAY OR MID-BLOCK COLLISION,REAR END,STRAIGHT & GRADE,DAYLIGHT,0,0,0,1
27504447,CAMPBELL,I 0275,Interstate,,I275 E,,,39.03588127,-84.47024378,75.971,11/27/2020 0:00,1730,4,4,0,2,B,CLEAR,DRY,0,OTHER ROADWAY OR MID-BLOCK COLLISION,REAR TO REAR,STRAIGHT & LEVEL,DARK-HWY LIGHTED/ON,0,0,0,1
27519985,CAMPBELL,I 0275,Interstate,,I275 W,,,39.05263114,-84.44143255,73.858,11/27/2020 0:00,1101,3,3,0,2,B,CLEAR,DRY,0,REAR END IN TRAFFIC LANES BOTH VEHICLES MOVING,REAR END,STRAIGHT & GRADE,DAYLIGHT,0,0,0,1
27512814,CAMPBELL,I 0275,Interstate,,I275 E,,,39.03615702,-84.47018606,75.951,11/28/2020 0:00,1803,2,2,0,0,O,CLEAR,DRY,0,REAR END IN TRAFFIC LANES BOTH VEHICLES MOVING,REAR END,STRAIGHT & LEVEL,DARK-HWY LIGHTED/ON,0,0,0,1
27506428,CAMPBELL,I 0471,Interstate,,I471 S,,,39.0568778,-84.46960918,0.999,11/28/2020 0:00,1554,2,2,0,0,O,CLEAR,DRY,1,SIDESWIPE COLLISION - SAME DIRECTION,SIDESWIPE-SAME DIRECTION,CURVE & LEVEL,DAYLIGHT,0,0,0,1
27509533,CAMPBELL,I 0275,Interstate,,I275 E,,,39.05611925,-84.43273203,,11/28/2020 0:00,1915,2,2,0,0,O,CLEAR,DRY,0,REAR END IN TRAFFIC LANES BOTH VEHICLES MOVING,REAR END,CURVE & GRADE,DUSK,0,0,0,1
27512809,CAMPBELL,I 0275,Interstate,,I275 E,,,39.03586397,-84.47020881,75.972,11/28/2020 0:00,1347,5,5,0,1,B,CLEAR,DRY,0,REAR END IN TRAFFIC LANES BOTH VEHICLES MOVING,REAR END,STRAIGHT & LEVEL,DAYLIGHT,0,0,0,1
27508279,CAMPBELL,,OTHR,175,NEWPORT PAVILION,,,39.08687114,-84.47674581,0.556,11/28/2020 0:00,1552,2,2,0,0,O,CLEAR,DRY,0,1 VEHICLE PARKED POSITION (NOT PARKING LOT/DRIVEWAY),REAR END,STRAIGHT & LEVEL,DAYLIGHT,0,0,0,1
27506458,CAMPBELL,US0027,USRoute,,ALEXANDRIA,PIKE,,39.02826884,-84.4500009,16.093,11/28/2020 0:00,1045,2,2,0,0,O,CLEAR,DRY,0,1 VEHICLE ENTERING/LEAVING ENTRANCE,ANGLE,STRAIGHT & LEVEL,DAYLIGHT,0,0,0,1
27512810,CAMPBELL,I 0275,Interstate,,I275 E,,,39.03482216,-84.47033911,76.047,11/28/2020 0:00,1441,2,2,0,0,O,CLEAR,DRY,0,OTHER INTERSECTION COLLISIONS,REAR END,STRAIGHT & LEVEL,DAYLIGHT,1,0,0,1
27504840,CAMPBELL,I 0471,Interstate,,I471 N,,,39.09876962,-84.49104581,4.693,11/28/2020 0:00,53,1,1,0,0,O,CLEAR,DRY,0,COLLISION WITH FIXED OBJECT NON - INTERSECTION - FIRST EVENT COLLISION 09 - 32 EXCLUDING 16,SINGLE VEHICLE,CURVE & LEVEL,DARK-HWY LIGHTED/ON,0,0,0,1
27515491,CAMPBELL,I 0471,Interstate,,I471 S,,,39.04675198,-84.46195996,0.103,11/28/2020 0:00,1341,1,1,0,0,O,SNOWING,WET,0,RAN OFF ROADWAY (1 VEHICLE WITH/EARTH EMBANKMENT/DITCH),SINGLE VEHICLE,STRAIGHT & LEVEL,DAYLIGHT,0,0,0,1
27506459,CAMPBELL,US0027,USRoute,,ALEXANDRIA,PIKE,,39.02821824,-84.44985923,16.086,11/28/2020 0:00,1412,1,1,0,0,O,CLEAR,DRY,0,COLLISION WITH FIXED OBJECT NON - INTERSECTION - FIRST EVENT COLLISION 09 - 32 EXCLUDING 16,SINGLE VEHICLE,STRAIGHT & LEVEL,DAYLIGHT,0,0,0,1
27506126,CAMPBELL,US0027,USRoute,733,MONMOUTH,ST,,39.08959466,-84.49173251,21.796,11/28/2020 0:00,1328,2,2,0,0,O,CLEAR,DRY,0,1 VEHICLE PARKED POSITION (NOT PARKING LOT/DRIVEWAY),BACKING,STRAIGHT & LEVEL,DAYLIGHT,0,0,0,1
27508821,CAMPBELL,I 0471,Interstate,,I471 N,,,39.09561525,-84.48164647,4.156,11/29/2020 0:00,1242,2,2,0,0,O,CLEAR,DRY,0,REAR END IN TRAFFIC LANES BOTH VEHICLES MOVING,REAR END,STRAIGHT & LEVEL,DAYLIGHT,0,0,0,1
27528214,CAMPBELL,I 0471,Interstate,,I471 N,,,39.09959712,-84.49266184,4.798,11/29/2020 0:00,1233,3,3,0,0,O,CLEAR,DRY,0,REAR END IN TRAFFIC LANES BOTH VEHICLES MOVING,REAR END,STRAIGHT & LEVEL,DAYLIGHT,0,0,0,1
27520873,CAMPBELL,I 0275,Interstate,,I275 E,,,39.03204094,-84.47048638,76.248,11/30/2020 0:00,1325,2,2,0,0,O,RAINING,WET,0,OTHER ROADWAY OR MID-BLOCK COLLISION,REAR END,STRAIGHT & LEVEL,DAYLIGHT,0,0,0,1
27641634,CAMPBELL,US0027,USRoute,,ALEXANDRIA,PIKE,,39.00987289,-84.43010001,14.41,11/30/2020 0:00,1638,2,2,0,0,O,RAINING,WET,0,1 VEHICLE ENTERING/LEAVING ENTRANCE,ANGLE,STRAIGHT & GRADE,DAYLIGHT,0,0,0,1
27536663,CAMPBELL,I 0471,Interstate,,I471 S,,,39.076219,-84.46887999,2.603,11/30/2020 0:00,550,2,2,0,0,O,RAINING,WET,0,SIDESWIPE COLLISION - SAME DIRECTION,SIDESWIPE-SAME DIRECTION,STRAIGHT & LEVEL,DARK-HWY LIGHTED/ON,0,0,0,1
27520872,CAMPBELL,I 0275,Interstate,,I275 W,,,39.03719744,-84.47052788,75.954,11/30/2020 0:00,1022,1,1,0,0,O,RAINING,WET,0,OTHER COLLISIONS ON SHOULDER,SINGLE VEHICLE,STRAIGHT & LEVEL,DAYLIGHT,0,0,0,1
27520860,CAMPBELL,I 0275,Interstate,,I275 E,,,39.03392792,-84.47037226,76.012,11/30/2020 0:00,1719,2,2,0,0,O,BLOWING SAND/SOIL/DIRT/SNOW,WET,0,REAR END IN TRAFFIC LANES BOTH VEHICLES MOVING,REAR END,STRAIGHT & HILLCREST,DARK-HWY LIGHTED/ON,0,0,0,1
27520862,CAMPBELL,I 0275,Interstate,,I275 E,,,39.03664943,-84.47026623,75.917,11/30/2020 0:00,1825,2,2,0,0,O,BLOWING SAND/SOIL/DIRT/SNOW,WET,0,REAR END IN TRAFFIC LANES BOTH VEHICLES MOVING,REAR END,STRAIGHT & HILLCREST,DARK-HWY LIGHTED/ON,0,0,0,1
27512995,CAMPBELL,KY0008,StateRoute,,KY8,,,39.08983493,-84.50007405,0.337,11/30/2020 0:00,1050,1,1,0,0,O,RAINING,WET,1,OTHER COLLISIONS ON SHOULDER,SINGLE VEHICLE,CURVE & LEVEL,DAYLIGHT,0,0,0,1
27522002,CAMPBELL,KY1632,StateRoute,,MOOCK,RD,,39.06116904,-84.47198451,1.066,11/30/2020 0:00,1532,2,2,0,0,O,RAINING,WET,0,REAR END IN TRAFFIC LANES BOTH VEHICLES MOVING,REAR END,STRAIGHT & LEVEL,DAYLIGHT,0,0,0,1
27545564,CAMPBELL,,OTHR,,ERVIN,TER,,39.11338354,-84.47758867,0.506,11/30/2020 0:00,730,2,2,0,0,O,RAINING,WET,0,1 VEHICLE PARKED POSITION (NOT PARKING LOT/DRIVEWAY),SIDESWIPE-SAME DIRECTION,STRAIGHT & LEVEL,DAYLIGHT,0,0,0,1
27541645,CAMPBELL,,OTHR,713,SARATOGA,ST,,39.09197835,-84.49184079,0.464,11/30/2020 0:00,1203,2,2,0,0,O,CLEAR,DRY,0,1 VEHICLE PARKED POSITION (NOT PARKING LOT/DRIVEWAY),SIDESWIPE-SAME DIRECTION,STRAIGHT & LEVEL,DAYLIGHT,0,0,0,1
27547105,CAMPBELL,KY0009,StateRoute,,LICKING,PIKE,,39.06122904,-84.48646875,20.613,11/30/2020 0:00,802,1,1,1,0,K,RAINING,WET,0,COLLISION WITH FIXED OBJECT NON - INTERSECTION - FIRST EVENT COLLISION 09 - 32 EXCLUDING 16,SINGLE VEHICLE,STRAIGHT & LEVEL,DAYLIGHT,0,0,0,1
27517675,CAMPBELL,KY0009,StateRoute,,AA,HWY,,38.96248595,-84.34600813,8.837,11/30/2020 0:00,1549,1,1,0,0,O,"SLEET, HAIL, FREEZING RAIN",WET,0,COLLISION WITH ANIMAL NON INTERSECTION,SINGLE VEHICLE,STRAIGHT & LEVEL,DAYLIGHT,0,0,0,1
27560059,CAMPBELL,KY0008,StateRoute,,FAIRFIELD,AVE,,39.10434392,-84.48562464,1.683,11/30/2020 0:00,2047,2,2,0,0,O,SNOWING,SNOW/SLUSH,0,OTHER INTERSECTION COLLISIONS,REAR END,STRAIGHT & GRADE,DARK-HWY LIGHTED/ON,1,0,0,1
27515237,CAMPBELL,US0027,USRoute,,YORK,ST,,39.08746314,-84.49184684,21.814,11/30/2020 0:00,1720,2,2,0,0,O,RAINING,WET,0,ANGLE COLLISION - OTHER,ANGLE,STRAIGHT & GRADE,DAYLIGHT,0,0,0,1
27513969,CAMPBELL,I 0471,Interstate,,,,,39.08600451,-84.47424237,0.16,11/30/2020 0:00,1615,2,2,0,0,O,SNOWING,WET,0,OTHER RAMP RELATED COLLISIONS NOT LISTED ABOVE,REAR END,CURVE & LEVEL,DAYLIGHT,0,0,0,1
27519765,CAMPBELL,I 0471,Interstate,,INTERSTATE 471,,,39.09704342,-84.49141093,0.205,12/1/2020 0:00,1450,2,2,0,0,O,CLOUDY,DRY,1,OTHER RAMP RELATED COLLISIONS NOT LISTED ABOVE,ANGLE,CURVE & GRADE,DAYLIGHT,0,0,0,1
27517187,CAMPBELL,,OTHR,,BLOSSOM,LN,,39.06203829,-84.45668411,0.161,12/1/2020 0:00,732,1,1,0,0,O,CLOUDY,ICE,0,RAN OFF ROADWAY (1 VEHICLE WITH/EARTH EMBANKMENT/DITCH),SINGLE VEHICLE,CURVE & GRADE,DAYLIGHT,0,0,0,1
27534446,CAMPBELL,US0027,USRoute,1600,MONMOUTH,ST,,39.08383603,-84.4838024,21.208,12/1/2020 0:00,1630,2,2,0,0,O,CLOUDY,DRY,0,SIDESWIPE COLLISION - SAME DIRECTION,SIDESWIPE-SAME DIRECTION,CURVE & GRADE,DAYLIGHT,0,0,0,1
27519240,CAMPBELL,,OTHR,,WAGON,BRG,,39.08148548,-84.49099169,0.044,12/1/2020 0:00,1833,2,2,0,0,O,CLOUDY,DRY,0,SIDESWIPE COLLISION - OPPOSITE DIRECTION,SIDESWIPE-OPPOSITE DIRECTION,CURVE & GRADE,DARK-HWY LIGHTED/ON,0,0,0,1
27520864,CAMPBELL,US0027,USRoute,,ALEXANDRIA,PIKE,,39.03537774,-84.45417351,16.642,12/1/2020 0:00,1653,2,2,0,0,O,CLEAR,DRY,0,OTHER ROADWAY OR MID-BLOCK COLLISION,REAR END,STRAIGHT & LEVEL,DAYLIGHT,0,0,0,1
27522004,CAMPBELL,KY2345,StateRoute,,JOHNS HILL,RD,,39.04013845,-84.47975269,2.27,12/2/2020 0:00,837,2,2,0,0,O,CLEAR,DRY,0,SIDESWIPE COLLISION - OPPOSITE DIRECTION,SIDESWIPE-OPPOSITE DIRECTION,CURVE & HILLCREST,DAYLIGHT,0,0,0,1
27520874,CAMPBELL,I 0275,Interstate,,I275 E,,,39.03370261,-84.47022916,76,12/2/2020 0:00,641,2,2,0,0,O,CLEAR,DRY,0,REAR END IN TRAFFIC LANES BOTH VEHICLES MOVING,REAR END,STRAIGHT & HILLCREST,DARK-HWY LIGHTED/ON,0,0,0,1
27520875,CAMPBELL,I 0275,Interstate,,I275 E,,,39.04277521,-84.46862083,75.485,12/2/2020 0:00,911,2,2,0,0,O,CLEAR,DRY,1,REAR END IN TRAFFIC LANES BOTH VEHICLES MOVING,REAR END,CURVE & GRADE,DAYLIGHT,0,0,0,1
27532141,CAMPBELL,I 0471,Interstate,,I471 S,,,39.08471947,-84.47301236,3.234,12/2/2020 0:00,1547,2,2,0,0,O,CLOUDY,DRY,0,SIDESWIPE COLLISION - SAME DIRECTION,SIDESWIPE-SAME DIRECTION,STRAIGHT & LEVEL,DAYLIGHT,0,0,0,1
27538735,CAMPBELL,KY0009,StateRoute,500,CENTRAL,AVE,,39.08926637,-84.49762348,22.943,12/2/2020 0:00,1630,2,2,0,0,O,CLEAR,DRY,0,1 VEHICLE PARKED POSITION (NOT PARKING LOT/DRIVEWAY),SIDESWIPE-SAME DIRECTION,STRAIGHT & LEVEL,DAYLIGHT,0,0,0,1
27528231,CAMPBELL,,OTHR,,MAYO,AVE,,39.0863327,-84.45054932,,12/3/2020 0:00,650,2,2,0,0,O,CLEAR,DRY,1,1 VEHICLE PARKED POSITION (NOT PARKING LOT/DRIVEWAY),SIDESWIPE-OPPOSITE DIRECTION,STRAIGHT & GRADE,DARK-HWY NOT LIGHTED,0,0,0,1
27538271,CAMPBELL,,OTHR,,NEW LINDEN,RD,,39.07881659,-84.47866504,0.105,12/3/2020 0:00,1400,1,1,0,0,O,CLOUDY,DRY,0,COLLISION WITH FIXED OBJECT NON - INTERSECTION - FIRST EVENT COLLISION 09 - 32 EXCLUDING 16,SINGLE VEHICLE,STRAIGHT & GRADE,DAYLIGHT,0,0,0,1
27526803,CAMPBELL,KY0009,StateRoute,,AA,HWY,,39.02133215,-84.48118986,17.627,12/3/2020 0:00,2210,2,2,0,0,O,CLOUDY,DRY,0,ANGLE COLLISION - ONE VEHICLE TURNING LEFT,ANGLE,STRAIGHT & LEVEL,DARK-HWY LIGHTED/ON,0,0,0,1
27529311,CAMPBELL,KY0471,StateRoute,,KY471,,,39.03753961,-84.45405449,0.038,12/3/2020 0:00,1840,2,2,0,2,B,CLOUDY,DRY,0,OTHER INTERSECTION COLLISIONS,REAR END,STRAIGHT & LEVEL,DARK-HWY LIGHTED/ON,1,0,0,1
27533480,CAMPBELL,I 0275,Interstate,,I275 W,,,39.03098883,-84.4709586,76.373,12/3/2020 0:00,2213,2,2,0,1,C,CLEAR,DRY,0,OTHER COLLISIONS ON SHOULDER,ANGLE,CURVE & GRADE,DARK-HWY LIGHTED/ON,0,0,0,1
27529303,CAMPBELL,I 0275,Interstate,,I275 E,,,39.03851182,-84.47002285,75.785,12/3/2020 0:00,1742,2,2,0,0,O,CLOUDY,DRY,0,REAR END IN TRAFFIC LANES BOTH VEHICLES MOVING,REAR END,STRAIGHT & LEVEL,DARK-HWY LIGHTED/ON,0,0,0,1
27533477,CAMPBELL,I 0275,Interstate,74.2,I275 W,,,39.03400016,-84.47066699,76.177,12/3/2020 0:00,2312,2,2,0,0,O,CLOUDY,DRY,0,OTHER ROADWAY OR MID-BLOCK COLLISION,REAR END,STRAIGHT & LEVEL,DARK-HWY LIGHTED/ON,0,0,0,1
27529871,CAMPBELL,KY1120,StateRoute,101,10TH,ST,E,39.08725556,-84.48880323,0.786,12/3/2020 0:00,1000,2,2,0,0,O,CLEAR,DRY,1,VEHICLE BACKING NON INTERSECTION,BACKING,STRAIGHT & LEVEL,DAYLIGHT,0,0,0,1
27528562,CAMPBELL,I 0471,Interstate,,I471 N,,,39.06415426,-84.46652472,1.577,12/3/2020 0:00,2020,2,2,0,1,C,CLOUDY,DRY,0,1 VEHICLE ENTERING/LEAVING ENTRANCE,ANGLE,STRAIGHT & LEVEL,DUSK,0,0,0,1
27542248,CAMPBELL,US0027,USRoute,,ALEXANDRIA,PIKE,,39.00444872,-84.42503765,13.962,12/4/2020 0:00,1213,2,2,0,0,O,CLOUDY,DRY,0,SIDESWIPE COLLISION - SAME DIRECTION,SIDESWIPE-SAME DIRECTION,STRAIGHT & LEVEL,DAYLIGHT,0,0,0,1
27530460,CAMPBELL,KY0008,StateRoute,,4TH,ST,W,39.08830604,-84.50294848,0.098,12/4/2020 0:00,2139,2,2,0,0,O,CLEAR,DRY,1,SIDESWIPE COLLISION - OPPOSITE DIRECTION,SIDESWIPE-OPPOSITE DIRECTION,CURVE & GRADE,DARK-HWY LIGHTED/ON,0,0,0,1
27531013,CAMPBELL,I 0471,Interstate,,I471 N,,,39.09958668,-84.49267022,4.798,12/4/2020 0:00,2229,4,4,0,0,O,CLEAR,DRY,1,REAR END IN TRAFFIC LANES BOTH VEHICLES MOVING,REAR END,STRAIGHT & LEVEL,DARK-HWY LIGHTED/ON,0,0,0,1
27544706,CAMPBELL,KY1120,StateRoute,,11TH,ST,W,39.08126691,-84.49627526,0.229,12/4/2020 0:00,1748,2,2,0,0,O,CLEAR,DRY,0,ANGLE COLLISION - OTHER,ANGLE,STRAIGHT & LEVEL,DAYLIGHT,0,0,0,1
27533479,CAMPBELL,KY0536,StateRoute,,CREEKTRACE,RD,,38.9255841,-84.43843335,0.577,12/4/2020 0:00,1747,2,2,0,0,O,CLOUDY,WET,0,COLLISION WITH ANIMAL IN INTERSECTION,SIDESWIPE-OPPOSITE DIRECTION,CURVE & LEVEL,DARK-HWY NOT LIGHTED,1,0,0,1
27530493,CAMPBELL,,OTHR,929,ANN,ST,,39.08586198,-84.49346237,0.242,12/4/2020 0:00,1903,2,2,0,0,O,CLEAR,DRY,0,1 VEHICLE PARKED POSITION (NOT PARKING LOT/DRIVEWAY),SIDESWIPE-SAME DIRECTION,STRAIGHT & LEVEL,DARK-HWY LIGHTED/OFF,0,0,0,1
27581418,CAMPBELL,,OTHR,1143,COLUMBIA,ST,,39.08302588,-84.48987051,0.001,12/4/2020 0:00,1414,2,2,0,0,O,CLEAR,DRY,0,1 VEHICLE PARKED POSITION (NOT PARKING LOT/DRIVEWAY),REAR END,STRAIGHT & LEVEL,DAYLIGHT,0,0,0,1
27541942,CAMPBELL,I 0471,Interstate,,,,,39.06552065,-84.46414118,0.038,12/5/2020 0:00,1507,2,2,0,0,O,CLEAR,DRY,0,OTHER RAMP RELATED COLLISIONS NOT LISTED ABOVE,REAR END,CURVE & GRADE,DAYLIGHT,0,0,0,1
27540736,CAMPBELL,,OTHR,,FOX CHASE,DR,,39.06091158,-84.47202137,0.012,12/5/2020 0:00,150,1,1,0,0,O,CLOUDY,DRY,0,COLLISION WITH FIXED OBJECT NON - INTERSECTION - FIRST EVENT COLLISION 09 - 32 EXCLUDING 16,SINGLE VEHICLE,STRAIGHT & LEVEL,DUSK,0,0,0,1
27544091,CAMPBELL,KY0009,StateRoute,,LICKING,PIKE,,39.02534693,-84.48067733,17.945,12/5/2020 0:00,1837,2,2,0,1,B,CLEAR,DRY,0,ANGLE COLLISION - OTHER,ANGLE,STRAIGHT & LEVEL,DARK-HWY LIGHTED/ON,0,0,0,1
27531082,CAMPBELL,,OTHR,,WATERWORKS,RD,,39.09152612,-84.47387787,0.071,12/5/2020 0:00,305,2,2,0,0,O,CLEAR,DRY,0,COLLISION WITH PARKED VEHICLE,BACKING,STRAIGHT & LEVEL,DARK-HWY LIGHTED/ON,0,0,0,1
27627453,CAMPBELL,,OTHR,,VINE,ST,,39.11239774,-84.47882308,0.031,12/5/2020 0:00,2200,2,2,0,0,O,CLEAR,DRY,1,COLLISION WITH PARKED VEHICLE,BACKING,STRAIGHT & LEVEL,DARK-HWY LIGHTED/ON,0,0,0,1
27533558,CAMPBELL,,OTHR,,3RD,ST,W,39.09187785,-84.50003978,0.077,12/5/2020 0:00,1611,2,2,0,0,O,CLEAR,DRY,0,ANGLE COLLISION - OTHER,ANGLE,CURVE & GRADE,DAYLIGHT,0,0,0,1
27542249,CAMPBELL,US0027,USRoute,,ALEXANDRIA,PIKE,,39.00413926,-84.424768,13.946,12/5/2020 0:00,2355,1,1,0,0,O,CLOUDY,DRY,0,OTHER INTERSECTION COLLISIONS,SINGLE VEHICLE,STRAIGHT & GRADE,DARK-HWY LIGHTED/ON,1,0,0,1
27567779,CAMPBELL,,OTHR,,TAYLOR,AVE,,39.09641513,-84.47251898,1.059,12/5/2020 0:00,1216,2,2,0,0,O,CLEAR,DRY,0,HEAD-ON COLLISION,HEAD ON,CURVE & GRADE,DAYLIGHT,0,0,0,1
27533559,CAMPBELL,,OTHR,400,ELM,ST,,39.08579952,-84.500066,0.159,12/5/2020 0:00,1244,2,2,0,0,O,CLEAR,DRY,1,1 VEHICLE PARKED POSITION (NOT PARKING LOT/DRIVEWAY),SIDESWIPE-SAME DIRECTION,STRAIGHT & LEVEL,DARK-HWY LIGHTED/ON,0,0,0,1
27535128,CAMPBELL,I 0275,Interstate,,I275 E,,,39.05626632,-84.43230205,73.307,12/5/2020 0:00,1745,2,2,0,0,O,CLEAR,DRY,0,REAR END IN TRAFFIC LANES BOTH VEHICLES MOVING,REAR END,STRAIGHT & LEVEL,DARK-HWY NOT LIGHTED,0,0,0,1
27535129,CAMPBELL,I 0275,Interstate,,I275 E,,,39.05626632,-84.43230205,73.307,12/5/2020 0:00,2120,2,2,0,0,O,CLEAR,DRY,0,OTHER ROADWAY OR MID-BLOCK COLLISION,REAR END,STRAIGHT & LEVEL,DARK-HWY NOT LIGHTED,0,0,0,1