IncidentID,County,RdwyNumber,RdwyType,Street,RoadwayName,StreetSfx,StreetDir,Latitude,Longitude,Milepoint,CollisionDate,CollisionTime,UnitsInvolved,MotorVehiclesInvolved,NumberKilled,NumberInjured,KABCO,Weather,RdwyConditionCode,HitandRun,DirAnalysisCode,MannerofCollision,RdwyCharacter,LightCondition,Intersection Crash,Bicyclist,Pedestrian,Motor Vehicles
27536665,CAMPBELL,I 0275,Interstate,,I275 E,,,39.05552685,-84.43397634,73.41,12/5/2020 0:00,2101,3,3,0,0,O,CLOUDY,DRY,0,SIDESWIPE COLLISION - SAME DIRECTION,SIDESWIPE-SAME DIRECTION,STRAIGHT & GRADE,DARK-HWY LIGHTED/ON,0,0,0,1
27534470,CAMPBELL,,OTHR,130,NEWPORT PAVILION,,,39.09109387,-84.47863971,0.166,12/6/2020 0:00,1236,2,2,0,0,O,CLOUDY,DRY,0,VEHICLE BACKING NON INTERSECTION,BACKING,STRAIGHT & LEVEL,DAYLIGHT,0,0,0,1
27646260,CAMPBELL,I 0471,Interstate,,I471 S,,,39.09792185,-84.4877677,4.505,12/6/2020 0:00,629,3,3,0,0,O,FOG,DRY,1,SIDESWIPE COLLISION - SAME DIRECTION,SIDESWIPE-SAME DIRECTION,CURVE & LEVEL,DARK-HWY LIGHTED/ON,0,0,0,1
27541996,CAMPBELL,KY0709,StateRoute,,ALEXANDRIA,PIKE,E,38.98670904,-84.39716136,0.308,12/6/2020 0:00,1740,1,1,0,0,O,CLOUDY,DRY,0,COLLISION WITH ANIMAL IN INTERSECTION,SINGLE VEHICLE,CURVE & GRADE,DARK-HWY LIGHTED/ON,1,0,0,1
27542251,CAMPBELL,US0027,USRoute,,ALEXANDRIA,PIKE,,39.00963513,-84.42965843,14.383,12/6/2020 0:00,1515,2,2,0,0,O,CLOUDY,DRY,0,ANGLE COLLISION - OTHER,ANGLE,STRAIGHT & LEVEL,DAYLIGHT,0,0,0,1
27534447,CAMPBELL,,OTHR,32,LAYCOCK,LN,,39.07955065,-84.47199987,0.148,12/6/2020 0:00,100,2,2,0,0,O,CLOUDY,DRY,1,1 VEHICLE PARKED POSITION (NOT PARKING LOT/DRIVEWAY),BACKING,STRAIGHT & LEVEL,UNKNOWN,0,0,0,1
27541624,CAMPBELL,US0027,USRoute,,ALEXANDRIA,PIKE,,38.98568445,-84.4030087,12.246,12/7/2020 0:00,1710,2,2,0,0,O,CLOUDY,DRY,0,SIDESWIPE-SAME DIRECTION,SIDESWIPE-SAME DIRECTION,STRAIGHT & GRADE,DUSK,0,0,0,1
27543091,CAMPBELL,KY1120,StateRoute,,11TH,ST,W,39.08128962,-84.49623947,0.23,12/7/2020 0:00,2130,2,2,0,0,O,CLEAR,DRY,1,SIDESWIPE-SAME DIRECTION,SIDESWIPE-SAME DIRECTION,STRAIGHT & LEVEL,DARK-HWY NOT LIGHTED,0,0,0,1
27539091,CAMPBELL,US0027,USRoute,,TAYLOR SOUTHGATE,BRG,,39.09675373,-84.50212653,22.65,12/7/2020 0:00,1418,2,2,0,0,O,CLOUDY,DRY,0,REAR END IN TRAFFIC LANES BOTH VEHICLES MOVING,REAR END,STRAIGHT & GRADE,DAYLIGHT,0,0,0,1
27679561,CAMPBELL,,OTHR,,MURNAN,RD,,38.99600844,-84.43986673,0.319,12/7/2020 0:00,1607,2,2,0,0,O,CLEAR,DRY,1,SIDESWIPE COLLISION - OPPOSITE DIRECTION,SIDESWIPE-OPPOSITE DIRECTION,STRAIGHT & LEVEL,DAYLIGHT,0,0,0,1
27541641,CAMPBELL,I 0471,Interstate,,I471 S,,,39.09699195,-84.48422538,4.302,12/7/2020 0:00,1733,2,2,0,0,O,CLEAR,DRY,0,SIDESWIPE COLLISION - SAME DIRECTION,SIDESWIPE-SAME DIRECTION,STRAIGHT & LEVEL,DARK-HWY LIGHTED/ON,0,0,0,1
27544092,CAMPBELL,I 0275,Interstate,,I275 E,,,39.02826356,-84.47213265,76.516,12/8/2020 0:00,712,2,2,0,0,O,CLOUDY,DRY,1,1 VEHICLE ENTERING/LEAVING ENTRANCE,ANGLE,CURVE & GRADE,DAWN,0,0,0,1
27541643,CAMPBELL,KY0008,StateRoute,,5TH,ST,W,39.09080921,-84.49714531,0.447,12/8/2020 0:00,815,2,2,0,0,O,CLEAR,DRY,0,1 VEHICLE ENTERING/LEAVING ENTRANCE,ANGLE,STRAIGHT & LEVEL,DAYLIGHT,0,0,0,1
27550710,CAMPBELL,,OTHR,,WATCH POINT,DR,,39.09582723,-84.4430997,0.066,12/8/2020 0:00,1751,2,2,0,0,O,CLEAR,DRY,0,SIDESWIPE COLLISION - OPPOSITE DIRECTION,SIDESWIPE-OPPOSITE DIRECTION,STRAIGHT & LEVEL,DARK-HWY NOT LIGHTED,0,0,0,1
27544090,CAMPBELL,I 0275,Interstate,,I275 E,,,39.03941062,-84.46986026,75.723,12/8/2020 0:00,1114,2,2,0,2,B,CLOUDY,DRY,0,OTHER ROADWAY OR MID-BLOCK COLLISION,REAR END,STRAIGHT & LEVEL,DAYLIGHT,0,0,0,1
27552007,CAMPBELL,US0027,USRoute,4011,ALEXANDRIA,PIKE,,39.0228241,-84.441129,15.488,12/8/2020 0:00,1858,2,2,0,0,O,CLEAR,DRY,0,REAR END IN TRAFFIC LANES BOTH VEHICLES MOVING,REAR END,STRAIGHT & LEVEL,DARK-HWY NOT LIGHTED,0,0,0,1
27545460,CAMPBELL,US0027,USRoute,,ALEXANDRIA,PIKE,,39.06972917,-84.46873808,19.906,12/8/2020 0:00,1234,2,2,0,0,O,CLOUDY,DRY,1,SIDESWIPE COLLISION - SAME DIRECTION,SIDESWIPE-SAME DIRECTION,STRAIGHT & GRADE,DAYLIGHT,0,0,0,1
27554852,CAMPBELL,US0027,USRoute,,ALEXANDRIA,PIKE,,38.86689573,-84.39404145,3.584,12/8/2020 0:00,1900,1,1,0,0,O,CLEAR,DRY,0,COLLISION WITH ANIMAL NON INTERSECTION,SINGLE VEHICLE,STRAIGHT & LEVEL,DARK-HWY NOT LIGHTED,0,0,0,1
27542253,CAMPBELL,KY0009,StateRoute,,AA,HWY,,39.00318694,-84.43601119,14.705,12/8/2020 0:00,605,1,1,0,0,O,CLEAR,DRY,0,COLLISION WITH ANIMAL NON INTERSECTION,SINGLE VEHICLE,STRAIGHT & LEVEL,DARK-HWY LIGHTED/ON,0,0,0,1
27540402,CAMPBELL,KY0008,StateRoute,,MARY INGLES,HWY,,39.03090439,-84.37170834,11.858,12/8/2020 0:00,119,1,1,0,0,O,CLEAR,DRY,0,COLLISION WITH ANIMAL NON INTERSECTION,SINGLE VEHICLE,STRAIGHT & LEVEL,DARK-HWY NOT LIGHTED,0,0,0,1
27549231,CAMPBELL,I 0275,Interstate,,,,,39.05103539,-84.46593095,0.692,12/9/2020 0:00,2200,1,1,0,0,O,CLEAR,DRY,0,OTHER RAMP RELATED COLLISIONS NOT LISTED ABOVE,SINGLE VEHICLE,CURVE & GRADE,DARK-HWY LIGHTED/ON,0,0,0,1
27547896,CAMPBELL,,OTHR,100,3RD,ST,W,39.09194305,-84.50022782,0.722,12/9/2020 0:00,1502,3,1,0,1,B,CLEAR,DRY,1,COLLISION WITH BICYCLIST NON INTERSECTION,SINGLE VEHICLE,STRAIGHT & LEVEL,DAYLIGHT,0,1,0,0
27554917,CAMPBELL,,OTHR,,ROSSFORD,AVE,,39.10016801,-84.46344037,0.08,12/9/2020 0:00,1030,2,2,0,0,O,CLOUDY,DRY,0,1 VEHICLE PARKED POSITION (NOT PARKING LOT/DRIVEWAY),SIDESWIPE-SAME DIRECTION,STRAIGHT & GRADE,DAYLIGHT,0,0,0,1
27552009,CAMPBELL,US0027,USRoute,,ALEXANDRIA,PIKE,,39.02896645,-84.45045143,16.145,12/9/2020 0:00,1100,2,2,0,0,O,CLEAR,DRY,0,REAR END IN TRAFFIC LANES BOTH VEHICLES MOVING,REAR END,STRAIGHT & LEVEL,DAYLIGHT,0,0,0,1
27549290,CAMPBELL,KY1120,StateRoute,300 BLOCK,11TH,ST,W,39.08217521,-84.49463651,0.333,12/9/2020 0:00,1650,2,2,0,0,O,CLEAR,DRY,0,OTHER ROADWAY OR MID-BLOCK COLLISION,REAR END,STRAIGHT & LEVEL,DAYLIGHT,0,0,0,1
27550607,CAMPBELL,I 0275,Interstate,,I275 E,,,39.03609872,-84.47018703,75.956,12/9/2020 0:00,1045,2,2,0,0,O,CLEAR,DRY,0,OTHER ROADWAY OR MID-BLOCK COLLISION,REAR END,STRAIGHT & GRADE,DAYLIGHT,0,0,0,1
27552008,CAMPBELL,US0027,USRoute,,ALEXANDRIA,PIKE,,39.02820385,-84.44999913,16.09,12/9/2020 0:00,1048,2,2,0,0,O,CLEAR,DRY,0,SIDESWIPE COLLISION - SAME DIRECTION,SIDESWIPE-SAME DIRECTION,STRAIGHT & LEVEL,DAYLIGHT,0,0,0,1
27554858,CAMPBELL,KY0824,StateRoute,,RACE TRACK,RD,,38.89239536,-84.36971374,1.174,12/10/2020 0:00,2353,1,1,0,0,O,CLEAR,DRY,0,COLLISION WITH ANIMAL NON INTERSECTION,SINGLE VEHICLE,STRAIGHT & GRADE,DARK-HWY NOT LIGHTED,0,0,0,1
27551259,CAMPBELL,,OTHR,119,MAIN,ST,,39.08025069,-84.4875179,0.339,12/10/2020 0:00,1208,2,2,0,0,O,CLEAR,DRY,0,1 VEHICLE PARKED POSITION (NOT PARKING LOT/DRIVEWAY),SIDESWIPE-SAME DIRECTION,STRAIGHT & GRADE,DAYLIGHT,0,0,0,1
27558924,CAMPBELL,,OTHR,,MARSHALL,LN,,39.03369731,-84.45336998,0.009,12/10/2020 0:00,1249,2,1,0,1,A,CLEAR,DRY,0,COLLISION WITH PEDESTRIAN IN INTERSECTION,SINGLE VEHICLE,STRAIGHT & GRADE,DAYLIGHT,1,0,1,0
27563503,CAMPBELL,KY0010,StateRoute,,MAIN,ST,E,38.95240468,-84.37300585,2.664,12/10/2020 0:00,1106,1,1,0,0,O,CLEAR,DRY,0,COLLISION WITH ANIMAL NON INTERSECTION,SINGLE VEHICLE,CURVE & GRADE,DAYLIGHT,0,0,0,1
27558900,CAMPBELL,I 0275,Interstate,,I275 E,,,39.02591888,-84.47635929,76.783,12/10/2020 0:00,2121,2,2,0,2,C,CLEAR,DRY,0,OTHER ROADWAY OR MID-BLOCK COLLISION,REAR END,STRAIGHT & GRADE,DARK-HWY LIGHTED/ON,0,0,0,1
27593729,CAMPBELL,KY0008,StateRoute,121,6TH,AVE,,39.10967693,-84.47912002,2.192,12/11/2020 0:00,1442,3,3,0,0,O,CLEAR,DRY,0,OTHER ROADWAY OR MID-BLOCK COLLISION,REAR END,STRAIGHT & LEVEL,DAYLIGHT,0,0,0,1
27568706,CAMPBELL,,OTHR,317,13TH,ST,W,39.07979438,-84.4923278,0.445,12/11/2020 0:00,1600,1,1,0,0,O,CLOUDY,DRY,0,OTHER ROADWAY OR MID-BLOCK COLLISION,SINGLE VEHICLE,STRAIGHT & LEVEL,DAYLIGHT,0,0,0,1
27554913,CAMPBELL,I 0275,Interstate,,I275 W,,,39.05183528,-84.44318194,73.967,12/11/2020 0:00,618,2,2,0,0,O,CLEAR,DRY,1,SIDESWIPE COLLISION - SAME DIRECTION,SIDESWIPE-SAME DIRECTION,STRAIGHT & GRADE,DARK-HWY LIGHTED/ON,0,0,0,1
27586403,CAMPBELL,I 0471,Interstate,,I471 S,,,39.0727682,-84.46422787,2.197,12/11/2020 0:00,1238,2,2,0,0,O,CLEAR,DRY,0,HEAD-ON COLLISION,HEAD ON,CURVE & LEVEL,DAYLIGHT,0,0,0,1
27558917,CAMPBELL,I 0275,Interstate,,I275 W,,,39.05776771,-84.4297296,73.135,12/11/2020 0:00,1433,2,2,0,0,O,CLEAR,DRY,0,REAR END IN TRAFFIC LANES BOTH VEHICLES MOVING,REAR END,STRAIGHT & LEVEL,DAYLIGHT,0,0,0,1
27557221,CAMPBELL,KY0009,StateRoute,401,CENTRAL,AVE,,39.09058716,-84.49880431,23.053,12/11/2020 0:00,2349,2,2,0,0,O,CLEAR,DRY,0,REAR END IN TRAFFIC LANES BOTH VEHICLES MOVING,REAR END,STRAIGHT & LEVEL,DARK-HWY LIGHTED/ON,0,0,0,1
27555477,CAMPBELL,,OTHR,2115,LINDEN,RD,,39.07843823,-84.47706266,0.032,12/11/2020 0:00,1219,2,2,0,0,O,CLOUDY,DRY,0,1 VEHICLE PARKED POSITION (NOT PARKING LOT/DRIVEWAY),SIDESWIPE-SAME DIRECTION,STRAIGHT & GRADE,DAYLIGHT,0,0,0,1
27565901,CAMPBELL,,OTHR,,BOSS DUNNAWAY,RD,,38.82422171,-84.36489464,0.011,12/11/2020 0:00,1550,2,2,0,0,O,CLEAR,DRY,0,VEHICLE BACKING IN INTERSECTION,BACKING,STRAIGHT & LEVEL,DAYLIGHT,1,0,0,1
27555479,CAMPBELL,,OTHR,,NEWPORT PAVILION,,,39.0926734,-84.48060242,0.004,12/11/2020 0:00,1237,2,2,0,0,O,CLEAR,DRY,0,REAR END - ONE VEHICLE TURNING RIGHT,REAR END,STRAIGHT & LEVEL,DAYLIGHT,0,0,0,1
27562779,CAMPBELL,I 0471,Interstate,,I471 S,,,39.0623488,-84.4686627,1.408,12/11/2020 0:00,1715,1,1,0,0,O,CLOUDY,DRY,0,RAN OFF ROADWAY (1 VEHICLE WITH/EARTH EMBANKMENT/DITCH),SINGLE VEHICLE,STRAIGHT & LEVEL,DAYLIGHT,0,0,0,1
27580173,CAMPBELL,,OTHR,3,APPLE BLOSSOM,LN,,38.96347687,-84.38096085,0.025,12/12/2020 0:00,1844,2,2,0,0,O,CLEAR,DRY,0,1 VEHICLE PARKED POSITION (NOT PARKING LOT/DRIVEWAY),REAR END,STRAIGHT & LEVEL,DARK-HWY LIGHTED/ON,0,0,0,1
27558827,CAMPBELL,KY1120,StateRoute,,MEMORIAL,PKWY,,39.09263512,-84.47847744,1.496,12/12/2020 0:00,1750,2,2,0,0,O,CLEAR,DRY,0,OTHER INTERSECTION COLLISIONS,REAR END,STRAIGHT & LEVEL,DARK-HWY LIGHTED/ON,1,0,0,1
27597364,CAMPBELL,KY0008,StateRoute,,FAIRFIELD,AVE,,39.10226749,-84.48813424,1.489,12/12/2020 0:00,910,2,2,0,0,O,RAINING,WET,0,REAR END IN TRAFFIC LANES BOTH VEHICLES MOVING,REAR END,STRAIGHT & GRADE,DAYLIGHT,0,0,0,1
27567296,CAMPBELL,I 0275,Interstate,,I275 E,,,39.0569898,-84.43071991,,12/12/2020 0:00,2118,3,3,0,1,C,CLEAR,DRY,1,REAR END IN TRAFFIC LANES BOTH VEHICLES MOVING,REAR END,STRAIGHT & LEVEL,DARK-HWY LIGHTED/ON,0,0,0,1
27569378,CAMPBELL,I 0275,Interstate,,I275 E,,,39.03326894,-84.47013311,76.16,12/12/2020 0:00,1800,2,2,0,0,O,CLEAR,DRY,0,REAR END IN TRAFFIC LANES BOTH VEHICLES MOVING,REAR END,STRAIGHT & LEVEL,DARK-HWY LIGHTED/ON,0,0,0,1
27559634,CAMPBELL,I 0471,Interstate,,I471 N,,,39.10038422,-84.49414351,4.895,12/12/2020 0:00,1740,2,2,0,0,O,CLEAR,DRY,0,REAR END IN TRAFFIC LANES BOTH VEHICLES MOVING,REAR END,STRAIGHT & HILLCREST,DAYLIGHT,0,0,0,1
27569377,CAMPBELL,I 0275,Interstate,,I275 E,,,39.03425177,-84.47031932,76.089,12/12/2020 0:00,1145,2,2,0,0,O,CLEAR,DRY,0,OTHER ROADWAY OR MID-BLOCK COLLISION,REAR END,STRAIGHT & LEVEL,DAYLIGHT,0,0,0,1
27560245,CAMPBELL,KY0915,StateRoute,,CAMEL CROSSING,XING,,38.92066587,-84.39263985,,12/12/2020 0:00,1100,2,2,0,0,O,CLOUDY,DRY,0,1 VEHICLE ENTERING/LEAVING ENTRANCE,ANGLE,CURVE & GRADE,DAYLIGHT,0,0,0,1
29422906,CAMPBELL,I 0471,Interstate,,I471 S,,,39.05583783,-84.46973785,0.926,12/13/2020 0:00,1857,1,1,0,0,O,CLOUDY,DRY,0,COLLISION WITH FIXED OBJECT NON - INTERSECTION - FIRST EVENT COLLISION 09 - 32 EXCLUDING 16,SINGLE VEHICLE,STRAIGHT & LEVEL,DARK-HWY LIGHTED/ON,0,0,0,1
27561399,CAMPBELL,KY1892,StateRoute,,GRAND,AVE,,39.08192471,-84.46984922,1.621,12/13/2020 0:00,620,1,1,0,0,O,CLOUDY,DRY,0,COLLISION WITH FIXED OBJECT NON - INTERSECTION - FIRST EVENT COLLISION 09 - 32 EXCLUDING 16,SINGLE VEHICLE,STRAIGHT & LEVEL,DARK-HWY LIGHTED/ON,0,0,0,1
27567700,CAMPBELL,I 0471,Interstate,,I471 S,,,39.06281612,-84.46833581,1.448,12/14/2020 0:00,1130,2,2,0,0,O,CLOUDY,DRY,0,SIDESWIPE COLLISION - SAME DIRECTION,SIDESWIPE-SAME DIRECTION,STRAIGHT & LEVEL,DAYLIGHT,0,0,0,1
27586986,CAMPBELL,I 0275,Interstate,,I275 E,,,39.03222651,-84.47042042,76.234,12/14/2020 0:00,1859,2,2,0,0,O,CLOUDY,DRY,0,SIDESWIPE COLLISION - SAME DIRECTION,SIDESWIPE-SAME DIRECTION,STRAIGHT & HILLCREST,DARK-HWY LIGHTED/ON,0,0,0,1
27567246,CAMPBELL,US0027,USRoute,1742,MONMOUTH,ST,,39.08212549,-84.48213452,21.056,12/14/2020 0:00,2143,2,2,0,1,B,CLEAR,DRY,0,OTHER ROADWAY OR MID-BLOCK COLLISION,OPPOSING LEFT TURN,STRAIGHT & GRADE,DARK-HWY LIGHTED/ON,0,0,0,1
27568141,CAMPBELL,,OTHR,,HIGHLAND,AVE,,39.0756375,-84.46251657,0.52,12/14/2020 0:00,1049,2,2,0,0,O,CLEAR,DRY,0,OTHER ROADWAY OR MID-BLOCK COLLISION,OPPOSING LEFT TURN,STRAIGHT & LEVEL,DAYLIGHT,0,0,0,1
27565899,CAMPBELL,I 0275,Interstate,,I275 E,,,39.04358626,-84.46757826,75.405,12/14/2020 0:00,1420,2,2,0,0,O,CLOUDY,DRY,0,REAR END IN TRAFFIC LANES BOTH VEHICLES MOVING,REAR END,CURVE & GRADE,DAYLIGHT,0,0,0,1
27566618,CAMPBELL,KY0009,StateRoute,,AA,HWY,,38.86937008,-84.26108446,0.524,12/14/2020 0:00,1749,2,2,0,0,O,CLEAR,DRY,0,REAR END IN TRAFFIC LANES BOTH VEHICLES MOVING,REAR END,CURVE & LEVEL,DARK-HWY NOT LIGHTED,0,0,0,1
27576991,CAMPBELL,I 0275,Interstate,,I275 E,,,39.02562263,-84.47676429,76.813,12/14/2020 0:00,1350,3,3,0,0,O,CLOUDY,DRY,0,REAR END IN TRAFFIC LANES BOTH VEHICLES MOVING,REAR END,STRAIGHT & LEVEL,DAYLIGHT,0,0,0,1
27566619,CAMPBELL,KY0547,StateRoute,,FOUR MILE,RD,,39.01140663,-84.37038684,4.319,12/14/2020 0:00,1735,2,2,0,0,O,CLEAR,DRY,1,OPPOSITE DIRECTION - BOTH VEHICLES GOING STRAIGHT AHEAD,SIDESWIPE-OPPOSITE DIRECTION,STRAIGHT & LEVEL,DUSK,0,0,0,1
27565944,CAMPBELL,US0027,USRoute,,MONMOUTH,ST,,39.08384383,-84.48382936,21.209,12/14/2020 0:00,1606,2,2,0,0,O,CLEAR,DRY,0,OTHER INTERSECTION COLLISIONS,REAR END,STRAIGHT & LEVEL,DAYLIGHT,1,0,0,1
27573145,CAMPBELL,KY0009,StateRoute,402,LICKING,PIKE,,39.0585294,-84.48654455,20.425,12/14/2020 0:00,1321,1,1,0,0,O,CLOUDY,DRY,0,COLLISION WITH ANIMAL NON INTERSECTION,SINGLE VEHICLE,STRAIGHT & LEVEL,DAYLIGHT,0,0,0,1
27583904,CAMPBELL,US0027,USRoute,,YORK,ST,,39.08618419,-84.49067736,21.707,12/15/2020 0:00,1306,2,2,0,0,O,CLEAR,DRY,0,SIDESWIPE-SAME DIRECTION,SIDESWIPE-SAME DIRECTION,STRAIGHT & LEVEL,DAYLIGHT,0,0,0,1
27597360,CAMPBELL,,OTHR,,TAYLOR,AVE,,39.10577228,-84.48389074,0.118,12/15/2020 0:00,848,2,2,0,0,O,CLEAR,DRY,0,ANGLE COLLISION - OTHER,ANGLE,STRAIGHT & GRADE,DAYLIGHT,0,0,0,1
27571524,CAMPBELL,,OTHR,487,JOANN,LN,,38.93612963,-84.4375395,0.34,12/15/2020 0:00,1606,1,1,0,0,O,CLOUDY,DRY,0,COLLISION WITH FIXED OBJECT NON - INTERSECTION - FIRST EVENT COLLISION 09 - 32 EXCLUDING 16,SINGLE VEHICLE,STRAIGHT & LEVEL,DAYLIGHT,0,0,0,1
27575728,CAMPBELL,US0027,USRoute,7630,ALEXANDRIA,PIKE,,38.97776582,-84.3931914,11.45,12/15/2020 0:00,1215,2,2,0,0,O,CLOUDY,DRY,0,REAR END IN TRAFFIC LANES BOTH VEHICLES MOVING,REAR END,STRAIGHT & LEVEL,DAYLIGHT,0,0,0,1
27571030,CAMPBELL,I 0471,Interstate,,I471 N,,,39.10103662,-84.49550107,4.981,12/15/2020 0:00,1851,2,2,0,0,O,CLEAR,DRY,0,REAR END IN TRAFFIC LANES BOTH VEHICLES MOVING,REAR END,STRAIGHT & GRADE,DARK-HWY LIGHTED/ON,0,0,0,1
27571031,CAMPBELL,I 0471,Interstate,,I471 N,,,39.10011377,-84.49369125,4.864,12/15/2020 0:00,1911,2,2,0,0,O,CLEAR,DRY,0,REAR END IN TRAFFIC LANES BOTH VEHICLES MOVING,REAR END,STRAIGHT & GRADE,DARK-HWY LIGHTED/ON,0,0,0,1
27573142,CAMPBELL,KY0009,StateRoute,,AA,HWY,,39.01803203,-84.48004059,17.383,12/15/2020 0:00,925,2,2,0,2,B,CLEAR,DRY,0,1 VEHICLE ENTERING/LEAVING ENTRANCE,ANGLE,STRAIGHT & LEVEL,DAYLIGHT,0,0,0,1
27569351,CAMPBELL,,OTHR,100,NEWPORT PAVILION,,,39.09169598,-84.47891436,0.123,12/15/2020 0:00,1223,2,2,0,0,O,CLEAR,DRY,0,OTHER ROADWAY OR MID-BLOCK COLLISION,REAR END,STRAIGHT & LEVEL,DAYLIGHT,0,0,0,1
27569379,CAMPBELL,I 0275,Interstate,,I275 E,,,39.04373182,-84.4673461,75.389,12/15/2020 0:00,820,2,2,0,0,O,CLOUDY,DRY,1,SIDESWIPE COLLISION - SAME DIRECTION,SIDESWIPE-SAME DIRECTION,STRAIGHT & GRADE,DAYLIGHT,0,0,0,1
27570258,CAMPBELL,KY1892,StateRoute,,CAROTHERS,RD,,39.08637136,-84.47724122,2.152,12/15/2020 0:00,1129,2,2,0,0,O,CLOUDY,DRY,0,OTHER ROADWAY OR MID-BLOCK COLLISION,REAR TO REAR,CURVE & GRADE,DAYLIGHT,0,0,0,1
27576835,CAMPBELL,I 0275,Interstate,,I275 E,,,39.04375231,-84.46746447,75.367,12/15/2020 0:00,1456,2,2,0,0,O,CLEAR,DRY,0,OTHER ROADWAY OR MID-BLOCK COLLISION,REAR END,STRAIGHT & LEVEL,DAYLIGHT,0,0,0,1
27576844,CAMPBELL,I 0275,Interstate,,I275 E,,,39.03616624,-84.47009804,75.95,12/15/2020 0:00,1112,2,2,0,0,O,CLEAR,DRY,0,OTHER ROADWAY OR MID-BLOCK COLLISION,REAR END,STRAIGHT & LEVEL,DAYLIGHT,0,0,0,1
27571504,CAMPBELL,KY1120,StateRoute,100,11TH,ST,W,39.08401563,-84.49138587,0.523,12/15/2020 0:00,1746,2,2,0,0,O,CLEAR,DRY,0,OTHER ROADWAY OR MID-BLOCK COLLISION,REAR END,STRAIGHT & LEVEL,DARK (UNKNOWN ROADWAY LIGHTING),0,0,0,1
27571029,CAMPBELL,I 0471,Interstate,,,,,39.08541352,-84.47462557,0.216,12/15/2020 0:00,1820,2,2,0,0,O,CLEAR,DRY,0,OTHER RAMP RELATED COLLISIONS NOT LISTED ABOVE,REAR END,CURVE & GRADE,DARK-HWY LIGHTED/ON,0,0,0,1
27573139,CAMPBELL,,OTHR,,TOWN,DR,,39.01772233,-84.48181974,0.099,12/16/2020 0:00,910,2,2,0,0,O,"SLEET, HAIL, FREEZING RAIN",WET,0,SIDESWIPE COLLISION - OPPOSITE DIRECTION,SIDESWIPE-OPPOSITE DIRECTION,CURVE & GRADE,DAYLIGHT,0,0,0,1
27583905,CAMPBELL,I 0471,Interstate,,I471 N,,,39.09876962,-84.49104581,4.667,12/16/2020 0:00,1557,3,3,0,2,C,CLOUDY,WET,0,1 VEHICLE ENTERING/LEAVING ENTRANCE,ANGLE,STRAIGHT & LEVEL,DAYLIGHT,0,0,0,1
27647076,CAMPBELL,,OTHR,,NEWPORT PAVILION,,,39.0866156,-84.47714685,0.582,12/16/2020 0:00,1755,2,2,0,0,O,CLEAR,DRY,0,1 VEHICLE ENTERING/LEAVING ENTRANCE,ANGLE,STRAIGHT & LEVEL,DARK-HWY LIGHTED/ON,0,0,0,1
27575508,CAMPBELL,I 0471,Interstate,,I471 N,,,39.07712337,-84.46929128,2.648,12/16/2020 0:00,1819,2,2,0,0,O,"SLEET, HAIL, FREEZING RAIN",WET,0,SIDESWIPE COLLISION - SAME DIRECTION,SIDESWIPE-SAME DIRECTION,STRAIGHT & GRADE,DARK-HWY LIGHTED/ON,0,0,0,1
27608902,CAMPBELL,,OTHR,,POPLAR RIDGE,RD,,38.98157515,-84.37429164,0.992,12/16/2020 0:00,1330,2,2,0,0,O,CLOUDY,WET,0,REAR END IN TRAFFIC LANES BOTH VEHICLES MOVING,REAR END,STRAIGHT & GRADE,DAYLIGHT,0,0,0,1
27584028,CAMPBELL,KY0536,StateRoute,,CREEKTRACE,RD,,38.92762721,-84.43154176,1.089,12/16/2020 0:00,545,1,1,0,0,O,SNOWING,ICE,0,COLLISION WITH FIXED OBJECT NON - INTERSECTION - FIRST EVENT COLLISION 09 - 32 EXCLUDING 16,SINGLE VEHICLE,CURVE & LEVEL,DARK-HWY NOT LIGHTED,0,0,0,1
27575509,CAMPBELL,,OTHR,,FT THOMAS,AVE,N,39.09126653,-84.44736901,0.563,12/16/2020 0:00,1302,2,2,0,0,O,SNOWING,WET,0,1 VEHICLE PARKED POSITION (NOT PARKING LOT/DRIVEWAY),SIDESWIPE-SAME DIRECTION,CURVE & LEVEL,DAYLIGHT,0,0,0,1
27577310,CAMPBELL,KY1892,StateRoute,,CAROTHERS,RD,,39.08637446,-84.4772384,2.152,12/16/2020 0:00,915,2,2,0,0,O,SNOWING,WET,0,ANGLE COLLISION - ONE VEHICLE TURNING LEFT,ANGLE,STRAIGHT & GRADE,DAYLIGHT,0,0,0,1
27581093,CAMPBELL,US0027,USRoute,,ALEXANDRIA,PIKE,,38.97187452,-84.39218274,11.036,12/16/2020 0:00,645,2,2,0,0,O,SNOWING,SNOW/SLUSH,0,SIDESWIPE-SAME DIRECTION,SIDESWIPE-SAME DIRECTION,STRAIGHT & LEVEL,DARK (UNKNOWN ROADWAY LIGHTING),0,0,0,1
27586122,CAMPBELL,US0027,USRoute,,MONMOUTH,ST,,39.08504702,-84.48614383,21.36,12/16/2020 0:00,1714,2,2,0,0,O,CLOUDY,DRY,0,OTHER INTERSECTION COLLISIONS,REAR END,STRAIGHT & GRADE,DUSK,1,0,0,1