IncidentID,County,RdwyNumber,RdwyType,Street,RoadwayName,StreetSfx,StreetDir,Latitude,Longitude,Milepoint,CollisionDate,CollisionTime,UnitsInvolved,MotorVehiclesInvolved,NumberKilled,NumberInjured,KABCO,Weather,RdwyConditionCode,HitandRun,DirAnalysisCode,MannerofCollision,RdwyCharacter,LightCondition,Intersection Crash,Bicyclist,Pedestrian,Motor Vehicles
27571614,CAMPBELL,I 0275,Interstate,,I275 W,,,39.04849844,-84.45152396,74.472,12/16/2020 0:00,311,1,1,0,0,O,CLOUDY,DRY,0,COLLISION WITH ANIMAL NON INTERSECTION,SINGLE VEHICLE,STRAIGHT & GRADE,DARK-HWY LIGHTED/ON,0,0,0,1
27580644,CAMPBELL,,OTHR,,BRENTWOOD HILLS,DR,,39.0543064,-84.48069605,0.086,12/17/2020 0:00,2313,1,1,0,0,O,BLOWING SAND/SOIL/DIRT/SNOW,WET,0,COLLISION WITH FIXED OBJECT NON - INTERSECTION - FIRST EVENT COLLISION 09 - 32 EXCLUDING 16,SINGLE VEHICLE,STRAIGHT & HILLCREST,DARK-HWY LIGHTED/ON,0,0,0,1
27588625,CAMPBELL,KY2345,StateRoute,,JOHNS HILL,RD,,39.03059794,-84.47090792,1.304,12/17/2020 0:00,2225,1,1,0,0,O,SNOWING,ICE,0,COLLISION WITH FIXED OBJECT NON - INTERSECTION - FIRST EVENT COLLISION 09 - 32 EXCLUDING 16,SINGLE VEHICLE,CURVE & LEVEL,DARK-HWY NOT LIGHTED,0,0,0,1
27633263,CAMPBELL,,OTHR,,NEWPORT PAVILION,,,39.08714375,-84.47697199,0.545,12/17/2020 0:00,1524,2,2,0,0,O,CLEAR,DRY,0,1 VEHICLE ENTERING/LEAVING ENTRANCE,ANGLE,CURVE & LEVEL,DAYLIGHT,0,0,0,1
27588768,CAMPBELL,,OTHR,,POPLAR RIDGE,RD,,38.97367164,-84.39183049,0.023,12/17/2020 0:00,1433,2,2,0,0,O,CLOUDY,DRY,0,1 VEHICLE ENTERING/LEAVING ENTRANCE,ANGLE,STRAIGHT & LEVEL,DAYLIGHT,0,0,0,1
27576846,CAMPBELL,I 0275,Interstate,,I275 E,,,39.03446031,-84.47031141,76.044,12/17/2020 0:00,752,2,2,0,0,O,CLOUDY,DRY,0,OTHER ROADWAY OR MID-BLOCK COLLISION,REAR END,STRAIGHT & LEVEL,DAWN,0,0,0,1
27581428,CAMPBELL,US0027,USRoute,1301,MONMOUTH,ST,,39.08416912,-84.484662,21.253,12/17/2020 0:00,1736,2,2,0,0,O,CLOUDY,DRY,0,OTHER ROADWAY OR MID-BLOCK COLLISION,OPPOSING LEFT TURN,STRAIGHT & GRADE,DARK-HWY LIGHTED/OFF,0,0,0,1
27581890,CAMPBELL,KY0008,StateRoute,,4TH,ST,W,39.08915906,-84.50130708,0.221,12/17/2020 0:00,1952,2,2,0,0,O,CLEAR,DRY,1,SIDESWIPE COLLISION - SAME DIRECTION,SIDESWIPE-SAME DIRECTION,CURVE & LEVEL,DARK-HWY LIGHTED/ON,0,0,0,1
27578197,CAMPBELL,KY1892,StateRoute,75,CAROTHERS,RD,,39.0850926,-84.48066695,2.368,12/17/2020 0:00,1908,2,2,0,0,O,CLEAR,WET,0,SIDESWIPE COLLISION - SAME DIRECTION,SIDESWIPE-SAME DIRECTION,STRAIGHT & GRADE,DARK-HWY LIGHTED/ON,0,0,0,1
27581153,CAMPBELL,KY0009,StateRoute,,AA,HWY,,39.00980403,-84.46890974,16.53,12/17/2020 0:00,1918,4,4,0,0,O,CLOUDY,WET,0,OTHER ROADWAY OR MID-BLOCK COLLISION,REAR END,STRAIGHT & LEVEL,DARK-HWY LIGHTED/OFF,0,0,0,1
27635109,CAMPBELL,,OTHR,3125,CALIFORNIA,XRD,,38.90412728,-84.28871176,0.833,12/18/2020 0:00,2154,2,2,0,0,O,CLEAR,DRY,0,1 VEHICLE ENTERING/LEAVING ENTRANCE,ANGLE,STRAIGHT & LEVEL,DARK-HWY LIGHTED/ON,0,0,0,1
27581934,CAMPBELL,,OTHR,,3RD,ST,W,39.09317335,-84.49721737,0.007,12/18/2020 0:00,1835,2,2,0,0,O,CLEAR,DRY,0,SIDESWIPE COLLISION - SAME DIRECTION,SIDESWIPE-SAME DIRECTION,CURVE & LEVEL,DARK-HWY LIGHTED/ON,0,0,0,1
27617271,CAMPBELL,,OTHR,,TAYLOR / SOUTHGATE BRIDGE,,,39.08599222,-84.48558446,,12/18/2020 0:00,1717,2,2,0,0,O,RAINING,WET,0,REAR END IN TRAFFIC LANES BOTH VEHICLES MOVING,REAR END,STRAIGHT & LEVEL,DARK-HWY LIGHTED/ON,0,0,0,1
27588329,CAMPBELL,US0027,USRoute,,ALEXANDRIA,PIKE,,38.94520481,-84.39377979,9.182,12/18/2020 0:00,1915,2,2,0,0,O,CLEAR,DRY,0,ANGLE COLLISION - OTHER,ANGLE,STRAIGHT & LEVEL,DARK-HWY LIGHTED/ON,0,0,0,1
27592974,CAMPBELL,KY2345,StateRoute,,MARTHA L COLLINS,BLVD,,39.02656695,-84.45358301,0.225,12/18/2020 0:00,2315,2,2,0,0,O,CLEAR,DRY,1,1 VEHICLE PARKED POSITION (NOT PARKING LOT/DRIVEWAY),BACKING,STRAIGHT & LEVEL,DARK-HWY LIGHTED/ON,0,0,0,1
27581425,CAMPBELL,,OTHR,738,ANN,ST,,39.08825731,-84.49564213,0.04,12/18/2020 0:00,1548,2,2,0,0,O,CLEAR,DRY,0,1 VEHICLE PARKED POSITION (NOT PARKING LOT/DRIVEWAY),SIDESWIPE-SAME DIRECTION,STRAIGHT & LEVEL,DAYLIGHT,0,0,0,1
27582992,CAMPBELL,KY0915,StateRoute,7683,LICKING,PIKE,,38.98782882,-84.42091889,6.125,12/18/2020 0:00,2307,1,1,0,0,O,CLEAR,DRY,0,COLLISION WITH FIXED OBJECT NON - INTERSECTION - FIRST EVENT COLLISION 09 - 32 EXCLUDING 16,SINGLE VEHICLE,CURVE & LEVEL,DARK-HWY NOT LIGHTED,0,0,0,1
27582751,CAMPBELL,US0027,USRoute,2124,MONMOUTH,ST,,39.07768609,-84.47919412,20.711,12/18/2020 0:00,2023,1,1,0,0,O,CLEAR,DRY,0,COLLISION WITH ANIMAL NON INTERSECTION,SINGLE VEHICLE,STRAIGHT & HILLCREST,DARK-HWY LIGHTED/ON,0,0,0,1
27602747,CAMPBELL,,OTHR,,POPLAR RIDGE,RD,,38.98558113,-84.37518099,0.71,12/19/2020 0:00,839,1,1,0,0,O,CLEAR,DRY,0,COLLISION WITH FIXED OBJECT NON - INTERSECTION - FIRST EVENT COLLISION 09 - 32 EXCLUDING 16,SINGLE VEHICLE,STRAIGHT & GRADE,DAYLIGHT,0,0,0,1
27586966,CAMPBELL,,OTHR,,7TH,ST,W,39.08704653,-84.49933734,0.345,12/19/2020 0:00,2240,2,2,0,0,O,RAINING,WET,1,1 VEHICLE PARKED POSITION (NOT PARKING LOT/DRIVEWAY),REAR END,STRAIGHT & LEVEL,DARK-HWY LIGHTED/ON,0,0,0,1
27584651,CAMPBELL,,OTHR,,NEW LINDEN,RD,,39.07884679,-84.47895057,0.089,12/19/2020 0:00,1400,2,2,0,0,O,,,1,1 VEHICLE PARKED POSITION (NOT PARKING LOT/DRIVEWAY),,,,0,0,0,1
27587398,CAMPBELL,KY0009,StateRoute,,AA,HWY,,38.95228118,-84.33673851,7.963,12/19/2020 0:00,2100,1,1,0,0,O,RAINING,WET,0,COLLISION WITH FIXED OBJECT IN INTERSECTION - FIRST EVENT COLLISION 09 - 32,SINGLE VEHICLE,STRAIGHT & GRADE,DARK-HWY NOT LIGHTED,1,0,0,1
27584653,CAMPBELL,US0027,USRoute,,YORK,ST,,39.08956619,-84.49377092,21.992,12/19/2020 0:00,2106,2,1,0,1,B,RAINING,WET,1,OTHER INTERSECTION COLLISIONS,SINGLE VEHICLE,STRAIGHT & GRADE,DARK-HWY LIGHTED/ON,1,0,0,1
27585303,CAMPBELL,,OTHR,,4TH,ST,E,39.09307026,-84.49479093,0.464,12/19/2020 0:00,2201,2,2,0,0,O,RAINING,WET,0,SIDESWIPE-SAME DIRECTION,SIDESWIPE-SAME DIRECTION,STRAIGHT & LEVEL,DARK-HWY LIGHTED/ON,0,0,0,1
27586987,CAMPBELL,KY0009,StateRoute,,LICKING,PIKE,,39.02227402,-84.48099928,17.707,12/19/2020 0:00,1757,3,3,0,0,O,CLOUDY,DRY,0,REAR END IN TRAFFIC LANES BOTH VEHICLES MOVING,REAR END,STRAIGHT & LEVEL,DARK-HWY LIGHTED/ON,0,0,0,1
27598337,CAMPBELL,I 0275,Interstate,,I275 E,,,39.03364441,-84.4703403,76.134,12/19/2020 0:00,1800,2,2,0,0,O,CLOUDY,WET,0,SIDESWIPE COLLISION - SAME DIRECTION,SIDESWIPE-SAME DIRECTION,STRAIGHT & GRADE,DARK-HWY LIGHTED/ON,0,0,0,1
27584736,CAMPBELL,I 0275,Interstate,,I275 E,,,39.05740905,-84.42971393,,12/19/2020 0:00,1832,2,2,0,0,O,RAINING,WET,0,SIDESWIPE COLLISION - SAME DIRECTION,SIDESWIPE-SAME DIRECTION,STRAIGHT & LEVEL,DARK-HWY LIGHTED/ON,0,0,0,1
27594185,CAMPBELL,,OTHR,,PAT FANNING,WAY,,38.98277593,-84.40002771,,12/19/2020 0:00,1158,2,2,0,0,O,CLOUDY,DRY,0,1 VEHICLE ENTERING/LEAVING ENTRANCE,ANGLE,STRAIGHT & LEVEL,DAYLIGHT,0,0,0,1
27672794,CAMPBELL,KY0009,StateRoute,,AA,HWY,,39.00220666,-84.42686071,14.205,12/19/2020 0:00,1149,2,2,0,0,O,CLOUDY,DRY,0,OTHER ROADWAY OR MID-BLOCK COLLISION,REAR END,STRAIGHT & LEVEL,DAYLIGHT,0,0,0,1
27592978,CAMPBELL,KY0009,StateRoute,,AA,HWY,,38.99963372,-84.40867262,13.179,12/19/2020 0:00,2050,2,2,0,0,O,RAINING,WET,0,1 VEHICLE ENTERING/LEAVING ENTRANCE,ANGLE,STRAIGHT & LEVEL,DARK-HWY LIGHTED/ON,0,0,0,1
27586215,CAMPBELL,I 0471,Interstate,,I471 N,,,39.09996521,-84.4934015,4.845,12/19/2020 0:00,1207,4,4,0,2,A,CLOUDY,DRY,0,OTHER ROADWAY OR MID-BLOCK COLLISION,REAR END,STRAIGHT & LEVEL,DAYLIGHT,0,0,0,1
27586405,CAMPBELL,KY1120,StateRoute,,FT THOMAS,AVE,S,39.0691669,-84.44763594,5.001,12/19/2020 0:00,946,2,2,0,0,O,CLEAR,DRY,0,OTHER ROADWAY OR MID-BLOCK COLLISION,OPPOSING LEFT TURN,STRAIGHT & LEVEL,DAYLIGHT,0,0,0,1
27588676,CAMPBELL,I 0471,Interstate,,I471 S,,,39.08471416,-84.4730104,3.233,12/20/2020 0:00,1825,2,2,0,0,O,CLEAR,DRY,1,SIDESWIPE COLLISION - SAME DIRECTION,SIDESWIPE-SAME DIRECTION,STRAIGHT & LEVEL,DARK-HWY LIGHTED/ON,0,0,0,1
28015598,CAMPBELL,I 0275,Interstate,,I275 E,,,39.03200172,-84.47051292,76.25,12/20/2020 0:00,1824,2,2,0,0,O,CLOUDY,DRY,0,REAR END IN TRAFFIC LANES BOTH VEHICLES MOVING,REAR END,STRAIGHT & LEVEL,DARK-HWY LIGHTED/ON,0,0,0,1
27618719,CAMPBELL,,OTHR,105,PARK,AVE,,39.09786734,-84.49269474,0.339,12/20/2020 0:00,2147,2,2,0,0,O,CLEAR,DRY,1,SIDESWIPE COLLISION - SAME DIRECTION,SIDESWIPE-SAME DIRECTION,STRAIGHT & GRADE,DARK (UNKNOWN ROADWAY LIGHTING),0,0,0,1
27586743,CAMPBELL,,OTHR,100,9TH,ST,E,39.08880918,-84.48933486,0.582,12/20/2020 0:00,1453,2,2,0,0,O,CLEAR,DRY,0,1 VEHICLE PARKED POSITION (NOT PARKING LOT/DRIVEWAY),SIDESWIPE-SAME DIRECTION,STRAIGHT & GRADE,DAYLIGHT,0,0,0,1
27646142,CAMPBELL,,OTHR,403,CLARK,ST,,39.10093028,-84.48358845,0.118,12/20/2020 0:00,2300,2,2,0,0,O,RAINING,DRY,1,1 VEHICLE PARKED POSITION (NOT PARKING LOT/DRIVEWAY),SIDESWIPE-SAME DIRECTION,CURVE & LEVEL,DARK (UNKNOWN ROADWAY LIGHTING),0,0,0,1
27591718,CAMPBELL,KY1632,StateRoute,,MOOCK,RD,,39.0553908,-84.48141802,0.355,12/20/2020 0:00,1608,2,2,0,0,O,CLEAR,DRY,0,REAR END IN TRAFFIC LANES BOTH VEHICLES MOVING,REAR END,STRAIGHT & LEVEL,DAYLIGHT,0,0,0,1
27586969,CAMPBELL,US0027,USRoute,,MONMOUTH,ST,,39.08614569,-84.48749327,21.462,12/20/2020 0:00,2055,2,2,0,0,O,CLEAR,DRY,1,OTHER INTERSECTION COLLISIONS,REAR END,STRAIGHT & GRADE,DARK-HWY LIGHTED/ON,1,0,0,1
27592775,CAMPBELL,KY1997,StateRoute,7241,STONEHOUSE,RD,,38.96748385,-84.33407433,2.134,12/20/2020 0:00,0,1,1,0,0,O,RAINING,WET,0,COLLISION WITH ANIMAL NON INTERSECTION,SINGLE VEHICLE,CURVE & LEVEL,DARK-HWY NOT LIGHTED,0,0,0,1
27586738,CAMPBELL,,OTHR,1105,PATTERSON,ST,,39.08110581,-84.49412141,0.027,12/20/2020 0:00,50,1,1,0,0,O,RAINING,WET,0,COLLISION WITH FIXED OBJECT IN INTERSECTION - FIRST EVENT COLLISION 09 - 32,SINGLE VEHICLE,STRAIGHT & LEVEL,DARK-HWY LIGHTED/ON,1,0,0,1
27588325,CAMPBELL,KY0009,StateRoute,,AA,HWY,,38.95224065,-84.33674031,7.961,12/20/2020 0:00,1025,1,1,0,1,C,CLOUDY,WET,0,COLLISION WITH ANIMAL NON INTERSECTION,SINGLE VEHICLE,STRAIGHT & GRADE,DAYLIGHT,0,0,0,1
27594393,CAMPBELL,US0027,USRoute,,ALEXANDRIA,PIKE,,38.984252,-84.40121021,12.098,12/21/2020 0:00,1755,2,2,0,0,O,CLOUDY,DRY,0,OTHER INTERSECTION COLLISIONS,REAR END,STRAIGHT & GRADE,DARK-HWY LIGHTED/ON,1,0,0,1
27591056,CAMPBELL,I 0275,Interstate,,I275 E,,,39.05699808,-84.43072645,73.208,12/21/2020 0:00,1926,2,2,0,0,O,CLEAR,DRY,0,1 VEHICLE PARKED POSITION (NOT PARKING LOT/DRIVEWAY),REAR END,STRAIGHT & LEVEL,DARK-HWY LIGHTED/ON,0,0,0,1
27616099,CAMPBELL,,OTHR,930,2ND,AVE,,39.11681427,-84.46726426,0.336,12/21/2020 0:00,644,2,2,0,0,O,CLEAR,DRY,0,1 VEHICLE PARKED POSITION (NOT PARKING LOT/DRIVEWAY),SIDESWIPE-SAME DIRECTION,STRAIGHT & LEVEL,DARK-HWY LIGHTED/ON,0,0,0,1
27592981,CAMPBELL,,OTHR,375,CROSSROADS,BLVD,,39.0049087,-84.42020466,0.266,12/21/2020 0:00,1118,2,2,0,0,O,CLOUDY,DRY,0,REAR END IN TRAFFIC LANES BOTH VEHICLES MOVING,REAR END,STRAIGHT & GRADE,DAYLIGHT,0,0,0,1
27591719,CAMPBELL,I 0275,Interstate,,I275 E,,,39.04849507,-84.45003805,74.4,12/21/2020 0:00,2113,2,2,0,0,O,CLEAR,DRY,0,REAR END IN TRAFFIC LANES BOTH VEHICLES MOVING,REAR END,STRAIGHT & LEVEL,DARK-HWY LIGHTED/ON,0,0,0,1
27594386,CAMPBELL,US0027,USRoute,7300,ALEXANDRIA,PIKE,,38.98307856,-84.39969337,11.981,12/21/2020 0:00,1550,2,2,0,0,O,CLOUDY,DRY,0,SIDESWIPE COLLISION - OPPOSITE DIRECTION,SIDESWIPE-OPPOSITE DIRECTION,STRAIGHT & LEVEL,DAYLIGHT,0,0,0,1
27588745,CAMPBELL,I 0471,Interstate,,I471 N,,,39.06027723,-84.46921549,1.254,12/21/2020 0:00,229,1,1,0,0,O,CLEAR,DRY,0,OTHER ROADWAY OR MID-BLOCK COLLISION,SINGLE VEHICLE,CURVE & LEVEL,DARK-HWY LIGHTED/ON,0,0,0,1
27602152,CAMPBELL,US0027,USRoute,,ALEXANDRIA,PIKE,,39.02425508,-84.44297473,15.617,12/22/2020 0:00,942,2,2,0,0,O,CLOUDY,DRY,0,1 VEHICLE ENTERING/LEAVING ENTRANCE,ANGLE,STRAIGHT & LEVEL,DAYLIGHT,0,0,0,1
27605203,CAMPBELL,I 0471,Interstate,,I471 S,,,39.09724845,-84.48476769,4.336,12/22/2020 0:00,1506,3,3,0,0,O,CLEAR,DRY,0,SIDESWIPE COLLISION - SAME DIRECTION,SIDESWIPE-SAME DIRECTION,STRAIGHT & LEVEL,DAYLIGHT,0,0,0,1
27596492,CAMPBELL,I 0471,Interstate,,I471 S,,,39.06550813,-84.46626943,1.686,12/22/2020 0:00,1342,2,2,0,0,O,CLEAR,DRY,0,REAR END IN TRAFFIC LANES BOTH VEHICLES MOVING,REAR END,STRAIGHT & LEVEL,DAYLIGHT,0,0,0,1
27608403,CAMPBELL,I 0275,Interstate,,I275 E,,,39.04189462,-84.46938603,75.556,12/22/2020 0:00,747,2,2,0,0,O,CLEAR,DRY,0,REAR END IN TRAFFIC LANES BOTH VEHICLES MOVING,REAR END,STRAIGHT & LEVEL,DAYLIGHT,0,0,0,1
27641112,CAMPBELL,US0027,USRoute,,ALEXANDRIA,PIKE,,38.97731474,-84.39309232,11.419,12/22/2020 0:00,1959,2,2,0,0,O,CLEAR,DRY,0,REAR END IN TRAFFIC LANES BOTH VEHICLES MOVING,REAR END,STRAIGHT & LEVEL,DARK-HWY NOT LIGHTED,0,0,0,1
27596486,CAMPBELL,US0027,USRoute,,MONMOUTH,ST,,39.08505826,-84.48614421,21.361,12/22/2020 0:00,1759,2,2,0,0,O,CLEAR,DRY,0,SIDESWIPE-SAME DIRECTION,SIDESWIPE-SAME DIRECTION,STRAIGHT & HILLCREST,DARK-HWY LIGHTED/ON,0,0,0,1
27596490,CAMPBELL,KY0008,StateRoute,327,5TH,ST,W,39.08900357,-84.50041382,0.255,12/22/2020 0:00,2339,1,1,0,1,A,CLEAR,DRY,0,COLLISION WITH FIXED OBJECT NON - INTERSECTION - FIRST EVENT COLLISION 09 - 32 EXCLUDING 16,SINGLE VEHICLE,STRAIGHT & LEVEL,DARK-HWY LIGHTED/ON,0,0,0,1
27608761,CAMPBELL,,OTHR,,4TH,ST,W,39.03312042,-84.3927785,0.044,12/22/2020 0:00,0,2,2,0,0,O,CLOUDY,DRY,1,1 VEHICLE PARKED POSITION (NOT PARKING LOT/DRIVEWAY),SIDESWIPE-SAME DIRECTION,STRAIGHT & LEVEL,DARK (UNKNOWN ROADWAY LIGHTING),0,0,0,1
27602748,CAMPBELL,I 0275,Interstate,,I275 E,,,39.05601458,-84.43293762,73.345,12/23/2020 0:00,1910,2,2,0,0,O,CLOUDY,DRY,0,OTHER ROADWAY OR MID-BLOCK COLLISION,REAR END,STRAIGHT & LEVEL,DARK-HWY LIGHTED/ON,0,0,0,1
27657562,CAMPBELL,KY0008,StateRoute,,FAIRFIELD,AVE,,39.1018197,-84.48866278,1.447,12/23/2020 0:00,1658,2,2,0,0,O,CLEAR,DRY,0,OTHER INTERSECTION COLLISIONS,REAR END,STRAIGHT & LEVEL,DAYLIGHT,1,0,0,1
27597337,CAMPBELL,KY0009,StateRoute,,AA,HWY,,38.89736065,-84.27611893,,12/23/2020 0:00,610,1,1,0,0,O,CLOUDY,DRY,0,COLLISION WITH ANIMAL NON INTERSECTION,SINGLE VEHICLE,STRAIGHT & GRADE,DARK-HWY NOT LIGHTED,0,0,0,1
27598884,CAMPBELL,KY1892,StateRoute,,GRAND,AVE,,39.08639388,-84.4771554,2.147,12/23/2020 0:00,933,2,2,0,0,O,CLEAR,DRY,0,OTHER INTERSECTION COLLISIONS,REAR END,STRAIGHT & GRADE,DAYLIGHT,1,0,0,1
27600993,CAMPBELL,I 0471,Interstate,,I471 S,,,39.06742449,-84.46470184,1.851,12/23/2020 0:00,1111,2,2,0,0,O,CLEAR,DRY,0,REAR END IN TRAFFIC LANES BOTH VEHICLES MOVING,REAR END,STRAIGHT & LEVEL,DAYLIGHT,0,0,0,1
27600161,CAMPBELL,,OTHR,140,OFALLON,AVE,,39.11010625,-84.48116425,0.601,12/23/2020 0:00,1404,2,2,0,0,O,CLOUDY,DRY,0,SIDESWIPE COLLISION - SAME DIRECTION,SIDESWIPE-SAME DIRECTION,STRAIGHT & LEVEL,DAYLIGHT,0,0,0,1
27602156,CAMPBELL,US0027,USRoute,,ALEXANDRIA,PIKE,,38.99937053,-84.4189047,13.463,12/23/2020 0:00,1750,2,2,0,0,O,CLOUDY,WET,0,REAR END IN TRAFFIC LANES BOTH VEHICLES MOVING,REAR END,STRAIGHT & LEVEL,DARK-HWY NOT LIGHTED,0,0,0,1
27660098,CAMPBELL,KY1892,StateRoute,,CAROTHERS,RD,,39.08636887,-84.47720877,2.154,12/23/2020 0:00,2031,2,2,0,0,O,CLOUDY,DRY,0,1 VEHICLE ENTERING/LEAVING ENTRANCE,ANGLE,STRAIGHT & GRADE,DARK-HWY LIGHTED/ON,0,0,0,1
27599518,CAMPBELL,US0027,USRoute,701,MONMOUTH,ST,,39.09030324,-84.49235061,21.856,12/23/2020 0:00,2205,2,2,0,0,O,RAINING,WET,1,VEHICLE BACKING NON INTERSECTION,BACKING,STRAIGHT & LEVEL,DARK-HWY LIGHTED/ON,0,0,0,1
27609300,CAMPBELL,US0027,USRoute,7010,ALEXANDRIA,PIKE,,38.98450901,-84.40158384,12.127,12/24/2020 0:00,1252,2,2,0,1,C,CLEAR,DRY,0,REAR END IN TRAFFIC LANES BOTH VEHICLES MOVING,REAR END,STRAIGHT & LEVEL,DAYLIGHT,0,0,0,1
27644411,CAMPBELL,,OTHR,,CHURCHILL,DR,,39.08152013,-84.46459656,0.051,12/24/2020 0:00,30,1,1,0,0,O,RAINING,WET,0,COLLISION WITH FIXED OBJECT NON - INTERSECTION - FIRST EVENT COLLISION 09 - 32 EXCLUDING 16,SINGLE VEHICLE,CURVE & HILLCREST,DARK-HWY LIGHTED/ON,0,0,0,1
27603248,CAMPBELL,KY0009,StateRoute,,AA,HWY,,38.87037237,-84.26077771,0.595,12/24/2020 0:00,1951,1,1,0,0,O,SNOWING,ICE,1,RAN OFF ROADWAY (1 VEHICLE WITH/EARTH EMBANKMENT/DITCH),SINGLE VEHICLE,STRAIGHT & LEVEL,DARK-HWY NOT LIGHTED,0,0,0,1
27606148,CAMPBELL,,OTHR,724,COVERT RUN,PIKE,,39.0992848,-84.46845,0.639,12/24/2020 0:00,1810,1,1,0,0,O,CLOUDY,DRY,0,COLLISION WITH ANIMAL NON INTERSECTION,SINGLE VEHICLE,STRAIGHT & LEVEL,DARK-HWY NOT LIGHTED,0,0,0,1
27606316,CAMPBELL,I 0275,Interstate,,,,,39.02237915,-84.48456145,0.101,12/24/2020 0:00,1940,2,2,0,0,O,SNOWING,SNOW/SLUSH,1,OTHER RAMP RELATED COLLISIONS NOT LISTED ABOVE,SIDESWIPE-SAME DIRECTION,CURVE & LEVEL,DARK-HWY LIGHTED/ON,0,0,0,1
27602807,CAMPBELL,KY1120,StateRoute,,11TH,ST,W,39.08496975,-84.48955281,0.668,12/25/2020 0:00,2050,2,2,0,0,O,CLEAR,DRY,0,ANGLE COLLISION - OTHER,ANGLE,STRAIGHT & LEVEL,DARK-HWY LIGHTED/ON,0,0,0,1
27601902,CAMPBELL,KY0008,StateRoute,,DAVE COWENS,DR,,39.09881244,-84.49192124,1.14,12/25/2020 0:00,400,1,1,0,0,O,CLEAR,SNOW/SLUSH,0,COLLISION WITH FIXED OBJECT NON - INTERSECTION - FIRST EVENT COLLISION 09 - 32 EXCLUDING 16,SINGLE VEHICLE,STRAIGHT & LEVEL,DARK-HWY LIGHTED/ON,0,0,0,1
27657554,CAMPBELL,KY0008,StateRoute,229,FAIRFIELD,AVE,,39.10569238,-84.48399433,1.814,12/25/2020 0:00,954,2,2,0,0,O,CLOUDY,DRY,0,REAR END IN TRAFFIC LANES BOTH VEHICLES MOVING,REAR END,STRAIGHT & LEVEL,DAYLIGHT,0,0,0,1
27608766,CAMPBELL,US0027,USRoute,,ALEXANDRIA,PIKE,,38.86637539,-84.39400496,3.547,12/25/2020 0:00,828,1,1,0,1,B,CLOUDY,WET,0,OTHER COLLISIONS ON SHOULDER,SINGLE VEHICLE,CURVE & GRADE,DAYLIGHT,0,0,0,1
27694178,CAMPBELL,I 0275,Interstate,,I275 E,,,39.05540257,-84.43423897,,12/26/2020 0:00,2121,2,2,0,0,O,CLEAR,DRY,1,SIDESWIPE COLLISION - SAME DIRECTION,SIDESWIPE-SAME DIRECTION,STRAIGHT & GRADE,DARK-HWY LIGHTED/ON,0,0,0,1
27604489,CAMPBELL,,OTHR,,3RD,ST,W,39.09251624,-84.49819429,0.077,12/26/2020 0:00,2034,2,2,0,0,O,CLEAR,DRY,1,SIDESWIPE COLLISION - SAME DIRECTION,SIDESWIPE-SAME DIRECTION,STRAIGHT & LEVEL,DARK-HWY LIGHTED/ON,0,0,0,1
27606315,CAMPBELL,KY0009,StateRoute,,AA,HWY,,39.01437088,-84.47637828,17.061,12/26/2020 0:00,2048,2,2,0,0,O,CLOUDY,DRY,0,REAR END IN TRAFFIC LANES BOTH VEHICLES MOVING,REAR END,STRAIGHT & LEVEL,DARK-HWY LIGHTED/ON,0,0,0,1
27612300,CAMPBELL,,OTHR,30,FAIRFIELD,PL,,39.08864985,-84.45722028,0.145,12/26/2020 0:00,1224,2,2,0,0,O,CLEAR,DRY,1,SIDESWIPE COLLISION - SAME DIRECTION,SIDESWIPE-SAME DIRECTION,STRAIGHT & LEVEL,DAYLIGHT,0,0,0,1
27603551,CAMPBELL,US0027,USRoute,,MONMOUTH,ST,,39.08507664,-84.48616474,21.359,12/26/2020 0:00,1040,2,2,0,0,O,CLEAR,DRY,0,SIDESWIPE-SAME DIRECTION,SIDESWIPE-SAME DIRECTION,STRAIGHT & GRADE,DAYLIGHT,0,0,0,1
27608053,CAMPBELL,US0027,USRoute,,,,,39.00159949,-84.42623112,0.165,12/27/2020 0:00,1230,1,1,0,0,O,CLOUDY,DRY,0,COLLISION WITH FIXED OBJECT NOT IN GORE ,SINGLE VEHICLE,CURVE & LEVEL,DAYLIGHT,0,0,0,1
27604531,CAMPBELL,KY1892,StateRoute,,GRAND,AVE,,39.08216628,-84.47033743,1.649,12/27/2020 0:00,27,1,1,0,0,O,CLEAR,DRY,0,COLLISION WITH FIXED OBJECT NON - INTERSECTION - FIRST EVENT COLLISION 09 - 32 EXCLUDING 16,SINGLE VEHICLE,STRAIGHT & LEVEL,DARK-HWY LIGHTED/ON,0,0,0,1
27606904,CAMPBELL,,OTHR,825,WASHINGTON,AVE,,39.0898684,-84.48794264,0.489,12/27/2020 0:00,1815,2,2,0,0,O,CLEAR,DRY,0,1 VEHICLE PARKED POSITION (NOT PARKING LOT/DRIVEWAY),REAR END,STRAIGHT & LEVEL,DARK-HWY LIGHTED/ON,0,0,0,1
27608055,CAMPBELL,US0027,USRoute,,ALEXANDRIA,PIKE,,39.02534954,-84.44562422,15.778,12/27/2020 0:00,2322,2,2,0,0,O,CLEAR,DRY,0,REAR END IN TRAFFIC LANES BOTH VEHICLES MOVING,REAR END,STRAIGHT & LEVEL,DARK-HWY NOT LIGHTED,0,0,0,1