IncidentID,County,RdwyNumber,RdwyType,Street,RoadwayName,StreetSfx,StreetDir,Latitude,Longitude,Milepoint,CollisionDate,CollisionTime,UnitsInvolved,MotorVehiclesInvolved,NumberKilled,NumberInjured,KABCO,Weather,RdwyConditionCode,HitandRun,DirAnalysisCode,MannerofCollision,RdwyCharacter,LightCondition,Intersection Crash,Bicyclist,Pedestrian,Motor Vehicles
27608349,CAMPBELL,,OTHR,,COCHRAN,AVE,,39.0676246,-84.44540127,0.253,12/27/2020 0:00,4,2,2,0,0,O,CLEAR,DRY,0,HEAD-ON COLLISION,HEAD ON,STRAIGHT & GRADE,DARK-HWY LIGHTED/ON,0,0,0,1
27615565,CAMPBELL,KY0009,StateRoute,,LICKING,PIKE,,39.02366788,-84.48073177,17.817,12/28/2020 0:00,1650,2,2,0,0,O,CLOUDY,DRY,0,REAR END IN TRAFFIC LANES BOTH VEHICLES MOVING,REAR END,STRAIGHT & LEVEL,DUSK,0,0,0,1
27614868,CAMPBELL,KY0915,StateRoute,,LICKING,PIKE,,38.9267892,-84.40031486,0.862,12/28/2020 0:00,1832,1,1,0,0,O,CLEAR,DRY,0,COLLISION WITH ANIMAL NON INTERSECTION,SINGLE VEHICLE,STRAIGHT & LEVEL,DARK-HWY NOT LIGHTED,0,0,0,1
27614826,CAMPBELL,I 0275,Interstate,,,,,39.04828072,-84.45767951,0.082,12/28/2020 0:00,1716,1,1,0,0,O,CLEAR,DRY,0,COLLISION WITH FIXED OBJECT NOT IN GORE ,SINGLE VEHICLE,CURVE & GRADE,DARK-HWY LIGHTED/ON,0,0,0,1
27616554,CAMPBELL,US0027,USRoute,2410,ALEXANDRIA,PIKE,,39.07384931,-84.47321521,20.288,12/29/2020 0:00,851,1,1,0,1,C,CLEAR,DRY,0,COLLISION WITH FIXED OBJECT NON - INTERSECTION - FIRST EVENT COLLISION 09 - 32 EXCLUDING 16,SINGLE VEHICLE,STRAIGHT & GRADE,DAYLIGHT,0,0,0,1
27613022,CAMPBELL,US0027,USRoute,,ALEXANDRIA,PIKE,,39.0252686,-84.44549224,15.768,12/29/2020 0:00,820,2,2,0,0,O,CLEAR,DRY,0,OTHER INTERSECTION COLLISIONS,REAR END,STRAIGHT & LEVEL,DAYLIGHT,1,0,0,1
27616639,CAMPBELL,US0027,USRoute,,ALEXANDRIA,PIKE,,38.98577129,-84.40304845,12.239,12/29/2020 0:00,1443,2,2,0,0,O,CLEAR,DRY,0,OTHER INTERSECTION COLLISIONS,REAR END,STRAIGHT & GRADE,DAYLIGHT,1,0,0,1
27616996,CAMPBELL,,OTHR,,HAWTHORNE,AVE,,39.05531388,-84.44930084,0.008,12/29/2020 0:00,1116,2,2,0,0,O,CLEAR,DRY,0,SIDESWIPE-SAME DIRECTION,SIDESWIPE-SAME DIRECTION,STRAIGHT & LEVEL,DAYLIGHT,0,0,0,1
27617222,CAMPBELL,KY0009,StateRoute,,LICKING,PIKE,,39.02143221,-84.4811655,17.641,12/29/2020 0:00,1258,2,2,0,0,O,CLOUDY,DRY,0,REAR END IN TRAFFIC LANES BOTH VEHICLES MOVING,REAR END,STRAIGHT & LEVEL,DAYLIGHT,0,0,0,1
27612908,CAMPBELL,,OTHR,200,3RD,ST,W,39.09147275,-84.5008412,0.026,12/29/2020 0:00,817,2,2,0,0,O,CLEAR,DRY,0,1 VEHICLE ENTERING/LEAVING ENTRANCE,ANGLE,STRAIGHT & LEVEL,DAYLIGHT,0,0,0,1
27617294,CAMPBELL,I 0471,Interstate,,INTERSTATE 471,,,39.09283545,-84.47906507,0.195,12/30/2020 0:00,832,2,2,0,1,C,CLEAR,DRY,0,OTHER RAMP RELATED COLLISIONS NOT LISTED ABOVE,REAR END,CURVE & LEVEL,DAYLIGHT,0,0,0,1
27619802,CAMPBELL,KY1998,StateRoute,,POOLES CREEK,RD,,39.02398696,-84.44623238,1.633,12/30/2020 0:00,1325,2,2,0,1,C,CLOUDY,WET,0,SIDESWIPE COLLISION - OPPOSITE DIRECTION,SIDESWIPE-OPPOSITE DIRECTION,STRAIGHT & GRADE,DAYLIGHT,0,0,0,1
27619803,CAMPBELL,KY2345,StateRoute,,MARTHA L COLLINS,BLVD,,39.02780794,-84.45209166,0.11,12/30/2020 0:00,1320,2,2,0,0,O,RAINING,WET,0,REAR END IN TRAFFIC LANES BOTH VEHICLES MOVING,REAR END,STRAIGHT & LEVEL,DAYLIGHT,0,0,0,1
27640542,CAMPBELL,,OTHR,,POPLAR RIDGE,RD,,38.97364749,-84.39184368,0.022,12/30/2020 0:00,1725,2,2,0,0,O,RAINING,WET,0,OPPOSING LEFT TURN,OPPOSING LEFT TURN,STRAIGHT & HILLCREST,DUSK,0,0,0,1
27619008,CAMPBELL,I 0471,Interstate,,I471 N,,,39.09946207,-84.492318,4.777,12/30/2020 0:00,2320,1,1,0,0,O,RAINING,WET,0,COLLISION WITH FIXED OBJECT NON - INTERSECTION - FIRST EVENT COLLISION 09 - 32 EXCLUDING 16,SINGLE VEHICLE,CURVE & LEVEL,DARK-HWY LIGHTED/ON,0,0,0,1
27622840,CAMPBELL,,OTHR,73,STERLING,AVE,,39.08533111,-84.44643912,0.173,12/30/2020 0:00,1210,2,2,0,0,O,CLEAR,DRY,0,1 VEHICLE PARKED POSITION (NOT PARKING LOT/DRIVEWAY),REAR END,STRAIGHT & GRADE,DAYLIGHT,0,0,0,1
27619695,CAMPBELL,,OTHR,,9TH,ST,E,39.09176533,-84.48397014,0.226,12/31/2020 0:00,525,2,2,0,0,O,RAINING,WET,0,COLLISION WITH PARKED VEHICLE,SIDESWIPE-OPPOSITE DIRECTION,STRAIGHT & LEVEL,DARK-HWY LIGHTED/OFF,0,0,0,1
27658202,CAMPBELL,,OTHR,,MEADOWVIEW,,,38.97481389,-84.38294838,,12/31/2020 0:00,1049,2,2,0,0,O,CLOUDY,DRY,0,ANGLE COLLISION - ONE VEHICLE TURNING RIGHT,ANGLE,STRAIGHT & LEVEL,DAYLIGHT,0,0,0,1
27619523,CAMPBELL,KY1120,StateRoute,1877,MEMORIAL,PKWY,,39.09066264,-84.45749111,2.841,12/31/2020 0:00,150,1,1,0,0,O,RAINING,WET,0,COLLISION WITH ANIMAL NON INTERSECTION,SINGLE VEHICLE,CURVE & GRADE,DARK-HWY NOT LIGHTED,0,0,0,1
27619892,CAMPBELL,KY0009,StateRoute,,AA,HWY,,39.01824206,-84.48032508,17.405,12/31/2020 0:00,1219,2,2,0,0,O,CLOUDY,DRY,0,REAR END IN TRAFFIC LANES BOTH VEHICLES MOVING,REAR END,STRAIGHT & LEVEL,DAYLIGHT,0,0,0,1
27678449,CAMPBELL,KY0009,StateRoute,,LICKING,PIKE,,39.02343887,-84.48080686,17.799,12/31/2020 0:00,2244,2,2,0,4,A,CLOUDY,DRY,0,HEAD-ON COLLISION,HEAD ON,STRAIGHT & LEVEL,DARK-HWY LIGHTED/ON,0,0,0,1
27624755,CAMPBELL,US0027,USRoute,,ALEXANDRIA,PIKE,,39.00073336,-84.42048248,13.617,12/31/2020 0:00,1517,2,2,0,0,O,CLOUDY,DRY,0,1 VEHICLE ENTERING/LEAVING ENTRANCE,ANGLE,STRAIGHT & LEVEL,DAYLIGHT,0,0,0,1
27621328,CAMPBELL,,OTHR,,LOWELL,ST,,39.07920515,-84.49618731,0.312,12/31/2020 0:00,2242,1,1,0,0,O,CLOUDY,DRY,1,OTHER ROADWAY OR MID-BLOCK COLLISION,SINGLE VEHICLE,CURVE & LEVEL,DARK-HWY LIGHTED/ON,0,0,0,1
27624590,CAMPBELL,I 0471,Interstate,,I471 S,,,39.05324717,-84.46870465,0.734,1/1/2021 0:00,2120,1,1,0,0,O,RAINING,WET,0,OTHER ROADWAY OR MID-BLOCK COLLISION,SINGLE VEHICLE,CURVE & LEVEL,DARK-HWY LIGHTED/ON,0,0,0,1
27624588,CAMPBELL,US0027,USRoute,2606,ALEXANDRIA,PIKE,,39.07075933,-84.46972386,20,1/1/2021 0:00,1313,2,2,0,0,O,CLOUDY,WET,0,OTHER ROADWAY OR MID-BLOCK COLLISION,OPPOSING LEFT TURN,STRAIGHT & HILLCREST,DAYLIGHT,0,0,0,1
27622482,CAMPBELL,I 0471,Interstate,,I471 S,,,39.0622154,-84.4687892,1.395,1/1/2021 0:00,1133,1,1,0,0,O,RAINING,WET,0,OTHER ROADWAY OR MID-BLOCK COLLISION,SINGLE VEHICLE,CURVE & LEVEL,DAYLIGHT,0,0,0,1
27622542,CAMPBELL,,OTHR,1,ADRIAN,CT,,39.08097961,-84.4746464,0.007,1/1/2021 0:00,0,2,2,0,0,O,,WET,1,1 VEHICLE PARKED POSITION (NOT PARKING LOT/DRIVEWAY),,STRAIGHT & GRADE,,0,0,0,1
27621394,CAMPBELL,US0027,USRoute,,TAYLOR SOUTHGATE,BRG,,39.09695768,-84.50217331,22.664,1/1/2021 0:00,20,2,2,0,0,O,CLEAR,DRY,1,REAR END IN TRAFFIC LANES BOTH VEHICLES MOVING,REAR END,STRAIGHT & GRADE,DARK-HWY LIGHTED/ON,0,0,0,1
27624310,CAMPBELL,,OTHR,,RIVERBOAT,ROW,,39.10182063,-84.48868427,0.001,1/1/2021 0:00,1913,2,2,0,1,C,RAINING,WET,0,HEAD-ON COLLISION,HEAD ON,STRAIGHT & LEVEL,DARK-HWY LIGHTED/ON,0,0,0,1
27639411,CAMPBELL,KY2345,StateRoute,,JOHNS HILL,RD,,39.038795,-84.47636503,1.988,1/2/2021 0:00,2254,1,1,0,0,O,CLOUDY,WET,0,COLLISION WITH ANIMAL NON INTERSECTION,SINGLE VEHICLE,STRAIGHT & LEVEL,DARK-HWY LIGHTED/ON,0,0,0,1
27640560,CAMPBELL,US0027,USRoute,,ALEXANDRIA,PIKE,,38.96669025,-84.39325114,10.677,1/2/2021 0:00,1934,1,1,0,0,O,CLEAR,DRY,0,COLLISION WITH FIXED OBJECT IN INTERSECTION - FIRST EVENT COLLISION 09 - 32,SINGLE VEHICLE,CURVE & LEVEL,DARK-HWY LIGHTED/OFF,1,0,0,1
28461093,CAMPBELL,,OTHR,,10TH,ST,W,39.08466807,-84.4934369,0.346,1/2/2021 0:00,1935,2,2,0,0,O,CLEAR,DRY,0,OPPOSING LEFT TURN,OPPOSING LEFT TURN,STRAIGHT & LEVEL,DAYLIGHT,0,0,0,1
27627263,CAMPBELL,US0027,USRoute,2606,ALEXANDRIA,PIKE,,39.07077221,-84.46980663,20.005,1/2/2021 0:00,1416,2,2,0,0,O,CLOUDY,DRY,0,1 VEHICLE ENTERING/LEAVING ENTRANCE,ANGLE,STRAIGHT & HILLCREST,DAYLIGHT,0,0,0,1
27629734,CAMPBELL,US0027,USRoute,1600,MONMOUTH,ST,,39.08336621,-84.48269052,21.142,1/2/2021 0:00,1439,3,3,0,0,O,CLOUDY,DRY,0,1 VEHICLE ENTERING/LEAVING ENTRANCE,ANGLE,CURVE & GRADE,DAYLIGHT,0,0,0,1
27626803,CAMPBELL,KY1120,StateRoute,,11TH,ST,W,39.08123259,-84.49635593,0.222,1/3/2021 0:00,20,2,2,0,0,O,RAINING,WET,0,1 VEHICLE ENTERING/LEAVING ENTRANCE,ANGLE,STRAIGHT & LEVEL,DARK-HWY LIGHTED/ON,0,0,0,1
27629140,CAMPBELL,,OTHR,323,2ND,ST,E,39.09655612,-84.49297551,0.05,1/3/2021 0:00,2330,2,2,0,0,O,CLEAR,DRY,1,1 VEHICLE PARKED POSITION (NOT PARKING LOT/DRIVEWAY),SIDESWIPE-SAME DIRECTION,STRAIGHT & LEVEL,DARK-HWY LIGHTED/ON,0,0,0,1
27629735,CAMPBELL,,OTHR,225,13TH,ST,W,39.08061135,-84.49118525,0.362,1/3/2021 0:00,1146,2,2,0,0,O,CLEAR,DRY,1,1 VEHICLE PARKED POSITION (NOT PARKING LOT/DRIVEWAY),SIDESWIPE-OPPOSITE DIRECTION,STRAIGHT & LEVEL,DAYLIGHT,0,0,0,1
27630527,CAMPBELL,,OTHR,,GARRISON,AVE,,39.06343219,-84.44722861,0.031,1/3/2021 0:00,1856,2,2,0,0,O,CLEAR,DRY,0,1 VEHICLE PARKED POSITION (NOT PARKING LOT/DRIVEWAY),SIDESWIPE-SAME DIRECTION,STRAIGHT & GRADE,DARK-HWY LIGHTED/ON,0,0,0,1
27645102,CAMPBELL,,OTHR,,PARK,AVE,,39.09800491,-84.49288352,0.353,1/4/2021 0:00,1652,2,2,0,0,O,CLEAR,DRY,0,OTHER INTERSECTION COLLISIONS,REAR END,STRAIGHT & GRADE,DUSK,1,0,0,1
27632795,CAMPBELL,,OTHR,2122,LINDEN,RD,,39.07815712,-84.47696301,0.045,1/4/2021 0:00,934,2,2,0,0,O,CLOUDY,DRY,0,COLLISION WITH PARKED VEHICLE,BACKING,STRAIGHT & HILLCREST,DAYLIGHT,0,0,0,1
27636046,CAMPBELL,,OTHR,,ST LUKE EAST HOSPITAL,,,39.0776946,-84.46556364,0.068,1/4/2021 0:00,1604,1,1,0,0,O,CLEAR,DRY,0,RAN OFF ROADWAY (1 VEHICLE WITH/EARTH EMBANKMENT/DITCH),SINGLE VEHICLE,CURVE & HILLCREST,DAYLIGHT,0,0,0,1
29541612,CAMPBELL,KY0009,StateRoute,,AA,HWY,,39.01894284,-84.48104703,17.468,1/4/2021 0:00,752,1,1,0,0,O,CLOUDY,DRY,0,COLLISION WITH FIXED OBJECT NON - INTERSECTION - FIRST EVENT COLLISION 09 - 32 EXCLUDING 16,SINGLE VEHICLE,STRAIGHT & LEVEL,DAYLIGHT,0,0,0,1
27645860,CAMPBELL,,OTHR,224,VAN VOAST,AVE,,39.10774836,-84.47984307,0.242,1/4/2021 0:00,1014,2,2,0,0,O,CLEAR,DRY,1,1 VEHICLE PARKED POSITION (NOT PARKING LOT/DRIVEWAY),SIDESWIPE-SAME DIRECTION,STRAIGHT & GRADE,DAYLIGHT,0,0,0,1
27633261,CAMPBELL,,OTHR,1137,ANN,ST,,39.08284842,-84.4907004,0.498,1/4/2021 0:00,947,2,2,0,0,O,CLOUDY,DRY,0,1 VEHICLE PARKED POSITION (NOT PARKING LOT/DRIVEWAY),SIDESWIPE-SAME DIRECTION,STRAIGHT & LEVEL,DAYLIGHT,0,0,0,1
27638691,CAMPBELL,KY0547,StateRoute,,FOUR MILE,RD,,39.03296124,-84.39012568,6.257,1/5/2021 0:00,2038,1,1,0,0,O,CLEAR,DRY,0,OTHER INTERSECTION COLLISIONS,SINGLE VEHICLE,STRAIGHT & LEVEL,DARK-HWY LIGHTED/ON,1,0,0,1
27639914,CAMPBELL,US0027,USRoute,,ALEXANDRIA,PIKE,,39.06283996,-84.4529456,18.848,1/5/2021 0:00,1518,2,2,0,1,C,CLEAR,DRY,0,OPPOSING LEFT TURN,OPPOSING LEFT TURN,STRAIGHT & GRADE,DAYLIGHT,0,0,0,1
27652309,CAMPBELL,KY1120,StateRoute,,10TH,ST,E,39.08958208,-84.48462176,1.083,1/6/2021 0:00,1636,2,2,0,0,O,CLEAR,DRY,0,OTHER INTERSECTION COLLISIONS,REAR END,STRAIGHT & LEVEL,DAYLIGHT,1,0,0,1
27657564,CAMPBELL,,OTHR,,LAFAYETTE,AVE,,39.10416892,-84.48445701,0.158,1/6/2021 0:00,1038,2,2,0,0,O,CLOUDY,DRY,0,1 VEHICLE PARKED POSITION (NOT PARKING LOT/DRIVEWAY),SIDESWIPE-SAME DIRECTION,STRAIGHT & HILLCREST,DAYLIGHT,0,0,0,1
27644778,CAMPBELL,,OTHR,807,MONTEREY,LN,,39.02412064,-84.45105076,0.05,1/6/2021 0:00,1207,2,2,0,0,O,CLEAR,DRY,0,1 VEHICLE PARKED POSITION (NOT PARKING LOT/DRIVEWAY),BACKING,STRAIGHT & LEVEL,DAYLIGHT,0,0,0,1
27803689,CAMPBELL,KY1120,StateRoute,123,MEMORIAL,PKWY,,39.094078,-84.47442775,1.775,1/6/2021 0:00,1349,2,2,0,1,B,CLOUDY,DRY,0,1 VEHICLE PARKED POSITION (NOT PARKING LOT/DRIVEWAY),SIDESWIPE-SAME DIRECTION,STRAIGHT & LEVEL,DAYLIGHT,0,0,0,1
27644151,CAMPBELL,US0027,USRoute,,ALEXANDRIA,PIKE,,38.83571118,-84.36771912,0.994,1/6/2021 0:00,1315,2,2,0,0,O,CLOUDY,DRY,0,SIDESWIPE COLLISION - OPPOSITE DIRECTION,SIDESWIPE-OPPOSITE DIRECTION,CURVE & LEVEL,DAYLIGHT,0,0,0,1
27649402,CAMPBELL,KY0009,StateRoute,,AA,HWY,,38.96475053,-84.34840176,9.041,1/7/2021 0:00,733,1,1,0,0,O,CLOUDY,DRY,0,COLLISION WITH ANIMAL NON INTERSECTION,SINGLE VEHICLE,STRAIGHT & LEVEL,DAWN,0,0,0,1
27648558,CAMPBELL,KY1120,StateRoute,,FT THOMAS,AVE,N,39.08099258,-84.44916663,4.055,1/7/2021 0:00,2015,1,1,0,0,O,CLOUDY,DRY,0,COLLISION WITH ANIMAL NON INTERSECTION,SINGLE VEHICLE,STRAIGHT & LEVEL,DARK-HWY LIGHTED/ON,0,0,0,1
27649400,CAMPBELL,KY0915,StateRoute,,LICKING,PIKE,,38.93463244,-84.40694567,1.52,1/7/2021 0:00,701,1,1,0,0,O,CLEAR,DRY,0,COLLISION WITH ANIMAL NON INTERSECTION,SINGLE VEHICLE,CURVE & LEVEL,DARK-HWY NOT LIGHTED,0,0,0,1
27646298,CAMPBELL,KY1892,StateRoute,82,CAROTHERS,RD,,39.08573217,-84.47972396,2.298,1/7/2021 0:00,1450,2,2,0,0,O,CLEAR,DRY,0,OTHER ROADWAY OR MID-BLOCK COLLISION,REAR END,CURVE & GRADE,DAYLIGHT,0,0,0,1
27648812,CAMPBELL,KY1120,StateRoute,1356,FT THOMAS,AVE,S,39.06064694,-84.45051692,5.696,1/8/2021 0:00,800,2,2,0,0,O,CLOUDY,DRY,0,1 VEHICLE ENTERING/LEAVING ENTRANCE,ANGLE,STRAIGHT & LEVEL,DAWN,0,0,0,1
27651118,CAMPBELL,US0027,USRoute,,3RD,ST,E,39.09369136,-84.49675245,22.248,1/8/2021 0:00,1918,2,2,0,0,O,CLEAR,DRY,0,REAR END IN TRAFFIC LANES BOTH VEHICLES MOVING,REAR END,STRAIGHT & LEVEL,DARK-HWY LIGHTED/ON,0,0,0,1
27670893,CAMPBELL,KY0008,StateRoute,710,FAIRFIELD,AVE,,39.10898082,-84.47998821,2.125,1/8/2021 0:00,1615,2,2,0,0,O,CLEAR,DRY,1,1 VEHICLE PARKED POSITION (NOT PARKING LOT/DRIVEWAY),SIDESWIPE-SAME DIRECTION,STRAIGHT & LEVEL,DAYLIGHT,0,0,0,1
27703488,CAMPBELL,KY0008,StateRoute,,6TH,AVE,,39.10928979,-84.47951069,2.159,1/8/2021 0:00,1500,1,1,0,0,O,CLOUDY,DRY,0,COLLISION WITH FIXED OBJECT NON - INTERSECTION - FIRST EVENT COLLISION 09 - 32 EXCLUDING 16,SINGLE VEHICLE,STRAIGHT & LEVEL,DAYLIGHT,0,0,0,1
27651117,CAMPBELL,I 0471,Interstate,,,,,39.08261393,-84.46996329,0.039,1/9/2021 0:00,13,1,1,0,1,B,CLEAR,DRY,0,COLLISION WITH FIXED OBJECT NOT IN GORE ,SINGLE VEHICLE,CURVE & GRADE,DARK-HWY LIGHTED/ON,0,0,0,1
27661816,CAMPBELL,,OTHR,1433,POPLAR RIDGE,RD,,38.9766181,-84.37237547,1.106,1/10/2021 0:00,1247,2,2,0,0,O,CLEAR,DRY,0,REAR END IN TRAFFIC LANES BOTH VEHICLES MOVING,REAR END,STRAIGHT & LEVEL,DAYLIGHT,0,0,0,1
27665380,CAMPBELL,,OTHR,,DAYTON,PIKE,,39.10986681,-84.46627695,0.509,1/11/2021 0:00,1725,2,2,0,0,O,CLEAR,DRY,0,SIDESWIPE COLLISION - OPPOSITE DIRECTION,SIDESWIPE-OPPOSITE DIRECTION,CURVE & HILLCREST,DAYLIGHT,0,0,0,1
27678200,CAMPBELL,,OTHR,321,UNION,ST,,39.10684211,-84.48364353,0.041,1/11/2021 0:00,1929,2,2,0,0,O,CLEAR,DRY,1,1 VEHICLE PARKED POSITION (NOT PARKING LOT/DRIVEWAY),BACKING,STRAIGHT & GRADE,DARK-HWY LIGHTED/ON,0,0,0,1
27659660,CAMPBELL,US0027,USRoute,,MONMOUTH,ST,,39.08407236,-84.48457425,21.252,1/11/2021 0:00,1620,2,2,0,0,O,CLEAR,DRY,0,OTHER INTERSECTION COLLISIONS,REAR END,STRAIGHT & GRADE,DAYLIGHT,1,0,0,1
27662733,CAMPBELL,I 0471,Interstate,,INTERSTATE 471,,,39.08262356,-84.46995789,0.039,1/12/2021 0:00,830,1,1,0,0,O,CLOUDY,ICE,0,OTHER RAMP RELATED COLLISIONS NOT LISTED ABOVE,SINGLE VEHICLE,CURVE & GRADE,DAYLIGHT,0,0,0,1
27668008,CAMPBELL,I 0471,Interstate,,,,,39.0854101,-84.47458485,0.214,1/12/2021 0:00,1235,2,2,0,0,O,CLEAR,DRY,0,OTHER RAMP RELATED COLLISIONS NOT LISTED ABOVE,REAR END,CURVE & GRADE,DAYLIGHT,0,0,0,1
27667473,CAMPBELL,US0027,USRoute,,ALEXANDRIA,PIKE,,38.91646037,-84.38836384,7.153,1/12/2021 0:00,600,1,1,0,0,O,CLOUDY,DRY,0,COLLISION WITH ANIMAL NON INTERSECTION,SINGLE VEHICLE,STRAIGHT & LEVEL,DARK-HWY NOT LIGHTED,0,0,0,1
27662097,CAMPBELL,KY1998,StateRoute,,POOLES CREEK,RD,,39.02521563,-84.44540794,1.728,1/12/2021 0:00,924,2,2,0,0,O,CLOUDY,DRY,0,OTHER INTERSECTION COLLISIONS,REAR END,STRAIGHT & GRADE,DAYLIGHT,1,0,0,1
27664269,CAMPBELL,KY0008,StateRoute,416,6TH,AVE,,39.11187846,-84.47504087,2.454,1/12/2021 0:00,725,3,3,0,0,O,CLOUDY,DRY,0,1 VEHICLE PARKED POSITION (NOT PARKING LOT/DRIVEWAY),SIDESWIPE-SAME DIRECTION,STRAIGHT & LEVEL,DARK-HWY LIGHTED/ON,0,0,0,1
27663634,CAMPBELL,,OTHR,41,SUMMER HILL,AVE,,39.07807168,-84.48201746,0.159,1/12/2021 0:00,1135,1,1,0,0,O,CLOUDY,DRY,0,OTHER COLLISIONS ON SHOULDER,SINGLE VEHICLE,CURVE & GRADE,DAYLIGHT,0,0,0,1
27670732,CAMPBELL,KY0009,StateRoute,,AA,HWY,,38.98449128,-84.38796163,11.523,1/13/2021 0:00,1801,1,1,0,0,O,CLEAR,DRY,0,COLLISION WITH ANIMAL IN INTERSECTION,SINGLE VEHICLE,STRAIGHT & LEVEL,DARK-HWY NOT LIGHTED,1,0,0,1
27670733,CAMPBELL,KY0009,StateRoute,,AA,HWY,,38.98410159,-84.38744754,11.551,1/13/2021 0:00,1808,1,1,0,0,O,CLEAR,DRY,0,COLLISION WITH ANIMAL IN INTERSECTION,SINGLE VEHICLE,STRAIGHT & LEVEL,DARK-HWY NOT LIGHTED,1,0,0,1
27670734,CAMPBELL,KY0009,StateRoute,,AA,HWY,,38.98441725,-84.38754411,11.54,1/13/2021 0:00,1808,1,1,0,0,O,CLEAR,DRY,0,COLLISION WITH ANIMAL IN INTERSECTION,SINGLE VEHICLE,STRAIGHT & LEVEL,DARK-HWY NOT LIGHTED,1,0,0,1
27669234,CAMPBELL,KY0008,StateRoute,,MARY INGLES,HWY,,39.02690151,-84.35089597,,1/13/2021 0:00,1800,1,1,0,0,O,CLEAR,DRY,0,COLLISION WITH ANIMAL NON INTERSECTION,SINGLE VEHICLE,STRAIGHT & LEVEL,DARK-HWY NOT LIGHTED,0,0,0,1
27668238,CAMPBELL,I 0471,Interstate,,I471 N,,,39.09951916,-84.49254356,4.79,1/13/2021 0:00,1309,1,1,0,0,O,CLOUDY,DRY,0,COLLISION WITH FIXED OBJECT NON - INTERSECTION - FIRST EVENT COLLISION 09 - 32 EXCLUDING 16,SINGLE VEHICLE,STRAIGHT & LEVEL,DAYLIGHT,0,0,0,1
27668199,CAMPBELL,,OTHR,218,6TH,ST,W,39.08883684,-84.49766994,0.122,1/13/2021 0:00,1238,2,2,0,0,O,CLOUDY,DRY,1,OTHER ROADWAY OR MID-BLOCK COLLISION,REAR END,STRAIGHT & LEVEL,DARK-HWY NOT LIGHTED,0,0,0,1
27669816,CAMPBELL,KY1120,StateRoute,,MEMORIAL,PKWY,,39.09252834,-84.47784806,1.527,1/13/2021 0:00,1111,2,2,0,0,O,CLEAR,DRY,0,OTHER ROADWAY OR MID-BLOCK COLLISION,REAR END,STRAIGHT & LEVEL,DARK-HWY LIGHTED/ON,0,0,0,1
27673230,CAMPBELL,,OTHR,,MARY INGLES,HWY,,39.03694999,-84.39106405,,1/14/2021 0:00,2005,2,2,0,0,O,CLEAR,DRY,0,1 VEHICLE PARKED POSITION (NOT PARKING LOT/DRIVEWAY),SIDESWIPE-SAME DIRECTION,CURVE & GRADE,DARK-HWY LIGHTED/ON,0,0,0,1
27674806,CAMPBELL,,OTHR,25,NEWMAN,AVE,,39.07668444,-84.46087851,0.043,1/14/2021 0:00,1545,2,2,0,0,O,CLEAR,DRY,0,1 VEHICLE PARKED POSITION (NOT PARKING LOT/DRIVEWAY),SIDESWIPE-SAME DIRECTION,STRAIGHT & LEVEL,DAYLIGHT,0,0,0,1
27676037,CAMPBELL,KY0009,StateRoute,,LICKING,PIKE,,39.02151017,-84.4811469,17.647,1/14/2021 0:00,1402,2,2,0,0,O,CLEAR,DRY,0,REAR END IN TRAFFIC LANES BOTH VEHICLES MOVING,REAR END,STRAIGHT & LEVEL,DAYLIGHT,0,0,0,1
27692762,CAMPBELL,KY1120,StateRoute,,11TH,ST,W,39.08380047,-84.49169655,0.528,1/14/2021 0:00,1429,2,2,0,0,O,CLEAR,DRY,0,REAR END IN TRAFFIC LANES BOTH VEHICLES MOVING,REAR END,STRAIGHT & LEVEL,DAYLIGHT,0,0,0,1
27692765,CAMPBELL,KY1120,StateRoute,305,11TH,ST,W,39.08271364,-84.49369345,0.397,1/14/2021 0:00,1340,1,1,0,0,O,CLEAR,DRY,0,COLLISION WITH FIXED OBJECT NON - INTERSECTION - FIRST EVENT COLLISION 09 - 32 EXCLUDING 16,SINGLE VEHICLE,STRAIGHT & LEVEL,DAYLIGHT,0,0,0,1
27671852,CAMPBELL,,OTHR,10256,PLEASANT RIDGE,RD,,38.91817402,-84.39847401,6.282,1/14/2021 0:00,710,1,1,0,0,O,CLEAR,DRY,0,COLLISION WITH FIXED OBJECT NON - INTERSECTION - FIRST EVENT COLLISION 09 - 32 EXCLUDING 16,SINGLE VEHICLE,CURVE & GRADE,DAWN,0,0,0,1
27670557,CAMPBELL,US0027,USRoute,,ALEXANDRIA,PIKE,,38.89352596,-84.38566016,5.524,1/14/2021 0:00,255,1,1,0,0,O,CLEAR,DRY,0,COLLISION WITH ANIMAL NON INTERSECTION,SINGLE VEHICLE,STRAIGHT & LEVEL,DARK-HWY NOT LIGHTED,0,0,0,1
27683619,CAMPBELL,,OTHR,,ST MARYS CHURCH,DR,,38.95800849,-84.39097766,0.005,1/14/2021 0:00,1850,1,1,0,0,O,CLEAR,DRY,0,COLLISION WITH ANIMAL IN INTERSECTION,SINGLE VEHICLE,STRAIGHT & GRADE,DARK-HWY LIGHTED/ON,1,0,0,1
27675013,CAMPBELL,I 0275,Interstate,,I275 E,,,39.03730471,-84.47018562,75.871,1/15/2021 0:00,840,1,1,0,0,O,RAINING,WET,0,COLLISION WITH FIXED OBJECT NON - INTERSECTION - FIRST EVENT COLLISION 09 - 32 EXCLUDING 16,SINGLE VEHICLE,STRAIGHT & GRADE,DAYLIGHT,0,0,0,1