IncidentID,County,RdwyNumber,RdwyType,Street,RoadwayName,StreetSfx,StreetDir,Latitude,Longitude,Milepoint,CollisionDate,CollisionTime,UnitsInvolved,MotorVehiclesInvolved,NumberKilled,NumberInjured,KABCO,Weather,RdwyConditionCode,HitandRun,DirAnalysisCode,MannerofCollision,RdwyCharacter,LightCondition,Intersection Crash,Bicyclist,Pedestrian,Motor Vehicles
27677371,CAMPBELL,,OTHR,601,BRIGHTON,ST,,39.08652713,-84.50106733,0.549,1/15/2021 0:00,1930,1,1,0,0,O,CLEAR,DRY,0,COLLISION WITH FIXED OBJECT NON - INTERSECTION - FIRST EVENT COLLISION 09 - 32 EXCLUDING 16,SINGLE VEHICLE,STRAIGHT & LEVEL,DARK-HWY LIGHTED/ON,0,0,0,1
27686859,CAMPBELL,,OTHR,217,SPRINGWOOD,DR,,38.94745331,-84.36161324,0.315,1/15/2021 0:00,1526,2,2,0,0,O,CLEAR,DRY,0,1 VEHICLE PARKED POSITION (NOT PARKING LOT/DRIVEWAY),BACKING,STRAIGHT & LEVEL,DAYLIGHT,0,0,0,1
27678292,CAMPBELL,US0027,USRoute,,,,,39.00344161,-84.42310667,0.548,1/15/2021 0:00,1802,2,2,0,1,C,CLOUDY,DRY,0,OTHER RAMP RELATED COLLISIONS NOT LISTED ABOVE,REAR END,STRAIGHT & LEVEL,DARK-HWY LIGHTED/ON,0,0,0,1
27679377,CAMPBELL,KY0008,StateRoute,,MARY INGLES,HWY,,38.9154234,-84.26585148,22.294,1/16/2021 0:00,1732,1,1,0,0,O,RAINING,WET,0,OTHER ROADWAY OR MID-BLOCK COLLISION,SINGLE VEHICLE,CURVE & GRADE,DUSK,0,0,0,1
27679755,CAMPBELL,,OTHR,,NEWPORT PAVILION,,,39.09266156,-84.48059706,0.001,1/16/2021 0:00,1844,2,2,0,0,O,RAINING,WET,0,1 VEHICLE ENTERING/LEAVING ENTRANCE,ANGLE,CURVE & GRADE,DARK-HWY LIGHTED/ON,0,0,0,1
27683524,CAMPBELL,KY1998,StateRoute,,POOLES CREEK,RD,,39.01670812,-84.45695254,0.846,1/16/2021 0:00,1100,2,2,0,0,O,CLOUDY,DRY,1,1 VEHICLE ENTERING/LEAVING ENTRANCE,ANGLE,CURVE & GRADE,DAYLIGHT,0,0,0,1
27678977,CAMPBELL,,OTHR,,VAN VOAST,AVE,,39.10859803,-84.48079225,0.164,1/16/2021 0:00,1705,2,2,0,0,O,CLOUDY,WET,1,1 VEHICLE PARKED POSITION (NOT PARKING LOT/DRIVEWAY),BACKING,STRAIGHT & GRADE,DAYLIGHT,0,0,0,1
27679374,CAMPBELL,KY0009,StateRoute,,LICKING,PIKE,,39.02525216,-84.48066468,17.944,1/16/2021 0:00,1355,2,2,0,0,O,CLOUDY,WET,0,ANGLE COLLISION - OTHER,ANGLE,STRAIGHT & LEVEL,DAYLIGHT,0,0,0,1
27681925,CAMPBELL,KY1998,StateRoute,1615,INDUSTRIAL,RD,,39.03403896,-84.42731917,3.095,1/17/2021 0:00,1615,1,1,0,0,O,SNOWING,WET,0,COLLISION WITH FIXED OBJECT NON - INTERSECTION - FIRST EVENT COLLISION 09 - 32 EXCLUDING 16,SINGLE VEHICLE,CURVE & GRADE,DAYLIGHT,0,0,0,1
27683132,CAMPBELL,KY0445,StateRoute,,RIVER,RD,,39.05610593,-84.43969773,0.298,1/17/2021 0:00,945,1,1,0,0,O,SNOWING,WET,0,COLLISION WITH ANIMAL NON INTERSECTION,SINGLE VEHICLE,STRAIGHT & GRADE,DAYLIGHT,0,0,0,1
27687463,CAMPBELL,I 0275,Interstate,,I275 E,,,39.02935561,-84.47138349,76.435,1/17/2021 0:00,1932,1,1,0,1,B,SNOWING,DRY,0,RAN OFF ROADWAY (1 VEHICLE WITH/EARTH EMBANKMENT/DITCH),SINGLE VEHICLE,STRAIGHT & HILLCREST,DARK-HWY LIGHTED/ON,0,0,0,1
27683530,CAMPBELL,KY1998,StateRoute,,POOLES CREEK,RD,,39.02466608,-84.4458278,1.685,1/17/2021 0:00,2100,1,1,0,0,O,CLOUDY,WET,0,RAN OFF ROADWAY (1 VEHICLE WITH/EARTH EMBANKMENT/DITCH),SINGLE VEHICLE,CURVE & HILLCREST,DARK-HWY LIGHTED/ON,0,0,0,1
27683134,CAMPBELL,KY1120,StateRoute,1017,FT THOMAS,AVE,S,39.06437408,-84.4467573,5.348,1/17/2021 0:00,1330,2,2,0,0,O,SNOWING,WET,1,1 VEHICLE PARKED POSITION (NOT PARKING LOT/DRIVEWAY),SIDESWIPE-SAME DIRECTION,CURVE & LEVEL,DAYLIGHT,0,0,0,1
27683488,CAMPBELL,,OTHR,24,13TH,ST,W,39.08347066,-84.48736627,0.076,1/17/2021 0:00,1457,2,2,0,0,O,"SLEET, HAIL, FREEZING RAIN",WET,0,1 VEHICLE PARKED POSITION (NOT PARKING LOT/DRIVEWAY),SIDESWIPE-SAME DIRECTION,STRAIGHT & LEVEL,DAYLIGHT,0,0,0,1
27683484,CAMPBELL,,OTHR,800,ISABELLA,ST,,39.08647144,-84.49706896,0.408,1/17/2021 0:00,1500,2,2,0,0,O,RAINING,WET,1,1 VEHICLE ENTERING/LEAVING ENTRANCE,ANGLE,STRAIGHT & LEVEL,DAYLIGHT,0,0,0,1
27699757,CAMPBELL,,OTHR,,HIGHLAND,AVE,,39.07574338,-84.4555336,,1/17/2021 0:00,1651,2,2,0,0,O,SNOWING,WET,0,OTHER ROADWAY OR MID-BLOCK COLLISION,REAR END,STRAIGHT & LEVEL,DAYLIGHT,0,0,0,1
27697010,CAMPBELL,KY1120,StateRoute,,MEMORIAL,PKWY,,39.0923292,-84.4758473,1.63,1/18/2021 0:00,1715,2,2,0,0,O,CLOUDY,WET,0,1 VEHICLE ENTERING/LEAVING ENTRANCE,ANGLE,STRAIGHT & GRADE,DAYLIGHT,0,0,0,1
27694877,CAMPBELL,,OTHR,15,13TH,ST,E,39.08432975,-84.48614872,0.006,1/18/2021 0:00,1655,3,3,0,0,O,CLOUDY,WET,0,REAR END IN TRAFFIC LANES BOTH VEHICLES MOVING,REAR END,STRAIGHT & LEVEL,DAYLIGHT,0,0,0,1
27684037,CAMPBELL,US0027,USRoute,,ALEXANDRIA,PIKE,,38.89396458,-84.38521816,5.556,1/18/2021 0:00,320,1,1,0,0,O,BLOWING SAND/SOIL/DIRT/SNOW,WET,0,COLLISION WITH ANIMAL NON INTERSECTION,SINGLE VEHICLE,STRAIGHT & LEVEL,DARK-HWY LIGHTED/ON,0,0,0,1
27686979,CAMPBELL,US0027,USRoute,,ALEXANDRIA,PIKE,,38.9384948,-84.39420519,8.719,1/18/2021 0:00,2305,1,1,0,0,O,CLEAR,DRY,0,COLLISION WITH ANIMAL NON INTERSECTION,SINGLE VEHICLE,STRAIGHT & LEVEL,DARK-HWY NOT LIGHTED,0,0,0,1
27695587,CAMPBELL,US0027,USRoute,,ALEXANDRIA,PIKE,,39.0725185,-84.47133584,20.13,1/18/2021 0:00,1346,1,1,0,1,C,SNOWING,DRY,0,COLLISION WITH FIXED OBJECT NON - INTERSECTION - FIRST EVENT COLLISION 09 - 32 EXCLUDING 16,SINGLE VEHICLE,CURVE & LEVEL,DAYLIGHT,0,0,0,1
27710653,CAMPBELL,KY0008,StateRoute,,FAIRFIELD,AVE,,39.10902154,-84.47995252,2.127,1/19/2021 0:00,1631,2,2,0,0,O,CLEAR,DRY,0,OPPOSING LEFT TURN,OPPOSING LEFT TURN,STRAIGHT & LEVEL,DAYLIGHT,0,0,0,1
27721667,CAMPBELL,US0027,USRoute,,ALEXANDRIA,PIKE,,39.03516702,-84.45395039,16.626,1/19/2021 0:00,649,2,2,0,0,O,CLEAR,DRY,1,SIDESWIPE-SAME DIRECTION,SIDESWIPE-SAME DIRECTION,STRAIGHT & LEVEL,DUSK,0,0,0,1
27710651,CAMPBELL,,OTHR,1205,WILSON,RD,,39.09295554,-84.47552437,0.124,1/19/2021 0:00,2131,2,2,0,0,O,CLOUDY,DRY,0,1 VEHICLE PARKED POSITION (NOT PARKING LOT/DRIVEWAY),SIDESWIPE-SAME DIRECTION,STRAIGHT & GRADE,DARK-HWY LIGHTED/OFF,0,0,0,1
27710652,CAMPBELL,,OTHR,912,TAYLOR,AVE,,39.09768184,-84.47536245,0.84,1/19/2021 0:00,1451,3,3,0,0,O,CLEAR,DRY,0,1 VEHICLE PARKED POSITION (NOT PARKING LOT/DRIVEWAY),SIDESWIPE-SAME DIRECTION,STRAIGHT & GRADE,DAYLIGHT,0,0,0,1
27703484,CAMPBELL,,OTHR,,5TH,AVE,,39.11066233,-84.47916835,,1/19/2021 0:00,2149,2,2,0,0,O,CLEAR,DRY,0,1 VEHICLE PARKED POSITION (NOT PARKING LOT/DRIVEWAY),SIDESWIPE-SAME DIRECTION,CURVE & LEVEL,DARK-HWY LIGHTED/ON,0,0,0,1
27691151,CAMPBELL,I 0471,Interstate,,I471 S,,,39.050975,-84.46668526,0.478,1/19/2021 0:00,1743,2,2,0,0,O,CLEAR,DRY,0,SIDESWIPE COLLISION - SAME DIRECTION,SIDESWIPE-SAME DIRECTION,CURVE & LEVEL,DAYLIGHT,0,0,0,1
27693494,CAMPBELL,US0027,USRoute,4011,ALEXANDRIA,PIKE,,39.0229813,-84.44124982,15.501,1/20/2021 0:00,818,2,2,0,0,O,CLEAR,DRY,0,OTHER ROADWAY OR MID-BLOCK COLLISION,REAR END,STRAIGHT & LEVEL,DAYLIGHT,0,0,0,1
27697159,CAMPBELL,,OTHR,,HIGHLAND,AVE,,39.07568626,-84.46216612,0.51,1/20/2021 0:00,1505,2,2,0,0,O,CLEAR,DRY,0,OTHER ROADWAY OR MID-BLOCK COLLISION,REAR END,STRAIGHT & LEVEL,DAYLIGHT,0,0,0,1
27709717,CAMPBELL,US0027,USRoute,3955,ALEXANDRIA,PIKE,,39.02389131,-84.44262487,15.59,1/20/2021 0:00,847,2,2,0,1,C,CLEAR,DRY,0,OTHER ROADWAY OR MID-BLOCK COLLISION,REAR END,STRAIGHT & LEVEL,DAYLIGHT,0,0,0,1
27694399,CAMPBELL,,OTHR,1242,WATERWORKS,RD,,39.09412171,-84.46762782,0.516,1/20/2021 0:00,350,2,2,0,0,O,CLEAR,DRY,0,1 VEHICLE PARKED POSITION (NOT PARKING LOT/DRIVEWAY),SIDESWIPE-SAME DIRECTION,CURVE & HILLCREST,DARK-HWY NOT LIGHTED,0,0,0,1
27708379,CAMPBELL,US0027,USRoute,1228,ALEXANDRIA,PIKE,,39.05645051,-84.44955363,18.298,1/20/2021 0:00,2109,1,1,0,1,C,CLEAR,DRY,0,COLLISION WITH FIXED OBJECT NON - INTERSECTION - FIRST EVENT COLLISION 09 - 32 EXCLUDING 16,SINGLE VEHICLE,STRAIGHT & LEVEL,DARK-HWY LIGHTED/ON,0,0,0,1
27704244,CAMPBELL,US0027,USRoute,,ALEXANDRIA,PIKE,,39.01387225,-84.43243141,14.703,1/21/2021 0:00,545,1,1,0,0,O,CLEAR,DRY,0,COLLISION WITH ANIMAL NON INTERSECTION,SINGLE VEHICLE,STRAIGHT & GRADE,DARK-HWY LIGHTED/OFF,0,0,0,1
27709319,CAMPBELL,US0027,USRoute,,ALEXANDRIA,PIKE,,38.97358218,-84.39230208,11.157,1/21/2021 0:00,1303,2,2,0,0,O,CLEAR,DRY,0,ANGLE COLLISION - OTHER,ANGLE,STRAIGHT & LEVEL,DAYLIGHT,0,0,0,1
27694434,CAMPBELL,US0027,USRoute,626,MONMOUTH,ST,,39.09111899,-84.49307288,21.923,1/21/2021 0:00,35,2,2,0,0,O,CLEAR,DRY,0,1 VEHICLE PARKED POSITION (NOT PARKING LOT/DRIVEWAY),SIDESWIPE-SAME DIRECTION,STRAIGHT & LEVEL,DARK-HWY LIGHTED/ON,0,0,0,1
27696937,CAMPBELL,,OTHR,,RIVERBOAT,ROW,,39.10084251,-84.49061846,0.133,1/21/2021 0:00,1200,2,2,0,0,O,CLEAR,DRY,0,HEAD-ON COLLISION,HEAD ON,STRAIGHT & LEVEL,DAYLIGHT,0,0,0,1
27709547,CAMPBELL,I 0471,Interstate,,,,,39.08233435,-84.47058747,0.168,1/21/2021 0:00,1636,1,1,0,0,O,CLEAR,WET,0,OTHER RAMP RELATED COLLISIONS NOT LISTED ABOVE,SINGLE VEHICLE,CURVE & GRADE,DAYLIGHT,0,0,0,1
27709168,CAMPBELL,I 0275,Interstate,,,,,39.04698006,-84.45617672,0.416,1/21/2021 0:00,904,2,2,0,0,O,CLOUDY,DRY,0,OTHER RAMP RELATED COLLISIONS NOT LISTED ABOVE,SIDESWIPE-SAME DIRECTION,CURVE & LEVEL,DAYLIGHT,0,0,0,1
27717426,CAMPBELL,KY0471,StateRoute,,KY471,,,39.03892298,-84.45404765,0.134,1/22/2021 0:00,1452,2,2,0,0,O,CLEAR,DRY,0,OTHER ROADWAY OR MID-BLOCK COLLISION,REAR END,STRAIGHT & LEVEL,DAYLIGHT,0,0,0,1
27709172,CAMPBELL,I 0275,Interstate,,I275 E,,,39.03187775,-84.47048049,76.259,1/22/2021 0:00,1554,1,1,0,0,O,CLEAR,DRY,0,OTHER ROADWAY OR MID-BLOCK COLLISION,SINGLE VEHICLE,STRAIGHT & LEVEL,DAYLIGHT,0,0,0,1
27705494,CAMPBELL,,OTHR,706,TERRACE,CT,,38.91439701,-84.39946597,0.277,1/22/2021 0:00,1440,2,2,0,0,O,CLEAR,DRY,0,1 VEHICLE PARKED POSITION (NOT PARKING LOT/DRIVEWAY),BACKING,STRAIGHT & GRADE,DAYLIGHT,0,0,0,1
27717425,CAMPBELL,I 0275,Interstate,,I275 E,,,39.03187775,-84.47048049,76.259,1/22/2021 0:00,1616,3,3,0,0,O,CLEAR,DRY,0,COLLISION WITH FIXED OBJECT NON - INTERSECTION - FIRST EVENT COLLISION 09 - 32 EXCLUDING 16,REAR END,STRAIGHT & LEVEL,DAYLIGHT,0,0,0,1
27710429,CAMPBELL,US0027,USRoute,6711,ALEXANDRIA,PIKE,,38.98659362,-84.40381518,12.31,1/23/2021 0:00,1557,2,2,0,0,O,CLEAR,DRY,0,OTHER INTERSECTION COLLISIONS,REAR END,STRAIGHT & LEVEL,DAYLIGHT,1,0,0,1
27703541,CAMPBELL,,OTHR,,THORNTON,ST,,39.08066677,-84.4956983,0.082,1/23/2021 0:00,1337,1,1,0,0,O,CLEAR,DRY,0,COLLISION WITH FIXED OBJECT IN INTERSECTION - FIRST EVENT COLLISION 09 - 32,SINGLE VEHICLE,STRAIGHT & LEVEL,DAYLIGHT,1,0,0,1
27710650,CAMPBELL,,OTHR,510,LAFAYETTE,AVE,,39.10120351,-84.48142879,0.415,1/23/2021 0:00,1502,2,2,0,0,O,CLEAR,DRY,1,1 VEHICLE PARKED POSITION (NOT PARKING LOT/DRIVEWAY),SIDESWIPE-SAME DIRECTION,STRAIGHT & GRADE,DAYLIGHT,0,0,0,1
27704024,CAMPBELL,,OTHR,,NEWPORT PAVILION,,,39.08745799,-84.47668748,0.519,1/23/2021 0:00,1437,2,2,0,0,O,CLEAR,DRY,1,SIDESWIPE COLLISION - SAME DIRECTION,SIDESWIPE-SAME DIRECTION,STRAIGHT & LEVEL,DAYLIGHT,0,0,0,1
27709718,CAMPBELL,I 0275,Interstate,,,,,39.0465587,-84.46001386,0.259,1/24/2021 0:00,1020,1,1,0,0,O,"SLEET, HAIL, FREEZING RAIN",SNOW/SLUSH,0,OTHER RAMP RELATED COLLISIONS NOT LISTED ABOVE,SINGLE VEHICLE,CURVE & GRADE,DAYLIGHT,0,0,0,1
27708382,CAMPBELL,I 0275,Interstate,,,,,39.04824211,-84.4576084,0.077,1/24/2021 0:00,1059,1,1,0,0,O,"SLEET, HAIL, FREEZING RAIN",ICE,0,COLLISION WITH FIXED OBJECT NOT IN GORE ,SINGLE VEHICLE,CURVE & GRADE,DAYLIGHT,0,0,0,1
27705992,CAMPBELL,I 0471,Interstate,,I471 N,,,39.08829641,-84.47458573,3.477,1/24/2021 0:00,1100,2,2,0,0,O,OTHER,SNOW/SLUSH,0,SIDESWIPE COLLISION - SAME DIRECTION,SIDESWIPE-SAME DIRECTION,STRAIGHT & LEVEL,DAYLIGHT,0,0,0,1
27708405,CAMPBELL,I 0275,Interstate,,I275 E,,,39.05165362,-84.44274065,73.952,1/24/2021 0:00,1024,2,2,0,0,O,"SLEET, HAIL, FREEZING RAIN",ICE,0,SIDESWIPE COLLISION - SAME DIRECTION,SIDESWIPE-SAME DIRECTION,STRAIGHT & GRADE,DAYLIGHT,0,0,0,1
27708406,CAMPBELL,KY1120,StateRoute,,MEMORIAL,PKWY,,39.09043981,-84.46006396,2.716,1/24/2021 0:00,1142,2,2,0,0,O,"SLEET, HAIL, FREEZING RAIN",ICE,0,SIDESWIPE COLLISION - OPPOSITE DIRECTION,SIDESWIPE-OPPOSITE DIRECTION,CURVE & GRADE,DAYLIGHT,0,0,0,1
27707722,CAMPBELL,US0027,USRoute,708,MONMOUTH,ST,,39.08991437,-84.49208969,21.825,1/24/2021 0:00,2253,2,2,0,0,O,CLOUDY,WET,1,1 VEHICLE PARKED POSITION (NOT PARKING LOT/DRIVEWAY),REAR END,STRAIGHT & LEVEL,DARK-HWY LIGHTED/ON,0,0,0,1
27710428,CAMPBELL,KY0009,StateRoute,,AA,HWY,,38.95948089,-84.3427623,8.562,1/24/2021 0:00,1629,2,2,0,0,O,"SLEET, HAIL, FREEZING RAIN",WET,0,OTHER INTERSECTION COLLISIONS,REAR END,STRAIGHT & LEVEL,DAYLIGHT,1,0,0,1
27713582,CAMPBELL,,OTHR,,STRATHMORE,AVE,,39.09408571,-84.45136802,0.17,1/25/2021 0:00,1641,2,2,0,0,O,CLOUDY,WET,0,1 VEHICLE PARKED POSITION (NOT PARKING LOT/DRIVEWAY),SIDESWIPE-OPPOSITE DIRECTION,STRAIGHT & GRADE,DAYLIGHT,0,0,0,1
27713313,CAMPBELL,US0027,USRoute,,ALEXANDRIA,PIKE,,39.00429496,-84.42484455,13.948,1/25/2021 0:00,1855,2,2,0,0,O,RAINING,WET,1,SIDESWIPE COLLISION - SAME DIRECTION,SIDESWIPE-SAME DIRECTION,STRAIGHT & GRADE,DARK-HWY LIGHTED/ON,0,0,0,1
27713327,CAMPBELL,,OTHR,,WILSON,RD,,39.09433139,-84.47696269,0.001,1/25/2021 0:00,2020,2,2,0,0,O,RAINING,WET,0,HEAD-ON COLLISION,HEAD ON,CURVE & GRADE,DARK (UNKNOWN ROADWAY LIGHTING),0,0,0,1
27740819,CAMPBELL,I 0471,Interstate,,,,,39.0849892,-84.47442354,0.081,1/25/2021 0:00,1254,1,1,0,0,O,RAINING,WET,0,OTHER RAMP RELATED COLLISIONS NOT LISTED ABOVE,SINGLE VEHICLE,CURVE & LEVEL,DAYLIGHT,0,0,0,1
27713310,CAMPBELL,US0027,USRoute,,ALEXANDRIA,PIKE,,38.99915523,-84.41861868,13.47,1/25/2021 0:00,1910,2,2,0,0,O,RAINING,WET,0,OTHER ROADWAY OR MID-BLOCK COLLISION,REAR END,STRAIGHT & LEVEL,DARK-HWY NOT LIGHTED,0,0,0,1
27719877,CAMPBELL,I 0471,Interstate,,I471,,,39.08184992,-84.47083634,0.136,1/26/2021 0:00,1608,1,1,0,0,O,CLOUDY,WET,0,OTHER RAMP RELATED COLLISIONS NOT LISTED ABOVE,SINGLE VEHICLE,STRAIGHT & LEVEL,DAYLIGHT,0,0,0,1
27716981,CAMPBELL,US0027,USRoute,,ALEXANDRIA,PIKE,,39.06737102,-84.46595319,19.645,1/26/2021 0:00,1615,2,2,0,0,O,CLOUDY,WET,0,1 VEHICLE ENTERING/LEAVING ENTRANCE,ANGLE,STRAIGHT & LEVEL,DAYLIGHT,0,0,0,1
27716980,CAMPBELL,KY1632,StateRoute,,MOOCK,RD,,39.06245921,-84.47104378,1.168,1/26/2021 0:00,1500,1,1,0,0,O,RAINING,WET,0,COLLISION WITH ANIMAL NON INTERSECTION,SINGLE VEHICLE,STRAIGHT & GRADE,DAYLIGHT,0,0,0,1
27729539,CAMPBELL,KY2345,StateRoute,,JOHNS HILL,RD,,39.0334719,-84.47503568,1.618,1/27/2021 0:00,2145,2,2,0,0,O,SNOWING,SNOW/SLUSH,0,HEAD-ON COLLISION,HEAD ON,CURVE & LEVEL,DARK-HWY LIGHTED/ON,0,0,0,1
27725747,CAMPBELL,,OTHR,,NEWMAN,AVE,,39.07844382,-84.46207262,0.181,1/27/2021 0:00,1921,2,2,0,0,O,SNOWING,SNOW/SLUSH,0,SIDESWIPE COLLISION - OPPOSITE DIRECTION,SIDESWIPE-OPPOSITE DIRECTION,STRAIGHT & GRADE,DARK-HWY LIGHTED/OFF,0,0,0,1
27736278,CAMPBELL,KY0547,StateRoute,8268,RILEY,RD,,38.96295745,-84.38127882,0.318,1/27/2021 0:00,1937,2,2,0,0,O,SNOWING,SNOW/SLUSH,0,1 VEHICLE PARKED POSITION (NOT PARKING LOT/DRIVEWAY),REAR END,CURVE & HILLCREST,DARK-HWY LIGHTED/ON,0,0,0,1
27720785,CAMPBELL,US0027,USRoute,,ALEXANDRIA,PIKE,,39.06462508,-84.46158898,19.354,1/27/2021 0:00,1948,2,2,0,0,O,SNOWING,SNOW/SLUSH,0,1 VEHICLE PARKED POSITION (NOT PARKING LOT/DRIVEWAY),ANGLE,CURVE & GRADE,DUSK,0,0,0,1
29741089,CAMPBELL,,OTHR,132,CLEVELAND,AVE,,39.09851153,-84.47644337,0.127,1/27/2021 0:00,1655,2,2,0,0,O,CLEAR,DRY,1,1 VEHICLE PARKED POSITION (NOT PARKING LOT/DRIVEWAY),SIDESWIPE-SAME DIRECTION,STRAIGHT & LEVEL,DAYLIGHT,0,0,0,1
27722758,CAMPBELL,US0027,USRoute,,ALEXANDRIA,PIKE,,38.98634761,-84.40362701,12.294,1/27/2021 0:00,1615,2,2,0,0,O,CLOUDY,DRY,0,OTHER INTERSECTION COLLISIONS,REAR END,STRAIGHT & GRADE,DAYLIGHT,1,0,0,1
27721695,CAMPBELL,,OTHR,,SUNSET,DR,,39.03925498,-84.46238361,0.144,1/27/2021 0:00,2106,2,2,0,0,O,SNOWING,SNOW/SLUSH,0,ANGLE COLLISION - OTHER,ANGLE,STRAIGHT & LEVEL,DARK-HWY NOT LIGHTED,0,0,0,1
27722759,CAMPBELL,,OTHR,,ARCADIA,BLVD,,38.98111575,-84.40100855,,1/27/2021 0:00,1945,1,1,0,0,O,SNOWING,SNOW/SLUSH,0,COLLISION WITH FIXED OBJECT IN INTERSECTION - FIRST EVENT COLLISION 09 - 32,SINGLE VEHICLE,STRAIGHT & GRADE,DARK-HWY LIGHTED/ON,1,0,0,1
27752463,CAMPBELL,KY1120,StateRoute,2323,MEMORIAL,PKWY,,39.08548759,-84.4501474,3.665,1/27/2021 0:00,803,1,1,0,0,O,CLEAR,DRY,0,COLLISION WITH ANIMAL NON INTERSECTION,SINGLE VEHICLE,CURVE & LEVEL,DAYLIGHT,0,0,0,1
27747707,CAMPBELL,,OTHR,2537,HARRISON,AVE,,39.03765255,-84.458165,0.044,1/27/2021 0:00,2104,1,1,0,0,O,SNOWING,SNOW/SLUSH,0,COLLISION WITH FIXED OBJECT NON - INTERSECTION - FIRST EVENT COLLISION 09 - 32 EXCLUDING 16,SINGLE VEHICLE,STRAIGHT & LEVEL,DARK-HWY NOT LIGHTED,0,0,0,1
27720364,CAMPBELL,US0027,USRoute,5710,ALEXANDRIA,PIKE,,38.99630315,-84.41627926,13.251,1/27/2021 0:00,1925,1,1,0,0,O,SNOWING,SNOW/SLUSH,0,COLLISION WITH FIXED OBJECT NON - INTERSECTION - FIRST EVENT COLLISION 09 - 32 EXCLUDING 16,SINGLE VEHICLE,STRAIGHT & LEVEL,DARK-HWY LIGHTED/ON,0,0,0,1
27721897,CAMPBELL,KY0009,StateRoute,,AA,HWY,,39.00193905,-84.4221368,13.944,1/27/2021 0:00,2047,1,1,0,0,O,SNOWING,SNOW/SLUSH,0,COLLISION WITH FIXED OBJECT NON - INTERSECTION - FIRST EVENT COLLISION 09 - 32 EXCLUDING 16,SINGLE VEHICLE,STRAIGHT & LEVEL,DARK-HWY LIGHTED/OFF,0,0,0,1
27720786,CAMPBELL,I 0471,Interstate,,,,,39.06415118,-84.46623698,0.125,1/27/2021 0:00,2032,1,1,0,0,O,SNOWING,SNOW/SLUSH,0,OTHER RAMP RELATED COLLISIONS NOT LISTED ABOVE,SINGLE VEHICLE,STRAIGHT & LEVEL,DUSK,0,0,0,1
27723656,CAMPBELL,US0027,USRoute,,ALEXANDRIA,PIKE,,38.86916696,-84.39487339,3.74,1/28/2021 0:00,402,1,1,0,0,O,CLEAR,SNOW/SLUSH,0,OTHER ROADWAY OR MID-BLOCK COLLISION,SINGLE VEHICLE,CURVE & LEVEL,DARK-HWY NOT LIGHTED,0,0,0,1
27723658,CAMPBELL,KY0547,StateRoute,7020,FOUR MILE,RD,,38.98985061,-84.3632647,2.715,1/28/2021 0:00,1219,1,1,0,0,O,CLEAR,SNOW/SLUSH,0,OTHER ROADWAY OR MID-BLOCK COLLISION,SINGLE VEHICLE,CURVE & HILLCREST,DAYLIGHT,0,0,0,1
27746666,CAMPBELL,US0027,USRoute,,ALEXANDRIA,PIKE,,38.83669928,-84.3686594,1.08,1/28/2021 0:00,1708,2,2,0,0,O,CLEAR,DRY,0,VEHICLE BACKING NON INTERSECTION,BACKING,STRAIGHT & LEVEL,DAYLIGHT,0,0,0,1
27743920,CAMPBELL,US0027,USRoute,,ALEXANDRIA,PIKE,,38.8225274,-84.36320929,0.031,1/28/2021 0:00,2357,1,1,0,0,O,CLOUDY,DRY,0,COLLISION WITH ANIMAL NON INTERSECTION,SINGLE VEHICLE,STRAIGHT & GRADE,DARK-HWY NOT LIGHTED,0,0,0,1
27766878,CAMPBELL,,OTHR,,EDEN,AVE,,39.10673801,-84.48490456,0.119,1/28/2021 0:00,1449,2,2,0,0,O,CLOUDY,DRY,0,ANGLE COLLISION - OTHER,ANGLE,STRAIGHT & LEVEL,DAYLIGHT,0,0,0,1
27741500,CAMPBELL,,OTHR,,TAYLOR,AVE,,39.10505208,-84.48313885,0.182,1/28/2021 0:00,1725,2,2,0,0,O,CLEAR,WET,0,ANGLE COLLISION - OTHER,ANGLE,STRAIGHT & HILLCREST,DAYLIGHT,0,0,0,1
27722918,CAMPBELL,KY1892,StateRoute,,GRAND,AVE,,39.08549695,-84.47471564,1.936,1/28/2021 0:00,1537,2,2,0,0,O,CLEAR,WET,0,OTHER INTERSECTION COLLISIONS,REAR END,CURVE & GRADE,DAYLIGHT,1,0,0,1
27736279,CAMPBELL,KY1121,StateRoute,8427,PERSIMMON GROVE,PIKE,,38.95753415,-84.38155472,10.017,1/28/2021 0:00,929,1,1,0,0,O,CLOUDY,SNOW/SLUSH,0,OTHER COLLISIONS ON SHOULDER,SINGLE VEHICLE,CURVE & LEVEL,DAYLIGHT,0,0,0,1
27728476,CAMPBELL,,OTHR,522,LINDSEY,ST,,39.08282618,-84.49847851,0.048,1/29/2021 0:00,1620,2,2,0,0,O,CLEAR,DRY,1,1 VEHICLE PARKED POSITION (NOT PARKING LOT/DRIVEWAY),,STRAIGHT & LEVEL,DAYLIGHT,0,0,0,1
27750633,CAMPBELL,,OTHR,,GOLDENEYE,DR,,38.91745113,-84.40666576,0.307,1/29/2021 0:00,1933,2,2,0,0,O,CLEAR,DRY,0,1 VEHICLE PARKED POSITION (NOT PARKING LOT/DRIVEWAY),SIDESWIPE-OPPOSITE DIRECTION,STRAIGHT & LEVEL,DARK-HWY NOT LIGHTED,0,0,0,1