IncidentID,County,RdwyNumber,RdwyType,Street,RoadwayName,StreetSfx,StreetDir,Latitude,Longitude,Milepoint,CollisionDate,CollisionTime,UnitsInvolved,MotorVehiclesInvolved,NumberKilled,NumberInjured,KABCO,Weather,RdwyConditionCode,HitandRun,DirAnalysisCode,MannerofCollision,RdwyCharacter,LightCondition,Intersection Crash,Bicyclist,Pedestrian,Motor Vehicles
27726729,CAMPBELL,KY0009,StateRoute,,AA,HWY,,38.89610936,-84.27527941,,1/29/2021 0:00,909,1,1,0,0,O,CLOUDY,DRY,0,COLLISION WITH ANIMAL NON INTERSECTION,SINGLE VEHICLE,STRAIGHT & GRADE,DAYLIGHT,0,0,0,1
27726959,CAMPBELL,,OTHR,414,7TH,ST,E,39.09232603,-84.48877331,0.323,1/29/2021 0:00,853,2,2,0,0,O,CLEAR,WET,1,COLLISION WITH FIXED OBJECT NON - INTERSECTION - FIRST EVENT COLLISION 09 - 32 EXCLUDING 16,REAR END,STRAIGHT & LEVEL,DAYLIGHT,0,0,0,1
27726728,CAMPBELL,I 0275,Interstate,,,,,39.04625433,-84.46299259,0.306,1/29/2021 0:00,906,1,1,0,0,O,CLEAR,SNOW/SLUSH,0,COLLISION WITH FIXED OBJECT NOT IN GORE ,SINGLE VEHICLE,CURVE & HILLCREST,DAYLIGHT,0,0,0,1
27741498,CAMPBELL,KY0008,StateRoute,,FAIRFIELD,AVE,,39.10352597,-84.48673502,1.602,1/30/2021 0:00,2019,2,2,0,0,O,SNOWING,SNOW/SLUSH,0,OTHER ROADWAY OR MID-BLOCK COLLISION,REAR END,STRAIGHT & LEVEL,DARK-HWY LIGHTED/ON,0,0,0,1
27731038,CAMPBELL,,OTHR,138,NEWPORT PAVILION,,,39.09175971,-84.47957378,0.092,1/30/2021 0:00,1852,2,2,0,0,O,SNOWING,WET,0,1 VEHICLE ENTERING/LEAVING ENTRANCE,ANGLE,CURVE & GRADE,DARK-HWY LIGHTED/ON,0,0,0,1
27732097,CAMPBELL,US0027,USRoute,2000,MONMOUTH,ST,,39.07901692,-84.48050328,20.832,1/30/2021 0:00,1600,2,2,0,0,O,CLEAR,DRY,0,1 VEHICLE ENTERING/LEAVING ENTRANCE,ANGLE,STRAIGHT & LEVEL,DAYLIGHT,0,0,0,1
27773958,CAMPBELL,,OTHR,,DEXTER,RD,,39.07639107,-84.47751419,0.035,1/30/2021 0:00,2259,1,1,0,0,O,SNOWING,SNOW/SLUSH,0,COLLISION WITH FIXED OBJECT NON - INTERSECTION - FIRST EVENT COLLISION 09 - 32 EXCLUDING 16,SINGLE VEHICLE,CURVE & LEVEL,DARK-HWY LIGHTED/OFF,0,0,0,1
27733724,CAMPBELL,US0027,USRoute,2404,ALEXANDRIA,PIKE,,39.07327877,-84.47205977,20.215,1/30/2021 0:00,2008,1,1,0,0,O,SNOWING,SNOW/SLUSH,0,COLLISION WITH FIXED OBJECT NON - INTERSECTION - FIRST EVENT COLLISION 09 - 32 EXCLUDING 16,SINGLE VEHICLE,CURVE & GRADE,DARK-HWY LIGHTED/ON,0,0,0,1
27734733,CAMPBELL,US0027,USRoute,,ALEXANDRIA,PIKE,,39.03468595,-84.45374735,16.587,1/30/2021 0:00,2009,1,1,0,0,O,SNOWING,SNOW/SLUSH,0,COLLISION WITH FIXED OBJECT NON - INTERSECTION - FIRST EVENT COLLISION 09 - 32 EXCLUDING 16,SINGLE VEHICLE,STRAIGHT & LEVEL,DARK-HWY LIGHTED/ON,0,0,0,1
27732423,CAMPBELL,KY0445,StateRoute,,RIVER,RD,,39.06237618,-84.44612469,0.874,1/30/2021 0:00,825,1,1,0,0,O,CLOUDY,DRY,0,COLLISION WITH ANIMAL NON INTERSECTION,SINGLE VEHICLE,CURVE & GRADE,DAWN,0,0,0,1
27732379,CAMPBELL,,OTHR,,HIGHLAND,AVE,,39.07435317,-84.46462183,0.374,1/30/2021 0:00,1112,2,2,0,0,O,CLOUDY,DRY,0,ANGLE COLLISION - OTHER,ANGLE,STRAIGHT & LEVEL,DAYLIGHT,0,0,0,1
27735154,CAMPBELL,,OTHR,17,CEDAR,PT,,39.03061357,-84.43986889,0.153,1/30/2021 0:00,1247,2,2,0,0,O,CLOUDY,DRY,0,1 VEHICLE PARKED POSITION (NOT PARKING LOT/DRIVEWAY),SIDESWIPE-SAME DIRECTION,CURVE & LEVEL,DAYLIGHT,0,0,0,1
27736237,CAMPBELL,KY0008,StateRoute,136,FAIRFIELD,AVE,,39.10358281,-84.48655309,1.612,1/30/2021 0:00,1155,2,2,0,0,O,CLEAR,DRY,0,1 VEHICLE PARKED POSITION (NOT PARKING LOT/DRIVEWAY),SIDESWIPE-SAME DIRECTION,STRAIGHT & LEVEL,DAYLIGHT,0,0,0,1
27856703,CAMPBELL,,OTHR,,10TH,ST,W,39.08463393,-84.49353164,0.337,1/30/2021 0:00,427,2,2,0,0,O,CLEAR,DRY,1,1 VEHICLE PARKED POSITION (NOT PARKING LOT/DRIVEWAY),REAR END,STRAIGHT & LEVEL,DARK-HWY LIGHTED/ON,0,0,0,1
27736280,CAMPBELL,KY1121,StateRoute,,PERSIMMON GROVE,PIKE,,38.95158346,-84.37941462,9.579,1/31/2021 0:00,1100,1,1,0,0,O,FOG WITH RAIN,SNOW/SLUSH,0,RAN OFF ROADWAY (1 VEHICLE WITH/EARTH EMBANKMENT/DITCH),SINGLE VEHICLE,STRAIGHT & GRADE,DAYLIGHT,0,0,0,1
27741497,CAMPBELL,,OTHR,,DONNERMEYER,BLVD,,39.09752636,-84.48275647,0.036,1/31/2021 0:00,1755,2,2,0,0,O,RAINING,WET,0,OTHER ROADWAY OR MID-BLOCK COLLISION,REAR END,CURVE & LEVEL,DARK-HWY LIGHTED/ON,0,0,0,1
29376512,CAMPBELL,US0027,USRoute,2700,ALEXANDRIA,PIKE,,39.03376346,-84.45339067,16.517,2/1/2021 0:00,912,2,2,0,2,C,RAINING,WET,0,OTHER ROADWAY OR MID-BLOCK COLLISION,REAR END,STRAIGHT & GRADE,DAYLIGHT,0,0,0,1
27739794,CAMPBELL,US0027,USRoute,7740,ALEXANDRIA,PIKE,,38.9737775,-84.39224015,11.174,2/1/2021 0:00,705,2,2,0,0,O,CLOUDY,SNOW/SLUSH,0,1 VEHICLE ENTERING/LEAVING ENTRANCE,ANGLE,STRAIGHT & LEVEL,DARK-HWY LIGHTED/ON,0,0,0,1
27736235,CAMPBELL,,OTHR,,BERRY,AVE,,39.10428305,-84.48555279,0.819,2/1/2021 0:00,746,2,2,0,0,O,"SLEET, HAIL, FREEZING RAIN",ICE,0,REAR END IN TRAFFIC LANES BOTH VEHICLES MOVING,REAR END,STRAIGHT & GRADE,DAYLIGHT,0,0,0,1
27736236,CAMPBELL,,OTHR,,WARD,AVE,,39.10262601,-84.47572228,0.037,2/1/2021 0:00,703,2,2,0,0,O,"SLEET, HAIL, FREEZING RAIN",ICE,0,COLLISION WITH PARKED VEHICLE,ANGLE,STRAIGHT & GRADE,DARK-HWY NOT LIGHTED,0,0,0,1
27739792,CAMPBELL,,OTHR,,ARCADIA BLVD,,,38.98212335,-84.4014533,,2/1/2021 0:00,2200,1,1,0,0,O,SNOWING,SNOW/SLUSH,0,COLLISION WITH FIXED OBJECT NON - INTERSECTION - FIRST EVENT COLLISION 09 - 32 EXCLUDING 16,SINGLE VEHICLE,CURVE & GRADE,DARK-HWY LIGHTED/ON,0,0,0,1
27756301,CAMPBELL,US0027,USRoute,,YORK,ST,,39.08862509,-84.49291168,21.913,2/2/2021 0:00,1504,2,2,0,0,O,CLOUDY,WET,0,ANGLE COLLISION - OTHER,ANGLE,STRAIGHT & LEVEL,DAYLIGHT,0,0,0,1
27743785,CAMPBELL,US0027,USRoute,,ALEXANDRIA,PIKE,,38.96902687,-84.39293825,10.841,2/2/2021 0:00,1715,2,2,0,0,O,CLEAR,DRY,1,ANGLE COLLISION - OTHER,ANGLE,STRAIGHT & LEVEL,DAYLIGHT,0,0,0,1
27744379,CAMPBELL,US0027,USRoute,,ALEXANDRIA,PIKE,,39.06538061,-84.46447598,19.513,2/2/2021 0:00,1838,2,2,0,0,O,CLEAR,DRY,0,ANGLE COLLISION - ONE VEHICLE TURNING LEFT,ANGLE,STRAIGHT & LEVEL,DARK-HWY LIGHTED/ON,0,0,0,1
27740816,CAMPBELL,KY0008,StateRoute,,5TH,ST,E,39.09235196,-84.49434071,0.628,2/2/2021 0:00,1045,2,2,0,0,O,CLEAR,WET,1,1 VEHICLE PARKED POSITION (NOT PARKING LOT/DRIVEWAY),BACKING,STRAIGHT & LEVEL,DAYLIGHT,0,0,0,1
27747814,CAMPBELL,US0027,USRoute,,ALEXANDRIA,PIKE,,39.07136636,-84.47032372,20.053,2/2/2021 0:00,1621,2,2,0,2,B,CLEAR,DRY,0,1 VEHICLE ENTERING/LEAVING ENTRANCE,ANGLE,STRAIGHT & GRADE,DARK-HWY LIGHTED/ON,0,0,0,1
27744378,CAMPBELL,,OTHR,,FT THOMAS,AVE,N,39.08516936,-84.45294603,0.224,2/2/2021 0:00,1426,2,2,0,0,O,CLEAR,DRY,0,VEHICLE BACKING NON INTERSECTION,BACKING,STRAIGHT & LEVEL,DAYLIGHT,0,0,0,1
27753975,CAMPBELL,KY0009,StateRoute,120,LICKING,PIKE,,39.07053319,-84.49033291,21.288,2/3/2021 0:00,2155,2,2,0,2,B,CLOUDY,WET,1,1 VEHICLE ENTERING/LEAVING ENTRANCE,ANGLE,,DARK-HWY LIGHTED/OFF,0,0,0,1
27749962,CAMPBELL,US0027,USRoute,,ALEXANDRIA,PIKE,,39.00429724,-84.42481014,13.947,2/3/2021 0:00,1145,2,2,0,0,O,CLEAR,DRY,0,REAR END IN TRAFFIC LANES BOTH VEHICLES MOVING,REAR END,STRAIGHT & LEVEL,DAYLIGHT,0,0,0,1
27749728,CAMPBELL,,OTHR,325,9TH,AVE,,39.10953859,-84.47366358,0.015,2/3/2021 0:00,2300,2,2,0,0,O,CLEAR,DRY,1,1 VEHICLE PARKED POSITION (NOT PARKING LOT/DRIVEWAY),SIDESWIPE-SAME DIRECTION,STRAIGHT & LEVEL,DARK-HWY LIGHTED/ON,0,0,0,1
27771178,CAMPBELL,,OTHR,,6TH,AVE,,39.1133375,-84.46424088,0.311,2/3/2021 0:00,1330,2,2,0,0,O,CLOUDY,WET,0,1 VEHICLE PARKED POSITION (NOT PARKING LOT/DRIVEWAY),SIDESWIPE-SAME DIRECTION,STRAIGHT & HILLCREST,DAYLIGHT,0,0,0,1
27752028,CAMPBELL,US0027,USRoute,,ALEXANDRIA,PIKE,,39.07546672,-84.47683073,20.498,2/3/2021 0:00,1011,2,2,0,0,O,CLEAR,DRY,0,ANGLE COLLISION - OTHER,ANGLE,CURVE & GRADE,DAYLIGHT,0,0,0,1
27746904,CAMPBELL,,OTHR,,SARATOGA,ST,,39.09232533,-84.49208066,0.487,2/4/2021 0:00,1,3,3,0,1,C,CLEAR,DRY,0,COLLISION WITH PARKED VEHICLE,SIDESWIPE-SAME DIRECTION,STRAIGHT & LEVEL,DARK-HWY LIGHTED/ON,0,0,0,1
27750291,CAMPBELL,KY0009,StateRoute,,AA,HWY,,39.00210121,-84.42241179,13.965,2/4/2021 0:00,640,1,1,0,0,O,CLEAR,DRY,0,COLLISION WITH FIXED OBJECT NON - INTERSECTION - FIRST EVENT COLLISION 09 - 32 EXCLUDING 16,SINGLE VEHICLE,STRAIGHT & LEVEL,DARK-HWY LIGHTED/ON,0,0,0,1
27750635,CAMPBELL,KY0008,StateRoute,,MARY INGLES,HWY,,38.92382664,-84.27190353,21.627,2/4/2021 0:00,1742,1,1,0,0,O,"SLEET, HAIL, FREEZING RAIN",WET,0,COLLISION WITH ANIMAL NON INTERSECTION,SINGLE VEHICLE,STRAIGHT & LEVEL,DARK-HWY NOT LIGHTED,0,0,0,1
27750941,CAMPBELL,US0027,USRoute,,ALEXANDRIA,PIKE,,39.0707924,-84.46984552,20.002,2/4/2021 0:00,1859,2,2,0,0,O,RAINING,WET,0,SIDESWIPE COLLISION - SAME DIRECTION,SIDESWIPE-SAME DIRECTION,STRAIGHT & GRADE,DARK-HWY LIGHTED/ON,0,0,0,1
27749221,CAMPBELL,KY0009,StateRoute,,AA,HWY,,39.00977608,-84.46882695,16.525,2/4/2021 0:00,846,2,2,0,0,O,CLOUDY,WET,0,REAR END IN TRAFFIC LANES BOTH VEHICLES MOVING,REAR END,STRAIGHT & LEVEL,DAYLIGHT,0,0,0,1
27753529,CAMPBELL,,OTHR,6987,ALEXANDRIA,PIKE,E,38.99594181,-84.39773067,,2/4/2021 0:00,1732,1,1,0,0,O,"SLEET, HAIL, FREEZING RAIN",ICE,0,OTHER ROADWAY OR MID-BLOCK COLLISION,SINGLE VEHICLE,STRAIGHT & GRADE,DUSK,0,0,0,1
27752472,CAMPBELL,,OTHR,,ST MICHAEL,DR,,39.02272505,-84.44234256,0.091,2/4/2021 0:00,1516,2,2,0,0,O,CLOUDY,DRY,0,VEHICLE BACKING NON INTERSECTION,BACKING,STRAIGHT & LEVEL,DAYLIGHT,0,0,0,1
27757205,CAMPBELL,KY0009,StateRoute,,AA,HWY,,39.01437963,-84.47615369,17.038,2/5/2021 0:00,1638,2,2,0,0,O,CLEAR,DRY,0,OTHER ROADWAY OR MID-BLOCK COLLISION,REAR END,STRAIGHT & LEVEL,DAYLIGHT,0,0,0,1
27755467,CAMPBELL,KY0547,StateRoute,,RILEY,RD,,38.96904625,-84.371566,1.069,2/5/2021 0:00,2040,1,1,0,0,O,CLEAR,SNOW/SLUSH,0,OTHER ROADWAY OR MID-BLOCK COLLISION,SINGLE VEHICLE,CURVE & LEVEL,DARK-HWY NOT LIGHTED,0,0,0,1
27762105,CAMPBELL,,OTHR,33,ROSSFORD,AVE,,39.09717533,-84.45124928,0.925,2/5/2021 0:00,2255,4,4,0,0,O,SNOWING,DRY,1,1 VEHICLE PARKED POSITION (NOT PARKING LOT/DRIVEWAY),SIDESWIPE-SAME DIRECTION,STRAIGHT & LEVEL,DARK-HWY NOT LIGHTED,0,0,0,1
27780608,CAMPBELL,,OTHR,300,WASHINGTON,AVE,,39.09454551,-84.49230972,0.09,2/5/2021 0:00,1600,2,2,0,0,O,CLEAR,DRY,1,1 VEHICLE PARKED POSITION (NOT PARKING LOT/DRIVEWAY),SIDESWIPE-SAME DIRECTION,STRAIGHT & LEVEL,DAYLIGHT,0,0,0,1
27753978,CAMPBELL,KY0009,StateRoute,,AA,HWY,,39.01826722,-84.48038335,17.408,2/5/2021 0:00,813,2,2,0,0,O,CLEAR,DRY,0,REAR END IN TRAFFIC LANES BOTH VEHICLES MOVING,REAR END,STRAIGHT & LEVEL,DAYLIGHT,0,0,0,1
27757206,CAMPBELL,KY0009,StateRoute,,LICKING,PIKE,,39.02357238,-84.48098052,17.8,2/5/2021 0:00,1550,2,2,0,0,O,CLEAR,DRY,0,REAR END IN TRAFFIC LANES BOTH VEHICLES MOVING,REAR END,STRAIGHT & LEVEL,DAYLIGHT,0,0,0,1
27754038,CAMPBELL,KY0008,StateRoute,136,3RD,ST,E,39.09484827,-84.49454339,0.72,2/5/2021 0:00,1134,2,2,0,0,O,CLOUDY,DRY,1,SIDESWIPE COLLISION - SAME DIRECTION,SIDESWIPE-SAME DIRECTION,STRAIGHT & LEVEL,DAYLIGHT,0,0,0,1
27767136,CAMPBELL,KY0009,StateRoute,,AA,HWY,,38.98131166,-84.3774205,11.032,2/5/2021 0:00,1017,1,1,0,0,O,CLEAR,DRY,0,COLLISION WITH FIXED OBJECT NON - INTERSECTION - FIRST EVENT COLLISION 09 - 32 EXCLUDING 16,SINGLE VEHICLE,STRAIGHT & LEVEL,DAYLIGHT,0,0,0,1
27756804,CAMPBELL,KY1998,StateRoute,436,POOLES CREEK,RD,,39.0149015,-84.46295632,0.483,2/5/2021 0:00,2220,1,1,0,1,C,CLOUDY,WET,0,COLLISION WITH FIXED OBJECT NON - INTERSECTION - FIRST EVENT COLLISION 09 - 32 EXCLUDING 16,SINGLE VEHICLE,CURVE & LEVEL,DARK-HWY NOT LIGHTED,0,0,0,1
27767137,CAMPBELL,US0027,USRoute,,ALEXANDRIA,PIKE,,38.98578603,-84.40292858,12.245,2/5/2021 0:00,850,2,2,0,0,O,CLEAR,DRY,0,OTHER INTERSECTION COLLISIONS,REAR END,STRAIGHT & GRADE,DAYLIGHT,1,0,0,1
27755838,CAMPBELL,US0027,USRoute,,ALEXANDRIA,PIKE,,39.06727345,-84.46590462,19.656,2/5/2021 0:00,1134,2,2,0,0,O,CLOUDY,DRY,0,OPPOSING LEFT TURN,OPPOSING LEFT TURN,STRAIGHT & LEVEL,DAYLIGHT,0,0,0,1
27754469,CAMPBELL,,OTHR,,GRANDVIEW,RD,,38.95936199,-84.34846886,1.055,2/5/2021 0:00,1710,2,2,0,0,O,CLEAR,DRY,0,OPPOSITE DIRECTION - BOTH VEHICLES GOING STRAIGHT AHEAD,SIDESWIPE-OPPOSITE DIRECTION,STRAIGHT & HILLCREST,DAYLIGHT,0,0,0,1
27754010,CAMPBELL,US0027,USRoute,900,YORK,ST,,39.08743832,-84.49181379,21.81,2/5/2021 0:00,1027,2,2,0,0,O,CLEAR,DRY,0,ANGLE COLLISION - OTHER,ANGLE,STRAIGHT & GRADE,DAYLIGHT,0,0,0,1
27759009,CAMPBELL,,OTHR,,TORLINE,RDG,,38.92795601,-84.30574637,,2/6/2021 0:00,808,2,2,0,0,O,CLEAR,ICE,0,COLLISION WITH FIXED OBJECT NON - INTERSECTION - FIRST EVENT COLLISION 09 - 32 EXCLUDING 16,HEAD ON,CURVE & GRADE,DAYLIGHT,0,0,0,1
27757297,CAMPBELL,,OTHR,18,CROWELL,AVE,,39.05376032,-84.45030169,0.063,2/6/2021 0:00,1022,2,2,0,0,O,CLEAR,DRY,0,1 VEHICLE PARKED POSITION (NOT PARKING LOT/DRIVEWAY),HEAD ON,STRAIGHT & LEVEL,DAYLIGHT,0,0,0,1
27765076,CAMPBELL,KY0547,StateRoute,,FOUR MILE,RD,,39.03204969,-84.38985097,,2/7/2021 0:00,2230,1,1,0,0,O,CLEAR,DRY,0,OTHER COLLISIONS ON SHOULDER,SINGLE VEHICLE,CURVE & GRADE,DARK-HWY NOT LIGHTED,0,0,0,1
27767141,CAMPBELL,,OTHR,209,BROOKWOOD,DR,,38.9530549,-84.36594119,0.32,2/7/2021 0:00,1320,2,2,0,0,O,CLEAR,DRY,0,1 VEHICLE PARKED POSITION (NOT PARKING LOT/DRIVEWAY),SIDESWIPE-SAME DIRECTION,STRAIGHT & LEVEL,DAYLIGHT,0,0,0,1
27768521,CAMPBELL,US0027,USRoute,,MONMOUTH,ST,,39.09344393,-84.49523263,22.123,2/7/2021 0:00,2316,2,2,0,0,O,CLEAR,DRY,1,1 VEHICLE PARKED POSITION (NOT PARKING LOT/DRIVEWAY),BACKING,STRAIGHT & GRADE,DARK-HWY LIGHTED/ON,0,0,0,1
27762103,CAMPBELL,,OTHR,30,CONCORD,AVE,,39.05588767,-84.45111781,0.091,2/7/2021 0:00,1925,2,2,0,0,O,CLEAR,DRY,1,1 VEHICLE PARKED POSITION (NOT PARKING LOT/DRIVEWAY),BACKING,STRAIGHT & LEVEL,DARK-HWY LIGHTED/OFF,0,0,0,1
27761289,CAMPBELL,,OTHR,5749,ALEXANDRIA,PIKE,E,39.01999219,-84.42707415,0.096,2/7/2021 0:00,11,1,1,0,0,O,CLEAR,ICE,0,COLLISION WITH FIXED OBJECT NON - INTERSECTION - FIRST EVENT COLLISION 09 - 32 EXCLUDING 16,SINGLE VEHICLE,CURVE & GRADE,DARK-HWY NOT LIGHTED,0,0,0,1
27777149,CAMPBELL,US0027,USRoute,,ALEXANDRIA,PIKE,,38.97663391,-84.39289191,11.372,2/8/2021 0:00,2309,2,1,0,2,A,BLOWING SAND/SOIL/DIRT/SNOW,SNOW/SLUSH,0,COLLISION WITH PEDESTRIAN NON - INTERSECTION,SINGLE VEHICLE,STRAIGHT & LEVEL,DARK-HWY NOT LIGHTED,0,0,1,0
27772847,CAMPBELL,US0027,USRoute,,ALEXANDRIA,PIKE,,39.0199079,-84.43763272,15.197,2/8/2021 0:00,1633,2,2,0,0,O,CLEAR,DRY,0,OTHER INTERSECTION COLLISIONS,REAR END,STRAIGHT & LEVEL,DAYLIGHT,1,0,0,1
27874327,CAMPBELL,I 0471,Interstate,,I471 S,,,39.08394845,-84.47262019,3.177,2/8/2021 0:00,1629,2,2,0,0,O,CLEAR,,1,REAR END IN TRAFFIC LANES BOTH VEHICLES MOVING,REAR END,STRAIGHT & LEVEL,DAYLIGHT,0,0,0,1
27770162,CAMPBELL,,OTHR,102,6TH,ST,E,39.09164249,-84.49332676,0.662,2/8/2021 0:00,2200,2,2,0,0,O,SNOWING,SNOW/SLUSH,1,1 VEHICLE PARKED POSITION (NOT PARKING LOT/DRIVEWAY),SIDESWIPE-SAME DIRECTION,STRAIGHT & LEVEL,DARK-HWY LIGHTED/ON,0,0,0,1
27777150,CAMPBELL,,OTHR,129,LAKE PARK,DR,,38.96074033,-84.3765535,0.295,2/8/2021 0:00,827,2,2,0,0,O,CLOUDY,DRY,0,1 VEHICLE PARKED POSITION (NOT PARKING LOT/DRIVEWAY),SIDESWIPE-SAME DIRECTION,STRAIGHT & LEVEL,DAYLIGHT,0,0,0,1
27803027,CAMPBELL,US0027,USRoute,,ALEXANDRIA,PIKE,,39.06457575,-84.45934621,19.25,2/8/2021 0:00,2334,2,2,0,0,O,SNOWING,SNOW/SLUSH,0,HEAD-ON COLLISION,HEAD ON,CURVE & GRADE,DARK-HWY LIGHTED/ON,0,0,0,1
27761290,CAMPBELL,US0027,USRoute,,ALEXANDRIA,PIKE,,38.91131966,-84.38603344,6.775,2/8/2021 0:00,115,1,1,0,0,O,CLEAR,DRY,0,OTHER COLLISIONS ON SHOULDER,SINGLE VEHICLE,STRAIGHT & LEVEL,DARK-HWY NOT LIGHTED,0,0,0,1
27774049,CAMPBELL,KY0009,StateRoute,,AA,HWY,,39.0212629,-84.48138388,17.63,2/8/2021 0:00,1538,2,2,0,0,O,CLOUDY,DRY,0,1 VEHICLE ENTERING/LEAVING ENTRANCE,ANGLE,STRAIGHT & LEVEL,DAYLIGHT,0,0,0,1
27774938,CAMPBELL,I 0275,Interstate,,I275 W,,,39.04658171,-84.46415641,75.176,2/9/2021 0:00,1030,1,1,0,0,O,CLOUDY,SNOW/SLUSH,0,OTHER ROADWAY OR MID-BLOCK COLLISION,SINGLE VEHICLE,CURVE & LEVEL,DAYLIGHT,0,0,0,1
27774941,CAMPBELL,I 0275,Interstate,,I275 E,,,39.03050692,-84.47072796,76.352,2/9/2021 0:00,1530,1,1,0,0,O,CLEAR,WET,0,OTHER ROADWAY OR MID-BLOCK COLLISION,SINGLE VEHICLE,STRAIGHT & GRADE,DAYLIGHT,0,0,0,1
27774048,CAMPBELL,I 0275,Interstate,,,,,39.0248519,-84.47896299,0.078,2/9/2021 0:00,1040,1,1,0,1,B,CLOUDY,SNOW/SLUSH,0,COLLISION WITH FIXED OBJECT NOT IN GORE ,SINGLE VEHICLE,CURVE & GRADE,DAYLIGHT,0,0,0,1
27771007,CAMPBELL,I 0275,Interstate,,,,,39.0512226,-84.46633198,0.718,2/9/2021 0:00,945,2,2,0,0,O,SNOWING,SNOW/SLUSH,0,OTHER RAMP RELATED COLLISIONS NOT LISTED ABOVE,SIDESWIPE-SAME DIRECTION,CURVE & LEVEL,DAYLIGHT,0,0,0,1
27774935,CAMPBELL,US0027,USRoute,,ALEXANDRIA,PIKE,,39.0351469,-84.4538879,16.622,2/9/2021 0:00,850,2,2,0,0,O,CLOUDY,SNOW/SLUSH,0,REAR END IN TRAFFIC LANES BOTH VEHICLES MOVING,REAR END,STRAIGHT & GRADE,DAYLIGHT,0,0,0,1
27770163,CAMPBELL,KY1120,StateRoute,,10TH,ST,E,39.08728588,-84.48868464,0.799,2/9/2021 0:00,1820,2,2,0,0,O,CLEAR,SNOW/SLUSH,0,VEHICLE BACKING IN INTERSECTION,BACKING,STRAIGHT & LEVEL,DARK-HWY LIGHTED/ON,1,0,0,1
27767494,CAMPBELL,US0027,USRoute,2427,ALEXANDRIA,PIKE,,39.07303579,-84.47172115,20.191,2/9/2021 0:00,1047,1,1,0,0,O,CLOUDY,SNOW/SLUSH,0,COLLISION WITH FIXED OBJECT NON - INTERSECTION - FIRST EVENT COLLISION 09 - 32 EXCLUDING 16,SINGLE VEHICLE,CURVE & GRADE,DAYLIGHT,0,0,0,1
27778704,CAMPBELL,KY1120,StateRoute,,MEMORIAL,PKWY,,39.09491319,-84.4737471,1.836,2/9/2021 0:00,400,1,1,0,0,O,SNOWING,SNOW/SLUSH,0,COLLISION WITH FIXED OBJECT NON - INTERSECTION - FIRST EVENT COLLISION 09 - 32 EXCLUDING 16,SINGLE VEHICLE,CURVE & LEVEL,DARK-HWY LIGHTED/ON,0,0,0,1
27779699,CAMPBELL,,OTHR,,GILBERT RIDGE,RD,,38.95405554,-84.40172464,0.164,2/9/2021 0:00,512,1,1,0,0,O,SNOWING,SNOW/SLUSH,0,COLLISION WITH FIXED OBJECT NON - INTERSECTION - FIRST EVENT COLLISION 09 - 32 EXCLUDING 16,SINGLE VEHICLE,STRAIGHT & LEVEL,DARK (UNKNOWN ROADWAY LIGHTING),0,0,0,1
27774945,CAMPBELL,I 0275,Interstate,,I275 W,,,39.0541007,-84.43830677,73.662,2/10/2021 0:00,41,1,1,0,0,O,CLEAR,DRY,0,COLLISION WITH ANIMAL NON INTERSECTION,SINGLE VEHICLE,STRAIGHT & HILLCREST,DARK-HWY LIGHTED/ON,0,0,0,1
27773443,CAMPBELL,KY1121,StateRoute,,STEVENS BRANCH ROAD,PIKE,,38.9179336,-84.35657148,,2/10/2021 0:00,1840,1,1,0,0,O,SNOWING,SNOW/SLUSH,0,COLLISION WITH FIXED OBJECT NON - INTERSECTION - FIRST EVENT COLLISION 09 - 32 EXCLUDING 16,SINGLE VEHICLE,CURVE & GRADE,DARK-HWY NOT LIGHTED,0,0,0,1
27774073,CAMPBELL,US0027,USRoute,,ALEXANDRIA,PIKE,,38.8640117,-84.39194614,3.348,2/10/2021 0:00,1500,1,1,0,0,O,"SLEET, HAIL, FREEZING RAIN",ICE,0,COLLISION WITH FIXED OBJECT NON - INTERSECTION - FIRST EVENT COLLISION 09 - 32 EXCLUDING 16,SINGLE VEHICLE,STRAIGHT & GRADE,DAYLIGHT,0,0,0,1
27774946,CAMPBELL,KY3490,StateRoute,,JOHNS HILL,RD,,39.03077474,-84.45499644,0.371,2/10/2021 0:00,1353,2,2,0,0,O,FOG WITH RAIN,SNOW/SLUSH,0,ANGLE COLLISION - OTHER,ANGLE,CURVE & HILLCREST,DAYLIGHT,0,0,0,1
27775136,CAMPBELL,,OTHR,,HARRISON,AVE,,39.03702188,-84.45819311,,2/10/2021 0:00,1242,1,1,0,0,O,CLOUDY,SNOW/SLUSH,0,COLLISION WITH FIXED OBJECT IN INTERSECTION - FIRST EVENT COLLISION 09 - 32,SINGLE VEHICLE,STRAIGHT & LEVEL,DAYLIGHT,1,0,0,1
27778093,CAMPBELL,,OTHR,,ALEXANDRIA,PIKE,,38.92097186,-84.39186991,1.842,2/10/2021 0:00,1522,2,2,0,0,O,SNOWING,SNOW/SLUSH,0,OPPOSING LEFT TURN,OPPOSING LEFT TURN,STRAIGHT & LEVEL,DAYLIGHT,0,0,0,1
27774917,CAMPBELL,,OTHR,109,5TH,AVE,,39.10958172,-84.48009003,1.178,2/10/2021 0:00,1524,2,2,0,0,O,SNOWING,SNOW/SLUSH,0,1 VEHICLE PARKED POSITION (NOT PARKING LOT/DRIVEWAY),BACKING,STRAIGHT & LEVEL,DAYLIGHT,0,0,0,1
27773957,CAMPBELL,I 0471,Interstate,,I471 S,,,39.0743878,-84.46647099,2.422,2/10/2021 0:00,2310,2,2,0,0,O,CLEAR,SNOW/SLUSH,0,1 VEHICLE ENTERING/LEAVING ENTRANCE,ANGLE,STRAIGHT & LEVEL,DARK-HWY LIGHTED/ON,0,0,0,1