IncidentID,County,RdwyNumber,RdwyType,Street,RoadwayName,StreetSfx,StreetDir,Latitude,Longitude,Milepoint,CollisionDate,CollisionTime,UnitsInvolved,MotorVehiclesInvolved,NumberKilled,NumberInjured,KABCO,Weather,RdwyConditionCode,HitandRun,DirAnalysisCode,MannerofCollision,RdwyCharacter,LightCondition,Intersection Crash,Bicyclist,Pedestrian,Motor Vehicles
27777599,CAMPBELL,US0027,USRoute,,ALEXANDRIA,PIKE,,39.01092274,-84.43075527,14.487,2/10/2021 0:00,1547,2,2,0,0,O,SNOWING,SNOW/SLUSH,0,1 VEHICLE ENTERING/LEAVING ENTRANCE,ANGLE,STRAIGHT & GRADE,DAYLIGHT,0,0,0,1
27774479,CAMPBELL,,OTHR,500,BOONE,ST,,39.11426218,-84.46668016,0.049,2/11/2021 0:00,20,3,3,0,0,O,SNOWING,SNOW/SLUSH,1,1 VEHICLE PARKED POSITION (NOT PARKING LOT/DRIVEWAY),SIDESWIPE-SAME DIRECTION,STRAIGHT & LEVEL,DARK-HWY LIGHTED/ON,0,0,0,1
27803207,CAMPBELL,KY1892,StateRoute,,GRAND,AVE,N,39.07681623,-84.46349383,1.116,2/11/2021 0:00,1315,2,2,0,0,O,CLEAR,DRY,0,REAR END IN TRAFFIC LANES BOTH VEHICLES MOVING,REAR END,STRAIGHT & GRADE,DAYLIGHT,0,0,0,1
27784382,CAMPBELL,I 0471,Interstate,,I471 N,,,39.05211228,-84.46762899,0.674,2/11/2021 0:00,550,1,1,0,0,O,CLOUDY,WET,0,RAN OFF ROADWAY (1 VEHICLE WITH/EARTH EMBANKMENT/DITCH),SINGLE VEHICLE,STRAIGHT & LEVEL,DARK-HWY LIGHTED/ON,0,0,0,1
27784384,CAMPBELL,,OTHR,350,BLOSSOM,LN,,39.05489403,-84.46633392,0.418,2/11/2021 0:00,1145,1,1,0,0,O,CLOUDY,SNOW/SLUSH,0,COLLISION WITH FIXED OBJECT NON - INTERSECTION - FIRST EVENT COLLISION 09 - 32 EXCLUDING 16,SINGLE VEHICLE,CURVE & GRADE,DARK-HWY NOT LIGHTED,0,0,0,1
27777600,CAMPBELL,KY0009,StateRoute,,AA,HWY,,39.00455002,-84.44387082,15.136,2/11/2021 0:00,1445,1,1,0,0,O,CLEAR,SNOW/SLUSH,0,COLLISION WITH FIXED OBJECT NON - INTERSECTION - FIRST EVENT COLLISION 09 - 32 EXCLUDING 16,SINGLE VEHICLE,STRAIGHT & LEVEL,DAYLIGHT,0,0,0,1
27790328,CAMPBELL,US0027,USRoute,,ALEXANDRIA,PIKE,,38.99434534,-84.41421087,13.084,2/12/2021 0:00,344,1,1,0,0,O,CLEAR,DRY,0,RAN OFF ROADWAY (1 VEHICLE WITH/EARTH EMBANKMENT/DITCH),SINGLE VEHICLE,CURVE & GRADE,DARK-HWY LIGHTED/OFF,0,0,0,1
27830568,CAMPBELL,US0027,USRoute,,ALEXANDRIA,PIKE,,39.0231003,-84.44171088,15.524,2/12/2021 0:00,1458,2,2,0,0,O,CLEAR,DRY,0,OTHER INTERSECTION COLLISIONS,REAR END,STRAIGHT & LEVEL,DAYLIGHT,1,0,0,1
27778586,CAMPBELL,,OTHR,,9TH,ST,W,39.08629886,-84.49386249,0.135,2/12/2021 0:00,1640,2,2,0,0,O,CLEAR,DRY,1,ANGLE COLLISION - OTHER,ANGLE,STRAIGHT & LEVEL,DAYLIGHT,0,0,0,1
27778602,CAMPBELL,KY1120,StateRoute,,11TH,ST,W,39.08383868,-84.49164295,0.532,2/12/2021 0:00,1504,2,2,0,0,O,CLEAR,SNOW/SLUSH,0,ANGLE COLLISION - OTHER,ANGLE,STRAIGHT & LEVEL,DAYLIGHT,0,0,0,1
27787316,CAMPBELL,US0027,USRoute,,ALEXANDRIA,PIKE,,39.00358131,-84.42366831,13.871,2/12/2021 0:00,1543,2,2,0,0,O,CLEAR,DRY,0,REAR END IN TRAFFIC LANES BOTH VEHICLES MOVING,REAR END,STRAIGHT & GRADE,DAYLIGHT,0,0,0,1
27784390,CAMPBELL,KY1120,StateRoute,,FT THOMAS,AVE,S,39.06569818,-84.44611028,5.259,2/12/2021 0:00,1838,3,3,0,0,O,CLEAR,DRY,0,1 VEHICLE PARKED POSITION (NOT PARKING LOT/DRIVEWAY),SIDESWIPE-SAME DIRECTION,CURVE & LEVEL,DARK-HWY LIGHTED/OFF,0,0,0,1
27796304,CAMPBELL,KY0008,StateRoute,327,6TH,AVE,,39.11123697,-84.47639164,2.369,2/12/2021 0:00,1112,2,2,0,0,O,CLEAR,SNOW/SLUSH,0,1 VEHICLE PARKED POSITION (NOT PARKING LOT/DRIVEWAY),SIDESWIPE-SAME DIRECTION,STRAIGHT & LEVEL,DAYLIGHT,0,0,0,1
27779299,CAMPBELL,US0027,USRoute,1600,MONMOUTH,ST,,39.0838774,-84.48392266,21.214,2/12/2021 0:00,1900,2,2,0,0,O,CLEAR,DRY,0,HEAD-ON COLLISION,HEAD ON,STRAIGHT & LEVEL,DARK-HWY LIGHTED/ON,0,0,0,1
27779435,CAMPBELL,US0027,USRoute,,MONMOUTH,ST,,39.08154326,-84.48216811,21.02,2/12/2021 0:00,1923,2,2,0,0,O,CLEAR,DRY,0,SIDESWIPE COLLISION - SAME DIRECTION,SIDESWIPE-SAME DIRECTION,STRAIGHT & GRADE,DARK-HWY LIGHTED/ON,0,0,0,1
27778584,CAMPBELL,,OTHR,169,NEWPORT PAVILION,,,39.08776981,-84.47629385,0.489,2/12/2021 0:00,1230,2,2,0,0,O,CLEAR,SNOW/SLUSH,0,OTHER ROADWAY OR MID-BLOCK COLLISION,OPPOSING LEFT TURN,STRAIGHT & LEVEL,DAYLIGHT,0,0,0,1
27779300,CAMPBELL,,OTHR,138,NEWPORT PAVILION,,,39.08991468,-84.47621339,0.32,2/12/2021 0:00,1805,2,2,0,0,O,CLEAR,DRY,0,1 VEHICLE ENTERING/LEAVING ENTRANCE,ANGLE,STRAIGHT & LEVEL,DARK-HWY LIGHTED/ON,0,0,0,1
27791643,CAMPBELL,KY0009,StateRoute,,AA,HWY,,39.02128884,-84.48119534,17.629,2/12/2021 0:00,1318,2,2,0,0,O,CLOUDY,SNOW/SLUSH,0,1 VEHICLE ENTERING/LEAVING ENTRANCE,ANGLE,STRAIGHT & LEVEL,DAYLIGHT,0,0,0,1
27780443,CAMPBELL,,OTHR,325,9TH,AVE,,39.10908391,-84.47436955,0.064,2/13/2021 0:00,0,2,2,0,0,O,CLOUDY,WET,1,1 VEHICLE PARKED POSITION (NOT PARKING LOT/DRIVEWAY),SIDESWIPE-SAME DIRECTION,STRAIGHT & LEVEL,DARK-HWY LIGHTED/OFF,0,0,0,1
27789638,CAMPBELL,,OTHR,24,HIGH,ST,,39.04471597,-84.44778492,0.063,2/13/2021 0:00,1130,2,2,0,0,O,CLOUDY,DRY,1,1 VEHICLE PARKED POSITION (NOT PARKING LOT/DRIVEWAY),BACKING,STRAIGHT & LEVEL,DAYLIGHT,0,0,0,1
27780607,CAMPBELL,,OTHR,105,NEWPORT PAVILION,,,39.09169687,-84.4784756,0.142,2/13/2021 0:00,1218,2,2,0,0,O,CLOUDY,ICE,0,REAR END IN TRAFFIC LANES BOTH VEHICLES MOVING,REAR END,STRAIGHT & LEVEL,DAYLIGHT,0,0,0,1
27782834,CAMPBELL,KY0008,StateRoute,100,DAVE COWENS,DR,,39.10101946,-84.48949215,1.37,2/13/2021 0:00,1200,2,2,0,0,O,CLEAR,DRY,0,REAR END IN TRAFFIC LANES BOTH VEHICLES MOVING,REAR END,STRAIGHT & LEVEL,DAYLIGHT,0,0,0,1
27786685,CAMPBELL,I 0275,Interstate,,I275 E,,,39.03434422,-84.47041387,76.083,2/13/2021 0:00,2059,1,1,0,0,O,CLOUDY,DRY,0,RAN OFF ROADWAY (1 VEHICLE WITH/EARTH EMBANKMENT/DITCH),SINGLE VEHICLE,STRAIGHT & LEVEL,DARK-HWY LIGHTED/ON,0,0,0,1
27789340,CAMPBELL,KY0010,StateRoute,,FLAGG SPRINGS,PIKE,,38.91912861,-84.32672428,,2/14/2021 0:00,805,1,1,0,0,O,CLOUDY,DRY,0,COLLISION WITH ANIMAL NON INTERSECTION,SINGLE VEHICLE,STRAIGHT & LEVEL,DAYLIGHT,0,0,0,1
27785541,CAMPBELL,KY0008,StateRoute,,MARY INGLES,HWY,,39.02949432,-84.36177303,12.403,2/14/2021 0:00,600,1,1,0,0,O,CLOUDY,DRY,0,COLLISION WITH ANIMAL NON INTERSECTION,SINGLE VEHICLE,STRAIGHT & LEVEL,DAYLIGHT,0,0,0,1
27790272,CAMPBELL,US0027,USRoute,,ALEXANDRIA,PIKE,,38.95767008,-84.39303351,10.046,2/14/2021 0:00,1842,2,2,0,0,O,CLEAR,DRY,0,OPPOSING LEFT TURN,OPPOSING LEFT TURN,STRAIGHT & LEVEL,DARK-HWY LIGHTED/ON,0,0,0,1
27783983,CAMPBELL,,OTHR,936,SARATOGA,ST,,39.08792912,-84.48824683,0.124,2/14/2021 0:00,1842,2,2,0,0,O,CLEAR,SNOW/SLUSH,0,1 VEHICLE PARKED POSITION (NOT PARKING LOT/DRIVEWAY),REAR END,STRAIGHT & LEVEL,DARK-HWY LIGHTED/ON,0,0,0,1
27784478,CAMPBELL,KY1120,StateRoute,625,FT THOMAS,AVE,S,39.07069025,-84.44706185,4.864,2/14/2021 0:00,315,2,2,0,0,O,CLOUDY,DRY,0,1 VEHICLE PARKED POSITION (NOT PARKING LOT/DRIVEWAY),SIDESWIPE-SAME DIRECTION,STRAIGHT & LEVEL,DARK-HWY LIGHTED/OFF,0,0,0,1
27816441,CAMPBELL,,OTHR,931,MAPLE,ST,,39.10715496,-84.474111,0.128,2/14/2021 0:00,1125,2,2,0,0,O,CLOUDY,DRY,0,1 VEHICLE PARKED POSITION (NOT PARKING LOT/DRIVEWAY),REAR END,STRAIGHT & GRADE,DAYLIGHT,0,0,0,1
27786891,CAMPBELL,,OTHR,244,ROSEMONT,AVE,,39.09460387,-84.45232968,0.074,2/15/2021 0:00,1415,2,2,0,0,O,"SLEET, HAIL, FREEZING RAIN",SNOW/SLUSH,1,SIDESWIPE COLLISION - SAME DIRECTION,SIDESWIPE-SAME DIRECTION,STRAIGHT & LEVEL,DAYLIGHT,0,0,0,1
27786890,CAMPBELL,US0027,USRoute,,ALEXANDRIA,PIKE,,39.06197726,-84.45251887,18.775,2/15/2021 0:00,1450,2,2,0,0,O,"SLEET, HAIL, FREEZING RAIN",ICE,0,HEAD-ON COLLISION,HEAD ON,CURVE & GRADE,DAYLIGHT,0,0,0,1
27785679,CAMPBELL,I 0471,Interstate,,I471 S,,,39.09613537,-84.482756,4.203,2/15/2021 0:00,1334,2,2,0,0,O,CLEAR,WET,0,REAR END IN TRAFFIC LANES BOTH VEHICLES MOVING,REAR END,STRAIGHT & LEVEL,DAYLIGHT,0,0,0,1
27786892,CAMPBELL,,OTHR,,BEECHWOOD,AVE,,39.0688139,-84.45173786,,2/15/2021 0:00,2143,2,2,0,0,O,BLOWING SAND/SOIL/DIRT/SNOW,SNOW/SLUSH,0,COLLISION WITH PARKED VEHICLE,SIDESWIPE-SAME DIRECTION,STRAIGHT & LEVEL,DARK-HWY NOT LIGHTED,0,0,0,1
27791639,CAMPBELL,KY0009,StateRoute,,LICKING,PIKE,,39.06578678,-84.48694077,20.932,2/15/2021 0:00,1646,1,1,0,0,O,SNOWING,SNOW/SLUSH,0,COLLISION WITH FIXED OBJECT IN INTERSECTION - FIRST EVENT COLLISION 09 - 32,SINGLE VEHICLE,STRAIGHT & LEVEL,DAYLIGHT,1,0,0,1
27786972,CAMPBELL,US0027,USRoute,,ALEXANDRIA,PIKE,,39.00405971,-84.42470716,13.93,2/15/2021 0:00,1600,1,1,0,0,O,SNOWING,SNOW/SLUSH,0,COLLISION WITH FIXED OBJECT NON - INTERSECTION - FIRST EVENT COLLISION 09 - 32 EXCLUDING 16,SINGLE VEHICLE,STRAIGHT & LEVEL,DAYLIGHT,0,0,0,1
27790450,CAMPBELL,,OTHR,,TARVIN,RD,,38.89048899,-84.39185256,0.96,2/15/2021 0:00,1800,1,1,0,0,O,"SLEET, HAIL, FREEZING RAIN",ICE,0,RAN OFF ROADWAY (1 VEHICLE WITH/EARTH EMBANKMENT/DITCH),SINGLE VEHICLE,CURVE & LEVEL,DARK-HWY NOT LIGHTED,0,0,0,1
27786973,CAMPBELL,KY2345,StateRoute,70,MARTHA L COLLINS,BLVD,,39.02667728,-84.45360352,0.221,2/16/2021 0:00,502,2,2,0,0,O,SNOWING,SNOW/SLUSH,0,1 VEHICLE PARKED POSITION (NOT PARKING LOT/DRIVEWAY),REAR END,STRAIGHT & LEVEL,DARK-HWY LIGHTED/ON,0,0,0,1
27790452,CAMPBELL,KY0547,StateRoute,,FOUR MILE,RD,,39.01776597,-84.37486796,4.829,2/16/2021 0:00,1635,2,2,0,0,O,CLOUDY,SNOW/SLUSH,0,SIDESWIPE COLLISION - OPPOSITE DIRECTION,SIDESWIPE-OPPOSITE DIRECTION,STRAIGHT & LEVEL,DAYLIGHT,0,0,0,1
27790333,CAMPBELL,US0027,USRoute,4765,ALEXANDRIA,PIKE,,39.00903147,-84.42909889,14.334,2/16/2021 0:00,1100,1,1,0,0,O,SNOWING,SNOW/SLUSH,0,OTHER ROADWAY OR MID-BLOCK COLLISION,SINGLE VEHICLE,STRAIGHT & LEVEL,DAYLIGHT,0,0,0,1
27788951,CAMPBELL,I 0471,Interstate,,,,,39.06304734,-84.46791121,0.005,2/16/2021 0:00,1153,1,1,0,0,O,SNOWING,SNOW/SLUSH,0,COLLISION WITH FIXED OBJECT NOT IN GORE ,SINGLE VEHICLE,CURVE & LEVEL,DAYLIGHT,0,0,0,1
27789336,CAMPBELL,I 0275,Interstate,,,,,39.04728603,-84.46213256,0.138,2/16/2021 0:00,1232,1,1,0,1,B,CLOUDY,SNOW/SLUSH,0,COLLISION WITH FIXED OBJECT NOT IN GORE ,SINGLE VEHICLE,CURVE & GRADE,DAYLIGHT,0,0,0,1
27816276,CAMPBELL,,OTHR,19,OBSERVATORY POINTE,DR,,39.03395366,-84.47641173,0.072,2/17/2021 0:00,843,2,2,0,0,O,CLOUDY,DRY,0,1 VEHICLE ENTERING/LEAVING ENTRANCE,ANGLE,STRAIGHT & GRADE,DAYLIGHT,0,0,0,1
27803767,CAMPBELL,,OTHR,,TAYLOR,AVE,,39.09638328,-84.47246345,1.062,2/17/2021 0:00,1026,2,2,0,0,O,CLEAR,WET,0,HEAD-ON COLLISION,HEAD ON,CURVE & GRADE,DAYLIGHT,0,0,0,1
27791642,CAMPBELL,KY0009,StateRoute,,AA,HWY,,39.01425656,-84.47604373,17.043,2/17/2021 0:00,1006,2,2,0,0,O,CLOUDY,DRY,0,REAR END IN TRAFFIC LANES BOTH VEHICLES MOVING,REAR END,STRAIGHT & LEVEL,DAYLIGHT,0,0,0,1
27803658,CAMPBELL,KY1120,StateRoute,,MEMORIAL,PKWY,,39.09267593,-84.47523141,1.677,2/17/2021 0:00,727,2,2,0,0,O,CLEAR,SNOW/SLUSH,0,ANGLE COLLISION - OTHER,ANGLE,CURVE & LEVEL,DAWN,0,0,0,1
27797682,CAMPBELL,I 0275,Interstate,,I275 W,,,39.04511151,-84.46621847,75.326,2/18/2021 0:00,2358,1,1,0,2,B,CLEAR,SNOW/SLUSH,0,COLLISION WITH FIXED OBJECT NON - INTERSECTION - FIRST EVENT COLLISION 09 - 32 EXCLUDING 16,SINGLE VEHICLE,STRAIGHT & GRADE,DARK (UNKNOWN ROADWAY LIGHTING),0,0,0,1
27794355,CAMPBELL,I 0275,Interstate,,I275 E,,,39.0284947,-84.47187832,76.496,2/18/2021 0:00,2005,1,1,0,0,O,CLOUDY,DRY,0,COLLISION WITH NON-FIXED OBJECT ,SINGLE VEHICLE,STRAIGHT & GRADE,DARK-HWY LIGHTED/ON,0,0,0,1
27792177,CAMPBELL,,OTHR,,SPRINGSIDE,DR,,39.00914635,-84.43532788,0.35,2/18/2021 0:00,21,1,1,0,0,O,SNOWING,ICE,0,COLLISION WITH FIXED OBJECT NON - INTERSECTION - FIRST EVENT COLLISION 09 - 32 EXCLUDING 16,SINGLE VEHICLE,CURVE & GRADE,DARK-HWY LIGHTED/OFF,0,0,0,1
27816440,CAMPBELL,KY0008,StateRoute,,6TH,AVE,,39.1131929,-84.47225771,2.634,2/18/2021 0:00,1539,1,1,0,0,O,CLEAR,WET,1,1 VEHICLE PARKED POSITION (NOT PARKING LOT/DRIVEWAY),SINGLE VEHICLE,STRAIGHT & LEVEL,DAYLIGHT,0,0,0,1
27794655,CAMPBELL,KY1120,StateRoute,,FT THOMAS,AVE,N,39.08080561,-84.44908736,4.067,2/18/2021 0:00,1533,2,2,0,0,O,CLOUDY,WET,1,1 VEHICLE PARKED POSITION (NOT PARKING LOT/DRIVEWAY),SIDESWIPE-SAME DIRECTION,CURVE & LEVEL,DAYLIGHT,0,0,0,1
27795241,CAMPBELL,I 0471,Interstate,,I471 N,,,39.06012324,-84.46973793,1.237,2/18/2021 0:00,943,1,1,0,0,O,SNOWING,SNOW/SLUSH,0,OTHER COLLISIONS ON SHOULDER,SINGLE VEHICLE,CURVE & LEVEL,DAYLIGHT,0,0,0,1
27795240,CAMPBELL,I 0471,Interstate,,I471 N,,,39.06012324,-84.46973793,1.237,2/18/2021 0:00,942,1,1,0,1,C,SNOWING,SNOW/SLUSH,0,OTHER COLLISIONS ON SHOULDER,SINGLE VEHICLE,CURVE & LEVEL,DAYLIGHT,0,0,0,1
27796357,CAMPBELL,KY1120,StateRoute,1101,11TH,ST,W,39.08459263,-84.49025291,0.623,2/19/2021 0:00,943,2,2,0,0,O,CLOUDY,WET,0,ANGLE COLLISION - OTHER,ANGLE,STRAIGHT & LEVEL,DAYLIGHT,0,0,0,1
27832011,CAMPBELL,KY0008,StateRoute,,CLAY,ST,,39.11461817,-84.46987283,2.808,2/19/2021 0:00,2048,2,2,0,0,O,CLEAR,DRY,1,SIDESWIPE-SAME DIRECTION,SIDESWIPE-SAME DIRECTION,STRAIGHT & LEVEL,DARK-HWY LIGHTED/ON,0,0,0,1
27804600,CAMPBELL,US0027,USRoute,6726,ALEXANDRIA,PIKE,,38.98677168,-84.40433041,12.318,2/19/2021 0:00,1657,2,2,0,0,O,CLEAR,DRY,0,OTHER INTERSECTION COLLISIONS,REAR END,STRAIGHT & LEVEL,DAYLIGHT,1,0,0,1
27798667,CAMPBELL,US0027,USRoute,,MONMOUTH,ST,,39.08722145,-84.48880637,21.57,2/19/2021 0:00,1027,2,2,0,0,O,CLEAR,DRY,0,OTHER INTERSECTION COLLISIONS,REAR END,STRAIGHT & LEVEL,DAYLIGHT,1,0,0,1
27816273,CAMPBELL,KY0009,StateRoute,,AA,HWY,,39.01815403,-84.48027075,17.398,2/19/2021 0:00,1357,2,2,0,0,O,CLEAR,DRY,0,OTHER INTERSECTION COLLISIONS,REAR END,STRAIGHT & LEVEL,DAYLIGHT,1,0,0,1
27794606,CAMPBELL,KY1998,StateRoute,,POOLES CREEK,RD,,39.01151712,-84.46803562,0.12,2/19/2021 0:00,106,1,1,0,0,O,CLOUDY,WET,0,COLLISION WITH ANIMAL NON INTERSECTION,SINGLE VEHICLE,STRAIGHT & GRADE,DARK-HWY NOT LIGHTED,0,0,0,1
27796876,CAMPBELL,KY0009,StateRoute,,AA,HWY,,38.93317641,-84.31342534,6.092,2/19/2021 0:00,1932,1,1,0,0,O,CLEAR,DRY,0,COLLISION WITH ANIMAL NON INTERSECTION,SINGLE VEHICLE,STRAIGHT & GRADE,DARK-HWY NOT LIGHTED,0,0,0,1
27800797,CAMPBELL,,OTHR,700 BLOCK,DAYTON,ST,,39.08997971,-84.49107922,0.163,2/20/2021 0:00,1538,1,1,0,1,C,CLEAR,DRY,0,COLLISION WITH FIXED OBJECT NON - INTERSECTION - FIRST EVENT COLLISION 09 - 32 EXCLUDING 16,SINGLE VEHICLE,STRAIGHT & LEVEL,DAYLIGHT,0,0,0,1
27800803,CAMPBELL,US0027,USRoute,,YORK,ST,,39.09188575,-84.49584092,22.189,2/20/2021 0:00,1521,2,2,0,0,O,,DRY,1,SIDESWIPE-SAME DIRECTION,SIDESWIPE-SAME DIRECTION,,DAYLIGHT,0,0,0,1
27801971,CAMPBELL,,OTHR,,BONNIE LESLIE,AVE,,39.09640258,-84.47390025,0.146,2/20/2021 0:00,1212,2,2,0,0,O,CLEAR,SNOW/SLUSH,0,COLLISION WITH PARKED VEHICLE,BACKING,STRAIGHT & LEVEL,DAYLIGHT,0,0,0,1
27799927,CAMPBELL,US0027,USRoute,,YORK,ST,,39.08619138,-84.4906813,21.707,2/20/2021 0:00,1923,2,2,0,0,O,CLEAR,DRY,0,ANGLE COLLISION - OTHER,ANGLE,STRAIGHT & LEVEL,DARK-HWY LIGHTED/ON,0,0,0,1
27802939,CAMPBELL,US0027,USRoute,,ALEXANDRIA,PIKE,,39.0594746,-84.45180784,18.558,2/20/2021 0:00,1742,2,2,0,0,O,CLEAR,DRY,0,ANGLE COLLISION - OTHER,ANGLE,STRAIGHT & GRADE,DAYLIGHT,0,0,0,1
27803700,CAMPBELL,,OTHR,706,POPLAR,ST,,39.10706023,-84.47799956,0.004,2/20/2021 0:00,1403,2,2,0,0,O,CLEAR,WET,1,1 VEHICLE PARKED POSITION (NOT PARKING LOT/DRIVEWAY),SIDESWIPE-SAME DIRECTION,STRAIGHT & LEVEL,DARK-HWY LIGHTED/ON,0,0,0,1
27807984,CAMPBELL,US0027,USRoute,,ALEXANDRIA,PIKE,,38.92136541,-84.39100799,7.52,2/20/2021 0:00,1300,2,2,0,0,O,CLEAR,DRY,0,1 VEHICLE ENTERING/LEAVING ENTRANCE,ANGLE,STRAIGHT & LEVEL,DAYLIGHT,0,0,0,1
27800801,CAMPBELL,KY0008,StateRoute,136,3RD,ST,E,39.09478251,-84.49464272,0.713,2/20/2021 0:00,1511,2,2,0,0,O,CLEAR,DRY,0,VEHICLE BACKING NON INTERSECTION,BACKING,STRAIGHT & LEVEL,DAYLIGHT,0,0,0,1
27804485,CAMPBELL,,OTHR,,ALEXANDRIA,PIKE,E,39.01957921,-84.42579214,0.022,2/21/2021 0:00,1800,1,1,0,0,O,CLEAR,DRY,0,OTHER ROADWAY OR MID-BLOCK COLLISION,SINGLE VEHICLE,CURVE & GRADE,DAYLIGHT,0,0,0,1
27803210,CAMPBELL,KY1120,StateRoute,809,FT THOMAS,AVE,S,39.0680959,-84.44734791,5.077,2/21/2021 0:00,1221,2,2,0,0,O,CLEAR,DRY,0,1 VEHICLE PARKED POSITION (NOT PARKING LOT/DRIVEWAY),BACKING,STRAIGHT & LEVEL,DAYLIGHT,0,0,0,1
27816267,CAMPBELL,I 0275,Interstate,,I275 W,,,39.04826934,-84.45320421,74.525,2/21/2021 0:00,1338,2,2,0,0,O,CLEAR,DRY,0,SIDESWIPE-SAME DIRECTION,SIDESWIPE-SAME DIRECTION,STRAIGHT & LEVEL,DAYLIGHT,0,0,0,1
27803701,CAMPBELL,KY0008,StateRoute,711,FAIRFIELD,AVE,,39.10898376,-84.48002229,2.124,2/21/2021 0:00,1352,2,2,0,0,O,CLEAR,SNOW/SLUSH,0,SIDESWIPE-SAME DIRECTION,SIDESWIPE-SAME DIRECTION,STRAIGHT & LEVEL,DAYLIGHT,0,0,0,1
27834161,CAMPBELL,US0027,USRoute,,ALEXANDRIA,PIKE,,39.07076604,-84.46974697,20.002,2/21/2021 0:00,2028,2,2,0,0,O,CLEAR,DRY,0,OPPOSING LEFT TURN,OPPOSING LEFT TURN,STRAIGHT & HILLCREST,DARK-HWY LIGHTED/ON,0,0,0,1
27800798,CAMPBELL,US0027,USRoute,,3RD,ST,E,39.09363395,-84.49685994,22.256,2/21/2021 0:00,846,1,1,0,0,O,CLEAR,WET,0,COLLISION WITH FIXED OBJECT NON - INTERSECTION - FIRST EVENT COLLISION 09 - 32 EXCLUDING 16,SINGLE VEHICLE,CURVE & LEVEL,DAYLIGHT,0,0,0,1
27807397,CAMPBELL,,OTHR,110,VALLEY VIEW,DR,,39.05567657,-84.46399122,0.031,2/22/2021 0:00,1131,2,2,0,0,O,CLOUDY,DRY,1,1 VEHICLE PARKED POSITION (NOT PARKING LOT/DRIVEWAY),BACKING,STRAIGHT & HILLCREST,DAYLIGHT,0,0,0,1
27804488,CAMPBELL,KY0009,StateRoute,,AA,HWY,,39.00208542,-84.43067563,14.408,2/22/2021 0:00,130,1,1,0,0,O,CLOUDY,WET,0,OTHER ROADWAY OR MID-BLOCK COLLISION,SINGLE VEHICLE,STRAIGHT & LEVEL,DARK-HWY LIGHTED/ON,0,0,0,1
27809326,CAMPBELL,KY1892,StateRoute,1401,GRAND,AVE,N,39.08036514,-84.46735531,1.428,2/23/2021 0:00,1444,2,2,0,0,O,CLEAR,WET,0,OTHER INTERSECTION COLLISIONS,REAR END,STRAIGHT & GRADE,DAYLIGHT,1,0,0,1
27813768,CAMPBELL,I 0275,Interstate,,I275 E,,,39.04688004,-84.45645112,74.762,2/23/2021 0:00,1429,2,2,0,0,O,CLEAR,DRY,0,SIDESWIPE-SAME DIRECTION,SIDESWIPE-SAME DIRECTION,STRAIGHT & LEVEL,DAYLIGHT,0,0,0,1
27814928,CAMPBELL,,OTHR,58,AMELIA,ST,,39.07644074,-84.48791652,0.17,2/23/2021 0:00,1938,2,2,0,0,O,CLEAR,DRY,1,1 VEHICLE PARKED POSITION (NOT PARKING LOT/DRIVEWAY),BACKING,STRAIGHT & LEVEL,DARK-HWY NOT LIGHTED,0,0,0,1
27824519,CAMPBELL,,OTHR,828,SARATOGA,ST,,39.08939173,-84.48956852,0.247,2/23/2021 0:00,1109,2,2,0,0,O,CLOUDY,DRY,1,1 VEHICLE PARKED POSITION (NOT PARKING LOT/DRIVEWAY),SIDESWIPE-SAME DIRECTION,STRAIGHT & LEVEL,DAYLIGHT,0,0,0,1
27838432,CAMPBELL,,OTHR,,JENNIFER,CT,,39.08481452,-84.46343013,0.035,2/23/2021 0:00,1233,2,2,0,0,O,CLEAR,DRY,1,1 VEHICLE PARKED POSITION (NOT PARKING LOT/DRIVEWAY),BACKING,STRAIGHT & LEVEL,DAYLIGHT,0,0,0,1
27816431,CAMPBELL,KY1892,StateRoute,720,GRAND,AVE,S,39.07057927,-84.44991185,0.157,2/23/2021 0:00,1615,2,2,0,0,O,CLEAR,DRY,1,1 VEHICLE PARKED POSITION (NOT PARKING LOT/DRIVEWAY),BACKING,STRAIGHT & HILLCREST,DAYLIGHT,0,0,0,1
27807708,CAMPBELL,KY1632,StateRoute,,KY1632 TURN LANE,,,39.06831051,-84.46667366,0.017,2/23/2021 0:00,838,2,2,0,0,O,CLEAR,WET,0,REAR END IN TRAFFIC LANES BOTH VEHICLES MOVING,REAR END,CURVE & GRADE,DAYLIGHT,0,0,0,1
27808661,CAMPBELL,KY0008,StateRoute,200,WASHINGTON,AVE,,39.09611098,-84.49370112,0.842,2/23/2021 0:00,849,2,2,0,0,O,CLEAR,DRY,0,SIDESWIPE COLLISION - SAME DIRECTION,SIDESWIPE-SAME DIRECTION,STRAIGHT & GRADE,DAYLIGHT,0,0,0,1
27811963,CAMPBELL,KY0009,StateRoute,,AA,HWY,,38.99965305,-84.4084794,13.171,2/23/2021 0:00,1440,2,2,0,0,O,CLEAR,DRY,0,SIDESWIPE COLLISION - SAME DIRECTION,SIDESWIPE-SAME DIRECTION,STRAIGHT & LEVEL,DAYLIGHT,0,0,0,1
27844471,CAMPBELL,KY0536,StateRoute,,CREEKTRACE,RD,,38.92264322,-84.44063715,0.451,2/23/2021 0:00,843,1,1,0,0,O,CLEAR,ICE,0,OTHER COLLISIONS ON SHOULDER,SINGLE VEHICLE,CURVE & LEVEL,DAYLIGHT,0,0,0,1