IncidentID,County,RdwyNumber,RdwyType,Street,RoadwayName,StreetSfx,StreetDir,Latitude,Longitude,Milepoint,CollisionDate,CollisionTime,UnitsInvolved,MotorVehiclesInvolved,NumberKilled,NumberInjured,KABCO,Weather,RdwyConditionCode,HitandRun,DirAnalysisCode,MannerofCollision,RdwyCharacter,LightCondition,Intersection Crash,Bicyclist,Pedestrian,Motor Vehicles
27821177,CAMPBELL,,OTHR,904,TAYLOR,AVE,,39.09763694,-84.47532929,0.844,2/24/2021 0:00,907,2,2,0,0,O,CLEAR,DRY,0,1 VEHICLE PARKED POSITION (NOT PARKING LOT/DRIVEWAY),REAR END,STRAIGHT & GRADE,DAYLIGHT,0,0,0,1
27818053,CAMPBELL,,OTHR,,WILDCAT,DR,,39.09599929,-84.48300348,0.193,2/24/2021 0:00,2032,1,1,0,0,O,CLOUDY,DRY,1,COLLISION WITH FIXED OBJECT NON - INTERSECTION - FIRST EVENT COLLISION 09 - 32 EXCLUDING 16,SINGLE VEHICLE,STRAIGHT & GRADE,DARK-HWY LIGHTED/ON,0,0,0,1
27844465,CAMPBELL,,OTHR,,TARVIN,RD,,38.88607276,-84.40604864,0.099,2/24/2021 0:00,1619,1,1,0,0,O,RAINING,WET,0,COLLISION WITH ANIMAL NON INTERSECTION,SINGLE VEHICLE,STRAIGHT & LEVEL,DAYLIGHT,0,0,0,1
27821098,CAMPBELL,,OTHR,,POPLAR RIDGE,RD,,38.97359999,-84.39213763,0.005,2/24/2021 0:00,1454,2,2,0,0,O,CLEAR,DRY,0,OTHER INTERSECTION COLLISIONS,REAR END,STRAIGHT & HILLCREST,DAYLIGHT,1,0,0,1
27824518,CAMPBELL,I 0471,Interstate,,,,,39.08540974,-84.47465569,0.218,2/24/2021 0:00,1704,2,2,0,0,O,CLOUDY,WET,0,OTHER INTERSECTION COLLISIONS,REAR END,CURVE & GRADE,DAYLIGHT,1,0,0,1
27820727,CAMPBELL,KY1998,StateRoute,1073,INDUSTRIAL,RD,,39.02916349,-84.4446465,2.014,2/25/2021 0:00,920,1,1,0,0,O,CLEAR,DRY,0,RAN OFF ROADWAY (1 VEHICLE WITH/EARTH EMBANKMENT/DITCH),SINGLE VEHICLE,STRAIGHT & LEVEL,DAYLIGHT,0,0,0,1
27822160,CAMPBELL,,OTHR,,FT THOMAS,AVE,N,39.08250193,-84.45098959,0.013,2/25/2021 0:00,738,2,1,0,1,B,CLEAR,DRY,0,COLLISION WITH PEDESTRIAN NON - INTERSECTION,SINGLE VEHICLE,CURVE & LEVEL,DAYLIGHT,0,0,1,0
27821182,CAMPBELL,KY0008,StateRoute,,DAVE COWENS,DR,,39.10085723,-84.48971651,1.352,2/25/2021 0:00,1544,2,2,0,0,O,CLEAR,DRY,0,SIDESWIPE COLLISION - SAME DIRECTION,SIDESWIPE-SAME DIRECTION,STRAIGHT & LEVEL,DAYLIGHT,0,0,0,1
27831221,CAMPBELL,US0027,USRoute,9242,ALEXANDRIA,PIKE,,38.94141246,-84.39424108,8.921,2/25/2021 0:00,1831,2,2,0,0,O,CLEAR,DRY,0,REAR END IN TRAFFIC LANES BOTH VEHICLES MOVING,REAR END,STRAIGHT & LEVEL,DAYLIGHT,0,0,0,1
27864371,CAMPBELL,US0027,USRoute,,ALEXANDRIA,PIKE,,38.91967793,-84.38985683,7.389,2/25/2021 0:00,1208,2,2,0,3,C,CLEAR,DRY,0,REAR END IN TRAFFIC LANES BOTH VEHICLES MOVING,REAR END,STRAIGHT & LEVEL,DAYLIGHT,0,0,0,1
27833705,CAMPBELL,,OTHR,5,SHADOW WOOD,CT,,38.96062351,-84.3752715,0.027,2/26/2021 0:00,2316,2,2,0,0,O,CLEAR,DRY,0,1 VEHICLE PARKED POSITION (NOT PARKING LOT/DRIVEWAY),BACKING,STRAIGHT & LEVEL,DARK (UNKNOWN ROADWAY LIGHTING),0,0,0,1
28269347,CAMPBELL,,OTHR,313,WASHINGTON,ST,,38.96266988,-84.39063144,0.181,2/26/2021 0:00,1142,2,2,0,0,O,CLEAR,DRY,1,1 VEHICLE PARKED POSITION (NOT PARKING LOT/DRIVEWAY),SIDESWIPE-OPPOSITE DIRECTION,STRAIGHT & LEVEL,DAYLIGHT,0,0,0,1
27823866,CAMPBELL,KY0154,StateRoute,,PEACH GROVE,RD,,38.83941799,-84.3458552,2.434,2/26/2021 0:00,1554,1,1,0,0,O,RAINING,WET,0,OTHER COLLISIONS ON SHOULDER,SINGLE VEHICLE,CURVE & LEVEL,OTHER,0,0,0,1
27843485,CAMPBELL,KY0008,StateRoute,,FAIRFIELD,AVE,,39.10183006,-84.48867853,1.447,2/26/2021 0:00,1150,2,2,0,0,O,CLOUDY,DRY,0,ANGLE COLLISION - ONE VEHICLE TURNING LEFT,ANGLE,STRAIGHT & LEVEL,DAYLIGHT,0,0,0,1
27829773,CAMPBELL,KY0471,StateRoute,,KY471,,,39.04220449,-84.45614007,0.37,2/26/2021 0:00,1445,1,1,0,1,B,CLEAR,DRY,0,RAN OFF ROADWAY (1 VEHICLE WITH/EARTH EMBANKMENT/DITCH),SINGLE VEHICLE,STRAIGHT & LEVEL,DAYLIGHT,0,0,0,1
27823454,CAMPBELL,I 0471,Interstate,,,,,39.08541268,-84.47463415,0.217,2/26/2021 0:00,1757,2,2,0,0,O,RAINING,WET,0,OTHER RAMP RELATED COLLISIONS NOT LISTED ABOVE,REAR END,CURVE & LEVEL,DUSK,0,0,0,1
27822344,CAMPBELL,,OTHR,,3RD,ST,W,39.09188961,-84.49924622,0.058,2/26/2021 0:00,945,2,2,0,0,O,CLEAR,DRY,1,1 VEHICLE ENTERING/LEAVING ENTRANCE,ANGLE,CURVE & LEVEL,DAYLIGHT,0,0,0,1
27833686,CAMPBELL,KY0709,StateRoute,,ALEXANDRIA,PIKE,E,38.98854414,-84.39533245,0.455,2/27/2021 0:00,1359,2,2,0,0,O,CLEAR,DRY,0,OTHER INTERSECTION COLLISIONS,REAR END,STRAIGHT & GRADE,DAYLIGHT,1,0,0,1
27826090,CAMPBELL,,OTHR,,10TH,ST,W,39.08581091,-84.4913747,0.479,2/27/2021 0:00,2125,2,2,0,0,O,CLEAR,DRY,0,REAR END - ONE VEHICLE TURNING RIGHT,REAR END,STRAIGHT & LEVEL,DARK-HWY LIGHTED/ON,0,0,0,1
27829223,CAMPBELL,,OTHR,62,TOWER HILL,RD,,39.09573585,-84.44680476,0.23,2/27/2021 0:00,2102,2,2,0,0,O,CLEAR,DRY,0,1 VEHICLE PARKED POSITION (NOT PARKING LOT/DRIVEWAY),BACKING,STRAIGHT & LEVEL,DARK-HWY NOT LIGHTED,0,0,0,1
27827111,CAMPBELL,I 0471,Interstate,,I471 N,,,39.10064345,-84.49466981,4.928,2/27/2021 0:00,1523,2,2,0,0,O,CLEAR,DRY,0,REAR END IN TRAFFIC LANES BOTH VEHICLES MOVING,REAR END,STRAIGHT & LEVEL,DAYLIGHT,0,0,0,1
27827147,CAMPBELL,I 0471,Interstate,,I471 N,,,39.10041074,-84.49426794,4.901,2/27/2021 0:00,1558,2,2,0,0,O,CLOUDY,DRY,0,REAR END IN TRAFFIC LANES BOTH VEHICLES MOVING,REAR END,STRAIGHT & LEVEL,DAYLIGHT,0,0,0,1
27827150,CAMPBELL,I 0471,Interstate,,I471 N,,,39.10077398,-84.49496963,4.947,2/27/2021 0:00,1527,2,2,0,0,O,CLEAR,DRY,0,REAR END IN TRAFFIC LANES BOTH VEHICLES MOVING,REAR END,STRAIGHT & LEVEL,DAYLIGHT,0,0,0,1
27827931,CAMPBELL,,OTHR,104,2ND,ST,E,39.03283381,-84.38531735,0.054,2/28/2021 0:00,1837,2,2,0,0,O,RAINING,WET,1,1 VEHICLE PARKED POSITION (NOT PARKING LOT/DRIVEWAY),BACKING,STRAIGHT & LEVEL,DARK-HWY LIGHTED/ON,0,0,0,1
27828342,CAMPBELL,,OTHR,,9TH,ST,W,39.08496635,-84.49626889,0.294,2/28/2021 0:00,2230,2,2,0,0,O,RAINING,WET,1,1 VEHICLE PARKED POSITION (NOT PARKING LOT/DRIVEWAY),SIDESWIPE-SAME DIRECTION,STRAIGHT & LEVEL,DARK-HWY LIGHTED/ON,0,0,0,1
29422897,CAMPBELL,I 0471,Interstate,,I471 N,,,39.05309729,-84.46856203,0.758,2/28/2021 0:00,848,1,1,0,0,O,RAINING,WATER (STANDING OR MOVING),0,COLLISION WITH FIXED OBJECT NON - INTERSECTION - FIRST EVENT COLLISION 09 - 32 EXCLUDING 16,SINGLE VEHICLE,CURVE & LEVEL,DAYLIGHT,0,0,0,1
27827148,CAMPBELL,I 0471,Interstate,,,,,39.0928217,-84.47908265,0.197,2/28/2021 0:00,1437,2,2,0,0,O,CLOUDY,WET,0,OTHER RAMP RELATED COLLISIONS NOT LISTED ABOVE,REAR TO REAR,CURVE & GRADE,DAYLIGHT,0,0,0,1
27842551,CAMPBELL,KY0009,StateRoute,,LICKING,PIKE,,39.02248008,-84.48097776,17.723,3/1/2021 0:00,745,2,2,0,0,O,CLOUDY,DRY,0,OTHER ROADWAY OR MID-BLOCK COLLISION,REAR END,STRAIGHT & LEVEL,DAYLIGHT,0,0,0,1
27834007,CAMPBELL,US0027,USRoute,,ALEXANDRIA,PIKE,,39.01880173,-84.43658879,15.098,3/1/2021 0:00,1458,2,2,0,0,O,CLEAR,DRY,0,ANGLE COLLISION - OTHER,ANGLE,STRAIGHT & LEVEL,DAYLIGHT,0,0,0,1
27845396,CAMPBELL,,OTHR,301,RIVERBOAT,ROW,,39.09835376,-84.49345992,0.38,3/1/2021 0:00,1503,1,1,0,0,O,CLOUDY,DRY,1,COLLISION WITH FIXED OBJECT NON - INTERSECTION - FIRST EVENT COLLISION 09 - 32 EXCLUDING 16,SINGLE VEHICLE,STRAIGHT & LEVEL,DAYLIGHT,0,0,0,1
27842549,CAMPBELL,KY1998,StateRoute,,POOLES CREEK,RD,,39.01091178,-84.46852405,0.07,3/1/2021 0:00,641,2,2,0,0,O,CLOUDY,DRY,0,HEAD-ON COLLISION,HEAD ON,STRAIGHT & LEVEL,DAWN,0,0,0,1
27832847,CAMPBELL,,OTHR,500,LINDSEY,ST,,39.08272605,-84.49862611,0.037,3/1/2021 0:00,2034,2,2,0,0,O,CLEAR,DRY,0,1 VEHICLE PARKED POSITION (NOT PARKING LOT/DRIVEWAY),HEAD ON,STRAIGHT & LEVEL,DARK-HWY LIGHTED/ON,0,0,0,1
27837588,CAMPBELL,US0027,USRoute,1500,MONMOUTH,ST,,39.08398252,-84.48417112,21.229,3/2/2021 0:00,2350,2,2,0,0,O,CLEAR,DRY,0,SIDESWIPE COLLISION - SAME DIRECTION,SIDESWIPE-SAME DIRECTION,STRAIGHT & LEVEL,DARK-HWY LIGHTED/ON,0,0,0,1
27838769,CAMPBELL,KY1998,StateRoute,,INDUSTRIAL,RD,,39.03195934,-84.4393554,2.39,3/2/2021 0:00,646,1,1,0,0,O,CLEAR,ICE,0,COLLISION WITH FIXED OBJECT NON - INTERSECTION - FIRST EVENT COLLISION 09 - 32 EXCLUDING 16,SINGLE VEHICLE,CURVE & LEVEL,DARK-HWY NOT LIGHTED,0,0,0,1
27846595,CAMPBELL,KY1120,StateRoute,,MEMORIAL,PKWY,,39.09242119,-84.47559124,1.647,3/2/2021 0:00,130,1,1,0,0,O,CLEAR,DRY,0,COLLISION WITH FIXED OBJECT NON - INTERSECTION - FIRST EVENT COLLISION 09 - 32 EXCLUDING 16,SINGLE VEHICLE,CURVE & LEVEL,DARK-HWY LIGHTED/ON,0,0,0,1
27844363,CAMPBELL,US0027,USRoute,,ALEXANDRIA,PIKE,,38.98309749,-84.39970214,11.983,3/2/2021 0:00,1710,2,2,0,0,O,CLEAR,DRY,1,OTHER INTERSECTION COLLISIONS,REAR END,STRAIGHT & GRADE,DAYLIGHT,1,0,0,1
27852473,CAMPBELL,,OTHR,,WASHINGTON,AVE,,39.08972575,-84.48787105,0.499,3/2/2021 0:00,1714,2,2,0,0,O,CLEAR,DRY,0,1 VEHICLE ENTERING/LEAVING ENTRANCE,ANGLE,STRAIGHT & LEVEL,DAYLIGHT,0,0,0,1
27842550,CAMPBELL,I 0275,Interstate,,,,,39.04259935,-84.46817659,0.565,3/2/2021 0:00,846,1,1,0,0,O,CLEAR,DRY,0,COLLISION WITH FIXED OBJECT NOT IN GORE ,SINGLE VEHICLE,CURVE & LEVEL,DAYLIGHT,0,0,0,1
27843603,CAMPBELL,US0027,USRoute,4318,ALEXANDRIA,PIKE,,39.01810725,-84.43578513,15.024,3/3/2021 0:00,1500,2,2,0,0,O,CLEAR,DRY,0,OTHER ROADWAY OR MID-BLOCK COLLISION,REAR END,STRAIGHT & LEVEL,DAYLIGHT,0,0,0,1
27887194,CAMPBELL,,OTHR,33,DONNERMEYER,BLVD,,39.09800342,-84.48188008,0.094,3/3/2021 0:00,1629,1,1,0,0,O,CLEAR,DRY,0,OTHER ROADWAY OR MID-BLOCK COLLISION,SINGLE VEHICLE,STRAIGHT & LEVEL,DAYLIGHT,0,0,0,1
27848311,CAMPBELL,,OTHR,,HOPE,LN,,39.03354661,-84.44638911,0.066,3/3/2021 0:00,1720,2,2,0,0,O,CLEAR,DRY,0,VEHICLE BACKING NON INTERSECTION,BACKING,STRAIGHT & LEVEL,DAYLIGHT,0,0,0,1
27852469,CAMPBELL,US0027,USRoute,,MONMOUTH,ST,,39.08410961,-84.48466809,21.257,3/3/2021 0:00,1654,2,2,0,0,O,CLEAR,DRY,0,OTHER INTERSECTION COLLISIONS,REAR END,STRAIGHT & LEVEL,DAYLIGHT,1,0,0,1
27839630,CAMPBELL,KY1120,StateRoute,,11TH,ST,W,39.08345733,-84.4923025,0.488,3/3/2021 0:00,1216,2,2,0,0,O,CLEAR,DRY,0,OTHER INTERSECTION COLLISIONS,REAR END,STRAIGHT & LEVEL,DAYLIGHT,1,0,0,1
27844280,CAMPBELL,KY2238,StateRoute,,LOUIE B NUNN,DR,,39.03490235,-84.45478547,0.046,3/3/2021 0:00,1404,2,2,0,0,O,CLEAR,DRY,0,SIDESWIPE-SAME DIRECTION,SIDESWIPE-SAME DIRECTION,STRAIGHT & LEVEL,DAYLIGHT,0,0,0,1
27852470,CAMPBELL,KY0008,StateRoute,,4TH,ST,W,39.09114162,-84.49827751,0.411,3/3/2021 0:00,1627,2,2,0,0,O,CLEAR,DRY,0,1 VEHICLE ENTERING OR LEAVING PARKED POSITION (NOT PARKING LOT),ANGLE,STRAIGHT & LEVEL,DAYLIGHT,0,0,0,1
27852472,CAMPBELL,US0027,USRoute,2000,MONMOUTH,ST,,39.07826088,-84.479758,20.765,3/3/2021 0:00,1112,1,1,0,0,O,CLEAR,DRY,0,COLLISION WITH FIXED OBJECT NON - INTERSECTION - FIRST EVENT COLLISION 09 - 32 EXCLUDING 16,SINGLE VEHICLE,STRAIGHT & LEVEL,DAYLIGHT,0,0,0,1
27847034,CAMPBELL,KY0009,StateRoute,,AA,HWY,,39.01964277,-84.48119151,17.514,3/3/2021 0:00,1639,2,2,0,0,O,CLEAR,DRY,0,SIDESWIPE COLLISION - SAME DIRECTION,SIDESWIPE-SAME DIRECTION,STRAIGHT & LEVEL,DAYLIGHT,0,0,0,1
27852122,CAMPBELL,KY0009,StateRoute,,AA,HWY,,38.99955223,-84.40859491,13.172,3/3/2021 0:00,1411,2,2,0,0,O,CLEAR,DRY,0,SIDESWIPE COLLISION - SAME DIRECTION,SIDESWIPE-SAME DIRECTION,STRAIGHT & LEVEL,DAYLIGHT,0,0,0,1
27839958,CAMPBELL,I 0471,Interstate,,I471 N,,,39.10084231,-84.49511015,4.956,3/3/2021 0:00,1420,3,3,0,0,O,CLEAR,DRY,0,REAR END IN TRAFFIC LANES BOTH VEHICLES MOVING,REAR END,STRAIGHT & LEVEL,DAYLIGHT,0,0,0,1
27848310,CAMPBELL,I 0275,Interstate,,I275 E,,,39.03502955,-84.4703014,76.032,3/3/2021 0:00,742,2,2,0,0,O,CLEAR,DRY,0,REAR END IN TRAFFIC LANES BOTH VEHICLES MOVING,REAR END,STRAIGHT & LEVEL,DAYLIGHT,0,0,0,1
27839637,CAMPBELL,I 0471,Interstate,,I471 N,,,39.10060931,-84.49466073,4.927,3/3/2021 0:00,1247,2,2,0,3,B,CLEAR,DRY,0,REAR END IN TRAFFIC LANES BOTH VEHICLES MOVING,REAR END,STRAIGHT & LEVEL,DAYLIGHT,0,0,0,1
27845433,CAMPBELL,I 0275,Interstate,,I275 E,,,39.02646495,-84.47517093,76.709,3/4/2021 0:00,1430,2,2,0,0,O,CLEAR,DRY,0,REAR END IN TRAFFIC LANES BOTH VEHICLES MOVING,REAR END,STRAIGHT & LEVEL,DAYLIGHT,0,0,0,1
27848670,CAMPBELL,I 0471,Interstate,,I471 S,,,39.06260162,-84.46852401,1.428,3/4/2021 0:00,1445,2,2,0,1,C,CLEAR,DRY,0,SIDESWIPE COLLISION - SAME DIRECTION,SIDESWIPE-SAME DIRECTION,STRAIGHT & LEVEL,DAYLIGHT,0,0,0,1
27845877,CAMPBELL,US0027,USRoute,,ALEXANDRIA,PIKE,,39.02307741,-84.44171129,15.523,3/4/2021 0:00,1428,2,2,0,0,O,CLEAR,DRY,0,OTHER INTERSECTION COLLISIONS,REAR END,STRAIGHT & LEVEL,DAYLIGHT,1,0,0,1
27848316,CAMPBELL,US0027,USRoute,,ALEXANDRIA,PIKE,,39.03490569,-84.45386013,16.605,3/4/2021 0:00,1213,2,2,0,0,O,CLEAR,DRY,0,OTHER INTERSECTION COLLISIONS,REAR END,STRAIGHT & LEVEL,DAYLIGHT,1,0,0,1
27848125,CAMPBELL,US0027,USRoute,,ALEXANDRIA,PIKE,,39.0287455,-84.45026071,16.127,3/4/2021 0:00,1703,2,2,0,0,O,CLEAR,DRY,0,1 VEHICLE ENTERING/LEAVING ENTRANCE,ANGLE,STRAIGHT & LEVEL,DAYLIGHT,0,0,0,1
27852411,CAMPBELL,I 0275,Interstate,,I275 W,,,39.05723223,-84.43093412,,3/4/2021 0:00,1305,3,3,0,0,O,CLEAR,DRY,0,OTHER ROADWAY OR MID-BLOCK COLLISION,REAR END,STRAIGHT & LEVEL,DAYLIGHT,0,0,0,1
27857867,CAMPBELL,US0027,USRoute,424,ALEXANDRIA,PIKE,,39.06479541,-84.46101776,19.324,3/5/2021 0:00,1739,2,2,0,0,O,CLEAR,DRY,0,OTHER ROADWAY OR MID-BLOCK COLLISION,REAR TO REAR,STRAIGHT & LEVEL,DAYLIGHT,0,0,0,1
27887015,CAMPBELL,,OTHR,,RIDGEWOOD,DR,,38.95890306,-84.34365602,1.347,3/5/2021 0:00,1400,2,2,0,0,O,CLEAR,DRY,0,1 VEHICLE ENTERING/LEAVING ENTRANCE,ANGLE,STRAIGHT & LEVEL,DAYLIGHT,0,0,0,1
27852123,CAMPBELL,US0027,USRoute,,ALEXANDRIA,PIKE,,39.0031583,-84.4232129,13.834,3/5/2021 0:00,942,2,2,0,0,O,CLEAR,DRY,0,1 VEHICLE ENTERING/LEAVING ENTRANCE,ANGLE,STRAIGHT & LEVEL,DAYLIGHT,0,0,0,1
27865897,CAMPBELL,,OTHR,,MEADOW TRAIL,DR,,39.02765149,-84.46733369,0.031,3/5/2021 0:00,801,2,2,0,0,O,CLEAR,DRY,0,VEHICLE BACKING NON INTERSECTION,BACKING,CURVE & GRADE,DAYLIGHT,0,0,0,1
27849100,CAMPBELL,KY1120,StateRoute,,11TH,ST,W,39.08383905,-84.49161262,0.533,3/5/2021 0:00,1011,2,2,0,0,O,CLEAR,DRY,0,ANGLE COLLISION - OTHER,ANGLE,STRAIGHT & LEVEL,DAYLIGHT,0,0,0,1
27850094,CAMPBELL,I 0275,Interstate,,I275 W,,,39.02293648,-84.4886847,77.543,3/5/2021 0:00,1708,2,2,0,0,O,CLEAR,DRY,0,SIDESWIPE COLLISION - SAME DIRECTION,SIDESWIPE-SAME DIRECTION,STRAIGHT & LEVEL,DAYLIGHT,0,0,0,1
27861850,CAMPBELL,,OTHR,95,FAREN,DR,,39.03445997,-84.45849124,0.279,3/5/2021 0:00,1250,2,2,0,0,O,CLEAR,DRY,0,1 VEHICLE PARKED POSITION (NOT PARKING LOT/DRIVEWAY),SIDESWIPE-SAME DIRECTION,STRAIGHT & GRADE,DARK (UNKNOWN ROADWAY LIGHTING),0,0,0,1
27853613,CAMPBELL,US0027,USRoute,,MONMOUTH,ST,,39.07852303,-84.48000601,20.789,3/6/2021 0:00,2317,2,2,0,0,O,CLEAR,DRY,0,ANGLE COLLISION - OTHER,ANGLE,STRAIGHT & GRADE,DARK-HWY LIGHTED/ON,0,0,0,1
27857872,CAMPBELL,,OTHR,,CLOVER RIDGE,AVE,,39.09082007,-84.45697549,0.001,3/6/2021 0:00,1649,1,1,0,0,O,CLEAR,DRY,0,COLLISION WITH FIXED OBJECT IN INTERSECTION - FIRST EVENT COLLISION 09 - 32,SINGLE VEHICLE,STRAIGHT & GRADE,DAYLIGHT,1,0,0,1
27899323,CAMPBELL,,OTHR,2882,FENDER,RD,,38.98171379,-84.33406241,0.668,3/6/2021 0:00,2000,1,1,0,0,O,CLEAR,DRY,1,RAN OFF ROADWAY (1 VEHICLE WITH/EARTH EMBANKMENT/DITCH),SINGLE VEHICLE,STRAIGHT & LEVEL,DARK-HWY NOT LIGHTED,0,0,0,1
27861854,CAMPBELL,I 0275,Interstate,,I275 E,,,39.03679972,-84.4701537,75.906,3/7/2021 0:00,1412,2,2,0,0,O,CLEAR,DRY,0,OTHER ROADWAY OR MID-BLOCK COLLISION,REAR TO REAR,STRAIGHT & LEVEL,DAYLIGHT,0,0,0,1
27859638,CAMPBELL,US0027,USRoute,,,,,39.00365895,-84.42263832,0.516,3/7/2021 0:00,1607,2,2,0,0,O,CLEAR,DRY,1,OTHER RAMP RELATED COLLISIONS NOT LISTED ABOVE,REAR END,STRAIGHT & LEVEL,DAYLIGHT,0,0,0,1
27903709,CAMPBELL,KY1996,StateRoute,,CARTHAGE,RD,,38.92837405,-84.33637825,,3/7/2021 0:00,2251,1,1,0,1,C,CLEAR,DRY,0,RAN OFF ROADWAY (1 VEHICLE WITH/EARTH EMBANKMENT/DITCH),SINGLE VEHICLE,CURVE & GRADE,DARK-HWY NOT LIGHTED,0,0,0,1
27887019,CAMPBELL,,OTHR,,POPLAR,ST,,39.10518846,-84.4809189,0.207,3/7/2021 0:00,1500,2,2,0,0,O,CLEAR,DRY,0,ANGLE COLLISION - OTHER,ANGLE,STRAIGHT & LEVEL,DAYLIGHT,0,0,0,1
27861855,CAMPBELL,US0027,USRoute,2515,ALEXANDRIA,PIKE,,39.03777191,-84.45159415,16.866,3/7/2021 0:00,1828,2,2,0,0,O,CLEAR,DRY,0,REAR END IN TRAFFIC LANES BOTH VEHICLES MOVING,REAR END,STRAIGHT & LEVEL,DUSK,0,0,0,1
27856611,CAMPBELL,KY0154,StateRoute,13009,PEACH GROVE,RD,,38.85121189,-84.37159969,0.692,3/7/2021 0:00,1935,1,1,0,0,O,CLEAR,DRY,0,OTHER COLLISIONS ON SHOULDER,SINGLE VEHICLE,CURVE & LEVEL,DARK-HWY NOT LIGHTED,0,0,0,1
27891122,CAMPBELL,,OTHR,,SOUTHVIEW,AVE,,39.063034,-84.44828232,0.004,3/8/2021 0:00,230,2,2,0,0,O,CLEAR,DRY,0,1 VEHICLE PARKED POSITION (NOT PARKING LOT/DRIVEWAY),SIDESWIPE-OPPOSITE DIRECTION,STRAIGHT & LEVEL,DARK-HWY LIGHTED/ON,0,0,0,1
27863334,CAMPBELL,KY1120,StateRoute,2350,MEMORIAL,PKWY,,39.08542386,-84.45087744,3.699,3/8/2021 0:00,2237,1,1,0,0,O,CLEAR,DRY,0,COLLISION WITH FIXED OBJECT NON - INTERSECTION - FIRST EVENT COLLISION 09 - 32 EXCLUDING 16,SINGLE VEHICLE,CURVE & LEVEL,DARK-HWY LIGHTED/ON,0,0,0,1
27872188,CAMPBELL,KY1632,StateRoute,,MOOCK,RD,,39.06069033,-84.4736207,0.97,3/8/2021 0:00,1947,1,1,0,0,O,CLEAR,DRY,0,COLLISION WITH ANIMAL NON INTERSECTION,SINGLE VEHICLE,STRAIGHT & LEVEL,DARK-HWY NOT LIGHTED,0,0,0,1
27862950,CAMPBELL,I 0471,Interstate,,,,,39.0675443,-84.46603918,0.375,3/8/2021 0:00,1110,2,2,0,2,B,CLEAR,DRY,0,OTHER RAMP RELATED COLLISIONS NOT LISTED ABOVE,SIDESWIPE-SAME DIRECTION,STRAIGHT & LEVEL,DAYLIGHT,0,0,0,1
27863337,CAMPBELL,KY1120,StateRoute,,FT THOMAS,AVE,N,39.08091128,-84.44926199,4.056,3/9/2021 0:00,650,2,2,0,0,O,CLEAR,DRY,0,1 VEHICLE PARKED POSITION (NOT PARKING LOT/DRIVEWAY),BACKING,STRAIGHT & LEVEL,DAWN,0,0,0,1
27865076,CAMPBELL,,OTHR,187,NEWPORT PAVILION,,,39.08656892,-84.47716289,0.586,3/9/2021 0:00,1329,2,2,0,0,O,CLOUDY,DRY,0,SIDESWIPE COLLISION - SAME DIRECTION,SIDESWIPE-SAME DIRECTION,STRAIGHT & GRADE,DAYLIGHT,0,0,0,1
27869201,CAMPBELL,US0027,USRoute,10,3RD,ST,E,39.09366966,-84.49653299,22.237,3/10/2021 0:00,800,2,2,0,0,O,CLEAR,DRY,0,OTHER ROADWAY OR MID-BLOCK COLLISION,REAR END,STRAIGHT & LEVEL,DAYLIGHT,0,0,0,1
27869422,CAMPBELL,I 0471,Interstate,,I471 S,,,39.08156951,-84.47163154,3.004,3/10/2021 0:00,1450,1,1,0,0,O,CLOUDY,DRY,0,OTHER ROADWAY OR MID-BLOCK COLLISION,SINGLE VEHICLE,STRAIGHT & LEVEL,DAYLIGHT,0,0,0,1
27893476,CAMPBELL,KY0008,StateRoute,336,FAIRFIELD,AVE,,39.10707929,-84.48230931,1.944,3/10/2021 0:00,130,3,3,0,1,B,CLEAR,DRY,0,1 VEHICLE PARKED POSITION (NOT PARKING LOT/DRIVEWAY),REAR END,STRAIGHT & LEVEL,DARK-HWY LIGHTED/ON,0,0,0,1
27871478,CAMPBELL,,OTHR,121,10TH,ST,W,39.08492327,-84.49297534,0.373,3/10/2021 0:00,1750,2,2,0,0,O,CLEAR,DRY,0,1 VEHICLE PARKED POSITION (NOT PARKING LOT/DRIVEWAY),REAR END,STRAIGHT & LEVEL,DAYLIGHT,0,0,0,1
27872190,CAMPBELL,I 0275,Interstate,,I275 W,,,39.02443864,-84.47943085,77.014,3/10/2021 0:00,554,1,1,0,0,O,CLEAR,DRY,0,COLLISION WITH ANIMAL NON INTERSECTION,SINGLE VEHICLE,STRAIGHT & GRADE,DARK-HWY LIGHTED/ON,0,0,0,1
27869395,CAMPBELL,I 0471,Interstate,2,I471 S,,,39.07921064,-84.47075525,2.835,3/10/2021 0:00,1500,1,1,0,0,O,CLEAR,DRY,0,COLLISION WITH NON-FIXED OBJECT ,SINGLE VEHICLE,STRAIGHT & LEVEL,DAYLIGHT,0,0,0,1
27869393,CAMPBELL,US0027,USRoute,,3RD,ST,E,39.09363515,-84.49685973,22.256,3/10/2021 0:00,1127,2,2,0,0,O,CLOUDY,DRY,0,SIDESWIPE-SAME DIRECTION,SIDESWIPE-SAME DIRECTION,CURVE & LEVEL,DAYLIGHT,0,0,0,1
27886734,CAMPBELL,,OTHR,,PAT FANNING,,,38.98288841,-84.40000046,,3/11/2021 0:00,1350,2,2,0,0,O,CLEAR,DRY,0,ANGLE COLLISION - OTHER,ANGLE,STRAIGHT & LEVEL,DAYLIGHT,0,0,0,1
27872124,CAMPBELL,,OTHR,,HIGHLAND,AVE,,39.0714591,-84.46904272,0.062,3/11/2021 0:00,37,1,1,0,0,O,CLOUDY,DRY,0,COLLISION WITH ANIMAL NON INTERSECTION,SINGLE VEHICLE,STRAIGHT & LEVEL,DUSK,0,0,0,1