IncidentID,County,RdwyNumber,RdwyType,Street,RoadwayName,StreetSfx,StreetDir,Latitude,Longitude,Milepoint,CollisionDate,CollisionTime,UnitsInvolved,MotorVehiclesInvolved,NumberKilled,NumberInjured,KABCO,Weather,RdwyConditionCode,HitandRun,DirAnalysisCode,MannerofCollision,RdwyCharacter,LightCondition,Intersection Crash,Bicyclist,Pedestrian,Motor Vehicles
27877272,CAMPBELL,,OTHR,,NEWPORT PAVILION,,,39.08637167,-84.47723985,0.6,3/11/2021 0:00,1241,3,3,0,1,C,CLEAR,WET,1,OTHER INTERSECTION COLLISIONS,REAR END,STRAIGHT & LEVEL,DAYLIGHT,1,0,0,1
27874326,CAMPBELL,,OTHR,517,7TH,ST,W,39.08596438,-84.50132129,0.475,3/11/2021 0:00,739,2,2,0,0,O,CLEAR,DRY,0,1 VEHICLE PARKED POSITION (NOT PARKING LOT/DRIVEWAY),BACKING,STRAIGHT & LEVEL,DAYLIGHT,0,0,0,1
27876328,CAMPBELL,I 0275,Interstate,,I275 W,,,39.02963856,-84.47142661,76.46,3/11/2021 0:00,2104,2,2,0,0,O,RAINING,WET,0,SIDESWIPE COLLISION - SAME DIRECTION,SIDESWIPE-SAME DIRECTION,CURVE & GRADE,DARK-HWY LIGHTED/ON,0,0,0,1
27878592,CAMPBELL,I 0275,Interstate,,I275 E,,,39.04358854,-84.46754612,75.361,3/12/2021 0:00,1441,2,2,0,2,C,CLEAR,DRY,0,REAR END IN TRAFFIC LANES BOTH VEHICLES MOVING,REAR END,CURVE & LEVEL,DAYLIGHT,0,0,0,1
27879085,CAMPBELL,KY1892,StateRoute,,GRAND,AVE,,39.08544252,-84.47478755,1.982,3/12/2021 0:00,1900,2,2,0,0,O,CLEAR,DRY,0,REAR END IN TRAFFIC LANES BOTH VEHICLES MOVING,REAR END,CURVE & LEVEL,DARK-HWY LIGHTED/ON,0,0,0,1
27887020,CAMPBELL,,OTHR,3710,CLIFFWOOD,DR,,38.97458377,-84.37261818,0.071,3/12/2021 0:00,1810,2,2,0,0,O,CLEAR,DRY,0,1 VEHICLE PARKED POSITION (NOT PARKING LOT/DRIVEWAY),SIDESWIPE-SAME DIRECTION,STRAIGHT & LEVEL,DAYLIGHT,0,0,0,1
27886120,CAMPBELL,,OTHR,,CUSTIS,AVE,,39.07163407,-84.4700188,0.026,3/12/2021 0:00,1220,2,2,0,0,O,CLOUDY,DRY,0,1 VEHICLE PARKED POSITION (NOT PARKING LOT/DRIVEWAY),BACKING,STRAIGHT & GRADE,DAYLIGHT,0,0,0,1
27897905,CAMPBELL,,OTHR,,6TH,ST,E,39.09265534,-84.49152143,0.541,3/12/2021 0:00,1540,2,2,0,0,O,CLEAR,DRY,1,COLLISION WITH PARKED VEHICLE,SIDESWIPE-SAME DIRECTION,STRAIGHT & LEVEL,DAYLIGHT,0,0,0,1
27889263,CAMPBELL,,OTHR,,LAKE,ST,,38.86021221,-84.38742974,0.07,3/12/2021 0:00,2014,1,1,0,0,O,CLEAR,DRY,0,COLLISION WITH FIXED OBJECT IN INTERSECTION - FIRST EVENT COLLISION 09 - 32,SINGLE VEHICLE,STRAIGHT & LEVEL,DARK-HWY LIGHTED/ON,1,0,0,1
27876833,CAMPBELL,KY1892,StateRoute,,GRAND,AVE,,39.08513301,-84.47432068,1.962,3/12/2021 0:00,854,2,2,0,0,O,CLEAR,DRY,0,ANGLE COLLISION - OTHER,ANGLE,STRAIGHT & GRADE,DAYLIGHT,0,0,0,1
27939036,CAMPBELL,KY1120,StateRoute,,11TH,ST,W,39.0813983,-84.49604294,0.242,3/13/2021 0:00,1515,2,2,0,0,O,CLEAR,DRY,1,OTHER INTERSECTION COLLISIONS,REAR END,STRAIGHT & LEVEL,DAYLIGHT,1,0,0,1
27882620,CAMPBELL,I 0275,Interstate,,I275 W,,,39.04930623,-84.44901848,,3/13/2021 0:00,1909,1,1,0,0,O,CLOUDY,DRY,0,COLLISION WITH ANIMAL NON INTERSECTION,SINGLE VEHICLE,CURVE & GRADE,DARK-HWY LIGHTED/ON,0,0,0,1
27928488,CAMPBELL,KY0008,StateRoute,,6TH,AVE,,39.10932568,-84.47957583,2.158,3/13/2021 0:00,1659,2,2,0,0,O,CLEAR,DRY,0,1 VEHICLE PARKED POSITION (NOT PARKING LOT/DRIVEWAY),SIDESWIPE-SAME DIRECTION,STRAIGHT & LEVEL,DAYLIGHT,0,0,0,1
27887544,CAMPBELL,I 0275,Interstate,,I275 E,,,39.03520087,-84.47026709,76.02,3/13/2021 0:00,1405,2,2,0,3,B,CLEAR,DRY,0,REAR END IN TRAFFIC LANES BOTH VEHICLES MOVING,REAR END,STRAIGHT & LEVEL,DAYLIGHT,0,0,0,1
27887545,CAMPBELL,I 0275,Interstate,,I275 W,,,39.03498729,-84.47058524,76.109,3/13/2021 0:00,1406,2,2,0,0,O,CLEAR,DRY,1,SIDESWIPE COLLISION - SAME DIRECTION,SIDESWIPE-SAME DIRECTION,STRAIGHT & LEVEL,DAYLIGHT,0,0,0,1
27887192,CAMPBELL,KY0008,StateRoute,,FAIRFIELD,AVE,,39.10341161,-84.48675485,1.596,3/13/2021 0:00,2020,2,2,0,0,O,CLEAR,DRY,0,SIDESWIPE COLLISION - OPPOSITE DIRECTION,SIDESWIPE-OPPOSITE DIRECTION,STRAIGHT & LEVEL,DARK-HWY LIGHTED/ON,0,0,0,1
27887542,CAMPBELL,US0027,USRoute,2700,ALEXANDRIA,PIKE,,39.03368529,-84.45319301,16.503,3/13/2021 0:00,1144,2,2,0,0,O,CLOUDY,DRY,0,OTHER ROADWAY OR MID-BLOCK COLLISION,REAR END,STRAIGHT & GRADE,DAYLIGHT,0,0,0,1
27883351,CAMPBELL,I 0471,Interstate,,,,,39.10080367,-84.48977744,0.553,3/13/2021 0:00,1526,2,2,0,0,O,CLOUDY,DRY,0,OTHER RAMP RELATED COLLISIONS NOT LISTED ABOVE,REAR END,STRAIGHT & LEVEL,DAYLIGHT,0,0,0,1
27994206,CAMPBELL,US0027,USRoute,700,YORK,ST,,39.08946902,-84.4936885,21.985,3/13/2021 0:00,1700,2,2,0,0,O,CLEAR,DRY,0,1 VEHICLE ENTERING/LEAVING ENTRANCE,ANGLE,STRAIGHT & LEVEL,DAYLIGHT,0,0,0,1
27881647,CAMPBELL,,OTHR,,5TH,ST,W,39.08789024,-84.50252394,0.037,3/13/2021 0:00,2130,2,2,0,0,O,CLEAR,DRY,0,1 VEHICLE ENTERING/LEAVING ENTRANCE,ANGLE,STRAIGHT & LEVEL,DARK-HWY LIGHTED/OFF,0,0,0,1
27903164,CAMPBELL,US0027,USRoute,700,YORK,ST,,39.08918174,-84.49338634,21.96,3/14/2021 0:00,30,2,2,0,0,O,CLEAR,DRY,1,1 VEHICLE PARKED POSITION (NOT PARKING LOT/DRIVEWAY),REAR END,STRAIGHT & GRADE,DARK-HWY LIGHTED/ON,0,0,0,1
27888522,CAMPBELL,KY0009,StateRoute,,AA,HWY,,38.97408861,-84.36092137,9.965,3/14/2021 0:00,2010,1,1,0,0,O,CLOUDY,DRY,0,COLLISION WITH ANIMAL NON INTERSECTION,SINGLE VEHICLE,STRAIGHT & GRADE,DARK-HWY NOT LIGHTED,0,0,0,1
27886121,CAMPBELL,KY1120,StateRoute,1118,FT THOMAS,AVE,S,39.06396683,-84.44735607,5.403,3/14/2021 0:00,1833,1,1,0,0,O,CLOUDY,DRY,0,COLLISION WITH FIXED OBJECT NON - INTERSECTION - FIRST EVENT COLLISION 09 - 32 EXCLUDING 16,SINGLE VEHICLE,STRAIGHT & LEVEL,DAYLIGHT,0,0,0,1
27887190,CAMPBELL,,OTHR,508,COVERT RUN,PIKE,,39.09992053,-84.47472078,0.278,3/14/2021 0:00,1605,1,1,0,0,O,CLEAR,DRY,0,COLLISION WITH FIXED OBJECT NON - INTERSECTION - FIRST EVENT COLLISION 09 - 32 EXCLUDING 16,SINGLE VEHICLE,CURVE & GRADE,DAYLIGHT,0,0,0,1
27921787,CAMPBELL,US0027,USRoute,,ALEXANDRIA,PIKE,,38.89269397,-84.38560058,5.463,3/14/2021 0:00,447,1,1,0,0,O,CLEAR,DRY,0,COLLISION WITH ANIMAL NON INTERSECTION,SINGLE VEHICLE,STRAIGHT & LEVEL,DARK-HWY NOT LIGHTED,0,0,0,1
27886122,CAMPBELL,,OTHR,,NEWMAN,AVE,,39.07855241,-84.46209151,0.166,3/14/2021 0:00,1905,3,3,0,0,O,CLOUDY,DRY,0,COLLISION WITH PARKED VEHICLE,SIDESWIPE-SAME DIRECTION,STRAIGHT & HILLCREST,DAYLIGHT,0,0,0,1
27900560,CAMPBELL,,OTHR,86,HENRY,CT,,39.08365266,-84.44425375,0.018,3/14/2021 0:00,2330,2,2,0,0,O,,,1,COLLISION WITH PARKED VEHICLE,SIDESWIPE-OPPOSITE DIRECTION,STRAIGHT & LEVEL,UNKNOWN,0,0,0,1
27904400,CAMPBELL,KY1892,StateRoute,100,GRAND,AVE,,39.08178615,-84.46960624,1.63,3/15/2021 0:00,1400,2,2,0,0,O,CLEAR,DRY,0,REAR END IN TRAFFIC LANES BOTH VEHICLES MOVING,REAR END,STRAIGHT & LEVEL,DAYLIGHT,0,0,0,1
27890975,CAMPBELL,US0027,USRoute,5400,ALEXANDRIA,PIKE,,39.00003352,-84.41971569,13.557,3/15/2021 0:00,758,2,2,0,0,O,CLOUDY,DRY,0,OTHER ROADWAY OR MID-BLOCK COLLISION,REAR END,STRAIGHT & LEVEL,DARK-HWY LIGHTED/ON,0,0,0,1
27927277,CAMPBELL,US0027,USRoute,2557,ALEXANDRIA,PIKE,,39.03699447,-84.45330884,16.768,3/16/2021 0:00,1507,2,2,0,0,O,CLEAR,DRY,0,OTHER ROADWAY OR MID-BLOCK COLLISION,REAR END,STRAIGHT & LEVEL,DAYLIGHT,0,0,0,1
27904545,CAMPBELL,KY1998,StateRoute,,INDUSTRIAL,RD,,39.04385864,-84.42059638,3.9,3/16/2021 0:00,1525,2,2,0,0,O,CLEAR,DRY,0,REAR END IN TRAFFIC LANES BOTH VEHICLES MOVING,REAR END,STRAIGHT & LEVEL,DAYLIGHT,0,0,0,1
27915758,CAMPBELL,,OTHR,176,HOLIDAY,LN,,39.06960962,-84.46027313,0.191,3/16/2021 0:00,2140,2,1,0,0,O,CLEAR,DRY,0,1 VEHICLE PARKED POSITION (NOT PARKING LOT/DRIVEWAY),BACKING,STRAIGHT & LEVEL,DARK-HWY LIGHTED/ON,0,0,0,1
27892494,CAMPBELL,KY1892,StateRoute,75,CAROTHERS,RD,,39.08493601,-84.4809186,2.386,3/16/2021 0:00,1348,2,2,0,0,O,CLEAR,DRY,0,SIDESWIPE COLLISION - SAME DIRECTION,SIDESWIPE-SAME DIRECTION,STRAIGHT & GRADE,DAYLIGHT,0,0,0,1
27904544,CAMPBELL,KY1121,StateRoute,,PERSIMMON GROVE,PIKE,,38.90351251,-84.34597492,5.541,3/16/2021 0:00,811,1,1,0,0,O,CLOUDY,DRY,0,COLLISION WITH ANIMAL NON INTERSECTION,SINGLE VEHICLE,CURVE & LEVEL,DAWN,0,0,0,1
27908484,CAMPBELL,,OTHR,926,WALNUT,ST,,39.10734549,-84.47560115,0.149,3/17/2021 0:00,1805,1,1,0,0,O,CLOUDY,DRY,0,COLLISION WITH FIXED OBJECT NON - INTERSECTION - FIRST EVENT COLLISION 09 - 32 EXCLUDING 16,SINGLE VEHICLE,STRAIGHT & GRADE,DAYLIGHT,0,0,0,1
27904547,CAMPBELL,KY0008,StateRoute,,MARY INGLES,HWY,,39.03966202,-84.40499753,9.956,3/17/2021 0:00,650,1,1,0,0,O,CLOUDY,DRY,0,COLLISION WITH ANIMAL NON INTERSECTION,SINGLE VEHICLE,STRAIGHT & LEVEL,DARK-HWY LIGHTED/ON,0,0,0,1
27907852,CAMPBELL,,OTHR,,WASHINGTON,AVE,,39.10367352,-84.47931226,0.23,3/17/2021 0:00,2137,2,2,0,0,O,RAINING,WET,0,ANGLE COLLISION - OTHER,ANGLE,STRAIGHT & LEVEL,DARK-HWY LIGHTED/ON,0,0,0,1
27929321,CAMPBELL,US0027,USRoute,,ALEXANDRIA,PIKE,,38.95764074,-84.3931833,10.045,3/17/2021 0:00,1609,2,2,0,0,O,CLEAR,DRY,0,ANGLE COLLISION - OTHER,ANGLE,STRAIGHT & HILLCREST,DAYLIGHT,0,0,0,1
27897363,CAMPBELL,,OTHR,,JOHN,ALY,,39.08585992,-84.48824315,0.093,3/17/2021 0:00,1230,2,2,0,0,O,CLEAR,DRY,0,ANGLE COLLISION - OTHER,ANGLE,STRAIGHT & HILLCREST,DAYLIGHT,0,0,0,1
27899056,CAMPBELL,,OTHR,,DAYTON,ST,,39.08864057,-84.48991369,0.274,3/17/2021 0:00,1840,2,2,0,0,O,RAINING,WET,0,VEHICLE BACKING IN INTERSECTION,BACKING,STRAIGHT & LEVEL,DUSK,1,0,0,1
27900788,CAMPBELL,,OTHR,134,BURNEY,LN,,39.06874369,-84.45600763,0.102,3/17/2021 0:00,1602,2,1,0,0,O,CLEAR,DRY,0,1 VEHICLE PARKED POSITION (NOT PARKING LOT/DRIVEWAY),BACKING,STRAIGHT & LEVEL,DAYLIGHT,0,0,0,1
27899438,CAMPBELL,KY1892,StateRoute,75,CAROTHERS,RD,,39.08642762,-84.47833531,2.21,3/17/2021 0:00,1830,2,2,0,0,O,RAINING,WET,1,REAR END IN TRAFFIC LANES BOTH VEHICLES MOVING,REAR END,STRAIGHT & GRADE,DAYLIGHT,0,0,0,1
27901558,CAMPBELL,,OTHR,,ALEXANDRIA,PIKE,,39.06727226,-84.46591363,,3/17/2021 0:00,2004,2,2,0,0,O,RAINING,WET,0,OTHER ROADWAY OR MID-BLOCK COLLISION,OPPOSING LEFT TURN,STRAIGHT & LEVEL,DARK-HWY LIGHTED/ON,0,0,0,1
27899446,CAMPBELL,KY1892,StateRoute,35,CAROTHERS,RD,,39.08643269,-84.47777953,2.181,3/17/2021 0:00,2138,2,2,0,0,O,RAINING,WET,1,1 VEHICLE ENTERING/LEAVING ENTRANCE,ANGLE,STRAIGHT & HILLCREST,DARK-HWY LIGHTED/ON,0,0,0,1
27908480,CAMPBELL,US0027,USRoute,,ALEXANDRIA,PIKE,,39.02845128,-84.45018517,16.109,3/18/2021 0:00,1657,2,2,0,0,O,CLOUDY,DRY,0,OTHER ROADWAY OR MID-BLOCK COLLISION,REAR END,STRAIGHT & LEVEL,DAYLIGHT,0,0,0,1
29151592,CAMPBELL,KY0536,StateRoute,566,CREEKTRACE,RD,,38.92792022,-84.4280122,1.293,3/18/2021 0:00,2220,1,1,0,0,O,RAINING,WET,0,OTHER ROADWAY OR MID-BLOCK COLLISION,SINGLE VEHICLE,CURVE & LEVEL,DARK-HWY NOT LIGHTED,0,0,0,1
27914826,CAMPBELL,,OTHR,45,ALTAMONT,CT,,39.07000163,-84.44420821,0.107,3/18/2021 0:00,1400,2,2,0,0,O,CLOUDY,DRY,1,1 VEHICLE PARKED POSITION (NOT PARKING LOT/DRIVEWAY),SIDESWIPE-SAME DIRECTION,STRAIGHT & GRADE,DAYLIGHT,0,0,0,1
27903880,CAMPBELL,KY0009,StateRoute,200,12TH,ST,W,39.08208659,-84.49148889,22.33,3/18/2021 0:00,2216,2,2,0,0,O,RAINING,WET,0,1 VEHICLE PARKED POSITION (NOT PARKING LOT/DRIVEWAY),SIDESWIPE-SAME DIRECTION,STRAIGHT & LEVEL,DARK-HWY NOT LIGHTED,0,0,0,1
27914245,CAMPBELL,I 0471,Interstate,,I471 N,,,39.05357928,-84.46894127,0.796,3/18/2021 0:00,910,2,2,0,0,O,RAINING,WET,0,SIDESWIPE COLLISION - SAME DIRECTION,SIDESWIPE-SAME DIRECTION,CURVE & LEVEL,DAYLIGHT,0,0,0,1
27958190,CAMPBELL,I 0471,Interstate,,I471 S,,,39.05644536,-84.46963419,0.968,3/18/2021 0:00,1444,2,2,0,0,O,CLOUDY,FLOODED,0,SIDESWIPE COLLISION - SAME DIRECTION,SIDESWIPE-SAME DIRECTION,STRAIGHT & LEVEL,DAYLIGHT,0,0,0,1
27914829,CAMPBELL,I 0471,Interstate,,I471 S,,,39.07294961,-84.46440375,2.272,3/18/2021 0:00,2037,1,1,0,1,B,CLEAR,DRY,0,OTHER COLLISIONS ON SHOULDER,SINGLE VEHICLE,CURVE & LEVEL,DARK-HWY LIGHTED/ON,0,0,0,1
27904241,CAMPBELL,KY1632,StateRoute,,MOOCK,RD,,39.06437556,-84.46960778,1.322,3/18/2021 0:00,1345,1,1,0,0,O,RAINING,WET,1,COLLISION WITH FIXED OBJECT NON - INTERSECTION - FIRST EVENT COLLISION 09 - 32 EXCLUDING 16,SINGLE VEHICLE,STRAIGHT & GRADE,DAYLIGHT,0,0,0,1
27918700,CAMPBELL,US0027,USRoute,9242,ALEXANDRIA,PIKE,,38.94030901,-84.39422677,8.851,3/19/2021 0:00,1528,2,2,0,2,C,CLEAR,DRY,0,ANGLE COLLISION - ONE VEHICLE TURNING LEFT,ANGLE,STRAIGHT & LEVEL,DAYLIGHT,0,0,0,1
27942179,CAMPBELL,US0027,USRoute,,ALEXANDRIA,PIKE,,38.92532335,-84.39253238,7.803,3/19/2021 0:00,2145,2,1,0,1,A,CLEAR,DRY,0,COLLISION WITH PEDESTRIAN IN INTERSECTION,SINGLE VEHICLE,STRAIGHT & LEVEL,DARK-HWY NOT LIGHTED,1,0,1,0
27908238,CAMPBELL,KY0009,StateRoute,,AA,HWY,,39.02009617,-84.48149902,17.548,3/19/2021 0:00,1225,2,2,0,0,O,CLEAR,DRY,0,SIDESWIPE COLLISION - SAME DIRECTION,SIDESWIPE-SAME DIRECTION,STRAIGHT & LEVEL,DAYLIGHT,0,0,0,1
27906670,CAMPBELL,,OTHR,1450,ST JOHNS,LN,,39.01091481,-84.4697944,0.075,3/19/2021 0:00,1731,2,2,0,0,O,CLOUDY,DRY,0,SIDESWIPE COLLISION - OPPOSITE DIRECTION,SIDESWIPE-OPPOSITE DIRECTION,CURVE & LEVEL,DAYLIGHT,0,0,0,1
27915812,CAMPBELL,,OTHR,7808,ARCADIA,BLVD,,38.97959037,-84.40345385,,3/19/2021 0:00,1600,2,2,0,0,O,CLEAR,DRY,1,1 VEHICLE PARKED POSITION (NOT PARKING LOT/DRIVEWAY),HEAD ON,STRAIGHT & LEVEL,DAYLIGHT,0,0,0,1
27907854,CAMPBELL,KY0008,StateRoute,,FAIRFIELD,AVE,,39.10340684,-84.48681612,1.594,3/19/2021 0:00,1833,3,3,0,0,O,CLEAR,DRY,0,OTHER ROADWAY OR MID-BLOCK COLLISION,REAR TO REAR,STRAIGHT & LEVEL,DAYLIGHT,0,0,0,1
27907855,CAMPBELL,KY0008,StateRoute,,FAIRFIELD,AVE,,39.10442213,-84.48552334,1.676,3/19/2021 0:00,1728,2,2,0,0,O,CLEAR,DRY,0,OTHER ROADWAY OR MID-BLOCK COLLISION,REAR END,STRAIGHT & LEVEL,DAYLIGHT,0,0,0,1
27915162,CAMPBELL,US0027,USRoute,,ALEXANDRIA,PIKE,,39.02498398,-84.44431497,15.704,3/20/2021 0:00,1823,2,2,0,0,O,CLEAR,DRY,0,OTHER ROADWAY OR MID-BLOCK COLLISION,REAR END,STRAIGHT & LEVEL,DAYLIGHT,0,0,0,1
27925145,CAMPBELL,,OTHR,100,LOUIE B NUNN,DR,,39.03316882,-84.46099528,0.051,3/20/2021 0:00,1103,1,1,0,0,O,CLEAR,DRY,0,OTHER COLLISIONS ON SHOULDER,SINGLE VEHICLE,CURVE & HILLCREST,DAYLIGHT,0,0,0,1
27917146,CAMPBELL,,OTHR,10545,LICKING,PIKE,S,38.91117326,-84.39472329,1.687,3/20/2021 0:00,1415,1,1,0,0,O,CLEAR,DRY,1,OTHER COLLISIONS ON SHOULDER,SINGLE VEHICLE,CURVE & GRADE,DAYLIGHT,0,0,0,1
27924834,CAMPBELL,KY0009,StateRoute,,LICKING,PIKE,,39.05106913,-84.48981072,19.82,3/20/2021 0:00,959,2,2,0,0,O,CLEAR,DRY,0,SIDESWIPE COLLISION - SAME DIRECTION,SIDESWIPE-SAME DIRECTION,CURVE & GRADE,DAYLIGHT,0,0,0,1
27908732,CAMPBELL,KY0009,StateRoute,700 BLOCK,CENTRAL,AVE,,39.08770863,-84.49617369,22.81,3/20/2021 0:00,1320,2,2,0,0,O,CLEAR,DRY,1,1 VEHICLE ENTERING OR LEAVING PARKED POSITION (NOT PARKING LOT),SIDESWIPE-SAME DIRECTION,STRAIGHT & LEVEL,DAYLIGHT,0,0,0,1
27937197,CAMPBELL,KY0008,StateRoute,,MARY INGLES,HWY,,39.03027297,-84.3687628,12.019,3/21/2021 0:00,2046,1,1,0,0,O,CLEAR,DRY,0,COLLISION WITH FIXED OBJECT IN INTERSECTION - FIRST EVENT COLLISION 09 - 32,SINGLE VEHICLE,STRAIGHT & LEVEL,DARK-HWY LIGHTED/ON,1,0,0,1
27920131,CAMPBELL,I 0275,Interstate,,I275 W,,,39.02526213,-84.47795295,76.918,3/21/2021 0:00,230,2,2,0,0,O,CLEAR,DRY,0,1 VEHICLE PARKED POSITION (NOT PARKING LOT/DRIVEWAY),SIDESWIPE-SAME DIRECTION,CURVE & GRADE,DARK-HWY LIGHTED/ON,0,0,0,1
27913427,CAMPBELL,,OTHR,,6TH,ST,W,39.08599343,-84.50296587,0.298,3/21/2021 0:00,2200,2,2,0,0,O,CLEAR,DRY,1,SIDESWIPE COLLISION - SAME DIRECTION,SIDESWIPE-SAME DIRECTION,CURVE & LEVEL,DARK-HWY LIGHTED/ON,0,0,0,1
27917144,CAMPBELL,US0027,USRoute,,COLD SPRING,PIKE,,38.99513305,-84.41516653,,3/21/2021 0:00,1801,2,2,0,1,B,CLEAR,DRY,0,HEAD-ON COLLISION,HEAD ON,CURVE & GRADE,DAYLIGHT,0,0,0,1
27915891,CAMPBELL,I 0471,Interstate,,I471 S,,,39.06045153,-84.46939192,1.259,3/21/2021 0:00,1439,2,2,0,0,O,CLEAR,DRY,1,1 VEHICLE ENTERING/LEAVING ENTRANCE,ANGLE,CURVE & LEVEL,DAYLIGHT,0,0,0,1
27915893,CAMPBELL,KY0445,StateRoute,,RIVER,RD,,39.05635327,-84.43552053,0.076,3/21/2021 0:00,1131,2,2,0,0,O,CLEAR,DRY,0,1 VEHICLE ENTERING/LEAVING ENTRANCE,ANGLE,STRAIGHT & GRADE,DAYLIGHT,0,0,0,1
27916373,CAMPBELL,KY1892,StateRoute,1717,CAROTHERS,RD,,39.08492794,-84.48088541,2.384,3/21/2021 0:00,1639,2,2,0,0,O,CLEAR,DRY,1,1 VEHICLE ENTERING/LEAVING ENTRANCE,ANGLE,STRAIGHT & LEVEL,DAYLIGHT,0,0,0,1
27913419,CAMPBELL,I 0471,Interstate,,,,,39.08541203,-84.47450341,0.21,3/21/2021 0:00,2005,2,2,0,0,O,CLEAR,DRY,0,OTHER RAMP RELATED COLLISIONS NOT LISTED ABOVE,REAR END,CURVE & HILLCREST,DARK-HWY LIGHTED/ON,0,0,0,1
27919611,CAMPBELL,,OTHR,,RIVIERA,DR,,39.10176122,-84.48863188,0.004,3/22/2021 0:00,1315,2,2,0,0,O,CLEAR,DRY,0,OTHER ROADWAY OR MID-BLOCK COLLISION,REAR END,STRAIGHT & LEVEL,DAYLIGHT,0,0,0,1
27916232,CAMPBELL,KY0008,StateRoute,,3RD,ST,E,39.09526797,-84.49393866,0.766,3/22/2021 0:00,1514,2,2,0,0,O,CLEAR,DRY,0,OTHER ROADWAY OR MID-BLOCK COLLISION,REAR END,STRAIGHT & LEVEL,DAYLIGHT,0,0,0,1
27915888,CAMPBELL,KY1120,StateRoute,,MEMORIAL,PKWY,,39.08547873,-84.45034169,3.675,3/22/2021 0:00,751,2,2,0,0,O,CLEAR,DRY,0,VEHICLE BACKING NON INTERSECTION,BACKING,CURVE & LEVEL,DAYLIGHT,0,0,0,1
27917751,CAMPBELL,US0027,USRoute,,TAYLOR SOUTHGATE,BRG,,39.09406752,-84.49912455,22.39,3/22/2021 0:00,6,2,2,0,0,O,CLEAR,DRY,1,SIDESWIPE COLLISION - SAME DIRECTION,SIDESWIPE-SAME DIRECTION,CURVE & HILLCREST,DARK-HWY LIGHTED/ON,0,0,0,1
27917105,CAMPBELL,,OTHR,129,CHESAPEAKE,AVE,,39.08888209,-84.47273147,0.047,3/22/2021 0:00,1755,2,2,0,0,O,CLEAR,DRY,0,1 VEHICLE PARKED POSITION (NOT PARKING LOT/DRIVEWAY),SIDESWIPE-SAME DIRECTION,STRAIGHT & GRADE,DAYLIGHT,0,0,0,1
27915691,CAMPBELL,KY1892,StateRoute,,GRAND,AVE,,39.08637294,-84.47718594,2.149,3/22/2021 0:00,1112,3,3,0,0,O,CLEAR,DRY,0,REAR END IN TRAFFIC LANES BOTH VEHICLES MOVING,REAR END,STRAIGHT & LEVEL,DAYLIGHT,0,0,0,1
27921081,CAMPBELL,I 0275,Interstate,,I275 E,,,39.03603646,-84.47022261,75.96,3/22/2021 0:00,750,2,2,0,0,O,CLEAR,DRY,0,REAR END IN TRAFFIC LANES BOTH VEHICLES MOVING,REAR END,STRAIGHT & LEVEL,DAYLIGHT,0,0,0,1
27917106,CAMPBELL,,OTHR,,3RD,ST,W,39.09238655,-84.4984274,0.091,3/22/2021 0:00,1738,2,2,0,0,O,CLEAR,DRY,0,SIDESWIPE-SAME DIRECTION,SIDESWIPE-SAME DIRECTION,STRAIGHT & LEVEL,DAYLIGHT,0,0,0,1
27920133,CAMPBELL,KY0009,StateRoute,,LICKING,PIKE,,39.02511923,-84.48052097,17.93,3/22/2021 0:00,1257,2,2,0,0,O,CLEAR,DRY,0,VEHICLE BACKING IN INTERSECTION,BACKING,STRAIGHT & LEVEL,DAYLIGHT,1,0,0,1
27920951,CAMPBELL,US0027,USRoute,2100,MONMOUTH,ST,,39.0784842,-84.47998012,20.786,3/23/2021 0:00,1347,2,2,0,0,O,CLOUDY,DRY,0,ANGLE COLLISION - OTHER,ANGLE,STRAIGHT & GRADE,DAYLIGHT,0,0,0,1
27927278,CAMPBELL,I 0275,Interstate,,I275 E,,,39.04686026,-84.45643241,74.761,3/23/2021 0:00,1516,2,2,0,0,O,CLEAR,DRY,1,SIDESWIPE-SAME DIRECTION,SIDESWIPE-SAME DIRECTION,STRAIGHT & LEVEL,DAYLIGHT,0,0,0,1
27925294,CAMPBELL,,OTHR,,PLEASANT RIDGE,RD,,38.91209444,-84.40661276,5.563,3/23/2021 0:00,1330,2,2,0,0,O,CLOUDY,DRY,0,SIDESWIPE COLLISION - OPPOSITE DIRECTION,SIDESWIPE-OPPOSITE DIRECTION,STRAIGHT & GRADE,DAYLIGHT,0,0,0,1
27925297,CAMPBELL,KY0709,StateRoute,,ALEXANDRIA,PIKE,E,38.98812877,-84.39577819,0.421,3/23/2021 0:00,1813,2,2,0,0,O,CLOUDY,DRY,1,REAR END IN TRAFFIC LANES BOTH VEHICLES MOVING,REAR END,,DAYLIGHT,0,0,0,1
27923377,CAMPBELL,,OTHR,,BLUEGRASS,AVE,,39.07539246,-84.47689614,0.302,3/23/2021 0:00,1228,2,2,0,0,O,CLOUDY,DRY,0,VEHICLE BACKING NON INTERSECTION,BACKING,STRAIGHT & GRADE,DAYLIGHT,0,0,0,1
27921068,CAMPBELL,US0027,USRoute,1900,MONMOUTH,ST,,39.07932847,-84.48078704,20.859,3/23/2021 0:00,1420,2,2,0,0,O,CLEAR,DRY,0,OTHER ROADWAY OR MID-BLOCK COLLISION,OPPOSING LEFT TURN,STRAIGHT & LEVEL,DAYLIGHT,0,0,0,1