IncidentID,County,RdwyNumber,RdwyType,Street,RoadwayName,StreetSfx,StreetDir,Latitude,Longitude,Milepoint,CollisionDate,CollisionTime,UnitsInvolved,MotorVehiclesInvolved,NumberKilled,NumberInjured,KABCO,Weather,RdwyConditionCode,HitandRun,DirAnalysisCode,MannerofCollision,RdwyCharacter,LightCondition,Intersection Crash,Bicyclist,Pedestrian,Motor Vehicles
27929173,CAMPBELL,US0027,USRoute,,ALEXANDRIA,PIKE,,39.06779125,-84.46618005,19.699,3/24/2021 0:00,726,2,2,0,0,O,CLEAR,DRY,0,OTHER ROADWAY OR MID-BLOCK COLLISION,OPPOSING LEFT TURN,STRAIGHT & LEVEL,DAYLIGHT,0,0,0,1
27931771,CAMPBELL,KY0009,StateRoute,,LICKING,PIKE,,39.05017419,-84.48993792,19.782,3/24/2021 0:00,1540,1,1,0,0,O,CLEAR,DRY,0,OTHER ROADWAY OR MID-BLOCK COLLISION,SINGLE VEHICLE,CURVE & LEVEL,DAYLIGHT,0,0,0,1
27929981,CAMPBELL,KY0009,StateRoute,,AA,HWY,,38.932032,-84.31121886,5.952,3/24/2021 0:00,2028,2,2,0,2,B,CLEAR,DRY,0,1 VEHICLE ENTERING/LEAVING ENTRANCE,ANGLE,STRAIGHT & GRADE,DARK-HWY NOT LIGHTED,0,0,0,1
27925341,CAMPBELL,US0027,USRoute,,ALEXANDRIA,PIKE,,38.89626576,-84.38518413,5.713,3/24/2021 0:00,758,2,2,0,1,C,CLOUDY,DRY,1,REAR END IN TRAFFIC LANES BOTH VEHICLES MOVING,REAR END,STRAIGHT & LEVEL,DAWN,0,0,0,1
27936502,CAMPBELL,I 0471,Interstate,3,I471 S,,,39.09277571,-84.47777332,3.848,3/24/2021 0:00,1200,2,2,0,0,O,CLEAR,DRY,0,SIDESWIPE COLLISION - SAME DIRECTION,SIDESWIPE-SAME DIRECTION,STRAIGHT & LEVEL,DAYLIGHT,0,0,0,1
27929322,CAMPBELL,KY0010,StateRoute,,MAIN,ST,E,38.95882177,-84.38907171,1.546,3/24/2021 0:00,1630,2,2,0,0,O,CLEAR,DRY,0,ANGLE COLLISION - OTHER,ANGLE,STRAIGHT & LEVEL,DAYLIGHT,0,0,0,1
27931170,CAMPBELL,KY1892,StateRoute,,GRAND,AVE,,39.08636152,-84.47720395,2.15,3/25/2021 0:00,1805,2,2,0,0,O,CLOUDY,DRY,1,OTHER INTERSECTION COLLISIONS,REAR END,STRAIGHT & HILLCREST,DAYLIGHT,1,0,0,1
27946066,CAMPBELL,KY0009,StateRoute,,LICKING,PIKE,,39.02445223,-84.48091998,17.874,3/25/2021 0:00,2000,2,2,0,0,O,CLOUDY,WET,0,SIDESWIPE-SAME DIRECTION,SIDESWIPE-SAME DIRECTION,STRAIGHT & LEVEL,DARK-HWY LIGHTED/ON,0,0,0,1
27929685,CAMPBELL,,OTHR,174,MAIN,ST,,39.07903507,-84.48887172,0.228,3/25/2021 0:00,810,2,2,0,0,O,CLEAR,DRY,0,1 VEHICLE PARKED POSITION (NOT PARKING LOT/DRIVEWAY),BACKING,STRAIGHT & GRADE,DAYLIGHT,0,0,0,1
27933495,CAMPBELL,,OTHR,130,NEWPORT PAVILION,,,39.08747763,-84.47662757,0.516,3/25/2021 0:00,1700,2,2,0,0,O,CLEAR,DRY,1,1 VEHICLE PARKED POSITION (NOT PARKING LOT/DRIVEWAY),SIDESWIPE-SAME DIRECTION,STRAIGHT & LEVEL,DAYLIGHT,0,0,0,1
27928710,CAMPBELL,I 0275,Interstate,,I275 E,,,39.04172659,-84.46910532,75.559,3/25/2021 0:00,840,2,2,0,0,O,CLOUDY,DRY,0,SIDESWIPE COLLISION - SAME DIRECTION,SIDESWIPE-SAME DIRECTION,STRAIGHT & LEVEL,DAYLIGHT,0,0,0,1
27930134,CAMPBELL,I 0471,Interstate,,I471 N,,,39.09561736,-84.48177715,4.152,3/25/2021 0:00,1522,2,2,0,0,O,CLEAR,DRY,0,REAR END IN TRAFFIC LANES BOTH VEHICLES MOVING,REAR END,STRAIGHT & LEVEL,DAYLIGHT,0,0,0,1
27931772,CAMPBELL,I 0275,Interstate,,I275 W,,,39.02287324,-84.48871086,77.545,3/25/2021 0:00,1340,2,2,0,0,O,RAINING,WET,0,REAR END IN TRAFFIC LANES BOTH VEHICLES MOVING,REAR END,STRAIGHT & LEVEL,DAYLIGHT,0,0,0,1
27932716,CAMPBELL,I 0275,Interstate,,I275 E,,,39.03444676,-84.47031165,76.043,3/25/2021 0:00,1244,3,3,0,0,O,RAINING,WET,1,REAR END IN TRAFFIC LANES BOTH VEHICLES MOVING,REAR END,STRAIGHT & HILLCREST,DAYLIGHT,0,0,0,1
27965403,CAMPBELL,,OTHR,,MAN O WAR,CIR,,38.92366946,-84.40337037,0.183,3/25/2021 0:00,1032,2,2,0,0,O,CLEAR,DRY,0,1 VEHICLE PARKED POSITION (NOT PARKING LOT/DRIVEWAY),BACKING,STRAIGHT & LEVEL,DAYLIGHT,0,0,0,1
27936419,CAMPBELL,KY0009,StateRoute,,AA,HWY,,39.00977918,-84.46878106,16.523,3/25/2021 0:00,1705,3,3,0,0,O,CLOUDY,WET,0,OTHER ROADWAY OR MID-BLOCK COLLISION,REAR END,STRAIGHT & LEVEL,DAYLIGHT,0,0,0,1
27941557,CAMPBELL,I 0275,Interstate,,I275 E,,,39.03381671,-84.47034011,76.121,3/26/2021 0:00,808,2,2,0,0,O,CLOUDY,DRY,0,OTHER ROADWAY OR MID-BLOCK COLLISION,REAR END,STRAIGHT & HILLCREST,DAYLIGHT,0,0,0,1
27935254,CAMPBELL,I 0471,Interstate,,I471 N,,,39.09994701,-84.4933307,4.841,3/26/2021 0:00,1845,2,2,0,0,O,CLEAR,DRY,0,OTHER ROADWAY OR MID-BLOCK COLLISION,REAR END,STRAIGHT & LEVEL,DAYLIGHT,0,0,0,1
27942270,CAMPBELL,,OTHR,,DOWNING,ST,,39.02049198,-84.43746116,0.035,3/26/2021 0:00,1500,2,2,0,0,O,CLOUDY,DRY,0,1 VEHICLE ENTERING/LEAVING ENTRANCE,ANGLE,STRAIGHT & HILLCREST,DAYLIGHT,0,0,0,1
27933218,CAMPBELL,,OTHR,,9TH,ST,W,39.08553063,-84.4952495,0.221,3/26/2021 0:00,801,2,2,0,0,O,CLEAR,DRY,0,1 VEHICLE ENTERING/LEAVING ENTRANCE,ANGLE,STRAIGHT & LEVEL,DAYLIGHT,0,0,0,1
27948074,CAMPBELL,KY0008,StateRoute,201,3RD,ST,E,39.09513196,-84.49430768,0.754,3/26/2021 0:00,755,2,2,0,0,O,CLEAR,DRY,0,1 VEHICLE ENTERING/LEAVING ENTRANCE,ANGLE,STRAIGHT & LEVEL,DAYLIGHT,0,0,0,1
27938985,CAMPBELL,,OTHR,229,NEWMAN,AVE,,39.07960359,-84.46270854,0.268,3/26/2021 0:00,1637,2,2,0,0,O,CLOUDY,DRY,0,VEHICLE BACKING NON INTERSECTION,BACKING,STRAIGHT & LEVEL,DAYLIGHT,0,0,0,1
27975829,CAMPBELL,KY0008,StateRoute,,6TH,AVE,,39.10910493,-84.4798506,2.137,3/26/2021 0:00,2044,2,1,0,0,O,CLEAR,DRY,0,1 VEHICLE PARKED POSITION (NOT PARKING LOT/DRIVEWAY),SIDESWIPE-SAME DIRECTION,STRAIGHT & LEVEL,DUSK,0,0,0,1
27931944,CAMPBELL,KY0009,StateRoute,251,AA,HWY,,39.01053107,-84.47069242,16.667,3/26/2021 0:00,649,2,2,0,0,O,CLOUDY,DRY,0,REAR END IN TRAFFIC LANES BOTH VEHICLES MOVING,REAR END,STRAIGHT & GRADE,DARK-HWY LIGHTED/OFF,0,0,0,1
27933768,CAMPBELL,I 0471,Interstate,,I471 N,,,39.09975003,-84.49299558,4.819,3/26/2021 0:00,1431,3,3,0,0,O,CLEAR,DRY,1,REAR END IN TRAFFIC LANES BOTH VEHICLES MOVING,REAR END,STRAIGHT & LEVEL,DAYLIGHT,0,0,0,1
27954055,CAMPBELL,KY0009,StateRoute,,AA,HWY,,39.02054031,-84.4814665,17.575,3/26/2021 0:00,1722,2,2,0,0,O,CLOUDY,DRY,0,SIDESWIPE COLLISION - SAME DIRECTION,SIDESWIPE-SAME DIRECTION,STRAIGHT & LEVEL,DAYLIGHT,0,0,0,1
27947856,CAMPBELL,KY1120,StateRoute,,MEMORIAL,PKWY,,39.09278056,-84.47951862,1.443,3/26/2021 0:00,1720,2,2,0,0,O,CLEAR,DRY,1,REAR END - ONE VEHICLE TURNING RIGHT,REAR END,STRAIGHT & HILLCREST,DAYLIGHT,0,0,0,1
27970839,CAMPBELL,I 0471,Interstate,,I471 N,,,39.0997874,-84.49280547,4.812,3/26/2021 0:00,1738,4,4,0,0,O,CLEAR,DRY,1,SIDESWIPE-SAME DIRECTION,SIDESWIPE-SAME DIRECTION,STRAIGHT & LEVEL,DAYLIGHT,0,0,0,1
27943448,CAMPBELL,US0027,USRoute,,ALEXANDRIA,PIKE,,38.96068285,-84.39283755,10.277,3/26/2021 0:00,2233,1,1,0,0,O,CLEAR,DRY,0,COLLISION WITH ANIMAL IN INTERSECTION,SINGLE VEHICLE,STRAIGHT & HILLCREST,DARK-HWY LIGHTED/ON,1,0,0,1
27943454,CAMPBELL,US0027,USRoute,,ALEXANDRIA,PIKE,,38.98230783,-84.3977817,11.862,3/27/2021 0:00,1728,2,2,0,0,O,CLEAR,DRY,0,OTHER INTERSECTION COLLISIONS,REAR END,STRAIGHT & LEVEL,DAYLIGHT,1,0,0,1
27942278,CAMPBELL,US0027,USRoute,,ALEXANDRIA,PIKE,,39.00406711,-84.42473331,13.951,3/27/2021 0:00,2309,2,2,0,0,O,CLEAR,DRY,0,OPPOSING LEFT TURN,OPPOSING LEFT TURN,STRAIGHT & HILLCREST,DARK-HWY LIGHTED/ON,0,0,0,1
27938933,CAMPBELL,KY0008,StateRoute,300,4TH,ST,W,39.08968884,-84.50093816,0.268,3/27/2021 0:00,947,2,2,0,0,O,CLEAR,DRY,0,REAR END IN TRAFFIC LANES BOTH VEHICLES MOVING,REAR END,CURVE & LEVEL,DAYLIGHT,0,0,0,1
27943401,CAMPBELL,US0027,USRoute,600,MONMOUTH,ST,,39.09135628,-84.49328144,21.943,3/27/2021 0:00,1406,2,2,0,0,O,CLEAR,DRY,0,1 VEHICLE PARKED POSITION (NOT PARKING LOT/DRIVEWAY),BACKING,STRAIGHT & LEVEL,DAYLIGHT,0,0,0,1
27938979,CAMPBELL,,OTHR,10,NEWPORT PAVILION,,,39.08750484,-84.47655255,0.512,3/28/2021 0:00,1520,2,2,0,0,O,CLEAR,DRY,0,OTHER ROADWAY OR MID-BLOCK COLLISION,OPPOSING LEFT TURN,STRAIGHT & LEVEL,DAYLIGHT,0,0,0,1
27937989,CAMPBELL,KY0008,StateRoute,,4TH,ST,W,39.08878931,-84.50167387,0.181,3/28/2021 0:00,2,2,2,0,0,O,CLEAR,DRY,0,OTHER ROADWAY OR MID-BLOCK COLLISION,REAR END,STRAIGHT & LEVEL,DARK-HWY LIGHTED/ON,0,0,0,1
27940677,CAMPBELL,I 0471,Interstate,,,,,39.08542832,-84.47444726,0.207,3/28/2021 0:00,1718,2,2,0,0,O,CLEAR,DRY,0,OTHER RAMP RELATED COLLISIONS NOT LISTED ABOVE,REAR END,CURVE & GRADE,DAYLIGHT,0,0,0,1
27938981,CAMPBELL,,OTHR,1162,WATERWORKS,RD,,39.09433262,-84.46928532,0.43,3/28/2021 0:00,1200,2,2,0,0,O,CLEAR,DRY,0,1 VEHICLE PARKED POSITION (NOT PARKING LOT/DRIVEWAY),BACKING,STRAIGHT & LEVEL,DAYLIGHT,0,0,0,1
27938931,CAMPBELL,I 0471,Interstate,,I471 S,,,39.0919649,-84.47694067,3.777,3/28/2021 0:00,1245,2,2,0,0,O,CLOUDY,DRY,1,SIDESWIPE COLLISION - SAME DIRECTION,SIDESWIPE-SAME DIRECTION,STRAIGHT & LEVEL,DAYLIGHT,0,0,0,1
27938936,CAMPBELL,,OTHR,,5TH,ST,E,39.09281951,-84.49364626,0.045,3/28/2021 0:00,655,1,1,0,0,O,CLOUDY,DRY,0,COLLISION WITH FIXED OBJECT NON - INTERSECTION - FIRST EVENT COLLISION 09 - 32 EXCLUDING 16,SINGLE VEHICLE,STRAIGHT & LEVEL,DARK-HWY LIGHTED/ON,0,0,0,1
27944683,CAMPBELL,KY0009,StateRoute,,AA,HWY,,38.93956703,-84.32274582,6.77,3/29/2021 0:00,423,1,1,0,0,O,CLEAR,DRY,0,COLLISION WITH ANIMAL NON INTERSECTION,SINGLE VEHICLE,STRAIGHT & LEVEL,DARK-HWY NOT LIGHTED,0,0,0,1
27958514,CAMPBELL,I 0275,Interstate,,I275 W,,,39.0274815,-84.4739389,76.65,3/29/2021 0:00,2015,1,1,0,0,O,CLEAR,DRY,0,COLLISION WITH ANIMAL NON INTERSECTION,SINGLE VEHICLE,CURVE & GRADE,DARK-HWY LIGHTED/ON,0,0,0,1
27960484,CAMPBELL,I 0471,Interstate,,,,,39.08540992,-84.47464628,0.217,3/29/2021 0:00,1518,2,2,0,0,O,CLOUDY,DRY,0,OTHER INTERSECTION COLLISIONS,REAR END,CURVE & GRADE,DAYLIGHT,1,0,0,1
27946636,CAMPBELL,I 0275,Interstate,,I275 E,,,39.03342177,-84.47031982,76.149,3/29/2021 0:00,1413,2,2,0,0,O,CLEAR,DRY,0,REAR END IN TRAFFIC LANES BOTH VEHICLES MOVING,REAR END,STRAIGHT & HILLCREST,DAYLIGHT,0,0,0,1
27946637,CAMPBELL,I 0275,Interstate,,I275 E,,,39.04222716,-84.46908777,75.529,3/29/2021 0:00,1512,2,2,0,1,C,CLEAR,DRY,0,REAR END IN TRAFFIC LANES BOTH VEHICLES MOVING,REAR END,STRAIGHT & LEVEL,DAYLIGHT,0,0,0,1
27940676,CAMPBELL,I 0471,Interstate,,I471 N,,,39.09465862,-84.48017365,4.024,3/29/2021 0:00,152,1,1,0,0,O,CLOUDY,DRY,0,OTHER ROADWAY OR MID-BLOCK COLLISION,SINGLE VEHICLE,CURVE & GRADE,DARK-HWY LIGHTED/ON,0,0,0,1
27955892,CAMPBELL,US0027,USRoute,,TAYLOR SOUTHGATE,BRG,,39.09446126,-84.49977776,22.427,3/29/2021 0:00,1751,2,2,0,0,O,CLOUDY,DRY,0,OTHER ROADWAY OR MID-BLOCK COLLISION,REAR TO REAR,STRAIGHT & LEVEL,DAYLIGHT,0,0,0,1
27979491,CAMPBELL,KY0010,StateRoute,,FLAGG SPRINGS,PIKE,,38.93904524,-84.34337361,,3/30/2021 0:00,1420,1,1,0,1,A,CLEAR,DRY,0,OTHER ROADWAY OR MID-BLOCK COLLISION,SINGLE VEHICLE,CURVE & GRADE,DAYLIGHT,0,0,0,1
27951051,CAMPBELL,KY0009,StateRoute,,AA,HWY,,39.00827269,-84.46151042,16.119,3/30/2021 0:00,1909,2,2,0,4,B,CLEAR,DRY,0,1 VEHICLE ENTERING/LEAVING ENTRANCE,ANGLE,STRAIGHT & GRADE,DAYLIGHT,0,0,0,1
27949186,CAMPBELL,,OTHR,200,3RD,ST,W,39.09275734,-84.49774893,0.048,3/30/2021 0:00,1800,2,2,0,0,O,CLEAR,DRY,0,1 VEHICLE ENTERING/LEAVING ENTRANCE,ANGLE,STRAIGHT & LEVEL,DAYLIGHT,0,0,0,1
27954052,CAMPBELL,I 0275,Interstate,,I275 W,,,39.03130207,-84.47083486,76.352,3/30/2021 0:00,1627,2,2,0,0,O,CLEAR,DRY,1,SIDESWIPE COLLISION - SAME DIRECTION,SIDESWIPE-SAME DIRECTION,CURVE & GRADE,DAYLIGHT,0,0,0,1
27947869,CAMPBELL,,OTHR,,JOYCE,AVE,,39.07857696,-84.47587913,0.368,3/30/2021 0:00,1423,2,2,0,0,O,CLEAR,DRY,0,ANGLE COLLISION - ONE VEHICLE TURNING RIGHT,ANGLE,STRAIGHT & GRADE,DAYLIGHT,0,0,0,1
27952048,CAMPBELL,,OTHR,,PANORAMA,DR,,38.97287933,-84.39251668,0.016,3/30/2021 0:00,947,2,2,0,0,O,CLEAR,DRY,0,VEHICLE BACKING IN INTERSECTION,BACKING,STRAIGHT & LEVEL,DAYLIGHT,1,0,0,1
27986470,CAMPBELL,,OTHR,,ALEXANDRIA,PIKE,,38.92526336,-84.39321746,2.152,3/30/2021 0:00,1426,2,2,0,0,O,CLOUDY,DRY,0,OPPOSING LEFT TURN,OPPOSING LEFT TURN,STRAIGHT & LEVEL,DAYLIGHT,0,0,0,1
27952047,CAMPBELL,KY0009,StateRoute,,AA,HWY,,38.98243732,-84.38180949,11.281,3/30/2021 0:00,1044,1,1,0,0,O,CLEAR,DRY,0,COLLISION WITH FIXED OBJECT NON - INTERSECTION - FIRST EVENT COLLISION 09 - 32 EXCLUDING 16,SINGLE VEHICLE,STRAIGHT & LEVEL,DAYLIGHT,0,0,0,1
27954965,CAMPBELL,KY0471,StateRoute,,KY471,,,39.03833634,-84.45409104,0.095,3/31/2021 0:00,2235,1,1,0,1,B,CLEAR,DRY,0,COLLISION WITH FIXED OBJECT NON - INTERSECTION - FIRST EVENT COLLISION 09 - 32 EXCLUDING 16,SINGLE VEHICLE,STRAIGHT & LEVEL,DARK-HWY LIGHTED/ON,0,0,0,1
27952247,CAMPBELL,KY1120,StateRoute,,11TH,ST,W,39.08207445,-84.49483211,0.306,3/31/2021 0:00,1428,2,2,0,2,C,CLEAR,DRY,0,OTHER INTERSECTION COLLISIONS,REAR END,STRAIGHT & LEVEL,DAYLIGHT,1,0,0,1
27974403,CAMPBELL,US0027,USRoute,,ALEXANDRIA,PIKE,,38.95764519,-84.39308722,10.043,3/31/2021 0:00,827,2,2,0,0,O,CLOUDY,DRY,0,OTHER INTERSECTION COLLISIONS,REAR END,STRAIGHT & LEVEL,DAYLIGHT,1,0,0,1
27952250,CAMPBELL,,OTHR,,SARATOGA,ST,,39.09438315,-84.49416257,0.66,3/31/2021 0:00,1309,2,2,0,0,O,CLEAR,DRY,0,ANGLE COLLISION - OTHER,ANGLE,STRAIGHT & LEVEL,DAYLIGHT,0,0,0,1
27952944,CAMPBELL,KY1892,StateRoute,14,CAROTHERS,RD,,39.08437571,-84.48334587,2.526,3/31/2021 0:00,2024,2,2,0,0,O,CLEAR,DRY,0,REAR END IN TRAFFIC LANES BOTH VEHICLES MOVING,REAR END,CURVE & LEVEL,DARK-HWY LIGHTED/ON,0,0,0,1
27954948,CAMPBELL,,OTHR,122,HARTWEG,AVE,,39.08998761,-84.44900791,0.049,3/31/2021 0:00,811,2,2,0,0,O,RAINING,WET,1,1 VEHICLE PARKED POSITION (NOT PARKING LOT/DRIVEWAY),SIDESWIPE-SAME DIRECTION,STRAIGHT & LEVEL,DARK (UNKNOWN ROADWAY LIGHTING),0,0,0,1
27953720,CAMPBELL,,OTHR,58,AMELIA,ST,,39.07592643,-84.48864416,0.223,3/31/2021 0:00,1955,1,1,0,0,O,CLEAR,DRY,0,OTHER ROADWAY OR MID-BLOCK COLLISION,SINGLE VEHICLE,STRAIGHT & HILLCREST,DAYLIGHT,0,0,0,1
27958686,CAMPBELL,I 0471,Interstate,,I471 S,,,39.05431293,-84.46935998,0.817,4/1/2021 0:00,1621,2,2,0,0,O,CLOUDY,DRY,0,SIDESWIPE COLLISION - SAME DIRECTION,SIDESWIPE-SAME DIRECTION,STRAIGHT & LEVEL,DAYLIGHT,0,0,0,1
27959800,CAMPBELL,,OTHR,100,11TH,ST,E,39.08637287,-84.48707783,0.028,4/1/2021 0:00,1600,2,2,0,0,O,CLEAR,DRY,0,REAR END IN TRAFFIC LANES BOTH VEHICLES MOVING,REAR END,STRAIGHT & LEVEL,DAYLIGHT,0,0,0,1
27956550,CAMPBELL,I 0471,Interstate,,INTERSTATE 471,,,39.08541323,-84.47463898,0.217,4/1/2021 0:00,850,2,2,0,0,O,CLOUDY,DRY,0,OTHER INTERSECTION COLLISIONS,REAR END,CURVE & GRADE,DAYLIGHT,1,0,0,1
27957738,CAMPBELL,,OTHR,,RIVERBOAT,ROW,,39.09108562,-84.50225504,1.095,4/1/2021 0:00,2118,1,1,0,0,O,CLEAR,DRY,0,RAN OFF ROADWAY (1 VEHICLE WITH/EARTH EMBANKMENT/DITCH),SINGLE VEHICLE,STRAIGHT & LEVEL,DARK-HWY LIGHTED/ON,0,0,0,1
27958672,CAMPBELL,,OTHR,936,SARATOGA,ST,,39.0876821,-84.48802337,0.103,4/1/2021 0:00,1306,2,2,0,0,O,CLOUDY,DRY,0,1 VEHICLE PARKED POSITION (NOT PARKING LOT/DRIVEWAY),SIDESWIPE-SAME DIRECTION,STRAIGHT & LEVEL,DAYLIGHT,0,0,0,1
28085111,CAMPBELL,KY0445,StateRoute,18,GRANDVIEW,AVE,,39.06241428,-84.44970042,1.103,4/1/2021 0:00,850,2,2,0,0,O,CLOUDY,DRY,0,1 VEHICLE PARKED POSITION (NOT PARKING LOT/DRIVEWAY),BACKING,STRAIGHT & GRADE,DAYLIGHT,0,0,0,1
27966040,CAMPBELL,KY2926,StateRoute,4257,WINTERS,LN,,39.04948728,-84.43182783,1.186,4/1/2021 0:00,935,1,1,0,0,O,CLOUDY,DRY,0,COLLISION WITH ANIMAL NON INTERSECTION,SINGLE VEHICLE,STRAIGHT & GRADE,DAYLIGHT,0,0,0,1
27980324,CAMPBELL,,OTHR,200,6TH,ST,E,39.09238888,-84.4919437,0.572,4/2/2021 0:00,1920,2,2,0,0,O,CLEAR,DRY,0,1 VEHICLE PARKED POSITION (NOT PARKING LOT/DRIVEWAY),BACKING,STRAIGHT & GRADE,DAYLIGHT,0,0,0,1
29397637,CAMPBELL,,OTHR,7,COURT,ST,,39.09276704,-84.49696321,0.078,4/2/2021 0:00,,2,2,0,0,O,CLEAR,DRY,1,1 VEHICLE ENTERING OR LEAVING PARKED POSITION (NOT PARKING LOT),BACKING,STRAIGHT & LEVEL,DAYLIGHT,0,0,0,1
27965986,CAMPBELL,,OTHR,,18TH,ST,,39.08087884,-84.48681467,0.288,4/2/2021 0:00,1846,2,2,0,0,O,CLEAR,DRY,0,ANGLE COLLISION - OTHER,ANGLE,STRAIGHT & LEVEL,DAYLIGHT,0,0,0,1
27989639,CAMPBELL,KY0008,StateRoute,420,FAIRFIELD,AVE,,39.10733371,-84.48201777,1.967,4/2/2021 0:00,1320,2,2,0,0,O,CLEAR,DRY,0,COLLISION WITH PARKED VEHICLE,SIDESWIPE-SAME DIRECTION,STRAIGHT & LEVEL,DAYLIGHT,0,0,0,1
27960573,CAMPBELL,I 0471,Interstate,,I471 S,,,39.09491879,-84.48088397,4.072,4/2/2021 0:00,1016,2,2,0,0,O,CLOUDY,DRY,0,REAR END IN TRAFFIC LANES BOTH VEHICLES MOVING,REAR END,CURVE & LEVEL,DAYLIGHT,0,0,0,1
27959811,CAMPBELL,KY0008,StateRoute,300,DAVE COWENS,DR,,39.09716558,-84.49386011,0.944,4/2/2021 0:00,1306,2,2,0,0,O,CLEAR,DRY,0,SIDESWIPE COLLISION - SAME DIRECTION,SIDESWIPE-SAME DIRECTION,STRAIGHT & LEVEL,DAYLIGHT,0,0,0,1
27965177,CAMPBELL,,OTHR,17,13TH,ST,W,39.08379483,-84.48689566,0.043,4/2/2021 0:00,2127,2,2,0,0,O,CLOUDY,DRY,0,SIDESWIPE COLLISION - OPPOSITE DIRECTION,SIDESWIPE-OPPOSITE DIRECTION,STRAIGHT & LEVEL,DARK-HWY LIGHTED/ON,0,0,0,1
27965176,CAMPBELL,,OTHR,,3RD,ST,W,39.09270443,-84.49783102,0.054,4/2/2021 0:00,1835,2,2,0,0,O,CLEAR,DRY,0,1 VEHICLE ENTERING/LEAVING ENTRANCE,ANGLE,STRAIGHT & LEVEL,DAYLIGHT,0,0,0,1
27969470,CAMPBELL,,OTHR,,RETREAT,ST,,39.06994315,-84.47159275,0.054,4/2/2021 0:00,1441,2,2,0,0,O,CLEAR,DRY,0,VEHICLE BACKING NON INTERSECTION,BACKING,STRAIGHT & GRADE,DAYLIGHT,0,0,0,1
27996651,CAMPBELL,US0027,USRoute,2400,ALEXANDRIA,PIKE,,39.07416201,-84.47379948,20.326,4/3/2021 0:00,1354,2,2,0,1,C,CLEAR,DRY,0,OTHER ROADWAY OR MID-BLOCK COLLISION,OPPOSING LEFT TURN,STRAIGHT & GRADE,DAYLIGHT,0,0,0,1
28004046,CAMPBELL,I 0275,Interstate,,I275 E,,,39.03260349,-84.47034406,76.208,4/3/2021 0:00,1249,2,2,0,0,O,RAINING,WET,0,OTHER ROADWAY OR MID-BLOCK COLLISION,REAR END,CURVE & HILLCREST,DAYLIGHT,0,0,0,1
27974451,CAMPBELL,US0027,USRoute,8244,ALEXANDRIA,PIKE,,38.95430527,-84.39323919,9.814,4/3/2021 0:00,1848,2,2,0,3,A,CLEAR,DRY,0,1 VEHICLE ENTERING/LEAVING ENTRANCE,ANGLE,STRAIGHT & LEVEL,DAYLIGHT,0,0,0,1
27967372,CAMPBELL,I 0471,Interstate,,I471 N,,,39.10044053,-84.49422756,4.901,4/3/2021 0:00,1330,2,2,0,0,O,CLEAR,DRY,0,REAR END IN TRAFFIC LANES BOTH VEHICLES MOVING,REAR END,STRAIGHT & LEVEL,DAYLIGHT,0,0,0,1
28000840,CAMPBELL,I 0275,Interstate,,I275 E,,,39.02261776,-84.48906941,77.564,4/3/2021 0:00,1326,2,2,0,0,O,CLEAR,DRY,0,REAR END IN TRAFFIC LANES BOTH VEHICLES MOVING,REAR END,STRAIGHT & LEVEL,DAYLIGHT,0,0,0,1
27965875,CAMPBELL,,OTHR,936,SARATOGA,ST,,39.08789601,-84.48821082,0.121,4/3/2021 0:00,125,2,2,0,0,O,CLEAR,DRY,1,1 VEHICLE PARKED POSITION (NOT PARKING LOT/DRIVEWAY),SIDESWIPE-SAME DIRECTION,STRAIGHT & GRADE,DARK-HWY LIGHTED/ON,0,0,0,1
27968123,CAMPBELL,KY0008,StateRoute,,MARY INGLES,HWY,,39.0497263,-84.42755469,8.514,4/3/2021 0:00,2028,1,1,0,0,O,CLEAR,DRY,0,COLLISION WITH FIXED OBJECT NON - INTERSECTION - FIRST EVENT COLLISION 09 - 32 EXCLUDING 16,SINGLE VEHICLE,STRAIGHT & GRADE,DARK-HWY NOT LIGHTED,0,0,0,1
27970840,CAMPBELL,KY0008,StateRoute,,DAVE COWENS,DR,,39.10066911,-84.48992704,1.342,4/4/2021 0:00,1742,2,2,0,1,C,CLEAR,DRY,0,ANGLE COLLISION - OTHER,ANGLE,STRAIGHT & LEVEL,DAYLIGHT,0,0,0,1
28109743,CAMPBELL,,OTHR,,GRANDVIEW,AVE,,39.09994612,-84.4800414,,4/4/2021 0:00,2105,2,2,0,0,O,CLEAR,DRY,0,OPPOSITE DIRECTION - BOTH VEHICLES GOING STRAIGHT AHEAD,SIDESWIPE-OPPOSITE DIRECTION,CURVE & GRADE,DARK-HWY LIGHTED/ON,0,0,0,1
27970481,CAMPBELL,,OTHR,145,MAIN,ST,,39.07962999,-84.48817659,0.283,4/4/2021 0:00,1930,2,2,0,0,O,CLEAR,DRY,1,1 VEHICLE PARKED POSITION (NOT PARKING LOT/DRIVEWAY),SIDESWIPE-SAME DIRECTION,STRAIGHT & GRADE,DAYLIGHT,0,0,0,1
27971897,CAMPBELL,,OTHR,1032,ORCHARD,ST,,39.0856114,-84.48910991,0.111,4/4/2021 0:00,1207,2,2,0,0,O,CLEAR,DRY,0,1 VEHICLE PARKED POSITION (NOT PARKING LOT/DRIVEWAY),BACKING,STRAIGHT & LEVEL,DAYLIGHT,0,0,0,1