IncidentID,County,RdwyNumber,RdwyType,Street,RoadwayName,StreetSfx,StreetDir,Latitude,Longitude,Milepoint,CollisionDate,CollisionTime,UnitsInvolved,MotorVehiclesInvolved,NumberKilled,NumberInjured,KABCO,Weather,RdwyConditionCode,HitandRun,DirAnalysisCode,MannerofCollision,RdwyCharacter,LightCondition,Intersection Crash,Bicyclist,Pedestrian,Motor Vehicles
27974062,CAMPBELL,KY1120,StateRoute,317,10TH,ST,E,39.08850026,-84.48653388,0.98,4/4/2021 0:00,2200,2,2,0,0,O,CLEAR,DRY,1,1 VEHICLE PARKED POSITION (NOT PARKING LOT/DRIVEWAY),SIDESWIPE-SAME DIRECTION,,DARK-HWY LIGHTED/OFF,0,0,0,1
27970014,CAMPBELL,I 0471,Interstate,,I471 N,,,39.09967081,-84.49278995,4.806,4/4/2021 0:00,1550,2,2,0,0,O,CLEAR,DRY,0,REAR END IN TRAFFIC LANES BOTH VEHICLES MOVING,REAR END,STRAIGHT & LEVEL,DAYLIGHT,0,0,0,1
27970015,CAMPBELL,I 0471,Interstate,,I471 N,,,39.10006219,-84.49347107,4.852,4/4/2021 0:00,1333,2,2,0,0,O,CLEAR,DRY,0,REAR END IN TRAFFIC LANES BOTH VEHICLES MOVING,REAR END,STRAIGHT & LEVEL,DAYLIGHT,0,0,0,1
28013659,CAMPBELL,I 0275,Interstate,,I275 E,,,39.02260267,-84.48888535,77.554,4/4/2021 0:00,1308,2,1,0,0,O,CLEAR,DRY,0,REAR END IN TRAFFIC LANES BOTH VEHICLES MOVING,REAR END,STRAIGHT & LEVEL,DAYLIGHT,0,0,0,1
28000845,CAMPBELL,I 0275,Interstate,,I275 E,,,39.02563588,-84.4766888,76.81,4/4/2021 0:00,1840,2,2,0,0,O,CLEAR,DRY,0,REAR END IN TRAFFIC LANES BOTH VEHICLES MOVING,REAR END,STRAIGHT & GRADE,DAYLIGHT,0,0,0,1
27995357,CAMPBELL,I 0471,Interstate,,I471 N,,,39.09977481,-84.49305731,4.823,4/4/2021 0:00,1139,3,3,0,0,O,CLEAR,DRY,0,OTHER ROADWAY OR MID-BLOCK COLLISION,REAR TO REAR,STRAIGHT & LEVEL,DAYLIGHT,0,0,0,1
27983086,CAMPBELL,US0027,USRoute,1900,MONMOUTH,ST,,39.07858008,-84.48008788,20.795,4/5/2021 0:00,1400,2,2,0,0,O,CLEAR,DRY,0,1 VEHICLE ENTERING/LEAVING ENTRANCE,ANGLE,STRAIGHT & LEVEL,DAYLIGHT,0,0,0,1
27976926,CAMPBELL,,OTHR,773,SLATE,VW,,39.01473515,-84.44245804,0.019,4/5/2021 0:00,1349,2,2,0,0,O,CLEAR,DRY,0,VEHICLE BACKING NON INTERSECTION,BACKING,STRAIGHT & LEVEL,DAYLIGHT,0,0,0,1
27987660,CAMPBELL,US0027,USRoute,,MONMOUTH,ST,,39.08371467,-84.48348263,21.22,4/5/2021 0:00,1233,2,2,0,0,O,CLEAR,DRY,0,SIDESWIPE COLLISION - SAME DIRECTION,SIDESWIPE-SAME DIRECTION,STRAIGHT & LEVEL,DAYLIGHT,0,0,0,1
27975278,CAMPBELL,I 0471,Interstate,0.0MM,I471 S,,,39.05204847,-84.46803789,0.64,4/5/2021 0:00,1425,2,2,0,0,O,CLEAR,DRY,1,SIDESWIPE COLLISION - SAME DIRECTION,SIDESWIPE-SAME DIRECTION,STRAIGHT & LEVEL,DAYLIGHT,0,0,0,1
27974520,CAMPBELL,I 0471,Interstate,,I471 N,,,39.1009314,-84.49528925,4.967,4/5/2021 0:00,1528,3,3,0,0,O,CLEAR,DRY,0,REAR END IN TRAFFIC LANES BOTH VEHICLES MOVING,REAR END,STRAIGHT & LEVEL,DAYLIGHT,0,0,0,1
27975280,CAMPBELL,,OTHR,675,MALLARD,DR,,38.92097549,-84.40378922,0.491,4/5/2021 0:00,1800,2,2,0,0,O,CLEAR,DRY,0,1 VEHICLE PARKED POSITION (NOT PARKING LOT/DRIVEWAY),REAR END,STRAIGHT & LEVEL,DAYLIGHT,0,0,0,1
27985939,CAMPBELL,,OTHR,,CLAY RIDGE,RD,,38.83463015,-84.42095354,2.781,4/5/2021 0:00,1821,1,1,0,1,A,CLEAR,DRY,0,COLLISION WITH ANIMAL NON INTERSECTION,SINGLE VEHICLE,STRAIGHT & GRADE,DAYLIGHT,0,0,0,1
27975281,CAMPBELL,,OTHR,,POPLAR THICKET,RD,,38.94150392,-84.43468235,1.567,4/5/2021 0:00,1600,1,1,0,1,A,CLEAR,DRY,0,COLLISION WITH FIXED OBJECT IN INTERSECTION - FIRST EVENT COLLISION 09 - 32,SINGLE VEHICLE,CURVE & GRADE,DAYLIGHT,1,0,0,1
27979490,CAMPBELL,,OTHR,,AULICK,RD,,38.81729496,-84.40025268,1.218,4/6/2021 0:00,1753,1,1,0,1,B,CLEAR,DRY,0,COLLISION WITH FIXED OBJECT IN INTERSECTION - FIRST EVENT COLLISION 09 - 32,SINGLE VEHICLE,CURVE & GRADE,DAYLIGHT,1,0,0,1
27985937,CAMPBELL,KY0008,StateRoute,5142,MARY INGLES,HWY,,39.03683166,-84.39068914,10.752,4/6/2021 0:00,1105,2,2,0,0,O,CLEAR,DRY,0,1 VEHICLE PARKED POSITION (NOT PARKING LOT/DRIVEWAY),SIDESWIPE-SAME DIRECTION,STRAIGHT & LEVEL,DAYLIGHT,0,0,0,1
27980326,CAMPBELL,KY1892,StateRoute,,GRAND,AVE,,39.08543834,-84.47472877,1.992,4/6/2021 0:00,1827,2,2,0,0,O,CLEAR,DRY,0,REAR END IN TRAFFIC LANES BOTH VEHICLES MOVING,REAR END,STRAIGHT & GRADE,DAYLIGHT,0,0,0,1
27978938,CAMPBELL,I 0471,Interstate,,I471 N,,,39.0810662,-84.4711528,2.941,4/6/2021 0:00,1522,2,2,0,0,O,CLEAR,DRY,0,SIDESWIPE COLLISION - SAME DIRECTION,SIDESWIPE-SAME DIRECTION,STRAIGHT & LEVEL,DAYLIGHT,0,0,0,1
28000839,CAMPBELL,KY0009,StateRoute,,AA,HWY,,39.01039445,-84.47101134,16.653,4/6/2021 0:00,830,2,2,0,0,O,CLEAR,DRY,1,1 VEHICLE ENTERING/LEAVING ENTRANCE,ANGLE,STRAIGHT & LEVEL,DAYLIGHT,0,0,0,1
28014051,CAMPBELL,,OTHR,1005,TOWN,DR,,39.01790451,-84.4805602,0.023,4/6/2021 0:00,1327,2,2,0,0,O,CLEAR,DRY,1,VEHICLE BACKING NON INTERSECTION,BACKING,STRAIGHT & LEVEL,DAYLIGHT,0,0,0,1
27989637,CAMPBELL,KY0008,StateRoute,,FAIRFIELD,AVE,,39.10695791,-84.48252517,1.91,4/6/2021 0:00,906,2,2,0,0,O,CLEAR,DRY,0,1 VEHICLE ENTERING/LEAVING ENTRANCE,ANGLE,STRAIGHT & LEVEL,DAYLIGHT,0,0,0,1
27999895,CAMPBELL,KY0471,StateRoute,,KY471,,,39.038,-84.45405459,0.067,4/7/2021 0:00,1647,2,2,0,0,O,CLEAR,DRY,0,OTHER ROADWAY OR MID-BLOCK COLLISION,REAR END,STRAIGHT & LEVEL,DAYLIGHT,0,0,0,1
28069717,CAMPBELL,KY0009,StateRoute,,AA,HWY,,39.02065926,-84.48135941,17.584,4/7/2021 0:00,1353,2,2,0,0,O,CLEAR,DRY,0,REAR END IN TRAFFIC LANES BOTH VEHICLES MOVING,REAR END,STRAIGHT & LEVEL,DAYLIGHT,0,0,0,1
27983087,CAMPBELL,I 0471,Interstate,,I471 N,,,39.10042067,-84.49428856,4.903,4/7/2021 0:00,856,2,2,0,0,O,CLOUDY,DRY,1,REAR END IN TRAFFIC LANES BOTH VEHICLES MOVING,REAR END,STRAIGHT & GRADE,DAYLIGHT,0,0,0,1
27986555,CAMPBELL,,OTHR,1837,FT THOMAS,AVE,N,39.0992736,-84.44958005,1.258,4/7/2021 0:00,1410,2,2,0,0,O,CLEAR,DRY,0,1 VEHICLE PARKED POSITION (NOT PARKING LOT/DRIVEWAY),BACKING,CURVE & LEVEL,DAYLIGHT,0,0,0,1
27984048,CAMPBELL,,OTHR,1148,WATERWORKS,RD,,39.0943847,-84.46961473,0.414,4/7/2021 0:00,1843,2,2,0,0,O,CLEAR,DRY,0,1 VEHICLE PARKED POSITION (NOT PARKING LOT/DRIVEWAY),SIDESWIPE-SAME DIRECTION,STRAIGHT & LEVEL,DAYLIGHT,0,0,0,1
27982953,CAMPBELL,,OTHR,,PROVIDENCE,WAY,,39.09729292,-84.48812281,0.041,4/7/2021 0:00,759,2,2,0,0,O,CLOUDY,DRY,1,COLLISION WITH PARKED VEHICLE,HEAD ON,CURVE & LEVEL,DAYLIGHT,0,0,0,1
27987661,CAMPBELL,KY1120,StateRoute,,10TH,ST,E,39.08721862,-84.48881974,0.787,4/7/2021 0:00,1041,2,2,0,0,O,CLEAR,DRY,0,SIDESWIPE-SAME DIRECTION,SIDESWIPE-SAME DIRECTION,STRAIGHT & LEVEL,DAYLIGHT,0,0,0,1
28069716,CAMPBELL,,OTHR,,TOWN,DR,,39.01812857,-84.48023597,0.001,4/8/2021 0:00,1046,2,2,0,0,O,CLEAR,DRY,0,ANGLE COLLISION - ONE VEHICLE TURNING RIGHT,ANGLE,STRAIGHT & LEVEL,DAYLIGHT,0,0,0,1
27994622,CAMPBELL,KY1120,StateRoute,1041,FT THOMAS,AVE,S,39.06437082,-84.44740699,5.322,4/8/2021 0:00,1554,3,3,0,1,B,RAINING,WET,0,1 VEHICLE PARKED POSITION (NOT PARKING LOT/DRIVEWAY),ANGLE,STRAIGHT & LEVEL,DAYLIGHT,0,0,0,1
27989175,CAMPBELL,I 0471,Interstate,4.1,I471 N,,,39.09472535,-84.48029479,4.032,4/8/2021 0:00,2110,1,1,0,0,O,CLOUDY,WET,0,COLLISION WITH FIXED OBJECT NON - INTERSECTION - FIRST EVENT COLLISION 09 - 32 EXCLUDING 16,SINGLE VEHICLE,CURVE & LEVEL,DARK-HWY LIGHTED/ON,0,0,0,1
27989546,CAMPBELL,KY0009,StateRoute,,AA,HWY,,38.89360314,-84.27317488,,4/8/2021 0:00,905,1,1,0,0,O,CLOUDY,DRY,0,COLLISION WITH ANIMAL NON INTERSECTION,SINGLE VEHICLE,STRAIGHT & GRADE,DAYLIGHT,0,0,0,1
28000836,CAMPBELL,KY0009,StateRoute,,LICKING,PIKE,,39.05915953,-84.48650625,20.436,4/8/2021 0:00,440,1,1,0,0,O,CLEAR,DRY,0,COLLISION WITH ANIMAL NON INTERSECTION,SINGLE VEHICLE,STRAIGHT & LEVEL,DARK-HWY LIGHTED/ON,0,0,0,1
28002255,CAMPBELL,US0027,USRoute,,ALEXANDRIA,PIKE,,38.95992525,-84.39289835,10.219,4/8/2021 0:00,1435,3,3,0,0,O,RAINING,WET,0,REAR END IN TRAFFIC LANES BOTH VEHICLES MOVING,REAR END,STRAIGHT & GRADE,DAYLIGHT,0,0,0,1
28322176,CAMPBELL,KY0009,StateRoute,,AA,HWY,,39.02095827,-84.48127363,17.605,4/8/2021 0:00,1316,3,3,0,0,O,CLOUDY,DRY,0,REAR END IN TRAFFIC LANES BOTH VEHICLES MOVING,REAR END,STRAIGHT & LEVEL,DAYLIGHT,0,0,0,1
27989022,CAMPBELL,I 0275,Interstate,,I275 W,,,39.03904196,-84.47037399,75.82,4/8/2021 0:00,1739,4,4,0,0,O,CLEAR,DRY,0,REAR END IN TRAFFIC LANES BOTH VEHICLES MOVING,REAR END,STRAIGHT & GRADE,DAYLIGHT,0,0,0,1
28000425,CAMPBELL,KY1936,StateRoute,778,KENTON STATION,RD,,38.86638104,-84.40695131,,4/8/2021 0:00,1424,1,1,0,0,O,RAINING,WET,0,OTHER COLLISIONS ON SHOULDER,SINGLE VEHICLE,CURVE & LEVEL,DAYLIGHT,0,0,0,1
27986927,CAMPBELL,,OTHR,70,CONCORD,AVE,,39.0551947,-84.45258198,0.183,4/8/2021 0:00,851,2,2,0,0,O,CLEAR,DRY,0,VEHICLE BACKING NON INTERSECTION,BACKING,STRAIGHT & GRADE,DAYLIGHT,0,0,0,1
28002252,CAMPBELL,US0027,USRoute,,ALEXANDRIA,PIKE,,38.95805311,-84.39300422,10.077,4/8/2021 0:00,1441,2,2,0,0,O,RAINING,WET,0,OTHER ROADWAY OR MID-BLOCK COLLISION,REAR END,STRAIGHT & GRADE,DAYLIGHT,0,0,0,1
28000231,CAMPBELL,KY0008,StateRoute,,MARY INGLES,HWY,,38.93936227,-84.2846043,20.16,4/9/2021 0:00,1340,1,1,0,0,O,CLEAR,DRY,0,OTHER ROADWAY OR MID-BLOCK COLLISION,SINGLE VEHICLE,STRAIGHT & GRADE,DAYLIGHT,0,0,0,1
28001503,CAMPBELL,,OTHR,,TAYLOR,AVE,,39.10539378,-84.48348292,0.152,4/9/2021 0:00,1703,2,2,0,0,O,CLEAR,DRY,0,VEHICLE BACKING NON INTERSECTION,BACKING,STRAIGHT & GRADE,DAYLIGHT,0,0,0,1
28037468,CAMPBELL,I 0275,Interstate,,I275 E,,,39.03733975,-84.47010863,75.868,4/9/2021 0:00,1929,2,2,0,0,O,CLEAR,DRY,0,REAR END IN TRAFFIC LANES BOTH VEHICLES MOVING,REAR END,STRAIGHT & LEVEL,DAYLIGHT,0,0,0,1
28001504,CAMPBELL,,OTHR,,WALNUT,ST,,39.101683,-84.48073216,0.047,4/9/2021 0:00,1327,2,2,0,0,O,CLEAR,DRY,1,1 VEHICLE PARKED POSITION (NOT PARKING LOT/DRIVEWAY),SIDESWIPE-SAME DIRECTION,STRAIGHT & LEVEL,DAYLIGHT,0,0,0,1
28002256,CAMPBELL,US0027,USRoute,,ALEXANDRIA,PIKE,,38.97347197,-84.39219776,11.153,4/9/2021 0:00,931,2,2,0,0,O,CLEAR,DRY,0,OTHER INTERSECTION COLLISIONS,REAR TO REAR,STRAIGHT & LEVEL,DAYLIGHT,1,0,0,1
27999680,CAMPBELL,KY0010,StateRoute,,MAIN,ST,W,38.94833582,-84.39992798,0.486,4/10/2021 0:00,2211,1,1,0,0,O,RAINING,WET,0,COLLISION WITH FIXED OBJECT NON - INTERSECTION - FIRST EVENT COLLISION 09 - 32 EXCLUDING 16,SINGLE VEHICLE,CURVE & GRADE,DARK-HWY NOT LIGHTED,0,0,0,1
27995294,CAMPBELL,KY1936,StateRoute,,KENTON STATION,RD,,38.8621586,-84.3992915,0.465,4/10/2021 0:00,13,1,1,0,1,B,CLEAR,DRY,0,COLLISION WITH FIXED OBJECT NON - INTERSECTION - FIRST EVENT COLLISION 09 - 32 EXCLUDING 16,SINGLE VEHICLE,CURVE & GRADE,DARK-HWY NOT LIGHTED,0,0,0,1
27995291,CAMPBELL,KY0824,StateRoute,,RACE TRACK,RD,,38.88950455,-84.36462333,1.597,4/10/2021 0:00,200,1,1,0,2,B,CLEAR,DRY,0,RAN OFF ROADWAY (1 VEHICLE WITH/EARTH EMBANKMENT/DITCH),SINGLE VEHICLE,CURVE & LEVEL,DARK-HWY LIGHTED/ON,0,0,0,1
27996159,CAMPBELL,,OTHR,,9TH,ST,E,39.08922197,-84.48856834,0.532,4/10/2021 0:00,2324,2,2,0,0,O,CLEAR,DRY,0,1 VEHICLE PARKED POSITION (NOT PARKING LOT/DRIVEWAY),BACKING,STRAIGHT & LEVEL,DARK-HWY LIGHTED/OFF,0,0,0,1
28002263,CAMPBELL,US0027,USRoute,,ALEXANDRIA,PIKE,,38.9403333,-84.39434259,8.849,4/10/2021 0:00,1226,2,2,0,0,O,RAINING,WET,0,OTHER INTERSECTION COLLISIONS,REAR END,STRAIGHT & LEVEL,DAYLIGHT,1,0,0,1
27994257,CAMPBELL,KY1120,StateRoute,500,11TH,ST,W,39.08125054,-84.49634715,0.232,4/10/2021 0:00,1405,2,2,0,0,O,RAINING,WET,0,OTHER INTERSECTION COLLISIONS,REAR END,STRAIGHT & GRADE,DAYLIGHT,1,0,0,1
27994378,CAMPBELL,US0027,USRoute,,ALEXANDRIA,PIKE,,39.00421182,-84.4246108,13.934,4/10/2021 0:00,1327,3,3,0,0,O,RAINING,WET,0,OPPOSING LEFT TURN,OPPOSING LEFT TURN,STRAIGHT & LEVEL,DAYLIGHT,0,0,0,1
28144829,CAMPBELL,US0027,USRoute,,ALEXANDRIA,PIKE,,38.97005802,-84.39253467,10.912,4/10/2021 0:00,2124,1,1,0,1,A,CLEAR,DRY,0,COLLISION WITH FIXED OBJECT IN INTERSECTION - FIRST EVENT COLLISION 09 - 32,SINGLE VEHICLE,STRAIGHT & LEVEL,DARK-HWY LIGHTED/ON,1,0,0,1
28006670,CAMPBELL,I 0275,Interstate,,I275 E,,,39.03900903,-84.47000763,75.751,4/10/2021 0:00,1224,2,2,0,0,O,CLOUDY,DRY,0,REAR END IN TRAFFIC LANES BOTH VEHICLES MOVING,REAR END,STRAIGHT & GRADE,DAYLIGHT,0,0,0,1
28000846,CAMPBELL,KY0009,StateRoute,,AA,HWY,,39.00983001,-84.46898789,16.534,4/10/2021 0:00,1904,2,2,0,0,O,RAINING,WET,0,REAR END IN TRAFFIC LANES BOTH VEHICLES MOVING,REAR END,STRAIGHT & LEVEL,DAYLIGHT,0,0,0,1
27995296,CAMPBELL,US0027,USRoute,,ALEXANDRIA,PIKE,,39.03478138,-84.45382003,16.595,4/10/2021 0:00,1230,2,2,0,0,O,RAINING,WET,0,SIDESWIPE COLLISION - SAME DIRECTION,SIDESWIPE-SAME DIRECTION,STRAIGHT & LEVEL,DAYLIGHT,0,0,0,1
28000837,CAMPBELL,I 0275,Interstate,,I275 E,,,39.02258806,-84.48873447,77.544,4/10/2021 0:00,1340,2,2,0,0,O,RAINING,WET,0,REAR END IN TRAFFIC LANES BOTH VEHICLES MOVING,REAR END,STRAIGHT & LEVEL,DAYLIGHT,0,0,0,1
28000838,CAMPBELL,I 0275,Interstate,,I275 E,,,39.02257055,-84.48707426,77.445,4/10/2021 0:00,1247,2,2,0,0,O,RAINING,WET,0,REAR END IN TRAFFIC LANES BOTH VEHICLES MOVING,REAR END,STRAIGHT & LEVEL,DAYLIGHT,0,0,0,1
27996158,CAMPBELL,,OTHR,,3RD,ST,W,39.09135634,-84.50100788,0.014,4/10/2021 0:00,2100,2,2,0,0,O,CLOUDY,WET,0,1 VEHICLE ENTERING/LEAVING ENTRANCE,ANGLE,STRAIGHT & LEVEL,DARK-HWY LIGHTED/ON,0,0,0,1
27997765,CAMPBELL,I 0471,Interstate,5,I471 S,,,39.09880474,-84.49156298,4.719,4/10/2021 0:00,1400,2,2,0,0,O,RAINING,WET,0,SIDESWIPE COLLISION - SAME DIRECTION,SIDESWIPE-SAME DIRECTION,STRAIGHT & LEVEL,DAYLIGHT,0,0,0,1
27996966,CAMPBELL,I 0471,Interstate,,,,,39.09276709,-84.476355,0.025,4/10/2021 0:00,1546,1,1,0,0,O,RAINING,WET,0,COLLISION WITH FIXED OBJECT NOT IN GORE ,SINGLE VEHICLE,CURVE & GRADE,DAYLIGHT,0,0,0,1
27999897,CAMPBELL,I 0275,Interstate,,I275 E,,,39.03532699,-84.47030313,76.011,4/11/2021 0:00,1602,3,3,0,0,O,RAINING,WET,0,OTHER ROADWAY OR MID-BLOCK COLLISION,REAR END,STRAIGHT & GRADE,DAYLIGHT,0,0,0,1
27997767,CAMPBELL,US0027,USRoute,1500,MONMOUTH,ST,,39.08413427,-84.48471786,21.254,4/11/2021 0:00,1527,2,2,0,0,O,CLEAR,WET,0,1 VEHICLE ENTERING/LEAVING ENTRANCE,ANGLE,STRAIGHT & GRADE,DAYLIGHT,0,0,0,1
27996160,CAMPBELL,KY0008,StateRoute,101,KY8 CROSSOVER TO KY8,,,39.089144,-84.50089789,0.041,4/11/2021 0:00,17,2,2,0,0,O,CLOUDY,DRY,0,1 VEHICLE ENTERING/LEAVING ENTRANCE,ANGLE,CURVE & LEVEL,DARK-HWY LIGHTED/ON,0,0,0,1
28007640,CAMPBELL,KY0915,StateRoute,9599,LICKING,PIKE,,38.93369139,-84.40541403,1.414,4/11/2021 0:00,200,1,1,0,1,A,CLOUDY,WET,0,OTHER COLLISIONS ON SHOULDER,SINGLE VEHICLE,CURVE & LEVEL,DARK-HWY NOT LIGHTED,0,0,0,1
28014054,CAMPBELL,I 0275,Interstate,,I275 E,,,39.02263591,-84.4888561,77.552,4/11/2021 0:00,1637,2,2,0,0,O,RAINING,WET,0,REAR END IN TRAFFIC LANES BOTH VEHICLES MOVING,REAR END,STRAIGHT & LEVEL,DAYLIGHT,0,0,0,1
28014061,CAMPBELL,I 0275,Interstate,,I275 E,,,39.02260497,-84.48890165,77.554,4/11/2021 0:00,1444,2,2,0,0,O,RAINING,WET,0,REAR END IN TRAFFIC LANES BOTH VEHICLES MOVING,REAR END,STRAIGHT & LEVEL,DAYLIGHT,0,0,0,1
27997425,CAMPBELL,KY0008,StateRoute,10,4TH,ST,E,39.09228211,-84.49621521,0.544,4/11/2021 0:00,1055,2,2,0,0,O,CLEAR,WET,0,SIDESWIPE-SAME DIRECTION,SIDESWIPE-SAME DIRECTION,STRAIGHT & LEVEL,DAYLIGHT,0,0,0,1
28211414,CAMPBELL,KY0471,StateRoute,,KY471,,,39.04190221,-84.45636547,0.345,4/11/2021 0:00,2212,2,2,0,2,C,RAINING,WET,0,OTHER INTERSECTION COLLISIONS,REAR END,STRAIGHT & LEVEL,DARK-HWY LIGHTED/ON,1,0,0,1
27997424,CAMPBELL,,OTHR,900,BRIGHTON,ST,,39.08311154,-84.4979389,0.259,4/11/2021 0:00,1150,2,2,0,0,O,RAINING,WET,0,OTHER INTERSECTION COLLISIONS,REAR END,STRAIGHT & LEVEL,DAYLIGHT,1,0,0,1
28002266,CAMPBELL,US0027,USRoute,,ALEXANDRIA,PIKE,,38.98566884,-84.40298782,12.247,4/11/2021 0:00,1435,2,2,0,0,O,RAINING,WET,0,OTHER INTERSECTION COLLISIONS,REAR END,STRAIGHT & HILLCREST,DAYLIGHT,1,0,0,1
27997766,CAMPBELL,KY1120,StateRoute,100,MEMORIAL,PKWY,,39.0925639,-84.47535098,1.666,4/11/2021 0:00,1020,1,1,0,0,O,CLEAR,WET,0,COLLISION WITH FIXED OBJECT NON - INTERSECTION - FIRST EVENT COLLISION 09 - 32 EXCLUDING 16,SINGLE VEHICLE,STRAIGHT & LEVEL,DAYLIGHT,0,0,0,1
28006209,CAMPBELL,,OTHR,8006,PRESERVATION,DR,,38.97186181,-84.40815211,,4/12/2021 0:00,1144,2,2,0,0,O,CLOUDY,DRY,0,1 VEHICLE PARKED POSITION (NOT PARKING LOT/DRIVEWAY),ANGLE,STRAIGHT & LEVEL,DAYLIGHT,0,0,0,1
28006208,CAMPBELL,,OTHR,,PAT FANNING,WAY,,38.98234486,-84.40082081,,4/12/2021 0:00,1114,2,2,0,0,O,CLOUDY,DRY,0,VEHICLE BACKING IN INTERSECTION,BACKING,STRAIGHT & HILLCREST,DAYLIGHT,1,0,0,1
28036592,CAMPBELL,KY1120,StateRoute,100,MEMORIAL,PKWY,,39.09283618,-84.47919066,1.457,4/12/2021 0:00,1700,2,2,0,0,O,CLEAR,DRY,0,REAR END IN TRAFFIC LANES BOTH VEHICLES MOVING,REAR END,STRAIGHT & LEVEL,DAYLIGHT,0,0,0,1
28006668,CAMPBELL,I 0275,Interstate,,I275 E,,,39.0387846,-84.46993308,75.766,4/12/2021 0:00,1641,2,2,0,0,O,CLEAR,DRY,0,REAR END IN TRAFFIC LANES BOTH VEHICLES MOVING,REAR END,STRAIGHT & GRADE,DAYLIGHT,0,0,0,1
28002898,CAMPBELL,,OTHR,600,HAMLET,ALY,,39.09273239,-84.48952322,0.272,4/12/2021 0:00,700,2,2,0,0,O,OTHER,OTHER,1,1 VEHICLE PARKED POSITION (NOT PARKING LOT/DRIVEWAY),SIDESWIPE-SAME DIRECTION,STRAIGHT & LEVEL,UNKNOWN,0,0,0,1
27999643,CAMPBELL,,OTHR,,3RD,ST,W,39.09246932,-84.49827103,0.082,4/12/2021 0:00,48,2,2,0,0,O,CLEAR,DRY,1,SIDESWIPE COLLISION - SAME DIRECTION,SIDESWIPE-SAME DIRECTION,STRAIGHT & LEVEL,DARK-HWY LIGHTED/ON,0,0,0,1
28015594,CAMPBELL,I 0275,Interstate,,I275 E,,,39.04613107,-84.45908979,74.913,4/12/2021 0:00,1700,2,2,0,0,O,CLEAR,DRY,0,SIDESWIPE COLLISION - SAME DIRECTION,SIDESWIPE-SAME DIRECTION,STRAIGHT & LEVEL,DAYLIGHT,0,0,0,1
28006660,CAMPBELL,KY0471,StateRoute,,KY471,,,39.03817821,-84.45404579,0.079,4/12/2021 0:00,1602,2,2,0,0,O,CLEAR,DRY,0,SIDESWIPE COLLISION - SAME DIRECTION,SIDESWIPE-SAME DIRECTION,CURVE & LEVEL,DAYLIGHT,0,0,0,1
28002899,CAMPBELL,US0027,USRoute,1200,MONMOUTH,ST,,39.08473253,-84.48574096,21.33,4/12/2021 0:00,1500,2,2,0,0,O,CLOUDY,DRY,0,SIDESWIPE COLLISION - SAME DIRECTION,SIDESWIPE-SAME DIRECTION,CURVE & GRADE,DAYLIGHT,0,0,0,1
28005328,CAMPBELL,KY0471,StateRoute,,KY471,,,39.03719923,-84.45408962,0.018,4/12/2021 0:00,1720,2,2,0,0,O,CLEAR,DRY,0,SIDESWIPE COLLISION - SAME DIRECTION,SIDESWIPE-SAME DIRECTION,STRAIGHT & LEVEL,DAYLIGHT,0,0,0,1
28014050,CAMPBELL,I 0275,Interstate,,I275 E,,,39.02348309,-84.48092277,77.096,4/12/2021 0:00,828,1,1,0,0,O,CLOUDY,DRY,0,OTHER ROADWAY OR MID-BLOCK COLLISION,SINGLE VEHICLE,CURVE & GRADE,DAYLIGHT,0,0,0,1
28002870,CAMPBELL,I 0471,Interstate,,INTERSTATE 471,,,39.1007992,-84.48977749,0.553,4/12/2021 0:00,1506,2,2,0,0,O,CLEAR,DRY,0,OTHER RAMP RELATED COLLISIONS NOT LISTED ABOVE,REAR END,STRAIGHT & LEVEL,DAYLIGHT,0,0,0,1
28010179,CAMPBELL,US0027,USRoute,,ALEXANDRIA,PIKE,,39.06533358,-84.46431908,19.506,4/13/2021 0:00,1712,2,2,0,0,O,CLOUDY,DRY,0,SIDESWIPE COLLISION - SAME DIRECTION,SIDESWIPE-SAME DIRECTION,STRAIGHT & LEVEL,DAYLIGHT,0,0,0,1
28029962,CAMPBELL,I 0275,Interstate,,I275 E,,,39.03743809,-84.47007975,75.86,4/13/2021 0:00,1330,3,3,0,1,B,CLEAR,DRY,0,REAR END IN TRAFFIC LANES BOTH VEHICLES MOVING,REAR END,STRAIGHT & LEVEL,DAYLIGHT,0,0,0,1
28022996,CAMPBELL,KY1936,StateRoute,10307,POND CREEK,RD,,38.9138185,-84.44179626,7.235,4/13/2021 0:00,2106,1,1,0,0,O,CLEAR,DRY,0,COLLISION WITH FIXED OBJECT NON - INTERSECTION - FIRST EVENT COLLISION 09 - 32 EXCLUDING 16,SINGLE VEHICLE,CURVE & LEVEL,DARK-HWY NOT LIGHTED,0,0,0,1
28030046,CAMPBELL,,OTHR,,TAYLOR,AVE,,39.10049923,-84.47834196,0.588,4/13/2021 0:00,1320,1,1,0,0,O,CLEAR,DRY,0,COLLISION WITH FIXED OBJECT NON - INTERSECTION - FIRST EVENT COLLISION 09 - 32 EXCLUDING 16,SINGLE VEHICLE,STRAIGHT & LEVEL,DAYLIGHT,0,0,0,1
28010608,CAMPBELL,,OTHR,,PATTERSON,ST,,39.08650488,-84.49905709,0.488,4/14/2021 0:00,913,2,2,0,0,O,CLEAR,DRY,0,COLLISION WITH PARKED VEHICLE,REAR END,STRAIGHT & LEVEL,DAYLIGHT,0,0,0,1