IncidentID,County,RdwyNumber,RdwyType,Street,RoadwayName,StreetSfx,StreetDir,Latitude,Longitude,Milepoint,CollisionDate,CollisionTime,UnitsInvolved,MotorVehiclesInvolved,NumberKilled,NumberInjured,KABCO,Weather,RdwyConditionCode,HitandRun,DirAnalysisCode,MannerofCollision,RdwyCharacter,LightCondition,Intersection Crash,Bicyclist,Pedestrian,Motor Vehicles
28022586,CAMPBELL,KY0009,StateRoute,,AA,HWY,,38.86888148,-84.26106156,0.491,4/14/2021 0:00,258,1,1,0,0,O,CLOUDY,DRY,0,OTHER INTERSECTION COLLISIONS,SINGLE VEHICLE,CURVE & LEVEL,DARK-HWY NOT LIGHTED,1,0,0,1
28065198,CAMPBELL,,OTHR,303,13TH,ST,W,39.08012489,-84.49205265,0.419,4/14/2021 0:00,2146,2,2,0,0,O,CLEAR,DRY,1,1 VEHICLE PARKED POSITION (NOT PARKING LOT/DRIVEWAY),SIDESWIPE-SAME DIRECTION,STRAIGHT & LEVEL,DARK-HWY LIGHTED/ON,0,0,0,1
30886600,CAMPBELL,KY0536,StateRoute,384,CREEKTRACE,RD,,38.92758666,-84.43181236,1.072,4/14/2021 0:00,1738,2,2,0,0,O,CLEAR,DRY,0,1 VEHICLE PARKED POSITION (NOT PARKING LOT/DRIVEWAY),REAR END,STRAIGHT & LEVEL,DAYLIGHT,0,0,0,1
28014000,CAMPBELL,KY0008,StateRoute,,MARY INGLES,HWY,,39.04260692,-84.41545385,9.356,4/14/2021 0:00,825,1,1,0,0,O,CLOUDY,WET,0,COLLISION WITH ANIMAL NON INTERSECTION,SINGLE VEHICLE,STRAIGHT & LEVEL,DAWN,0,0,0,1
28013080,CAMPBELL,,OTHR,529,BOONE SMITH,RD,,38.85990234,-84.42161707,1.014,4/14/2021 0:00,1418,1,1,0,0,O,CLOUDY,DRY,0,COLLISION WITH FIXED OBJECT NON - INTERSECTION - FIRST EVENT COLLISION 09 - 32 EXCLUDING 16,SINGLE VEHICLE,CURVE & GRADE,DAYLIGHT,0,0,0,1
28012695,CAMPBELL,,OTHR,275,3RD,ST,W,39.0925295,-84.49817368,0.076,4/14/2021 0:00,1840,2,2,0,0,O,CLEAR,DRY,0,SIDESWIPE COLLISION - SAME DIRECTION,SIDESWIPE-SAME DIRECTION,STRAIGHT & LEVEL,DAYLIGHT,0,0,0,1
28024064,CAMPBELL,,OTHR,5824,GRANITE SPRING,DR,,39.01683071,-84.44466193,0.255,4/15/2021 0:00,1330,2,2,0,0,O,CLEAR,DRY,0,SIDESWIPE COLLISION - OPPOSITE DIRECTION,SIDESWIPE-OPPOSITE DIRECTION,CURVE & GRADE,DAYLIGHT,0,0,0,1
28016460,CAMPBELL,,OTHR,28,FISCHER,LN,,39.07373687,-84.46841823,0.215,4/15/2021 0:00,900,2,2,0,0,O,CLEAR,DRY,1,1 VEHICLE PARKED POSITION (NOT PARKING LOT/DRIVEWAY),BACKING,STRAIGHT & LEVEL,DAYLIGHT,0,0,0,1
28017704,CAMPBELL,,OTHR,2019,NEW LINDEN,RD,,39.07894049,-84.47931132,0.069,4/15/2021 0:00,1629,2,2,0,0,O,CLEAR,DRY,0,1 VEHICLE PARKED POSITION (NOT PARKING LOT/DRIVEWAY),SIDESWIPE-SAME DIRECTION,STRAIGHT & GRADE,DAYLIGHT,0,0,0,1
28039595,CAMPBELL,,OTHR,230,POPLAR,ST,,39.10409332,-84.48262527,0.326,4/15/2021 0:00,1648,2,2,0,0,O,CLEAR,DRY,0,1 VEHICLE PARKED POSITION (NOT PARKING LOT/DRIVEWAY),SIDESWIPE-SAME DIRECTION,STRAIGHT & LEVEL,DAYLIGHT,0,0,0,1
28029968,CAMPBELL,US0027,USRoute,,ALEXANDRIA,PIKE,,39.03515475,-84.45412441,16.619,4/15/2021 0:00,2203,2,2,0,0,O,CLEAR,DRY,1,OTHER INTERSECTION COLLISIONS,REAR END,STRAIGHT & LEVEL,DARK-HWY LIGHTED/ON,1,0,0,1
28015290,CAMPBELL,KY1120,StateRoute,,MEMORIAL,PKWY,,39.0913763,-84.46131289,2.628,4/15/2021 0:00,714,1,1,0,0,O,CLOUDY,DRY,0,COLLISION WITH ANIMAL IN INTERSECTION,SINGLE VEHICLE,CURVE & LEVEL,DAYLIGHT,1,0,0,1
28021508,CAMPBELL,I 0471,Interstate,,,,,39.08542568,-84.47459961,0.215,4/15/2021 0:00,1547,2,2,0,0,O,CLOUDY,DRY,1,OTHER RAMP RELATED COLLISIONS NOT LISTED ABOVE,REAR END,CURVE & GRADE,DAYLIGHT,0,0,0,1
28024063,CAMPBELL,KY0009,StateRoute,,AA,HWY,,39.00379578,-84.43942458,14.893,4/15/2021 0:00,755,2,2,0,0,O,CLEAR,DRY,0,1 VEHICLE ENTERING/LEAVING ENTRANCE,ANGLE,STRAIGHT & LEVEL,DAYLIGHT,0,0,0,1
28021507,CAMPBELL,KY1892,StateRoute,82,CAROTHERS,RD,,39.08598933,-84.47934323,2.29,4/16/2021 0:00,1338,2,2,0,0,O,CLOUDY,DRY,0,1 VEHICLE ENTERING/LEAVING ENTRANCE,ANGLE,CURVE & GRADE,DAYLIGHT,0,0,0,1
28035444,CAMPBELL,I 0471,Interstate,,,,,39.08547684,-84.47430073,0.199,4/16/2021 0:00,1100,2,2,0,0,O,CLEAR,DRY,0,OTHER RAMP RELATED COLLISIONS NOT LISTED ABOVE,REAR END,CURVE & GRADE,DAYLIGHT,0,0,0,1
30300178,CAMPBELL,,OTHR,,LOW GAP,RD,W,38.98406062,-84.41707212,0.008,4/16/2021 0:00,1528,1,1,0,0,O,CLEAR,DRY,0,OTHER INTERSECTION COLLISIONS,SINGLE VEHICLE,STRAIGHT & LEVEL,DAYLIGHT,1,0,0,1
28022997,CAMPBELL,,OTHR,,NINE MILE,RD,,39.00403574,-84.3492566,1.543,4/16/2021 0:00,2250,1,1,0,0,O,CLOUDY,DRY,0,OTHER INTERSECTION COLLISIONS,SINGLE VEHICLE,CURVE & HILLCREST,DARK-HWY NOT LIGHTED,1,0,0,1
28030042,CAMPBELL,KY1120,StateRoute,,MEMORIAL,PKWY,,39.09597175,-84.47035759,2.026,4/16/2021 0:00,1422,1,1,0,0,O,CLEAR,DRY,0,COLLISION WITH ANIMAL NON INTERSECTION,SINGLE VEHICLE,STRAIGHT & LEVEL,DAYLIGHT,0,0,0,1
28021509,CAMPBELL,I 0471,Interstate,,I471 N,,,39.10042346,-84.49429083,4.903,4/16/2021 0:00,905,3,3,0,0,O,CLEAR,DRY,0,REAR END IN TRAFFIC LANES BOTH VEHICLES MOVING,REAR END,STRAIGHT & LEVEL,DAYLIGHT,0,0,0,1
28024066,CAMPBELL,I 0275,Interstate,,I275 E,,,39.02687853,-84.47437332,76.659,4/16/2021 0:00,1242,6,6,0,2,B,CLEAR,DRY,1,REAR END IN TRAFFIC LANES BOTH VEHICLES MOVING,REAR END,,DAYLIGHT,0,0,0,1
28024074,CAMPBELL,I 0275,Interstate,,I275 W,,,39.02595067,-84.47669984,76.831,4/16/2021 0:00,1731,2,2,0,0,O,CLEAR,DRY,0,REAR END IN TRAFFIC LANES BOTH VEHICLES MOVING,REAR END,STRAIGHT & LEVEL,DAYLIGHT,0,0,0,1
28021506,CAMPBELL,US0027,USRoute,10,3RD,ST,E,39.0935575,-84.49700623,22.248,4/16/2021 0:00,1250,2,2,0,0,O,CLEAR,DRY,0,SIDESWIPE COLLISION - SAME DIRECTION,SIDESWIPE-SAME DIRECTION,CURVE & LEVEL,DAYLIGHT,0,0,0,1
28023732,CAMPBELL,,OTHR,,HIGHLAND,AVE,,39.07179237,-84.46815498,0.114,4/16/2021 0:00,1702,2,2,0,0,O,CLEAR,DRY,0,REAR END IN TRAFFIC LANES BOTH VEHICLES MOVING,REAR END,STRAIGHT & GRADE,DAYLIGHT,0,0,0,1
28024075,CAMPBELL,US0027,USRoute,,ALEXANDRIA,PIKE,,39.02428284,-84.44306504,15.621,4/17/2021 0:00,1334,2,2,0,0,O,RAINING,WET,0,OTHER INTERSECTION COLLISIONS,REAR END,STRAIGHT & LEVEL,DAYLIGHT,1,0,0,1
28030604,CAMPBELL,US0027,USRoute,5400,ALEXANDRIA,PIKE,,38.99911511,-84.41860964,13.468,4/18/2021 0:00,1454,2,2,0,0,O,CLOUDY,DRY,0,1 VEHICLE ENTERING/LEAVING ENTRANCE,ANGLE,STRAIGHT & LEVEL,DAYLIGHT,0,0,0,1
28032051,CAMPBELL,KY1892,StateRoute,,GRAND,AVE,,39.08632228,-84.47681706,2.128,4/18/2021 0:00,1329,2,2,0,0,O,CLEAR,DRY,0,OTHER INTERSECTION COLLISIONS,REAR END,STRAIGHT & LEVEL,DAYLIGHT,1,0,0,1
28047255,CAMPBELL,,OTHR,1138,PARK,AVE,,39.08839194,-84.48080212,0.573,4/18/2021 0:00,525,2,2,0,0,O,CLEAR,DRY,0,1 VEHICLE PARKED POSITION (NOT PARKING LOT/DRIVEWAY),REAR TO REAR,STRAIGHT & HILLCREST,DAYLIGHT,0,0,0,1
28032047,CAMPBELL,I 0471,Interstate,,I471 N,,,39.09990534,-84.49329216,4.838,4/18/2021 0:00,1542,4,4,0,0,O,CLEAR,DRY,1,REAR END IN TRAFFIC LANES BOTH VEHICLES MOVING,REAR END,STRAIGHT & LEVEL,DAYLIGHT,0,0,0,1
28027238,CAMPBELL,I 0471,Interstate,,I471 N,,,39.09608729,-84.48222017,4.174,4/18/2021 0:00,1222,2,2,0,0,O,CLEAR,DRY,0,SIDESWIPE COLLISION - SAME DIRECTION,SIDESWIPE-SAME DIRECTION,STRAIGHT & LEVEL,DAYLIGHT,0,0,0,1
28029312,CAMPBELL,,OTHR,,RAVINE,CIR,,39.06435943,-84.46964877,0.001,4/18/2021 0:00,1351,2,2,0,0,O,CLEAR,DRY,0,REAR END IN TRAFFIC LANES BOTH VEHICLES MOVING,REAR END,STRAIGHT & GRADE,DAYLIGHT,0,0,0,1
28043074,CAMPBELL,I 0275,Interstate,,I275 E,,,39.02279092,-84.48378815,77.262,4/18/2021 0:00,1522,3,3,0,0,O,CLEAR,DRY,0,REAR END IN TRAFFIC LANES BOTH VEHICLES MOVING,REAR END,STRAIGHT & LEVEL,DAYLIGHT,0,0,0,1
28043075,CAMPBELL,I 0275,Interstate,,I275 E,,,39.02260468,-84.4889033,77.555,4/18/2021 0:00,1234,2,2,0,0,O,CLEAR,DRY,0,REAR END IN TRAFFIC LANES BOTH VEHICLES MOVING,REAR END,STRAIGHT & LEVEL,DAYLIGHT,0,0,0,1
28032053,CAMPBELL,KY0009,StateRoute,200,CENTRAL,AVE,,39.08581685,-84.49443664,22.648,4/19/2021 0:00,822,2,2,0,0,O,CLEAR,DRY,1,SIDESWIPE COLLISION - OPPOSITE DIRECTION,SIDESWIPE-OPPOSITE DIRECTION,STRAIGHT & LEVEL,DAYLIGHT,0,0,0,1
28043079,CAMPBELL,KY0009,StateRoute,,LICKING,PIKE,,39.02336791,-84.48082848,17.793,4/19/2021 0:00,645,2,2,0,0,O,CLOUDY,DRY,0,REAR END IN TRAFFIC LANES BOTH VEHICLES MOVING,REAR END,STRAIGHT & LEVEL,DARK-HWY NOT LIGHTED,0,0,0,1
28032050,CAMPBELL,KY1120,StateRoute,,10TH,ST,E,39.09003183,-84.48381527,1.121,4/19/2021 0:00,733,2,2,0,0,O,CLEAR,DRY,0,SIDESWIPE-SAME DIRECTION,SIDESWIPE-SAME DIRECTION,STRAIGHT & LEVEL,DAYLIGHT,0,0,0,1
28032052,CAMPBELL,KY1892,StateRoute,,CAROTHERS,RD,,39.08391568,-84.48376059,2.562,4/19/2021 0:00,859,2,2,0,0,O,CLEAR,DRY,0,OTHER INTERSECTION COLLISIONS,REAR END,STRAIGHT & LEVEL,DAYLIGHT,1,0,0,1
28031358,CAMPBELL,KY1120,StateRoute,,MEMORIAL,PKWY,,39.09220639,-84.46172943,2.574,4/19/2021 0:00,1502,1,1,0,0,O,CLEAR,DRY,0,COLLISION WITH ANIMAL IN INTERSECTION,SINGLE VEHICLE,CURVE & LEVEL,DAYLIGHT,1,0,0,1
28035756,CAMPBELL,I 0471,Interstate,300,DAVE COWENS,DR,,39.10080669,-84.48977485,0.553,4/20/2021 0:00,1056,2,1,0,1,C,CLEAR,DRY,0,COLLISION WITH BICYCLE IN INTERSECTION,SINGLE VEHICLE,STRAIGHT & LEVEL,DAYLIGHT,1,1,0,0
28043078,CAMPBELL,KY0009,StateRoute,,AA,HWY,,39.01811439,-84.48023368,17.395,4/20/2021 0:00,1604,2,2,0,0,O,CLEAR,DRY,0,OPPOSING LEFT TURN,OPPOSING LEFT TURN,STRAIGHT & LEVEL,DAYLIGHT,0,0,0,1
28046501,CAMPBELL,I 0275,Interstate,,I275 E,,,39.04379607,-84.46736057,75.372,4/20/2021 0:00,1845,2,2,0,0,O,CLEAR,DRY,1,OPPOSITE DIRECTION - BOTH VEHICLES GOING STRAIGHT AHEAD,SIDESWIPE-OPPOSITE DIRECTION,STRAIGHT & LEVEL,DAYLIGHT,0,0,0,1
28038413,CAMPBELL,I 0471,Interstate,,I471 N,,,39.1006465,-84.49472103,4.931,4/20/2021 0:00,856,2,2,0,0,O,CLOUDY,DRY,0,REAR END IN TRAFFIC LANES BOTH VEHICLES MOVING,REAR END,STRAIGHT & LEVEL,DAYLIGHT,0,0,0,1
28035577,CAMPBELL,I 0471,Interstate,,I471 N,,,39.08356351,-84.47215343,3.123,4/20/2021 0:00,648,2,2,0,0,O,CLEAR,DRY,0,REAR END IN TRAFFIC LANES BOTH VEHICLES MOVING,REAR END,STRAIGHT & LEVEL,DAYLIGHT,0,0,0,1
28051353,CAMPBELL,I 0471,Interstate,,I471 N,,,39.1006465,-84.49472103,4.931,4/20/2021 0:00,856,4,4,0,0,O,CLOUDY,DRY,0,REAR END IN TRAFFIC LANES BOTH VEHICLES MOVING,REAR END,STRAIGHT & LEVEL,DAYLIGHT,0,0,0,1
29173958,CAMPBELL,KY1936,StateRoute,11488,POND CREEK,RD,,38.90226757,-84.43497359,6.289,4/20/2021 0:00,215,1,1,0,0,O,CLEAR,DRY,0,OTHER COLLISIONS ON SHOULDER,SINGLE VEHICLE,CURVE & LEVEL,DARK-HWY NOT LIGHTED,0,0,0,1
28038881,CAMPBELL,US0027,USRoute,300,MONMOUTH,ST,,39.09409834,-84.49583296,22.182,4/20/2021 0:00,843,2,2,0,0,O,CLOUDY,DRY,0,SIDESWIPE COLLISION - SAME DIRECTION,SIDESWIPE-SAME DIRECTION,STRAIGHT & GRADE,DAYLIGHT,0,0,0,1
28066307,CAMPBELL,,OTHR,1016,TAYLOR,AVE,,39.09752052,-84.47521476,0.854,4/21/2021 0:00,1726,1,1,0,0,O,SNOWING,WET,0,OTHER ROADWAY OR MID-BLOCK COLLISION,SINGLE VEHICLE,STRAIGHT & HILLCREST,DAYLIGHT,0,0,0,1
28051279,CAMPBELL,I 0471,Interstate,4.8,I471 N,,,39.09799552,-84.48726383,4.479,4/21/2021 0:00,900,2,2,0,0,O,CLEAR,DRY,0,REAR END IN TRAFFIC LANES BOTH VEHICLES MOVING,REAR END,STRAIGHT & LEVEL,DAYLIGHT,0,0,0,1
28100231,CAMPBELL,US0027,USRoute,,ALEXANDRIA,PIKE,,39.03389427,-84.45334977,16.522,4/21/2021 0:00,1339,3,3,0,0,O,CLOUDY,DRY,0,REAR END IN TRAFFIC LANES BOTH VEHICLES MOVING,REAR END,STRAIGHT & LEVEL,DAYLIGHT,0,0,0,1
28043082,CAMPBELL,KY0009,StateRoute,,AA,HWY,,39.01408884,-84.47604594,17.034,4/21/2021 0:00,2006,2,2,0,0,O,CLEAR,WET,0,REAR END IN TRAFFIC LANES BOTH VEHICLES MOVING,REAR END,STRAIGHT & LEVEL,DUSK,0,0,0,1
28157872,CAMPBELL,KY0009,StateRoute,,AA,HWY,,39.02129272,-84.48117983,17.63,4/21/2021 0:00,1450,2,2,0,0,O,CLOUDY,DRY,0,ANGLE COLLISION - ONE VEHICLE TURNING LEFT,ANGLE,STRAIGHT & LEVEL,DAYLIGHT,0,0,0,1
28043080,CAMPBELL,I 0275,Interstate,,I275 W,,,39.0230519,-84.48281038,77.212,4/21/2021 0:00,333,1,1,0,0,O,SNOWING,WET,0,COLLISION WITH FIXED OBJECT NON - INTERSECTION - FIRST EVENT COLLISION 09 - 32 EXCLUDING 16,SINGLE VEHICLE,CURVE & LEVEL,DARK-HWY LIGHTED/ON,0,0,0,1
28037823,CAMPBELL,US0027,USRoute,800,YORK,ST,,39.08835419,-84.49258712,21.888,4/21/2021 0:00,58,2,2,0,0,O,SNOWING,WET,0,1 VEHICLE PARKED POSITION (NOT PARKING LOT/DRIVEWAY),REAR END,STRAIGHT & LEVEL,DARK-HWY LIGHTED/ON,0,0,0,1
28053681,CAMPBELL,,OTHR,551,HIGHLAND,AVE,,39.07566099,-84.45879926,0.751,4/22/2021 0:00,1248,2,2,0,0,O,CLOUDY,DRY,0,1 VEHICLE PARKED POSITION (NOT PARKING LOT/DRIVEWAY),SIDESWIPE-SAME DIRECTION,STRAIGHT & LEVEL,DAYLIGHT,0,0,0,1
28042142,CAMPBELL,KY0009,StateRoute,,CENTRAL,AVE,,39.09019361,-84.49849285,23.022,4/22/2021 0:00,210,1,1,0,0,O,CLEAR,DRY,0,COLLISION WITH FIXED OBJECT NON - INTERSECTION - FIRST EVENT COLLISION 09 - 32 EXCLUDING 16,SINGLE VEHICLE,STRAIGHT & LEVEL,DARK-HWY LIGHTED/ON,0,0,0,1
28044873,CAMPBELL,,OTHR,1000 BLOCK,SARATOGA,ST,,39.08738019,-84.48765622,0.075,4/22/2021 0:00,532,2,2,0,0,O,CLEAR,DRY,0,COLLISION WITH PARKED VEHICLE,ANGLE,STRAIGHT & LEVEL,DARK-HWY LIGHTED/ON,0,0,0,1
28044883,CAMPBELL,KY1892,StateRoute,1359,GRAND,AVE,,39.08369432,-84.47126443,1.763,4/22/2021 0:00,1538,2,2,0,0,O,CLEAR,FLOODED,0,SIDESWIPE COLLISION - SAME DIRECTION,SIDESWIPE-SAME DIRECTION,STRAIGHT & GRADE,DAYLIGHT,0,0,0,1
28046504,CAMPBELL,I 0275,Interstate,,I275 E,,,39.03440573,-84.47027761,76.04,4/22/2021 0:00,1326,2,2,0,0,O,CLEAR,DRY,0,SIDESWIPE COLLISION - SAME DIRECTION,SIDESWIPE-SAME DIRECTION,STRAIGHT & LEVEL,DAYLIGHT,0,0,0,1
28051034,CAMPBELL,,OTHR,,ALEXANDRIA,PIKE,E,39.01830538,-84.4356052,0.581,4/22/2021 0:00,657,2,2,0,0,O,RAINING,WET,0,REAR END IN TRAFFIC LANES BOTH VEHICLES MOVING,REAR END,STRAIGHT & LEVEL,DAYLIGHT,0,0,0,1
28059393,CAMPBELL,KY0008,StateRoute,711,6TH,AVE,,39.11383215,-84.47051838,2.736,4/22/2021 0:00,1350,2,2,0,0,O,CLEAR,DRY,1,1 VEHICLE PARKED POSITION (NOT PARKING LOT/DRIVEWAY),SIDESWIPE-SAME DIRECTION,CURVE & LEVEL,DAYLIGHT,0,0,0,1
28044226,CAMPBELL,KY0009,StateRoute,,AA,HWY,,39.02139034,-84.48125789,17.622,4/22/2021 0:00,1231,2,2,0,0,O,CLEAR,DRY,0,OTHER ROADWAY OR MID-BLOCK COLLISION,REAR END,STRAIGHT & LEVEL,DAYLIGHT,0,0,0,1
28058532,CAMPBELL,US0027,USRoute,,ALEXANDRIA,PIKE,,38.97758904,-84.39308935,11.437,4/23/2021 0:00,2141,2,2,0,0,O,CLEAR,DRY,0,1 VEHICLE ENTERING/LEAVING ENTRANCE,ANGLE,STRAIGHT & LEVEL,DARK-HWY LIGHTED/ON,0,0,0,1
28051490,CAMPBELL,KY2345,StateRoute,12,MARTHA L COLLINS,BLVD,,39.02857161,-84.45122421,0.041,4/23/2021 0:00,1417,2,2,0,0,O,CLEAR,DRY,0,1 VEHICLE ENTERING/LEAVING ENTRANCE,ANGLE,STRAIGHT & LEVEL,DAYLIGHT,0,0,0,1
28050492,CAMPBELL,US0027,USRoute,,YORK,ST,,39.08624755,-84.49076023,21.701,4/23/2021 0:00,2125,2,2,0,0,O,CLEAR,DRY,0,SIDESWIPE COLLISION - SAME DIRECTION,SIDESWIPE-SAME DIRECTION,STRAIGHT & HILLCREST,DARK-HWY LIGHTED/OFF,0,0,0,1
28058530,CAMPBELL,US0027,USRoute,,ALEXANDRIA,PIKE,,38.96460212,-84.39293357,10.529,4/23/2021 0:00,1528,2,2,0,0,O,CLEAR,DRY,1,OTHER INTERSECTION COLLISIONS,REAR END,STRAIGHT & LEVEL,DAYLIGHT,1,0,0,1
28058531,CAMPBELL,US0027,USRoute,,ALEXANDRIA,PIKE,,38.9831156,-84.39972362,11.984,4/23/2021 0:00,1647,2,2,0,0,O,CLEAR,DRY,0,OTHER INTERSECTION COLLISIONS,REAR END,STRAIGHT & GRADE,DAYLIGHT,1,0,0,1
28066342,CAMPBELL,KY0008,StateRoute,,FAIRFIELD,AVE,,39.1078297,-84.48141274,2.014,4/23/2021 0:00,1245,2,2,0,0,O,CLEAR,DRY,1,1 VEHICLE PARKED POSITION (NOT PARKING LOT/DRIVEWAY),REAR END,STRAIGHT & LEVEL,DAYLIGHT,0,0,0,1
28066343,CAMPBELL,KY0008,StateRoute,,6TH,AVE,,39.10908181,-84.47984965,2.136,4/23/2021 0:00,1229,2,2,0,0,O,CLEAR,DRY,0,1 VEHICLE PARKED POSITION (NOT PARKING LOT/DRIVEWAY),SIDESWIPE-SAME DIRECTION,STRAIGHT & LEVEL,DAYLIGHT,0,0,0,1
28053679,CAMPBELL,I 0471,Interstate,,,,,39.09839204,-84.49162145,0.047,4/23/2021 0:00,809,1,1,0,0,O,CLOUDY,DRY,0,COLLISION WITH FIXED OBJECT NON - INTERSECTION - FIRST EVENT COLLISION 09 - 32 EXCLUDING 16,SINGLE VEHICLE,STRAIGHT & GRADE,DAYLIGHT,0,0,0,1
28065197,CAMPBELL,US0027,USRoute,720,YORK,ST,,39.08911399,-84.49335968,21.955,4/24/2021 0:00,26,1,1,0,0,O,CLEAR,DRY,1,COLLISION WITH FIXED OBJECT NON - INTERSECTION - FIRST EVENT COLLISION 09 - 32 EXCLUDING 16,SINGLE VEHICLE,STRAIGHT & LEVEL,DUSK,0,0,0,1
28053064,CAMPBELL,I 0471,Interstate,,I471 S,,,39.06432095,-84.46637788,1.607,4/24/2021 0:00,224,1,1,0,0,O,CLOUDY,DRY,0,COLLISION WITH FIXED OBJECT NON - INTERSECTION - FIRST EVENT COLLISION 09 - 32 EXCLUDING 16,SINGLE VEHICLE,CURVE & LEVEL,DUSK,0,0,0,1
28053932,CAMPBELL,KY1120,StateRoute,112,11TH,ST,W,39.08406943,-84.49119867,0.56,4/24/2021 0:00,1115,2,2,0,0,O,CLEAR,DRY,1,1 VEHICLE PARKED POSITION (NOT PARKING LOT/DRIVEWAY),SIDESWIPE-SAME DIRECTION,STRAIGHT & LEVEL,UNKNOWN,0,0,0,1
28059921,CAMPBELL,US0027,USRoute,,ALEXANDRIA,PIKE,,39.03144427,-84.4519462,16.335,4/24/2021 0:00,1545,2,2,0,0,O,RAINING,WET,0,OTHER INTERSECTION COLLISIONS,REAR END,STRAIGHT & LEVEL,DAYLIGHT,1,0,0,1
28052613,CAMPBELL,KY0009,StateRoute,,AA,HWY,,38.86891632,-84.26096785,0.492,4/24/2021 0:00,2140,1,1,0,0,O,CLOUDY,WET,0,OTHER INTERSECTION COLLISIONS,SINGLE VEHICLE,STRAIGHT & LEVEL,DARK-HWY NOT LIGHTED,1,0,0,1
28070159,CAMPBELL,KY1892,StateRoute,85,GRAND,AVE,N,39.07855457,-84.46502327,1.262,4/24/2021 0:00,930,2,2,0,0,O,CLOUDY,DRY,0,1 VEHICLE PARKED POSITION (NOT PARKING LOT/DRIVEWAY),SIDESWIPE-SAME DIRECTION,STRAIGHT & LEVEL,DUSK,0,0,0,1
28059922,CAMPBELL,I 0275,Interstate,,I275 E,,,39.03612758,-84.47019397,75.954,4/24/2021 0:00,1745,2,2,0,0,O,RAINING,WET,0,REAR END IN TRAFFIC LANES BOTH VEHICLES MOVING,REAR END,STRAIGHT & LEVEL,DAYLIGHT,0,0,0,1
28051354,CAMPBELL,I 0471,Interstate,,I471 N,,,39.10084965,-84.49514355,4.958,4/24/2021 0:00,1208,3,3,0,0,O,CLOUDY,DRY,0,REAR END IN TRAFFIC LANES BOTH VEHICLES MOVING,REAR END,STRAIGHT & LEVEL,DAYLIGHT,0,0,0,1
28051600,CAMPBELL,I 0471,Interstate,,I471 N,,,39.09985629,-84.49319736,4.832,4/24/2021 0:00,1554,2,2,0,0,O,RAINING,WET,0,REAR END IN TRAFFIC LANES BOTH VEHICLES MOVING,REAR END,STRAIGHT & LEVEL,DAYLIGHT,0,0,0,1
28051508,CAMPBELL,US0027,USRoute,,ALEXANDRIA,PIKE,,39.00323641,-84.42329699,13.831,4/24/2021 0:00,1355,2,2,0,0,O,RAINING,WET,0,1 VEHICLE ENTERING/LEAVING ENTRANCE,ANGLE,STRAIGHT & LEVEL,DAYLIGHT,0,0,0,1
28051629,CAMPBELL,KY0009,StateRoute,,LICKING,PIKE,,39.02334295,-84.48081685,17.791,4/24/2021 0:00,1649,2,2,0,0,O,CLOUDY,WET,0,OTHER ROADWAY OR MID-BLOCK COLLISION,REAR END,STRAIGHT & LEVEL,DAYLIGHT,0,0,0,1
28055485,CAMPBELL,,OTHR,925,ISABELLA,ST,,39.08440348,-84.49515827,0.245,4/25/2021 0:00,1720,2,2,0,0,O,CLEAR,DRY,1,1 VEHICLE PARKED POSITION (NOT PARKING LOT/DRIVEWAY),BACKING,STRAIGHT & LEVEL,DAYLIGHT,0,0,0,1
28062108,CAMPBELL,US0027,USRoute,,ALEXANDRIA,PIKE,,38.95760844,-84.39310419,10.042,4/25/2021 0:00,2118,2,2,0,0,O,CLEAR,DRY,0,OPPOSING LEFT TURN,OPPOSING LEFT TURN,STRAIGHT & LEVEL,DARK-HWY LIGHTED/ON,0,0,0,1
28053960,CAMPBELL,KY1120,StateRoute,434,11TH,ST,W,39.08138215,-84.49607815,0.24,4/25/2021 0:00,1531,2,2,0,0,O,CLEAR,DRY,1,1 VEHICLE PARKED POSITION (NOT PARKING LOT/DRIVEWAY),SIDESWIPE-SAME DIRECTION,STRAIGHT & LEVEL,UNKNOWN,0,0,0,1
28071596,CAMPBELL,KY0009,StateRoute,,AA,HWY,,38.86414267,-84.2639218,0.149,4/25/2021 0:00,1637,1,1,0,0,O,CLEAR,DRY,0,COLLISION WITH ANIMAL NON INTERSECTION,SINGLE VEHICLE,CURVE & LEVEL,DAYLIGHT,0,0,0,1
28116949,CAMPBELL,,OTHR,3760,PARK VIEW,DR,,38.97102593,-84.37315861,0.436,4/26/2021 0:00,658,2,2,0,0,O,CLEAR,DRY,0,VEHICLE BACKING NON INTERSECTION,BACKING,CURVE & GRADE,DAYLIGHT,0,0,0,1
28058227,CAMPBELL,KY2238,StateRoute,,UNIVERSITY,DR,,39.03330154,-84.46015311,0.338,4/26/2021 0:00,907,2,2,0,0,O,CLEAR,DRY,0,1 VEHICLE ENTERING/LEAVING ENTRANCE,ANGLE,CURVE & LEVEL,DAYLIGHT,0,0,0,1
28070564,CAMPBELL,KY0536,StateRoute,,CREEKTRACE,RD,,38.92727926,-84.43318044,0.993,4/26/2021 0:00,1236,1,1,0,1,A,CLEAR,DRY,0,COLLISION WITH ANIMAL NON INTERSECTION,SINGLE VEHICLE,STRAIGHT & LEVEL,DAYLIGHT,0,0,0,1