IncidentID,County,RdwyNumber,RdwyType,Street,RoadwayName,StreetSfx,StreetDir,Latitude,Longitude,Milepoint,CollisionDate,CollisionTime,UnitsInvolved,MotorVehiclesInvolved,NumberKilled,NumberInjured,KABCO,Weather,RdwyConditionCode,HitandRun,DirAnalysisCode,MannerofCollision,RdwyCharacter,LightCondition,Intersection Crash,Bicyclist,Pedestrian,Motor Vehicles
28093315,CAMPBELL,,OTHR,98,MILLERS,LN,,39.08096478,-84.44400701,0.258,4/26/2021 0:00,1200,2,2,0,0,O,CLEAR,DRY,1,1 VEHICLE PARKED POSITION (NOT PARKING LOT/DRIVEWAY),SIDESWIPE-SAME DIRECTION,STRAIGHT & GRADE,DAYLIGHT,0,0,0,1
28098322,CAMPBELL,KY0008,StateRoute,,FAIRFIELD,AVE,,39.10902502,-84.47995767,2.127,4/26/2021 0:00,1150,2,2,0,0,O,CLEAR,DRY,0,SIDESWIPE-SAME DIRECTION,SIDESWIPE-SAME DIRECTION,STRAIGHT & LEVEL,DAYLIGHT,0,0,0,1
28067023,CAMPBELL,,OTHR,131,RIDGEWAY,XING,,38.97938374,-84.37660483,0.252,4/26/2021 0:00,1126,2,2,0,0,O,CLEAR,DRY,1,1 VEHICLE PARKED POSITION (NOT PARKING LOT/DRIVEWAY),ANGLE,STRAIGHT & GRADE,DAYLIGHT,0,0,0,1
28112567,CAMPBELL,,OTHR,100,5TH,AVE,,39.1097768,-84.47980881,1.158,4/26/2021 0:00,830,2,2,0,0,O,CLOUDY,DRY,1,1 VEHICLE PARKED POSITION (NOT PARKING LOT/DRIVEWAY),BACKING,STRAIGHT & LEVEL,DAYLIGHT,0,0,0,1
28072276,CAMPBELL,KY0915,StateRoute,,LICKING,PIKE,,38.99238696,-84.43976987,7.514,4/26/2021 0:00,1320,1,1,0,0,O,CLEAR,DRY,0,OTHER COLLISIONS ON SHOULDER,SINGLE VEHICLE,CURVE & LEVEL,DAYLIGHT,0,0,0,1
28061170,CAMPBELL,KY1632,StateRoute,,MOOCK,RD,,39.05841936,-84.47943584,0.592,4/26/2021 0:00,1939,2,2,0,0,O,CLEAR,DRY,0,REAR END IN TRAFFIC LANES BOTH VEHICLES MOVING,REAR END,STRAIGHT & LEVEL,DAYLIGHT,0,0,0,1
28092658,CAMPBELL,KY1892,StateRoute,,GRAND,AVE,,39.08225579,-84.47048231,1.659,4/26/2021 0:00,1735,2,2,0,0,O,CLEAR,DRY,0,REAR END IN TRAFFIC LANES BOTH VEHICLES MOVING,REAR END,STRAIGHT & LEVEL,DAYLIGHT,0,0,0,1
28067024,CAMPBELL,KY0009,StateRoute,,AA,HWY,,38.98313619,-84.38473807,11.446,4/27/2021 0:00,1454,2,2,0,0,O,CLEAR,DRY,0,REAR END IN TRAFFIC LANES BOTH VEHICLES MOVING,REAR END,STRAIGHT & LEVEL,DAYLIGHT,0,0,0,1
28070133,CAMPBELL,US0027,USRoute,,ALEXANDRIA,PIKE,,38.95753218,-84.39306848,10.037,4/27/2021 0:00,729,2,2,0,0,O,CLEAR,DRY,0,OTHER INTERSECTION COLLISIONS,REAR END,STRAIGHT & GRADE,DAYLIGHT,1,0,0,1
28070135,CAMPBELL,KY0010,StateRoute,,MAIN,ST,W,38.95618108,-84.3963732,1.099,4/27/2021 0:00,1356,2,2,0,0,O,CLEAR,DRY,0,OTHER INTERSECTION COLLISIONS,REAR END,CURVE & GRADE,DAYLIGHT,1,0,0,1
28063288,CAMPBELL,I 0471,Interstate,,,,,39.08536706,-84.47431545,0.171,4/27/2021 0:00,1538,2,2,0,0,O,CLEAR,DRY,0,OTHER INTERSECTION COLLISIONS,REAR END,CURVE & LEVEL,DAYLIGHT,1,0,0,1
28098045,CAMPBELL,,OTHR,142,BRAMBLE,AVE,,39.04189022,-84.45180831,0.168,4/27/2021 0:00,1213,2,2,0,0,O,CLEAR,DRY,0,1 VEHICLE PARKED POSITION (NOT PARKING LOT/DRIVEWAY),BACKING,STRAIGHT & GRADE,DAYLIGHT,0,0,0,1
28098323,CAMPBELL,,OTHR,332,COVERT RUN,PIKE,,39.0999784,-84.47567478,0.238,4/27/2021 0:00,2036,2,2,0,0,O,CLEAR,DRY,1,1 VEHICLE PARKED POSITION (NOT PARKING LOT/DRIVEWAY),SIDESWIPE-SAME DIRECTION,STRAIGHT & LEVEL,DUSK,0,0,0,1
28066852,CAMPBELL,KY0445,StateRoute,,GRANDVIEW,AVE,,39.06292593,-84.45191581,1.222,4/27/2021 0:00,1300,2,2,0,0,O,CLEAR,DRY,0,1 VEHICLE PARKED POSITION (NOT PARKING LOT/DRIVEWAY),SIDESWIPE-SAME DIRECTION,CURVE & GRADE,DAYLIGHT,0,0,0,1
28090298,CAMPBELL,KY0008,StateRoute,,MARY INGLES,HWY,,39.03042825,-84.36945932,11.947,4/27/2021 0:00,1146,1,1,0,0,O,CLEAR,FLOODED,0,COLLISION WITH FIXED OBJECT NON - INTERSECTION - FIRST EVENT COLLISION 09 - 32 EXCLUDING 16,SINGLE VEHICLE,STRAIGHT & LEVEL,DAYLIGHT,0,0,0,1
28067025,CAMPBELL,KY0709,StateRoute,,ALEXANDRIA,PIKE,E,38.98316108,-84.39776094,0.063,4/27/2021 0:00,1355,2,2,0,0,O,CLEAR,DRY,0,1 VEHICLE ENTERING/LEAVING ENTRANCE,ANGLE,STRAIGHT & GRADE,DAYLIGHT,0,0,0,1
28062791,CAMPBELL,,OTHR,,DAVE COWENS,DR,,39.09675051,-84.49432191,0.009,4/27/2021 0:00,1247,2,2,0,0,O,CLEAR,DRY,1,VEHICLE BACKING NON INTERSECTION,BACKING,STRAIGHT & LEVEL,DAYLIGHT,0,0,0,1
28068231,CAMPBELL,US0027,USRoute,4011,ALEXANDRIA,PIKE,,39.02313311,-84.44151183,15.519,4/27/2021 0:00,1915,2,2,0,0,O,CLEAR,DRY,0,OTHER ROADWAY OR MID-BLOCK COLLISION,REAR END,STRAIGHT & LEVEL,DAYLIGHT,0,0,0,1
28109909,CAMPBELL,,OTHR,53,DONNERMEYER,BLVD,,39.09840991,-84.48113599,0.143,4/28/2021 0:00,1740,2,2,0,0,O,RAINING,WET,0,1 VEHICLE ENTERING/LEAVING ENTRANCE,ANGLE,STRAIGHT & LEVEL,DAYLIGHT,0,0,0,1
28077402,CAMPBELL,KY0009,StateRoute,,LICKING,PIKE,,39.05639684,-84.48675412,20.276,4/28/2021 0:00,1522,2,2,0,0,O,CLEAR,DRY,0,OTHER ROADWAY OR MID-BLOCK COLLISION,REAR END,STRAIGHT & LEVEL,DAYLIGHT,0,0,0,1
28069367,CAMPBELL,I 0471,Interstate,,,,,39.0854162,-84.4745982,0.215,4/28/2021 0:00,1740,2,2,0,0,O,RAINING,WET,0,OTHER RAMP RELATED COLLISIONS NOT LISTED ABOVE,REAR END,CURVE & HILLCREST,DARK-HWY LIGHTED/ON,0,0,0,1
28069715,CAMPBELL,I 0275,Interstate,,,,,39.02280669,-84.48224467,0.155,4/28/2021 0:00,731,1,1,0,0,O,CLOUDY,DRY,0,COLLISION WITH FIXED OBJECT NOT IN GORE ,SINGLE VEHICLE,CURVE & GRADE,DAYLIGHT,0,0,0,1
28090125,CAMPBELL,,OTHR,117,WHISPERING WOODS,DR,,38.96703598,-84.37354865,0.045,4/28/2021 0:00,2000,2,2,0,0,O,RAINING,WET,0,1 VEHICLE PARKED POSITION (NOT PARKING LOT/DRIVEWAY),BACKING,STRAIGHT & LEVEL,DARK-HWY LIGHTED/ON,0,0,0,1
28069368,CAMPBELL,,OTHR,2,10TH,ST,W,39.08613215,-84.4907722,0.518,4/28/2021 0:00,1909,2,2,0,0,O,CLOUDY,WET,1,1 VEHICLE PARKED POSITION (NOT PARKING LOT/DRIVEWAY),SIDESWIPE-SAME DIRECTION,STRAIGHT & LEVEL,DAYLIGHT,0,0,0,1
28067761,CAMPBELL,KY1120,StateRoute,,MEMORIAL,PKWY,,39.09267145,-84.47523213,1.677,4/28/2021 0:00,1047,2,2,0,1,C,CLEAR,DRY,0,OTHER INTERSECTION COLLISIONS,REAR END,CURVE & LEVEL,DAYLIGHT,1,0,0,1
28067765,CAMPBELL,KY0008,StateRoute,,6TH,AVE,,39.11383793,-84.47097975,2.698,4/28/2021 0:00,755,1,1,0,0,O,CLOUDY,DRY,0,OTHER INTERSECTION COLLISIONS,SINGLE VEHICLE,CURVE & LEVEL,DAYLIGHT,1,0,0,1
28069369,CAMPBELL,,OTHR,,SARATOGA,ST,,39.08767087,-84.48801291,0.102,4/28/2021 0:00,1719,2,2,0,0,O,RAINING,WET,0,OTHER INTERSECTION COLLISIONS,REAR END,STRAIGHT & LEVEL,DAYLIGHT,1,0,0,1
28067777,CAMPBELL,KY0009,StateRoute,,12TH,ST,W,39.07930052,-84.49628605,22.005,4/28/2021 0:00,1340,2,2,0,0,O,CLEAR,DRY,0,ANGLE COLLISION - OTHER,ANGLE,STRAIGHT & LEVEL,DAYLIGHT,0,0,0,1
28070161,CAMPBELL,KY1120,StateRoute,,FT THOMAS,AVE,S,39.06791973,-84.44728655,5.083,4/28/2021 0:00,2200,2,2,0,0,O,RAINING,WET,1,COLLISION WITH PARKED VEHICLE,SIDESWIPE-SAME DIRECTION,STRAIGHT & LEVEL,DARK-HWY LIGHTED/ON,0,0,0,1
28070160,CAMPBELL,KY1120,StateRoute,,MEMORIAL,PKWY,,39.08441101,-84.45130319,3.771,4/28/2021 0:00,1335,2,2,0,0,O,CLEAR,DRY,0,1 VEHICLE ENTERING/LEAVING ENTRANCE,ANGLE,STRAIGHT & LEVEL,DAYLIGHT,0,0,0,1
28084209,CAMPBELL,KY0008,StateRoute,145,FAIRFIELD,AVE,,39.10348558,-84.48671761,1.601,4/28/2021 0:00,1723,2,2,0,0,O,RAINING,WET,0,REAR END IN TRAFFIC LANES BOTH VEHICLES MOVING,REAR END,STRAIGHT & LEVEL,DAYLIGHT,0,0,0,1
28065206,CAMPBELL,US0027,USRoute,25,3RD,ST,E,39.09406232,-84.49609849,22.201,4/28/2021 0:00,118,2,2,0,0,O,CLEAR,DRY,0,REAR END IN TRAFFIC LANES BOTH VEHICLES MOVING,REAR END,STRAIGHT & LEVEL,DARK-HWY LIGHTED/ON,0,0,0,1
28069718,CAMPBELL,KY0009,StateRoute,,AA,HWY,,39.01409862,-84.47610923,17.033,4/28/2021 0:00,1959,2,2,0,0,O,CLOUDY,WET,0,REAR END IN TRAFFIC LANES BOTH VEHICLES MOVING,REAR END,STRAIGHT & LEVEL,DUSK,0,0,0,1
28069720,CAMPBELL,KY0009,StateRoute,,AA,HWY,,39.0186645,-84.48053389,17.437,4/28/2021 0:00,1747,2,2,0,0,O,RAINING,WET,0,SIDESWIPE COLLISION - SAME DIRECTION,SIDESWIPE-SAME DIRECTION,STRAIGHT & LEVEL,DAYLIGHT,0,0,0,1
28072447,CAMPBELL,,OTHR,,MAIN,ST,,39.11504672,-84.46821958,0.126,4/28/2021 0:00,1922,2,2,0,0,O,CLOUDY,DRY,0,1 VEHICLE PARKED POSITION (NOT PARKING LOT/DRIVEWAY),SIDESWIPE-SAME DIRECTION,STRAIGHT & GRADE,DAYLIGHT,0,0,0,1
28076086,CAMPBELL,KY0008,StateRoute,,MARY INGLES,HWY,,39.02991369,-84.3666838,12.137,4/29/2021 0:00,1520,2,2,0,1,C,RAINING,WET,0,REAR END IN TRAFFIC LANES BOTH VEHICLES MOVING,REAR END,STRAIGHT & LEVEL,DAYLIGHT,0,0,0,1
28100127,CAMPBELL,I 0275,Interstate,,I275 E,,,39.04313096,-84.46816175,75.45,4/29/2021 0:00,900,2,2,0,0,O,RAINING,WET,0,REAR END IN TRAFFIC LANES BOTH VEHICLES MOVING,REAR END,STRAIGHT & LEVEL,DAYLIGHT,0,0,0,1
28075449,CAMPBELL,I 0471,Interstate,4,I471 N,,,39.09818094,-84.48842635,4.543,4/29/2021 0:00,1400,2,2,0,0,O,RAINING,WET,0,REAR END IN TRAFFIC LANES BOTH VEHICLES MOVING,REAR END,STRAIGHT & LEVEL,DAYLIGHT,0,0,0,1
28075450,CAMPBELL,KY1120,StateRoute,500,11TH,ST,W,39.08020759,-84.4985203,0.079,4/29/2021 0:00,1735,2,2,0,0,O,CLEAR,DRY,0,REAR END IN TRAFFIC LANES BOTH VEHICLES MOVING,REAR END,STRAIGHT & LEVEL,DAYLIGHT,0,0,0,1
28071591,CAMPBELL,KY0009,StateRoute,1220,LICKING,PIKE,,39.0783058,-84.49605516,21.934,4/29/2021 0:00,745,2,2,0,0,O,RAINING,WET,0,SIDESWIPE COLLISION - OPPOSITE DIRECTION,SIDESWIPE-OPPOSITE DIRECTION,CURVE & LEVEL,DAYLIGHT,0,0,0,1
28073783,CAMPBELL,I 0471,Interstate,1.1,I471 S,,,39.0570654,-84.46974316,1.013,4/29/2021 0:00,1539,2,2,0,0,O,RAINING,WET,0,SIDESWIPE COLLISION - SAME DIRECTION,SIDESWIPE-SAME DIRECTION,STRAIGHT & LEVEL,DAYLIGHT,0,0,0,1
28202872,CAMPBELL,KY0008,StateRoute,,FAIRFIELD,AVE,,39.10501977,-84.48482422,1.749,4/29/2021 0:00,1526,2,2,0,0,O,RAINING,WET,0,SIDESWIPE COLLISION - SAME DIRECTION,SIDESWIPE-SAME DIRECTION,STRAIGHT & LEVEL,DAYLIGHT,0,0,0,1
28086569,CAMPBELL,US0027,USRoute,,ALEXANDRIA,PIKE,,39.03137633,-84.45201319,16.331,4/29/2021 0:00,1204,5,5,0,0,O,CLOUDY,WET,0,OTHER INTERSECTION COLLISIONS,REAR END,STRAIGHT & LEVEL,DAYLIGHT,1,0,0,1
28071762,CAMPBELL,,OTHR,,BRIGHTON,ST,,39.0813155,-84.49630488,0.107,4/29/2021 0:00,1509,2,2,0,0,O,RAINING,WET,0,OTHER INTERSECTION COLLISIONS,REAR END,STRAIGHT & LEVEL,DAYLIGHT,1,0,0,1
28073212,CAMPBELL,US0027,USRoute,,ALEXANDRIA,PIKE,,38.91258539,-84.38663029,6.869,4/29/2021 0:00,2139,1,1,0,0,O,CLOUDY,DRY,0,COLLISION WITH ANIMAL NON INTERSECTION,SINGLE VEHICLE,STRAIGHT & LEVEL,DARK-HWY NOT LIGHTED,0,0,0,1
28071587,CAMPBELL,KY0009,StateRoute,1100,CENTRAL,AVE,,39.08255104,-84.49145737,22.371,4/29/2021 0:00,1419,2,2,0,0,O,RAINING,WET,0,VEHICLE BACKING NON INTERSECTION,BACKING,STRAIGHT & GRADE,DAYLIGHT,0,0,0,1
28093754,CAMPBELL,KY0009,StateRoute,,LICKING,PIKE,,39.02712855,-84.48021298,18.052,4/30/2021 0:00,747,2,2,0,0,O,CLOUDY,DRY,1,OTHER ROADWAY OR MID-BLOCK COLLISION,REAR END,STRAIGHT & LEVEL,DAYLIGHT,0,0,0,1
28085098,CAMPBELL,US0027,USRoute,,ALEXANDRIA,PIKE,,39.00422077,-84.42482863,13.945,4/30/2021 0:00,1522,2,2,0,0,O,CLEAR,DRY,0,OTHER ROADWAY OR MID-BLOCK COLLISION,REAR END,STRAIGHT & LEVEL,DAYLIGHT,0,0,0,1
28098047,CAMPBELL,US0027,USRoute,2700,ALEXANDRIA,PIKE,,39.03378631,-84.45316877,16.503,4/30/2021 0:00,1236,2,2,0,0,O,CLEAR,DRY,0,OPPOSING LEFT TURN,OPPOSING LEFT TURN,STRAIGHT & GRADE,DAYLIGHT,0,0,0,1
28556190,CAMPBELL,KY1892,StateRoute,,GRAND,AVE,,39.08153056,-84.46894712,1.56,4/30/2021 0:00,1600,2,2,0,0,O,CLEAR,DRY,0,SIDESWIPE COLLISION - SAME DIRECTION,SIDESWIPE-SAME DIRECTION,STRAIGHT & LEVEL,DAYLIGHT,0,0,0,1
28083648,CAMPBELL,,OTHR,,STRATHMORE,AVE,,39.09473835,-84.45155491,0.217,4/30/2021 0:00,1755,2,2,0,0,O,CLEAR,DRY,0,SIDESWIPE COLLISION - OPPOSITE DIRECTION,SIDESWIPE-OPPOSITE DIRECTION,STRAIGHT & GRADE,DAYLIGHT,0,0,0,1
28075591,CAMPBELL,,OTHR,225,BLUEGRASS,AVE,,39.07229962,-84.48177765,0.158,4/30/2021 0:00,1146,1,1,0,1,B,CLEAR,DRY,0,OTHER COLLISIONS ON SHOULDER,SINGLE VEHICLE,CURVE & GRADE,DAYLIGHT,0,0,0,1
28157868,CAMPBELL,KY0009,StateRoute,,AA,HWY,,39.01888729,-84.48074136,17.456,4/30/2021 0:00,1213,2,2,0,0,O,CLEAR,DRY,0,REAR END IN TRAFFIC LANES BOTH VEHICLES MOVING,REAR END,STRAIGHT & LEVEL,DAYLIGHT,0,0,0,1
28083095,CAMPBELL,I 0275,Interstate,,I275 E,,,39.04476127,-84.46488513,,4/30/2021 0:00,1330,2,2,0,0,O,CLEAR,DRY,0,REAR END IN TRAFFIC LANES BOTH VEHICLES MOVING,REAR END,STRAIGHT & GRADE,DAYLIGHT,0,0,0,1
28083096,CAMPBELL,I 0275,Interstate,,I275 W,,,39.0441132,-84.46751717,,4/30/2021 0:00,1300,2,2,0,1,B,CLEAR,DRY,1,REAR END IN TRAFFIC LANES BOTH VEHICLES MOVING,REAR END,STRAIGHT & GRADE,DAYLIGHT,0,0,0,1
28078390,CAMPBELL,US0027,USRoute,,TAYLOR SOUTHGATE,BRG,,39.09546667,-84.50080696,22.524,4/30/2021 0:00,1533,2,2,0,0,O,CLEAR,DRY,0,REAR END IN TRAFFIC LANES BOTH VEHICLES MOVING,REAR END,STRAIGHT & GRADE,DAYLIGHT,0,0,0,1
28080361,CAMPBELL,KY1632,StateRoute,,KY1632 TURN LANE,,,39.06830141,-84.46680169,0.034,4/30/2021 0:00,1514,2,2,0,0,O,CLEAR,DRY,0,REAR END IN TRAFFIC LANES BOTH VEHICLES MOVING,REAR END,CURVE & GRADE,DAYLIGHT,0,0,0,1
28080410,CAMPBELL,I 0471,Interstate,,I471 S,,,39.06259383,-84.46853331,1.428,5/1/2021 0:00,315,1,1,0,1,B,CLOUDY,DRY,0,OTHER COLLISIONS ON SHOULDER,SINGLE VEHICLE,STRAIGHT & LEVEL,DUSK,0,0,0,1
28113597,CAMPBELL,,OTHR,,DONNERMEYER,BLVD,,39.09762308,-84.48256469,0.049,5/1/2021 0:00,1541,2,2,0,0,O,CLEAR,DRY,0,SIDESWIPE COLLISION - SAME DIRECTION,SIDESWIPE-SAME DIRECTION,STRAIGHT & LEVEL,DAYLIGHT,0,0,0,1
28093752,CAMPBELL,KY1632,StateRoute,,MOOCK,RD,,39.05427234,-84.48344846,0.219,5/1/2021 0:00,2035,2,2,0,0,O,CLEAR,DRY,1,SIDESWIPE COLLISION - OPPOSITE DIRECTION,SIDESWIPE-OPPOSITE DIRECTION,CURVE & LEVEL,DAYLIGHT,0,0,0,1
28078391,CAMPBELL,KY1120,StateRoute,,MEMORIAL,PKWY,,39.09271983,-84.4785226,1.494,5/1/2021 0:00,1122,2,2,0,0,O,CLEAR,DRY,0,1 VEHICLE ENTERING/LEAVING ENTRANCE,ANGLE,STRAIGHT & LEVEL,DAYLIGHT,0,0,0,1
28083093,CAMPBELL,,OTHR,,MARY INGLES HWY,,,39.02774116,-84.35365538,,5/1/2021 0:00,1220,2,2,0,0,O,CLEAR,DRY,0,SIDESWIPE COLLISION - SAME DIRECTION,SIDESWIPE-SAME DIRECTION,STRAIGHT & LEVEL,DAYLIGHT,0,0,0,1
28084202,CAMPBELL,,OTHR,,RIVIERA,DR,,39.10185457,-84.48864621,0.003,5/1/2021 0:00,1616,3,3,0,0,O,CLEAR,DRY,0,REAR END - ONE VEHICLE TURNING RIGHT,REAR END,STRAIGHT & LEVEL,DAYLIGHT,0,0,0,1
28084853,CAMPBELL,,OTHR,,ERVIN,TER,,39.11005668,-84.47432211,0.215,5/1/2021 0:00,1515,2,2,0,0,O,CLEAR,DRY,0,1 VEHICLE PARKED POSITION (NOT PARKING LOT/DRIVEWAY),SIDESWIPE-SAME DIRECTION,CURVE & LEVEL,DAYLIGHT,0,0,0,1
28086729,CAMPBELL,US0027,USRoute,,ALEXANDRIA,PIKE,,38.98164345,-84.39633252,11.777,5/1/2021 0:00,433,1,1,0,0,O,CLEAR,DRY,0,COLLISION WITH ANIMAL NON INTERSECTION,SINGLE VEHICLE,CURVE & LEVEL,DARK-HWY LIGHTED/ON,0,0,0,1
28115123,CAMPBELL,I 0471,Interstate,,I471 N,,,39.09951714,-84.49260947,4.793,5/1/2021 0:00,1300,2,2,0,0,O,CLEAR,DRY,0,OTHER ROADWAY OR MID-BLOCK COLLISION,REAR END,STRAIGHT & GRADE,DAYLIGHT,0,0,0,1
28098057,CAMPBELL,KY0471,StateRoute,,KY471,,,39.0412637,-84.45555141,0.306,5/2/2021 0:00,2342,1,1,0,0,O,RAINING,WET,0,RAN OFF ROADWAY (1 VEHICLE WITH/EARTH EMBANKMENT/DITCH),SINGLE VEHICLE,STRAIGHT & LEVEL,DARK-HWY LIGHTED/ON,0,0,0,1
28082312,CAMPBELL,,OTHR,2211,JOYCE,AVE,,39.07718749,-84.47439046,0.242,5/2/2021 0:00,1915,2,2,0,0,O,CLOUDY,WET,0,1 VEHICLE PARKED POSITION (NOT PARKING LOT/DRIVEWAY),BACKING,STRAIGHT & GRADE,DAYLIGHT,0,0,0,1
28093757,CAMPBELL,,OTHR,,TOWN,DR,,39.01807438,-84.48032003,0.005,5/2/2021 0:00,1320,2,2,0,0,O,CLEAR,DRY,0,OTHER INTERSECTION COLLISIONS,REAR END,STRAIGHT & GRADE,DAYLIGHT,1,0,0,1
28082314,CAMPBELL,,OTHR,,NEWPORT PAVILION,,,39.08688855,-84.4770651,0.563,5/2/2021 0:00,1802,2,2,0,0,O,RAINING,WET,0,OTHER INTERSECTION COLLISIONS,REAR END,STRAIGHT & LEVEL,DAYLIGHT,1,0,0,1
28082313,CAMPBELL,,OTHR,,9TH,ST,E,39.08833415,-84.49022043,0.638,5/2/2021 0:00,1959,2,2,0,0,O,CLOUDY,WET,0,ANGLE COLLISION - OTHER,ANGLE,STRAIGHT & LEVEL,DAYLIGHT,0,0,0,1
28116107,CAMPBELL,,OTHR,,PARKLAKE,RD,,38.88290148,-84.36573416,2.874,5/2/2021 0:00,200,1,1,0,0,O,CLOUDY,DRY,0,OTHER COLLISIONS ON SHOULDER,SINGLE VEHICLE,STRAIGHT & LEVEL,DARK-HWY NOT LIGHTED,0,0,0,1
28098054,CAMPBELL,I 0275,Interstate,,I275 E,,,39.04050924,-84.46982215,75.65,5/2/2021 0:00,1230,3,3,0,0,O,CLOUDY,DRY,0,REAR END IN TRAFFIC LANES BOTH VEHICLES MOVING,REAR END,STRAIGHT & LEVEL,DAYLIGHT,0,0,0,1
28093746,CAMPBELL,,OTHR,76,RIDGEWOOD,DR,,38.95178973,-84.36522356,0.008,5/2/2021 0:00,1454,2,2,0,0,O,CLEAR,DRY,0,1 VEHICLE PARKED POSITION (NOT PARKING LOT/DRIVEWAY),BACKING,STRAIGHT & LEVEL,DAYLIGHT,0,0,0,1
28082843,CAMPBELL,,OTHR,109,MAIN,ST,,39.08076098,-84.48695867,0.385,5/2/2021 0:00,2100,3,3,0,0,O,CLEAR,DRY,0,1 VEHICLE PARKED POSITION (NOT PARKING LOT/DRIVEWAY),SIDESWIPE-OPPOSITE DIRECTION,STRAIGHT & HILLCREST,DARK (UNKNOWN ROADWAY LIGHTING),0,0,0,1
28085103,CAMPBELL,US0027,USRoute,,,,,39.00334924,-84.42321666,0.019,5/3/2021 0:00,1046,2,2,0,0,O,CLOUDY,WET,0,OTHER RAMP RELATED COLLISIONS NOT LISTED ABOVE,REAR END,STRAIGHT & LEVEL,DAYLIGHT,0,0,0,1
28093755,CAMPBELL,I 0275,Interstate,,I275 E,,,39.02258057,-84.488826,77.55,5/3/2021 0:00,1640,4,4,0,0,O,CLOUDY,DRY,0,REAR END IN TRAFFIC LANES BOTH VEHICLES MOVING,REAR END,STRAIGHT & LEVEL,DAYLIGHT,0,0,0,1
28089608,CAMPBELL,KY0008,StateRoute,300,6TH,AVE,,39.11115892,-84.47649398,2.362,5/3/2021 0:00,1541,2,2,0,0,O,CLOUDY,DRY,0,SIDESWIPE COLLISION - OPPOSITE DIRECTION,SIDESWIPE-OPPOSITE DIRECTION,STRAIGHT & LEVEL,DAYLIGHT,0,0,0,1
28093756,CAMPBELL,KY0009,StateRoute,501,LICKING,PIKE,,39.05577883,-84.48695194,20.232,5/3/2021 0:00,1234,1,1,0,0,O,CLOUDY,DRY,0,COLLISION WITH FIXED OBJECT NON - INTERSECTION - FIRST EVENT COLLISION 09 - 32 EXCLUDING 16,SINGLE VEHICLE,STRAIGHT & LEVEL,DAYLIGHT,0,0,0,1
28098321,CAMPBELL,KY0008,StateRoute,,DAVE COWENS,DR,,39.09801551,-84.49288322,1.024,5/4/2021 0:00,1800,2,2,0,0,O,CLOUDY,WET,0,1 VEHICLE ENTERING/LEAVING ENTRANCE,ANGLE,STRAIGHT & GRADE,DAYLIGHT,0,0,0,1
28099827,CAMPBELL,KY1892,StateRoute,,CAROTHERS,RD,,39.08516589,-84.48055587,2.36,5/4/2021 0:00,1525,2,2,0,0,O,CLEAR,DRY,0,1 VEHICLE ENTERING/LEAVING ENTRANCE,ANGLE,STRAIGHT & LEVEL,DAYLIGHT,0,0,0,1
28097942,CAMPBELL,,OTHR,1,CARRIAGE HOUSE,DR,,39.08484572,-84.46426672,0.011,5/4/2021 0:00,1640,2,2,0,0,O,CLOUDY,WET,0,1 VEHICLE PARKED POSITION (NOT PARKING LOT/DRIVEWAY),BACKING,STRAIGHT & GRADE,DAYLIGHT,0,0,0,1
28098202,CAMPBELL,I 0275,Interstate,,I275 E,,,39.02987078,-84.47098626,76.396,5/4/2021 0:00,1550,2,2,0,0,O,CLEAR,DRY,1,REAR END IN TRAFFIC LANES BOTH VEHICLES MOVING,REAR END,STRAIGHT & GRADE,DAYLIGHT,0,0,0,1
28095985,CAMPBELL,US0027,USRoute,,,,,39.00335762,-84.42333848,0.018,5/4/2021 0:00,804,3,3,0,0,O,CLOUDY,WET,0,OTHER RAMP RELATED COLLISIONS NOT LISTED ABOVE,REAR END,STRAIGHT & LEVEL,DAYLIGHT,0,0,0,1
28106634,CAMPBELL,I 0471,Interstate,,,,,39.09289019,-84.47899157,0.189,5/4/2021 0:00,1205,2,2,0,0,O,CLEAR,DRY,0,OTHER RAMP RELATED COLLISIONS NOT LISTED ABOVE,REAR END,CURVE & HILLCREST,DAYLIGHT,0,0,0,1
28099947,CAMPBELL,KY0009,StateRoute,,AA,HWY,,39.01510969,-84.47691361,17.119,5/5/2021 0:00,1643,3,3,0,0,O,CLEAR,DRY,0,OTHER ROADWAY OR MID-BLOCK COLLISION,REAR END,STRAIGHT & LEVEL,DAYLIGHT,0,0,0,1
28098204,CAMPBELL,KY0471,StateRoute,,KY471,,,39.03770754,-84.45400529,0.052,5/5/2021 0:00,1200,2,2,0,1,B,CLEAR,DRY,0,REAR END IN TRAFFIC LANES BOTH VEHICLES MOVING,REAR END,STRAIGHT & LEVEL,DAYLIGHT,0,0,0,1
28098206,CAMPBELL,I 0275,Interstate,,I275 E,,,39.04286122,-84.46851376,75.477,5/5/2021 0:00,1230,2,2,0,0,O,CLEAR,DRY,0,REAR END IN TRAFFIC LANES BOTH VEHICLES MOVING,REAR END,STRAIGHT & LEVEL,DAYLIGHT,0,0,0,1