IncidentID,County,RdwyNumber,RdwyType,Street,RoadwayName,StreetSfx,StreetDir,Latitude,Longitude,Milepoint,CollisionDate,CollisionTime,UnitsInvolved,MotorVehiclesInvolved,NumberKilled,NumberInjured,KABCO,Weather,RdwyConditionCode,HitandRun,DirAnalysisCode,MannerofCollision,RdwyCharacter,LightCondition,Intersection Crash,Bicyclist,Pedestrian,Motor Vehicles
28095654,CAMPBELL,I 0275,Interstate,,I275 E,,,39.02267402,-84.48376114,77.262,5/5/2021 0:00,1524,2,2,0,0,O,CLEAR,DRY,0,REAR END IN TRAFFIC LANES BOTH VEHICLES MOVING,REAR END,STRAIGHT & LEVEL,DAYLIGHT,0,0,0,1
28101739,CAMPBELL,I 0471,Interstate,,I471 N,,,39.05346404,-84.46865556,0.782,5/5/2021 0:00,1913,1,1,0,0,O,CLEAR,DRY,0,OTHER COLLISIONS ON SHOULDER,SINGLE VEHICLE,CURVE & GRADE,DAYLIGHT,0,0,0,1
28112570,CAMPBELL,,OTHR,500,ERVIN,TER,,39.11223189,-84.47640606,0.404,5/5/2021 0:00,821,2,2,0,0,O,CLOUDY,DRY,0,1 VEHICLE PARKED POSITION (NOT PARKING LOT/DRIVEWAY),SIDESWIPE-SAME DIRECTION,STRAIGHT & LEVEL,DAYLIGHT,0,0,0,1
28095991,CAMPBELL,,OTHR,210,RIDGEPOINTE,DR,,39.00407363,-84.44842819,0.272,5/5/2021 0:00,1145,2,2,0,0,O,CLEAR,DRY,0,1 VEHICLE PARKED POSITION (NOT PARKING LOT/DRIVEWAY),BACKING,STRAIGHT & LEVEL,DAYLIGHT,0,0,0,1
28097393,CAMPBELL,I 0275,Interstate,,I275 E,,,39.03540649,-84.4702374,76.005,5/5/2021 0:00,1832,2,2,0,0,O,CLEAR,DRY,0,1 VEHICLE PARKED POSITION (NOT PARKING LOT/DRIVEWAY),REAR END,STRAIGHT & LEVEL,DAYLIGHT,0,0,0,1
28101741,CAMPBELL,,OTHR,400,BEECH,RD,,39.07066479,-84.47618742,0.234,5/6/2021 0:00,1400,1,1,0,0,O,CLOUDY,DRY,1,1 VEHICLE PARKED POSITION (NOT PARKING LOT/DRIVEWAY),SINGLE VEHICLE,STRAIGHT & GRADE,DAYLIGHT,0,0,0,1
28100128,CAMPBELL,US0027,USRoute,,ALEXANDRIA,PIKE,,39.03519945,-84.45410116,16.62,5/6/2021 0:00,1213,2,2,0,0,O,CLEAR,DRY,0,ANGLE COLLISION - OTHER,ANGLE,STRAIGHT & LEVEL,DAYLIGHT,0,0,0,1
28112101,CAMPBELL,KY0709,StateRoute,,ALEXANDRIA,PIKE,E,38.9886976,-84.39516709,0.466,5/6/2021 0:00,1707,2,2,0,0,O,CLEAR,DRY,0,REAR END - ONE VEHICLE TURNING RIGHT,REAR END,STRAIGHT & LEVEL,DAYLIGHT,0,0,0,1
28101153,CAMPBELL,,OTHR,,LOW GAP,RD,W,38.98399794,-84.4169945,0.005,5/6/2021 0:00,1315,1,1,0,0,O,CLEAR,DRY,0,OTHER INTERSECTION COLLISIONS,SINGLE VEHICLE,STRAIGHT & LEVEL,DAYLIGHT,1,0,0,1
28103590,CAMPBELL,I 0471,Interstate,,MEMORIAL,,,39.09282997,-84.47906501,0.196,5/6/2021 0:00,1549,2,2,0,0,O,CLEAR,DRY,0,OTHER INTERSECTION COLLISIONS,REAR TO REAR,CURVE & LEVEL,DAYLIGHT,1,0,0,1
28102862,CAMPBELL,I 0275,Interstate,,I275 W,,,39.05052093,-84.44617695,74.152,5/6/2021 0:00,743,2,2,0,0,O,CLEAR,DRY,0,REAR END IN TRAFFIC LANES BOTH VEHICLES MOVING,REAR END,STRAIGHT & GRADE,DAYLIGHT,0,0,0,1
28097141,CAMPBELL,KY0009,StateRoute,41,12TH,ST,W,39.0803688,-84.49454596,22.126,5/6/2021 0:00,126,2,2,0,0,O,CLEAR,DRY,1,1 VEHICLE PARKED POSITION (NOT PARKING LOT/DRIVEWAY),SIDESWIPE-SAME DIRECTION,STRAIGHT & LEVEL,DARK-HWY LIGHTED/ON,0,0,0,1
28101472,CAMPBELL,I 0471,Interstate,,I471 S,,,39.09947043,-84.49285754,4.802,5/6/2021 0:00,1907,2,2,0,0,O,CLOUDY,DRY,1,SIDESWIPE COLLISION - SAME DIRECTION,SIDESWIPE-SAME DIRECTION,STRAIGHT & LEVEL,DAYLIGHT,0,0,0,1
28113598,CAMPBELL,,OTHR,,RIVIERA,DR,,39.09948423,-84.48607137,0.212,5/6/2021 0:00,1848,2,2,0,0,O,CLOUDY,DRY,0,SIDESWIPE COLLISION - SAME DIRECTION,SIDESWIPE-SAME DIRECTION,STRAIGHT & LEVEL,DAYLIGHT,0,0,0,1
28112100,CAMPBELL,US0027,USRoute,,ALEXANDRIA,PIKE,,38.95858385,-84.39315549,10.116,5/6/2021 0:00,1143,2,2,0,0,O,CLEAR,DRY,0,REAR END IN TRAFFIC LANES BOTH VEHICLES MOVING,REAR END,STRAIGHT & LEVEL,DAYLIGHT,0,0,0,1
28109607,CAMPBELL,KY1892,StateRoute,,GRAND,AVE,N,39.07600634,-84.46273115,1.046,5/7/2021 0:00,1540,2,2,0,0,O,CLEAR,DRY,0,HEAD-ON COLLISION,HEAD ON,STRAIGHT & GRADE,DAYLIGHT,0,0,0,1
28103589,CAMPBELL,,OTHR,1107,ISABELLA,ST,,39.08376305,-84.49461988,0.192,5/7/2021 0:00,832,2,2,0,0,O,CLEAR,DRY,1,1 VEHICLE PARKED POSITION (NOT PARKING LOT/DRIVEWAY),REAR END,STRAIGHT & LEVEL,DAYLIGHT,0,0,0,1
28103355,CAMPBELL,I 0275,Interstate,,I275 E,,,39.02257024,-84.48801328,77.501,5/7/2021 0:00,1354,3,3,0,0,O,CLEAR,DRY,0,REAR END IN TRAFFIC LANES BOTH VEHICLES MOVING,REAR END,STRAIGHT & LEVEL,DAYLIGHT,0,0,0,1
28628926,CAMPBELL,I 0275,Interstate,,I275 E,,,39.03356015,-84.47038605,76.14,5/7/2021 0:00,1445,2,2,0,0,O,CLEAR,DRY,0,,REAR END,STRAIGHT & LEVEL,DAYLIGHT,0,0,0,1
28103225,CAMPBELL,KY2345,StateRoute,,JOHNS HILL,RD,,39.02744746,-84.4609232,0.674,5/7/2021 0:00,4,2,2,0,0,O,RAINING,WET,0,ANGLE COLLISION - OTHER,ANGLE,CURVE & GRADE,DARK-HWY LIGHTED/ON,0,0,0,1
28105568,CAMPBELL,KY0009,StateRoute,,AA,HWY,,39.01811447,-84.48023633,17.395,5/7/2021 0:00,1847,3,3,0,0,O,RAINING,WET,0,ANGLE COLLISION - OTHER,ANGLE,STRAIGHT & GRADE,DAYLIGHT,0,0,0,1
28105569,CAMPBELL,KY0009,StateRoute,,LICKING,PIKE,,39.02995808,-84.47974454,18.236,5/7/2021 0:00,1834,1,1,0,0,O,RAINING,WET,0,COLLISION WITH FIXED OBJECT NON - INTERSECTION - FIRST EVENT COLLISION 09 - 32 EXCLUDING 16,SINGLE VEHICLE,CURVE & LEVEL,DAYLIGHT,0,0,0,1
28103588,CAMPBELL,KY1120,StateRoute,,10TH,ST,E,39.09062411,-84.48307968,1.17,5/7/2021 0:00,1050,1,1,0,0,O,CLEAR,DRY,0,COLLISION WITH FIXED OBJECT NON - INTERSECTION - FIRST EVENT COLLISION 09 - 32 EXCLUDING 16,SINGLE VEHICLE,STRAIGHT & LEVEL,DAYLIGHT,0,0,0,1
28113644,CAMPBELL,US0027,USRoute,,ALEXANDRIA,PIKE,,39.00185707,-84.42160059,13.713,5/8/2021 0:00,1311,2,2,0,0,O,CLEAR,DRY,0,OTHER INTERSECTION COLLISIONS,REAR END,STRAIGHT & LEVEL,DAYLIGHT,1,0,0,1
28113518,CAMPBELL,US0027,USRoute,,ALEXANDRIA,PIKE,,38.98670132,-84.40412661,12.323,5/8/2021 0:00,1842,2,2,0,0,O,CLEAR,DRY,0,OTHER INTERSECTION COLLISIONS,REAR END,STRAIGHT & LEVEL,DAYLIGHT,1,0,0,1
28107719,CAMPBELL,KY1120,StateRoute,,10TH,ST,E,39.090029,-84.48384505,1.123,5/8/2021 0:00,2020,2,2,0,0,O,CLEAR,DRY,1,SIDESWIPE-SAME DIRECTION,SIDESWIPE-SAME DIRECTION,CURVE & LEVEL,DUSK,0,0,0,1
28106638,CAMPBELL,,OTHR,200,3RD,ST,W,39.09122948,-84.50116184,0.002,5/8/2021 0:00,1138,2,2,0,1,B,CLEAR,DRY,0,1 VEHICLE ENTERING/LEAVING ENTRANCE,ANGLE,STRAIGHT & LEVEL,DAYLIGHT,0,0,0,1
28113645,CAMPBELL,KY2345,StateRoute,,MARTHA L COLLINS,BLVD,,39.02888103,-84.45077594,0.015,5/8/2021 0:00,1606,2,2,0,0,O,CLEAR,DRY,0,OTHER ROADWAY OR MID-BLOCK COLLISION,REAR END,STRAIGHT & GRADE,DAYLIGHT,0,0,0,1
28108085,CAMPBELL,US0027,USRoute,,TAYLOR SOUTHGATE,BRG,,39.09534921,-84.50053268,22.509,5/8/2021 0:00,1734,2,2,0,0,O,CLEAR,DRY,0,OTHER ROADWAY OR MID-BLOCK COLLISION,REAR END,STRAIGHT & LEVEL,DAYLIGHT,0,0,0,1
28109069,CAMPBELL,US0027,USRoute,1900,MONMOUTH,ST,,39.07914631,-84.48055961,20.84,5/9/2021 0:00,1054,2,2,0,0,O,RAINING,WET,0,OTHER ROADWAY OR MID-BLOCK COLLISION,OPPOSING LEFT TURN,STRAIGHT & LEVEL,DAYLIGHT,0,0,0,1
28111366,CAMPBELL,KY0008,StateRoute,,MARY INGLES,HWY,,39.02973615,-84.36416665,12.273,5/9/2021 0:00,956,2,2,0,0,O,CLOUDY,DRY,0,1 VEHICLE ENTERING/LEAVING ENTRANCE,ANGLE,STRAIGHT & LEVEL,DAYLIGHT,0,0,0,1
28108038,CAMPBELL,,OTHR,200,MAIN,ST,,39.07814357,-84.48987437,0.146,5/9/2021 0:00,130,2,2,0,0,O,RAINING,WET,0,SIDESWIPE COLLISION - OPPOSITE DIRECTION,SIDESWIPE-OPPOSITE DIRECTION,STRAIGHT & HILLCREST,DARK-HWY LIGHTED/ON,0,0,0,1
28116950,CAMPBELL,,OTHR,305,BROOKWOOD,DR,,38.95345958,-84.36530737,0.371,5/9/2021 0:00,2000,2,2,0,0,O,CLOUDY,DRY,0,1 VEHICLE PARKED POSITION (NOT PARKING LOT/DRIVEWAY),BACKING,STRAIGHT & LEVEL,DAYLIGHT,0,0,0,1
28109559,CAMPBELL,,OTHR,156,NEWPORT PAVILION,,,39.08949778,-84.47598412,0.352,5/9/2021 0:00,1330,2,2,0,0,O,CLEAR,WET,0,1 VEHICLE PARKED POSITION (NOT PARKING LOT/DRIVEWAY),REAR TO REAR,STRAIGHT & LEVEL,DAYLIGHT,0,0,0,1
28114227,CAMPBELL,US0027,USRoute,,YORK,ST,,39.08618783,-84.49068009,21.707,5/10/2021 0:00,1051,2,2,0,1,B,CLEAR,DRY,0,ANGLE COLLISION - OTHER,ANGLE,STRAIGHT & LEVEL,DAYLIGHT,0,0,0,1
28116106,CAMPBELL,KY0009,StateRoute,,AA,HWY,,38.95284686,-84.33732743,8.014,5/10/2021 0:00,2200,1,1,0,0,O,CLOUDY,DRY,0,COLLISION WITH ANIMAL IN INTERSECTION,SINGLE VEHICLE,STRAIGHT & HILLCREST,DARK-HWY NOT LIGHTED,1,0,0,1
28119691,CAMPBELL,KY0009,StateRoute,,AA,HWY,,38.9862135,-84.39084927,,5/10/2021 0:00,2120,1,1,0,0,O,CLOUDY,DRY,0,COLLISION WITH ANIMAL NON INTERSECTION,SINGLE VEHICLE,CURVE & GRADE,DARK-HWY NOT LIGHTED,0,0,0,1
28114242,CAMPBELL,I 0471,Interstate,,I471 N,,,39.09984118,-84.49316794,4.83,5/10/2021 0:00,747,3,3,0,0,O,CLEAR,DRY,0,REAR END IN TRAFFIC LANES BOTH VEHICLES MOVING,REAR END,STRAIGHT & LEVEL,DAYLIGHT,0,0,0,1
28131355,CAMPBELL,US0027,USRoute,10,3RD,ST,E,39.09369535,-84.49677401,22.249,5/10/2021 0:00,1400,2,2,0,0,O,CLEAR,DRY,0,REAR END IN TRAFFIC LANES BOTH VEHICLES MOVING,REAR END,STRAIGHT & LEVEL,DAYLIGHT,0,0,0,1
28121482,CAMPBELL,US0027,USRoute,424,ALEXANDRIA,PIKE,,39.0646032,-84.46189455,19.37,5/11/2021 0:00,1458,2,2,0,1,B,CLEAR,DRY,0,1 VEHICLE ENTERING/LEAVING ENTRANCE,ANGLE,CURVE & LEVEL,DAYLIGHT,0,0,0,1
28134697,CAMPBELL,I 0275,Interstate,,I275 E,,,39.04735243,-84.45456564,74.656,5/11/2021 0:00,1611,2,2,0,2,B,CLEAR,DRY,0,1 VEHICLE ENTERING/LEAVING ENTRANCE,ANGLE,STRAIGHT & LEVEL,DAYLIGHT,0,0,0,1
28123429,CAMPBELL,I 0471,Interstate,,I471 S,,,39.09894606,-84.49209453,4.747,5/11/2021 0:00,1700,2,2,0,0,O,CLEAR,DRY,0,SIDESWIPE COLLISION - SAME DIRECTION,SIDESWIPE-SAME DIRECTION,STRAIGHT & LEVEL,DAYLIGHT,0,0,0,1
28134698,CAMPBELL,I 0275,Interstate,,I275 E,,,39.0457355,-84.46116159,75.028,5/11/2021 0:00,1744,2,2,0,0,O,CLEAR,DRY,0,SIDESWIPE COLLISION - SAME DIRECTION,SIDESWIPE-SAME DIRECTION,STRAIGHT & LEVEL,DAYLIGHT,0,0,0,1
28119363,CAMPBELL,I 0275,Interstate,,I275 E,,,39.03463452,-84.47035227,76.054,5/11/2021 0:00,848,2,2,0,0,O,CLEAR,DRY,0,SIDESWIPE COLLISION - SAME DIRECTION,SIDESWIPE-SAME DIRECTION,STRAIGHT & LEVEL,DAWN,0,0,0,1
28134694,CAMPBELL,,OTHR,,ROBINSON,RD,,39.03376792,-84.44780784,0.219,5/11/2021 0:00,614,2,2,0,0,O,CLEAR,DRY,0,1 VEHICLE PARKED POSITION (NOT PARKING LOT/DRIVEWAY),SIDESWIPE-SAME DIRECTION,STRAIGHT & LEVEL,DAWN,0,0,0,1
28123502,CAMPBELL,KY0010,StateRoute,,FLAGG SPRINGS,PIKE,,38.91750817,-84.31985935,,5/11/2021 0:00,1700,1,1,0,1,C,CLEAR,DRY,0,RAN OFF ROADWAY (1 VEHICLE WITH/EARTH EMBANKMENT/DITCH),SINGLE VEHICLE,CURVE & GRADE,DAYLIGHT,0,0,0,1
28121678,CAMPBELL,KY0009,StateRoute,,AA,HWY,,38.98877929,-84.39534622,12.122,5/11/2021 0:00,1554,2,2,0,0,O,CLEAR,DRY,0,OTHER INTERSECTION COLLISIONS,REAR END,STRAIGHT & LEVEL,DAYLIGHT,1,0,0,1
28125859,CAMPBELL,I 0471,Interstate,,,,,39.09291905,-84.47895108,0.186,5/11/2021 0:00,1620,2,2,0,0,O,CLEAR,DRY,0,OTHER INTERSECTION COLLISIONS,REAR END,CURVE & LEVEL,DAYLIGHT,1,0,0,1
28125860,CAMPBELL,KY1892,StateRoute,,GRAND,AVE,,39.08637138,-84.47723692,2.152,5/11/2021 0:00,1602,2,2,0,0,O,CLEAR,DRY,0,OTHER INTERSECTION COLLISIONS,REAR END,STRAIGHT & LEVEL,DAYLIGHT,1,0,0,1
28173418,CAMPBELL,US0027,USRoute,,ALEXANDRIA,PIKE,,39.0351492,-84.45410025,16.62,5/11/2021 0:00,929,2,2,0,0,O,CLOUDY,DRY,0,ANGLE COLLISION - OTHER,ANGLE,STRAIGHT & LEVEL,DAYLIGHT,0,0,0,1
28168643,CAMPBELL,US0027,USRoute,,ALEXANDRIA,PIKE,,38.98203644,-84.39706283,11.823,5/12/2021 0:00,1813,2,2,0,0,O,CLEAR,DRY,1,OTHER INTERSECTION COLLISIONS,REAR END,STRAIGHT & LEVEL,DAYLIGHT,1,0,0,1
28140354,CAMPBELL,US0027,USRoute,,ALEXANDRIA,PIKE,,38.98226814,-84.39769736,11.861,5/12/2021 0:00,1056,2,1,0,0,O,CLEAR,DRY,0,OTHER INTERSECTION COLLISIONS,REAR END,STRAIGHT & LEVEL,DAYLIGHT,1,0,0,1
28125544,CAMPBELL,KY0009,StateRoute,,AA,HWY,,38.97986202,-84.36990353,10.611,5/12/2021 0:00,1330,1,1,0,0,O,CLEAR,DRY,0,COLLISION WITH ANIMAL NON INTERSECTION,SINGLE VEHICLE,STRAIGHT & GRADE,DAYLIGHT,0,0,0,1
28134695,CAMPBELL,I 0275,Interstate,,I275 E,,,39.03418896,-84.47040576,76.094,5/12/2021 0:00,712,2,2,0,0,O,CLEAR,DRY,0,REAR END IN TRAFFIC LANES BOTH VEHICLES MOVING,REAR END,STRAIGHT & LEVEL,DAYLIGHT,0,0,0,1
28127398,CAMPBELL,KY0009,StateRoute,,AA,HWY,,38.94733372,-84.33363304,7.577,5/12/2021 0:00,1955,2,2,0,0,O,CLEAR,DRY,1,SIDESWIPE COLLISION - SAME DIRECTION,SIDESWIPE-SAME DIRECTION,STRAIGHT & GRADE,DAYLIGHT,0,0,0,1
28125237,CAMPBELL,KY0009,StateRoute,,AA,HWY,,39.00970492,-84.46914404,16.537,5/12/2021 0:00,1647,2,2,0,0,O,CLEAR,DRY,0,1 VEHICLE ENTERING/LEAVING ENTRANCE,ANGLE,STRAIGHT & LEVEL,DAYLIGHT,0,0,0,1
28123423,CAMPBELL,I 0471,Interstate,,,,,39.08573186,-84.47424586,0.178,5/12/2021 0:00,825,2,2,0,0,O,CLEAR,DRY,0,OTHER RAMP RELATED COLLISIONS NOT LISTED ABOVE,REAR END,STRAIGHT & LEVEL,DAYLIGHT,0,0,0,1
28140769,CAMPBELL,,OTHR,244,CLEVELAND,AVE,,39.09922792,-84.47330329,0.31,5/13/2021 0:00,2200,2,2,0,0,O,CLEAR,DRY,1,VEHICLE BACKING NON INTERSECTION,BACKING,STRAIGHT & GRADE,DARK-HWY NOT LIGHTED,0,0,0,1
28127964,CAMPBELL,I 0471,Interstate,5,I471 N,,,39.09957996,-84.4926541,4.797,5/13/2021 0:00,700,2,2,0,0,O,CLEAR,DRY,0,REAR END IN TRAFFIC LANES BOTH VEHICLES MOVING,REAR END,STRAIGHT & LEVEL,DAYLIGHT,0,0,0,1
28130754,CAMPBELL,US0027,USRoute,2404,ALEXANDRIA,PIKE,,39.07332638,-84.47216426,20.221,5/13/2021 0:00,1526,2,2,0,0,O,CLEAR,DRY,0,REAR END IN TRAFFIC LANES BOTH VEHICLES MOVING,REAR END,STRAIGHT & GRADE,DAYLIGHT,0,0,0,1
28140612,CAMPBELL,KY0709,StateRoute,,ALEXANDRIA,PIKE,E,38.98820868,-84.3955851,0.43,5/13/2021 0:00,1825,2,2,0,1,C,CLEAR,DRY,0,OTHER INTERSECTION COLLISIONS,REAR END,STRAIGHT & LEVEL,DAYLIGHT,1,0,0,1
28132252,CAMPBELL,KY1120,StateRoute,100,10TH,ST,E,39.08767092,-84.48801088,0.862,5/13/2021 0:00,1250,2,1,0,0,O,CLEAR,DRY,1,COLLISION WITH PEDESTRIAN IN INTERSECTION,SINGLE VEHICLE,STRAIGHT & LEVEL,DAYLIGHT,1,0,1,0
28139507,CAMPBELL,KY0915,StateRoute,9653,LICKING,PIKE,,38.93205439,-84.40401307,1.279,5/14/2021 0:00,703,1,1,0,0,O,CLEAR,DRY,0,RAN OFF ROADWAY (1 VEHICLE WITH/EARTH EMBANKMENT/DITCH),SINGLE VEHICLE,CURVE & LEVEL,DAYLIGHT,0,0,0,1
28146602,CAMPBELL,,OTHR,,5TH,ST,E,39.09500488,-84.48955656,0.31,5/14/2021 0:00,1652,2,2,0,0,O,CLOUDY,DRY,0,ANGLE COLLISION - OTHER,ANGLE,STRAIGHT & LEVEL,DAYLIGHT,0,0,0,1
28134526,CAMPBELL,KY0009,StateRoute,,AA,HWY,,38.99983828,-84.40819759,13.145,5/14/2021 0:00,930,1,1,0,0,O,CLEAR,DRY,0,COLLISION WITH ANIMAL IN INTERSECTION,SINGLE VEHICLE,CURVE & LEVEL,DAYLIGHT,1,0,0,1
28144822,CAMPBELL,KY0009,StateRoute,,AA,HWY,,38.98875068,-84.39496756,12.123,5/14/2021 0:00,1149,2,2,0,0,O,CLEAR,DRY,0,OTHER INTERSECTION COLLISIONS,REAR END,STRAIGHT & GRADE,DAYLIGHT,1,0,0,1
28199398,CAMPBELL,,OTHR,,OFALLON,AVE,,39.10710121,-84.47793523,0.331,5/14/2021 0:00,2042,2,1,0,0,O,CLEAR,DRY,0,ANGLE COLLISION - OTHER,ANGLE,STRAIGHT & GRADE,DAYLIGHT,0,0,0,1
28143069,CAMPBELL,I 0275,Interstate,,I275 E,,,39.02942122,-84.47118744,76.427,5/14/2021 0:00,1432,2,2,0,0,O,CLEAR,DRY,0,REAR END IN TRAFFIC LANES BOTH VEHICLES MOVING,REAR END,STRAIGHT & GRADE,DAYLIGHT,0,0,0,1
28137275,CAMPBELL,KY0547,StateRoute,,FOUR MILE,RD,,38.98313089,-84.36365522,2.246,5/14/2021 0:00,640,1,1,0,0,O,CLEAR,DRY,0,OTHER COLLISIONS ON SHOULDER,SINGLE VEHICLE,CURVE & GRADE,DAYLIGHT,0,0,0,1
28140775,CAMPBELL,,OTHR,474,WASHINGTON,AVE,,39.10208759,-84.47765387,0.09,5/14/2021 0:00,1512,2,2,0,0,O,CLEAR,DRY,0,1 VEHICLE PARKED POSITION (NOT PARKING LOT/DRIVEWAY),ANGLE,STRAIGHT & LEVEL,DAYLIGHT,0,0,0,1
28148707,CAMPBELL,I 0471,Interstate,5,I471 N,,,39.09962687,-84.49261266,4.797,5/14/2021 0:00,1636,2,2,0,0,O,CLEAR,DRY,0,REAR END IN TRAFFIC LANES BOTH VEHICLES MOVING,REAR END,STRAIGHT & LEVEL,DAYLIGHT,0,0,0,1
28144821,CAMPBELL,KY0709,StateRoute,,ALEXANDRIA,PIKE,E,38.98772233,-84.39628285,0.386,5/14/2021 0:00,1247,3,3,0,0,O,CLEAR,DRY,0,OTHER ROADWAY OR MID-BLOCK COLLISION,REAR END,STRAIGHT & LEVEL,DAYLIGHT,0,0,0,1
28135209,CAMPBELL,I 0471,Interstate,,I471 N,,,39.0997387,-84.49297481,4.817,5/15/2021 0:00,1510,2,2,0,0,O,CLEAR,DRY,0,OTHER ROADWAY OR MID-BLOCK COLLISION,REAR END,STRAIGHT & LEVEL,DAYLIGHT,0,0,0,1
28134713,CAMPBELL,I 0275,Interstate,,I275 E,,,39.03650687,-84.47027543,75.927,5/15/2021 0:00,1316,2,2,0,0,O,CLEAR,DRY,0,OTHER ROADWAY OR MID-BLOCK COLLISION,REAR END,STRAIGHT & LEVEL,DAYLIGHT,0,0,0,1
28135012,CAMPBELL,I 0471,Interstate,,I471 N,,,39.10100312,-84.49535592,4.973,5/15/2021 0:00,1530,2,2,0,0,O,CLEAR,DRY,0,OTHER ROADWAY OR MID-BLOCK COLLISION,REAR END,STRAIGHT & LEVEL,DAYLIGHT,0,0,0,1
28140547,CAMPBELL,,OTHR,72,GARDEN,WAY,,39.07057114,-84.45769769,0.187,5/15/2021 0:00,1316,2,2,0,0,O,CLEAR,DRY,0,1 VEHICLE ENTERING/LEAVING ENTRANCE,ANGLE,CURVE & LEVEL,DAYLIGHT,0,0,0,1
28140772,CAMPBELL,KY0008,StateRoute,400,FAIRFIELD,AVE,,39.10660512,-84.48288113,1.9,5/15/2021 0:00,912,2,2,0,0,O,CLEAR,DRY,0,REAR END IN TRAFFIC LANES BOTH VEHICLES MOVING,REAR END,STRAIGHT & LEVEL,DAYLIGHT,0,0,0,1
28135024,CAMPBELL,I 0471,Interstate,,I471 N,,,39.09958619,-84.49269234,4.799,5/15/2021 0:00,1501,2,2,0,0,O,CLEAR,DRY,0,REAR END IN TRAFFIC LANES BOTH VEHICLES MOVING,REAR END,STRAIGHT & LEVEL,DAYLIGHT,0,0,0,1
28135890,CAMPBELL,,OTHR,204,KENTUCKY,DR,,39.07379114,-84.48631651,0.172,5/15/2021 0:00,1900,2,2,0,0,O,CLEAR,DRY,1,1 VEHICLE PARKED POSITION (NOT PARKING LOT/DRIVEWAY),SIDESWIPE-SAME DIRECTION,STRAIGHT & LEVEL,UNKNOWN,0,0,0,1
28135023,CAMPBELL,,OTHR,,9TH,ST,E,39.0912967,-84.48484325,0.286,5/15/2021 0:00,822,2,2,0,0,O,CLEAR,DRY,0,1 VEHICLE PARKED POSITION (NOT PARKING LOT/DRIVEWAY),ANGLE,STRAIGHT & LEVEL,DAYLIGHT,0,0,0,1
28144828,CAMPBELL,US0027,USRoute,,ALEXANDRIA,PIKE,,38.97904139,-84.39367555,11.54,5/16/2021 0:00,1430,1,1,0,1,B,CLOUDY,DRY,0,OTHER INTERSECTION COLLISIONS,SINGLE VEHICLE,CURVE & LEVEL,DAYLIGHT,1,0,0,1
28137471,CAMPBELL,KY1120,StateRoute,,10TH,ST,E,39.08865121,-84.48626068,1.006,5/16/2021 0:00,1208,2,2,0,0,O,CLEAR,DRY,0,SIDESWIPE-SAME DIRECTION,SIDESWIPE-SAME DIRECTION,STRAIGHT & LEVEL,DAYLIGHT,0,0,0,1
28140767,CAMPBELL,,OTHR,,RIVIERA,DR,,39.10181339,-84.48867568,,5/16/2021 0:00,2130,2,2,0,0,O,CLEAR,DRY,0,ANGLE COLLISION - OTHER,ANGLE,STRAIGHT & LEVEL,DARK-HWY LIGHTED/ON,0,0,0,1
28154755,CAMPBELL,,OTHR,,9TH,ST,W,39.08592648,-84.49454882,0.18,5/16/2021 0:00,1738,2,2,0,0,O,CLEAR,DRY,0,ANGLE COLLISION - OTHER,ANGLE,STRAIGHT & LEVEL,DAYLIGHT,0,0,0,1
28162786,CAMPBELL,KY0010,StateRoute,,FLAGG SPRINGS,PIKE,,38.94303631,-84.35779128,3.782,5/16/2021 0:00,2207,1,1,0,0,O,CLEAR,DRY,0,RAN OFF ROADWAY (1 VEHICLE WITH/EARTH EMBANKMENT/DITCH),SINGLE VEHICLE,CURVE & GRADE,DARK-HWY NOT LIGHTED,0,0,0,1
28144549,CAMPBELL,I 0275,Interstate,,I275 E,,,39.0225881,-84.48865309,77.54,5/16/2021 0:00,1508,2,2,0,0,O,CLOUDY,DRY,0,REAR END IN TRAFFIC LANES BOTH VEHICLES MOVING,REAR END,STRAIGHT & GRADE,DAYLIGHT,0,0,0,1
28144529,CAMPBELL,I 0275,Interstate,,I275 W,,,39.053055,-84.43950415,73.754,5/16/2021 0:00,1331,2,2,0,0,O,CLEAR,DRY,0,REAR END IN TRAFFIC LANES BOTH VEHICLES MOVING,REAR END,STRAIGHT & GRADE,DAYLIGHT,0,0,0,1
28156325,CAMPBELL,KY0008,StateRoute,113,6TH,AVE,,39.10924726,-84.47959027,2.153,5/16/2021 0:00,100,2,2,0,0,O,CLEAR,DRY,1,1 VEHICLE PARKED POSITION (NOT PARKING LOT/DRIVEWAY),SIDESWIPE-SAME DIRECTION,STRAIGHT & LEVEL,DARK-HWY LIGHTED/ON,0,0,0,1
28138879,CAMPBELL,I 0471,Interstate,,,,,39.0840591,-84.47021327,0.141,5/16/2021 0:00,1820,1,1,0,1,B,CLEAR,DRY,0,COLLISION WITH FIXED OBJECT NOT IN GORE ,SINGLE VEHICLE,CURVE & HILLCREST,DAYLIGHT,0,0,0,1
28144795,CAMPBELL,US0027,USRoute,,ALEXANDRIA,PIKE,,39.00435519,-84.42495228,13.955,5/17/2021 0:00,1311,2,2,0,0,O,CLOUDY,DRY,0,OTHER ROADWAY OR MID-BLOCK COLLISION,REAR END,STRAIGHT & GRADE,DAYLIGHT,0,0,0,1
28174523,CAMPBELL,KY0008,StateRoute,24,FAIRFIELD,AVE,,39.10271484,-84.48764426,1.529,5/17/2021 0:00,1015,2,2,0,0,O,RAINING,WATER (STANDING OR MOVING),0,OTHER ROADWAY OR MID-BLOCK COLLISION,REAR END,STRAIGHT & LEVEL,DAYLIGHT,0,0,0,1