IncidentID,County,RdwyNumber,RdwyType,Street,RoadwayName,StreetSfx,StreetDir,Latitude,Longitude,Milepoint,CollisionDate,CollisionTime,UnitsInvolved,MotorVehiclesInvolved,NumberKilled,NumberInjured,KABCO,Weather,RdwyConditionCode,HitandRun,DirAnalysisCode,MannerofCollision,RdwyCharacter,LightCondition,Intersection Crash,Bicyclist,Pedestrian,Motor Vehicles
28144547,CAMPBELL,I 0275,Interstate,,I275 E,,,39.02442019,-84.47909627,76.97,5/17/2021 0:00,1745,2,2,0,0,O,CLOUDY,DRY,1,REAR END IN TRAFFIC LANES BOTH VEHICLES MOVING,REAR END,STRAIGHT & HILLCREST,DAYLIGHT,0,0,0,1
28144292,CAMPBELL,US0027,USRoute,2335,ALEXANDRIA,PIKE,,39.07468216,-84.47536305,20.41,5/17/2021 0:00,1151,2,2,0,0,O,RAINING,WET,0,SIDESWIPE COLLISION - SAME DIRECTION,SIDESWIPE-SAME DIRECTION,CURVE & LEVEL,DAYLIGHT,0,0,0,1
28142320,CAMPBELL,US0027,USRoute,,MONMOUTH,ST,,39.07906336,-84.48051464,20.835,5/17/2021 0:00,1318,2,2,0,0,O,CLOUDY,WET,0,OPPOSING LEFT TURN,OPPOSING LEFT TURN,STRAIGHT & LEVEL,DAYLIGHT,0,0,0,1
28148706,CAMPBELL,US0027,USRoute,800,MONMOUTH,ST,,39.08939454,-84.4914858,21.778,5/18/2021 0:00,933,2,2,0,0,O,CLOUDY,DRY,0,ANGLE COLLISION - OTHER,ANGLE,STRAIGHT & LEVEL,DAYLIGHT,0,0,0,1
28148986,CAMPBELL,,OTHR,,HIGHLAND,AVE,,39.07572458,-84.46187785,0.555,5/18/2021 0:00,1211,2,2,0,0,O,CLEAR,DRY,0,1 VEHICLE PARKED POSITION (NOT PARKING LOT/DRIVEWAY),SIDESWIPE-SAME DIRECTION,STRAIGHT & LEVEL,DAYLIGHT,0,0,0,1
28174514,CAMPBELL,,OTHR,875,LAFAYETTE,AVE,,39.09736995,-84.4765407,0.142,5/18/2021 0:00,935,2,2,0,0,O,CLOUDY,DRY,0,1 VEHICLE PARKED POSITION (NOT PARKING LOT/DRIVEWAY),HEAD ON,STRAIGHT & GRADE,DAYLIGHT,0,0,0,1
28173422,CAMPBELL,I 0275,Interstate,,I275 E,,,39.03808501,-84.4702399,75.817,5/18/2021 0:00,1233,3,3,0,0,O,CLOUDY,DRY,0,REAR END IN TRAFFIC LANES BOTH VEHICLES MOVING,REAR END,STRAIGHT & GRADE,DAYLIGHT,0,0,0,1
28157871,CAMPBELL,I 0275,Interstate,,I275 W,,,39.02282697,-84.48680997,77.435,5/18/2021 0:00,1645,2,2,0,0,O,CLOUDY,DRY,0,REAR END IN TRAFFIC LANES BOTH VEHICLES MOVING,REAR END,STRAIGHT & LEVEL,DAYLIGHT,0,0,0,1
28174508,CAMPBELL,,OTHR,214,FOOTE,AVE,,39.10699508,-84.48160232,0.184,5/18/2021 0:00,1555,2,2,0,0,O,CLEAR,DRY,0,1 VEHICLE ENTERING/LEAVING ENTRANCE,ANGLE,STRAIGHT & GRADE,DAYLIGHT,0,0,0,1
28151504,CAMPBELL,,OTHR,,3RD,ST,W,39.09292233,-84.49750558,0.03,5/18/2021 0:00,1529,2,2,0,0,O,CLEAR,DRY,0,1 VEHICLE ENTERING/LEAVING ENTRANCE,ANGLE,STRAIGHT & LEVEL,DAYLIGHT,0,0,0,1
28148708,CAMPBELL,I 0471,Interstate,,,,,39.09225689,-84.47595539,0.24,5/18/2021 0:00,1510,2,2,0,0,O,CLEAR,DRY,0,OTHER RAMP RELATED COLLISIONS NOT LISTED ABOVE,ANGLE,STRAIGHT & LEVEL,DAYLIGHT,0,0,0,1
28153887,CAMPBELL,,OTHR,807,FT THOMAS,AVE,N,39.08655488,-84.45019009,0.175,5/19/2021 0:00,624,3,3,0,0,O,CLOUDY,DRY,0,1 VEHICLE ENTERING/LEAVING ENTRANCE,ANGLE,STRAIGHT & GRADE,DAWN,0,0,0,1
28173763,CAMPBELL,I 0275,Interstate,,I275 E,,,39.03627865,-84.47023641,75.943,5/19/2021 0:00,1619,3,3,0,0,O,CLEAR,DRY,0,OTHER ROADWAY OR MID-BLOCK COLLISION,REAR END,STRAIGHT & LEVEL,DAYLIGHT,0,0,0,1
28153336,CAMPBELL,KY0008,StateRoute,,MARY INGLES,HWY,,38.99825745,-84.31266712,,5/19/2021 0:00,553,1,1,0,0,O,CLEAR,DRY,0,COLLISION WITH ANIMAL NON INTERSECTION,SINGLE VEHICLE,STRAIGHT & LEVEL,DAWN,0,0,0,1
28162788,CAMPBELL,KY0010,StateRoute,,MAIN,ST,W,38.94547509,-84.4066647,0.056,5/19/2021 0:00,1739,1,1,0,0,O,CLEAR,DRY,0,COLLISION WITH FIXED OBJECT NON - INTERSECTION - FIRST EVENT COLLISION 09 - 32 EXCLUDING 16,SINGLE VEHICLE,STRAIGHT & LEVEL,DAYLIGHT,0,0,0,1
28162429,CAMPBELL,,OTHR,62,KENTUCKY,DR,,39.07547212,-84.47851048,0.677,5/19/2021 0:00,540,2,2,0,0,O,CLOUDY,DRY,0,1 VEHICLE PARKED POSITION (NOT PARKING LOT/DRIVEWAY),SIDESWIPE-OPPOSITE DIRECTION,CURVE & GRADE,DARK-HWY NOT LIGHTED,0,0,0,1
28295250,CAMPBELL,US0027,USRoute,,ALEXANDRIA,PIKE,,39.00427311,-84.42472131,13.945,5/19/2021 0:00,1656,2,2,0,0,O,CLEAR,DRY,0,OPPOSING LEFT TURN,OPPOSING LEFT TURN,STRAIGHT & GRADE,DAYLIGHT,0,0,0,1
28154362,CAMPBELL,US0027,USRoute,,ALEXANDRIA,PIKE,,38.9733507,-84.39214683,11.144,5/19/2021 0:00,1119,2,2,0,0,O,CLEAR,DRY,0,OTHER INTERSECTION COLLISIONS,REAR END,STRAIGHT & LEVEL,DAYLIGHT,1,0,0,1
28154364,CAMPBELL,US0027,USRoute,,ALEXANDRIA,PIKE,,38.95343131,-84.39326753,9.753,5/19/2021 0:00,1459,2,2,0,0,O,CLEAR,DRY,0,OTHER INTERSECTION COLLISIONS,REAR END,STRAIGHT & LEVEL,DAYLIGHT,1,0,0,1
28157867,CAMPBELL,KY0009,StateRoute,,AA,HWY,,39.01077572,-84.4722472,16.725,5/20/2021 0:00,626,1,1,0,0,O,CLEAR,DRY,0,COLLISION WITH ANIMAL NON INTERSECTION,SINGLE VEHICLE,STRAIGHT & LEVEL,DAYLIGHT,0,0,0,1
28178055,CAMPBELL,KY1120,StateRoute,,MEMORIAL,PKWY,,39.08987879,-84.45049611,3.285,5/20/2021 0:00,734,2,2,0,0,O,CLEAR,DRY,0,COLLISION WITH ANIMAL NON INTERSECTION,ANGLE,STRAIGHT & LEVEL,DAYLIGHT,0,0,0,1
28160018,CAMPBELL,,OTHR,951,MAPLE,ST,,39.10718035,-84.47411065,0.127,5/20/2021 0:00,2215,2,2,0,0,O,CLEAR,DRY,0,1 VEHICLE PARKED POSITION (NOT PARKING LOT/DRIVEWAY),BACKING,STRAIGHT & GRADE,DARK-HWY NOT LIGHTED,0,0,0,1
28157873,CAMPBELL,,OTHR,,LICKING,PIKE,,39.06585501,-84.48696054,,5/20/2021 0:00,1636,2,2,0,0,O,CLEAR,DRY,0,SIDESWIPE COLLISION - SAME DIRECTION,SIDESWIPE-SAME DIRECTION,CURVE & LEVEL,DAYLIGHT,0,0,0,1
28157874,CAMPBELL,,OTHR,,I 275,,E,39.0235024,-84.48076552,,5/20/2021 0:00,1621,1,1,0,0,O,CLEAR,DRY,0,OTHER COLLISIONS ON SHOULDER,SINGLE VEHICLE,CURVE & GRADE,DAYLIGHT,0,0,0,1
28158408,CAMPBELL,KY1998,StateRoute,,INDUSTRIAL,RD,,39.0273277,-84.44474223,1.891,5/20/2021 0:00,1821,2,2,0,0,O,CLEAR,DRY,0,1 VEHICLE ENTERING/LEAVING ENTRANCE,ANGLE,STRAIGHT & LEVEL,DAYLIGHT,0,0,0,1
28157963,CAMPBELL,I 0471,Interstate,,I471 N,,,39.06092867,-84.46909963,1.3,5/20/2021 0:00,545,1,1,0,0,O,CLEAR,DRY,0,OTHER ROADWAY OR MID-BLOCK COLLISION,SINGLE VEHICLE,CURVE & GRADE,DARK-HWY LIGHTED/ON,0,0,0,1
28166338,CAMPBELL,,OTHR,10618,PLEASANT RIDGE,RD,,38.91048206,-84.40705152,5.526,5/20/2021 0:00,1558,1,1,0,0,O,CLEAR,DRY,0,OTHER ROADWAY OR MID-BLOCK COLLISION,SINGLE VEHICLE,CURVE & LEVEL,DAYLIGHT,0,0,0,1
28161532,CAMPBELL,KY0008,StateRoute,,DAVE COWENS,DR,,39.09902703,-84.49169666,1.169,5/21/2021 0:00,2315,2,2,0,0,O,CLEAR,DRY,0,OTHER ROADWAY OR MID-BLOCK COLLISION,REAR END,STRAIGHT & LEVEL,DARK-HWY LIGHTED/ON,0,0,0,1
28189458,CAMPBELL,I 0275,Interstate,,I275 E,,,39.03842637,-84.47014609,75.793,5/21/2021 0:00,1101,2,2,0,0,O,CLEAR,DRY,0,OTHER ROADWAY OR MID-BLOCK COLLISION,REAR END,STRAIGHT & GRADE,DAYLIGHT,0,0,0,1
28188024,CAMPBELL,US0027,USRoute,3725,ALEXANDRIA,PIKE,,39.02652673,-84.44805688,15.934,5/21/2021 0:00,1552,3,3,0,1,B,CLEAR,DRY,0,OTHER ROADWAY OR MID-BLOCK COLLISION,REAR END,STRAIGHT & LEVEL,DAYLIGHT,0,0,0,1
28168686,CAMPBELL,US0027,USRoute,,ALEXANDRIA,PIKE,,39.02543759,-84.44561153,15.779,5/21/2021 0:00,1608,2,2,0,0,O,CLEAR,DRY,1,SIDESWIPE COLLISION - OPPOSITE DIRECTION,SIDESWIPE-OPPOSITE DIRECTION,STRAIGHT & LEVEL,DAYLIGHT,0,0,0,1
28160297,CAMPBELL,I 0275,Interstate,,I275 E,,,39.02797202,-84.47257838,76.544,5/21/2021 0:00,1130,2,2,0,0,O,CLEAR,DRY,0,SIDESWIPE COLLISION - SAME DIRECTION,SIDESWIPE-SAME DIRECTION,CURVE & HILLCREST,DAYLIGHT,0,0,0,1
28173764,CAMPBELL,I 0275,Interstate,,I275 E,,,39.03214444,-84.47042961,76.24,5/21/2021 0:00,1512,2,2,0,0,O,CLEAR,DRY,0,REAR END IN TRAFFIC LANES BOTH VEHICLES MOVING,REAR END,STRAIGHT & LEVEL,DAYLIGHT,0,0,0,1
28168660,CAMPBELL,US0027,USRoute,4318,ALEXANDRIA,PIKE,,39.01809153,-84.43560001,15.021,5/21/2021 0:00,1057,2,2,0,0,O,CLEAR,DRY,0,REAR END IN TRAFFIC LANES BOTH VEHICLES MOVING,REAR END,STRAIGHT & LEVEL,DAYLIGHT,0,0,0,1
28160538,CAMPBELL,I 0471,Interstate,,I471 N,,,39.10109502,-84.49533473,4.975,5/21/2021 0:00,1910,6,6,0,2,C,CLEAR,DRY,1,REAR END IN TRAFFIC LANES BOTH VEHICLES MOVING,REAR END,STRAIGHT & LEVEL,DAYLIGHT,0,0,0,1
28175424,CAMPBELL,KY1120,StateRoute,,11TH,ST,W,39.08461323,-84.49027343,0.621,5/21/2021 0:00,1606,2,2,0,0,O,CLEAR,DRY,0,ANGLE COLLISION - OTHER,ANGLE,STRAIGHT & LEVEL,DAYLIGHT,0,0,0,1
28162785,CAMPBELL,KY0008,StateRoute,,MARY INGLES,HWY,,39.04406217,-84.42052119,9.062,5/21/2021 0:00,1604,2,2,0,0,O,CLEAR,DRY,0,ANGLE COLLISION - ONE VEHICLE TURNING LEFT,ANGLE,STRAIGHT & LEVEL,DAYLIGHT,0,0,0,1
28161027,CAMPBELL,,OTHR,,PARK,AVE,,39.09572767,-84.48992557,0.128,5/21/2021 0:00,1740,2,2,0,0,O,CLEAR,DRY,1,1 VEHICLE PARKED POSITION (NOT PARKING LOT/DRIVEWAY),SIDESWIPE-SAME DIRECTION,STRAIGHT & LEVEL,DAYLIGHT,0,0,0,1
28157763,CAMPBELL,I 0275,Interstate,,I275 E,,,39.05289146,-84.43985015,73.775,5/21/2021 0:00,209,1,1,0,0,O,CLEAR,DRY,0,COLLISION WITH ANIMAL NON INTERSECTION,SINGLE VEHICLE,STRAIGHT & GRADE,DARK-HWY LIGHTED/ON,0,0,0,1
28179001,CAMPBELL,US0027,USRoute,,ALEXANDRIA,PIKE,,38.97236241,-84.39219798,11.074,5/22/2021 0:00,1221,2,2,0,0,O,CLEAR,DRY,0,ANGLE COLLISION - OTHER,ANGLE,STRAIGHT & LEVEL,DAYLIGHT,0,0,0,1
28170499,CAMPBELL,US0027,USRoute,,ALEXANDRIA,PIKE,,38.94521831,-84.39393958,9.182,5/22/2021 0:00,955,2,2,0,0,O,CLEAR,DRY,0,ANGLE COLLISION - OTHER,ANGLE,STRAIGHT & LEVEL,DAYLIGHT,0,0,0,1
28163932,CAMPBELL,,OTHR,1033,BRIGHTON,ST,,39.08182034,-84.49676279,0.15,5/22/2021 0:00,2221,2,2,0,0,O,CLEAR,DRY,1,1 VEHICLE PARKED POSITION (NOT PARKING LOT/DRIVEWAY),HEAD ON,STRAIGHT & LEVEL,DARK-HWY LIGHTED/ON,0,0,0,1
28257296,CAMPBELL,KY0008,StateRoute,,FAIRFIELD,AVE,,39.1088911,-84.48014499,2.115,5/22/2021 0:00,621,2,2,0,0,O,CLEAR,DRY,1,1 VEHICLE PARKED POSITION (NOT PARKING LOT/DRIVEWAY),SIDESWIPE-SAME DIRECTION,,DARK-HWY LIGHTED/ON,0,0,0,1
28162552,CAMPBELL,I 0471,Interstate,,I471 N,,,39.10030445,-84.4940891,4.889,5/22/2021 0:00,1414,3,3,0,0,O,CLEAR,DRY,0,REAR END IN TRAFFIC LANES BOTH VEHICLES MOVING,REAR END,STRAIGHT & LEVEL,DAYLIGHT,0,0,0,1
28165947,CAMPBELL,,OTHR,,ALEXANDRIA,PIKE,,39.03373795,-84.45319556,0.223,5/22/2021 0:00,1550,2,2,0,1,C,CLEAR,DRY,0,REAR END IN TRAFFIC LANES BOTH VEHICLES MOVING,REAR END,STRAIGHT & GRADE,DAYLIGHT,0,0,0,1
28167360,CAMPBELL,KY0008,StateRoute,,MARY INGLES,HWY,,39.04183796,-84.41348619,9.474,5/22/2021 0:00,843,2,2,0,0,O,CLEAR,DRY,0,REAR END IN TRAFFIC LANES BOTH VEHICLES MOVING,REAR END,STRAIGHT & LEVEL,DAYLIGHT,0,0,0,1
28163933,CAMPBELL,KY1892,StateRoute,,GRAND,AVE,,39.08347729,-84.47142776,1.757,5/22/2021 0:00,2300,2,2,0,0,O,CLEAR,DRY,1,SIDESWIPE COLLISION - SAME DIRECTION,SIDESWIPE-SAME DIRECTION,STRAIGHT & LEVEL,DARK-HWY LIGHTED/ON,0,0,0,1
28166336,CAMPBELL,US0027,USRoute,,ALEXANDRIA,PIKE,,38.95702865,-84.39298745,10.003,5/22/2021 0:00,1030,2,2,0,0,O,CLEAR,DRY,0,OTHER ROADWAY OR MID-BLOCK COLLISION,REAR END,STRAIGHT & LEVEL,DAYLIGHT,0,0,0,1
28164720,CAMPBELL,US0027,USRoute,,TAYLOR SOUTHGATE,BRG,,39.09398306,-84.49901162,22.382,5/23/2021 0:00,924,2,2,0,0,O,CLEAR,DRY,0,1 VEHICLE ENTERING/LEAVING ENTRANCE,ANGLE,STRAIGHT & LEVEL,DAYLIGHT,0,0,0,1
28176812,CAMPBELL,US0027,USRoute,,ALEXANDRIA,PIKE,,38.94566948,-84.39397453,9.167,5/23/2021 0:00,1219,2,2,0,0,O,CLEAR,DRY,0,REAR END IN TRAFFIC LANES BOTH VEHICLES MOVING,REAR END,STRAIGHT & LEVEL,DAYLIGHT,0,0,0,1
28168687,CAMPBELL,US0027,USRoute,,ALEXANDRIA,PIKE,,39.00423937,-84.42476778,13.942,5/23/2021 0:00,1803,2,2,0,2,C,CLEAR,DRY,0,REAR END IN TRAFFIC LANES BOTH VEHICLES MOVING,REAR END,STRAIGHT & LEVEL,DAYLIGHT,0,0,0,1
28212031,CAMPBELL,,OTHR,,TAYLOR,AVE,,39.10004726,-84.47788291,0.56,5/23/2021 0:00,1114,2,2,0,1,C,CLEAR,DRY,0,1 VEHICLE PARKED POSITION (NOT PARKING LOT/DRIVEWAY),REAR END,STRAIGHT & GRADE,DAYLIGHT,0,0,0,1
28169308,CAMPBELL,,OTHR,128,8TH,ST,E,39.08986181,-84.49066895,0.148,5/23/2021 0:00,1736,2,2,0,0,O,CLEAR,DRY,0,1 VEHICLE PARKED POSITION (NOT PARKING LOT/DRIVEWAY),SIDESWIPE-SAME DIRECTION,STRAIGHT & LEVEL,DAYLIGHT,0,0,0,1
28315578,CAMPBELL,US0027,USRoute,1902,MONMOUTH,ST,,39.07999278,-84.48127426,20.911,5/24/2021 0:00,1250,2,1,0,1,C,CLEAR,DRY,0,COLLISION WITH PEDESTRIAN IN INTERSECTION,SINGLE VEHICLE,STRAIGHT & LEVEL,DAYLIGHT,1,0,1,0
28173768,CAMPBELL,I 0275,Interstate,,I275 E,,,39.0332197,-84.47048615,76.165,5/24/2021 0:00,1353,1,1,0,0,O,CLEAR,DRY,0,COLLISION WITH FIXED OBJECT NON - INTERSECTION - FIRST EVENT COLLISION 09 - 32 EXCLUDING 16,SINGLE VEHICLE,STRAIGHT & LEVEL,DAYLIGHT,0,0,0,1
28218571,CAMPBELL,,OTHR,1120,ERVIN,TER,,39.10898455,-84.47194488,0.063,5/24/2021 0:00,1730,2,1,0,0,O,CLEAR,DRY,1,1 VEHICLE PARKED POSITION (NOT PARKING LOT/DRIVEWAY),SIDESWIPE-OPPOSITE DIRECTION,STRAIGHT & GRADE,DAYLIGHT,0,0,0,1
28178999,CAMPBELL,I 0275,Interstate,,I275 E,,,39.0225914,-84.48871441,77.543,5/24/2021 0:00,1425,2,2,0,0,O,CLEAR,DRY,0,REAR END IN TRAFFIC LANES BOTH VEHICLES MOVING,REAR END,STRAIGHT & LEVEL,DAYLIGHT,0,0,0,1
28189338,CAMPBELL,US0027,USRoute,,ALEXANDRIA,PIKE,,38.9212009,-84.39087461,7.507,5/24/2021 0:00,2035,2,2,0,1,B,CLEAR,DRY,0,1 VEHICLE ENTERING/LEAVING ENTRANCE,ANGLE,STRAIGHT & LEVEL,DUSK,0,0,0,1
28173338,CAMPBELL,KY1120,StateRoute,1017,FT THOMAS,AVE,S,39.06460338,-84.44654548,5.339,5/24/2021 0:00,1328,2,2,0,0,O,CLEAR,DRY,0,SIDESWIPE COLLISION - OPPOSITE DIRECTION,SIDESWIPE-OPPOSITE DIRECTION,CURVE & LEVEL,DAYLIGHT,0,0,0,1
28178998,CAMPBELL,KY0009,StateRoute,,AA,HWY,,39.02122282,-84.48138803,17.627,5/24/2021 0:00,1652,2,2,0,0,O,CLEAR,DRY,0,SIDESWIPE COLLISION - SAME DIRECTION,SIDESWIPE-SAME DIRECTION,STRAIGHT & LEVEL,DAYLIGHT,0,0,0,1
28176810,CAMPBELL,I 0275,Interstate,73.9MM,I275 W,,,39.05444851,-84.43718706,73.597,5/24/2021 0:00,1442,1,1,0,0,O,CLEAR,DRY,0,OTHER ROADWAY OR MID-BLOCK COLLISION,SINGLE VEHICLE,STRAIGHT & GRADE,DAYLIGHT,0,0,0,1
28175416,CAMPBELL,I 0471,Interstate,,,,,39.09826496,-84.49102445,0.08,5/25/2021 0:00,1000,2,2,0,0,O,CLEAR,DRY,1,OTHER RAMP RELATED COLLISIONS NOT LISTED ABOVE,REAR END,CURVE & LEVEL,DAYLIGHT,0,0,0,1
28172499,CAMPBELL,I 0471,Interstate,,I471 S,,,39.09910683,-84.49227542,4.762,5/25/2021 0:00,35,2,2,0,0,O,CLEAR,DRY,0,SIDESWIPE COLLISION - SAME DIRECTION,SIDESWIPE-SAME DIRECTION,STRAIGHT & LEVEL,DARK-HWY LIGHTED/ON,0,0,0,1
28175423,CAMPBELL,I 0471,Interstate,,I471 N,,,39.09960752,-84.49270874,4.8,5/25/2021 0:00,900,2,2,0,0,O,CLEAR,DRY,0,REAR END IN TRAFFIC LANES BOTH VEHICLES MOVING,REAR END,STRAIGHT & LEVEL,DAYLIGHT,0,0,0,1
28202818,CAMPBELL,,OTHR,518,TAYLOR,AVE,,39.10087803,-84.4787666,0.553,5/25/2021 0:00,823,3,3,0,0,O,CLEAR,DRY,0,1 VEHICLE PARKED POSITION (NOT PARKING LOT/DRIVEWAY),SIDESWIPE-SAME DIRECTION,STRAIGHT & LEVEL,DAYLIGHT,0,0,0,1
28175420,CAMPBELL,US0027,USRoute,,YORK,ST,,39.08717477,-84.49159034,21.79,5/25/2021 0:00,1342,1,1,0,0,O,CLEAR,DRY,0,COLLISION WITH FIXED OBJECT NON - INTERSECTION - FIRST EVENT COLLISION 09 - 32 EXCLUDING 16,SINGLE VEHICLE,STRAIGHT & LEVEL,DAYLIGHT,0,0,0,1
28183025,CAMPBELL,KY0709,StateRoute,,ALEXANDRIA,PIKE,E,38.98235566,-84.39768028,0.009,5/25/2021 0:00,1526,2,2,0,0,O,CLEAR,DRY,0,VEHICLE BACKING IN INTERSECTION,BACKING,STRAIGHT & HILLCREST,DAYLIGHT,1,0,0,1
28183029,CAMPBELL,US0027,USRoute,,ALEXANDRIA,PIKE,,38.96690876,-84.39331476,10.685,5/25/2021 0:00,1441,2,2,0,0,O,CLEAR,DRY,0,SIDESWIPE-SAME DIRECTION,SIDESWIPE-SAME DIRECTION,STRAIGHT & LEVEL,DAYLIGHT,0,0,0,1
28215365,CAMPBELL,KY0709,StateRoute,,ALEXANDRIA,PIKE,E,38.98871534,-84.39523959,0.465,5/25/2021 0:00,1210,1,1,0,1,B,CLEAR,DRY,0,NON-COLLISION OBJECT COLLISION,SINGLE VEHICLE,STRAIGHT & LEVEL,DAYLIGHT,0,0,0,1
28183027,CAMPBELL,US0027,USRoute,,ALEXANDRIA,PIKE,,38.95767029,-84.39302462,10.047,5/25/2021 0:00,849,2,2,0,0,O,CLEAR,DRY,0,ANGLE COLLISION - OTHER,ANGLE,STRAIGHT & LEVEL,DAYLIGHT,0,0,0,1
28189461,CAMPBELL,I 0275,Interstate,,I275 E,,,39.04993268,-84.44666558,74.194,5/26/2021 0:00,1255,1,1,0,2,C,RAINING,WET,0,RAN OFF ROADWAY (1 VEHICLE WITH/EARTH EMBANKMENT/DITCH),SINGLE VEHICLE,STRAIGHT & LEVEL,DAYLIGHT,0,0,0,1
28180031,CAMPBELL,US0027,USRoute,1742,MONMOUTH,ST,,39.08315567,-84.4825446,21.127,5/26/2021 0:00,1432,2,2,0,0,O,RAINING,WET,0,SIDESWIPE COLLISION - SAME DIRECTION,SIDESWIPE-SAME DIRECTION,STRAIGHT & LEVEL,DAYLIGHT,0,0,0,1
28193826,CAMPBELL,KY0008,StateRoute,,5TH,ST,W,39.09162329,-84.49563416,0.542,5/26/2021 0:00,1616,2,2,0,0,O,CLEAR,DRY,1,SIDESWIPE COLLISION - SAME DIRECTION,SIDESWIPE-SAME DIRECTION,STRAIGHT & LEVEL,DAYLIGHT,0,0,0,1
28183616,CAMPBELL,I 0471,Interstate,,I471 S,,,39.05549366,-84.46962694,0.901,5/26/2021 0:00,1246,1,1,0,2,B,RAINING,WET,0,OTHER COLLISIONS ON SHOULDER,SINGLE VEHICLE,CURVE & LEVEL,DAYLIGHT,0,0,0,1
28183657,CAMPBELL,,OTHR,,7TH,AVE,,39.11282156,-84.46760562,0.154,5/26/2021 0:00,1530,1,1,0,1,B,CLOUDY,WET,0,OTHER COLLISIONS ON SHOULDER,SINGLE VEHICLE,STRAIGHT & GRADE,DAYLIGHT,0,0,0,1
28189460,CAMPBELL,I 0275,Interstate,,I275 E,,,39.03691224,-84.47014864,75.898,5/26/2021 0:00,1057,4,4,0,1,C,CLOUDY,DRY,0,OTHER ROADWAY OR MID-BLOCK COLLISION,REAR TO REAR,STRAIGHT & LEVEL,DAYLIGHT,0,0,0,1
28189464,CAMPBELL,I 0275,Interstate,,I275 E,,,39.03737253,-84.47022766,75.866,5/26/2021 0:00,1252,4,4,0,0,O,RAINING,WET,0,OTHER ROADWAY OR MID-BLOCK COLLISION,REAR END,STRAIGHT & GRADE,DAYLIGHT,0,0,0,1
28189465,CAMPBELL,I 0275,Interstate,,I275 E,,,39.03831109,-84.47007718,75.8,5/27/2021 0:00,1307,2,2,0,1,B,CLOUDY,DRY,1,OTHER ROADWAY OR MID-BLOCK COLLISION,REAR END,,DAYLIGHT,0,0,0,1
28188023,CAMPBELL,US0027,USRoute,,ALEXANDRIA,PIKE,,39.00281623,-84.42278893,13.802,5/27/2021 0:00,1702,3,3,0,0,O,CLEAR,DRY,0,OTHER ROADWAY OR MID-BLOCK COLLISION,REAR END,STRAIGHT & LEVEL,DAYLIGHT,0,0,0,1
28210629,CAMPBELL,I 0471,Interstate,,I471 S,,,39.05046489,-84.46619072,0.479,5/27/2021 0:00,1620,2,2,0,3,C,CLOUDY,DRY,0,OTHER ROADWAY OR MID-BLOCK COLLISION,REAR TO REAR,STRAIGHT & LEVEL,DAYLIGHT,0,0,0,1
28184076,CAMPBELL,,OTHR,21,KATHY,LN,,39.07545611,-84.45317532,0.044,5/27/2021 0:00,1256,2,2,0,0,O,CLEAR,DRY,0,1 VEHICLE PARKED POSITION (NOT PARKING LOT/DRIVEWAY),SIDESWIPE-SAME DIRECTION,STRAIGHT & GRADE,DAYLIGHT,0,0,0,1
28188809,CAMPBELL,,OTHR,1356,POPLAR RIDGE,RD,,38.97593212,-84.37600765,0.904,5/27/2021 0:00,936,2,2,0,0,O,CLEAR,DRY,0,1 VEHICLE PARKED POSITION (NOT PARKING LOT/DRIVEWAY),REAR TO REAR,STRAIGHT & LEVEL,DAYLIGHT,0,0,0,1
28202808,CAMPBELL,,OTHR,153,VAN VOAST,AVE,,39.10958171,-84.4817582,0.079,5/27/2021 0:00,1455,5,5,0,0,O,CLEAR,DRY,1,1 VEHICLE PARKED POSITION (NOT PARKING LOT/DRIVEWAY),SIDESWIPE-SAME DIRECTION,STRAIGHT & GRADE,DAYLIGHT,0,0,0,1
28242968,CAMPBELL,,OTHR,81,GEIGER,AVE,,39.09477326,-84.47807238,0.177,5/27/2021 0:00,2025,2,2,0,0,O,CLEAR,DRY,0,1 VEHICLE PARKED POSITION (NOT PARKING LOT/DRIVEWAY),SIDESWIPE-SAME DIRECTION,STRAIGHT & GRADE,DUSK,0,0,0,1
28188766,CAMPBELL,I 0471,Interstate,5,I471 N,,,39.09961263,-84.49258367,4.795,5/27/2021 0:00,1649,2,2,0,0,O,CLEAR,DRY,0,REAR END IN TRAFFIC LANES BOTH VEHICLES MOVING,REAR END,STRAIGHT & LEVEL,DAYLIGHT,0,0,0,1
28187110,CAMPBELL,KY0009,StateRoute,,AA,HWY,,39.01808477,-84.4802462,17.384,5/27/2021 0:00,1444,2,2,0,0,O,CLEAR,DRY,0,OPPOSING LEFT TURN,OPPOSING LEFT TURN,STRAIGHT & LEVEL,DAYLIGHT,0,0,0,1
28201057,CAMPBELL,,OTHR,,WOODFILL,AVE,,39.05924694,-84.45247326,0.093,5/27/2021 0:00,2232,1,1,0,1,C,CLEAR,DRY,0,COLLISION WITH FIXED OBJECT NON - INTERSECTION - FIRST EVENT COLLISION 09 - 32 EXCLUDING 16,SINGLE VEHICLE,STRAIGHT & LEVEL,DARK-HWY LIGHTED/ON,0,0,0,1
28183639,CAMPBELL,,OTHR,400,JACKSON,ST,,39.11561331,-84.47134188,0.059,5/27/2021 0:00,925,2,2,0,0,O,CLOUDY,DRY,0,1 VEHICLE PARKED POSITION (NOT PARKING LOT/DRIVEWAY),ANGLE,STRAIGHT & LEVEL,DAYLIGHT,0,0,0,1