IncidentID,County,RdwyNumber,RdwyType,Street,RoadwayName,StreetSfx,StreetDir,Latitude,Longitude,Milepoint,CollisionDate,CollisionTime,UnitsInvolved,MotorVehiclesInvolved,NumberKilled,NumberInjured,KABCO,Weather,RdwyConditionCode,HitandRun,DirAnalysisCode,MannerofCollision,RdwyCharacter,LightCondition,Intersection Crash,Bicyclist,Pedestrian,Motor Vehicles
28186844,CAMPBELL,I 0275,Interstate,,I275 W,,,39.04362815,-84.46803876,75.469,5/27/2021 0:00,2120,1,1,0,0,O,CLEAR,DRY,0,COLLISION WITH ANIMAL NON INTERSECTION,SINGLE VEHICLE,STRAIGHT & LEVEL,DARK-HWY LIGHTED/ON,0,0,0,1
28196458,CAMPBELL,,OTHR,254,CLAY RIDGE,RD,,38.83573151,-84.42295114,2.891,5/28/2021 0:00,1850,1,1,0,0,O,RAINING,WET,0,COLLISION WITH FIXED OBJECT NON - INTERSECTION - FIRST EVENT COLLISION 09 - 32 EXCLUDING 16,SINGLE VEHICLE,STRAIGHT & LEVEL,DAYLIGHT,0,0,0,1
28190173,CAMPBELL,,OTHR,717,PATTERSON,ST,,39.08648501,-84.4988289,0.473,5/28/2021 0:00,1850,3,3,0,0,O,RAINING,WET,0,COLLISION WITH PARKED VEHICLE,HEAD ON,STRAIGHT & LEVEL,DAYLIGHT,0,0,0,1
28202820,CAMPBELL,,OTHR,53,DONNERMEYER,BLVD,,39.09829263,-84.48134714,0.129,5/28/2021 0:00,1620,2,2,0,0,O,RAINING,WET,0,1 VEHICLE PARKED POSITION (NOT PARKING LOT/DRIVEWAY),SIDESWIPE-OPPOSITE DIRECTION,STRAIGHT & LEVEL,DAYLIGHT,0,0,0,1
28189498,CAMPBELL,I 0275,Interstate,,I275 E,,,39.03250908,-84.47041178,76.215,5/28/2021 0:00,1354,2,2,0,0,O,RAINING,WET,0,REAR END IN TRAFFIC LANES BOTH VEHICLES MOVING,REAR END,STRAIGHT & HILLCREST,DAYLIGHT,0,0,0,1
28206277,CAMPBELL,KY0009,StateRoute,,AA,HWY,,38.98870931,-84.3952236,12.121,5/28/2021 0:00,1451,2,2,0,2,C,CLEAR,DRY,0,HEAD-ON COLLISION,HEAD ON,STRAIGHT & HILLCREST,DAYLIGHT,0,0,0,1
28196459,CAMPBELL,KY0915,StateRoute,8362,LICKING,PIKE,,38.96791334,-84.43062378,4.518,5/28/2021 0:00,1410,2,2,0,1,B,RAINING,WET,0,HEAD-ON COLLISION,HEAD ON,CURVE & GRADE,DAYLIGHT,0,0,0,1
28189009,CAMPBELL,I 0471,Interstate,5,I471 N,,,39.10119631,-84.495851,5.003,5/28/2021 0:00,1525,2,2,0,0,O,CLOUDY,DRY,0,OTHER ROADWAY OR MID-BLOCK COLLISION,REAR END,STRAIGHT & LEVEL,DAYLIGHT,0,0,0,1
28189092,CAMPBELL,US0027,USRoute,1100,MONMOUTH,ST,,39.08566067,-84.48687695,21.418,5/28/2021 0:00,1409,2,2,0,0,O,CLOUDY,DRY,1,OTHER ROADWAY OR MID-BLOCK COLLISION,REAR END,STRAIGHT & GRADE,DAYLIGHT,0,0,0,1
28190172,CAMPBELL,KY0008,StateRoute,,4TH,ST,W,39.08922749,-84.50121568,0.229,5/28/2021 0:00,1814,2,2,0,0,O,RAINING,WET,0,OTHER ROADWAY OR MID-BLOCK COLLISION,REAR END,CURVE & LEVEL,DAYLIGHT,0,0,0,1
28206278,CAMPBELL,US0027,USRoute,8235,ALEXANDRIA,PIKE,,38.95536785,-84.39362013,9.888,5/28/2021 0:00,2235,2,2,0,0,O,CLEAR,DRY,0,1 VEHICLE ENTERING/LEAVING ENTRANCE,ANGLE,STRAIGHT & LEVEL,DARK-HWY LIGHTED/ON,0,0,0,1
28202871,CAMPBELL,I 0471,Interstate,,I471 S,,,39.09511082,-84.48118498,4.093,5/29/2021 0:00,2324,2,2,0,0,O,CLOUDY,DRY,0,OTHER ROADWAY OR MID-BLOCK COLLISION,REAR END,STRAIGHT & LEVEL,DARK-HWY LIGHTED/ON,0,0,0,1
28190760,CAMPBELL,I 0275,Interstate,,I275 W,,,39.04491628,-84.46649753,75.346,5/29/2021 0:00,0,2,2,0,0,O,CLOUDY,DRY,1,REAR END IN TRAFFIC LANES BOTH VEHICLES MOVING,REAR END,STRAIGHT & LEVEL,DARK-HWY LIGHTED/ON,0,0,0,1
28195619,CAMPBELL,I 0471,Interstate,,I471 S,,,39.09523053,-84.48132571,4.104,5/29/2021 0:00,2304,2,2,0,0,O,CLEAR,DRY,0,SIDESWIPE COLLISION - SAME DIRECTION,SIDESWIPE-SAME DIRECTION,STRAIGHT & LEVEL,DARK (UNKNOWN ROADWAY LIGHTING),0,0,0,1
28192119,CAMPBELL,US0027,USRoute,5400,ALEXANDRIA,PIKE,,38.99938221,-84.41887195,13.496,5/29/2021 0:00,1302,2,2,0,0,O,CLOUDY,DRY,0,1 VEHICLE ENTERING/LEAVING ENTRANCE,ANGLE,STRAIGHT & LEVEL,DAYLIGHT,0,0,0,1
28192118,CAMPBELL,,OTHR,10,ROSA,PL,,39.02346262,-84.42394937,0.051,5/29/2021 0:00,829,2,2,0,0,O,CLOUDY,DRY,0,1 VEHICLE PARKED POSITION (NOT PARKING LOT/DRIVEWAY),SIDESWIPE-SAME DIRECTION,STRAIGHT & GRADE,DAYLIGHT,0,0,0,1
28202123,CAMPBELL,I 0275,Interstate,,I275 E,,,39.03461014,-84.4703783,76.051,5/29/2021 0:00,1011,1,1,0,0,O,CLOUDY,DRY,0,COLLISION WITH ANIMAL NON INTERSECTION,SINGLE VEHICLE,CURVE & GRADE,DAYLIGHT,0,0,0,1
28193234,CAMPBELL,,OTHR,1100,LOWELL,ST,,39.08056025,-84.4975203,0.172,5/29/2021 0:00,2245,1,1,0,0,O,CLEAR,DRY,0,COLLISION WITH FIXED OBJECT NON - INTERSECTION - FIRST EVENT COLLISION 09 - 32 EXCLUDING 16,SINGLE VEHICLE,STRAIGHT & LEVEL,DARK-HWY LIGHTED/ON,0,0,0,1
28194124,CAMPBELL,KY1997,StateRoute,,STONEHOUSE,RD,,38.99159925,-84.36002725,4.398,5/30/2021 0:00,1215,1,1,0,0,O,CLOUDY,DRY,0,COLLISION WITH FIXED OBJECT NON - INTERSECTION - FIRST EVENT COLLISION 09 - 32 EXCLUDING 16,SINGLE VEHICLE,STRAIGHT & GRADE,DAYLIGHT,0,0,0,1
28194534,CAMPBELL,KY0008,StateRoute,,4TH,ST,W,39.09011806,-84.50014734,0.309,5/30/2021 0:00,1456,2,2,0,0,O,CLOUDY,DRY,0,SIDESWIPE COLLISION - SAME DIRECTION,SIDESWIPE-SAME DIRECTION,CURVE & LEVEL,DAYLIGHT,0,0,0,1
28201062,CAMPBELL,,OTHR,19,HIGHVIEW,DR,,39.07690664,-84.45982513,0.047,5/31/2021 0:00,720,1,1,0,0,O,CLEAR,DRY,0,OTHER ROADWAY OR MID-BLOCK COLLISION,SINGLE VEHICLE,CURVE & GRADE,DAYLIGHT,0,0,0,1
28201923,CAMPBELL,US0027,USRoute,5710,ALEXANDRIA,PIKE,,38.99645145,-84.41627128,13.263,5/31/2021 0:00,1053,2,2,0,2,A,CLEAR,DRY,0,1 VEHICLE ENTERING/LEAVING ENTRANCE,ANGLE,STRAIGHT & LEVEL,DAYLIGHT,0,0,0,1
28210544,CAMPBELL,KY0010,StateRoute,8208,MAIN,ST,W,38.95763415,-84.39324824,1.292,5/31/2021 0:00,1403,2,2,0,0,O,CLEAR,DRY,0,1 VEHICLE ENTERING/LEAVING ENTRANCE,ANGLE,STRAIGHT & LEVEL,DAYLIGHT,0,0,0,1
28202819,CAMPBELL,,OTHR,95,RIVIERA,DR,,39.10160099,-84.48846862,0.019,5/31/2021 0:00,1310,2,2,0,0,O,CLEAR,DRY,0,VEHICLE BACKING NON INTERSECTION,BACKING,STRAIGHT & LEVEL,DAYLIGHT,0,0,0,1
28206170,CAMPBELL,,OTHR,228,CLOVER RIDGE,AVE,,39.09208241,-84.45717947,0.089,5/31/2021 0:00,1206,2,2,0,0,O,CLEAR,DRY,1,COLLISION WITH FIXED OBJECT NON - INTERSECTION - FIRST EVENT COLLISION 09 - 32 EXCLUDING 16,SIDESWIPE-SAME DIRECTION,STRAIGHT & GRADE,DAYLIGHT,0,0,0,1
28197448,CAMPBELL,US0027,USRoute,,MONMOUTH,ST,,39.08384246,-84.48382621,21.209,5/31/2021 0:00,1209,2,2,0,1,C,CLEAR,DRY,0,OTHER INTERSECTION COLLISIONS,REAR END,STRAIGHT & LEVEL,DAYLIGHT,1,0,0,1
28202629,CAMPBELL,,OTHR,2108,NEW LINDEN,RD,,39.07906184,-84.47651657,0.224,6/1/2021 0:00,300,1,1,0,0,O,CLEAR,DRY,1,COLLISION WITH FIXED OBJECT IN INTERSECTION - FIRST EVENT COLLISION 09 - 32,SINGLE VEHICLE,STRAIGHT & GRADE,DARK-HWY LIGHTED/ON,1,0,0,1
28202846,CAMPBELL,KY0009,StateRoute,,AA,HWY,,38.88961701,-84.26875665,2.086,6/1/2021 0:00,1107,1,1,0,0,O,CLOUDY,DRY,0,COLLISION WITH ANIMAL IN INTERSECTION,SINGLE VEHICLE,STRAIGHT & LEVEL,DAYLIGHT,1,0,0,1
28207908,CAMPBELL,,OTHR,114,KENTUCKY,DR,,39.07520665,-84.48147843,0.477,6/1/2021 0:00,1446,1,1,0,0,O,CLEAR,DRY,0,COLLISION WITH FIXED OBJECT NON - INTERSECTION - FIRST EVENT COLLISION 09 - 32 EXCLUDING 16,SINGLE VEHICLE,STRAIGHT & GRADE,DAYLIGHT,0,0,0,1
28925334,CAMPBELL,I 0471,Interstate,,I471 S,,,39.07283985,-84.46428725,2.262,6/1/2021 0:00,830,2,2,0,0,O,CLEAR,DRY,1,SIDESWIPE COLLISION - SAME DIRECTION,SIDESWIPE-SAME DIRECTION,STRAIGHT & LEVEL,DAYLIGHT,0,0,0,1
28210755,CAMPBELL,US0027,USRoute,,ALEXANDRIA,PIKE,,39.02739989,-84.4491461,16.018,6/1/2021 0:00,1150,2,2,0,0,O,CLEAR,DRY,0,REAR END IN TRAFFIC LANES BOTH VEHICLES MOVING,REAR END,STRAIGHT & LEVEL,DAYLIGHT,0,0,0,1
28208102,CAMPBELL,US0027,USRoute,700,YORK,ST,,39.08873098,-84.49299639,21.922,6/1/2021 0:00,945,2,2,0,0,O,CLEAR,DRY,0,1 VEHICLE PARKED POSITION (NOT PARKING LOT/DRIVEWAY),BACKING,STRAIGHT & LEVEL,DAYLIGHT,0,0,0,1
28255269,CAMPBELL,,OTHR,407,GRANDVIEW,AVE,,39.10193799,-84.47689019,0.077,6/1/2021 0:00,935,2,1,0,0,O,CLEAR,DRY,0,1 VEHICLE PARKED POSITION (NOT PARKING LOT/DRIVEWAY),BACKING,STRAIGHT & GRADE,DAYLIGHT,0,0,0,1
28203242,CAMPBELL,,OTHR,,LINDEN,AVE,,39.09649687,-84.48696251,0.024,6/1/2021 0:00,1145,3,3,0,0,O,CLEAR,DRY,0,1 VEHICLE PARKED POSITION (NOT PARKING LOT/DRIVEWAY),SIDESWIPE-SAME DIRECTION,STRAIGHT & LEVEL,DAYLIGHT,0,0,0,1
28204200,CAMPBELL,,OTHR,110,4TH,ST,W,39.03296274,-84.39225872,0.015,6/1/2021 0:00,1600,2,2,0,0,O,CLOUDY,DRY,1,1 VEHICLE PARKED POSITION (NOT PARKING LOT/DRIVEWAY),SIDESWIPE-SAME DIRECTION,STRAIGHT & LEVEL,DAYLIGHT,0,0,0,1
28234668,CAMPBELL,I 0275,Interstate,,,,,39.04411057,-84.46687466,0.038,6/1/2021 0:00,1044,2,2,0,0,O,CLOUDY,DRY,0,OTHER RAMP RELATED COLLISIONS NOT LISTED ABOVE,SIDESWIPE-SAME DIRECTION,STRAIGHT & GRADE,DAYLIGHT,0,0,0,1
28209586,CAMPBELL,I 0471,Interstate,,,,,39.09283802,-84.47909404,0.196,6/2/2021 0:00,1923,2,2,0,0,O,RAINING,WET,0,OTHER RAMP RELATED COLLISIONS NOT LISTED ABOVE,REAR END,STRAIGHT & LEVEL,DAYLIGHT,0,0,0,1
28234669,CAMPBELL,I 0275,Interstate,,I275 E,,,39.03867318,-84.47002875,75.775,6/2/2021 0:00,1121,2,2,0,1,C,CLOUDY,WET,0,OTHER ROADWAY OR MID-BLOCK COLLISION,REAR END,STRAIGHT & GRADE,DAYLIGHT,0,0,0,1
28206893,CAMPBELL,I 0471,Interstate,4.8,I471 N,,,39.09976985,-84.49300773,4.82,6/2/2021 0:00,747,2,2,0,0,O,RAINING,WET,0,OTHER ROADWAY OR MID-BLOCK COLLISION,REAR END,STRAIGHT & LEVEL,DAYLIGHT,0,0,0,1
28209695,CAMPBELL,US0027,USRoute,600,YORK,ST,,39.09063491,-84.49473384,22.084,6/2/2021 0:00,1820,2,2,0,0,O,RAINING,WET,0,REAR END IN TRAFFIC LANES BOTH VEHICLES MOVING,REAR END,STRAIGHT & LEVEL,DAYLIGHT,0,0,0,1
28215757,CAMPBELL,KY0008,StateRoute,,MARY INGLES,HWY,,39.0369224,-84.39108839,,6/2/2021 0:00,1610,2,2,0,0,O,RAINING,WET,0,REAR END IN TRAFFIC LANES BOTH VEHICLES MOVING,REAR END,CURVE & GRADE,DAYLIGHT,0,0,0,1
28205180,CAMPBELL,US0027,USRoute,,MONMOUTH,ST,,39.09276742,-84.49463286,22.065,6/2/2021 0:00,239,2,2,0,0,O,RAINING,WET,1,SIDESWIPE COLLISION - SAME DIRECTION,SIDESWIPE-SAME DIRECTION,STRAIGHT & LEVEL,DARK-HWY LIGHTED/ON,0,0,0,1
28210631,CAMPBELL,I 0471,Interstate,,I471 S,,,39.06004576,-84.4694759,1.229,6/2/2021 0:00,850,1,1,0,0,O,RAINING,WET,0,OTHER COLLISIONS ON SHOULDER,SINGLE VEHICLE,CURVE & LEVEL,DAYLIGHT,0,0,0,1
28225064,CAMPBELL,US0027,USRoute,800,ALEXANDRIA,PIKE,,39.06283812,-84.45294449,18.848,6/2/2021 0:00,1815,1,1,0,1,C,CLEAR,DRY,0,COLLISION WITH FIXED OBJECT NON - INTERSECTION - FIRST EVENT COLLISION 09 - 32 EXCLUDING 16,SINGLE VEHICLE,CURVE & GRADE,DAYLIGHT,0,0,0,1
28234551,CAMPBELL,US0027,USRoute,,ALEXANDRIA,PIKE,,38.9576227,-84.39319208,10.046,6/2/2021 0:00,858,2,2,0,2,C,RAINING,WET,0,ANGLE COLLISION - OTHER,ANGLE,STRAIGHT & HILLCREST,DAYLIGHT,0,0,0,1
28212110,CAMPBELL,US0027,USRoute,,ALEXANDRIA,PIKE,,38.97020574,-84.39247816,10.926,6/2/2021 0:00,1320,2,2,0,0,O,RAINING,WET,0,SIDESWIPE-SAME DIRECTION,SIDESWIPE-SAME DIRECTION,STRAIGHT & LEVEL,DAYLIGHT,0,0,0,1
28214225,CAMPBELL,US0027,USRoute,,MONMOUTH,ST,,39.07914137,-84.480562,20.84,6/3/2021 0:00,1931,2,2,0,0,O,CLOUDY,WET,0,ANGLE COLLISION - ONE VEHICLE TURNING RIGHT,ANGLE,STRAIGHT & LEVEL,DAYLIGHT,0,0,0,1
28215153,CAMPBELL,KY1120,StateRoute,304,11TH,ST,W,39.08344556,-84.49233033,0.486,6/3/2021 0:00,1359,1,1,0,0,O,RAINING,WET,0,COLLISION WITH FIXED OBJECT NON - INTERSECTION - FIRST EVENT COLLISION 09 - 32 EXCLUDING 16,SINGLE VEHICLE,STRAIGHT & LEVEL,DAYLIGHT,0,0,0,1
28212503,CAMPBELL,KY0009,StateRoute,,LICKING,PIKE,,39.02354691,-84.48070812,17.808,6/3/2021 0:00,1648,2,2,0,0,O,CLOUDY,WET,0,REAR END IN TRAFFIC LANES BOTH VEHICLES MOVING,REAR END,STRAIGHT & LEVEL,DAYLIGHT,0,0,0,1
28337083,CAMPBELL,,OTHR,124,RIDGEWOOD,DR,,38.95438104,-84.35778402,0.457,6/3/2021 0:00,1805,2,2,0,0,O,CLEAR,DRY,0,1 VEHICLE PARKED POSITION (NOT PARKING LOT/DRIVEWAY),BACKING,STRAIGHT & LEVEL,DAYLIGHT,0,0,0,1
28214081,CAMPBELL,US0027,USRoute,2124,MONMOUTH,ST,,39.07821654,-84.47965637,20.758,6/3/2021 0:00,1915,2,2,0,1,C,RAINING,WET,0,1 VEHICLE ENTERING/LEAVING ENTRANCE,ANGLE,STRAIGHT & LEVEL,DAYLIGHT,0,0,0,1
28216100,CAMPBELL,I 0275,Interstate,,,,,39.02539566,-84.48130122,0.039,6/4/2021 0:00,1227,2,2,0,1,C,CLEAR,DRY,0,OTHER RAMP RELATED COLLISIONS NOT LISTED ABOVE,REAR END,CURVE & LEVEL,DAYLIGHT,0,0,0,1
28219006,CAMPBELL,KY1632,StateRoute,85,MOOCK,RD,,39.06002903,-84.47806084,0.726,6/4/2021 0:00,1843,1,1,0,0,O,CLEAR,DRY,0,OTHER ROADWAY OR MID-BLOCK COLLISION,SINGLE VEHICLE,CURVE & LEVEL,DAYLIGHT,0,0,0,1
28216099,CAMPBELL,I 0275,Interstate,,I275 E,,,39.02252883,-84.48923098,77.573,6/4/2021 0:00,1156,2,2,0,0,O,CLEAR,DRY,0,REAR END IN TRAFFIC LANES BOTH VEHICLES MOVING,REAR END,STRAIGHT & LEVEL,DAYLIGHT,0,0,0,1
28223914,CAMPBELL,I 0275,Interstate,,I275 E,,,39.04248104,-84.46882627,75.507,6/4/2021 0:00,1026,2,2,0,0,O,CLEAR,DRY,0,REAR END IN TRAFFIC LANES BOTH VEHICLES MOVING,REAR END,STRAIGHT & LEVEL,DAYLIGHT,0,0,0,1
28225300,CAMPBELL,,OTHR,25,DIANA,CT,,39.07946887,-84.45865556,0.056,6/4/2021 0:00,1125,1,1,0,1,B,CLEAR,DRY,0,COLLISION WITH FIXED OBJECT NON - INTERSECTION - FIRST EVENT COLLISION 09 - 32 EXCLUDING 16,SINGLE VEHICLE,STRAIGHT & HILLCREST,DAYLIGHT,0,0,0,1
28216898,CAMPBELL,KY1892,StateRoute,,GRAND,AVE,,39.0803803,-84.46740538,1.432,6/4/2021 0:00,1320,2,2,0,0,O,CLEAR,DRY,0,OTHER INTERSECTION COLLISIONS,REAR END,CURVE & GRADE,DAYLIGHT,1,0,0,1
28229341,CAMPBELL,I 0471,Interstate,,I471 N,,,39.05741884,-84.46930664,1.054,6/4/2021 0:00,1759,1,1,0,0,O,CLEAR,DRY,0,COLLISION WITH ANIMAL NON INTERSECTION,SINGLE VEHICLE,STRAIGHT & LEVEL,DAYLIGHT,0,0,0,1
28229085,CAMPBELL,,OTHR,,TARVIN,RD,,38.88678494,-84.4024689,0.301,6/4/2021 0:00,757,1,1,0,0,O,CLEAR,WET,0,COLLISION WITH ANIMAL NON INTERSECTION,SINGLE VEHICLE,STRAIGHT & GRADE,DAWN,0,0,0,1
28279498,CAMPBELL,US0027,USRoute,,ALEXANDRIA,PIKE,,38.98375626,-84.40059095,12.049,6/4/2021 0:00,1444,2,2,0,0,O,CLEAR,DRY,0,OTHER INTERSECTION COLLISIONS,REAR END,STRAIGHT & GRADE,DAYLIGHT,1,0,0,1
28231666,CAMPBELL,US0027,USRoute,,ALEXANDRIA,PIKE,,38.96464595,-84.39270742,10.525,6/5/2021 0:00,2109,2,2,0,0,O,CLEAR,DRY,0,OPPOSING LEFT TURN,OPPOSING LEFT TURN,STRAIGHT & LEVEL,DAYLIGHT,0,0,0,1
28219942,CAMPBELL,,OTHR,,PARK,AVE,,39.09799521,-84.49286895,0.352,6/5/2021 0:00,1512,2,2,0,0,O,CLEAR,DRY,0,OTHER INTERSECTION COLLISIONS,REAR END,STRAIGHT & LEVEL,DAYLIGHT,1,0,0,1
28219537,CAMPBELL,KY0009,StateRoute,120,LICKING,PIKE,,39.07068523,-84.49034255,21.28,6/5/2021 0:00,1049,1,1,0,0,O,CLEAR,DRY,0,COLLISION WITH FIXED OBJECT NON - INTERSECTION - FIRST EVENT COLLISION 09 - 32 EXCLUDING 16,SINGLE VEHICLE,STRAIGHT & LEVEL,DAYLIGHT,0,0,0,1
28224867,CAMPBELL,,OTHR,,POPLAR RIDGE,RD,,38.98637416,-84.36944716,,6/5/2021 0:00,1735,1,1,0,0,O,CLEAR,DRY,0,RAN OFF ROADWAY (1 VEHICLE WITH/EARTH EMBANKMENT/DITCH),SINGLE VEHICLE,CURVE & GRADE,DAYLIGHT,0,0,0,1
28219678,CAMPBELL,,OTHR,30,PARKER,RD,,39.0799151,-84.47682429,0.125,6/5/2021 0:00,1230,2,2,0,0,O,CLEAR,DRY,0,SIDESWIPE COLLISION - OPPOSITE DIRECTION,SIDESWIPE-OPPOSITE DIRECTION,STRAIGHT & HILLCREST,DAYLIGHT,0,0,0,1
28223920,CAMPBELL,I 0275,Interstate,,I275 E,,,39.03282556,-84.4704656,76.193,6/5/2021 0:00,1824,2,2,0,0,O,CLEAR,DRY,0,REAR END IN TRAFFIC LANES BOTH VEHICLES MOVING,REAR END,STRAIGHT & LEVEL,DAYLIGHT,0,0,0,1
28231660,CAMPBELL,,OTHR,500,BROOKWOOD,DR,,38.95110346,-84.36114095,0.746,6/5/2021 0:00,1018,2,2,0,0,O,CLEAR,DRY,1,1 VEHICLE PARKED POSITION (NOT PARKING LOT/DRIVEWAY),SIDESWIPE-SAME DIRECTION,STRAIGHT & LEVEL,DAYLIGHT,0,0,0,1
28220688,CAMPBELL,,OTHR,1025,COLUMBIA,ST,,39.08498682,-84.49170694,0.168,6/5/2021 0:00,2115,2,2,0,0,O,CLEAR,DRY,0,1 VEHICLE PARKED POSITION (NOT PARKING LOT/DRIVEWAY),BACKING,STRAIGHT & LEVEL,DUSK,0,0,0,1
28222316,CAMPBELL,,OTHR,,3RD,ST,W,39.09133744,-84.50103827,0.012,6/5/2021 0:00,1702,2,2,0,0,O,CLEAR,DRY,0,1 VEHICLE ENTERING/LEAVING ENTRANCE,ANGLE,STRAIGHT & LEVEL,DAYLIGHT,0,0,0,1
28223919,CAMPBELL,I 0275,Interstate,,,,,39.04481651,-84.46452519,0.001,6/5/2021 0:00,1630,2,2,0,0,O,CLEAR,DRY,0,OTHER RAMP RELATED COLLISIONS NOT LISTED ABOVE,SIDESWIPE-SAME DIRECTION,STRAIGHT & LEVEL,DAYLIGHT,0,0,0,1
28225302,CAMPBELL,I 0471,Interstate,,I471 S,,,39.07013304,-84.46320196,2.055,6/6/2021 0:00,1300,1,1,0,0,O,CLEAR,DRY,0,OTHER ROADWAY OR MID-BLOCK COLLISION,SINGLE VEHICLE,CURVE & GRADE,DAYLIGHT,0,0,0,1
28225871,CAMPBELL,I 0471,Interstate,,I471 N,,,39.1012682,-84.49593365,5.009,6/6/2021 0:00,1608,2,2,0,0,O,CLOUDY,DRY,0,OTHER ROADWAY OR MID-BLOCK COLLISION,REAR END,STRAIGHT & LEVEL,DAYLIGHT,0,0,0,1
28225475,CAMPBELL,KY1120,StateRoute,,MEMORIAL,PKWY,,39.08586678,-84.44913249,3.588,6/6/2021 0:00,2230,1,1,0,0,O,CLEAR,DRY,0,OTHER ROADWAY OR MID-BLOCK COLLISION,SINGLE VEHICLE,CURVE & LEVEL,DARK-HWY LIGHTED/ON,0,0,0,1
28221589,CAMPBELL,US0027,USRoute,,MONMOUTH,ST,,39.08530645,-84.48639959,21.383,6/6/2021 0:00,254,1,1,0,1,B,CLEAR,DRY,0,OTHER ROADWAY OR MID-BLOCK COLLISION,SINGLE VEHICLE,STRAIGHT & GRADE,DARK-HWY LIGHTED/ON,0,0,0,1
28238773,CAMPBELL,KY0009,StateRoute,,AA,HWY,,39.00379141,-84.43938852,14.891,6/6/2021 0:00,1250,2,2,0,1,B,CLOUDY,DRY,0,1 VEHICLE ENTERING/LEAVING ENTRANCE,ANGLE,STRAIGHT & LEVEL,DAYLIGHT,0,0,0,1
28224030,CAMPBELL,I 0471,Interstate,4.5,I471 S,,,39.0982149,-84.48982462,4.617,6/6/2021 0:00,1934,2,2,0,1,C,RAINING,WET,0,1 VEHICLE ENTERING/LEAVING ENTRANCE,ANGLE,CURVE & GRADE,DAYLIGHT,0,0,0,1
28224901,CAMPBELL,US0027,USRoute,6711,ALEXANDRIA,PIKE,,38.98790755,-84.40503849,12.421,6/6/2021 0:00,1729,2,2,0,0,O,CLEAR,DRY,0,REAR END IN TRAFFIC LANES BOTH VEHICLES MOVING,REAR END,STRAIGHT & LEVEL,DAYLIGHT,0,0,0,1
28223921,CAMPBELL,I 0275,Interstate,,I275 E,,,39.03282556,-84.4704656,76.193,6/6/2021 0:00,1524,2,2,0,0,O,CLEAR,DRY,0,REAR END IN TRAFFIC LANES BOTH VEHICLES MOVING,REAR END,STRAIGHT & LEVEL,DAYLIGHT,0,0,0,1
28227337,CAMPBELL,KY0008,StateRoute,10,5TH,ST,W,39.091012,-84.49676913,0.471,6/6/2021 0:00,1700,2,2,0,0,O,CLEAR,DRY,0,SIDESWIPE COLLISION - SAME DIRECTION,SIDESWIPE-SAME DIRECTION,STRAIGHT & LEVEL,DAYLIGHT,0,0,0,1
28234696,CAMPBELL,US0027,USRoute,,ALEXANDRIA,PIKE,,39.03051915,-84.45152723,16.25,6/6/2021 0:00,537,1,1,0,0,O,CLEAR,DRY,0,COLLISION WITH FIXED OBJECT NON - INTERSECTION - FIRST EVENT COLLISION 09 - 32 EXCLUDING 16,SINGLE VEHICLE,STRAIGHT & GRADE,DARK-HWY LIGHTED/ON,0,0,0,1
28240926,CAMPBELL,I 0275,Interstate,,I275 E,,,39.02329564,-84.48116453,77.114,6/6/2021 0:00,855,1,1,0,0,O,CLOUDY,WET,0,COLLISION WITH FIXED OBJECT NON - INTERSECTION - FIRST EVENT COLLISION 09 - 32 EXCLUDING 16,SINGLE VEHICLE,CURVE & HILLCREST,DAYLIGHT,0,0,0,1
28222843,CAMPBELL,,OTHR,,7TH,AVE,,39.11249527,-84.46352381,0.375,6/6/2021 0:00,1030,1,1,0,0,O,CLOUDY,DRY,0,COLLISION WITH FIXED OBJECT NON - INTERSECTION - FIRST EVENT COLLISION 09 - 32 EXCLUDING 16,SINGLE VEHICLE,STRAIGHT & GRADE,DAYLIGHT,0,0,0,1
28228184,CAMPBELL,,OTHR,,5TH,ST,E,39.09380028,-84.49172258,0.168,6/6/2021 0:00,2031,2,2,0,0,O,CLEAR,DRY,1,COLLISION WITH PARKED VEHICLE,SIDESWIPE-SAME DIRECTION,STRAIGHT & LEVEL,DAYLIGHT,0,0,0,1
28229374,CAMPBELL,I 0471,Interstate,,I471 S,,,39.05352692,-84.46908422,0.761,6/7/2021 0:00,1405,1,1,0,0,O,RAINING,WET,0,RAN OFF ROADWAY (1 VEHICLE WITH/EARTH EMBANKMENT/DITCH),SINGLE VEHICLE,CURVE & LEVEL,DAYLIGHT,0,0,0,1
28240925,CAMPBELL,KY1632,StateRoute,,MOOCK,RD,,39.05986976,-84.47821891,0.713,6/7/2021 0:00,21,1,1,0,0,O,CLOUDY,WET,0,COLLISION WITH ANIMAL NON INTERSECTION,SINGLE VEHICLE,CURVE & LEVEL,DARK-HWY NOT LIGHTED,0,0,0,1
28227338,CAMPBELL,I 0471,Interstate,3,I471 S,,,39.08855416,-84.47499207,3.519,6/7/2021 0:00,1500,2,2,0,0,O,CLEAR,WET,0,COLLISION WITH PEDESTRIAN NON - INTERSECTION,REAR END,STRAIGHT & LEVEL,DAYLIGHT,0,0,1,0
28252742,CAMPBELL,I 0471,Interstate,,I471 N,,,39.06126284,-84.46887792,1.326,6/7/2021 0:00,739,2,2,0,0,O,RAINING,WET,0,SIDESWIPE COLLISION - SAME DIRECTION,SIDESWIPE-SAME DIRECTION,CURVE & LEVEL,DAYLIGHT,0,0,0,1