IncidentID,County,RdwyNumber,RdwyType,Street,RoadwayName,StreetSfx,StreetDir,Latitude,Longitude,Milepoint,CollisionDate,CollisionTime,UnitsInvolved,MotorVehiclesInvolved,NumberKilled,NumberInjured,KABCO,Weather,RdwyConditionCode,HitandRun,DirAnalysisCode,MannerofCollision,RdwyCharacter,LightCondition,Intersection Crash,Bicyclist,Pedestrian,Motor Vehicles
28252741,CAMPBELL,I 0471,Interstate,,I471 S,,,39.06094302,-84.4693064,1.295,6/7/2021 0:00,726,1,1,0,0,O,RAINING,WET,0,OTHER COLLISIONS ON SHOULDER,SINGLE VEHICLE,CURVE & LEVEL,DAYLIGHT,0,0,0,1
28231813,CAMPBELL,,OTHR,1011,WALNUT,ST,,39.10629884,-84.47450796,0.056,6/7/2021 0:00,1333,2,2,0,0,O,CLOUDY,WET,0,1 VEHICLE PARKED POSITION (NOT PARKING LOT/DRIVEWAY),SIDESWIPE-OPPOSITE DIRECTION,STRAIGHT & GRADE,DAYLIGHT,0,0,0,1
28231062,CAMPBELL,I 0471,Interstate,,I471 S,,,39.05069339,-84.466406,0.499,6/7/2021 0:00,1815,2,2,0,0,O,CLEAR,DRY,0,REAR END IN TRAFFIC LANES BOTH VEHICLES MOVING,REAR END,STRAIGHT & LEVEL,DAYLIGHT,0,0,0,1
28240923,CAMPBELL,KY0009,StateRoute,,LICKING,PIKE,,39.02258479,-84.48100225,17.731,6/7/2021 0:00,1814,2,2,0,0,O,CLEAR,DRY,0,REAR END IN TRAFFIC LANES BOTH VEHICLES MOVING,REAR END,STRAIGHT & LEVEL,DAYLIGHT,0,0,0,1
28242969,CAMPBELL,,OTHR,,WARD,AVE,,39.10752662,-84.48088832,0.466,6/7/2021 0:00,1802,2,2,0,1,C,CLOUDY,DRY,0,1 VEHICLE ENTERING/LEAVING ENTRANCE,ANGLE,STRAIGHT & LEVEL,DAYLIGHT,0,0,0,1
28234667,CAMPBELL,US0027,USRoute,,ALEXANDRIA,PIKE,,39.03397076,-84.45351713,16.529,6/7/2021 0:00,1648,2,2,0,0,O,CLOUDY,DRY,0,OTHER ROADWAY OR MID-BLOCK COLLISION,REAR END,STRAIGHT & GRADE,DAYLIGHT,0,0,0,1
28231581,CAMPBELL,I 0471,Interstate,,,,,39.0854123,-84.47456211,0.213,6/8/2021 0:00,835,2,2,0,0,O,CLOUDY,DRY,0,OTHER RAMP RELATED COLLISIONS NOT LISTED ABOVE,REAR END,CURVE & LEVEL,DAYLIGHT,0,0,0,1
28233326,CAMPBELL,KY1892,StateRoute,95,CAROTHERS,RD,,39.08644777,-84.47788657,2.187,6/8/2021 0:00,1943,2,2,0,0,O,CLEAR,DRY,0,1 VEHICLE ENTERING/LEAVING ENTRANCE,ANGLE,STRAIGHT & LEVEL,DAYLIGHT,0,0,0,1
28231578,CAMPBELL,,OTHR,130,NEWPORT PAVILION,,,39.09151665,-84.47802105,0.17,6/8/2021 0:00,1401,2,2,0,0,O,CLEAR,DRY,0,1 VEHICLE PARKED POSITION (NOT PARKING LOT/DRIVEWAY),ANGLE,STRAIGHT & LEVEL,DAYLIGHT,0,0,0,1
28231583,CAMPBELL,I 0471,Interstate,,I471 N,,,39.10070442,-84.49520882,4.955,6/8/2021 0:00,646,2,2,0,0,O,CLEAR,DRY,0,SIDESWIPE COLLISION - SAME DIRECTION,SIDESWIPE-SAME DIRECTION,STRAIGHT & LEVEL,DAYLIGHT,0,0,0,1
28240924,CAMPBELL,KY0009,StateRoute,,AA,HWY,,39.02125729,-84.48116706,17.627,6/8/2021 0:00,1758,2,2,0,0,O,CLOUDY,DRY,0,SIDESWIPE COLLISION - SAME DIRECTION,SIDESWIPE-SAME DIRECTION,CURVE & LEVEL,DAYLIGHT,0,0,0,1
28231040,CAMPBELL,,OTHR,,HIGHLAND,AVE,,39.07565658,-84.46248728,0.521,6/8/2021 0:00,1136,2,2,0,0,O,CLEAR,DRY,0,OPPOSING LEFT TURN,OPPOSING LEFT TURN,STRAIGHT & HILLCREST,DAYLIGHT,0,0,0,1
28235888,CAMPBELL,KY1997,StateRoute,,STONEHOUSE,RD,,38.95309499,-84.33758654,0.854,6/8/2021 0:00,2153,1,1,0,0,O,CLEAR,DRY,0,COLLISION WITH ANIMAL IN INTERSECTION,SINGLE VEHICLE,STRAIGHT & LEVEL,DARK-HWY LIGHTED/OFF,1,0,0,1
28233327,CAMPBELL,,OTHR,230,3RD,ST,W,39.09179516,-84.50018744,0.067,6/8/2021 0:00,2300,2,2,0,0,O,RAINING,WET,0,COLLISION WITH FIXED OBJECT NON - INTERSECTION - FIRST EVENT COLLISION 09 - 32 EXCLUDING 16,ANGLE,CURVE & LEVEL,DARK-HWY LIGHTED/ON,0,0,0,1
28237826,CAMPBELL,KY0010,StateRoute,,MAIN,ST,W,38.94842665,-84.39994355,0.491,6/9/2021 0:00,857,1,1,0,0,O,RAINING,WET,0,RAN OFF ROADWAY (1 VEHICLE WITH/EARTH EMBANKMENT/DITCH),SINGLE VEHICLE,CURVE & GRADE,DAYLIGHT,0,0,0,1
28246317,CAMPBELL,,OTHR,,SARATOGA,ST,,39.0931594,-84.49297922,0.566,6/9/2021 0:00,1533,2,2,0,1,C,CLOUDY,WET,0,ANGLE COLLISION - OTHER,ANGLE,STRAIGHT & LEVEL,DAYLIGHT,0,0,0,1
28239963,CAMPBELL,US0027,USRoute,,ALEXANDRIA,PIKE,,38.96458498,-84.39277144,10.529,6/9/2021 0:00,1505,2,2,0,0,O,CLOUDY,WET,0,OPPOSING LEFT TURN,OPPOSING LEFT TURN,STRAIGHT & HILLCREST,DAYLIGHT,0,0,0,1
28239967,CAMPBELL,US0027,USRoute,8031,ALEXANDRIA,PIKE,,38.9624859,-84.39289329,10.401,6/9/2021 0:00,1611,2,2,0,0,O,CLOUDY,DRY,0,SIDESWIPE COLLISION - SAME DIRECTION,SIDESWIPE-SAME DIRECTION,STRAIGHT & LEVEL,DAYLIGHT,0,0,0,1
28256873,CAMPBELL,I 0471,Interstate,,I471 S,,,39.07274315,-84.46414924,2.201,6/9/2021 0:00,2234,2,2,0,0,O,CLEAR,DRY,0,SIDESWIPE COLLISION - SAME DIRECTION,SIDESWIPE-SAME DIRECTION,CURVE & LEVEL,DARK-HWY LIGHTED/ON,0,0,0,1
28237827,CAMPBELL,US0027,USRoute,,ALEXANDRIA,PIKE,,38.8829287,-84.38767457,4.783,6/9/2021 0:00,1344,2,2,0,0,O,RAINING,WET,0,REAR END IN TRAFFIC LANES BOTH VEHICLES MOVING,REAR END,STRAIGHT & LEVEL,DAYLIGHT,0,0,0,1
28242967,CAMPBELL,,OTHR,,LAFAYETTE,AVE,,39.09944413,-84.4795323,0.578,6/9/2021 0:00,2155,2,2,0,0,O,CLOUDY,DRY,0,1 VEHICLE PARKED POSITION (NOT PARKING LOT/DRIVEWAY),SIDESWIPE-SAME DIRECTION,STRAIGHT & GRADE,DARK-HWY NOT LIGHTED,0,0,0,1
28233345,CAMPBELL,I 0471,Interstate,,I471 N,,,39.09441398,-84.4796625,3.991,6/9/2021 0:00,345,1,1,0,0,O,RAINING,WET,0,OTHER ROADWAY OR MID-BLOCK COLLISION,SINGLE VEHICLE,CURVE & LEVEL,DARK-HWY LIGHTED/ON,0,0,0,1
28266814,CAMPBELL,I 0471,Interstate,,,,,39.09584653,-84.48190982,0.008,6/9/2021 0:00,1425,1,1,0,0,O,CLEAR,DRY,0,OTHER RAMP RELATED COLLISIONS NOT LISTED ABOVE,SINGLE VEHICLE,STRAIGHT & LEVEL,DAYLIGHT,0,0,0,1
28238879,CAMPBELL,I 0471,Interstate,4.9MM,I471 N,,,39.10040862,-84.49426907,4.901,6/10/2021 0:00,801,3,3,0,0,O,CLOUDY,DRY,0,OTHER ROADWAY OR MID-BLOCK COLLISION,REAR END,STRAIGHT & LEVEL,DAYLIGHT,0,0,0,1
28254965,CAMPBELL,KY3490,StateRoute,218,JOHNS HILL,RD,,39.03075506,-84.45566622,0.333,6/10/2021 0:00,1607,1,1,0,1,B,CLEAR,DRY,0,OTHER ROADWAY OR MID-BLOCK COLLISION,SINGLE VEHICLE,CURVE & GRADE,DAYLIGHT,0,0,0,1
28240954,CAMPBELL,I 0471,Interstate,,I471 S,,,39.08792131,-84.47484029,3.474,6/10/2021 0:00,1740,2,2,0,0,O,CLOUDY,DRY,0,REAR END IN TRAFFIC LANES BOTH VEHICLES MOVING,REAR END,STRAIGHT & LEVEL,DAYLIGHT,0,0,0,1
28246222,CAMPBELL,,OTHR,,LINCOLN,AVE,,39.10189919,-84.46699653,0.469,6/10/2021 0:00,809,1,1,0,0,O,CLOUDY,DRY,0,OTHER COLLISIONS ON SHOULDER,SINGLE VEHICLE,CURVE & LEVEL,DAYLIGHT,0,0,0,1
28239798,CAMPBELL,,OTHR,,BRIGHTON,ST,,39.08061381,-84.49567745,0.048,6/10/2021 0:00,1412,2,2,0,0,O,CLEAR,DRY,0,ANGLE COLLISION - OTHER,ANGLE,STRAIGHT & LEVEL,DAYLIGHT,0,0,0,1
28251691,CAMPBELL,US0027,USRoute,,ALEXANDRIA,PIKE,,38.94033044,-84.39431152,8.847,6/10/2021 0:00,1207,2,2,0,3,B,CLOUDY,DRY,0,ANGLE COLLISION - OTHER,ANGLE,STRAIGHT & LEVEL,DAYLIGHT,0,0,0,1
28241598,CAMPBELL,KY0008,StateRoute,,4TH,ST,W,39.08839659,-84.5025928,0.12,6/10/2021 0:00,1823,1,1,0,0,O,CLEAR,DRY,0,COLLISION WITH FIXED OBJECT NON - INTERSECTION - FIRST EVENT COLLISION 09 - 32 EXCLUDING 16,SINGLE VEHICLE,CURVE & LEVEL,DAYLIGHT,0,0,0,1
28257120,CAMPBELL,US0027,USRoute,,ALEXANDRIA,PIKE,,38.97342487,-84.39238511,11.148,6/11/2021 0:00,1707,2,2,0,0,O,CLOUDY,DRY,1,OTHER INTERSECTION COLLISIONS,REAR END,STRAIGHT & LEVEL,DAYLIGHT,1,0,0,1
28257119,CAMPBELL,US0027,USRoute,,ALEXANDRIA,PIKE,,38.98227006,-84.39786749,11.862,6/11/2021 0:00,1734,2,2,0,0,O,CLOUDY,DRY,0,SIDESWIPE-SAME DIRECTION,SIDESWIPE-SAME DIRECTION,STRAIGHT & LEVEL,DAYLIGHT,0,0,0,1
28242970,CAMPBELL,,OTHR,,RIVIERA,DR,,39.09949749,-84.48609304,0.212,6/11/2021 0:00,704,2,2,0,0,O,CLOUDY,DRY,0,ANGLE COLLISION - ONE VEHICLE TURNING LEFT,ANGLE,STRAIGHT & LEVEL,DAYLIGHT,0,0,0,1
28282679,CAMPBELL,US0027,USRoute,,ALEXANDRIA,PIKE,,39.03695094,-84.45397379,16.734,6/11/2021 0:00,1538,2,2,0,0,O,CLOUDY,DRY,0,ANGLE COLLISION - ONE VEHICLE TURNING LEFT,ANGLE,STRAIGHT & LEVEL,DAYLIGHT,0,0,0,1
28254973,CAMPBELL,US0027,USRoute,,ALEXANDRIA,PIKE,,39.03697059,-84.45403242,16.731,6/11/2021 0:00,932,2,2,0,0,O,CLOUDY,DRY,0,ANGLE COLLISION - OTHER,ANGLE,STRAIGHT & LEVEL,DAYLIGHT,0,0,0,1
28254975,CAMPBELL,I 0275,Interstate,,I275 E,,,39.03269798,-84.47043055,76.202,6/11/2021 0:00,1235,2,2,0,0,O,CLOUDY,DRY,0,SIDESWIPE COLLISION - SAME DIRECTION,SIDESWIPE-SAME DIRECTION,STRAIGHT & GRADE,DAYLIGHT,0,0,0,1
28243218,CAMPBELL,US0027,USRoute,1930,MONMOUTH,ST,,39.07867543,-84.48015056,20.802,6/11/2021 0:00,950,2,2,0,0,O,CLEAR,DRY,0,REAR END IN TRAFFIC LANES BOTH VEHICLES MOVING,REAR END,STRAIGHT & LEVEL,DAYLIGHT,0,0,0,1
28272484,CAMPBELL,I 0275,Interstate,,I275 E,,,39.02623942,-84.4755738,76.736,6/11/2021 0:00,1327,3,3,0,0,O,CLEAR,DRY,0,REAR END IN TRAFFIC LANES BOTH VEHICLES MOVING,REAR END,STRAIGHT & LEVEL,DAYLIGHT,0,0,0,1
28263083,CAMPBELL,,OTHR,124,MANOR,LN,,39.0748704,-84.44439553,0.179,6/11/2021 0:00,2030,2,1,0,0,O,CLEAR,DRY,1,1 VEHICLE PARKED POSITION (NOT PARKING LOT/DRIVEWAY),BACKING,STRAIGHT & LEVEL,DAYLIGHT,0,0,0,1
28264782,CAMPBELL,KY0009,StateRoute,,LICKING,PIKE,,39.02258095,-84.48099654,17.731,6/11/2021 0:00,1659,3,3,0,1,C,CLOUDY,WET,0,OTHER ROADWAY OR MID-BLOCK COLLISION,REAR END,STRAIGHT & LEVEL,DAYLIGHT,0,0,0,1
28284212,CAMPBELL,I 0275,Interstate,,I275 E,,,39.03864793,-84.4700544,75.777,6/11/2021 0:00,731,2,2,0,0,O,CLOUDY,DRY,0,OTHER ROADWAY OR MID-BLOCK COLLISION,REAR END,STRAIGHT & LEVEL,DAYLIGHT,0,0,0,1
28254974,CAMPBELL,I 0275,Interstate,,I275 E,,,39.03826318,-84.47006106,75.803,6/11/2021 0:00,1213,2,2,0,0,O,CLOUDY,DRY,0,OTHER ROADWAY OR MID-BLOCK COLLISION,REAR END,STRAIGHT & LEVEL,DAYLIGHT,0,0,0,1
28264693,CAMPBELL,US0027,USRoute,2335,ALEXANDRIA,PIKE,,39.0746073,-84.47504751,20.39,6/11/2021 0:00,1937,2,2,0,0,O,CLEAR,DRY,0,OTHER ROADWAY OR MID-BLOCK COLLISION,OPPOSING LEFT TURN,STRAIGHT & LEVEL,DAYLIGHT,0,0,0,1
28246612,CAMPBELL,KY1892,StateRoute,57,CAROTHERS,RD,,39.08460977,-84.48175134,2.437,6/12/2021 0:00,1136,3,3,0,0,O,CLEAR,DRY,0,1 VEHICLE ENTERING/LEAVING ENTRANCE,ANGLE,STRAIGHT & LEVEL,DAYLIGHT,0,0,0,1
28256878,CAMPBELL,,OTHR,654,HIGHLAND,AVE,,39.07566049,-84.46134871,0.499,6/12/2021 0:00,1335,2,2,0,0,O,CLEAR,DRY,0,VEHICLE BACKING NON INTERSECTION,BACKING,STRAIGHT & LEVEL,DAYLIGHT,0,0,0,1
28252533,CAMPBELL,KY1998,StateRoute,,INDUSTRIAL,RD,,39.03346007,-84.42765219,3.059,6/12/2021 0:00,30,1,1,1,0,K,CLOUDY,WET,0,OTHER ROADWAY OR MID-BLOCK COLLISION,SINGLE VEHICLE,CURVE & GRADE,DARK-HWY NOT LIGHTED,0,0,0,1
28252531,CAMPBELL,,OTHR,5503,DODSWORTH,LN,,39.02290899,-84.42278796,0.397,6/12/2021 0:00,1527,2,2,0,0,O,CLEAR,DRY,0,1 VEHICLE PARKED POSITION (NOT PARKING LOT/DRIVEWAY),BACKING,STRAIGHT & LEVEL,DAYLIGHT,0,0,0,1
28249164,CAMPBELL,I 0471,Interstate,,I471 N,,,39.09956707,-84.49265606,4.796,6/12/2021 0:00,1303,4,4,0,1,B,CLEAR,DRY,1,REAR END IN TRAFFIC LANES BOTH VEHICLES MOVING,REAR END,STRAIGHT & LEVEL,DAYLIGHT,0,0,0,1
28246610,CAMPBELL,,OTHR,,3RD,ST,W,39.09567556,-84.4928772,,6/12/2021 0:00,1442,2,2,0,0,O,CLEAR,DRY,0,REAR END IN TRAFFIC LANES BOTH VEHICLES MOVING,REAR END,CURVE & LEVEL,DAYLIGHT,0,0,0,1
28254977,CAMPBELL,US0027,USRoute,,ALEXANDRIA,PIKE,,39.03135877,-84.45186672,16.339,6/12/2021 0:00,324,2,2,0,0,O,CLEAR,DRY,1,SIDESWIPE COLLISION - SAME DIRECTION,SIDESWIPE-SAME DIRECTION,STRAIGHT & LEVEL,DARK-HWY LIGHTED/ON,0,0,0,1
28257124,CAMPBELL,US0027,USRoute,,ALEXANDRIA,PIKE,,38.97237316,-84.3923515,11.078,6/12/2021 0:00,1225,2,2,0,0,O,CLEAR,DRY,0,SIDESWIPE COLLISION - SAME DIRECTION,SIDESWIPE-SAME DIRECTION,STRAIGHT & LEVEL,DAYLIGHT,0,0,0,1
28249165,CAMPBELL,KY0008,StateRoute,,KY8 CROSSOVER TO KY8,,,39.08958263,-84.50108824,0.005,6/12/2021 0:00,1420,2,2,0,0,O,CLEAR,DRY,1,COLLISION WITH FIXED OBJECT NON - INTERSECTION - FIRST EVENT COLLISION 09 - 32 EXCLUDING 16,ANGLE,STRAIGHT & LEVEL,DAYLIGHT,0,0,0,1
28257118,CAMPBELL,KY0009,StateRoute,,AA,HWY,,38.98079472,-84.37444265,10.874,6/12/2021 0:00,145,2,2,0,1,B,CLEAR,DRY,0,OTHER INTERSECTION COLLISIONS,REAR END,STRAIGHT & GRADE,DARK-HWY NOT LIGHTED,1,0,0,1
28249163,CAMPBELL,KY1892,StateRoute,,GRAND,AVE,,39.08639036,-84.47713063,2.146,6/13/2021 0:00,1457,2,2,0,0,O,CLOUDY,DRY,0,OTHER INTERSECTION COLLISIONS,REAR END,STRAIGHT & LEVEL,DAYLIGHT,1,0,0,1
28256920,CAMPBELL,I 0471,Interstate,,I471 S,,,39.07317112,-84.46468909,2.294,6/13/2021 0:00,900,1,1,0,0,O,CLEAR,DRY,0,COLLISION WITH ANIMAL NON INTERSECTION,SINGLE VEHICLE,CURVE & LEVEL,DAYLIGHT,0,0,0,1
28270093,CAMPBELL,,OTHR,305,WARD,AVE,,39.1062459,-84.47952756,0.36,6/13/2021 0:00,2009,2,2,0,0,O,CLEAR,DRY,0,1 VEHICLE PARKED POSITION (NOT PARKING LOT/DRIVEWAY),SIDESWIPE-SAME DIRECTION,STRAIGHT & LEVEL,DAYLIGHT,0,0,0,1
28249344,CAMPBELL,US0027,USRoute,,YORK,ST,,39.09150137,-84.4956117,22.176,6/13/2021 0:00,1518,2,2,0,1,B,CLEAR,DRY,0,1 VEHICLE ENTERING/LEAVING ENTRANCE,ANGLE,STRAIGHT & LEVEL,DAYLIGHT,0,0,0,1
28266815,CAMPBELL,I 0471,Interstate,,I471 N,,,39.10000376,-84.4936658,4.859,6/14/2021 0:00,1650,3,3,0,0,O,CLEAR,DRY,0,OTHER ROADWAY OR MID-BLOCK COLLISION,REAR END,STRAIGHT & LEVEL,DAYLIGHT,0,0,0,1
28262626,CAMPBELL,KY0547,StateRoute,,FOUR MILE,RD,,38.97655117,-84.3633891,1.786,6/14/2021 0:00,1600,1,1,0,0,O,CLEAR,DRY,0,OTHER ROADWAY OR MID-BLOCK COLLISION,SINGLE VEHICLE,STRAIGHT & LEVEL,DAYLIGHT,0,0,0,1
28255311,CAMPBELL,,OTHR,19,9TH,ST,E,39.08814056,-84.49097197,0.605,6/14/2021 0:00,1748,2,2,0,0,O,CLEAR,DRY,0,1 VEHICLE ENTERING/LEAVING ENTRANCE,ANGLE,STRAIGHT & LEVEL,DAYLIGHT,0,0,0,1
28256208,CAMPBELL,,OTHR,375,CROSSROADS,BLVD,,39.00460313,-84.41851868,0.364,6/14/2021 0:00,1503,2,2,0,0,O,CLEAR,DRY,0,1 VEHICLE ENTERING/LEAVING ENTRANCE,ANGLE,STRAIGHT & LEVEL,DAYLIGHT,0,0,0,1
28286544,CAMPBELL,,OTHR,,SILVER LEDGE,,,39.01496974,-84.44448703,0.044,6/14/2021 0:00,1850,2,2,0,0,O,CLEAR,DRY,0,1 VEHICLE PARKED POSITION (NOT PARKING LOT/DRIVEWAY),SIDESWIPE-SAME DIRECTION,STRAIGHT & LEVEL,DAYLIGHT,0,0,0,1
28255300,CAMPBELL,KY0009,StateRoute,400,12TH,ST,W,39.08053242,-84.49429809,22.143,6/14/2021 0:00,322,4,4,0,0,O,CLEAR,DRY,1,1 VEHICLE PARKED POSITION (NOT PARKING LOT/DRIVEWAY),SIDESWIPE-SAME DIRECTION,STRAIGHT & LEVEL,DARK-HWY LIGHTED/ON,0,0,0,1
28255303,CAMPBELL,,OTHR,1129,ANN,ST,,39.08307167,-84.49092511,0.478,6/14/2021 0:00,1706,2,2,0,0,O,CLEAR,DRY,1,1 VEHICLE PARKED POSITION (NOT PARKING LOT/DRIVEWAY),SIDESWIPE-SAME DIRECTION,STRAIGHT & LEVEL,DAYLIGHT,0,0,0,1
28257193,CAMPBELL,,OTHR,260,BLUEGRASS,AVE,,39.07360199,-84.47769677,0.17,6/14/2021 0:00,1245,2,2,0,0,O,CLEAR,DRY,1,1 VEHICLE PARKED POSITION (NOT PARKING LOT/DRIVEWAY),REAR END,CURVE & GRADE,UNKNOWN,0,0,0,1
28256214,CAMPBELL,US0027,USRoute,,ALEXANDRIA,PIKE,,39.0224294,-84.44063009,15.448,6/14/2021 0:00,1550,2,2,0,0,O,CLEAR,DRY,1,REAR END IN TRAFFIC LANES BOTH VEHICLES MOVING,REAR END,STRAIGHT & LEVEL,DAYLIGHT,0,0,0,1
28264644,CAMPBELL,I 0275,Interstate,,I275 E,,,39.02258014,-84.48496284,77.326,6/14/2021 0:00,1454,3,3,0,0,O,CLEAR,DRY,0,REAR END IN TRAFFIC LANES BOTH VEHICLES MOVING,REAR END,CURVE & HILLCREST,DAYLIGHT,0,0,0,1
28257194,CAMPBELL,KY1632,StateRoute,,MOOCK,RD,,39.06103719,-84.47218288,1.052,6/14/2021 0:00,1805,2,2,0,0,O,CLEAR,DRY,0,REAR END IN TRAFFIC LANES BOTH VEHICLES MOVING,REAR END,CURVE & GRADE,DAYLIGHT,0,0,0,1
28262625,CAMPBELL,KY0010,StateRoute,,FLAGG SPRINGS,PIKE,,38.90780054,-84.30330945,8.91,6/14/2021 0:00,2120,1,1,0,2,A,CLEAR,DRY,0,COLLISION WITH ANIMAL NON INTERSECTION,SINGLE VEHICLE,STRAIGHT & LEVEL,DUSK,0,0,0,1
28261688,CAMPBELL,US0027,USRoute,,ALEXANDRIA,PIKE,,38.98435861,-84.40109254,12.097,6/14/2021 0:00,1317,2,2,0,1,B,CLEAR,DRY,0,ANGLE COLLISION - OTHER,ANGLE,STRAIGHT & GRADE,DAYLIGHT,0,0,0,1
28261690,CAMPBELL,US0027,USRoute,,ALEXANDRIA,PIKE,,38.97357503,-84.39224895,11.159,6/14/2021 0:00,1413,2,2,0,1,B,CLEAR,DRY,0,OPPOSING LEFT TURN,OPPOSING LEFT TURN,STRAIGHT & LEVEL,DAYLIGHT,0,0,0,1
28257114,CAMPBELL,,OTHR,,WARD,AVE,,39.10791636,-84.48129383,0.509,6/14/2021 0:00,1833,2,1,0,1,B,CLEAR,DRY,0,COLLISION WITH PEDESTRIAN IN INTERSECTION,SINGLE VEHICLE,STRAIGHT & LEVEL,DAYLIGHT,1,0,1,0
28257148,CAMPBELL,I 0471,Interstate,,I471 S,,,39.0653678,-84.46641555,1.672,6/15/2021 0:00,621,2,2,0,0,O,CLEAR,DRY,0,SIDESWIPE COLLISION - SAME DIRECTION,SIDESWIPE-SAME DIRECTION,STRAIGHT & LEVEL,DAYLIGHT,0,0,0,1
28264699,CAMPBELL,I 0471,Interstate,,I471 S,,,39.06471813,-84.46680256,1.619,6/15/2021 0:00,1818,2,2,0,0,O,CLEAR,DRY,0,SIDESWIPE COLLISION - SAME DIRECTION,SIDESWIPE-SAME DIRECTION,STRAIGHT & LEVEL,DAYLIGHT,0,0,0,1
28262243,CAMPBELL,US0027,USRoute,8244,ALEXANDRIA,PIKE,,38.9533962,-84.39329714,9.751,6/15/2021 0:00,759,2,2,0,0,O,CLEAR,DRY,0,REAR END IN TRAFFIC LANES BOTH VEHICLES MOVING,REAR END,STRAIGHT & GRADE,DAYLIGHT,0,0,0,1
28296159,CAMPBELL,I 0275,Interstate,,I275 E,,,39.03412058,-84.47050045,76.101,6/15/2021 0:00,1458,2,2,0,0,O,CLEAR,DRY,0,REAR END IN TRAFFIC LANES BOTH VEHICLES MOVING,REAR END,STRAIGHT & LEVEL,DAYLIGHT,0,0,0,1
28259724,CAMPBELL,US0027,USRoute,,ALEXANDRIA,PIKE,,39.03536049,-84.45401462,16.617,6/15/2021 0:00,1428,2,2,0,0,O,CLEAR,DRY,0,REAR END IN TRAFFIC LANES BOTH VEHICLES MOVING,REAR END,STRAIGHT & GRADE,DAYLIGHT,0,0,0,1
28375583,CAMPBELL,,OTHR,,4TH,AVE,,39.11293303,-84.47679233,0.014,6/15/2021 0:00,1611,2,2,0,0,O,CLEAR,DRY,0,1 VEHICLE PARKED POSITION (NOT PARKING LOT/DRIVEWAY),SIDESWIPE-SAME DIRECTION,STRAIGHT & LEVEL,DAYLIGHT,0,0,0,1
28260049,CAMPBELL,KY1892,StateRoute,24,CAROTHERS,RD,,39.08453326,-84.48233681,2.47,6/15/2021 0:00,1815,2,2,0,2,C,CLEAR,DRY,0,1 VEHICLE ENTERING/LEAVING ENTRANCE,ANGLE,STRAIGHT & LEVEL,DAYLIGHT,0,0,0,1
28259285,CAMPBELL,I 0471,Interstate,,,,,39.08541944,-84.47455994,0.213,6/15/2021 0:00,1828,2,2,0,0,O,CLEAR,DRY,0,OTHER RAMP RELATED COLLISIONS NOT LISTED ABOVE,REAR END,CURVE & HILLCREST,DAYLIGHT,0,0,0,1
28262624,CAMPBELL,KY0008,StateRoute,,MARY INGLES,HWY,,39.04046492,-84.40922636,9.721,6/16/2021 0:00,1224,2,2,0,0,O,CLEAR,DRY,0,VEHICLE BACKING NON INTERSECTION,BACKING,STRAIGHT & LEVEL,DAYLIGHT,0,0,0,1
28305666,CAMPBELL,,OTHR,,COVERT RUN,PIKE,,39.09989699,-84.4764842,0.194,6/16/2021 0:00,1900,2,2,0,0,O,CLEAR,DRY,0,VEHICLE BACKING NON INTERSECTION,BACKING,STRAIGHT & LEVEL,DAYLIGHT,0,0,0,1
28272939,CAMPBELL,KY1120,StateRoute,,10TH,ST,E,39.08918673,-84.48530607,1.051,6/16/2021 0:00,1722,2,2,0,0,O,CLEAR,DRY,0,OTHER INTERSECTION COLLISIONS,REAR END,STRAIGHT & LEVEL,DAYLIGHT,1,0,0,1
28264713,CAMPBELL,I 0471,Interstate,,I471 N,,,39.05868784,-84.46935491,1.142,6/16/2021 0:00,1745,1,1,0,0,O,CLEAR,DRY,0,COLLISION WITH ANIMAL NON INTERSECTION,SINGLE VEHICLE,CURVE & LEVEL,DAYLIGHT,0,0,0,1
28272938,CAMPBELL,KY1892,StateRoute,,GRAND,AVE,,39.08554784,-84.47414809,1.942,6/17/2021 0:00,1258,2,2,0,0,O,CLEAR,DRY,0,REAR END IN TRAFFIC LANES BOTH VEHICLES MOVING,REAR END,CURVE & LEVEL,DAYLIGHT,0,0,0,1
28268570,CAMPBELL,I 0471,Interstate,,I471 S,,,39.10086204,-84.49546353,4.972,6/17/2021 0:00,2022,2,2,0,0,O,CLEAR,DRY,0,SIDESWIPE COLLISION - SAME DIRECTION,SIDESWIPE-SAME DIRECTION,STRAIGHT & LEVEL,DAYLIGHT,0,0,0,1
28317050,CAMPBELL,US0027,USRoute,,ALEXANDRIA,PIKE,,38.88701023,-84.38658911,5.089,6/17/2021 0:00,1058,2,2,0,2,B,CLEAR,DRY,0,ANGLE COLLISION - OTHER,ANGLE,STRAIGHT & LEVEL,DAYLIGHT,0,0,0,1
28266805,CAMPBELL,KY1892,StateRoute,,GRAND,AVE,,39.08040931,-84.46735772,1.432,6/17/2021 0:00,1326,2,2,0,0,O,CLEAR,DRY,0,SIDESWIPE-SAME DIRECTION,SIDESWIPE-SAME DIRECTION,STRAIGHT & GRADE,DAYLIGHT,0,0,0,1
28269093,CAMPBELL,US0027,USRoute,,ALEXANDRIA,PIKE,,39.06852152,-84.46679678,19.757,6/17/2021 0:00,1500,2,2,0,0,O,CLEAR,DRY,0,OTHER ROADWAY OR MID-BLOCK COLLISION,REAR END,STRAIGHT & LEVEL,DAYLIGHT,0,0,0,1