IncidentID,County,RdwyNumber,RdwyType,Street,RoadwayName,StreetSfx,StreetDir,Latitude,Longitude,Milepoint,CollisionDate,CollisionTime,UnitsInvolved,MotorVehiclesInvolved,NumberKilled,NumberInjured,KABCO,Weather,RdwyConditionCode,HitandRun,DirAnalysisCode,MannerofCollision,RdwyCharacter,LightCondition,Intersection Crash,Bicyclist,Pedestrian,Motor Vehicles
28269096,CAMPBELL,US0027,USRoute,,ALEXANDRIA,PIKE,,39.06852152,-84.46679678,19.757,6/17/2021 0:00,1718,2,2,0,0,O,CLEAR,DRY,0,OTHER ROADWAY OR MID-BLOCK COLLISION,REAR END,STRAIGHT & LEVEL,DAYLIGHT,0,0,0,1
28266809,CAMPBELL,I 0471,Interstate,,,,,39.0928543,-84.47916181,0.192,6/17/2021 0:00,1348,2,2,0,0,O,CLEAR,DRY,0,OTHER RAMP RELATED COLLISIONS NOT LISTED ABOVE,REAR END,CURVE & GRADE,DAYLIGHT,0,0,0,1
28272317,CAMPBELL,I 0471,Interstate,,,,,39.08518488,-84.4737682,0.463,6/18/2021 0:00,1825,2,2,0,0,O,CLOUDY,DRY,0,OTHER RAMP RELATED COLLISIONS NOT LISTED ABOVE,REAR END,CURVE & GRADE,DAYLIGHT,0,0,0,1
28272012,CAMPBELL,KY0008,StateRoute,200,4TH,ST,W,39.09034525,-84.4998372,0.292,6/18/2021 0:00,2337,2,2,0,0,O,RAINING,WET,0,1 VEHICLE ENTERING/LEAVING ENTRANCE,ANGLE,CURVE & LEVEL,DARK-HWY LIGHTED/ON,0,0,0,1
28284000,CAMPBELL,,OTHR,,KENTUCKY,DR,,39.07461317,-84.47854148,0.65,6/18/2021 0:00,1658,1,1,0,0,O,CLEAR,DRY,0,COLLISION WITH FIXED OBJECT NON - INTERSECTION - FIRST EVENT COLLISION 09 - 32 EXCLUDING 16,SINGLE VEHICLE,CURVE & GRADE,DAYLIGHT,0,0,0,1
28275077,CAMPBELL,KY0008,StateRoute,403,MARY INGLES,HWY,,39.03195393,-84.37651168,11.588,6/18/2021 0:00,229,1,1,0,0,O,CLEAR,DRY,0,COLLISION WITH FIXED OBJECT NON - INTERSECTION - FIRST EVENT COLLISION 09 - 32 EXCLUDING 16,SINGLE VEHICLE,STRAIGHT & LEVEL,DARK-HWY NOT LIGHTED,0,0,0,1
28275252,CAMPBELL,,OTHR,,COOPER BAIN,RD,,38.90195106,-84.38106707,0.314,6/18/2021 0:00,713,1,1,0,0,O,CLEAR,DRY,0,COLLISION WITH ANIMAL NON INTERSECTION,SINGLE VEHICLE,STRAIGHT & LEVEL,DAYLIGHT,0,0,0,1
28275989,CAMPBELL,,OTHR,,WALNUT,ST,,39.10910414,-84.47741285,0.279,6/18/2021 0:00,1824,2,2,0,0,O,CLOUDY,DRY,0,ANGLE COLLISION - OTHER,ANGLE,CURVE & LEVEL,DAYLIGHT,0,0,0,1
28283996,CAMPBELL,,OTHR,13,PARKER,RD,,39.07925243,-84.47697161,0.078,6/18/2021 0:00,1512,2,2,0,0,O,CLEAR,DRY,0,SIDESWIPE COLLISION - OPPOSITE DIRECTION,SIDESWIPE-OPPOSITE DIRECTION,CURVE & GRADE,DAYLIGHT,0,0,0,1
28269955,CAMPBELL,,OTHR,,GIDEON,ALY,,39.08701779,-84.48791196,0.04,6/18/2021 0:00,1033,2,2,0,0,O,CLOUDY,DRY,0,1 VEHICLE PARKED POSITION (NOT PARKING LOT/DRIVEWAY),BACKING,STRAIGHT & LEVEL,DAYLIGHT,0,0,0,1
28270806,CAMPBELL,KY0008,StateRoute,,4TH,ST,W,39.09130072,-84.49801465,0.429,6/18/2021 0:00,1402,2,2,0,0,O,CLEAR,DRY,0,REAR END IN TRAFFIC LANES BOTH VEHICLES MOVING,REAR END,STRAIGHT & LEVEL,DAYLIGHT,0,0,0,1
28275116,CAMPBELL,I 0471,Interstate,,I471 N,,,39.05152437,-84.4665917,0.603,6/19/2021 0:00,1016,2,2,0,0,O,CLOUDY,WET,0,SIDESWIPE COLLISION - SAME DIRECTION,SIDESWIPE-SAME DIRECTION,STRAIGHT & LEVEL,DAYLIGHT,0,0,0,1
28351389,CAMPBELL,US0027,USRoute,,ALEXANDRIA,PIKE,,39.06846613,-84.46675151,19.753,6/19/2021 0:00,726,2,2,0,0,O,RAINING,WET,1,ANGLE COLLISION - ONE VEHICLE TURNING LEFT,ANGLE,STRAIGHT & HILLCREST,DAYLIGHT,0,0,0,1
28279503,CAMPBELL,US0027,USRoute,,ALEXANDRIA,PIKE,,38.98181555,-84.39633114,11.781,6/19/2021 0:00,1853,2,2,0,0,O,CLEAR,DRY,0,ANGLE COLLISION - OTHER,ANGLE,STRAIGHT & LEVEL,DAYLIGHT,0,0,0,1
28278388,CAMPBELL,,OTHR,,KLAINECREST,DR,,39.07120351,-84.4484879,0.14,6/19/2021 0:00,1225,2,2,0,0,O,CLEAR,DRY,0,VEHICLE BACKING IN INTERSECTION,BACKING,STRAIGHT & GRADE,DAYLIGHT,1,0,0,1
28279499,CAMPBELL,US0027,USRoute,,ALEXANDRIA,PIKE,,38.97348891,-84.3922258,11.154,6/19/2021 0:00,1333,2,2,0,0,O,CLOUDY,WET,0,OTHER INTERSECTION COLLISIONS,REAR END,STRAIGHT & LEVEL,DAYLIGHT,1,0,0,1
28278382,CAMPBELL,I 0471,Interstate,,I471 S,,,39.07371279,-84.46542506,2.349,6/19/2021 0:00,945,1,1,0,0,O,RAINING,WET,0,COLLISION WITH FIXED OBJECT NON - INTERSECTION - FIRST EVENT COLLISION 09 - 32 EXCLUDING 16,SINGLE VEHICLE,STRAIGHT & LEVEL,DAYLIGHT,0,0,0,1
28290652,CAMPBELL,I 0275,Interstate,,I275 W,,,39.03075749,-84.47093546,76.386,6/19/2021 0:00,2335,1,1,0,0,O,CLEAR,DRY,0,RAN OFF ROADWAY (1 VEHICLE WITH/EARTH EMBANKMENT/DITCH),SINGLE VEHICLE,STRAIGHT & GRADE,DARK-HWY LIGHTED/ON,0,0,0,1
28275874,CAMPBELL,I 0471,Interstate,3,I471,,,39.08236531,-84.47052293,0.17,6/19/2021 0:00,700,1,1,0,1,B,RAINING,WET,0,OTHER RAMP RELATED COLLISIONS NOT LISTED ABOVE,SINGLE VEHICLE,CURVE & LEVEL,DAYLIGHT,0,0,0,1
28275040,CAMPBELL,,OTHR,,5TH,ST,E,39.09380442,-84.49172282,0.168,6/20/2021 0:00,30,2,2,0,0,O,CLEAR,DRY,0,1 VEHICLE ENTERING/LEAVING ENTRANCE,ANGLE,STRAIGHT & LEVEL,DARK-HWY LIGHTED/OFF,0,0,0,1
28282671,CAMPBELL,US0027,USRoute,,ALEXANDRIA,PIKE,,39.03685396,-84.4540237,16.728,6/20/2021 0:00,1057,2,2,0,0,O,CLEAR,DRY,0,REAR END IN TRAFFIC LANES BOTH VEHICLES MOVING,REAR END,STRAIGHT & LEVEL,DAYLIGHT,0,0,0,1
28282672,CAMPBELL,I 0275,Interstate,,I275 E,,,39.03572764,-84.47024494,75.982,6/20/2021 0:00,1159,2,2,0,0,O,CLEAR,DRY,0,REAR END IN TRAFFIC LANES BOTH VEHICLES MOVING,REAR END,STRAIGHT & LEVEL,DAYLIGHT,0,0,0,1
28279433,CAMPBELL,,OTHR,13,RETREAT,ST,,39.07016765,-84.47141798,0.037,6/20/2021 0:00,900,2,2,0,0,O,CLEAR,DRY,0,1 VEHICLE PARKED POSITION (NOT PARKING LOT/DRIVEWAY),SIDESWIPE-SAME DIRECTION,STRAIGHT & LEVEL,DAYLIGHT,0,0,0,1
28277117,CAMPBELL,I 0275,Interstate,,I275 E,,,39.02644549,-84.4754324,76.72,6/20/2021 0:00,1319,2,2,0,0,O,CLEAR,DRY,0,SIDESWIPE COLLISION - SAME DIRECTION,SIDESWIPE-SAME DIRECTION,STRAIGHT & GRADE,DAYLIGHT,0,0,0,1
28277866,CAMPBELL,KY0547,StateRoute,,FOUR MILE,RD,,39.02644336,-84.38324723,,6/20/2021 0:00,541,1,1,0,1,B,CLEAR,DRY,0,OTHER COLLISIONS ON SHOULDER,SINGLE VEHICLE,STRAIGHT & GRADE,DAWN,0,0,0,1
28280672,CAMPBELL,,OTHR,719,LINDEN,AVE,,39.09417202,-84.4847955,0.223,6/21/2021 0:00,1700,2,2,0,0,O,CLOUDY,DRY,1,1 VEHICLE PARKED POSITION (NOT PARKING LOT/DRIVEWAY),REAR END,STRAIGHT & LEVEL,DAYLIGHT,0,0,0,1
28283998,CAMPBELL,,OTHR,1040,ANN,ST,,39.08457966,-84.49260331,0.289,6/21/2021 0:00,2030,2,2,0,0,O,CLEAR,,1,1 VEHICLE PARKED POSITION (NOT PARKING LOT/DRIVEWAY),SIDESWIPE-SAME DIRECTION,STRAIGHT & GRADE,DAYLIGHT,0,0,0,1
28280669,CAMPBELL,KY0008,StateRoute,,4TH,ST,W,39.08957621,-84.50110661,0.253,6/21/2021 0:00,1526,2,2,0,0,O,CLOUDY,DRY,0,REAR END IN TRAFFIC LANES BOTH VEHICLES MOVING,REAR END,STRAIGHT & LEVEL,DAYLIGHT,0,0,0,1
28286541,CAMPBELL,US0027,USRoute,4210,ALEXANDRIA,PIKE,,39.01936936,-84.43729984,15.163,6/22/2021 0:00,1330,2,2,0,0,O,CLOUDY,DRY,0,1 VEHICLE ENTERING/LEAVING ENTRANCE,ANGLE,STRAIGHT & LEVEL,DAYLIGHT,0,0,0,1
28286542,CAMPBELL,US0027,USRoute,,ALEXANDRIA,PIKE,,39.01864575,-84.43616381,15.071,6/22/2021 0:00,1033,2,2,0,0,O,CLEAR,DRY,0,OTHER ROADWAY OR MID-BLOCK COLLISION,REAR END,STRAIGHT & LEVEL,DAYLIGHT,0,0,0,1
28283994,CAMPBELL,KY1120,StateRoute,,MEMORIAL,PKWY,,39.09283643,-84.4793781,1.445,6/22/2021 0:00,1301,2,2,0,0,O,CLEAR,DRY,0,OTHER ROADWAY OR MID-BLOCK COLLISION,REAR END,STRAIGHT & LEVEL,DAYLIGHT,0,0,0,1
28284001,CAMPBELL,KY0008,StateRoute,,5TH,ST,W,39.08894835,-84.50057714,0.246,6/22/2021 0:00,814,2,1,0,1,B,CLEAR,DRY,0,COLLISION WITH BICYCLE IN INTERSECTION,SINGLE VEHICLE,CURVE & LEVEL,DAYLIGHT,1,1,0,0
28287294,CAMPBELL,I 0275,Interstate,,I275 E,,,39.03858189,-84.47004773,75.781,6/22/2021 0:00,1629,2,2,0,0,O,CLEAR,DRY,0,REAR END IN TRAFFIC LANES BOTH VEHICLES MOVING,REAR END,STRAIGHT & GRADE,DAYLIGHT,0,0,0,1
28289292,CAMPBELL,,OTHR,2325,JOYCE,AVE,,39.07563485,-84.4719832,0.07,6/22/2021 0:00,2020,2,2,0,0,O,CLEAR,DRY,0,1 VEHICLE PARKED POSITION (NOT PARKING LOT/DRIVEWAY),SIDESWIPE-SAME DIRECTION,STRAIGHT & GRADE,DAYLIGHT,0,0,0,1
28288661,CAMPBELL,,OTHR,438,8TH,ST,W,39.08515462,-84.4997471,0.003,6/22/2021 0:00,1603,2,2,0,0,O,CLEAR,DRY,1,1 VEHICLE PARKED POSITION (NOT PARKING LOT/DRIVEWAY),REAR END,,DAYLIGHT,0,0,0,1
28286540,CAMPBELL,US0027,USRoute,,ALEXANDRIA,PIKE,,39.01838087,-84.43587527,15.045,6/22/2021 0:00,1256,2,2,0,0,O,CLOUDY,DRY,0,SIDESWIPE COLLISION - SAME DIRECTION,SIDESWIPE-SAME DIRECTION,STRAIGHT & LEVEL,DAYLIGHT,0,0,0,1
28350287,CAMPBELL,,OTHR,,WARD,AVE,,39.10942279,-84.48288946,0.643,6/23/2021 0:00,2320,2,2,0,1,B,CLEAR,DRY,0,1 VEHICLE PARKED POSITION (NOT PARKING LOT/DRIVEWAY),SIDESWIPE-SAME DIRECTION,STRAIGHT & LEVEL,DARK-HWY NOT LIGHTED,0,0,0,1
28297437,CAMPBELL,,OTHR,201,2ND,ST,W,39.03494155,-84.39158864,0.067,6/23/2021 0:00,1502,2,2,0,0,O,CLEAR,DRY,1,1 VEHICLE PARKED POSITION (NOT PARKING LOT/DRIVEWAY),REAR END,STRAIGHT & LEVEL,DAYLIGHT,0,0,0,1
28295099,CAMPBELL,,OTHR,,MADONNA,PL,,39.07333456,-84.45274113,0.218,6/23/2021 0:00,1000,2,2,0,0,O,CLEAR,DRY,1,1 VEHICLE PARKED POSITION (NOT PARKING LOT/DRIVEWAY),SIDESWIPE-OPPOSITE DIRECTION,STRAIGHT & LEVEL,DAYLIGHT,0,0,0,1
28291314,CAMPBELL,US0027,USRoute,2625,ALEXANDRIA,PIKE,,39.03550009,-84.45416729,16.645,6/23/2021 0:00,1527,2,2,0,0,O,CLEAR,DRY,0,REAR END IN TRAFFIC LANES BOTH VEHICLES MOVING,REAR END,STRAIGHT & LEVEL,DAYLIGHT,0,0,0,1
28291315,CAMPBELL,I 0275,Interstate,,I275 E,,,39.04080625,-84.46974233,75.63,6/23/2021 0:00,1543,2,2,0,0,O,CLEAR,DRY,0,REAR END IN TRAFFIC LANES BOTH VEHICLES MOVING,REAR END,CURVE & GRADE,DAYLIGHT,0,0,0,1
28307640,CAMPBELL,KY0009,StateRoute,,AA,HWY,,39.00816927,-84.4615146,16.113,6/23/2021 0:00,1647,2,2,0,2,B,CLEAR,DRY,0,REAR END IN TRAFFIC LANES BOTH VEHICLES MOVING,REAR END,STRAIGHT & LEVEL,DAYLIGHT,0,0,0,1
28318593,CAMPBELL,KY1120,StateRoute,,FT THOMAS,AVE,N,39.08012452,-84.44866058,4.114,6/23/2021 0:00,1057,2,2,0,0,O,CLEAR,DRY,0,ANGLE COLLISION - OTHER,ANGLE,STRAIGHT & LEVEL,DAYLIGHT,0,0,0,1
28295038,CAMPBELL,US0027,USRoute,,ALEXANDRIA,PIKE,,38.95761994,-84.39318489,10.047,6/23/2021 0:00,849,2,2,0,0,O,CLEAR,DRY,0,OPPOSING LEFT TURN,OPPOSING LEFT TURN,STRAIGHT & LEVEL,DAYLIGHT,0,0,0,1
28288664,CAMPBELL,,OTHR,,5TH,ST,W,39.08806498,-84.5021308,0.059,6/23/2021 0:00,955,2,2,0,0,O,CLEAR,DRY,0,1 VEHICLE ENTERING/LEAVING ENTRANCE,ANGLE,CURVE & LEVEL,DAYLIGHT,0,0,0,1
28294134,CAMPBELL,I 0471,Interstate,,,,,39.08573667,-84.47418411,0.179,6/24/2021 0:00,1745,2,2,0,0,O,CLEAR,DRY,0,OTHER RAMP RELATED COLLISIONS NOT LISTED ABOVE,REAR END,STRAIGHT & GRADE,DAYLIGHT,0,0,0,1
28292442,CAMPBELL,I 0471,Interstate,,,,,39.08541105,-84.47465501,0.218,6/24/2021 0:00,1150,2,2,0,0,O,CLOUDY,DRY,0,OTHER RAMP RELATED COLLISIONS NOT LISTED ABOVE,REAR END,CURVE & GRADE,DAYLIGHT,0,0,0,1
28294130,CAMPBELL,US0027,USRoute,,MONMOUTH,ST,,39.08198515,-84.48209278,21.047,6/24/2021 0:00,1435,2,2,0,0,O,CLEAR,DRY,0,1 VEHICLE ENTERING/LEAVING ENTRANCE,ANGLE,STRAIGHT & HILLCREST,DAYLIGHT,0,0,0,1
28300098,CAMPBELL,KY0547,StateRoute,,FOUR MILE,RD,,39.01960397,-84.37947989,5.108,6/24/2021 0:00,1634,2,2,0,0,O,CLEAR,DRY,0,COLLISION WITH FIXED OBJECT NON - INTERSECTION - FIRST EVENT COLLISION 09 - 32 EXCLUDING 16,SIDESWIPE-OPPOSITE DIRECTION,CURVE & LEVEL,DAYLIGHT,0,0,0,1
29151560,CAMPBELL,KY0009,StateRoute,,AA,HWY,,38.86841622,-84.26123154,0.459,6/24/2021 0:00,10,1,1,0,0,O,CLEAR,DRY,0,OTHER INTERSECTION COLLISIONS,SINGLE VEHICLE,CURVE & LEVEL,DARK-HWY NOT LIGHTED,1,0,0,1
28297971,CAMPBELL,US0027,USRoute,,ALEXANDRIA,PIKE,,38.84653918,-84.37765071,1.919,6/24/2021 0:00,2214,1,1,0,0,O,CLEAR,DRY,0,COLLISION WITH ANIMAL NON INTERSECTION,SINGLE VEHICLE,STRAIGHT & LEVEL,DARK-HWY NOT LIGHTED,0,0,0,1
28316061,CAMPBELL,,OTHR,,CLARK,ST,,39.11391954,-84.46188915,0.001,6/24/2021 0:00,1910,2,2,0,0,O,CLEAR,DRY,0,1 VEHICLE PARKED POSITION (NOT PARKING LOT/DRIVEWAY),REAR END,STRAIGHT & GRADE,DAYLIGHT,0,0,0,1
28290283,CAMPBELL,US0027,USRoute,900,MONMOUTH,ST,,39.08815134,-84.49010771,21.662,6/24/2021 0:00,211,2,2,0,0,O,CLEAR,DRY,1,1 VEHICLE PARKED POSITION (NOT PARKING LOT/DRIVEWAY),REAR END,STRAIGHT & LEVEL,DARK-HWY LIGHTED/ON,0,0,0,1
28295294,CAMPBELL,,OTHR,,HIGHLAND,AVE,,39.07769079,-84.45075431,1.251,6/24/2021 0:00,2229,2,2,0,0,O,CLEAR,DRY,1,1 VEHICLE PARKED POSITION (NOT PARKING LOT/DRIVEWAY),SIDESWIPE-SAME DIRECTION,STRAIGHT & LEVEL,DARK-HWY LIGHTED/ON,0,0,0,1
28297440,CAMPBELL,I 0275,Interstate,75.4MM,I275 E,,,39.04381178,-84.46737766,75.371,6/24/2021 0:00,701,2,2,0,0,O,CLEAR,DRY,1,SIDESWIPE COLLISION - SAME DIRECTION,SIDESWIPE-SAME DIRECTION,CURVE & GRADE,DAYLIGHT,0,0,0,1
28318874,CAMPBELL,I 0471,Interstate,,I471 S,,,39.07129449,-84.46325465,2.135,6/24/2021 0:00,1921,2,2,0,0,O,CLOUDY,DRY,0,SIDESWIPE COLLISION - SAME DIRECTION,SIDESWIPE-SAME DIRECTION,CURVE & LEVEL,DAYLIGHT,0,0,0,1
28298628,CAMPBELL,I 0471,Interstate,,I471 S,,,39.05397568,-84.46929398,0.794,6/25/2021 0:00,1716,2,2,0,0,O,CLEAR,DRY,0,SIDESWIPE COLLISION - SAME DIRECTION,SIDESWIPE-SAME DIRECTION,CURVE & LEVEL,DAYLIGHT,0,0,0,1
28309516,CAMPBELL,I 0275,Interstate,,I275 E,,,39.02674242,-84.474627,76.675,6/25/2021 0:00,1501,2,2,0,0,O,CLOUDY,DRY,0,REAR END IN TRAFFIC LANES BOTH VEHICLES MOVING,REAR END,STRAIGHT & LEVEL,DAYLIGHT,0,0,0,1
28310411,CAMPBELL,KY0709,StateRoute,,ALEXANDRIA,PIKE,E,38.98867579,-84.39519586,0.465,6/25/2021 0:00,1511,2,2,0,0,O,CLEAR,DRY,0,OTHER INTERSECTION COLLISIONS,REAR END,STRAIGHT & LEVEL,DAYLIGHT,1,0,0,1
28310869,CAMPBELL,,OTHR,,NEWPORT PAVILION,,,39.09267352,-84.48060304,0.004,6/25/2021 0:00,1605,2,2,0,0,O,CLOUDY,DRY,0,OTHER INTERSECTION COLLISIONS,REAR END,STRAIGHT & LEVEL,DAYLIGHT,1,0,0,1
28310865,CAMPBELL,US0027,USRoute,,MONMOUTH,ST,,39.08384642,-84.48382306,21.209,6/25/2021 0:00,1721,2,2,0,0,O,CLOUDY,DRY,0,ANGLE COLLISION - OTHER,ANGLE,STRAIGHT & LEVEL,DAYLIGHT,0,0,0,1
28303622,CAMPBELL,KY0009,StateRoute,,AA,HWY,,38.97579896,-84.3632827,10.141,6/26/2021 0:00,2311,1,1,0,0,O,CLEAR,DRY,0,OTHER ROADWAY OR MID-BLOCK COLLISION,SINGLE VEHICLE,STRAIGHT & GRADE,DARK-HWY LIGHTED/ON,0,0,0,1
28299393,CAMPBELL,KY1120,StateRoute,,10TH,ST,E,39.08841279,-84.48668167,0.986,6/26/2021 0:00,956,2,2,0,0,O,CLEAR,DRY,0,OTHER ROADWAY OR MID-BLOCK COLLISION,REAR END,STRAIGHT & LEVEL,DAYLIGHT,0,0,0,1
28309518,CAMPBELL,I 0275,Interstate,,I275 E,,,39.02258152,-84.48904488,77.563,6/26/2021 0:00,1338,3,3,0,0,O,CLEAR,DRY,0,OTHER ROADWAY OR MID-BLOCK COLLISION,REAR END,STRAIGHT & LEVEL,DAYLIGHT,0,0,0,1
28302348,CAMPBELL,US0027,USRoute,,YORK,ST,,39.09164904,-84.49565541,22.17,6/26/2021 0:00,1713,2,2,0,0,O,CLEAR,DRY,0,SIDESWIPE-SAME DIRECTION,SIDESWIPE-SAME DIRECTION,STRAIGHT & LEVEL,DAYLIGHT,0,0,0,1
28303042,CAMPBELL,KY1998,StateRoute,,POOLES CREEK,RD,,39.0183487,-84.45397523,1.048,6/26/2021 0:00,159,1,1,0,2,B,CLEAR,DRY,0,COLLISION WITH FIXED OBJECT NON - INTERSECTION - FIRST EVENT COLLISION 09 - 32 EXCLUDING 16,SINGLE VEHICLE,CURVE & LEVEL,DARK (UNKNOWN ROADWAY LIGHTING),0,0,0,1
28309515,CAMPBELL,I 0275,Interstate,,I275 E,,,39.0266365,-84.47489403,76.69,6/26/2021 0:00,1726,2,2,0,0,O,CLEAR,DRY,0,REAR END IN TRAFFIC LANES BOTH VEHICLES MOVING,REAR END,STRAIGHT & GRADE,DAYLIGHT,0,0,0,1
28299392,CAMPBELL,,OTHR,36,18TH,ST,,39.08062477,-84.48319024,0.085,6/26/2021 0:00,1240,2,2,0,0,O,CLEAR,DRY,0,1 VEHICLE PARKED POSITION (NOT PARKING LOT/DRIVEWAY),SIDESWIPE-SAME DIRECTION,STRAIGHT & LEVEL,DAYLIGHT,0,0,0,1
28302805,CAMPBELL,,OTHR,100,NEWPORT PAVILION,,,39.08909423,-84.47571704,0.384,6/26/2021 0:00,1852,2,2,0,0,O,CLEAR,DRY,1,SIDESWIPE COLLISION - SAME DIRECTION,SIDESWIPE-SAME DIRECTION,CURVE & LEVEL,DAYLIGHT,0,0,0,1
28300606,CAMPBELL,I 0471,Interstate,,I471 N,,,39.09889216,-84.4913231,4.711,6/26/2021 0:00,2147,2,2,0,0,O,CLEAR,DRY,0,SIDESWIPE COLLISION - SAME DIRECTION,SIDESWIPE-SAME DIRECTION,STRAIGHT & LEVEL,DARK-HWY LIGHTED/ON,0,0,0,1
28300856,CAMPBELL,,OTHR,135,7TH,ST,E,39.09129024,-84.49064882,0.474,6/27/2021 0:00,309,2,2,0,0,O,CLEAR,DRY,0,1 VEHICLE PARKED POSITION (NOT PARKING LOT/DRIVEWAY),SIDESWIPE-SAME DIRECTION,STRAIGHT & LEVEL,DARK-HWY NOT LIGHTED,0,0,0,1
28318594,CAMPBELL,I 0471,Interstate,,I471 N,,,39.07210359,-84.46341262,2.173,6/27/2021 0:00,333,2,2,0,1,C,CLEAR,DRY,1,REAR END IN TRAFFIC LANES BOTH VEHICLES MOVING,REAR END,CURVE & LEVEL,DARK-HWY LIGHTED/ON,0,0,0,1
28304379,CAMPBELL,US0027,USRoute,,ALEXANDRIA,PIKE,,39.03561164,-84.45427547,16.656,6/27/2021 0:00,1350,2,2,0,0,O,CLEAR,DRY,0,REAR END IN TRAFFIC LANES BOTH VEHICLES MOVING,REAR END,STRAIGHT & LEVEL,DAYLIGHT,0,0,0,1
28309517,CAMPBELL,I 0275,Interstate,,I275 E,,,39.02359831,-84.48064912,77.078,6/27/2021 0:00,1138,2,2,0,0,O,CLEAR,DRY,0,REAR END IN TRAFFIC LANES BOTH VEHICLES MOVING,REAR END,STRAIGHT & LEVEL,DAYLIGHT,0,0,0,1
28304380,CAMPBELL,US0027,USRoute,,ALEXANDRIA,PIKE,,39.03044945,-84.45134886,16.26,6/27/2021 0:00,1559,2,2,0,0,O,CLEAR,DRY,0,ANGLE COLLISION - OTHER,ANGLE,STRAIGHT & LEVEL,DAYLIGHT,0,0,0,1
28354329,CAMPBELL,,OTHR,,POPLAR RIDGE,RD,,38.97674325,-84.37214186,1.12,6/27/2021 0:00,1800,1,1,0,1,C,CLEAR,DRY,0,COLLISION WITH FIXED OBJECT IN INTERSECTION - FIRST EVENT COLLISION 09 - 32,SINGLE VEHICLE,CURVE & LEVEL,DAYLIGHT,1,0,0,1
28318080,CAMPBELL,I 0275,Interstate,,I275 E,,,39.02540757,-84.47709308,76.837,6/28/2021 0:00,1452,2,2,0,0,O,CLEAR,DRY,0,OTHER ROADWAY OR MID-BLOCK COLLISION,REAR END,STRAIGHT & GRADE,DAYLIGHT,0,0,0,1
28319922,CAMPBELL,US0027,USRoute,1800,MONMOUTH,ST,,39.07998244,-84.48131258,20.91,6/28/2021 0:00,1639,2,2,0,0,O,CLEAR,DRY,0,OTHER ROADWAY OR MID-BLOCK COLLISION,OPPOSING LEFT TURN,STRAIGHT & LEVEL,DAYLIGHT,0,0,0,1
29714744,CAMPBELL,KY0009,StateRoute,,,,,39.01818775,-84.48008931,,6/28/2021 0:00,1546,2,2,0,1,B,CLEAR,DRY,0,OTHER ROADWAY OR MID-BLOCK COLLISION,REAR END,STRAIGHT & LEVEL,DAYLIGHT,0,0,0,1
28303751,CAMPBELL,,OTHR,10,3RD,ST,W,39.09299219,-84.49738266,0.022,6/28/2021 0:00,35,2,2,0,0,O,CLEAR,DRY,0,1 VEHICLE ENTERING/LEAVING ENTRANCE,ANGLE,CURVE & LEVEL,DARK-HWY LIGHTED/ON,0,0,0,1
28423591,CAMPBELL,I 0275,Interstate,,I275 E,,,39.03480627,-84.47033663,76.048,6/28/2021 0:00,1355,2,2,0,0,O,CLEAR,DRY,0,SIDESWIPE COLLISION - SAME DIRECTION,SIDESWIPE-SAME DIRECTION,STRAIGHT & LEVEL,DAYLIGHT,0,0,0,1
28308508,CAMPBELL,,OTHR,330,2ND,ST,E,39.09694264,-84.49256545,0.085,6/28/2021 0:00,2245,3,3,0,0,O,CLEAR,DRY,0,1 VEHICLE PARKED POSITION (NOT PARKING LOT/DRIVEWAY),SIDESWIPE-OPPOSITE DIRECTION,STRAIGHT & LEVEL,DARK-HWY LIGHTED/ON,0,0,0,1
28350281,CAMPBELL,,OTHR,500,TAYLOR,AVE,,39.10202752,-84.479949,0.439,6/28/2021 0:00,,2,2,0,0,O,CLEAR,DRY,1,1 VEHICLE PARKED POSITION (NOT PARKING LOT/DRIVEWAY),SIDESWIPE-SAME DIRECTION,STRAIGHT & LEVEL,DARK (UNKNOWN ROADWAY LIGHTING),0,0,0,1
28312838,CAMPBELL,,OTHR,310,8TH,ST,W,39.08631161,-84.49754417,0.146,6/29/2021 0:00,2009,2,2,0,0,O,CLEAR,DRY,1,1 VEHICLE PARKED POSITION (NOT PARKING LOT/DRIVEWAY),SIDESWIPE-SAME DIRECTION,STRAIGHT & LEVEL,DAYLIGHT,0,0,0,1
28308659,CAMPBELL,US0027,USRoute,,TAYLOR SOUTHGATE,BRG,,39.09500857,-84.50027557,22.482,6/29/2021 0:00,149,2,2,0,0,O,CLEAR,DRY,0,1 VEHICLE PARKED POSITION (NOT PARKING LOT/DRIVEWAY),BACKING,STRAIGHT & HILLCREST,DARK-HWY LIGHTED/ON,0,0,0,1
29501669,CAMPBELL,KY0008,StateRoute,,6TH,AVE,,39.11198805,-84.47482136,2.469,6/29/2021 0:00,1645,2,2,0,0,O,CLEAR,DRY,1,1 VEHICLE PARKED POSITION (NOT PARKING LOT/DRIVEWAY),SIDESWIPE-SAME DIRECTION,STRAIGHT & LEVEL,DAYLIGHT,0,0,0,1
28346185,CAMPBELL,KY0009,StateRoute,,AA,HWY,,39.0097457,-84.46928587,16.561,6/29/2021 0:00,1647,2,2,0,2,B,CLEAR,DRY,0,REAR END IN TRAFFIC LANES BOTH VEHICLES MOVING,REAR END,STRAIGHT & LEVEL,DAYLIGHT,0,0,0,1