IncidentID,County,RdwyNumber,RdwyType,Street,RoadwayName,StreetSfx,StreetDir,Latitude,Longitude,Milepoint,CollisionDate,CollisionTime,UnitsInvolved,MotorVehiclesInvolved,NumberKilled,NumberInjured,KABCO,Weather,RdwyConditionCode,HitandRun,DirAnalysisCode,MannerofCollision,RdwyCharacter,LightCondition,Intersection Crash,Bicyclist,Pedestrian,Motor Vehicles
28317048,CAMPBELL,,OTHR,,I 471 SOUTH,,,39.05870838,-84.46965914,,6/29/2021 0:00,1728,2,2,0,0,O,CLOUDY,DRY,0,REAR END IN TRAFFIC LANES BOTH VEHICLES MOVING,REAR END,CURVE & GRADE,DAYLIGHT,0,0,0,1
28311632,CAMPBELL,I 0471,Interstate,,I471 S,,,39.08499935,-84.47319159,3.255,6/29/2021 0:00,1122,2,2,0,1,C,CLEAR,DRY,0,SIDESWIPE COLLISION - SAME DIRECTION,SIDESWIPE-SAME DIRECTION,STRAIGHT & LEVEL,DAYLIGHT,0,0,0,1
28322877,CAMPBELL,,OTHR,,CLOVER RIDGE,AVE,,39.09190064,-84.45712582,0.076,6/29/2021 0:00,1650,2,1,0,0,O,CLEAR,DRY,0,SIDESWIPE COLLISION - OPPOSITE DIRECTION,SIDESWIPE-OPPOSITE DIRECTION,STRAIGHT & GRADE,DAYLIGHT,0,0,0,1
28313957,CAMPBELL,,OTHR,,NEWPORT PAVILION,,,39.09267201,-84.48060222,0.004,6/29/2021 0:00,1631,2,2,0,0,O,CLOUDY,DRY,0,SIDESWIPE-SAME DIRECTION,SIDESWIPE-SAME DIRECTION,CURVE & GRADE,DAYLIGHT,0,0,0,1
28323601,CAMPBELL,US0027,USRoute,,ALEXANDRIA,PIKE,,39.03517014,-84.4539906,16.626,6/29/2021 0:00,1712,2,2,0,0,O,CLEAR,DRY,0,OTHER INTERSECTION COLLISIONS,REAR END,STRAIGHT & LEVEL,DAYLIGHT,1,0,0,1
28313250,CAMPBELL,,OTHR,,LOWELL,ST,,39.08286234,-84.4996036,0.014,6/29/2021 0:00,2300,1,1,0,0,O,CLEAR,DRY,0,RAN OFF ROADWAY (1 VEHICLE WITH/EARTH EMBANKMENT/DITCH),SINGLE VEHICLE,STRAIGHT & LEVEL,DARK-HWY NOT LIGHTED,0,0,0,1
28336036,CAMPBELL,I 0471,Interstate,,I471 S,,,39.08766779,-84.47450894,3.452,6/29/2021 0:00,1130,2,2,0,0,O,CLEAR,DRY,0,OTHER ROADWAY OR MID-BLOCK COLLISION,REAR END,STRAIGHT & GRADE,DAYLIGHT,0,0,0,1
28323605,CAMPBELL,US0027,USRoute,,ALEXANDRIA,PIKE,,39.03144485,-84.45205672,16.326,6/30/2021 0:00,1316,2,2,0,0,O,CLEAR,DRY,0,OTHER ROADWAY OR MID-BLOCK COLLISION,REAR END,STRAIGHT & LEVEL,DAYLIGHT,0,0,0,1
28316902,CAMPBELL,I 0471,Interstate,,I471 N,,,39.09493234,-84.48055809,4.052,6/30/2021 0:00,1750,2,2,0,1,C,CLOUDY,DRY,0,OTHER ROADWAY OR MID-BLOCK COLLISION,REAR END,STRAIGHT & LEVEL,DAYLIGHT,0,0,0,1
28336512,CAMPBELL,US0027,USRoute,,ALEXANDRIA,PIKE,,38.95451454,-84.39339125,9.829,6/30/2021 0:00,1348,2,2,0,1,C,CLEAR,DRY,0,1 VEHICLE ENTERING/LEAVING ENTRANCE,ANGLE,STRAIGHT & LEVEL,DAYLIGHT,0,0,0,1
28334954,CAMPBELL,US0027,USRoute,,ALEXANDRIA,PIKE,,38.98572071,-84.40303624,12.243,6/30/2021 0:00,1914,2,2,0,0,O,CLEAR,DRY,0,OTHER INTERSECTION COLLISIONS,REAR END,STRAIGHT & LEVEL,DAYLIGHT,1,0,0,1
28316942,CAMPBELL,,OTHR,,9TH,ST,W,39.08742956,-84.49182039,,6/30/2021 0:00,1658,2,1,0,1,A,CLOUDY,DRY,1,COLLISION WITH PEDESTRIAN IN INTERSECTION,SINGLE VEHICLE,STRAIGHT & GRADE,DAYLIGHT,1,0,1,0
28350286,CAMPBELL,KY0008,StateRoute,,FAIRFIELD,AVE,,39.10181399,-84.48867668,1.446,6/30/2021 0:00,623,2,2,0,0,O,CLOUDY,DRY,0,OPPOSING LEFT TURN,OPPOSING LEFT TURN,STRAIGHT & LEVEL,DAYLIGHT,0,0,0,1
28322359,CAMPBELL,US0027,USRoute,,ALEXANDRIA,PIKE,,39.03374043,-84.45339126,16.504,6/30/2021 0:00,2153,2,2,0,0,O,RAINING,WET,0,SIDESWIPE-SAME DIRECTION,SIDESWIPE-SAME DIRECTION,STRAIGHT & GRADE,DARK-HWY LIGHTED/ON,0,0,0,1
28319434,CAMPBELL,KY1632,StateRoute,,KY1632 TURN LANE,,,39.06827139,-84.46675326,0.034,6/30/2021 0:00,848,2,2,0,0,O,CLEAR,DRY,0,SIDESWIPE COLLISION - SAME DIRECTION,SIDESWIPE-SAME DIRECTION,CURVE & HILLCREST,DAYLIGHT,0,0,0,1
28315515,CAMPBELL,,OTHR,10,3RD,ST,W,39.09314019,-84.4972872,0.011,6/30/2021 0:00,1433,2,2,0,0,O,CLOUDY,DRY,0,SIDESWIPE COLLISION - SAME DIRECTION,SIDESWIPE-SAME DIRECTION,CURVE & LEVEL,DAYLIGHT,0,0,0,1
28326183,CAMPBELL,I 0471,Interstate,4,I471 S,,,39.09522847,-84.48150558,4.112,6/30/2021 0:00,1750,2,2,0,0,O,CLEAR,DRY,0,SIDESWIPE COLLISION - SAME DIRECTION,SIDESWIPE-SAME DIRECTION,STRAIGHT & LEVEL,DAYLIGHT,0,0,0,1
28322078,CAMPBELL,KY1120,StateRoute,831,FT THOMAS,AVE,S,39.0653678,-84.44616569,5.281,6/30/2021 0:00,1542,2,2,0,0,O,CLOUDY,DRY,0,1 VEHICLE PARKED POSITION (NOT PARKING LOT/DRIVEWAY),SIDESWIPE-SAME DIRECTION,STRAIGHT & LEVEL,DAYLIGHT,0,0,0,1
28314719,CAMPBELL,,OTHR,233,4TH,ST,E,39.09450836,-84.49227176,0.297,6/30/2021 0:00,1054,2,2,0,0,O,CLEAR,DRY,1,1 VEHICLE PARKED POSITION (NOT PARKING LOT/DRIVEWAY),SIDESWIPE-SAME DIRECTION,STRAIGHT & LEVEL,DARK (UNKNOWN ROADWAY LIGHTING),0,0,0,1
28323827,CAMPBELL,,OTHR,1031,COLUMBIA,ST,,39.08459717,-84.49125981,0.082,7/1/2021 0:00,2349,2,2,0,0,O,CLEAR,DRY,0,1 VEHICLE PARKED POSITION (NOT PARKING LOT/DRIVEWAY),SIDESWIPE-SAME DIRECTION,STRAIGHT & HILLCREST,DARK-HWY NOT LIGHTED,0,0,0,1
28322080,CAMPBELL,,OTHR,13,OVERLOOK,DR,,39.07048756,-84.468247,0.056,7/1/2021 0:00,2041,2,2,0,0,O,CLOUDY,WET,0,1 VEHICLE PARKED POSITION (NOT PARKING LOT/DRIVEWAY),BACKING,STRAIGHT & GRADE,DAYLIGHT,0,0,0,1
28319502,CAMPBELL,,OTHR,153,MAIN,ST,,39.07968178,-84.48816396,0.286,7/1/2021 0:00,912,2,2,0,0,O,RAINING,WET,0,1 VEHICLE PARKED POSITION (NOT PARKING LOT/DRIVEWAY),SIDESWIPE-SAME DIRECTION,STRAIGHT & GRADE,DAYLIGHT,0,0,0,1
28330934,CAMPBELL,I 0275,Interstate,,I275 W,,,39.05033167,-84.44665037,74.181,7/1/2021 0:00,1916,2,2,0,0,O,CLOUDY,DRY,0,REAR END IN TRAFFIC LANES BOTH VEHICLES MOVING,REAR END,STRAIGHT & GRADE,DAYLIGHT,0,0,0,1
28358679,CAMPBELL,KY0471,StateRoute,,KY471,,,39.04219875,-84.45667337,0.371,7/1/2021 0:00,1735,3,3,0,0,O,CLOUDY,DRY,1,REAR END IN TRAFFIC LANES BOTH VEHICLES MOVING,REAR END,STRAIGHT & LEVEL,DAYLIGHT,0,0,0,1
28388271,CAMPBELL,US0027,USRoute,,ALEXANDRIA,PIKE,,39.01275017,-84.43218382,14.632,7/1/2021 0:00,1650,2,2,0,1,C,CLEAR,DRY,0,SIDESWIPE COLLISION - SAME DIRECTION,SIDESWIPE-SAME DIRECTION,STRAIGHT & GRADE,DAYLIGHT,0,0,0,1
28322079,CAMPBELL,,OTHR,711,HIGHLAND,AVE,,39.07556221,-84.46277453,0.505,7/1/2021 0:00,1630,2,2,0,0,O,CLOUDY,WET,0,SIDESWIPE COLLISION - SAME DIRECTION,SIDESWIPE-SAME DIRECTION,STRAIGHT & LEVEL,DAYLIGHT,0,0,0,1
28318884,CAMPBELL,I 0275,Interstate,,I275 W,,,39.05574741,-84.43430098,73.418,7/1/2021 0:00,809,3,3,0,0,O,RAINING,WET,0,SIDESWIPE COLLISION - SAME DIRECTION,SIDESWIPE-SAME DIRECTION,STRAIGHT & LEVEL,DAYLIGHT,0,0,0,1
28320689,CAMPBELL,,OTHR,869,SMITH HITEMAN,RD,,38.85857151,-84.4015176,0.157,7/1/2021 0:00,1612,2,2,0,0,O,CLOUDY,WET,0,SIDESWIPE COLLISION - OPPOSITE DIRECTION,SIDESWIPE-OPPOSITE DIRECTION,CURVE & LEVEL,DAYLIGHT,0,0,0,1
28940449,CAMPBELL,KY1892,StateRoute,,GRAND,AVE,S,39.07111622,-84.44882606,0.09,7/1/2021 0:00,1515,1,1,0,0,O,CLOUDY,WET,0,OTHER COLLISIONS ON SHOULDER,SINGLE VEHICLE,CURVE & GRADE,DAYLIGHT,0,0,0,1
28323828,CAMPBELL,KY1892,StateRoute,1400,GRAND,AVE,N,39.08035202,-84.46733507,1.427,7/1/2021 0:00,1815,2,2,0,0,O,CLEAR,DRY,0,1 VEHICLE ENTERING OR LEAVING PARKED POSITION (NOT PARKING LOT),REAR END,STRAIGHT & LEVEL,DAYLIGHT,0,0,0,1
28326264,CAMPBELL,,OTHR,13077,PLEASANT RIDGE,RD,,38.858851,-84.43222134,1.162,7/1/2021 0:00,2220,1,1,0,0,O,CLOUDY,DRY,0,COLLISION WITH ANIMAL NON INTERSECTION,SINGLE VEHICLE,STRAIGHT & GRADE,DARK-HWY NOT LIGHTED,0,0,0,1
28328086,CAMPBELL,US0027,USRoute,,ALEXANDRIA,PIKE,,39.00426324,-84.42480871,13.945,7/1/2021 0:00,1558,2,2,0,0,O,CLOUDY,WET,0,OTHER INTERSECTION COLLISIONS,REAR END,STRAIGHT & GRADE,DAYLIGHT,1,0,0,1
28321165,CAMPBELL,KY0008,StateRoute,,3RD,ST,E,39.09499213,-84.49419318,0.743,7/1/2021 0:00,642,1,1,0,0,O,CLEAR,DRY,1,OTHER INTERSECTION COLLISIONS,SINGLE VEHICLE,STRAIGHT & LEVEL,DAYLIGHT,1,0,0,1
28322365,CAMPBELL,US0027,USRoute,,ALEXANDRIA,PIKE,,39.03528157,-84.45414496,16.633,7/1/2021 0:00,1414,2,2,0,0,O,RAINING,WET,1,OTHER ROADWAY OR MID-BLOCK COLLISION,REAR END,STRAIGHT & LEVEL,DAYLIGHT,0,0,0,1
28321604,CAMPBELL,I 0275,Interstate,,I275 E,,,39.0343845,-84.47033832,76.079,7/1/2021 0:00,1934,2,2,0,0,O,CLEAR,DRY,0,OTHER ROADWAY OR MID-BLOCK COLLISION,REAR END,STRAIGHT & LEVEL,DAYLIGHT,0,0,0,1
28322361,CAMPBELL,I 0275,Interstate,,I275 E,,,39.03388689,-84.47033586,76.116,7/1/2021 0:00,1137,2,2,0,0,O,RAINING,WET,0,OTHER ROADWAY OR MID-BLOCK COLLISION,REAR END,STRAIGHT & GRADE,DAYLIGHT,0,0,0,1
28350285,CAMPBELL,,OTHR,346,TAYLOR,AVE,,39.1041446,-84.4821759,0.263,7/2/2021 0:00,1200,2,2,0,0,O,CLEAR,DRY,0,1 VEHICLE ENTERING/LEAVING ENTRANCE,ANGLE,STRAIGHT & LEVEL,DAYLIGHT,0,0,0,1
28328087,CAMPBELL,US0027,USRoute,5400,ALEXANDRIA,PIKE,,38.99920927,-84.41868958,13.481,7/2/2021 0:00,1717,2,2,0,0,O,CLEAR,DRY,0,OTHER ROADWAY OR MID-BLOCK COLLISION,REAR END,STRAIGHT & LEVEL,DAYLIGHT,0,0,0,1
28328089,CAMPBELL,US0027,USRoute,,ALEXANDRIA,PIKE,,39.00073066,-84.42047597,13.616,7/2/2021 0:00,1511,2,2,0,0,O,CLEAR,DRY,0,OTHER INTERSECTION COLLISIONS,REAR END,STRAIGHT & LEVEL,DAYLIGHT,1,0,0,1
28339469,CAMPBELL,,OTHR,6,BIVOUAC,AVE,,39.07138266,-84.44512651,0.033,7/2/2021 0:00,1424,2,2,0,0,O,CLEAR,DRY,0,ANGLE COLLISION - OTHER,ANGLE,STRAIGHT & LEVEL,DAYLIGHT,0,0,0,1
28324378,CAMPBELL,KY0008,StateRoute,,6TH,AVE,,39.11207305,-84.47489828,2.528,7/2/2021 0:00,2120,1,1,0,1,B,CLEAR,DRY,0,COLLISION WITH FIXED OBJECT NON - INTERSECTION - FIRST EVENT COLLISION 09 - 32 EXCLUDING 16,SINGLE VEHICLE,STRAIGHT & GRADE,DUSK,0,0,0,1
28336879,CAMPBELL,KY1892,StateRoute,30,CAROTHERS,RD,,39.08537777,-84.48024548,2.337,7/2/2021 0:00,1736,2,2,0,0,O,CLEAR,DRY,1,REAR END IN TRAFFIC LANES BOTH VEHICLES MOVING,REAR END,STRAIGHT & GRADE,DAYLIGHT,0,0,0,1
28324099,CAMPBELL,I 0471,Interstate,,I471 N,,,39.09989769,-84.49323133,4.835,7/2/2021 0:00,1908,2,2,0,0,O,CLEAR,DRY,0,REAR END IN TRAFFIC LANES BOTH VEHICLES MOVING,REAR END,STRAIGHT & LEVEL,DAYLIGHT,0,0,0,1
28336037,CAMPBELL,,OTHR,33,BLUEGRASS,AVE,,39.08157327,-84.44882368,0.05,7/2/2021 0:00,1205,2,2,0,0,O,CLEAR,DRY,0,1 VEHICLE PARKED POSITION (NOT PARKING LOT/DRIVEWAY),BACKING,CURVE & LEVEL,DAYLIGHT,0,0,0,1
28340349,CAMPBELL,,OTHR,,GRANDVIEW,RD,,38.95666885,-84.37597692,0.153,7/2/2021 0:00,949,2,2,0,0,O,CLEAR,DRY,0,1 VEHICLE PARKED POSITION (NOT PARKING LOT/DRIVEWAY),BACKING,CURVE & LEVEL,DAYLIGHT,0,0,0,1
28328090,CAMPBELL,US0027,USRoute,3614,ALEXANDRIA,PIKE,,39.02835922,-84.45016109,16.102,7/3/2021 0:00,1845,2,2,0,1,B,CLEAR,DRY,0,REAR END IN TRAFFIC LANES BOTH VEHICLES MOVING,REAR END,STRAIGHT & LEVEL,DAYLIGHT,0,0,0,1
28328185,CAMPBELL,,OTHR,,NINE MILE,RD,,39.00620456,-84.35404763,1.871,7/3/2021 0:00,945,1,1,0,0,O,CLEAR,DRY,0,COLLISION WITH ANIMAL NON INTERSECTION,SINGLE VEHICLE,CURVE & GRADE,DAYLIGHT,0,0,0,1
28330692,CAMPBELL,US0027,USRoute,,ALEXANDRIA,PIKE,,39.06843051,-84.46674187,19.744,7/3/2021 0:00,2212,2,2,0,5,B,CLEAR,DRY,0,OPPOSING LEFT TURN,OPPOSING LEFT TURN,STRAIGHT & LEVEL,DARK-HWY LIGHTED/ON,0,0,0,1
28334610,CAMPBELL,I 0275,Interstate,,I275 E,,,39.03736566,-84.47008651,75.866,7/3/2021 0:00,1223,2,2,0,0,O,CLEAR,DRY,0,OTHER ROADWAY OR MID-BLOCK COLLISION,REAR END,STRAIGHT & GRADE,DAYLIGHT,0,0,0,1
28346180,CAMPBELL,I 0275,Interstate,,,,,39.02537906,-84.48111469,0.007,7/3/2021 0:00,1543,1,1,0,1,B,CLEAR,DRY,0,COLLISION WITH FIXED OBJECT NOT IN GORE ,SINGLE VEHICLE,CURVE & GRADE,DAYLIGHT,0,0,0,1
28330936,CAMPBELL,I 0275,Interstate,,I275 E,,,39.0403446,-84.46995122,75.663,7/3/2021 0:00,1400,2,2,0,0,O,CLEAR,DRY,0,1 VEHICLE ENTERING/LEAVING ENTRANCE,ANGLE,CURVE & LEVEL,DAYLIGHT,0,0,0,1
28332104,CAMPBELL,KY1996,StateRoute,2899,CARTHAGE,RD,,38.92898555,-84.3233296,2.25,7/4/2021 0:00,1939,1,1,0,1,B,CLEAR,MUD-DIRT,0,OTHER ROADWAY OR MID-BLOCK COLLISION,SINGLE VEHICLE,STRAIGHT & LEVEL,DAYLIGHT,0,0,0,1
28330938,CAMPBELL,I 0275,Interstate,,,,,39.04567549,-84.45589024,0.144,7/4/2021 0:00,226,1,1,0,0,O,CLEAR,DRY,1,OTHER ROADWAY OR MID-BLOCK COLLISION,SINGLE VEHICLE,STRAIGHT & LEVEL,DARK-HWY LIGHTED/ON,0,0,0,1
28330554,CAMPBELL,KY0008,StateRoute,,DAVE COWENS,DR,,39.09881667,-84.49194114,1.124,7/4/2021 0:00,1628,2,2,0,0,O,CLEAR,DRY,0,OTHER INTERSECTION COLLISIONS,REAR END,STRAIGHT & LEVEL,DAYLIGHT,1,0,0,1
28359954,CAMPBELL,KY0008,StateRoute,528,6TH,AVE,,39.11271246,-84.47330309,2.567,7/4/2021 0:00,540,1,1,0,0,O,CLEAR,DRY,0,COLLISION WITH FIXED OBJECT NON - INTERSECTION - FIRST EVENT COLLISION 09 - 32 EXCLUDING 16,SINGLE VEHICLE,STRAIGHT & LEVEL,DARK-HWY LIGHTED/ON,0,0,0,1
28328091,CAMPBELL,,OTHR,400,HOGAN,ALY,,39.08188196,-84.4961455,0.113,7/4/2021 0:00,805,2,2,0,0,O,CLEAR,DRY,1,1 VEHICLE PARKED POSITION (NOT PARKING LOT/DRIVEWAY),REAR END,STRAIGHT & LEVEL,DAYLIGHT,0,0,0,1
28351263,CAMPBELL,,OTHR,135,4TH,AVE,,39.11046037,-84.48013778,0.086,7/4/2021 0:00,1700,2,2,0,0,O,CLEAR,DRY,1,1 VEHICLE PARKED POSITION (NOT PARKING LOT/DRIVEWAY),SIDESWIPE-SAME DIRECTION,STRAIGHT & LEVEL,DAYLIGHT,0,0,0,1
28341405,CAMPBELL,,OTHR,,7TH,AVE,,39.11225888,-84.47267579,0.339,7/5/2021 0:00,1600,3,3,0,0,O,CLEAR,DRY,0,1 VEHICLE PARKED POSITION (NOT PARKING LOT/DRIVEWAY),SIDESWIPE-SAME DIRECTION,STRAIGHT & LEVEL,DAYLIGHT,0,0,0,1
28333404,CAMPBELL,KY1892,StateRoute,,CAROTHERS,RD,,39.08637195,-84.47723612,2.152,7/5/2021 0:00,2025,2,2,0,0,O,CLEAR,DRY,0,ANGLE COLLISION - OTHER,ANGLE,STRAIGHT & LEVEL,DAYLIGHT,0,0,0,1
28336247,CAMPBELL,US0027,USRoute,,ALEXANDRIA,PIKE,,39.03531793,-84.45420615,16.614,7/5/2021 0:00,1200,2,2,0,0,O,CLEAR,DRY,0,OTHER ROADWAY OR MID-BLOCK COLLISION,REAR END,STRAIGHT & LEVEL,DAYLIGHT,0,0,0,1
28334643,CAMPBELL,I 0471,Interstate,,,,,39.06794012,-84.46604423,0.389,7/5/2021 0:00,1249,2,2,0,0,O,CLEAR,DRY,0,OTHER RAMP RELATED COLLISIONS NOT LISTED ABOVE,REAR END,CURVE & LEVEL,DAYLIGHT,0,0,0,1
28352240,CAMPBELL,I 0275,Interstate,,I275 E,,,39.03294381,-84.47039238,76.184,7/6/2021 0:00,1251,2,2,0,0,O,CLEAR,DRY,0,OTHER ROADWAY OR MID-BLOCK COLLISION,REAR END,STRAIGHT & GRADE,DAYLIGHT,0,0,0,1
28336882,CAMPBELL,I 0471,Interstate,,I471 N,,,39.08949109,-84.47521369,3.568,7/6/2021 0:00,737,2,2,0,0,O,CLEAR,DRY,1,OTHER ROADWAY OR MID-BLOCK COLLISION,REAR END,,DAYLIGHT,0,0,0,1
28346182,CAMPBELL,I 0275,Interstate,,I275 E,,,39.0225119,-84.48682496,77.43,7/6/2021 0:00,1949,2,2,0,0,O,RAINING,WET,0,COLLISION WITH FIXED OBJECT NON - INTERSECTION - FIRST EVENT COLLISION 09 - 32 EXCLUDING 16,REAR END,STRAIGHT & LEVEL,DAYLIGHT,0,0,0,1
28336874,CAMPBELL,KY0008,StateRoute,,4TH,ST,E,39.0929775,-84.49500879,0.623,7/6/2021 0:00,1431,2,2,0,0,O,CLEAR,DRY,0,SIDESWIPE-SAME DIRECTION,SIDESWIPE-SAME DIRECTION,STRAIGHT & LEVEL,DAYLIGHT,0,0,0,1
28338198,CAMPBELL,KY0008,StateRoute,,4TH,ST,W,39.08824092,-84.50345456,0.068,7/6/2021 0:00,1739,2,2,0,0,O,CLEAR,DRY,0,SIDESWIPE-SAME DIRECTION,SIDESWIPE-SAME DIRECTION,CURVE & GRADE,DAYLIGHT,0,0,0,1
28350283,CAMPBELL,KY0008,StateRoute,,FAIRFIELD,AVE,,39.10346842,-84.48669932,1.601,7/6/2021 0:00,1849,2,2,0,0,O,CLEAR,DRY,0,REAR END IN TRAFFIC LANES BOTH VEHICLES MOVING,REAR END,STRAIGHT & LEVEL,DAYLIGHT,0,0,0,1
28337724,CAMPBELL,I 0471,Interstate,,I471 N,,,39.10041878,-84.49421067,4.899,7/6/2021 0:00,1737,2,2,0,0,O,CLOUDY,DRY,0,REAR END IN TRAFFIC LANES BOTH VEHICLES MOVING,REAR END,STRAIGHT & LEVEL,DAYLIGHT,0,0,0,1
28339306,CAMPBELL,,OTHR,400,FLORENCE,CIR,,39.07544187,-84.47019458,0.065,7/6/2021 0:00,827,2,2,0,0,O,CLEAR,DRY,0,1 VEHICLE PARKED POSITION (NOT PARKING LOT/DRIVEWAY),BACKING,STRAIGHT & HILLCREST,DAYLIGHT,0,0,0,1
28413825,CAMPBELL,I 0471,Interstate,,I471 N,,,39.09967017,-84.49262194,4.799,7/6/2021 0:00,837,2,2,0,0,O,CLEAR,DRY,0,SIDESWIPE COLLISION - SAME DIRECTION,SIDESWIPE-SAME DIRECTION,STRAIGHT & LEVEL,DAYLIGHT,0,0,0,1
28393398,CAMPBELL,,OTHR,196,KENTUCKY,DR,,39.07356637,-84.48709783,0.128,7/7/2021 0:00,1335,2,2,0,0,O,CLEAR,DRY,0,1 VEHICLE PARKED POSITION (NOT PARKING LOT/DRIVEWAY),SIDESWIPE-SAME DIRECTION,STRAIGHT & LEVEL,DAYLIGHT,0,0,0,1
28340802,CAMPBELL,I 0471,Interstate,,I471 N,,,39.10062349,-84.49464978,4.927,7/7/2021 0:00,956,2,2,0,0,O,CLEAR,DRY,0,REAR END IN TRAFFIC LANES BOTH VEHICLES MOVING,REAR END,STRAIGHT & LEVEL,DAYLIGHT,0,0,0,1
28346183,CAMPBELL,I 0275,Interstate,,I275 E,,,39.02688026,-84.47435994,76.659,7/7/2021 0:00,1516,2,2,0,0,O,CLEAR,DRY,0,REAR END IN TRAFFIC LANES BOTH VEHICLES MOVING,REAR END,CURVE & GRADE,DAYLIGHT,0,0,0,1
28346184,CAMPBELL,KY0009,StateRoute,,AA,HWY,,39.01547981,-84.47757061,17.162,7/7/2021 0:00,1643,2,2,0,0,O,CLEAR,DRY,0,REAR END IN TRAFFIC LANES BOTH VEHICLES MOVING,REAR END,STRAIGHT & LEVEL,DAYLIGHT,0,0,0,1
28341337,CAMPBELL,US0027,USRoute,,ALEXANDRIA,PIKE,,39.01825068,-84.43574715,15.032,7/7/2021 0:00,1245,2,2,0,0,O,CLOUDY,DRY,0,ANGLE COLLISION - ONE VEHICLE TURNING LEFT,ANGLE,STRAIGHT & LEVEL,DAYLIGHT,0,0,0,1
28353653,CAMPBELL,,OTHR,683,SILVER LEDGE,,,39.01462112,-84.44662331,0.161,7/7/2021 0:00,1131,1,1,0,1,A,CLEAR,OTHER,0,COLLISION WITH FIXED OBJECT NON - INTERSECTION - FIRST EVENT COLLISION 09 - 32 EXCLUDING 16,SINGLE VEHICLE,STRAIGHT & LEVEL,DAYLIGHT,0,0,0,1
28338630,CAMPBELL,,OTHR,,21ST,ST,,39.07706765,-84.48164534,0.098,7/7/2021 0:00,58,1,1,0,0,O,CLEAR,DRY,0,COLLISION WITH FIXED OBJECT NON - INTERSECTION - FIRST EVENT COLLISION 09 - 32 EXCLUDING 16,SINGLE VEHICLE,STRAIGHT & LEVEL,DARK-HWY LIGHTED/OFF,0,0,0,1
28348497,CAMPBELL,US0027,USRoute,,ALEXANDRIA,PIKE,,39.06629325,-84.46530579,19.58,7/8/2021 0:00,1055,2,2,0,0,O,CLOUDY,DRY,0,OTHER ROADWAY OR MID-BLOCK COLLISION,OPPOSING LEFT TURN,STRAIGHT & LEVEL,DAYLIGHT,0,0,0,1
28348192,CAMPBELL,US0027,USRoute,,TAYLOR SOUTHGATE,BRG,,39.0935707,-84.49819537,22.312,7/8/2021 0:00,1720,2,2,0,0,O,CLEAR,DRY,0,OTHER ROADWAY OR MID-BLOCK COLLISION,REAR END,STRAIGHT & LEVEL,DAYLIGHT,0,0,0,1
28346079,CAMPBELL,KY1120,StateRoute,,11TH,ST,W,39.08046845,-84.49792245,0.117,7/8/2021 0:00,1207,2,2,0,0,O,CLEAR,DRY,0,OTHER ROADWAY OR MID-BLOCK COLLISION,REAR END,STRAIGHT & GRADE,DAYLIGHT,0,0,0,1
28358290,CAMPBELL,US0027,USRoute,,ALEXANDRIA,PIKE,,38.9452849,-84.39380913,9.178,7/8/2021 0:00,1600,2,2,0,0,O,CLEAR,DRY,0,ANGLE COLLISION - OTHER,ANGLE,STRAIGHT & LEVEL,DAYLIGHT,0,0,0,1
28346833,CAMPBELL,,OTHR,,2ND,ST,W,39.03524476,-84.39269146,0.129,7/8/2021 0:00,1608,1,1,0,0,O,CLEAR,DRY,0,COLLISION WITH FIXED OBJECT IN INTERSECTION - FIRST EVENT COLLISION 09 - 32,SINGLE VEHICLE,STRAIGHT & LEVEL,DAYLIGHT,1,0,0,1
28346077,CAMPBELL,,OTHR,2207,JOYCE,AVE,,39.07546736,-84.47175964,0.053,7/8/2021 0:00,1030,2,2,0,0,O,CLEAR,DRY,1,1 VEHICLE PARKED POSITION (NOT PARKING LOT/DRIVEWAY),SIDESWIPE-SAME DIRECTION,STRAIGHT & GRADE,DAYLIGHT,0,0,0,1
28359193,CAMPBELL,,OTHR,,ST MARYS CHURCH,DR,,38.95554037,-84.38915623,0.197,7/9/2021 0:00,1140,2,2,0,0,O,CLEAR,DRY,0,REAR END IN TRAFFIC LANES BOTH VEHICLES MOVING,REAR END,STRAIGHT & LEVEL,DAYLIGHT,0,0,0,1
28352211,CAMPBELL,I 0275,Interstate,,I275 E,,,39.0264653,-84.47514629,76.708,7/9/2021 0:00,1115,2,2,0,0,O,CLEAR,DRY,0,REAR END IN TRAFFIC LANES BOTH VEHICLES MOVING,REAR END,CURVE & GRADE,DAYLIGHT,0,0,0,1
28366305,CAMPBELL,I 0471,Interstate,5,I471 N,,,39.10003747,-84.49353081,4.854,7/9/2021 0:00,1740,2,2,0,0,O,CLEAR,DRY,0,REAR END IN TRAFFIC LANES BOTH VEHICLES MOVING,REAR END,STRAIGHT & LEVEL,DAYLIGHT,0,0,0,1
28367024,CAMPBELL,I 0471,Interstate,,I471 S,,,39.10114378,-84.49609426,5.011,7/9/2021 0:00,1706,3,3,0,0,O,CLEAR,DRY,0,SIDESWIPE COLLISION - SAME DIRECTION,SIDESWIPE-SAME DIRECTION,STRAIGHT & LEVEL,DAYLIGHT,0,0,0,1
28367884,CAMPBELL,,OTHR,203,13TH,ST,W,39.08125894,-84.49030314,0.296,7/9/2021 0:00,1516,2,2,0,1,C,CLOUDY,DRY,0,SIDESWIPE COLLISION - SAME DIRECTION,SIDESWIPE-SAME DIRECTION,STRAIGHT & LEVEL,DAYLIGHT,0,0,0,1
28351936,CAMPBELL,I 0471,Interstate,,I471 N,,,39.09504215,-84.48074997,4.065,7/9/2021 0:00,2121,1,1,0,1,B,CLOUDY,DRY,0,COLLISION WITH FIXED OBJECT NON - INTERSECTION - FIRST EVENT COLLISION 09 - 32 EXCLUDING 16,SINGLE VEHICLE,STRAIGHT & LEVEL,DARK-HWY LIGHTED/ON,0,0,0,1