IncidentID,County,RdwyNumber,RdwyType,Street,RoadwayName,StreetSfx,StreetDir,Latitude,Longitude,Milepoint,CollisionDate,CollisionTime,UnitsInvolved,MotorVehiclesInvolved,NumberKilled,NumberInjured,KABCO,Weather,RdwyConditionCode,HitandRun,DirAnalysisCode,MannerofCollision,RdwyCharacter,LightCondition,Intersection Crash,Bicyclist,Pedestrian,Motor Vehicles
28353660,CAMPBELL,US0027,USRoute,,ALEXANDRIA,PIKE,,39.02320694,-84.44159155,15.524,7/9/2021 0:00,1314,2,2,0,0,O,CLEAR,DRY,0,ANGLE COLLISION - OTHER,ANGLE,STRAIGHT & LEVEL,DAYLIGHT,0,0,0,1
28353661,CAMPBELL,US0027,USRoute,,ALEXANDRIA,PIKE,,39.02429476,-84.44305116,15.621,7/9/2021 0:00,1546,2,2,0,0,O,CLEAR,DRY,0,ANGLE COLLISION - OTHER,ANGLE,STRAIGHT & LEVEL,DAYLIGHT,0,0,0,1
29501670,CAMPBELL,KY0008,StateRoute,,6TH,AVE,,39.11280405,-84.47300613,2.585,7/10/2021 0:00,2230,2,2,0,2,B,RAINING,WET,0,OTHER ROADWAY OR MID-BLOCK COLLISION,OPPOSING LEFT TURN,STRAIGHT & LEVEL,DARK-HWY LIGHTED/ON,0,0,0,1
28355044,CAMPBELL,KY2345,StateRoute,,MARTHA L COLLINS,BLVD,,39.02788811,-84.45171005,0.091,7/10/2021 0:00,1626,2,2,0,0,O,CLEAR,DRY,0,OTHER ROADWAY OR MID-BLOCK COLLISION,REAR END,STRAIGHT & GRADE,DAYLIGHT,0,0,0,1
28355667,CAMPBELL,KY1892,StateRoute,17,CAROTHERS,RD,,39.08447767,-84.48233455,2.471,7/10/2021 0:00,1505,1,1,0,0,O,RAINING,WET,0,OTHER ROADWAY OR MID-BLOCK COLLISION,SINGLE VEHICLE,STRAIGHT & GRADE,DAYLIGHT,0,0,0,1
28355666,CAMPBELL,,OTHR,802,WASHINGTON,AVE,,39.09079852,-84.48883181,0.403,7/10/2021 0:00,1426,2,2,0,0,O,CLOUDY,WET,0,1 VEHICLE PARKED POSITION (NOT PARKING LOT/DRIVEWAY),SIDESWIPE-SAME DIRECTION,STRAIGHT & LEVEL,DAYLIGHT,0,0,0,1
28355668,CAMPBELL,US0027,USRoute,1902,MONMOUTH,ST,,39.08017262,-84.48130007,20.905,7/10/2021 0:00,936,2,2,0,0,O,CLOUDY,DRY,0,1 VEHICLE PARKED POSITION (NOT PARKING LOT/DRIVEWAY),HEAD ON,STRAIGHT & LEVEL,DAYLIGHT,0,0,0,1
28355669,CAMPBELL,,OTHR,356,2ND,ST,E,39.09735536,-84.49207472,0.124,7/10/2021 0:00,743,2,2,0,0,O,CLEAR,DRY,1,1 VEHICLE PARKED POSITION (NOT PARKING LOT/DRIVEWAY),REAR END,STRAIGHT & LEVEL,DAYLIGHT,0,0,0,1
28398576,CAMPBELL,I 0275,Interstate,,I275 E,,,39.02571132,-84.47652105,76.799,7/10/2021 0:00,1546,2,2,0,0,O,CLOUDY,DRY,1,REAR END IN TRAFFIC LANES BOTH VEHICLES MOVING,REAR END,CURVE & GRADE,DAYLIGHT,0,0,0,1
28359953,CAMPBELL,,OTHR,95,RIVIERA,DR,,39.10099834,-84.4878795,0.071,7/11/2021 0:00,1517,2,2,0,0,O,CLEAR,DRY,0,REAR END IN TRAFFIC LANES BOTH VEHICLES MOVING,REAR END,STRAIGHT & LEVEL,DAYLIGHT,0,0,0,1
28355665,CAMPBELL,I 0471,Interstate,,I471 S,,,39.09930512,-84.49259435,4.77,7/11/2021 0:00,1050,2,2,0,0,O,CLOUDY,WET,0,REAR END IN TRAFFIC LANES BOTH VEHICLES MOVING,REAR END,STRAIGHT & LEVEL,DAYLIGHT,0,0,0,1
28358280,CAMPBELL,,OTHR,800,HIGHLAND,AVE,,39.07478214,-84.46383008,0.423,7/11/2021 0:00,2140,2,2,0,0,O,CLOUDY,DRY,1,1 VEHICLE PARKED POSITION (NOT PARKING LOT/DRIVEWAY),SIDESWIPE-SAME DIRECTION,STRAIGHT & LEVEL,DARK-HWY LIGHTED/ON,0,0,0,1
28358648,CAMPBELL,US0027,USRoute,2404,ALEXANDRIA,PIKE,,39.0731897,-84.4719634,20.207,7/11/2021 0:00,1040,2,2,0,0,O,CLOUDY,WET,0,SIDESWIPE COLLISION - SAME DIRECTION,SIDESWIPE-SAME DIRECTION,CURVE & GRADE,DAYLIGHT,0,0,0,1
28393391,CAMPBELL,KY0008,StateRoute,,DAVE COWENS,DR,,39.10078257,-84.48977352,1.346,7/11/2021 0:00,1538,2,2,0,3,B,CLOUDY,DRY,0,HEAD-ON COLLISION,HEAD ON,STRAIGHT & LEVEL,DAYLIGHT,0,0,0,1
28370616,CAMPBELL,KY0009,StateRoute,,LICKING,PIKE,,39.05645373,-84.48674215,20.28,7/11/2021 0:00,912,2,2,0,0,O,RAINING,WET,0,SIDESWIPE-SAME DIRECTION,SIDESWIPE-SAME DIRECTION,STRAIGHT & LEVEL,DAYLIGHT,0,0,0,1
28356983,CAMPBELL,KY0009,StateRoute,,AA,HWY,,38.98073856,-84.37448999,10.878,7/11/2021 0:00,1807,3,3,0,0,O,CLEAR,DRY,0,ANGLE COLLISION - OTHER,ANGLE,STRAIGHT & LEVEL,DAYLIGHT,0,0,0,1
28357152,CAMPBELL,KY1120,StateRoute,,11TH,ST,W,39.08349032,-84.4922568,0.485,7/11/2021 0:00,2220,2,2,0,0,O,CLOUDY,DRY,0,ANGLE COLLISION - OTHER,ANGLE,STRAIGHT & LEVEL,DARK-HWY LIGHTED/ON,0,0,0,1
28358285,CAMPBELL,I 0471,Interstate,,I471 N,,,39.07313924,-84.46423585,2.257,7/11/2021 0:00,819,1,1,0,0,O,"SLEET, HAIL, FREEZING RAIN",WET,0,COLLISION WITH FIXED OBJECT NON - INTERSECTION - FIRST EVENT COLLISION 09 - 32 EXCLUDING 16,SINGLE VEHICLE,CURVE & LEVEL,DAYLIGHT,0,0,0,1
28356984,CAMPBELL,,OTHR,3951,CALIFORNIA,XRD,,38.91899195,-84.27372739,0.739,7/11/2021 0:00,2021,1,1,0,1,B,CLEAR,DRY,0,RAN OFF ROADWAY (1 VEHICLE WITH/EARTH EMBANKMENT/DITCH),SINGLE VEHICLE,STRAIGHT & GRADE,DARK-HWY NOT LIGHTED,0,0,0,1
28356409,CAMPBELL,,OTHR,,TARVIN,RD,,38.89006899,-84.39594596,0.734,7/11/2021 0:00,1632,1,1,0,1,A,CLEAR,WET,0,COLLISION WITH ANIMAL NON INTERSECTION,SINGLE VEHICLE,STRAIGHT & LEVEL,DAYLIGHT,0,0,0,1
28466603,CAMPBELL,I 0471,Interstate,,I471 N,,,39.06067375,-84.46916097,1.282,7/11/2021 0:00,1530,2,2,0,0,O,CLOUDY,DRY,1,VEHICLE BACKING NON INTERSECTION,BACKING,STRAIGHT & LEVEL,DAYLIGHT,0,0,0,1
28359613,CAMPBELL,,OTHR,230,MAIN,ST,,39.07756545,-84.49060095,0.107,7/12/2021 0:00,1057,2,2,0,0,O,CLEAR,DRY,0,1 VEHICLE PARKED POSITION (NOT PARKING LOT/DRIVEWAY),SIDESWIPE-OPPOSITE DIRECTION,STRAIGHT & GRADE,DAYLIGHT,0,0,0,1
28359614,CAMPBELL,KY1120,StateRoute,,10TH,ST,E,39.08861074,-84.48635865,1.002,7/12/2021 0:00,938,2,2,0,0,O,CLEAR,DRY,0,1 VEHICLE PARKED POSITION (NOT PARKING LOT/DRIVEWAY),SIDESWIPE-SAME DIRECTION,STRAIGHT & LEVEL,DAYLIGHT,0,0,0,1
29422894,CAMPBELL,KY1632,StateRoute,,KY1632 TURN LANE,,,39.06824305,-84.46652777,0.026,7/12/2021 0:00,1539,2,2,0,0,O,CLEAR,DRY,0,REAR END IN TRAFFIC LANES BOTH VEHICLES MOVING,REAR END,CURVE & HILLCREST,DAYLIGHT,0,0,0,1
28359610,CAMPBELL,I 0471,Interstate,,I471 N,,,39.07547589,-84.46775921,3.7,7/12/2021 0:00,1029,4,4,0,0,O,CLOUDY,DRY,0,REAR END IN TRAFFIC LANES BOTH VEHICLES MOVING,REAR END,STRAIGHT & LEVEL,DAYLIGHT,0,0,0,1
28423584,CAMPBELL,I 0275,Interstate,,I275 E,,,39.0379624,-84.47013134,75.824,7/12/2021 0:00,1416,2,2,0,0,O,CLEAR,DRY,0,REAR END IN TRAFFIC LANES BOTH VEHICLES MOVING,REAR END,STRAIGHT & LEVEL,DAYLIGHT,0,0,0,1
28366808,CAMPBELL,KY0008,StateRoute,55,MARY INGLES,HWY,,39.11055806,-84.45000591,3.932,7/13/2021 0:00,640,1,1,0,0,O,CLOUDY,WET,0,COLLISION WITH ANIMAL NON INTERSECTION,SINGLE VEHICLE,CURVE & LEVEL,DAYLIGHT,0,0,0,1
28404500,CAMPBELL,,OTHR,30,DONNERMEYER,BLVD,,39.0985286,-84.48092336,0.157,7/13/2021 0:00,1602,1,1,0,0,O,CLOUDY,DRY,0,COLLISION WITH FIXED OBJECT NON - INTERSECTION - FIRST EVENT COLLISION 09 - 32 EXCLUDING 16,SINGLE VEHICLE,STRAIGHT & LEVEL,DAYLIGHT,0,0,0,1
28366303,CAMPBELL,,OTHR,,ANN,ST,,39.08874723,-84.49609777,0.002,7/13/2021 0:00,1020,2,2,0,0,O,CLOUDY,DRY,0,COLLISION WITH PARKED VEHICLE,SIDESWIPE-SAME DIRECTION,STRAIGHT & LEVEL,DAYLIGHT,0,0,0,1
28370617,CAMPBELL,KY0009,StateRoute,,AA,HWY,,39.00971038,-84.46916299,16.54,7/13/2021 0:00,730,2,2,0,1,B,RAINING,WET,0,ANGLE COLLISION - OTHER,ANGLE,STRAIGHT & LEVEL,DAYLIGHT,0,0,0,1
28365497,CAMPBELL,KY1120,StateRoute,416,11TH,ST,W,39.08178214,-84.49525396,0.29,7/13/2021 0:00,1930,4,4,0,0,O,CLOUDY,WET,0,1 VEHICLE PARKED POSITION (NOT PARKING LOT/DRIVEWAY),SIDESWIPE-SAME DIRECTION,STRAIGHT & LEVEL,DAYLIGHT,0,0,0,1
28366427,CAMPBELL,I 0471,Interstate,1.9,I471 S,,,39.07043164,-84.46324486,2.076,7/13/2021 0:00,207,1,1,0,1,B,RAINING,WET,0,OTHER COLLISIONS ON SHOULDER,SINGLE VEHICLE,CURVE & LEVEL,DARK-HWY LIGHTED/ON,0,0,0,1
28368772,CAMPBELL,KY0009,StateRoute,,AA,HWY,,39.01829364,-84.48043144,17.412,7/13/2021 0:00,1932,2,2,0,0,O,CLOUDY,WET,0,SIDESWIPE COLLISION - SAME DIRECTION,SIDESWIPE-SAME DIRECTION,STRAIGHT & LEVEL,DAYLIGHT,0,0,0,1
28450623,CAMPBELL,I 0275,Interstate,,I275 E,,,39.03768416,-84.47008091,75.843,7/14/2021 0:00,910,2,2,0,0,O,CLOUDY,DRY,0,REAR END IN TRAFFIC LANES BOTH VEHICLES MOVING,REAR END,STRAIGHT & GRADE,DAYLIGHT,0,0,0,1
28450624,CAMPBELL,I 0275,Interstate,,I275 E,,,39.038471,-84.4701366,75.789,7/14/2021 0:00,1356,2,2,0,0,O,CLEAR,DRY,0,REAR END IN TRAFFIC LANES BOTH VEHICLES MOVING,REAR END,STRAIGHT & GRADE,DAYLIGHT,0,0,0,1
28370335,CAMPBELL,I 0275,Interstate,,I275 W,,,39.04486875,-84.4666114,75.353,7/14/2021 0:00,1430,2,2,0,0,O,CLEAR,DRY,1,REAR END IN TRAFFIC LANES BOTH VEHICLES MOVING,REAR END,STRAIGHT & LEVEL,DAYLIGHT,0,0,0,1
28370729,CAMPBELL,,OTHR,36,ROSSFORD,AVE,,39.097288,-84.45101179,0.94,7/14/2021 0:00,1630,2,2,0,0,O,CLEAR,DRY,0,1 VEHICLE PARKED POSITION (NOT PARKING LOT/DRIVEWAY),BACKING,STRAIGHT & GRADE,DAYLIGHT,0,0,0,1
28368553,CAMPBELL,KY1892,StateRoute,,GRAND,AVE,,39.08037397,-84.46736348,1.429,7/14/2021 0:00,1109,2,2,0,0,O,CLEAR,DRY,0,ANGLE COLLISION - OTHER,ANGLE,STRAIGHT & LEVEL,DAYLIGHT,0,0,0,1
28370619,CAMPBELL,KY0009,StateRoute,,LICKING,PIKE,,39.05843775,-84.4866261,20.418,7/14/2021 0:00,122,1,1,0,0,O,CLEAR,DRY,0,COLLISION WITH ANIMAL NON INTERSECTION,SINGLE VEHICLE,STRAIGHT & LEVEL,DARK-HWY LIGHTED/ON,0,0,0,1
28398196,CAMPBELL,KY0008,StateRoute,24,FAIRFIELD,AVE,,39.10234609,-84.48803977,1.496,7/15/2021 0:00,1642,2,2,0,0,O,CLEAR,DRY,0,REAR END IN TRAFFIC LANES BOTH VEHICLES MOVING,REAR END,STRAIGHT & LEVEL,DAYLIGHT,0,0,0,1
28376739,CAMPBELL,KY0009,StateRoute,,AA,HWY,,39.01789478,-84.47980642,17.369,7/15/2021 0:00,1723,2,2,0,0,O,CLEAR,DRY,0,REAR END IN TRAFFIC LANES BOTH VEHICLES MOVING,REAR END,STRAIGHT & LEVEL,DAYLIGHT,0,0,0,1
28377911,CAMPBELL,US0027,USRoute,,ALEXANDRIA,PIKE,,39.00083776,-84.42063113,13.633,7/15/2021 0:00,1401,2,2,0,0,O,CLEAR,DRY,0,REAR END IN TRAFFIC LANES BOTH VEHICLES MOVING,REAR END,STRAIGHT & LEVEL,DAYLIGHT,0,0,0,1
28373553,CAMPBELL,,OTHR,5305,DODSWORTH,LN,,39.02864673,-84.41926684,0.276,7/15/2021 0:00,1545,1,1,0,0,O,CLEAR,DRY,0,OTHER COLLISIONS ON SHOULDER,SINGLE VEHICLE,STRAIGHT & LEVEL,DAYLIGHT,0,0,0,1
28398583,CAMPBELL,I 0275,Interstate,,I275 W,,,39.03441385,-84.47065972,76.149,7/16/2021 0:00,1638,2,2,0,0,O,CLOUDY,WET,0,OTHER ROADWAY OR MID-BLOCK COLLISION,REAR TO REAR,STRAIGHT & LEVEL,DAYLIGHT,0,0,0,1
28450627,CAMPBELL,US0027,USRoute,,ALEXANDRIA,PIKE,,39.03376016,-84.45315382,16.504,7/16/2021 0:00,1734,2,2,0,0,O,CLEAR,DRY,0,OTHER INTERSECTION COLLISIONS,REAR END,STRAIGHT & LEVEL,DAYLIGHT,1,0,0,1
28392369,CAMPBELL,KY2238,StateRoute,,KY2238 CROSSOVER,,,39.03338269,-84.45982354,0.01,7/16/2021 0:00,1536,1,1,0,0,O,RAINING,WET,0,COLLISION WITH FIXED OBJECT NON - INTERSECTION - FIRST EVENT COLLISION 09 - 32 EXCLUDING 16,SINGLE VEHICLE,CURVE & GRADE,DAYLIGHT,0,0,0,1
28377587,CAMPBELL,,OTHR,,WASHINGTON,AVE,,39.09561167,-84.49324821,,7/16/2021 0:00,2245,2,2,0,0,O,CLOUDY,DRY,0,ANGLE COLLISION - OTHER,ANGLE,STRAIGHT & HILLCREST,DARK-HWY LIGHTED/ON,0,0,0,1
28376476,CAMPBELL,US0027,USRoute,,MONMOUTH,ST,,39.09141805,-84.49336056,21.949,7/16/2021 0:00,1423,2,2,0,0,O,CLEAR,DRY,0,SIDESWIPE COLLISION - SAME DIRECTION,SIDESWIPE-SAME DIRECTION,STRAIGHT & LEVEL,DAYLIGHT,0,0,0,1
28384208,CAMPBELL,US0027,USRoute,7807,ALEXANDRIA,PIKE,,38.97243644,-84.39219457,11.085,7/16/2021 0:00,1857,3,3,0,0,O,CLEAR,DRY,0,SIDESWIPE COLLISION - OPPOSITE DIRECTION,SIDESWIPE-OPPOSITE DIRECTION,STRAIGHT & LEVEL,DAYLIGHT,0,0,0,1
28450626,CAMPBELL,US0027,USRoute,2700,ALEXANDRIA,PIKE,,39.03365673,-84.45331267,16.503,7/16/2021 0:00,1233,3,3,0,0,O,CLEAR,DRY,0,REAR END IN TRAFFIC LANES BOTH VEHICLES MOVING,REAR END,STRAIGHT & GRADE,DAYLIGHT,0,0,0,1
28398580,CAMPBELL,KY0009,StateRoute,,LICKING,PIKE,,39.02939568,-84.47984349,18.177,7/16/2021 0:00,1557,3,3,0,0,O,CLOUDY,WET,0,REAR END IN TRAFFIC LANES BOTH VEHICLES MOVING,REAR END,STRAIGHT & LEVEL,DAYLIGHT,0,0,0,1
28398581,CAMPBELL,KY0009,StateRoute,,AA,HWY,,39.01807287,-84.47995719,17.384,7/16/2021 0:00,1613,3,3,0,0,O,CLOUDY,WET,0,REAR END IN TRAFFIC LANES BOTH VEHICLES MOVING,REAR END,STRAIGHT & LEVEL,DAYLIGHT,0,0,0,1
28398584,CAMPBELL,I 0275,Interstate,,I275 W,,,39.02543218,-84.47764934,76.896,7/16/2021 0:00,1656,2,2,0,0,O,CLOUDY,WET,0,REAR END IN TRAFFIC LANES BOTH VEHICLES MOVING,REAR END,STRAIGHT & GRADE,DAYLIGHT,0,0,0,1
28380963,CAMPBELL,,OTHR,,EUSTACE,AVE,,39.05295668,-84.45380249,0.031,7/17/2021 0:00,1406,2,2,0,0,O,,,1,1 VEHICLE PARKED POSITION (NOT PARKING LOT/DRIVEWAY),SIDESWIPE-SAME DIRECTION,STRAIGHT & HILLCREST,,0,0,0,1
28380007,CAMPBELL,,OTHR,,5TH,ST,E,39.09343828,-84.49235428,0.126,7/17/2021 0:00,2116,2,2,0,0,O,CLEAR,DRY,0,1 VEHICLE PARKED POSITION (NOT PARKING LOT/DRIVEWAY),REAR END,STRAIGHT & LEVEL,DUSK,0,0,0,1
28450628,CAMPBELL,I 0275,Interstate,,I275 E,,,39.03425523,-84.47031412,76.031,7/17/2021 0:00,1815,3,3,0,0,O,CLEAR,DRY,0,REAR END IN TRAFFIC LANES BOTH VEHICLES MOVING,REAR END,STRAIGHT & LEVEL,DAYLIGHT,0,0,0,1
28383689,CAMPBELL,I 0471,Interstate,,I471 S,,,39.07597735,-84.4685112,2.578,7/17/2021 0:00,41,1,1,0,0,O,RAINING,WET,0,OTHER COLLISIONS ON SHOULDER,SINGLE VEHICLE,STRAIGHT & HILLCREST,DARK-HWY LIGHTED/ON,0,0,0,1
28380002,CAMPBELL,US0027,USRoute,,YORK,ST,,39.09309809,-84.49700074,22.257,7/17/2021 0:00,2010,2,2,0,0,O,CLOUDY,DRY,1,SIDESWIPE COLLISION - SAME DIRECTION,SIDESWIPE-SAME DIRECTION,CURVE & LEVEL,DAYLIGHT,0,0,0,1
28383739,CAMPBELL,KY1892,StateRoute,,GRAND,AVE,S,39.07289391,-84.46033795,0.783,7/17/2021 0:00,146,1,1,0,0,O,RAINING,WATER (STANDING OR MOVING),0,COLLISION WITH FIXED OBJECT IN INTERSECTION - FIRST EVENT COLLISION 09 - 32,SINGLE VEHICLE,CURVE & GRADE,DARK-HWY LIGHTED/ON,1,0,0,1
28388172,CAMPBELL,US0027,USRoute,,ALEXANDRIA,PIKE,,38.97238684,-84.39216051,11.072,7/17/2021 0:00,1339,2,2,0,0,O,CLEAR,DRY,1,OPPOSITE DIRECTION - BOTH VEHICLES GOING STRAIGHT AHEAD,SIDESWIPE-OPPOSITE DIRECTION,STRAIGHT & LEVEL,DAYLIGHT,0,0,0,1
28378595,CAMPBELL,,OTHR,,RIVERBOAT,ROW,,39.10195531,-84.48877205,0.011,7/17/2021 0:00,1215,2,2,0,0,O,CLOUDY,DRY,0,OTHER INTERSECTION COLLISIONS,REAR END,STRAIGHT & LEVEL,DAYLIGHT,1,0,0,1
28380321,CAMPBELL,US0027,USRoute,,ALEXANDRIA,PIKE,,39.01882119,-84.43659709,15.099,7/17/2021 0:00,1153,2,2,0,0,O,CLOUDY,DRY,0,OTHER INTERSECTION COLLISIONS,REAR END,STRAIGHT & LEVEL,DAYLIGHT,1,0,0,1
28380003,CAMPBELL,,OTHR,,3RD,ST,W,39.092703,-84.49781973,0.053,7/17/2021 0:00,1751,2,2,0,0,O,CLEAR,DRY,0,1 VEHICLE ENTERING/LEAVING ENTRANCE,ANGLE,STRAIGHT & LEVEL,DAYLIGHT,0,0,0,1
28380979,CAMPBELL,I 0471,Interstate,,,,,39.08188258,-84.46969515,0.343,7/17/2021 0:00,1544,2,2,0,0,O,CLEAR,DRY,0,OTHER RAMP RELATED COLLISIONS NOT LISTED ABOVE,REAR END,CURVE & LEVEL,DAYLIGHT,0,0,0,1
28392370,CAMPBELL,KY2238,StateRoute,,LOUIE B NUNN,DR,,39.03503815,-84.4542279,0.016,7/18/2021 0:00,1043,2,2,0,0,O,CLEAR,DRY,0,OTHER ROADWAY OR MID-BLOCK COLLISION,REAR END,STRAIGHT & GRADE,DAYLIGHT,0,0,0,1
28396040,CAMPBELL,KY0009,StateRoute,,AA,HWY,,39.02142952,-84.4813548,17.641,7/18/2021 0:00,1147,2,2,0,0,O,CLEAR,DRY,0,ANGLE COLLISION - OTHER,ANGLE,STRAIGHT & LEVEL,DAYLIGHT,0,0,0,1
28450631,CAMPBELL,I 0275,Interstate,,I275 E,,,39.03311737,-84.47048237,76.172,7/18/2021 0:00,1249,2,2,0,0,O,CLEAR,DRY,0,REAR END IN TRAFFIC LANES BOTH VEHICLES MOVING,REAR END,STRAIGHT & LEVEL,DAYLIGHT,0,0,0,1
28380982,CAMPBELL,I 0471,Interstate,5,I471 N,,,39.09987459,-84.49314231,4.83,7/18/2021 0:00,1200,2,2,0,0,O,CLEAR,DRY,0,REAR END IN TRAFFIC LANES BOTH VEHICLES MOVING,REAR END,STRAIGHT & LEVEL,DAYLIGHT,0,0,0,1
28383409,CAMPBELL,,OTHR,226,BLUEGRASS,AVE,,39.07228329,-84.48057259,0.224,7/18/2021 0:00,1730,2,2,0,0,O,CLEAR,DRY,0,1 VEHICLE PARKED POSITION (NOT PARKING LOT/DRIVEWAY),BACKING,STRAIGHT & GRADE,DAYLIGHT,0,0,0,1
28380981,CAMPBELL,,OTHR,317,2ND,ST,E,39.09650386,-84.49306583,0.044,7/18/2021 0:00,200,2,2,0,0,O,CLOUDY,DRY,1,1 VEHICLE PARKED POSITION (NOT PARKING LOT/DRIVEWAY),SIDESWIPE-SAME DIRECTION,STRAIGHT & LEVEL,DARK-HWY LIGHTED/ON,0,0,0,1
28385003,CAMPBELL,,OTHR,234,4TH,ST,E,39.09439506,-84.49240697,0.306,7/19/2021 0:00,1100,2,2,0,0,O,CLEAR,DRY,1,1 VEHICLE PARKED POSITION (NOT PARKING LOT/DRIVEWAY),REAR END,STRAIGHT & LEVEL,DAYLIGHT,0,0,0,1
28387418,CAMPBELL,KY1892,StateRoute,,GRAND,AVE,,39.08554233,-84.47498723,2.008,7/19/2021 0:00,2125,2,2,0,0,O,CLEAR,DRY,0,REAR END IN TRAFFIC LANES BOTH VEHICLES MOVING,REAR END,STRAIGHT & GRADE,DARK-HWY LIGHTED/ON,0,0,0,1
28392696,CAMPBELL,US0027,USRoute,,ALEXANDRIA,PIKE,,39.02884844,-84.45029313,16.133,7/19/2021 0:00,1131,2,2,0,0,O,CLOUDY,DRY,0,REAR END IN TRAFFIC LANES BOTH VEHICLES MOVING,REAR END,STRAIGHT & LEVEL,DAYLIGHT,0,0,0,1
28387421,CAMPBELL,KY1892,StateRoute,,CAROTHERS,RD,,39.08425386,-84.48325063,2.524,7/19/2021 0:00,1829,2,2,0,0,O,CLEAR,DRY,0,SIDESWIPE COLLISION - SAME DIRECTION,SIDESWIPE-SAME DIRECTION,STRAIGHT & LEVEL,DAYLIGHT,0,0,0,1
28385554,CAMPBELL,KY0008,StateRoute,,4TH,ST,W,39.08954835,-84.5011192,0.256,7/19/2021 0:00,1103,2,2,0,0,O,CLEAR,DRY,0,SIDESWIPE COLLISION - SAME DIRECTION,SIDESWIPE-SAME DIRECTION,CURVE & LEVEL,DAYLIGHT,0,0,0,1
28486464,CAMPBELL,,OTHR,16,ELM,ST,,39.05719012,-84.48803519,0.128,7/19/2021 0:00,1000,2,2,0,0,O,CLEAR,DRY,0,1 VEHICLE PARKED POSITION (NOT PARKING LOT/DRIVEWAY),BACKING,STRAIGHT & LEVEL,DAYLIGHT,0,0,0,1
28387933,CAMPBELL,US0027,USRoute,880,ALEXANDRIA,PIKE,,39.06011407,-84.45236277,18.63,7/19/2021 0:00,2236,2,2,0,0,O,CLEAR,DRY,0,1 VEHICLE ENTERING/LEAVING ENTRANCE,ANGLE,CURVE & GRADE,DARK-HWY LIGHTED/ON,0,0,0,1
28387417,CAMPBELL,,OTHR,,3RD,ST,W,39.09256557,-84.49808283,0.07,7/19/2021 0:00,2200,2,2,0,1,C,CLEAR,DRY,0,1 VEHICLE ENTERING/LEAVING ENTRANCE,ANGLE,STRAIGHT & LEVEL,DARK-HWY LIGHTED/ON,0,0,0,1
28385553,CAMPBELL,US0027,USRoute,,MONMOUTH,ST,,39.08357472,-84.48298009,21.162,7/19/2021 0:00,1439,2,2,0,0,O,CLEAR,DRY,0,1 VEHICLE ENTERING/LEAVING ENTRANCE,ANGLE,STRAIGHT & LEVEL,DAYLIGHT,0,0,0,1
28401043,CAMPBELL,,OTHR,,WALNUT,ST,,39.1089132,-84.47725716,0.282,7/20/2021 0:00,1607,2,2,0,0,O,CLEAR,DRY,0,1 VEHICLE ENTERING/LEAVING ENTRANCE,ANGLE,STRAIGHT & LEVEL,DAYLIGHT,0,0,0,1
28394164,CAMPBELL,US0027,USRoute,,ALEXANDRIA,PIKE,,38.98319469,-84.39980172,11.991,7/20/2021 0:00,1657,2,2,0,1,C,CLEAR,DRY,0,OTHER ROADWAY OR MID-BLOCK COLLISION,REAR END,STRAIGHT & GRADE,DAYLIGHT,0,0,0,1
28392543,CAMPBELL,KY1892,StateRoute,85,GRAND,AVE,N,39.07855262,-84.46503009,1.263,7/20/2021 0:00,1641,1,1,0,0,O,CLOUDY,DRY,0,COLLISION WITH FIXED OBJECT NON - INTERSECTION - FIRST EVENT COLLISION 09 - 32 EXCLUDING 16,SINGLE VEHICLE,STRAIGHT & LEVEL,DAYLIGHT,0,0,0,1
28388628,CAMPBELL,I 0471,Interstate,,I471 S,,,39.05467187,-84.47017112,0.855,7/20/2021 0:00,1035,1,1,0,1,B,CLEAR,DRY,0,RAN OFF ROADWAY (1 VEHICLE WITH/EARTH EMBANKMENT/DITCH),SINGLE VEHICLE,CURVE & LEVEL,DAYLIGHT,0,0,0,1
28392352,CAMPBELL,I 0471,Interstate,,I471 S,,,39.0570776,-84.46966102,1.013,7/20/2021 0:00,1100,2,2,0,0,O,CLEAR,DRY,0,SIDESWIPE COLLISION - SAME DIRECTION,SIDESWIPE-SAME DIRECTION,STRAIGHT & LEVEL,DAYLIGHT,0,0,0,1
28389512,CAMPBELL,I 0471,Interstate,,I471 N,,,39.10048734,-84.49452509,4.916,7/20/2021 0:00,634,2,2,0,0,O,CLOUDY,DRY,0,REAR END IN TRAFFIC LANES BOTH VEHICLES MOVING,REAR END,STRAIGHT & LEVEL,DAYLIGHT,0,0,0,1
28389513,CAMPBELL,I 0471,Interstate,,I471 N,,,39.10001084,-84.49336899,4.846,7/20/2021 0:00,637,2,2,0,0,O,CLEAR,DRY,0,REAR END IN TRAFFIC LANES BOTH VEHICLES MOVING,REAR END,STRAIGHT & LEVEL,DAYLIGHT,0,0,0,1
28393836,CAMPBELL,I 0471,Interstate,ON BRIDGE,I471 N,,,39.1008495,-84.49514354,4.958,7/20/2021 0:00,1157,2,2,0,0,O,CLEAR,DRY,0,REAR END IN TRAFFIC LANES BOTH VEHICLES MOVING,REAR END,STRAIGHT & LEVEL,DAYLIGHT,0,0,0,1