IncidentID,County,RdwyNumber,RdwyType,Street,RoadwayName,StreetSfx,StreetDir,Latitude,Longitude,Milepoint,CollisionDate,CollisionTime,UnitsInvolved,MotorVehiclesInvolved,NumberKilled,NumberInjured,KABCO,Weather,RdwyConditionCode,HitandRun,DirAnalysisCode,MannerofCollision,RdwyCharacter,LightCondition,Intersection Crash,Bicyclist,Pedestrian,Motor Vehicles
28398421,CAMPBELL,,OTHR,6621,HARVEST,TRL,,38.99997426,-84.41769265,0.139,7/20/2021 0:00,1413,2,2,0,0,O,CLEAR,DRY,0,1 VEHICLE PARKED POSITION (NOT PARKING LOT/DRIVEWAY),BACKING,STRAIGHT & LEVEL,DAYLIGHT,0,0,0,1
28393835,CAMPBELL,KY1892,StateRoute,83,CAROTHERS,RD,,39.08475498,-84.48142537,2.417,7/20/2021 0:00,1707,2,2,0,0,O,CLEAR,DRY,0,1 VEHICLE PARKED POSITION (NOT PARKING LOT/DRIVEWAY),ANGLE,STRAIGHT & LEVEL,DAYLIGHT,0,0,0,1
28454486,CAMPBELL,,OTHR,,CLAY,ST,,39.11582501,-84.46973396,0.08,7/21/2021 0:00,219,2,1,0,0,O,CLEAR,DRY,0,COLLISION WITH PARKED VEHICLE,SIDESWIPE-OPPOSITE DIRECTION,STRAIGHT & LEVEL,DARK-HWY LIGHTED/ON,0,0,0,1
28393834,CAMPBELL,,OTHR,,WASHINGTON,AVE,,39.0896528,-84.48779401,0.506,7/21/2021 0:00,1426,2,2,0,0,O,CLEAR,DRY,1,ANGLE COLLISION - OTHER,ANGLE,STRAIGHT & LEVEL,DAYLIGHT,0,0,0,1
28396042,CAMPBELL,,OTHR,,GLORIA TERRELL,,,39.01607726,-84.47865256,,7/21/2021 0:00,557,2,2,0,0,O,CLEAR,DRY,0,1 VEHICLE ENTERING/LEAVING ENTRANCE,ANGLE,STRAIGHT & HILLCREST,DARK (UNKNOWN ROADWAY LIGHTING),0,0,0,1
28398420,CAMPBELL,US0027,USRoute,,ALEXANDRIA,PIKE,,38.97535536,-84.39241439,,7/21/2021 0:00,1838,2,2,0,0,O,CLEAR,DRY,1,1 VEHICLE ENTERING/LEAVING ENTRANCE,ANGLE,CURVE & GRADE,DAYLIGHT,0,0,0,1
28403830,CAMPBELL,,OTHR,,CROSSROADS,BLVD,,39.00495676,-84.42377269,0.07,7/22/2021 0:00,1804,2,2,0,0,O,CLEAR,DRY,0,1 VEHICLE ENTERING/LEAVING ENTRANCE,ANGLE,STRAIGHT & GRADE,DAYLIGHT,0,0,0,1
28398197,CAMPBELL,,OTHR,361,TAYLOR,AVE,,39.10276377,-84.48073874,0.386,7/22/2021 0:00,1415,2,2,0,0,O,CLEAR,DRY,0,VEHICLE BACKING NON INTERSECTION,BACKING,STRAIGHT & LEVEL,DAYLIGHT,0,0,0,1
28397992,CAMPBELL,KY0008,StateRoute,,DAVE COWENS,DR,,39.09787069,-84.49306372,1.035,7/22/2021 0:00,1121,3,3,0,0,O,CLEAR,DRY,0,REAR END IN TRAFFIC LANES BOTH VEHICLES MOVING,REAR END,STRAIGHT & LEVEL,DAYLIGHT,0,0,0,1
28544378,CAMPBELL,I 0471,Interstate,,I471 S,,,39.05622499,-84.46982989,0.954,7/22/2021 0:00,1636,3,3,0,0,O,CLEAR,DRY,0,REAR END IN TRAFFIC LANES BOTH VEHICLES MOVING,REAR END,STRAIGHT & LEVEL,DAYLIGHT,0,0,0,1
28398047,CAMPBELL,US0027,USRoute,1301,MONMOUTH,ST,,39.08462109,-84.48556808,21.317,7/22/2021 0:00,1400,2,2,0,0,O,CLEAR,DRY,0,SIDESWIPE COLLISION - SAME DIRECTION,SIDESWIPE-SAME DIRECTION,STRAIGHT & LEVEL,DAYLIGHT,0,0,0,1
28402388,CAMPBELL,US0027,USRoute,,ALEXANDRIA,PIKE,,38.96459121,-84.39290841,10.529,7/22/2021 0:00,729,2,2,0,1,C,CLEAR,DRY,0,ANGLE COLLISION - ONE VEHICLE TURNING LEFT,ANGLE,STRAIGHT & LEVEL,DAWN,0,0,0,1
28402389,CAMPBELL,,OTHR,,PAT FANNING,WAY,,38.98295038,-84.39979947,,7/22/2021 0:00,1114,2,2,0,0,O,CLEAR,DRY,0,OTHER INTERSECTION COLLISIONS,REAR END,STRAIGHT & LEVEL,DAYLIGHT,1,0,0,1
28455367,CAMPBELL,KY0008,StateRoute,,FAIRFIELD,AVE,,39.10735747,-84.48198381,1.969,7/22/2021 0:00,1653,2,2,0,0,O,CLEAR,DRY,0,OTHER INTERSECTION COLLISIONS,REAR TO REAR,STRAIGHT & GRADE,DAYLIGHT,1,0,0,1
28402407,CAMPBELL,KY0008,StateRoute,,5TH,ST,W,39.09163216,-84.49564356,0.543,7/23/2021 0:00,1523,2,2,0,0,O,CLOUDY,DRY,0,ANGLE COLLISION - OTHER,ANGLE,STRAIGHT & LEVEL,DAYLIGHT,0,0,0,1
28406326,CAMPBELL,KY0009,StateRoute,,AA,HWY,,39.00280973,-84.43528974,14.671,7/23/2021 0:00,1522,2,2,0,2,A,CLEAR,DRY,0,ANGLE COLLISION - OTHER,ANGLE,STRAIGHT & GRADE,DAYLIGHT,0,0,0,1
28411349,CAMPBELL,,OTHR,,CHURCHILL,DR,,39.08042855,-84.46575611,0.193,7/23/2021 0:00,743,2,2,0,0,O,CLEAR,DRY,0,ANGLE COLLISION - OTHER,ANGLE,CURVE & GRADE,DAYLIGHT,0,0,0,1
28455365,CAMPBELL,KY0008,StateRoute,145,FAIRFIELD,AVE,,39.10361018,-84.48658678,1.612,7/23/2021 0:00,1812,2,2,0,0,O,CLEAR,DRY,0,HEAD-ON COLLISION,HEAD ON,STRAIGHT & LEVEL,DAYLIGHT,0,0,0,1
28410384,CAMPBELL,I 0471,Interstate,,I471 S,,,39.05389544,-84.46933896,0.79,7/23/2021 0:00,1120,2,2,0,0,O,CLEAR,DRY,0,SIDESWIPE COLLISION - SAME DIRECTION,SIDESWIPE-SAME DIRECTION,CURVE & LEVEL,DAYLIGHT,0,0,0,1
28401201,CAMPBELL,I 0471,Interstate,,I471 N,,,39.10031935,-84.49408561,4.89,7/23/2021 0:00,751,2,2,0,0,O,CLOUDY,DRY,0,REAR END IN TRAFFIC LANES BOTH VEHICLES MOVING,REAR END,STRAIGHT & LEVEL,DAYLIGHT,0,0,0,1
28402196,CAMPBELL,I 0471,Interstate,,,,,39.0922753,-84.47593654,0.241,7/23/2021 0:00,755,2,2,0,0,O,OTHER,DRY,0,OTHER RAMP RELATED COLLISIONS NOT LISTED ABOVE,ANGLE,STRAIGHT & GRADE,DAYLIGHT,0,0,0,1
28408369,CAMPBELL,I 0275,Interstate,,I275 E,,,39.03350694,-84.47018043,75.991,7/23/2021 0:00,1848,2,2,0,0,O,CLEAR,DRY,0,OTHER ROADWAY OR MID-BLOCK COLLISION,REAR END,STRAIGHT & LEVEL,DAYLIGHT,0,0,0,1
28408367,CAMPBELL,I 0275,Interstate,,,,,39.04512366,-84.4662001,0.431,7/24/2021 0:00,1324,1,1,0,1,B,CLEAR,DRY,0,COLLISION WITH FIXED OBJECT NOT IN GORE ,SINGLE VEHICLE,STRAIGHT & LEVEL,DAYLIGHT,0,0,0,1
28465236,CAMPBELL,KY0008,StateRoute,525,DAVE COWENS,DR,,39.09858017,-84.49222805,1.106,7/24/2021 0:00,2255,2,2,0,0,O,CLEAR,DRY,0,OTHER ROADWAY OR MID-BLOCK COLLISION,OPPOSING LEFT TURN,STRAIGHT & LEVEL,DARK-HWY LIGHTED/ON,0,0,0,1
28406653,CAMPBELL,KY0008,StateRoute,300,DAVE COWENS,DR,,39.09713694,-84.49387533,0.942,7/24/2021 0:00,2317,2,2,0,0,O,CLEAR,DRY,1,REAR END IN TRAFFIC LANES BOTH VEHICLES MOVING,REAR END,STRAIGHT & LEVEL,DARK-HWY LIGHTED/ON,0,0,0,1
28407665,CAMPBELL,I 0471,Interstate,,I471 N,,,39.09981323,-84.49299983,4.821,7/24/2021 0:00,1409,2,2,0,0,O,CLEAR,DRY,0,REAR END IN TRAFFIC LANES BOTH VEHICLES MOVING,REAR END,STRAIGHT & LEVEL,DAYLIGHT,0,0,0,1
28407666,CAMPBELL,I 0471,Interstate,,I471 N,,,39.09965553,-84.49277341,4.805,7/24/2021 0:00,1218,2,2,0,0,O,CLEAR,DRY,0,REAR END IN TRAFFIC LANES BOTH VEHICLES MOVING,REAR END,STRAIGHT & LEVEL,DAYLIGHT,0,0,0,1
28445375,CAMPBELL,,OTHR,,CLIFFVIEW,AVE,,39.09235156,-84.44713947,0.006,7/24/2021 0:00,1030,2,2,0,0,O,CLEAR,DRY,1,1 VEHICLE PARKED POSITION (NOT PARKING LOT/DRIVEWAY),SIDESWIPE-SAME DIRECTION,STRAIGHT & LEVEL,UNKNOWN,0,0,0,1
28406608,CAMPBELL,,OTHR,835,BRIGHTON,ST,,39.08485786,-84.49952519,0.395,7/24/2021 0:00,1918,2,2,0,0,O,CLEAR,DRY,1,1 VEHICLE PARKED POSITION (NOT PARKING LOT/DRIVEWAY),SIDESWIPE-SAME DIRECTION,STRAIGHT & LEVEL,DAYLIGHT,0,0,0,1
28404416,CAMPBELL,KY0009,StateRoute,,AA,HWY,,39.01164919,-84.47324373,16.804,7/24/2021 0:00,845,2,2,0,0,O,CLEAR,DRY,0,SIDESWIPE COLLISION - SAME DIRECTION,SIDESWIPE-SAME DIRECTION,STRAIGHT & LEVEL,DAYLIGHT,0,0,0,1
28410386,CAMPBELL,I 0275,Interstate,,I275 E,,,39.02419206,-84.47943828,76.996,7/24/2021 0:00,1725,2,2,0,0,O,CLEAR,DRY,0,SIDESWIPE COLLISION - SAME DIRECTION,SIDESWIPE-SAME DIRECTION,STRAIGHT & GRADE,DAYLIGHT,0,0,0,1
28680889,CAMPBELL,US0027,USRoute,,ALEXANDRIA,PIKE,,38.86902835,-84.39489331,3.731,7/24/2021 0:00,2302,2,2,0,2,B,CLEAR,DRY,0,HEAD-ON COLLISION,HEAD ON,CURVE & LEVEL,DARK-HWY NOT LIGHTED,0,0,0,1
28431244,CAMPBELL,US0027,USRoute,,ALEXANDRIA,PIKE,,38.98226782,-84.397669,11.859,7/24/2021 0:00,1203,2,2,0,1,C,CLEAR,DRY,0,OTHER INTERSECTION COLLISIONS,REAR END,STRAIGHT & LEVEL,DAYLIGHT,1,0,0,1
28413817,CAMPBELL,,OTHR,169,NEWPORT PAVILION,,,39.09167011,-84.47861064,0.138,7/25/2021 0:00,1523,2,2,0,0,O,CLEAR,DRY,0,SIDESWIPE COLLISION - SAME DIRECTION,SIDESWIPE-SAME DIRECTION,STRAIGHT & LEVEL,DAYLIGHT,0,0,0,1
28413813,CAMPBELL,I 0471,Interstate,,I471 N,,,39.09989992,-84.49296382,4.823,7/25/2021 0:00,1720,2,2,0,0,O,CLEAR,DRY,0,REAR END IN TRAFFIC LANES BOTH VEHICLES MOVING,REAR END,STRAIGHT & LEVEL,DAYLIGHT,0,0,0,1
28450632,CAMPBELL,I 0275,Interstate,,I275 E,,,39.03688145,-84.47014638,75.9,7/25/2021 0:00,1516,4,4,0,1,B,CLEAR,DRY,0,OTHER ROADWAY OR MID-BLOCK COLLISION,REAR TO REAR,STRAIGHT & LEVEL,DAYLIGHT,0,0,0,1
28410915,CAMPBELL,US0027,USRoute,,,,,39.00333576,-84.42313786,0.021,7/25/2021 0:00,1222,2,2,0,0,O,CLOUDY,DRY,0,OTHER RAMP RELATED COLLISIONS NOT LISTED ABOVE,REAR END,STRAIGHT & LEVEL,DAYLIGHT,0,0,0,1
28413814,CAMPBELL,KY1892,StateRoute,59,CAROTHERS,RD,,39.08470059,-84.48086688,2.381,7/25/2021 0:00,1244,2,2,0,0,O,CLEAR,DRY,0,1 VEHICLE ENTERING/LEAVING ENTRANCE,ANGLE,STRAIGHT & GRADE,DAYLIGHT,0,0,0,1
28434170,CAMPBELL,US0027,USRoute,,ALEXANDRIA,PIKE,,38.89846464,-84.3844819,5.868,7/26/2021 0:00,645,1,1,0,0,O,CLEAR,DRY,0,COLLISION WITH ANIMAL NON INTERSECTION,SINGLE VEHICLE,STRAIGHT & LEVEL,DAYLIGHT,0,0,0,1
28441372,CAMPBELL,I 0275,Interstate,,I275 E,,,39.03665485,-84.47016853,75.916,7/26/2021 0:00,1041,2,2,0,0,O,CLEAR,DRY,0,REAR END IN TRAFFIC LANES BOTH VEHICLES MOVING,REAR END,STRAIGHT & GRADE,DAYLIGHT,0,0,0,1
28444566,CAMPBELL,KY0009,StateRoute,,LICKING,PIKE,,39.02553625,-84.48064048,17.961,7/26/2021 0:00,1734,2,2,0,0,O,CLEAR,DRY,0,REAR END IN TRAFFIC LANES BOTH VEHICLES MOVING,REAR END,STRAIGHT & LEVEL,DAYLIGHT,0,0,0,1
28413811,CAMPBELL,I 0471,Interstate,,I471 S,,,39.0972542,-84.48480746,4.338,7/26/2021 0:00,1203,2,2,0,0,O,CLEAR,DRY,0,SIDESWIPE COLLISION - SAME DIRECTION,SIDESWIPE-SAME DIRECTION,STRAIGHT & LEVEL,DAYLIGHT,0,0,0,1
28439367,CAMPBELL,US0027,USRoute,,11TH,ST,E,39.08512959,-84.4892271,21.579,7/27/2021 0:00,1810,2,2,0,0,O,CLEAR,DRY,1,SIDESWIPE COLLISION - SAME DIRECTION,SIDESWIPE-SAME DIRECTION,STRAIGHT & LEVEL,DAYLIGHT,0,0,0,1
28438296,CAMPBELL,,OTHR,100,5TH,ST,E,39.0928737,-84.49340073,0.058,7/27/2021 0:00,1526,2,2,0,0,O,CLOUDY,DRY,0,SIDESWIPE COLLISION - SAME DIRECTION,SIDESWIPE-SAME DIRECTION,STRAIGHT & LEVEL,DAYLIGHT,0,0,0,1
28444568,CAMPBELL,I 0275,Interstate,,I275 W,,,39.03034645,-84.47117597,76.415,7/27/2021 0:00,2146,2,2,0,2,B,CLEAR,DRY,0,REAR END IN TRAFFIC LANES BOTH VEHICLES MOVING,REAR END,CURVE & GRADE,DARK-HWY LIGHTED/ON,0,0,0,1
28440844,CAMPBELL,KY1120,StateRoute,,MEMORIAL,PKWY,,39.08766675,-84.4488217,3.461,7/27/2021 0:00,1423,2,2,0,0,O,CLEAR,DRY,0,1 VEHICLE PARKED POSITION (NOT PARKING LOT/DRIVEWAY),SIDESWIPE-OPPOSITE DIRECTION,CURVE & LEVEL,DAYLIGHT,0,0,0,1
28445377,CAMPBELL,US0027,USRoute,424,ALEXANDRIA,PIKE,,39.06443142,-84.45904611,19.263,7/27/2021 0:00,1800,2,2,0,0,O,CLOUDY,DRY,1,1 VEHICLE PARKED POSITION (NOT PARKING LOT/DRIVEWAY),SIDESWIPE-SAME DIRECTION,STRAIGHT & LEVEL,DAYLIGHT,0,0,0,1
28449642,CAMPBELL,KY0008,StateRoute,101,6TH,AVE,,39.10911689,-84.47977985,2.14,7/27/2021 0:00,1339,3,3,0,2,B,CLEAR,DRY,0,REAR END IN TRAFFIC LANES BOTH VEHICLES MOVING,REAR END,STRAIGHT & LEVEL,DAYLIGHT,0,0,0,1
28455775,CAMPBELL,I 0275,Interstate,,I275 E,,,39.02309061,-84.48216264,77.171,7/27/2021 0:00,1711,2,1,0,1,A,CLEAR,DRY,0,COLLISION WITH PEDESTRIAN NON - INTERSECTION,SINGLE VEHICLE,STRAIGHT & LEVEL,DAYLIGHT,0,0,1,0
28455974,CAMPBELL,KY0536,StateRoute,,CREEKTRACE,RD,,38.92707135,-84.43322528,0.985,7/27/2021 0:00,711,1,1,0,0,O,CLEAR,DRY,0,COLLISION WITH ANIMAL NON INTERSECTION,SINGLE VEHICLE,STRAIGHT & LEVEL,DAWN,0,0,0,1
28428618,CAMPBELL,,OTHR,1002,BRIGHTON,ST,,39.08244131,-84.49732939,0.203,7/27/2021 0:00,35,1,1,0,0,O,CLEAR,DRY,0,OTHER ROADWAY OR MID-BLOCK COLLISION,SINGLE VEHICLE,CURVE & LEVEL,DARK-HWY LIGHTED/ON,0,0,0,1
28443614,CAMPBELL,KY0915,StateRoute,6880,LICKING,PIKE,,38.9957795,-84.44835337,8.097,7/27/2021 0:00,2100,1,1,0,1,B,CLEAR,DRY,0,OTHER ROADWAY OR MID-BLOCK COLLISION,SINGLE VEHICLE,CURVE & HILLCREST,DARK-HWY NOT LIGHTED,0,0,0,1
28455059,CAMPBELL,I 0471,Interstate,,,,,39.08541881,-84.47458258,0.214,7/28/2021 0:00,1714,2,2,0,0,O,CLEAR,DRY,0,OTHER RAMP RELATED COLLISIONS NOT LISTED ABOVE,REAR END,STRAIGHT & GRADE,DAYLIGHT,0,0,0,1
28443702,CAMPBELL,US0027,USRoute,,ALEXANDRIA,PIKE,,39.00427853,-84.42457716,13.95,7/28/2021 0:00,1636,2,2,0,0,O,CLEAR,DRY,0,OTHER INTERSECTION COLLISIONS,REAR END,STRAIGHT & GRADE,DAYLIGHT,1,0,0,1
28448656,CAMPBELL,KY0009,StateRoute,,AA,HWY,,39.01800189,-84.47989554,17.378,7/28/2021 0:00,1727,2,2,0,0,O,CLEAR,DRY,0,REAR END IN TRAFFIC LANES BOTH VEHICLES MOVING,REAR END,STRAIGHT & LEVEL,DAYLIGHT,0,0,0,1
28442583,CAMPBELL,,OTHR,130,NEWPORT PAVILION,,,39.08917878,-84.47582215,0.377,7/28/2021 0:00,1205,2,2,0,0,O,CLEAR,DRY,1,1 VEHICLE PARKED POSITION (NOT PARKING LOT/DRIVEWAY),ANGLE,STRAIGHT & LEVEL,DAYLIGHT,0,0,0,1
28442584,CAMPBELL,,OTHR,,NEWPORT PAVILION,,,39.08778659,-84.47629165,0.488,7/28/2021 0:00,1348,2,2,0,0,O,CLEAR,DRY,1,SIDESWIPE COLLISION - SAME DIRECTION,SIDESWIPE-SAME DIRECTION,STRAIGHT & LEVEL,DAYLIGHT,0,0,0,1
28448654,CAMPBELL,I 0275,Interstate,,I275 E,,,39.02373212,-84.48026527,77.054,7/29/2021 0:00,1028,2,2,0,0,O,CLEAR,DRY,0,SIDESWIPE COLLISION - SAME DIRECTION,SIDESWIPE-SAME DIRECTION,STRAIGHT & HILLCREST,DAYLIGHT,0,0,0,1
28449283,CAMPBELL,,OTHR,98,CASAGRANDE,ST,,39.09139163,-84.46781639,0.19,7/29/2021 0:00,1333,2,2,0,0,O,CLOUDY,DRY,0,SIDESWIPE COLLISION - SAME DIRECTION,SIDESWIPE-SAME DIRECTION,STRAIGHT & LEVEL,DAYLIGHT,0,0,0,1
28448464,CAMPBELL,KY0008,StateRoute,200,3RD,ST,E,39.09516219,-84.4942975,0.746,7/29/2021 0:00,1842,2,2,0,0,O,CLOUDY,DRY,0,SIDESWIPE COLLISION - SAME DIRECTION,SIDESWIPE-SAME DIRECTION,STRAIGHT & LEVEL,DAYLIGHT,0,0,0,1
28449779,CAMPBELL,KY1120,StateRoute,,11TH,ST,W,39.08349257,-84.49236193,0.484,7/29/2021 0:00,950,3,3,0,0,O,CLEAR,DRY,0,REAR END IN TRAFFIC LANES BOTH VEHICLES MOVING,REAR END,STRAIGHT & LEVEL,DAYLIGHT,0,0,0,1
28446712,CAMPBELL,I 0471,Interstate,,I471 N,,,39.10048734,-84.49452509,4.916,7/29/2021 0:00,1451,2,2,0,0,O,CLEAR,DRY,0,REAR END IN TRAFFIC LANES BOTH VEHICLES MOVING,REAR END,STRAIGHT & LEVEL,DAYLIGHT,0,0,0,1
28491566,CAMPBELL,US0027,USRoute,,ALEXANDRIA,PIKE,,39.03518886,-84.45396071,16.628,7/29/2021 0:00,1615,1,1,0,1,B,CLEAR,DRY,0,NON-COLLISION OBJECT COLLISION,SINGLE VEHICLE,STRAIGHT & LEVEL,DAYLIGHT,0,0,0,1
28467485,CAMPBELL,KY0010,StateRoute,,MAIN,ST,W,38.95622759,-84.39639509,1.068,7/29/2021 0:00,1741,2,2,0,0,O,CLEAR,DRY,0,OPPOSING LEFT TURN,OPPOSING LEFT TURN,STRAIGHT & HILLCREST,DAYLIGHT,0,0,0,1
28454420,CAMPBELL,US0027,USRoute,,ALEXANDRIA,PIKE,,39.0042204,-84.4247951,13.943,7/29/2021 0:00,1453,2,2,0,0,O,CLEAR,DRY,0,OTHER INTERSECTION COLLISIONS,REAR END,STRAIGHT & GRADE,DAYLIGHT,1,0,0,1
28449286,CAMPBELL,,OTHR,,HIGHLAND,AVE,,39.07568244,-84.46234575,0.53,7/29/2021 0:00,2045,2,2,0,0,O,CLOUDY,DRY,0,OTHER ROADWAY OR MID-BLOCK COLLISION,REAR END,STRAIGHT & LEVEL,DUSK,0,0,0,1
28445882,CAMPBELL,KY0009,StateRoute,,AA,HWY,,39.00981122,-84.46892219,16.531,7/29/2021 0:00,1230,2,2,0,0,O,CLOUDY,DRY,0,OTHER ROADWAY OR MID-BLOCK COLLISION,REAR END,STRAIGHT & LEVEL,DAYLIGHT,0,0,0,1
28470898,CAMPBELL,US0027,USRoute,1025,ALEXANDRIA,PIKE,,39.06009184,-84.45259514,18.635,7/29/2021 0:00,1759,2,2,0,0,O,CLOUDY,DRY,0,1 VEHICLE ENTERING/LEAVING ENTRANCE,ANGLE,CURVE & GRADE,DAYLIGHT,0,0,0,1
28451915,CAMPBELL,KY0008,StateRoute,300,4TH,ST,W,39.09050329,-84.49942318,0.343,7/30/2021 0:00,2210,2,2,0,0,O,CLEAR,DRY,0,1 VEHICLE ENTERING/LEAVING ENTRANCE,ANGLE,CURVE & LEVEL,DARK-HWY LIGHTED/ON,0,0,0,1
28449780,CAMPBELL,I 0471,Interstate,,,,,39.09304723,-84.47910718,0.179,7/30/2021 0:00,930,2,2,0,0,O,CLEAR,DRY,0,OTHER RAMP RELATED COLLISIONS NOT LISTED ABOVE,REAR END,CURVE & GRADE,DAYLIGHT,0,0,0,1
28448465,CAMPBELL,,OTHR,1034,BRIGHTON,ST,,39.081622,-84.49657341,0.129,7/30/2021 0:00,313,1,1,0,0,O,CLEAR,DRY,0,COLLISION WITH FIXED OBJECT NON - INTERSECTION - FIRST EVENT COLLISION 09 - 32 EXCLUDING 16,SINGLE VEHICLE,STRAIGHT & LEVEL,DARK-HWY LIGHTED/ON,0,0,0,1
28458164,CAMPBELL,KY1120,StateRoute,,FT THOMAS,AVE,S,39.07018539,-84.44793997,,7/30/2021 0:00,1410,2,2,0,0,O,CLEAR,DRY,0,1 VEHICLE PARKED POSITION (NOT PARKING LOT/DRIVEWAY),SIDESWIPE-SAME DIRECTION,STRAIGHT & LEVEL,DAYLIGHT,0,0,0,1
28455368,CAMPBELL,KY0008,StateRoute,,FAIRFIELD,AVE,,39.1018243,-84.48867147,1.447,7/30/2021 0:00,1241,2,2,0,0,O,CLEAR,DRY,0,OTHER INTERSECTION COLLISIONS,REAR END,STRAIGHT & LEVEL,DAYLIGHT,1,0,0,1
28455758,CAMPBELL,,OTHR,,10TH,ST,W,39.08468185,-84.49342028,0.344,7/30/2021 0:00,1600,2,2,0,0,O,CLOUDY,DRY,1,COLLISION WITH PARKED VEHICLE,SIDESWIPE-SAME DIRECTION,STRAIGHT & LEVEL,DAYLIGHT,0,0,0,1
28466446,CAMPBELL,,OTHR,,NORTH,ST,,39.05896253,-84.48712332,0.032,7/30/2021 0:00,2,2,2,0,0,O,CLEAR,DRY,0,1 VEHICLE PARKED POSITION (NOT PARKING LOT/DRIVEWAY),BACKING,STRAIGHT & LEVEL,DUSK,0,0,0,1
28451917,CAMPBELL,,OTHR,,COLUMBIA,ST,,39.08321671,-84.49003778,0.017,7/30/2021 0:00,2318,2,2,0,0,O,CLEAR,DRY,0,1 VEHICLE PARKED POSITION (NOT PARKING LOT/DRIVEWAY),SIDESWIPE-SAME DIRECTION,STRAIGHT & LEVEL,DARK-HWY LIGHTED/ON,0,0,0,1
28461225,CAMPBELL,US0027,USRoute,,ALEXANDRIA,PIKE,,39.03999927,-84.44909161,17.059,7/30/2021 0:00,1930,2,2,0,0,O,CLEAR,DRY,0,SIDESWIPE COLLISION - SAME DIRECTION,SIDESWIPE-SAME DIRECTION,STRAIGHT & LEVEL,DAYLIGHT,0,0,0,1
28454619,CAMPBELL,KY0008,StateRoute,200,WASHINGTON,AVE,,39.09585251,-84.49346396,0.833,7/31/2021 0:00,1900,2,2,0,0,O,CLOUDY,DRY,1,REAR END IN TRAFFIC LANES BOTH VEHICLES MOVING,REAR END,STRAIGHT & HILLCREST,DAYLIGHT,0,0,0,1
28454701,CAMPBELL,I 0275,Interstate,,I275 E,,,39.02717585,-84.47384239,76.626,7/31/2021 0:00,1815,2,2,0,0,O,CLOUDY,DRY,0,REAR END IN TRAFFIC LANES BOTH VEHICLES MOVING,REAR END,STRAIGHT & GRADE,DAYLIGHT,0,0,0,1
28455061,CAMPBELL,I 0471,Interstate,5,I471 N,,,39.1000723,-84.49345606,4.852,7/31/2021 0:00,1400,2,2,0,0,O,CLEAR,DRY,0,REAR END IN TRAFFIC LANES BOTH VEHICLES MOVING,REAR END,STRAIGHT & LEVEL,DAYLIGHT,0,0,0,1
28469435,CAMPBELL,I 0471,Interstate,,I471 S,,,39.09661157,-84.48348811,4.255,7/31/2021 0:00,305,2,2,0,1,B,CLEAR,DRY,1,SIDESWIPE COLLISION - SAME DIRECTION,SIDESWIPE-SAME DIRECTION,CURVE & LEVEL,DARK-HWY LIGHTED/ON,0,0,0,1
28455598,CAMPBELL,I 0471,Interstate,,I471 S,,,39.09966131,-84.49321033,4.825,7/31/2021 0:00,1729,3,3,0,0,O,CLEAR,DRY,0,SIDESWIPE COLLISION - SAME DIRECTION,SIDESWIPE-SAME DIRECTION,STRAIGHT & LEVEL,DAYLIGHT,0,0,0,1
28455058,CAMPBELL,,OTHR,407,HODGE,ST,,39.08245383,-84.4958104,0.072,7/31/2021 0:00,811,2,2,0,0,O,CLEAR,DRY,1,1 VEHICLE PARKED POSITION (NOT PARKING LOT/DRIVEWAY),,STRAIGHT & LEVEL,DARK (UNKNOWN ROADWAY LIGHTING),0,0,0,1
28454441,CAMPBELL,US0027,USRoute,,US27 N CROSSOVER FROM KY9,,,39.00333733,-84.42325403,0.007,7/31/2021 0:00,1840,2,2,0,0,O,CLOUDY,DRY,0,REAR END IN TRAFFIC LANES BOTH VEHICLES MOVING,REAR END,STRAIGHT & LEVEL,DAYLIGHT,0,0,0,1
28458167,CAMPBELL,,OTHR,,HIGHLAND,AVE,,39.0708561,-84.46969587,0.008,7/31/2021 0:00,1011,3,3,0,0,O,CLEAR,DRY,0,OTHER INTERSECTION COLLISIONS,REAR END,STRAIGHT & GRADE,DAYLIGHT,1,0,0,1
28462585,CAMPBELL,KY1121,StateRoute,,WESLEY CHAPEL,RD,,38.86803326,-84.29912232,,7/31/2021 0:00,945,1,1,0,0,O,CLEAR,DRY,0,COLLISION WITH FIXED OBJECT NON - INTERSECTION - FIRST EVENT COLLISION 09 - 32 EXCLUDING 16,SINGLE VEHICLE,STRAIGHT & LEVEL,DAYLIGHT,0,0,0,1
28454618,CAMPBELL,,OTHR,,RIVERBOAT,ROW,,39.09377473,-84.50021989,0.869,7/31/2021 0:00,2117,2,2,0,0,O,CLEAR,DRY,0,1 VEHICLE ENTERING/LEAVING ENTRANCE,ANGLE,STRAIGHT & LEVEL,DARK-HWY LIGHTED/ON,0,0,0,1
28470099,CAMPBELL,KY0008,StateRoute,,5TH,ST,W,39.09108757,-84.49668911,0.478,7/31/2021 0:00,1917,2,2,0,0,O,CLEAR,DRY,0,1 VEHICLE ENTERING/LEAVING ENTRANCE,ANGLE,STRAIGHT & LEVEL,DAYLIGHT,0,0,0,1
28453193,CAMPBELL,KY0009,StateRoute,,LICKING,PIKE,,39.0252,-84.48050331,17.936,7/31/2021 0:00,1129,2,2,0,0,O,CLOUDY,DRY,0,1 VEHICLE ENTERING/LEAVING ENTRANCE,ANGLE,STRAIGHT & LEVEL,DAYLIGHT,0,0,0,1