IncidentID,County,RdwyNumber,RdwyType,Street,RoadwayName,StreetSfx,StreetDir,Latitude,Longitude,Milepoint,CollisionDate,CollisionTime,UnitsInvolved,MotorVehiclesInvolved,NumberKilled,NumberInjured,KABCO,Weather,RdwyConditionCode,HitandRun,DirAnalysisCode,MannerofCollision,RdwyCharacter,LightCondition,Intersection Crash,Bicyclist,Pedestrian,Motor Vehicles
28462587,CAMPBELL,I 0275,Interstate,,,,,39.04850519,-84.46285216,0.436,8/1/2021 0:00,931,1,1,0,1,B,CLEAR,DRY,0,COLLISION WITH FIXED OBJECT NOT IN GORE ,SINGLE VEHICLE,CURVE & HILLCREST,DAYLIGHT,0,0,0,1
28461578,CAMPBELL,,OTHR,,BARRS BRANCH,RD,,38.93436519,-84.36019165,,8/1/2021 0:00,2120,1,1,0,0,O,CLEAR,DRY,0,COLLISION WITH FIXED OBJECT NON - INTERSECTION - FIRST EVENT COLLISION 09 - 32 EXCLUDING 16,SINGLE VEHICLE,CURVE & GRADE,DUSK,0,0,0,1
28455745,CAMPBELL,KY0009,StateRoute,,LICKING,PIKE,,39.02529884,-84.48067826,17.947,8/1/2021 0:00,1601,2,2,0,0,O,CLOUDY,WET,0,ANGLE COLLISION - OTHER,ANGLE,STRAIGHT & LEVEL,DAYLIGHT,0,0,0,1
28461090,CAMPBELL,,OTHR,,3RD,ST,E,39.09575003,-84.49282071,0.198,8/1/2021 0:00,1700,2,2,0,0,O,CLEAR,DRY,1,1 VEHICLE PARKED POSITION (NOT PARKING LOT/DRIVEWAY),SIDESWIPE-SAME DIRECTION,STRAIGHT & LEVEL,DAYLIGHT,0,0,0,1
28461228,CAMPBELL,I 0275,Interstate,,I275 E,,,39.0370741,-84.47012358,75.886,8/1/2021 0:00,1503,3,3,0,0,O,CLEAR,DRY,0,REAR END IN TRAFFIC LANES BOTH VEHICLES MOVING,REAR END,STRAIGHT & LEVEL,DAYLIGHT,0,0,0,1
28459166,CAMPBELL,KY0008,StateRoute,100,5TH,ST,W,39.0907749,-84.49723273,0.442,8/2/2021 0:00,1146,2,2,0,0,O,CLEAR,DRY,0,SIDESWIPE COLLISION - SAME DIRECTION,SIDESWIPE-SAME DIRECTION,STRAIGHT & LEVEL,DAYLIGHT,0,0,0,1
28466448,CAMPBELL,US0027,USRoute,2516,ALEXANDRIA,PIKE,,39.0717097,-84.47067785,20.084,8/2/2021 0:00,1228,1,1,0,2,B,CLEAR,DRY,0,OTHER COLLISIONS ON SHOULDER,SINGLE VEHICLE,STRAIGHT & HILLCREST,DAYLIGHT,0,0,0,1
28466608,CAMPBELL,,OTHR,,LINDEN,RD,,39.07423009,-84.47197285,0.442,8/2/2021 0:00,1707,2,2,0,0,O,CLEAR,DRY,0,1 VEHICLE PARKED POSITION (NOT PARKING LOT/DRIVEWAY),SIDESWIPE-SAME DIRECTION,STRAIGHT & LEVEL,DAYLIGHT,0,0,0,1
28472230,CAMPBELL,,OTHR,,BAUM,ST,,39.08863782,-84.47408231,0.002,8/2/2021 0:00,1625,2,2,0,0,O,CLOUDY,DRY,1,ANGLE COLLISION - ONE VEHICLE TURNING LEFT,ANGLE,STRAIGHT & GRADE,DAYLIGHT,0,0,0,1
28462586,CAMPBELL,KY0008,StateRoute,,MARY INGLES,HWY,,39.0543664,-84.43309517,8.071,8/2/2021 0:00,1336,1,1,0,0,O,CLEAR,DRY,0,RAN OFF ROADWAY (1 VEHICLE WITH/EARTH EMBANKMENT/DITCH),SINGLE VEHICLE,STRAIGHT & LEVEL,DAYLIGHT,0,0,0,1
28470896,CAMPBELL,,OTHR,245,CLOVER RIDGE,AVE,,39.0925333,-84.45742652,0.121,8/2/2021 0:00,1715,2,2,0,0,O,CLEAR,DRY,1,1 VEHICLE PARKED POSITION (NOT PARKING LOT/DRIVEWAY),SIDESWIPE-SAME DIRECTION,STRAIGHT & GRADE,DAYLIGHT,0,0,0,1
28459164,CAMPBELL,,OTHR,,BRIETH,ALY,,39.0846546,-84.49593128,0.111,8/2/2021 0:00,1054,2,2,0,0,O,CLEAR,DRY,0,1 VEHICLE PARKED POSITION (NOT PARKING LOT/DRIVEWAY),SIDESWIPE-SAME DIRECTION,STRAIGHT & LEVEL,DAYLIGHT,0,0,0,1
28478692,CAMPBELL,,OTHR,,ASPEN PINES,DR,,39.0626973,-84.48398204,0.188,8/2/2021 0:00,1745,2,2,0,0,O,CLEAR,DRY,0,1 VEHICLE ENTERING/LEAVING ENTRANCE,ANGLE,STRAIGHT & LEVEL,DAYLIGHT,0,0,0,1
28479459,CAMPBELL,,OTHR,1300,CENTRAL,ST,,39.08104609,-84.49008937,0.026,8/3/2021 0:00,1200,2,2,0,0,O,CLEAR,DRY,0,1 VEHICLE ENTERING/LEAVING ENTRANCE,ANGLE,STRAIGHT & GRADE,DAYLIGHT,0,0,0,1
28461442,CAMPBELL,US0027,USRoute,,MONMOUTH,ST,,39.09248755,-84.49420853,22.04,8/3/2021 0:00,118,2,2,0,0,O,CLEAR,DRY,0,ANGLE COLLISION - OTHER,ANGLE,STRAIGHT & LEVEL,DARK-HWY LIGHTED/ON,0,0,0,1
28468595,CAMPBELL,,OTHR,,4TH,AVE,,39.11182706,-84.47820678,0.223,8/3/2021 0:00,922,1,1,0,0,O,CLEAR,DRY,0,COLLISION WITH FIXED OBJECT IN INTERSECTION - FIRST EVENT COLLISION 09 - 32,SINGLE VEHICLE,STRAIGHT & LEVEL,DAYLIGHT,1,0,0,1
28479461,CAMPBELL,KY1120,StateRoute,,11TH,ST,W,39.08383828,-84.49161527,0.533,8/3/2021 0:00,1702,2,2,0,0,O,CLEAR,DRY,1,SIDESWIPE-SAME DIRECTION,SIDESWIPE-SAME DIRECTION,STRAIGHT & LEVEL,DAYLIGHT,0,0,0,1
28463910,CAMPBELL,I 0275,Interstate,,I275 E,,,39.02715431,-84.47395308,76.63,8/3/2021 0:00,1356,2,2,0,2,B,CLEAR,DRY,0,REAR END IN TRAFFIC LANES BOTH VEHICLES MOVING,REAR END,STRAIGHT & GRADE,DAYLIGHT,0,0,0,1
28470545,CAMPBELL,KY0009,StateRoute,,AA,HWY,,39.00961612,-84.46867463,16.514,8/3/2021 0:00,1607,2,2,0,0,O,CLEAR,DRY,0,SIDESWIPE COLLISION - SAME DIRECTION,SIDESWIPE-SAME DIRECTION,STRAIGHT & LEVEL,DAYLIGHT,0,0,0,1
28491555,CAMPBELL,KY0471,StateRoute,,KY471,,,39.03725311,-84.45391207,0.021,8/4/2021 0:00,623,2,2,0,0,O,CLEAR,DRY,0,REAR END IN TRAFFIC LANES BOTH VEHICLES MOVING,REAR END,STRAIGHT & LEVEL,DAWN,0,0,0,1
28470546,CAMPBELL,I 0275,Interstate,,I275 W,,,39.02281769,-84.48566729,77.369,8/4/2021 0:00,1234,2,2,0,0,O,CLEAR,DRY,0,REAR END IN TRAFFIC LANES BOTH VEHICLES MOVING,REAR END,CURVE & HILLCREST,DAYLIGHT,0,0,0,1
28470234,CAMPBELL,KY0008,StateRoute,,DAVE COWENS,DR,,39.09832872,-84.49250269,1.071,8/4/2021 0:00,1946,3,3,0,0,O,CLEAR,DRY,0,HEAD-ON COLLISION,HEAD ON,STRAIGHT & LEVEL,DAYLIGHT,0,0,0,1
28468476,CAMPBELL,I 0471,Interstate,ON BRIDGE,I471 N,,,39.10129745,-84.49605477,5.016,8/4/2021 0:00,846,4,4,0,1,B,CLEAR,DRY,0,REAR END IN TRAFFIC LANES BOTH VEHICLES MOVING,REAR END,STRAIGHT & LEVEL,DAYLIGHT,0,0,0,1
28470235,CAMPBELL,KY1892,StateRoute,,CAROTHERS,RD,,39.08626052,-84.47731754,2.161,8/4/2021 0:00,1829,2,2,0,0,O,CLEAR,DRY,0,OTHER INTERSECTION COLLISIONS,REAR END,STRAIGHT & LEVEL,DAYLIGHT,1,0,0,1
28468484,CAMPBELL,KY1892,StateRoute,,GRAND,AVE,N,39.08037232,-84.46736237,1.429,8/4/2021 0:00,1049,2,2,0,1,B,CLEAR,DRY,0,ANGLE COLLISION - OTHER,ANGLE,STRAIGHT & LEVEL,DAYLIGHT,0,0,0,1
28491558,CAMPBELL,US0027,USRoute,,ALEXANDRIA,PIKE,,39.0355468,-84.45422346,16.652,8/4/2021 0:00,1325,2,2,0,0,O,CLOUDY,DRY,0,OTHER INTERSECTION COLLISIONS,REAR END,STRAIGHT & LEVEL,DAYLIGHT,1,0,0,1
28520462,CAMPBELL,US0027,USRoute,,ALEXANDRIA,PIKE,,39.03673613,-84.45416391,16.713,8/4/2021 0:00,1508,2,1,0,0,O,CLEAR,DRY,0,OTHER ROADWAY OR MID-BLOCK COLLISION,REAR END,STRAIGHT & LEVEL,DAYLIGHT,0,0,0,1
28470548,CAMPBELL,I 0275,Interstate,,I275 E,,,39.02257679,-84.48801916,77.501,8/4/2021 0:00,1611,2,2,0,0,O,CLEAR,DRY,0,OTHER ROADWAY OR MID-BLOCK COLLISION,REAR END,STRAIGHT & LEVEL,DAYLIGHT,0,0,0,1
28470238,CAMPBELL,KY0008,StateRoute,550,DAVE COWENS,DR,,39.09854872,-84.49219609,1.105,8/4/2021 0:00,1813,2,2,0,0,O,CLEAR,DRY,0,OTHER ROADWAY OR MID-BLOCK COLLISION,REAR END,STRAIGHT & LEVEL,DAYLIGHT,0,0,0,1
28474941,CAMPBELL,,OTHR,,GLORIA TERRELL,,,39.00965199,-84.47116413,,8/5/2021 0:00,727,3,3,0,0,O,CLEAR,DRY,0,1 VEHICLE ENTERING/LEAVING ENTRANCE,ANGLE,STRAIGHT & LEVEL,DAYLIGHT,0,0,0,1
28474943,CAMPBELL,I 0275,Interstate,,,,,39.02330925,-84.48300238,0.232,8/5/2021 0:00,1810,2,2,0,0,O,CLEAR,DRY,0,OTHER RAMP RELATED COLLISIONS NOT LISTED ABOVE,REAR END,CURVE & LEVEL,DAYLIGHT,0,0,0,1
28473400,CAMPBELL,KY1120,StateRoute,,11TH,ST,W,39.08132117,-84.49622164,0.232,8/5/2021 0:00,1907,2,2,0,0,O,CLEAR,DRY,0,OTHER INTERSECTION COLLISIONS,REAR END,STRAIGHT & LEVEL,DAYLIGHT,1,0,0,1
28484802,CAMPBELL,US0027,USRoute,,ALEXANDRIA,PIKE,,38.94726485,-84.39405073,9.326,8/5/2021 0:00,2326,1,1,0,0,O,CLEAR,DRY,0,COLLISION WITH FIXED OBJECT NON - INTERSECTION - FIRST EVENT COLLISION 09 - 32 EXCLUDING 16,SINGLE VEHICLE,STRAIGHT & LEVEL,DARK-HWY LIGHTED/ON,0,0,0,1
28473429,CAMPBELL,,OTHR,,7TH,ST,E,39.0946809,-84.48456299,0.044,8/5/2021 0:00,2012,2,2,0,0,O,CLEAR,DRY,0,ANGLE COLLISION - OTHER,ANGLE,STRAIGHT & LEVEL,DAYLIGHT,0,0,0,1
28477277,CAMPBELL,,OTHR,,4TH,ST,E,39.09375825,-84.4935438,0.376,8/5/2021 0:00,2300,2,2,0,0,O,CLEAR,DRY,0,ANGLE COLLISION - OTHER,ANGLE,STRAIGHT & LEVEL,DARK-HWY LIGHTED/ON,0,0,0,1
28493634,CAMPBELL,US0027,USRoute,,ALEXANDRIA,PIKE,,38.98228646,-84.39774026,11.862,8/5/2021 0:00,1714,2,2,0,0,O,CLEAR,DRY,0,OTHER INTERSECTION COLLISIONS,REAR END,STRAIGHT & LEVEL,DAYLIGHT,1,0,0,1
28474947,CAMPBELL,KY1632,StateRoute,,MOOCK,RD,,39.0549863,-84.4868556,0.027,8/5/2021 0:00,1858,2,2,0,0,O,CLEAR,DRY,0,REAR END IN TRAFFIC LANES BOTH VEHICLES MOVING,REAR END,STRAIGHT & LEVEL,DAYLIGHT,0,0,0,1
28473401,CAMPBELL,US0027,USRoute,,11TH,ST,E,39.08593643,-84.48779951,21.485,8/5/2021 0:00,1830,3,3,0,0,O,CLEAR,DRY,0,REAR END IN TRAFFIC LANES BOTH VEHICLES MOVING,REAR END,STRAIGHT & LEVEL,DAYLIGHT,0,0,0,1
28479974,CAMPBELL,I 0275,Interstate,,I275 W,,,39.03449318,-84.47076281,76.145,8/5/2021 0:00,1756,2,2,0,0,O,CLEAR,DRY,0,REAR END IN TRAFFIC LANES BOTH VEHICLES MOVING,REAR END,CURVE & GRADE,DAYLIGHT,0,0,0,1
28488953,CAMPBELL,I 0275,Interstate,,I275 W,,,39.04467473,-84.46673322,75.368,8/5/2021 0:00,1645,2,2,0,0,O,CLEAR,DRY,0,SIDESWIPE COLLISION - SAME DIRECTION,SIDESWIPE-SAME DIRECTION,STRAIGHT & LEVEL,DAYLIGHT,0,0,0,1
29112694,CAMPBELL,I 0275,Interstate,,I275 E,,,39.02848095,-84.47194256,76.498,8/6/2021 0:00,1255,2,2,0,0,O,CLOUDY,DRY,0,REAR END IN TRAFFIC LANES BOTH VEHICLES MOVING,REAR END,STRAIGHT & GRADE,DAYLIGHT,0,0,0,1
28476753,CAMPBELL,US0027,USRoute,,TAYLOR SOUTHGATE,BRG,,39.09436526,-84.49955189,22.421,8/6/2021 0:00,1253,2,2,0,0,O,CLEAR,DRY,0,SIDESWIPE-SAME DIRECTION,SIDESWIPE-SAME DIRECTION,STRAIGHT & LEVEL,DAYLIGHT,0,0,0,1
28494777,CAMPBELL,KY1120,StateRoute,,10TH,ST,E,39.08841825,-84.48666899,0.987,8/6/2021 0:00,1143,3,3,0,2,C,CLOUDY,DRY,0,ANGLE COLLISION - OTHER,ANGLE,STRAIGHT & LEVEL,DAYLIGHT,0,0,0,1
28494385,CAMPBELL,,OTHR,,VILLAGE GREEN SHOPPING CENTER,,,38.98443686,-84.4001925,0.039,8/6/2021 0:00,2119,2,2,0,0,O,CLEAR,DRY,0,1 VEHICLE PARKED POSITION (NOT PARKING LOT/DRIVEWAY),REAR END,STRAIGHT & LEVEL,DARK-HWY LIGHTED/ON,0,0,0,1
28484320,CAMPBELL,KY0445,StateRoute,,RIVER,RD,,39.05602618,-84.4387245,0.249,8/6/2021 0:00,2328,1,1,0,0,O,CLEAR,DRY,0,COLLISION WITH FIXED OBJECT NON - INTERSECTION - FIRST EVENT COLLISION 09 - 32 EXCLUDING 16,SINGLE VEHICLE,CURVE & GRADE,DARK-HWY NOT LIGHTED,0,0,0,1
28478689,CAMPBELL,KY0009,StateRoute,,ROUTE 9,,N,39.01427963,-84.47607254,,8/6/2021 0:00,1649,2,2,0,0,O,CLEAR,DRY,0,OTHER ROADWAY OR MID-BLOCK COLLISION,REAR END,STRAIGHT & LEVEL,DAYLIGHT,0,0,0,1
28476107,CAMPBELL,KY1120,StateRoute,400 BLOCK,11TH,ST,W,39.08201549,-84.49492724,0.313,8/6/2021 0:00,833,2,2,0,0,O,CLEAR,DRY,0,OTHER ROADWAY OR MID-BLOCK COLLISION,REAR END,STRAIGHT & LEVEL,DAYLIGHT,0,0,0,1
28476371,CAMPBELL,KY1892,StateRoute,,CAROTHERS,RD,,39.0863931,-84.4773331,2.157,8/6/2021 0:00,1229,2,2,0,0,O,CLEAR,DRY,0,OTHER ROADWAY OR MID-BLOCK COLLISION,REAR END,STRAIGHT & LEVEL,DAYLIGHT,0,0,0,1
28491561,CAMPBELL,,OTHR,7,RENSHAW,AVE,,39.04302958,-84.44836889,0.009,8/6/2021 0:00,743,2,2,0,0,O,CLEAR,DRY,0,1 VEHICLE ENTERING/LEAVING ENTRANCE,ANGLE,STRAIGHT & LEVEL,DAYLIGHT,0,0,0,1
28556102,CAMPBELL,KY0008,StateRoute,,FAIRFIELD,AVE,,39.10553499,-84.48417878,1.799,8/7/2021 0:00,1120,2,2,0,0,O,CLEAR,DRY,0,OTHER ROADWAY OR MID-BLOCK COLLISION,REAR END,STRAIGHT & LEVEL,DAYLIGHT,0,0,0,1
28479640,CAMPBELL,KY0009,StateRoute,,AA,HWY,,39.00981676,-84.46903481,16.537,8/7/2021 0:00,1236,2,2,0,0,O,CLEAR,DRY,0,SIDESWIPE-SAME DIRECTION,SIDESWIPE-SAME DIRECTION,STRAIGHT & LEVEL,DAYLIGHT,0,0,0,1
28479460,CAMPBELL,KY1892,StateRoute,,CAROTHERS,RD,,39.08633035,-84.47725486,2.155,8/7/2021 0:00,1440,2,2,0,0,O,CLEAR,DRY,0,OTHER INTERSECTION COLLISIONS,REAR END,STRAIGHT & LEVEL,DAYLIGHT,1,0,0,1
28483262,CAMPBELL,,OTHR,1038,LIBERTY,ST,,39.08454717,-84.49434284,0.006,8/7/2021 0:00,2100,2,2,0,0,O,CLEAR,DRY,0,1 VEHICLE PARKED POSITION (NOT PARKING LOT/DRIVEWAY),SIDESWIPE-SAME DIRECTION,STRAIGHT & GRADE,DARK-HWY NOT LIGHTED,0,0,0,1
28483596,CAMPBELL,,OTHR,,RIVERBOAT,ROW,,39.09731414,-84.49471736,0.48,8/7/2021 0:00,2322,2,2,0,0,O,CLEAR,DRY,0,1 VEHICLE PARKED POSITION (NOT PARKING LOT/DRIVEWAY),BACKING,STRAIGHT & LEVEL,DARK-HWY LIGHTED/ON,0,0,0,1
28491565,CAMPBELL,US0027,USRoute,,ALEXANDRIA,PIKE,,39.0348605,-84.45370513,16.598,8/8/2021 0:00,1142,2,2,0,0,O,CLEAR,DRY,0,REAR END IN TRAFFIC LANES BOTH VEHICLES MOVING,REAR END,STRAIGHT & LEVEL,DAYLIGHT,0,0,0,1
28485870,CAMPBELL,I 0471,Interstate,ON BRIDGE,I471 N,,,39.10039498,-84.49423697,4.899,8/8/2021 0:00,1508,2,2,0,0,O,CLEAR,DRY,0,REAR END IN TRAFFIC LANES BOTH VEHICLES MOVING,REAR END,STRAIGHT & LEVEL,DAYLIGHT,0,0,0,1
28485871,CAMPBELL,I 0471,Interstate,,I471 N,,,39.09958156,-84.49266153,4.797,8/8/2021 0:00,1708,2,2,0,0,O,CLEAR,DRY,0,REAR END IN TRAFFIC LANES BOTH VEHICLES MOVING,REAR END,STRAIGHT & LEVEL,DAYLIGHT,0,0,0,1
28532751,CAMPBELL,I 0275,Interstate,,I275 E,,,39.02504961,-84.47770201,76.88,8/8/2021 0:00,1839,2,2,0,0,O,CLEAR,DRY,0,REAR END IN TRAFFIC LANES BOTH VEHICLES MOVING,REAR END,STRAIGHT & GRADE,DAYLIGHT,0,0,0,1
28480598,CAMPBELL,I 0471,Interstate,3.2,I471 N,,,39.08169467,-84.47139896,2.987,8/8/2021 0:00,116,1,1,0,0,O,CLEAR,DRY,0,COLLISION WITH ANIMAL NON INTERSECTION,SINGLE VEHICLE,STRAIGHT & LEVEL,DARK-HWY LIGHTED/ON,0,0,0,1
28487357,CAMPBELL,KY0915,StateRoute,,LICKING,PIKE,,38.99408447,-84.44676327,7.931,8/8/2021 0:00,1614,1,1,0,0,O,CLEAR,DRY,0,COLLISION WITH ANIMAL NON INTERSECTION,SINGLE VEHICLE,CURVE & GRADE,DAYLIGHT,0,0,0,1
28489290,CAMPBELL,,OTHR,318,BROOKWOOD,DR,,38.95396475,-84.3642306,0.442,8/8/2021 0:00,1330,2,2,0,0,O,CLEAR,DRY,0,1 VEHICLE PARKED POSITION (NOT PARKING LOT/DRIVEWAY),BACKING,STRAIGHT & GRADE,DAYLIGHT,0,0,0,1
28486463,CAMPBELL,I 0275,Interstate,,I275 E,,,39.02712549,-84.47394624,76.632,8/8/2021 0:00,2045,2,2,0,0,O,CLEAR,DRY,1,1 VEHICLE ENTERING/LEAVING ENTRANCE,ANGLE,STRAIGHT & GRADE,DAYLIGHT,0,0,0,1
28489940,CAMPBELL,US0027,USRoute,,,,,39.00217097,-84.42075472,0.352,8/9/2021 0:00,2312,1,1,0,0,O,CLEAR,DRY,0,COLLISION WITH FIXED OBJECT NOT IN GORE ,SINGLE VEHICLE,CURVE & LEVEL,DARK-HWY LIGHTED/ON,0,0,0,1
28499492,CAMPBELL,,OTHR,160,NEWPORT PAVILION,,,39.09122488,-84.4776777,0.198,8/9/2021 0:00,1417,2,2,0,0,O,RAINING,WET,0,OTHER ROADWAY OR MID-BLOCK COLLISION,OPPOSING LEFT TURN,STRAIGHT & LEVEL,DAYLIGHT,0,0,0,1
28484459,CAMPBELL,,OTHR,515,FT THOMAS,AVE,N,39.08394159,-84.45221134,0.131,8/9/2021 0:00,,2,2,0,0,O,CLEAR,DRY,1,1 VEHICLE PARKED POSITION (NOT PARKING LOT/DRIVEWAY),SIDESWIPE-SAME DIRECTION,STRAIGHT & LEVEL,DARK-HWY NOT LIGHTED,0,0,0,1
28528381,CAMPBELL,,OTHR,512,WARD,AVE,,39.10232882,-84.47540832,0.01,8/9/2021 0:00,2239,2,2,0,0,O,CLEAR,DRY,0,1 VEHICLE PARKED POSITION (NOT PARKING LOT/DRIVEWAY),SIDESWIPE-SAME DIRECTION,STRAIGHT & GRADE,DARK-HWY NOT LIGHTED,0,0,0,1
28487121,CAMPBELL,I 0471,Interstate,,,,,39.08541367,-84.4746227,0.216,8/9/2021 0:00,1758,2,2,0,0,O,CLOUDY,DRY,0,OTHER INTERSECTION COLLISIONS,REAR END,STRAIGHT & GRADE,DAYLIGHT,1,0,0,1
28487905,CAMPBELL,KY1120,StateRoute,,11TH,ST,W,39.08497243,-84.48956226,0.667,8/9/2021 0:00,1850,2,2,0,0,O,CLEAR,DRY,0,ANGLE COLLISION - OTHER,ANGLE,STRAIGHT & LEVEL,DAYLIGHT,0,0,0,1
28493608,CAMPBELL,US0027,USRoute,,ALEXANDRIA,PIKE,,38.95747949,-84.39297037,10.034,8/9/2021 0:00,1212,2,1,0,0,O,CLOUDY,DRY,0,OTHER INTERSECTION COLLISIONS,REAR END,STRAIGHT & GRADE,DAYLIGHT,1,0,0,1
28489941,CAMPBELL,US0027,USRoute,,ALEXANDRIA,PIKE,,39.00432918,-84.42457513,13.952,8/9/2021 0:00,1353,2,2,0,0,O,RAINING,WET,1,OTHER INTERSECTION COLLISIONS,REAR END,STRAIGHT & LEVEL,DAYLIGHT,1,0,0,1
28523525,CAMPBELL,US0027,USRoute,,ALEXANDRIA,PIKE,,38.9690586,-84.39296381,10.838,8/9/2021 0:00,903,2,2,0,0,O,CLOUDY,DRY,0,SIDESWIPE-SAME DIRECTION,SIDESWIPE-SAME DIRECTION,STRAIGHT & LEVEL,DAYLIGHT,0,0,0,1
28491622,CAMPBELL,,OTHR,,DODSWORTH,LN,,39.02355611,-84.42134128,0.484,8/9/2021 0:00,1040,2,2,0,0,O,CLOUDY,DRY,0,OPPOSITE DIRECTION - BOTH VEHICLES GOING STRAIGHT AHEAD,SIDESWIPE-OPPOSITE DIRECTION,STRAIGHT & LEVEL,DAYLIGHT,0,0,0,1
28486465,CAMPBELL,I 0275,Interstate,,I275 W,,,39.02286107,-84.48531567,77.349,8/9/2021 0:00,1318,2,2,0,0,O,RAINING,WET,0,REAR END IN TRAFFIC LANES BOTH VEHICLES MOVING,REAR END,STRAIGHT & LEVEL,DAYLIGHT,0,0,0,1
28486466,CAMPBELL,I 0275,Interstate,,I275 E,,,39.02257666,-84.48682789,77.43,8/9/2021 0:00,1329,2,2,0,0,O,RAINING,WET,0,REAR END IN TRAFFIC LANES BOTH VEHICLES MOVING,REAR END,STRAIGHT & LEVEL,DAYLIGHT,0,0,0,1
28485872,CAMPBELL,I 0471,Interstate,ON BRIDGE,I471 N,,,39.10040452,-84.49425612,4.901,8/9/2021 0:00,840,2,2,0,0,O,CLEAR,DRY,0,REAR END IN TRAFFIC LANES BOTH VEHICLES MOVING,REAR END,STRAIGHT & LEVEL,DAYLIGHT,0,0,0,1
28491568,CAMPBELL,I 0275,Interstate,,I275 W,,,39.04738615,-84.46223485,75.058,8/9/2021 0:00,,2,2,0,0,O,CLOUDY,DRY,1,SIDESWIPE COLLISION - SAME DIRECTION,SIDESWIPE-SAME DIRECTION,CURVE & LEVEL,DAYLIGHT,0,0,0,1
28486442,CAMPBELL,,OTHR,28,WESLEY,DR,,39.04100417,-84.47189894,0.29,8/9/2021 0:00,1204,2,2,0,0,O,CLOUDY,DRY,0,1 VEHICLE PARKED POSITION (NOT PARKING LOT/DRIVEWAY),SIDESWIPE-OPPOSITE DIRECTION,STRAIGHT & LEVEL,DAYLIGHT,0,0,0,1
28485867,CAMPBELL,I 0471,Interstate,,I471 S,,,39.085048,-84.47320343,3.259,8/9/2021 0:00,901,3,3,0,0,O,CLEAR,DRY,0,REAR END IN TRAFFIC LANES BOTH VEHICLES MOVING,REAR END,STRAIGHT & LEVEL,DAYLIGHT,0,0,0,1
28501667,CAMPBELL,,OTHR,103,BIVOUAC,AVE,,39.0728671,-84.44215251,0.04,8/10/2021 0:00,1316,2,2,0,0,O,CLEAR,DRY,0,1 VEHICLE PARKED POSITION (NOT PARKING LOT/DRIVEWAY),BACKING,STRAIGHT & LEVEL,DAYLIGHT,0,0,0,1
28504996,CAMPBELL,KY0009,StateRoute,5671,AA,HWY,,39.00917334,-84.46655351,16.397,8/10/2021 0:00,1026,2,2,0,2,B,CLOUDY,WET,0,SIDESWIPE COLLISION - SAME DIRECTION,SIDESWIPE-SAME DIRECTION,STRAIGHT & HILLCREST,DAYLIGHT,0,0,0,1
28494032,CAMPBELL,I 0471,Interstate,,I471 N,,,39.05857568,-84.46935688,1.135,8/10/2021 0:00,1104,2,2,0,1,B,CLOUDY,WET,0,SIDESWIPE COLLISION - SAME DIRECTION,SIDESWIPE-SAME DIRECTION,STRAIGHT & LEVEL,DAYLIGHT,0,0,0,1
28523523,CAMPBELL,US0027,USRoute,,ALEXANDRIA,PIKE,,38.98158115,-84.3957189,11.746,8/10/2021 0:00,1437,2,2,0,0,O,CLEAR,DRY,0,REAR END IN TRAFFIC LANES BOTH VEHICLES MOVING,REAR END,STRAIGHT & LEVEL,DAYLIGHT,0,0,0,1
28488863,CAMPBELL,US0027,USRoute,,ALEXANDRIA,PIKE,,39.0705795,-84.46978721,19.991,8/10/2021 0:00,657,2,2,0,0,O,CLEAR,DRY,0,ANGLE COLLISION - ONE VEHICLE TURNING LEFT,ANGLE,STRAIGHT & HILLCREST,DAYLIGHT,0,0,0,1
28490743,CAMPBELL,,OTHR,120,NEWPORT PAVILION,,,39.08916286,-84.47571752,0.379,8/10/2021 0:00,1400,2,2,0,0,O,CLEAR,DRY,0,1 VEHICLE PARKED POSITION (NOT PARKING LOT/DRIVEWAY),SIDESWIPE-SAME DIRECTION,STRAIGHT & LEVEL,DAYLIGHT,0,0,0,1
28533397,CAMPBELL,KY0009,StateRoute,,AA,HWY,,38.99978105,-84.40886965,13.194,8/10/2021 0:00,1229,2,2,0,0,O,CLOUDY,WET,0,OTHER ROADWAY OR MID-BLOCK COLLISION,REAR END,STRAIGHT & LEVEL,DAYLIGHT,0,0,0,1
28496475,CAMPBELL,,OTHR,,3RD,ST,W,39.09152867,-84.50068595,0.035,8/10/2021 0:00,1804,2,2,0,0,O,CLEAR,DRY,0,1 VEHICLE ENTERING/LEAVING ENTRANCE,ANGLE,STRAIGHT & LEVEL,DAYLIGHT,0,0,0,1
28494774,CAMPBELL,KY1892,StateRoute,,CAROTHERS,RD,,39.08513859,-84.48061,2.363,8/11/2021 0:00,1225,2,2,0,0,O,CLEAR,DRY,0,1 VEHICLE ENTERING/LEAVING ENTRANCE,ANGLE,STRAIGHT & LEVEL,DAYLIGHT,0,0,0,1
28496893,CAMPBELL,I 0275,Interstate,,,,,39.02135146,-84.48226443,0.246,8/11/2021 0:00,1505,2,2,0,0,O,CLEAR,DRY,0,OTHER RAMP RELATED COLLISIONS NOT LISTED ABOVE,SIDESWIPE-SAME DIRECTION,CURVE & LEVEL,DAYLIGHT,0,0,0,1
28500387,CAMPBELL,I 0275,Interstate,,,,,39.04537816,-84.46418434,0.23,8/11/2021 0:00,1605,2,2,0,0,O,CLEAR,DRY,0,OTHER RAMP RELATED COLLISIONS NOT LISTED ABOVE,SIDESWIPE-SAME DIRECTION,CURVE & GRADE,DAYLIGHT,0,0,0,1