IncidentID,County,RdwyNumber,RdwyType,Street,RoadwayName,StreetSfx,StreetDir,Latitude,Longitude,Milepoint,CollisionDate,CollisionTime,UnitsInvolved,MotorVehiclesInvolved,NumberKilled,NumberInjured,KABCO,Weather,RdwyConditionCode,HitandRun,DirAnalysisCode,MannerofCollision,RdwyCharacter,LightCondition,Intersection Crash,Bicyclist,Pedestrian,Motor Vehicles
28528380,CAMPBELL,KY0008,StateRoute,,FAIRFIELD,AVE,,39.10681274,-84.48263141,1.919,8/11/2021 0:00,1155,4,4,0,0,O,CLEAR,FLOODED,0,OTHER INTERSECTION COLLISIONS,REAR END,STRAIGHT & LEVEL,DAYLIGHT,1,0,0,1
28497215,CAMPBELL,,OTHR,100,COCHRAN,AVE,,39.06730189,-84.44529794,0.23,8/11/2021 0:00,1549,2,2,0,0,O,CLOUDY,DRY,0,1 VEHICLE PARKED POSITION (NOT PARKING LOT/DRIVEWAY),BACKING,STRAIGHT & LEVEL,DAYLIGHT,0,0,0,1
28528625,CAMPBELL,I 0275,Interstate,,I275 E,,,39.05580159,-84.43330003,73.369,8/12/2021 0:00,1843,4,4,0,4,B,CLEAR,DRY,0,REAR END IN TRAFFIC LANES BOTH VEHICLES MOVING,REAR END,STRAIGHT & LEVEL,DAYLIGHT,0,0,0,1
28500379,CAMPBELL,I 0471,Interstate,,I471 S,,,39.05195834,-84.46784067,0.628,8/12/2021 0:00,1635,2,2,0,2,B,CLEAR,DRY,0,REAR END IN TRAFFIC LANES BOTH VEHICLES MOVING,REAR END,STRAIGHT & LEVEL,DAYLIGHT,0,0,0,1
28500385,CAMPBELL,I 0275,Interstate,,I275 E,,,39.05689178,-84.4308952,73.219,8/12/2021 0:00,1939,2,2,0,0,O,CLEAR,DRY,0,REAR END IN TRAFFIC LANES BOTH VEHICLES MOVING,REAR END,STRAIGHT & LEVEL,DAYLIGHT,0,0,0,1
28499495,CAMPBELL,I 0471,Interstate,,I471 S,,,39.09950312,-84.49294078,4.807,8/12/2021 0:00,751,3,3,0,0,O,CLEAR,DRY,0,SIDESWIPE COLLISION - SAME DIRECTION,SIDESWIPE-SAME DIRECTION,STRAIGHT & LEVEL,DAYLIGHT,0,0,0,1
28501672,CAMPBELL,KY0445,StateRoute,57,GRANDVIEW,AVE,,39.06277386,-84.45144707,1.197,8/12/2021 0:00,1635,2,2,0,0,O,CLEAR,DRY,0,1 VEHICLE PARKED POSITION (NOT PARKING LOT/DRIVEWAY),SIDESWIPE-SAME DIRECTION,CURVE & GRADE,DAYLIGHT,0,0,0,1
28499494,CAMPBELL,US0027,USRoute,,MONMOUTH,ST,,39.09161753,-84.4935453,21.955,8/12/2021 0:00,1025,2,1,0,1,B,CLEAR,DRY,0,COLLISION WITH PEDESTRIAN IN INTERSECTION,SINGLE VEHICLE,STRAIGHT & LEVEL,DAYLIGHT,1,0,1,0
28532021,CAMPBELL,KY1632,StateRoute,,KY1632 TURN LANE,,,39.06823578,-84.46672682,0.034,8/12/2021 0:00,940,2,2,0,2,C,CLEAR,DRY,0,REAR END - ONE VEHICLE TURNING RIGHT,REAR END,CURVE & HILLCREST,DAYLIGHT,0,0,0,1
28501669,CAMPBELL,KY0445,StateRoute,,GRANDVIEW,AVE,,39.06226626,-84.44886307,1.058,8/12/2021 0:00,1010,2,2,0,0,O,CLEAR,DRY,0,VEHICLE BACKING IN INTERSECTION,BACKING,STRAIGHT & HILLCREST,DAYLIGHT,1,0,0,1
28533008,CAMPBELL,KY0008,StateRoute,,MARY INGLES,HWY,,38.98296405,-84.30473829,,8/12/2021 0:00,2030,1,1,0,0,O,CLOUDY,DRY,0,OTHER ROADWAY OR MID-BLOCK COLLISION,SINGLE VEHICLE,STRAIGHT & LEVEL,DARK-HWY NOT LIGHTED,0,0,0,1
28528379,CAMPBELL,,OTHR,130,WARD,AVE,,39.10878583,-84.48221527,0.587,8/12/2021 0:00,1320,2,2,0,0,O,CLEAR,DRY,0,1 VEHICLE ENTERING/LEAVING ENTRANCE,ANGLE,STRAIGHT & GRADE,DAYLIGHT,0,0,0,1
28505060,CAMPBELL,I 0471,Interstate,,,,,39.0942936,-84.48018939,0.062,8/13/2021 0:00,2227,2,2,0,0,O,CLEAR,DRY,0,OTHER RAMP RELATED COLLISIONS NOT LISTED ABOVE,REAR END,STRAIGHT & LEVEL,DARK-HWY LIGHTED/ON,0,0,0,1
28505063,CAMPBELL,KY0008,StateRoute,,DAVE COWENS,DR,,39.09945577,-84.49123868,1.227,8/13/2021 0:00,2135,2,2,0,0,O,CLEAR,DRY,0,1 VEHICLE ENTERING/LEAVING ENTRANCE,ANGLE,STRAIGHT & LEVEL,DARK-HWY LIGHTED/ON,0,0,0,1
28544251,CAMPBELL,I 0275,Interstate,,I275 E,,,39.03122319,-84.47048763,76.302,8/13/2021 0:00,1342,4,4,0,0,O,CLEAR,DRY,0,OTHER ROADWAY OR MID-BLOCK COLLISION,REAR END,STRAIGHT & LEVEL,DAYLIGHT,0,0,0,1
28505563,CAMPBELL,US0027,USRoute,,ALEXANDRIA,PIKE,,39.0708881,-84.46988458,19.997,8/13/2021 0:00,1302,2,2,0,0,O,CLEAR,DRY,1,OTHER ROADWAY OR MID-BLOCK COLLISION,REAR TO REAR,STRAIGHT & GRADE,DAYLIGHT,0,0,0,1
28503268,CAMPBELL,US0027,USRoute,,ALEXANDRIA,PIKE,,38.84725285,-84.37815904,1.999,8/13/2021 0:00,648,2,2,0,0,O,CLEAR,DRY,0,OTHER ROADWAY OR MID-BLOCK COLLISION,REAR END,STRAIGHT & HILLCREST,DAYLIGHT,0,0,0,1
28506772,CAMPBELL,KY0008,StateRoute,4634,MARY INGLES,HWY,,39.0421733,-84.41410379,9.434,8/13/2021 0:00,2128,3,3,0,0,O,RAINING,WET,0,1 VEHICLE PARKED POSITION (NOT PARKING LOT/DRIVEWAY),ANGLE,STRAIGHT & LEVEL,DARK-HWY NOT LIGHTED,0,0,0,1
28544382,CAMPBELL,,OTHR,72,VIEW TERRACE,DR,,39.05853009,-84.47700049,0.088,8/13/2021 0:00,740,2,2,0,0,O,CLEAR,DRY,1,1 VEHICLE PARKED POSITION (NOT PARKING LOT/DRIVEWAY),BACKING,STRAIGHT & LEVEL,DAYLIGHT,0,0,0,1
28527699,CAMPBELL,,OTHR,8030,ARCADI,BLVD,,38.98175906,-84.40161992,,8/13/2021 0:00,2032,1,1,0,0,O,RAINING,WET,0,COLLISION WITH FIXED OBJECT NON - INTERSECTION - FIRST EVENT COLLISION 09 - 32 EXCLUDING 16,SINGLE VEHICLE,STRAIGHT & HILLCREST,DUSK,0,0,0,1
28572335,CAMPBELL,,OTHR,303,DODD,DR,,39.11109682,-84.48186188,0.035,8/13/2021 0:00,1310,1,1,0,0,O,CLOUDY,DRY,0,COLLISION WITH FIXED OBJECT NON - INTERSECTION - FIRST EVENT COLLISION 09 - 32 EXCLUDING 16,SINGLE VEHICLE,CURVE & LEVEL,DAYLIGHT,0,0,0,1
28554561,CAMPBELL,I 0275,Interstate,,I275 E,,,39.03528392,-84.47022445,76.014,8/13/2021 0:00,651,2,2,0,0,O,CLOUDY,DRY,0,SIDESWIPE COLLISION - SAME DIRECTION,SIDESWIPE-SAME DIRECTION,STRAIGHT & LEVEL,DAWN,0,0,0,1
28504893,CAMPBELL,KY1892,StateRoute,,CAROTHERS,RD,,39.08641052,-84.47749083,2.166,8/13/2021 0:00,2053,2,2,0,0,O,CLEAR,DRY,0,SIDESWIPE COLLISION - SAME DIRECTION,SIDESWIPE-SAME DIRECTION,STRAIGHT & LEVEL,DARK-HWY LIGHTED/ON,0,0,0,1
28533400,CAMPBELL,KY0009,StateRoute,,AA,HWY,,38.99978105,-84.40886965,13.194,8/13/2021 0:00,1755,2,2,0,0,O,CLEAR,DRY,1,REAR END IN TRAFFIC LANES BOTH VEHICLES MOVING,REAR END,STRAIGHT & LEVEL,DAYLIGHT,0,0,0,1
28503660,CAMPBELL,,OTHR,102,NEWPORT PAVILION,,,39.09155991,-84.47809035,0.165,8/13/2021 0:00,330,2,2,0,0,O,CLEAR,DRY,0,REAR END IN TRAFFIC LANES BOTH VEHICLES MOVING,REAR END,STRAIGHT & LEVEL,DAYLIGHT,0,0,0,1
28640922,CAMPBELL,I 0275,Interstate,,I275 E,,,39.0225364,-84.48894789,77.557,8/13/2021 0:00,1239,2,2,0,0,O,CLEAR,DRY,0,REAR END IN TRAFFIC LANES BOTH VEHICLES MOVING,REAR END,STRAIGHT & LEVEL,DAYLIGHT,0,0,0,1
28506771,CAMPBELL,KY1998,StateRoute,,INDUSTRIAL,RD,,39.04306982,-84.42090078,3.857,8/13/2021 0:00,1505,2,2,0,0,O,RAINING,WET,0,HEAD-ON COLLISION,HEAD ON,STRAIGHT & GRADE,DAYLIGHT,0,0,0,1
28505253,CAMPBELL,I 0275,Interstate,,I275 W,,,39.02284806,-84.48887772,77.554,8/13/2021 0:00,1738,2,2,0,0,O,CLOUDY,DRY,0,REAR END IN TRAFFIC LANES BOTH VEHICLES MOVING,REAR END,STRAIGHT & LEVEL,DAYLIGHT,0,0,0,1
28505262,CAMPBELL,KY1120,StateRoute,10,10TH,ST,E,39.08639313,-84.49032597,0.691,8/13/2021 0:00,2025,2,2,0,0,O,CLEAR,DRY,0,1 VEHICLE PARKED POSITION (NOT PARKING LOT/DRIVEWAY),SIDESWIPE-SAME DIRECTION,STRAIGHT & LEVEL,DAYLIGHT,0,0,0,1
28556084,CAMPBELL,,OTHR,,GRANDVIEW,AVE,,39.10071906,-84.47881572,0.084,8/13/2021 0:00,1630,3,3,0,0,O,CLEAR,DRY,0,1 VEHICLE PARKED POSITION (NOT PARKING LOT/DRIVEWAY),SIDESWIPE-SAME DIRECTION,STRAIGHT & LEVEL,DAYLIGHT,0,0,0,1
28506181,CAMPBELL,,OTHR,,NEW LINDEN,RD,,39.07914596,-84.48052667,0.003,8/14/2021 0:00,1333,2,2,0,0,O,CLEAR,DRY,0,REAR END IN TRAFFIC LANES BOTH VEHICLES MOVING,REAR END,STRAIGHT & LEVEL,DAYLIGHT,0,0,0,1
28516918,CAMPBELL,KY1120,StateRoute,,MEMORIAL,PKWY,,39.09272581,-84.47851628,1.494,8/14/2021 0:00,1200,2,2,0,0,O,CLEAR,DRY,0,REAR END IN TRAFFIC LANES BOTH VEHICLES MOVING,REAR END,STRAIGHT & LEVEL,DAYLIGHT,0,0,0,1
28516919,CAMPBELL,US0027,USRoute,,11TH,ST,E,39.08512359,-84.4892341,21.58,8/14/2021 0:00,1408,2,2,0,0,O,CLOUDY,DRY,0,SIDESWIPE COLLISION - SAME DIRECTION,SIDESWIPE-SAME DIRECTION,STRAIGHT & LEVEL,DAYLIGHT,0,0,0,1
28506169,CAMPBELL,KY0008,StateRoute,,4TH,ST,W,39.08823097,-84.50340351,0.071,8/14/2021 0:00,1514,2,2,0,0,O,CLOUDY,DRY,0,SIDESWIPE COLLISION - SAME DIRECTION,SIDESWIPE-SAME DIRECTION,CURVE & GRADE,DAYLIGHT,0,0,0,1
28527917,CAMPBELL,KY1121,StateRoute,,PERSIMMON GROVE,PIKE,,38.92582511,-84.36620092,7.625,8/14/2021 0:00,1201,2,2,0,0,O,CLEAR,DRY,0,ANGLE COLLISION - OTHER,ANGLE,STRAIGHT & LEVEL,DAYLIGHT,0,0,0,1
28534113,CAMPBELL,,OTHR,415,5TH,AVE,,39.1117037,-84.47747006,0.976,8/14/2021 0:00,147,4,4,0,0,O,CLEAR,DRY,0,1 VEHICLE PARKED POSITION (NOT PARKING LOT/DRIVEWAY),REAR END,STRAIGHT & LEVEL,DARK-HWY LIGHTED/ON,0,0,0,1
28511189,CAMPBELL,,OTHR,67,PARKVIEW,AVE,,39.08130995,-84.48462206,0.246,8/14/2021 0:00,2228,2,2,0,0,O,CLEAR,DRY,0,1 VEHICLE PARKED POSITION (NOT PARKING LOT/DRIVEWAY),SIDESWIPE-OPPOSITE DIRECTION,STRAIGHT & LEVEL,DARK-HWY LIGHTED/ON,0,0,0,1
28523573,CAMPBELL,KY1120,StateRoute,,MEMORIAL,PKWY,,39.08929784,-84.45006893,3.33,8/15/2021 0:00,1237,3,3,0,0,O,CLEAR,DRY,0,OTHER INTERSECTION COLLISIONS,REAR END,STRAIGHT & GRADE,DAYLIGHT,1,0,0,1
28528032,CAMPBELL,US0027,USRoute,,ALEXANDRIA,PIKE,,39.02531775,-84.44561337,15.778,8/15/2021 0:00,1632,2,1,0,0,O,CLEAR,DRY,0,REAR END IN TRAFFIC LANES BOTH VEHICLES MOVING,REAR END,STRAIGHT & LEVEL,DAYLIGHT,0,0,0,1
28527844,CAMPBELL,US0027,USRoute,6015,ALEXANDRIA,PIKE,,38.99411004,-84.41239747,13.001,8/16/2021 0:00,1755,2,2,0,2,B,CLEAR,DRY,0,REAR END IN TRAFFIC LANES BOTH VEHICLES MOVING,REAR END,STRAIGHT & HILLCREST,DAYLIGHT,0,0,0,1
28536932,CAMPBELL,US0027,USRoute,,ALEXANDRIA,PIKE,,39.00421461,-84.42451308,13.932,8/16/2021 0:00,1215,2,2,0,0,O,CLEAR,DRY,0,SIDESWIPE COLLISION - SAME DIRECTION,SIDESWIPE-SAME DIRECTION,STRAIGHT & LEVEL,DAYLIGHT,0,0,0,1
28568659,CAMPBELL,KY0008,StateRoute,,6TH,AVE,,39.11149701,-84.47595582,2.397,8/16/2021 0:00,1239,2,2,0,0,O,CLEAR,DRY,1,REAR END IN TRAFFIC LANES BOTH VEHICLES MOVING,REAR END,STRAIGHT & LEVEL,DAYLIGHT,0,0,0,1
28540232,CAMPBELL,KY1892,StateRoute,100,CAROTHERS,RD,,39.08638549,-84.47725516,2.153,8/16/2021 0:00,1630,2,2,0,0,O,CLEAR,DRY,0,OPPOSING LEFT TURN,OPPOSING LEFT TURN,STRAIGHT & GRADE,DAYLIGHT,0,0,0,1
28525376,CAMPBELL,US0027,USRoute,,MONMOUTH,ST,,39.08937071,-84.4915018,21.778,8/16/2021 0:00,1148,2,2,0,2,C,CLOUDY,DRY,0,ANGLE COLLISION - OTHER,ANGLE,STRAIGHT & LEVEL,DAYLIGHT,0,0,0,1
28526796,CAMPBELL,,OTHR,,WILSON,RD,,39.09270482,-84.47520596,0.151,8/16/2021 0:00,2100,2,2,0,0,O,CLOUDY,WET,0,OTHER INTERSECTION COLLISIONS,REAR END,STRAIGHT & LEVEL,DUSK,1,0,0,1
28540233,CAMPBELL,,OTHR,,3RD,ST,E,39.09561116,-84.49324621,0.223,8/16/2021 0:00,1708,2,2,0,0,O,CLOUDY,DRY,0,OTHER INTERSECTION COLLISIONS,REAR END,STRAIGHT & LEVEL,DAYLIGHT,1,0,0,1
28527916,CAMPBELL,US0027,USRoute,,ALEXANDRIA,PIKE,,38.89278692,-84.38557428,5.472,8/16/2021 0:00,640,1,1,0,0,O,CLOUDY,DRY,0,OTHER ROADWAY OR MID-BLOCK COLLISION,SINGLE VEHICLE,STRAIGHT & LEVEL,UNKNOWN,0,0,0,1
28528118,CAMPBELL,,OTHR,739,HIGHLAND,AVE,,39.07501154,-84.46392198,0.432,8/16/2021 0:00,1744,2,2,0,0,O,CLEAR,DRY,0,1 VEHICLE ENTERING/LEAVING ENTRANCE,ANGLE,STRAIGHT & LEVEL,DAYLIGHT,0,0,0,1
28554593,CAMPBELL,I 0275,Interstate,,I275 E,,,39.03911098,-84.47013405,75.746,8/17/2021 0:00,905,2,2,0,0,O,CLOUDY,WET,0,OTHER ROADWAY OR MID-BLOCK COLLISION,REAR END,STRAIGHT & LEVEL,DAYLIGHT,0,0,0,1
28532216,CAMPBELL,US0027,USRoute,,ALEXANDRIA,PIKE,,39.07076212,-84.46979427,20.004,8/17/2021 0:00,1725,2,2,0,0,O,CLOUDY,DRY,0,OTHER INTERSECTION COLLISIONS,REAR END,STRAIGHT & GRADE,DAYLIGHT,1,0,0,1
28564878,CAMPBELL,US0027,USRoute,900,YORK,ST,,39.08671744,-84.49116114,21.751,8/17/2021 0:00,1336,2,2,0,0,O,CLEAR,DRY,0,SIDESWIPE COLLISION - SAME DIRECTION,SIDESWIPE-SAME DIRECTION,STRAIGHT & LEVEL,DAYLIGHT,0,0,0,1
28537003,CAMPBELL,,OTHR,,HIGHLAND,AVE,,39.07446417,-84.4644823,0.384,8/17/2021 0:00,1455,2,2,0,0,O,CLEAR,DRY,0,REAR END IN TRAFFIC LANES BOTH VEHICLES MOVING,REAR END,STRAIGHT & LEVEL,DAYLIGHT,0,0,0,1
28533788,CAMPBELL,US0027,USRoute,,TAYLOR SOUTHGATE,BRG,,39.0947348,-84.50006333,22.46,8/17/2021 0:00,1726,2,2,0,0,O,CLEAR,DRY,0,REAR END IN TRAFFIC LANES BOTH VEHICLES MOVING,REAR END,STRAIGHT & LEVEL,DAYLIGHT,0,0,0,1
28529656,CAMPBELL,I 0471,Interstate,,I471 N,,,39.10048734,-84.49452509,4.916,8/17/2021 0:00,1455,2,2,0,0,O,CLEAR,DRY,0,REAR END IN TRAFFIC LANES BOTH VEHICLES MOVING,REAR END,STRAIGHT & LEVEL,DAYLIGHT,0,0,0,1
28533786,CAMPBELL,I 0471,Interstate,,I471 N,,,39.09977419,-84.49290434,4.816,8/18/2021 0:00,1137,2,2,0,0,O,CLEAR,DRY,0,SIDESWIPE COLLISION - SAME DIRECTION,SIDESWIPE-SAME DIRECTION,STRAIGHT & LEVEL,DAYLIGHT,0,0,0,1
28532754,CAMPBELL,I 0275,Interstate,,I275 E,,,39.02602944,-84.47601118,76.763,8/18/2021 0:00,736,2,2,0,0,O,CLEAR,DRY,0,SIDESWIPE COLLISION - SAME DIRECTION,SIDESWIPE-SAME DIRECTION,STRAIGHT & GRADE,DAYLIGHT,0,0,0,1
28537055,CAMPBELL,,OTHR,206,9TH,AVE,,39.10828494,-84.4761011,0.172,8/18/2021 0:00,2,2,2,0,0,O,CLOUDY,DRY,1,1 VEHICLE PARKED POSITION (NOT PARKING LOT/DRIVEWAY),REAR END,STRAIGHT & LEVEL,DARK-HWY NOT LIGHTED,0,0,0,1
28550412,CAMPBELL,US0027,USRoute,,ALEXANDRIA,PIKE,,38.96704453,-84.39336419,10.682,8/18/2021 0:00,1427,2,2,0,0,O,CLEAR,DRY,0,OTHER INTERSECTION COLLISIONS,REAR END,STRAIGHT & LEVEL,DAYLIGHT,1,0,0,1
28550414,CAMPBELL,US0027,USRoute,7544,ALEXANDRIA,PIKE,,38.98066553,-84.39454387,11.661,8/18/2021 0:00,2258,1,1,0,1,A,CLEAR,DRY,0,COLLISION WITH FIXED OBJECT NON - INTERSECTION - FIRST EVENT COLLISION 09 - 32 EXCLUDING 16,SINGLE VEHICLE,STRAIGHT & LEVEL,DARK-HWY LIGHTED/ON,0,0,0,1
28536463,CAMPBELL,KY1120,StateRoute,,MEMORIAL,PKWY,,39.09129488,-84.45536809,2.963,8/18/2021 0:00,1944,1,1,0,0,O,CLOUDY,DRY,0,COLLISION WITH ANIMAL IN INTERSECTION,SINGLE VEHICLE,STRAIGHT & GRADE,DAYLIGHT,1,0,0,1
28533787,CAMPBELL,,OTHR,,3RD,ST,W,39.09217143,-84.49943329,0.06,8/18/2021 0:00,1104,2,2,0,0,O,CLEAR,DRY,0,SIDESWIPE-SAME DIRECTION,SIDESWIPE-SAME DIRECTION,CURVE & LEVEL,DAYLIGHT,0,0,0,1
28537011,CAMPBELL,KY0915,StateRoute,,CAMEL,XING,,38.92096027,-84.39190741,0.07,8/18/2021 0:00,1320,2,2,0,0,O,CLEAR,DRY,0,SIDESWIPE-SAME DIRECTION,SIDESWIPE-SAME DIRECTION,STRAIGHT & LEVEL,DAYLIGHT,0,0,0,1
28540438,CAMPBELL,US0027,USRoute,,ALEXANDRIA,PIKE,,39.0253865,-84.44543453,15.769,8/18/2021 0:00,1653,2,2,0,1,B,CLEAR,DRY,0,1 VEHICLE ENTERING/LEAVING ENTRANCE,ANGLE,STRAIGHT & LEVEL,DAYLIGHT,0,0,0,1
28538500,CAMPBELL,I 0275,Interstate,,I275 W,,,39.02286809,-84.48454474,77.304,8/19/2021 0:00,1315,4,4,0,1,B,CLEAR,DRY,0,OTHER ROADWAY OR MID-BLOCK COLLISION,REAR END,CURVE & HILLCREST,DAYLIGHT,0,0,0,1
28539819,CAMPBELL,KY1120,StateRoute,,10TH,ST,E,39.08711543,-84.48902586,0.774,8/19/2021 0:00,1850,2,2,0,0,O,CLEAR,DRY,0,1 VEHICLE ENTERING/LEAVING ENTRANCE,ANGLE,STRAIGHT & LEVEL,DAYLIGHT,0,0,0,1
28540231,CAMPBELL,KY0008,StateRoute,,WASHINGTON,AVE,,39.09603574,-84.49361655,0.846,8/19/2021 0:00,1248,2,2,0,0,O,CLEAR,DRY,0,OTHER INTERSECTION COLLISIONS,REAR END,STRAIGHT & LEVEL,DAYLIGHT,1,0,0,1
28556104,CAMPBELL,,OTHR,210,LAFAYETTE,AVE,,39.10458679,-84.48488927,0.121,8/19/2021 0:00,1141,2,2,0,0,O,CLOUDY,DRY,0,1 VEHICLE PARKED POSITION (NOT PARKING LOT/DRIVEWAY),SIDESWIPE-SAME DIRECTION,STRAIGHT & GRADE,DAYLIGHT,0,0,0,1
28542258,CAMPBELL,US0027,USRoute,7100,ALEXANDRIA,PIKE,,38.9835792,-84.40031001,12.03,8/19/2021 0:00,1646,2,2,0,0,O,CLEAR,DRY,0,REAR END IN TRAFFIC LANES BOTH VEHICLES MOVING,REAR END,STRAIGHT & HILLCREST,DAYLIGHT,0,0,0,1
28551833,CAMPBELL,KY0010,StateRoute,8417,MAIN,ST,E,38.9592902,-84.38429743,1.851,8/20/2021 0:00,16,2,2,0,0,O,CLEAR,DRY,1,1 VEHICLE PARKED POSITION (NOT PARKING LOT/DRIVEWAY),SIDESWIPE-SAME DIRECTION,STRAIGHT & LEVEL,UNKNOWN,0,0,0,1
28547297,CAMPBELL,,OTHR,2777,CALIFORNIA,XRD,,38.89825993,-84.29691776,,8/20/2021 0:00,835,2,2,0,0,O,FOG,DRY,0,REAR END IN TRAFFIC LANES BOTH VEHICLES MOVING,REAR END,CURVE & LEVEL,DAYLIGHT,0,0,0,1
28585367,CAMPBELL,KY0008,StateRoute,,6TH,AVE,,39.10904237,-84.4798781,2.133,8/20/2021 0:00,1730,2,1,0,0,O,CLEAR,DRY,0,REAR END IN TRAFFIC LANES BOTH VEHICLES MOVING,REAR END,STRAIGHT & LEVEL,DAYLIGHT,0,0,0,1
28572291,CAMPBELL,I 0275,Interstate,,I275 E,,,39.03205152,-84.47046552,76.247,8/20/2021 0:00,942,2,2,0,0,O,CLEAR,DRY,0,,REAR END,STRAIGHT & LEVEL,DAYLIGHT,0,0,0,1
28543769,CAMPBELL,I 0471,Interstate,,I 471 S,,,39.09777861,-84.48771817,0.261,8/20/2021 0:00,1759,2,2,0,0,O,CLEAR,DRY,0,OTHER RAMP RELATED COLLISIONS NOT LISTED ABOVE,REAR END,STRAIGHT & LEVEL,DAYLIGHT,0,0,0,1
28543774,CAMPBELL,I 0471,Interstate,,I471 S,,,39.09939248,-84.49269936,4.792,8/20/2021 0:00,1746,2,2,0,0,O,CLEAR,DRY,0,OTHER ROADWAY OR MID-BLOCK COLLISION,REAR END,STRAIGHT & LEVEL,DAYLIGHT,0,0,0,1
28544383,CAMPBELL,I 0275,Interstate,,,,,39.05002534,-84.46656178,0.052,8/20/2021 0:00,844,2,2,0,0,O,CLEAR,DRY,0,OTHER RAMP RELATED COLLISIONS NOT LISTED ABOVE,REAR END,STRAIGHT & LEVEL,DAYLIGHT,0,0,0,1
28567795,CAMPBELL,KY0009,StateRoute,,AA,HWY,,39.02128947,-84.48118058,17.63,8/20/2021 0:00,646,2,2,0,0,O,CLEAR,DRY,0,OTHER ROADWAY OR MID-BLOCK COLLISION,REAR END,STRAIGHT & LEVEL,DAYLIGHT,0,0,0,1
28547293,CAMPBELL,KY1936,StateRoute,11146,POND CREEK,RD,,38.89149383,-84.436682,5.503,8/21/2021 0:00,1638,1,1,0,1,A,CLEAR,DRY,0,RAN OFF ROADWAY (1 VEHICLE WITH/EARTH EMBANKMENT/DITCH),SINGLE VEHICLE,CURVE & LEVEL,DAYLIGHT,0,0,0,1
28550197,CAMPBELL,,OTHR,709,HIGHLAND,AVE,,39.0757084,-84.46254541,0.517,8/21/2021 0:00,1718,2,2,0,0,O,CLOUDY,DRY,0,1 VEHICLE ENTERING OR LEAVING PARKED POSITION (NOT PARKING LOT),BACKING,STRAIGHT & LEVEL,DAYLIGHT,0,0,0,1
28550526,CAMPBELL,US0027,USRoute,,ALEXANDRIA,PIKE,,39.02900509,-84.4504784,16.152,8/21/2021 0:00,929,2,2,0,0,O,CLEAR,DRY,0,OTHER INTERSECTION COLLISIONS,REAR END,STRAIGHT & LEVEL,DAYLIGHT,1,0,0,1
30450685,CAMPBELL,,OTHR,943,MAPLE,ST,,39.10758558,-84.47457236,0.089,8/21/2021 0:00,100,2,1,0,0,O,CLEAR,DRY,1,1 VEHICLE PARKED POSITION (NOT PARKING LOT/DRIVEWAY),SIDESWIPE-SAME DIRECTION,STRAIGHT & GRADE,DARK (UNKNOWN ROADWAY LIGHTING),0,0,0,1
28554800,CAMPBELL,I 0471,Interstate,,I471 S,,,39.06777586,-84.46442676,1.88,8/22/2021 0:00,2012,1,1,0,0,O,CLOUDY,DRY,0,OTHER COLLISIONS ON SHOULDER,SINGLE VEHICLE,STRAIGHT & LEVEL,DAYLIGHT,0,0,0,1
28552034,CAMPBELL,KY1120,StateRoute,,MEMORIAL,PKWY,,39.09303284,-84.47944575,1.434,8/22/2021 0:00,1254,2,2,0,0,O,CLEAR,DRY,0,REAR END IN TRAFFIC LANES BOTH VEHICLES MOVING,REAR END,CURVE & GRADE,DAYLIGHT,0,0,0,1
28551199,CAMPBELL,,OTHR,,10TH,ST,W,39.08503902,-84.49274302,0.39,8/22/2021 0:00,1612,2,2,0,0,O,CLEAR,DRY,0,ANGLE COLLISION - OTHER,ANGLE,STRAIGHT & LEVEL,DAYLIGHT,0,0,0,1
28547568,CAMPBELL,I 0471,Interstate,,I471 N,,,39.09276253,-84.47738518,3.823,8/22/2021 0:00,417,1,1,0,1,C,CLEAR,DRY,0,COLLISION WITH FIXED OBJECT NON - INTERSECTION - FIRST EVENT COLLISION 09 - 32 EXCLUDING 16,SINGLE VEHICLE,CURVE & LEVEL,DARK-HWY NOT LIGHTED,0,0,0,1
28551205,CAMPBELL,KY0008,StateRoute,,DAVE COWENS,DR,,39.09861091,-84.49203443,1.118,8/22/2021 0:00,1703,2,2,0,2,B,CLEAR,DRY,0,OTHER ROADWAY OR MID-BLOCK COLLISION,OPPOSING LEFT TURN,STRAIGHT & LEVEL,DAYLIGHT,0,0,0,1
28567608,CAMPBELL,I 0275,Interstate,,,,,39.02537242,-84.48121103,0.045,8/22/2021 0:00,5,2,2,0,0,O,CLEAR,DRY,0,OTHER RAMP RELATED COLLISIONS NOT LISTED ABOVE,ANGLE,CURVE & LEVEL,DARK-HWY LIGHTED/ON,0,0,0,1
28552032,CAMPBELL,I 0471,Interstate,,,,,39.08589317,-84.47430844,0.167,8/22/2021 0:00,1305,2,2,0,0,O,CLEAR,DRY,0,OTHER RAMP RELATED COLLISIONS NOT LISTED ABOVE,REAR TO REAR,CURVE & GRADE,DAYLIGHT,0,0,0,1
28552256,CAMPBELL,,OTHR,160,NEWPORT PAVILION,,,39.0917015,-84.47849845,0.141,8/23/2021 0:00,854,2,2,0,0,O,CLEAR,DRY,0,VEHICLE BACKING NON INTERSECTION,BACKING,STRAIGHT & LEVEL,DAYLIGHT,0,0,0,1