IncidentID,County,RdwyNumber,RdwyType,Street,RoadwayName,StreetSfx,StreetDir,Latitude,Longitude,Milepoint,CollisionDate,CollisionTime,UnitsInvolved,MotorVehiclesInvolved,NumberKilled,NumberInjured,KABCO,Weather,RdwyConditionCode,HitandRun,DirAnalysisCode,MannerofCollision,RdwyCharacter,LightCondition,Intersection Crash,Bicyclist,Pedestrian,Motor Vehicles
28554802,CAMPBELL,,OTHR,141,HIGHLAND,AVE,,39.07711874,-84.45215281,1.246,8/23/2021 0:00,1535,2,2,0,0,O,CLOUDY,DRY,0,1 VEHICLE PARKED POSITION (NOT PARKING LOT/DRIVEWAY),SIDESWIPE-SAME DIRECTION,STRAIGHT & LEVEL,DAYLIGHT,0,0,0,1
28554690,CAMPBELL,KY1632,StateRoute,,KY1632 TURN LANE,,,39.06825645,-84.46657227,0.024,8/23/2021 0:00,824,2,2,0,0,O,CLEAR,DRY,0,REAR END - ONE VEHICLE TURNING RIGHT,REAR END,CURVE & GRADE,DAYLIGHT,0,0,0,1
28561230,CAMPBELL,KY2238,StateRoute,,UNIVERSITY,DR,,39.03622402,-84.4623825,0.588,8/23/2021 0:00,2154,2,2,0,0,O,CLEAR,DRY,0,OPPOSING LEFT TURN,OPPOSING LEFT TURN,STRAIGHT & LEVEL,DARK-HWY LIGHTED/ON,0,0,0,1
28556105,CAMPBELL,KY0008,StateRoute,,FAIRFIELD,AVE,,39.10289267,-84.48738542,1.547,8/23/2021 0:00,1520,2,2,0,0,O,CLEAR,DRY,0,REAR END IN TRAFFIC LANES BOTH VEHICLES MOVING,REAR END,STRAIGHT & LEVEL,DAYLIGHT,0,0,0,1
28554828,CAMPBELL,KY0009,StateRoute,,AA,HWY,,38.99978105,-84.40886965,13.194,8/23/2021 0:00,1723,2,2,0,0,O,CLEAR,DRY,0,REAR END IN TRAFFIC LANES BOTH VEHICLES MOVING,REAR END,STRAIGHT & GRADE,DAYLIGHT,0,0,0,1
28559546,CAMPBELL,KY0009,StateRoute,,AA,HWY,,38.86981081,-84.26086561,0.556,8/23/2021 0:00,1125,1,1,0,0,O,CLEAR,DRY,0,OTHER COLLISIONS ON SHOULDER,SINGLE VEHICLE,CURVE & GRADE,DAYLIGHT,0,0,0,1
28569570,CAMPBELL,,OTHR,39,MEL LAWN,DR,,39.10728517,-84.45567288,0.088,8/23/2021 0:00,1233,2,2,0,0,O,CLEAR,DRY,0,1 VEHICLE PARKED POSITION (NOT PARKING LOT/DRIVEWAY),SIDESWIPE-SAME DIRECTION,STRAIGHT & LEVEL,DAYLIGHT,0,0,0,1
28552257,CAMPBELL,,OTHR,300 BLOCK,SARATOGA,ST,,39.0938969,-84.49361092,0.626,8/23/2021 0:00,1524,2,2,0,0,O,OTHER,OTHER,1,1 VEHICLE PARKED POSITION (NOT PARKING LOT/DRIVEWAY),SIDESWIPE-OPPOSITE DIRECTION,STRAIGHT & LEVEL,UNKNOWN,0,0,0,1
28552593,CAMPBELL,,OTHR,3112,ASPEN PINES,DR,,39.06048808,-84.48396821,0.357,8/23/2021 0:00,1700,2,2,0,0,O,CLEAR,DRY,0,1 VEHICLE PARKED POSITION (NOT PARKING LOT/DRIVEWAY),BACKING,STRAIGHT & LEVEL,DAYLIGHT,0,0,0,1
28551204,CAMPBELL,,OTHR,,DAYTON,ST,,39.09043051,-84.4914809,0.125,8/23/2021 0:00,602,2,2,0,0,O,CLEAR,DRY,1,1 VEHICLE PARKED POSITION (NOT PARKING LOT/DRIVEWAY),SIDESWIPE-SAME DIRECTION,STRAIGHT & LEVEL,DUSK,0,0,0,1
28561213,CAMPBELL,US0027,USRoute,1100,MONMOUTH,ST,,39.08606101,-84.48737892,21.456,8/24/2021 0:00,1552,2,2,0,0,O,CLEAR,DRY,0,REAR END IN TRAFFIC LANES BOTH VEHICLES MOVING,REAR END,STRAIGHT & GRADE,DAYLIGHT,0,0,0,1
28572292,CAMPBELL,KY0471,StateRoute,,KY471,,,39.03702049,-84.45394217,0.005,8/24/2021 0:00,2115,2,2,0,0,O,CLEAR,DRY,0,SIDESWIPE COLLISION - SAME DIRECTION,SIDESWIPE-SAME DIRECTION,STRAIGHT & LEVEL,DARK-HWY LIGHTED/ON,0,0,0,1
28557935,CAMPBELL,,OTHR,,10TH,ST,W,39.08617072,-84.49078372,0.518,8/24/2021 0:00,1857,2,2,0,0,O,CLEAR,DRY,0,OTHER INTERSECTION COLLISIONS,REAR END,STRAIGHT & LEVEL,DAYLIGHT,1,0,0,1
28563577,CAMPBELL,,OTHR,55,ROBSON,AVE,,39.06889398,-84.45149643,0.139,8/24/2021 0:00,847,2,2,0,0,O,CLEAR,DRY,1,1 VEHICLE PARKED POSITION (NOT PARKING LOT/DRIVEWAY),ANGLE,STRAIGHT & GRADE,UNKNOWN,0,0,0,1
28556706,CAMPBELL,,OTHR,130,NEWPORT PAVILION,,,39.09146507,-84.47797873,0.174,8/24/2021 0:00,1300,2,2,0,0,O,CLEAR,DRY,0,1 VEHICLE PARKED POSITION (NOT PARKING LOT/DRIVEWAY),SIDESWIPE-SAME DIRECTION,STRAIGHT & LEVEL,DAYLIGHT,0,0,0,1
28577337,CAMPBELL,,OTHR,1,HIGHLAND,AVE,,39.07859022,-84.44867516,1.324,8/24/2021 0:00,1930,1,1,0,1,B,CLOUDY,DRY,0,OTHER ROADWAY OR MID-BLOCK COLLISION,SINGLE VEHICLE,STRAIGHT & GRADE,DAYLIGHT,0,0,0,1
28562404,CAMPBELL,US0027,USRoute,,ALEXANDRIA,PIKE,,39.02772911,-84.44919852,16.047,8/25/2021 0:00,1600,2,2,0,0,O,CLEAR,DRY,0,1 VEHICLE ENTERING/LEAVING ENTRANCE,ANGLE,STRAIGHT & LEVEL,DAYLIGHT,0,0,0,1
28561210,CAMPBELL,I 0471,Interstate,,,,,39.10064097,-84.48952804,0.535,8/25/2021 0:00,1305,2,2,0,0,O,CLOUDY,WET,0,OTHER RAMP RELATED COLLISIONS NOT LISTED ABOVE,REAR END,STRAIGHT & LEVEL,DAYLIGHT,0,0,0,1
28569569,CAMPBELL,I 0471,Interstate,,I471 N,,,39.07215683,-84.46339476,2.176,8/25/2021 0:00,1220,1,1,0,0,O,RAINING,WET,0,OTHER ROADWAY OR MID-BLOCK COLLISION,SINGLE VEHICLE,CURVE & LEVEL,DAYLIGHT,0,0,0,1
28590694,CAMPBELL,US0027,USRoute,,ALEXANDRIA,PIKE,,38.95782735,-84.39320095,10.062,8/25/2021 0:00,1441,2,2,0,1,B,CLEAR,DRY,0,OTHER INTERSECTION COLLISIONS,REAR END,STRAIGHT & HILLCREST,DAYLIGHT,1,0,0,1
28561211,CAMPBELL,US0027,USRoute,,MONMOUTH,ST,,39.08623203,-84.48750658,21.457,8/25/2021 0:00,1234,2,2,0,0,O,RAINING,WET,0,SIDESWIPE-SAME DIRECTION,SIDESWIPE-SAME DIRECTION,STRAIGHT & GRADE,DAYLIGHT,0,0,0,1
28561208,CAMPBELL,KY1120,StateRoute,,11TH,ST,W,39.08127417,-84.49628627,0.229,8/25/2021 0:00,1152,2,2,0,1,C,RAINING,WET,0,ANGLE COLLISION - OTHER,ANGLE,STRAIGHT & LEVEL,DAYLIGHT,0,0,0,1
28572294,CAMPBELL,KY2345,StateRoute,,MARTHA L COLLINS,BLVD,,39.02641038,-84.45749584,0.464,8/25/2021 0:00,1525,2,2,0,0,O,CLEAR,DRY,0,,ANGLE,STRAIGHT & LEVEL,DAYLIGHT,0,0,0,1
28572269,CAMPBELL,KY0009,StateRoute,,12TH,ST,W,39.0800464,-84.49514955,22.086,8/25/2021 0:00,1708,1,1,0,0,O,CLOUDY,DRY,0,COLLISION WITH FIXED OBJECT IN INTERSECTION - FIRST EVENT COLLISION 09 - 32,SINGLE VEHICLE,STRAIGHT & LEVEL,DAYLIGHT,1,0,0,1
28567796,CAMPBELL,KY0009,StateRoute,,LICKING,PIKE,,39.02284343,-84.48087486,17.752,8/25/2021 0:00,1726,2,2,0,0,O,CLEAR,DRY,0,REAR END IN TRAFFIC LANES BOTH VEHICLES MOVING,REAR END,STRAIGHT & LEVEL,DAYLIGHT,0,0,0,1
28572271,CAMPBELL,KY1892,StateRoute,,CAROTHERS,RD,,39.08636409,-84.4772263,2.153,8/25/2021 0:00,1720,2,2,0,0,O,CLEAR,DRY,0,REAR END IN TRAFFIC LANES BOTH VEHICLES MOVING,REAR END,STRAIGHT & LEVEL,DAYLIGHT,0,0,0,1
28562793,CAMPBELL,,OTHR,130,NEWPORT PAVILION,,,39.09142,-84.47786219,0.181,8/25/2021 0:00,2011,2,2,0,0,O,CLEAR,DRY,1,1 VEHICLE PARKED POSITION (NOT PARKING LOT/DRIVEWAY),BACKING,STRAIGHT & LEVEL,DAYLIGHT,0,0,0,1
28578907,CAMPBELL,US0027,USRoute,,ALEXANDRIA,PIKE,,38.95767353,-84.39304441,10.046,8/26/2021 0:00,1616,2,2,0,0,O,CLEAR,DRY,1,SIDESWIPE-SAME DIRECTION,SIDESWIPE-SAME DIRECTION,STRAIGHT & LEVEL,DAYLIGHT,0,0,0,1
28578915,CAMPBELL,US0027,USRoute,,ALEXANDRIA,PIKE,,38.98216482,-84.39789059,11.861,8/26/2021 0:00,1951,2,2,0,0,O,CLEAR,DRY,0,VEHICLE BACKING IN INTERSECTION,BACKING,STRAIGHT & LEVEL,DUSK,1,0,0,1
28572297,CAMPBELL,,OTHR,,SUNSET,DR,,39.04036938,-84.46420038,0.019,8/26/2021 0:00,2112,1,1,0,0,O,CLEAR,DRY,0,COLLISION WITH FIXED OBJECT NON - INTERSECTION - FIRST EVENT COLLISION 09 - 32 EXCLUDING 16,SINGLE VEHICLE,CURVE & GRADE,DARK-HWY LIGHTED/ON,0,0,0,1
28569581,CAMPBELL,I 0471,Interstate,,I471 N,,,39.06757021,-84.46441412,1.841,8/26/2021 0:00,1700,1,1,0,0,O,RAINING,WET,0,OTHER ROADWAY OR MID-BLOCK COLLISION,SINGLE VEHICLE,CURVE & LEVEL,DAYLIGHT,0,0,0,1
28567797,CAMPBELL,I 0275,Interstate,,,,,39.02511853,-84.48119291,0.349,8/26/2021 0:00,2048,1,1,0,1,B,CLEAR,DRY,0,OTHER RAMP RELATED COLLISIONS NOT LISTED ABOVE,SINGLE VEHICLE,CURVE & GRADE,DARK-HWY LIGHTED/ON,0,0,0,1
28565608,CAMPBELL,I 0471,Interstate,,,,,39.09286945,-84.47901585,0.191,8/26/2021 0:00,1149,2,2,0,0,O,CLEAR,DRY,0,OTHER RAMP RELATED COLLISIONS NOT LISTED ABOVE,REAR END,CURVE & LEVEL,DAYLIGHT,0,0,0,1
28633528,CAMPBELL,,OTHR,,LAFAYETTE,AVE,,39.09942377,-84.47951202,0.58,8/26/2021 0:00,1540,2,2,0,0,O,CLEAR,DRY,0,VEHICLE BACKING NON INTERSECTION,BACKING,STRAIGHT & LEVEL,DAYLIGHT,0,0,0,1
28569902,CAMPBELL,US0027,USRoute,1930,MONMOUTH,ST,,39.07888869,-84.48017011,20.815,8/27/2021 0:00,1529,2,2,0,0,O,CLEAR,DRY,0,1 VEHICLE ENTERING/LEAVING ENTRANCE,ANGLE,STRAIGHT & LEVEL,DAYLIGHT,0,0,0,1
28571632,CAMPBELL,,OTHR,,BLOSSOM,LN,,39.05531552,-84.46558101,0.368,8/27/2021 0:00,939,2,2,0,0,O,CLEAR,DRY,0,VEHICLE BACKING NON INTERSECTION,BACKING,STRAIGHT & LEVEL,DAYLIGHT,0,0,0,1
28570348,CAMPBELL,,OTHR,,NEWPORT PAVILION,,,39.08800253,-84.47604375,0.468,8/27/2021 0:00,1840,2,2,0,0,O,RAINING,WET,1,OTHER ROADWAY OR MID-BLOCK COLLISION,OPPOSING LEFT TURN,STRAIGHT & LEVEL,DUSK,0,0,0,1
28573882,CAMPBELL,KY1998,StateRoute,,POOLES CREEK,RD,,39.01023251,-84.46882148,0.027,8/27/2021 0:00,2308,1,1,0,0,O,CLOUDY,WET,0,RAN OFF ROADWAY (1 VEHICLE WITH/EARTH EMBANKMENT/DITCH),SINGLE VEHICLE,STRAIGHT & LEVEL,DARK-HWY LIGHTED/ON,0,0,0,1
28575183,CAMPBELL,,OTHR,1751,NEWPORT SHOPPING CENTER,,,39.08356455,-84.4795588,0.154,8/27/2021 0:00,1755,2,2,0,0,O,CLEAR,DRY,1,1 VEHICLE PARKED POSITION (NOT PARKING LOT/DRIVEWAY),BACKING,,DAYLIGHT,0,0,0,1
28633527,CAMPBELL,KY0008,StateRoute,200,FAIRFIELD,AVE,,39.10497627,-84.48485425,1.745,8/27/2021 0:00,1044,2,2,0,0,O,CLEAR,DRY,0,1 VEHICLE PARKED POSITION (NOT PARKING LOT/DRIVEWAY),SIDESWIPE-SAME DIRECTION,STRAIGHT & LEVEL,DAYLIGHT,0,0,0,1
29151563,CAMPBELL,KY0536,StateRoute,300,CREEKTRACE,RD,,38.92771688,-84.43063758,1.142,8/27/2021 0:00,1942,1,1,0,0,O,RAINING,WET,0,COLLISION WITH FIXED OBJECT NON - INTERSECTION - FIRST EVENT COLLISION 09 - 32 EXCLUDING 16,SINGLE VEHICLE,STRAIGHT & LEVEL,DARK-HWY NOT LIGHTED,0,0,0,1
28569940,CAMPBELL,KY1120,StateRoute,,MEMORIAL,PKWY,,39.0927187,-84.48063559,1.375,8/27/2021 0:00,1553,2,2,0,0,O,CLOUDY,DRY,1,SIDESWIPE-SAME DIRECTION,SIDESWIPE-SAME DIRECTION,STRAIGHT & GRADE,DAYLIGHT,0,0,0,1
28590048,CAMPBELL,,OTHR,,11TH,ST,E,39.08613368,-84.48747271,,8/27/2021 0:00,1958,2,2,0,1,A,RAINING,WET,0,ANGLE COLLISION - OTHER,ANGLE,STRAIGHT & LEVEL,DAYLIGHT,0,0,0,1
28569879,CAMPBELL,US0027,USRoute,,MONMOUTH,ST,,39.07920419,-84.48051695,20.836,8/27/2021 0:00,1606,2,2,0,0,O,CLEAR,DRY,0,ANGLE COLLISION - OTHER,ANGLE,STRAIGHT & LEVEL,DAYLIGHT,0,0,0,1
28569904,CAMPBELL,,OTHR,,NEWPORT PAVILION,,,39.08843446,-84.47569321,0.432,8/27/2021 0:00,1603,2,2,0,0,O,CLEAR,DRY,0,ANGLE COLLISION - OTHER,ANGLE,STRAIGHT & LEVEL,DAYLIGHT,0,0,0,1
28571644,CAMPBELL,US0027,USRoute,,ALEXANDRIA,PIKE,,39.07079196,-84.46980478,20.003,8/27/2021 0:00,1804,2,2,0,0,O,RAINING,WET,0,REAR END IN TRAFFIC LANES BOTH VEHICLES MOVING,REAR END,STRAIGHT & GRADE,DAYLIGHT,0,0,0,1
28775481,CAMPBELL,KY0008,StateRoute,,DAVE COWENS,DR,,39.10034929,-84.49026376,1.308,8/27/2021 0:00,1838,2,2,0,0,O,RAINING,WET,0,REAR END IN TRAFFIC LANES BOTH VEHICLES MOVING,REAR END,STRAIGHT & LEVEL,DAYLIGHT,0,0,0,1
28569552,CAMPBELL,I 0471,Interstate,,I471 S,,,39.10118497,-84.49613456,5.014,8/27/2021 0:00,825,2,2,0,0,O,CLEAR,DRY,0,SIDESWIPE COLLISION - SAME DIRECTION,SIDESWIPE-SAME DIRECTION,STRAIGHT & LEVEL,DAYLIGHT,0,0,0,1
28569558,CAMPBELL,KY1892,StateRoute,,CAROTHERS,RD,,39.08639139,-84.4772865,2.155,8/27/2021 0:00,913,2,2,0,0,O,CLEAR,DRY,0,SIDESWIPE COLLISION - SAME DIRECTION,SIDESWIPE-SAME DIRECTION,STRAIGHT & LEVEL,DAYLIGHT,0,0,0,1
28575293,CAMPBELL,KY0008,StateRoute,,4TH,AVE,,39.11526706,-84.46819055,2.927,8/28/2021 0:00,2203,2,2,0,0,O,CLOUDY,DRY,0,OPPOSING LEFT TURN,OPPOSING LEFT TURN,STRAIGHT & LEVEL,DARK-HWY NOT LIGHTED,0,0,0,1
28579353,CAMPBELL,US0027,USRoute,,ALEXANDRIA,PIKE,,38.97367316,-84.39227557,11.155,8/28/2021 0:00,1748,2,2,0,0,O,CLEAR,DRY,0,OTHER INTERSECTION COLLISIONS,REAR END,STRAIGHT & LEVEL,DAYLIGHT,1,0,0,1
28582745,CAMPBELL,US0027,USRoute,2423,ALEXANDRIA,PIKE,,39.07365518,-84.47277218,20.261,8/28/2021 0:00,300,1,1,0,0,O,CLOUDY,DRY,1,COLLISION WITH FIXED OBJECT NON - INTERSECTION - FIRST EVENT COLLISION 09 - 32 EXCLUDING 16,SINGLE VEHICLE,STRAIGHT & GRADE,DARK-HWY LIGHTED/ON,0,0,0,1
28573243,CAMPBELL,KY1936,StateRoute,623,KENTON STATION,RD,,38.86894984,-84.41189755,1.484,8/28/2021 0:00,700,1,1,0,0,O,CLEAR,WET,0,RAN OFF ROADWAY (1 VEHICLE WITH/EARTH EMBANKMENT/DITCH),SINGLE VEHICLE,CURVE & GRADE,DAWN,0,0,0,1
28575011,CAMPBELL,I 0275,Interstate,,,,,39.04476066,-84.459979,0.249,8/28/2021 0:00,1101,1,1,0,0,O,CLEAR,DRY,0,COLLISION WITH FIXED OBJECT NOT IN GORE ,SINGLE VEHICLE,CURVE & HILLCREST,DAYLIGHT,0,0,0,1
28577348,CAMPBELL,US0027,USRoute,,ALEXANDRIA,PIKE,,39.06034742,-84.4526204,18.652,8/28/2021 0:00,457,1,1,0,1,B,CLOUDY,DRY,0,OTHER ROADWAY OR MID-BLOCK COLLISION,SINGLE VEHICLE,CURVE & GRADE,DARK-HWY LIGHTED/ON,0,0,0,1
28573773,CAMPBELL,KY0009,StateRoute,,AA,HWY,,39.02142284,-84.48135509,17.641,8/28/2021 0:00,2243,2,2,0,3,B,CLEAR,DRY,0,1 VEHICLE ENTERING/LEAVING ENTRANCE,ANGLE,STRAIGHT & LEVEL,DARK-HWY LIGHTED/ON,0,0,0,1
29664277,CAMPBELL,US0027,USRoute,,ALEXANDRIA,PIKE,,39.0369561,-84.45396371,16.733,8/28/2021 0:00,54,2,2,0,0,O,CLOUDY,DRY,0,1 VEHICLE ENTERING/LEAVING ENTRANCE,ANGLE,STRAIGHT & LEVEL,DARK-HWY LIGHTED/ON,0,0,0,1
28577617,CAMPBELL,US0027,USRoute,,,,,39.00339011,-84.42315317,0.553,8/29/2021 0:00,1926,2,2,0,0,O,CLEAR,DRY,0,OTHER RAMP RELATED COLLISIONS NOT LISTED ABOVE,REAR END,STRAIGHT & LEVEL,DAYLIGHT,0,0,0,1
28578979,CAMPBELL,,OTHR,,3RD,ST,W,39.09226208,-84.49931056,0.058,8/29/2021 0:00,1438,2,2,0,0,O,CLEAR,DRY,0,SIDESWIPE COLLISION - SAME DIRECTION,SIDESWIPE-SAME DIRECTION,STRAIGHT & LEVEL,DAYLIGHT,0,0,0,1
28575064,CAMPBELL,I 0471,Interstate,,I471 N,,,39.1012905,-84.49600822,5.013,8/29/2021 0:00,1416,3,3,0,0,O,RAINING,WET,1,REAR END IN TRAFFIC LANES BOTH VEHICLES MOVING,REAR END,STRAIGHT & LEVEL,DAYLIGHT,0,0,0,1
28575179,CAMPBELL,,OTHR,130,NEWPORT PAVILION,,,39.08969776,-84.47601409,0.338,8/29/2021 0:00,1410,2,2,0,0,O,RAINING,WET,0,1 VEHICLE PARKED POSITION (NOT PARKING LOT/DRIVEWAY),SIDESWIPE-OPPOSITE DIRECTION,STRAIGHT & LEVEL,DAYLIGHT,0,0,0,1
28578347,CAMPBELL,I 0275,Interstate,,I275 E,,,39.03538513,-84.47023374,76.007,8/29/2021 0:00,1245,3,3,0,0,O,CLEAR,DRY,0,REAR END IN TRAFFIC LANES BOTH VEHICLES MOVING,REAR END,STRAIGHT & GRADE,DAYLIGHT,0,0,0,1
28579591,CAMPBELL,,OTHR,5961,MURNAN,RD,,39.01464859,-84.43639189,1.736,8/29/2021 0:00,1915,1,1,0,0,O,CLEAR,DRY,0,COLLISION WITH FIXED OBJECT NON - INTERSECTION - FIRST EVENT COLLISION 09 - 32 EXCLUDING 16,SINGLE VEHICLE,CURVE & GRADE,DAYLIGHT,0,0,0,1
28575452,CAMPBELL,KY0008,StateRoute,4453,MARY INGLES,HWY,,39.04249446,-84.41981983,8.974,8/29/2021 0:00,1332,1,1,0,0,O,CLOUDY,DRY,0,RAN OFF ROADWAY (1 VEHICLE WITH/EARTH EMBANKMENT/DITCH),SINGLE VEHICLE,CURVE & LEVEL,DAYLIGHT,0,0,0,1
28612328,CAMPBELL,,OTHR,1217,LICKERT,RD,,38.92569789,-84.38646702,1.245,8/29/2021 0:00,1229,1,1,0,0,O,CLEAR,DRY,0,COLLISION WITH FIXED OBJECT NON - INTERSECTION - FIRST EVENT COLLISION 09 - 32 EXCLUDING 16,SINGLE VEHICLE,STRAIGHT & LEVEL,DAYLIGHT,0,0,0,1
28586022,CAMPBELL,I 0471,Interstate,,I471 S,,,39.06018658,-84.46946333,1.239,8/29/2021 0:00,1941,1,1,0,1,B,CLEAR,DRY,0,COLLISION WITH FIXED OBJECT NON - INTERSECTION - FIRST EVENT COLLISION 09 - 32 EXCLUDING 16,SINGLE VEHICLE,CURVE & LEVEL,DAYLIGHT,0,0,0,1
28608108,CAMPBELL,,OTHR,,BRECKENRIDGE,DR,,38.96403967,-84.40059937,0.094,8/29/2021 0:00,2133,1,1,0,0,O,CLEAR,DRY,0,COLLISION WITH FIXED OBJECT IN INTERSECTION - FIRST EVENT COLLISION 09 - 32,SINGLE VEHICLE,STRAIGHT & LEVEL,DARK-HWY LIGHTED/ON,1,0,0,1
28595190,CAMPBELL,KY2238,StateRoute,,LOUIE B NUNN,DR,,39.03342572,-84.45986616,0.327,8/30/2021 0:00,1111,2,2,0,0,O,RAINING,WET,1,SIDESWIPE-SAME DIRECTION,SIDESWIPE-SAME DIRECTION,CURVE & LEVEL,DAYLIGHT,0,0,0,1
28582113,CAMPBELL,I 0275,Interstate,,I275 E,,,39.04360717,-84.46756271,75.404,8/30/2021 0:00,1411,2,2,0,0,O,RAINING,WET,0,SIDESWIPE-SAME DIRECTION,SIDESWIPE-SAME DIRECTION,STRAIGHT & HILLCREST,DAYLIGHT,0,0,0,1
28620808,CAMPBELL,KY0009,StateRoute,,AA,HWY,,39.018115,-84.48023432,17.395,8/30/2021 0:00,1229,2,2,0,1,B,RAINING,WET,0,ANGLE COLLISION - ONE VEHICLE TURNING LEFT,ANGLE,STRAIGHT & LEVEL,DAYLIGHT,0,0,0,1
28592507,CAMPBELL,,OTHR,,8TH,ST,E,39.09010385,-84.49021351,0.178,8/30/2021 0:00,1620,2,2,0,0,O,CLOUDY,DRY,0,ANGLE COLLISION - ONE VEHICLE TURNING LEFT,ANGLE,STRAIGHT & LEVEL,DAYLIGHT,0,0,0,1
28582036,CAMPBELL,,OTHR,14,OHIO,AVE,,39.08575866,-84.45392405,0.035,8/30/2021 0:00,1125,2,2,0,0,O,OTHER,WET,0,1 VEHICLE PARKED POSITION (NOT PARKING LOT/DRIVEWAY),SIDESWIPE-SAME DIRECTION,STRAIGHT & LEVEL,DAYLIGHT,0,0,0,1
28580228,CAMPBELL,,OTHR,824,CLAY RIDGE,RD,,38.85234755,-84.40375936,0.923,8/30/2021 0:00,1748,1,1,0,1,C,CLOUDY,WET,0,OTHER COLLISIONS ON SHOULDER,SINGLE VEHICLE,CURVE & GRADE,DAYLIGHT,0,0,0,1
28578976,CAMPBELL,I 0471,Interstate,,I471 N,,,39.09961122,-84.49273417,4.802,8/30/2021 0:00,838,2,2,0,0,O,CLOUDY,DRY,0,REAR END IN TRAFFIC LANES BOTH VEHICLES MOVING,REAR END,STRAIGHT & LEVEL,DAYLIGHT,0,0,0,1
28592511,CAMPBELL,KY1892,StateRoute,93,CAROTHERS,RD,,39.08572524,-84.47969642,2.297,8/30/2021 0:00,1600,2,2,0,0,O,CLEAR,DRY,0,SIDESWIPE COLLISION - SAME DIRECTION,SIDESWIPE-SAME DIRECTION,STRAIGHT & LEVEL,DAYLIGHT,0,0,0,1
28578977,CAMPBELL,US0027,USRoute,900,YORK,ST,,39.08632519,-84.49081286,21.697,8/30/2021 0:00,721,2,2,0,0,O,CLEAR,DRY,0,SIDESWIPE COLLISION - SAME DIRECTION,SIDESWIPE-SAME DIRECTION,STRAIGHT & LEVEL,DAYLIGHT,0,0,0,1
28636214,CAMPBELL,KY0010,StateRoute,8236,MAIN,ST,W,38.95712907,-84.39421238,1.231,8/30/2021 0:00,710,2,2,0,0,O,RAINING,WATER (STANDING OR MOVING),0,1 VEHICLE ENTERING/LEAVING ENTRANCE,ANGLE,STRAIGHT & LEVEL,DAYLIGHT,0,0,0,1
28581072,CAMPBELL,KY1120,StateRoute,,10TH,ST,E,39.08734716,-84.48861419,0.807,8/30/2021 0:00,1950,2,2,0,0,O,CLEAR,DRY,0,VEHICLE BACKING NON INTERSECTION,BACKING,STRAIGHT & LEVEL,DUSK,0,0,0,1
28590470,CAMPBELL,,OTHR,100,HIGHLAND,AVE,,39.07834442,-84.44908804,1.351,8/30/2021 0:00,1505,3,3,0,0,O,CLOUDY,WET,0,OTHER ROADWAY OR MID-BLOCK COLLISION,REAR END,STRAIGHT & LEVEL,DAYLIGHT,0,0,0,1
28605426,CAMPBELL,US0027,USRoute,5020,ALEXANDRIA,PIKE,,39.00541011,-84.42614,14.048,8/31/2021 0:00,1620,2,2,0,1,B,RAINING,WET,0,1 VEHICLE ENTERING/LEAVING ENTRANCE,ANGLE,STRAIGHT & LEVEL,DAYLIGHT,0,0,0,1
28582765,CAMPBELL,KY2924,StateRoute,,TOLLGATE,RD,,38.96910466,-84.41078768,,8/31/2021 0:00,1137,1,1,0,0,O,CLEAR,WET,0,OTHER COLLISIONS ON SHOULDER,SINGLE VEHICLE,CURVE & LEVEL,DAYLIGHT,0,0,0,1
28607715,CAMPBELL,KY1998,StateRoute,,INDUSTRIAL,RD,,39.03819619,-84.42670575,3.326,8/31/2021 0:00,2339,1,1,0,0,O,RAINING,WET,0,OTHER COLLISIONS ON SHOULDER,SINGLE VEHICLE,CURVE & GRADE,DARK (UNKNOWN ROADWAY LIGHTING),0,0,0,1
28586436,CAMPBELL,,OTHR,20,PLEASANT,AVE,,39.05507315,-84.45038496,0.057,8/31/2021 0:00,230,2,2,0,0,O,CLOUDY,DRY,0,1 VEHICLE PARKED POSITION (NOT PARKING LOT/DRIVEWAY),BACKING,STRAIGHT & GRADE,DUSK,0,0,0,1
28588116,CAMPBELL,KY0009,StateRoute,,AA,HWY,,38.99113404,-84.39872402,12.384,8/31/2021 0:00,1142,1,1,0,0,O,CLOUDY,DRY,0,OTHER INTERSECTION COLLISIONS,SINGLE VEHICLE,STRAIGHT & LEVEL,DAYLIGHT,1,0,0,1
28583756,CAMPBELL,KY0009,StateRoute,,AA,HWY,,39.02006774,-84.48147406,17.544,8/31/2021 0:00,753,2,2,0,0,O,CLOUDY,DRY,0,OTHER INTERSECTION COLLISIONS,REAR END,STRAIGHT & LEVEL,DAYLIGHT,1,0,0,1
28588115,CAMPBELL,US0027,USRoute,,ALEXANDRIA,PIKE,,38.94015186,-84.39415941,8.854,8/31/2021 0:00,1025,2,2,0,0,O,CLOUDY,WET,0,SIDESWIPE-SAME DIRECTION,SIDESWIPE-SAME DIRECTION,STRAIGHT & LEVEL,DAYLIGHT,0,0,0,1
28643694,CAMPBELL,US0027,USRoute,,ALEXANDRIA,PIKE,,39.02899145,-84.45063738,16.153,9/1/2021 0:00,1527,2,2,0,0,O,CLEAR,DRY,0,,REAR END,STRAIGHT & LEVEL,DAYLIGHT,0,0,0,1
28635983,CAMPBELL,KY0008,StateRoute,,4TH,AVE,,39.11499505,-84.4650148,3.072,9/1/2021 0:00,135,2,2,0,0,O,CLEAR,DRY,0,1 VEHICLE PARKED POSITION (NOT PARKING LOT/DRIVEWAY),SIDESWIPE-SAME DIRECTION,STRAIGHT & LEVEL,DARK-HWY LIGHTED/ON,0,0,0,1