IncidentID,County,RdwyNumber,RdwyType,Street,RoadwayName,StreetSfx,StreetDir,Latitude,Longitude,Milepoint,CollisionDate,CollisionTime,UnitsInvolved,MotorVehiclesInvolved,NumberKilled,NumberInjured,KABCO,Weather,RdwyConditionCode,HitandRun,DirAnalysisCode,MannerofCollision,RdwyCharacter,LightCondition,Intersection Crash,Bicyclist,Pedestrian,Motor Vehicles
28605290,CAMPBELL,,OTHR,22,BEECHWOOD,AVE,,39.06860852,-84.45249037,0.043,9/1/2021 0:00,1650,2,2,0,0,O,CLEAR,DRY,0,1 VEHICLE PARKED POSITION (NOT PARKING LOT/DRIVEWAY),REAR END,STRAIGHT & GRADE,DAYLIGHT,0,0,0,1
28589907,CAMPBELL,,OTHR,222,6TH,ST,E,39.09276336,-84.49120031,0.524,9/1/2021 0:00,1910,4,4,0,0,O,CLEAR,DRY,0,1 VEHICLE PARKED POSITION (NOT PARKING LOT/DRIVEWAY),SIDESWIPE-SAME DIRECTION,STRAIGHT & LEVEL,DAYLIGHT,0,0,0,1
28587174,CAMPBELL,,OTHR,721,ISABELLA,ST,,39.08721692,-84.49773879,0.483,9/1/2021 0:00,1004,2,2,0,0,O,CLEAR,DRY,1,1 VEHICLE PARKED POSITION (NOT PARKING LOT/DRIVEWAY),REAR END,STRAIGHT & LEVEL,DAYLIGHT,0,0,0,1
28608109,CAMPBELL,,OTHR,220,SPRINGWOOD,DR,,38.94734071,-84.36160578,0.317,9/1/2021 0:00,951,2,2,0,0,O,CLEAR,DRY,0,1 VEHICLE PARKED POSITION (NOT PARKING LOT/DRIVEWAY),ANGLE,STRAIGHT & LEVEL,DAYLIGHT,0,0,0,1
28590129,CAMPBELL,I 0275,Interstate,,I275 W,,,39.02684218,-84.47524781,76.73,9/1/2021 0:00,1928,1,1,0,0,O,CLEAR,DRY,0,OTHER COLLISIONS ON SHOULDER,SINGLE VEHICLE,CURVE & GRADE,DAYLIGHT,0,0,0,1
28709740,CAMPBELL,KY2345,StateRoute,70,MARTHA L COLLINS,BLVD,,39.02779807,-84.4521025,0.111,9/1/2021 0:00,1216,3,3,0,1,C,CLOUDY,DRY,0,HEAD-ON COLLISION,HEAD ON,STRAIGHT & LEVEL,DAYLIGHT,0,0,0,1
28588219,CAMPBELL,US0027,USRoute,,3RD,ST,E,39.0936627,-84.49672162,22.248,9/1/2021 0:00,1425,2,2,0,0,O,CLEAR,DRY,0,SIDESWIPE COLLISION - SAME DIRECTION,SIDESWIPE-SAME DIRECTION,CURVE & LEVEL,DAYLIGHT,0,0,0,1
28589909,CAMPBELL,KY1892,StateRoute,75,CAROTHERS,RD,,39.08620531,-84.47904364,2.249,9/1/2021 0:00,100,2,2,0,0,O,CLEAR,DRY,0,SIDESWIPE COLLISION - SAME DIRECTION,SIDESWIPE-SAME DIRECTION,CURVE & GRADE,DARK-HWY LIGHTED/ON,0,0,0,1
28594746,CAMPBELL,KY0009,StateRoute,,LICKING,PIKE,,39.02160202,-84.48132275,17.654,9/1/2021 0:00,1705,2,2,0,0,O,CLEAR,DRY,0,OTHER ROADWAY OR MID-BLOCK COLLISION,REAR END,STRAIGHT & LEVEL,DAYLIGHT,0,0,0,1
28605425,CAMPBELL,US0027,USRoute,,ALEXANDRIA,PIKE,,39.01837682,-84.43587076,15.044,9/1/2021 0:00,1205,2,2,0,0,O,CLEAR,DRY,0,1 VEHICLE ENTERING/LEAVING ENTRANCE,ANGLE,STRAIGHT & LEVEL,DAYLIGHT,0,0,0,1
28608174,CAMPBELL,,OTHR,,CLITZ,ST,,39.06821385,-84.44498392,0.183,9/1/2021 0:00,1517,2,2,0,0,O,CLOUDY,DRY,0,VEHICLE BACKING NON INTERSECTION,BACKING,STRAIGHT & LEVEL,DAYLIGHT,0,0,0,1
28594204,CAMPBELL,KY1892,StateRoute,57,CAROTHERS,RD,,39.08471874,-84.48141974,2.417,9/2/2021 0:00,1900,2,2,0,0,O,CLEAR,DRY,0,1 VEHICLE ENTERING/LEAVING ENTRANCE,ANGLE,CURVE & GRADE,DAYLIGHT,0,0,0,1
28607724,CAMPBELL,I 0275,Interstate,,I275 E,,,39.05584667,-84.43324279,73.365,9/2/2021 0:00,1825,3,3,0,0,O,CLEAR,DRY,0,OTHER ROADWAY OR MID-BLOCK COLLISION,REAR END,STRAIGHT & LEVEL,DAYLIGHT,0,0,0,1
28595353,CAMPBELL,I 0275,Interstate,,I275,,E,39.05637984,-84.43221347,,9/2/2021 0:00,1828,4,4,0,1,B,CLEAR,DRY,0,OTHER ROADWAY OR MID-BLOCK COLLISION,REAR END,STRAIGHT & LEVEL,DAYLIGHT,0,0,0,1
28620811,CAMPBELL,KY0009,StateRoute,,LICKING,PIKE,,39.02181697,-84.48108273,17.671,9/2/2021 0:00,2011,4,4,0,0,O,CLEAR,DRY,0,REAR END IN TRAFFIC LANES BOTH VEHICLES MOVING,REAR END,STRAIGHT & LEVEL,DAYLIGHT,0,0,0,1
28592517,CAMPBELL,,OTHR,1031,WASHINGTON,AVE,,39.08792728,-84.4862166,0.652,9/2/2021 0:00,621,3,3,0,1,C,CLOUDY,DRY,0,1 VEHICLE PARKED POSITION (NOT PARKING LOT/DRIVEWAY),HEAD ON,STRAIGHT & LEVEL,DARK-HWY NOT LIGHTED,0,0,0,1
28633525,CAMPBELL,,OTHR,312,TAYLOR,AVE,,39.10427097,-84.4823098,0.248,9/2/2021 0:00,2010,2,2,0,0,O,CLEAR,DRY,1,1 VEHICLE PARKED POSITION (NOT PARKING LOT/DRIVEWAY),SIDESWIPE-SAME DIRECTION,STRAIGHT & LEVEL,DARK-HWY NOT LIGHTED,0,0,0,1
28628932,CAMPBELL,I 0275,Interstate,,I275 E,,,39.05655422,-84.43148394,73.258,9/2/2021 0:00,1901,3,3,0,0,O,CLEAR,DRY,0,,REAR END,STRAIGHT & LEVEL,DAYLIGHT,0,0,0,1
28628189,CAMPBELL,US0027,USRoute,,ALEXANDRIA,PIKE,,38.9615943,-84.39295234,10.346,9/3/2021 0:00,1605,2,1,0,0,O,CLEAR,DRY,0,ANGLE COLLISION - OTHER,ANGLE,STRAIGHT & LEVEL,DAYLIGHT,0,0,0,1
28616998,CAMPBELL,,OTHR,,SARATOGA,ST,,39.08770831,-84.48794956,0.102,9/3/2021 0:00,1516,2,2,0,0,O,CLEAR,DRY,0,ANGLE COLLISION - OTHER,ANGLE,STRAIGHT & LEVEL,DAYLIGHT,0,0,0,1
28627834,CAMPBELL,US0027,USRoute,,ALEXANDRIA,PIKE,,38.98747846,-84.40501581,12.396,9/3/2021 0:00,754,2,2,0,0,O,CLEAR,DRY,0,OTHER INTERSECTION COLLISIONS,REAR END,STRAIGHT & GRADE,DAYLIGHT,1,0,0,1
28599416,CAMPBELL,KY0008,StateRoute,,6TH,AVE,,39.11161518,-84.47573468,2.406,9/3/2021 0:00,1904,2,2,0,0,O,CLEAR,DRY,0,OTHER INTERSECTION COLLISIONS,REAR END,STRAIGHT & LEVEL,DUSK,1,0,0,1
28612335,CAMPBELL,KY0010,StateRoute,,MAIN,ST,E,38.95796489,-84.38072738,2.09,9/3/2021 0:00,1529,2,2,0,0,O,CLEAR,DRY,0,OTHER INTERSECTION COLLISIONS,REAR END,STRAIGHT & LEVEL,DAYLIGHT,1,0,0,1
28614760,CAMPBELL,,OTHR,11313,PLEASANT RIDGE,RD,,38.88576614,-84.4264672,3.165,9/3/2021 0:00,1752,1,1,0,0,O,CLEAR,DRY,0,COLLISION WITH FIXED OBJECT NON - INTERSECTION - FIRST EVENT COLLISION 09 - 32 EXCLUDING 16,SINGLE VEHICLE,CURVE & HILLCREST,DAYLIGHT,0,0,0,1
28635968,CAMPBELL,,OTHR,,WALNUT,ST,,39.10964198,-84.47802512,0.354,9/3/2021 0:00,1530,2,2,0,0,O,CLEAR,DRY,0,1 VEHICLE PARKED POSITION (NOT PARKING LOT/DRIVEWAY),BACKING,STRAIGHT & LEVEL,DAYLIGHT,0,0,0,1
28643704,CAMPBELL,I 0275,Interstate,,I275 E,,,39.03578166,-84.47020911,75.978,9/3/2021 0:00,1449,2,2,0,0,O,CLEAR,DRY,0,1 VEHICLE PARKED POSITION (NOT PARKING LOT/DRIVEWAY),ANGLE,STRAIGHT & LEVEL,DAYLIGHT,0,0,0,1
28642742,CAMPBELL,,OTHR,1214,JOHN,ST,,39.08398499,-84.48666659,0.043,9/3/2021 0:00,1630,1,1,0,0,O,CLEAR,DRY,0,COLLISION WITH FIXED OBJECT NON - INTERSECTION - FIRST EVENT COLLISION 09 - 32 EXCLUDING 16,SINGLE VEHICLE,CURVE & HILLCREST,DAYLIGHT,0,0,0,1
28598135,CAMPBELL,,OTHR,,DAVE COWENS,DR,,39.09685859,-84.49420445,0.001,9/3/2021 0:00,2143,2,2,0,0,O,CLEAR,DRY,0,REAR END IN TRAFFIC LANES BOTH VEHICLES MOVING,REAR END,STRAIGHT & GRADE,DARK-HWY LIGHTED/ON,0,0,0,1
28597198,CAMPBELL,I 0471,Interstate,,I471 N,,,39.10082529,-84.49513291,4.956,9/3/2021 0:00,1840,2,2,0,0,O,CLEAR,DRY,0,REAR END IN TRAFFIC LANES BOTH VEHICLES MOVING,REAR END,STRAIGHT & LEVEL,DAYLIGHT,0,0,0,1
28616988,CAMPBELL,I 0471,Interstate,,I471 N,,,39.10128704,-84.49599183,5.012,9/3/2021 0:00,1559,2,2,0,0,O,CLOUDY,DRY,0,REAR END IN TRAFFIC LANES BOTH VEHICLES MOVING,REAR END,STRAIGHT & LEVEL,DAYLIGHT,0,0,0,1
28633526,CAMPBELL,,OTHR,53,DONNERMEYER,BLVD,,39.09866561,-84.48069147,0.172,9/3/2021 0:00,1231,2,2,0,0,O,CLEAR,DRY,0,REAR END IN TRAFFIC LANES BOTH VEHICLES MOVING,REAR END,STRAIGHT & LEVEL,DAYLIGHT,0,0,0,1
28611804,CAMPBELL,I 0471,Interstate,,I471 N,,,39.05746813,-84.46937638,1.058,9/3/2021 0:00,720,1,1,0,0,O,CLEAR,DRY,0,OTHER COLLISIONS ON SHOULDER,SINGLE VEHICLE,STRAIGHT & LEVEL,DAYLIGHT,0,0,0,1
28598134,CAMPBELL,,OTHR,,SARATOGA,ST,,39.0944354,-84.49420048,0.675,9/3/2021 0:00,2301,2,2,0,0,O,CLEAR,DRY,1,OTHER ROADWAY OR MID-BLOCK COLLISION,REAR END,STRAIGHT & LEVEL,DARK-HWY LIGHTED/ON,0,0,0,1
28612331,CAMPBELL,KY0709,StateRoute,,ALEXANDRIA,PIKE,E,38.98406554,-84.39788008,0.124,9/3/2021 0:00,1652,3,3,0,0,O,CLEAR,DRY,0,1 VEHICLE ENTERING/LEAVING ENTRANCE,ANGLE,STRAIGHT & GRADE,DAYLIGHT,0,0,0,1
28626677,CAMPBELL,,OTHR,86,CAROTHERS,RD,,39.08554068,-84.47663526,,9/3/2021 0:00,1500,2,2,0,0,O,CLEAR,DRY,0,VEHICLE BACKING NON INTERSECTION,BACKING,STRAIGHT & LEVEL,DAYLIGHT,0,0,0,1
28651783,CAMPBELL,US0027,USRoute,,MONMOUTH,ST,,39.09366274,-84.49543043,22.142,9/4/2021 0:00,228,2,2,0,0,O,CLEAR,DRY,0,SIDESWIPE COLLISION - SAME DIRECTION,SIDESWIPE-SAME DIRECTION,STRAIGHT & HILLCREST,DARK-HWY LIGHTED/ON,0,0,0,1
28601280,CAMPBELL,I 0275,Interstate,,I275 E,,,39.05425412,-84.43662467,73.578,9/4/2021 0:00,1750,2,2,0,0,O,CLOUDY,DRY,0,REAR END IN TRAFFIC LANES BOTH VEHICLES MOVING,REAR END,STRAIGHT & GRADE,DAYLIGHT,0,0,0,1
28598232,CAMPBELL,,OTHR,230,MAIN,ST,,39.07883465,-84.48923916,0.204,9/4/2021 0:00,129,2,2,0,0,O,CLEAR,DRY,0,1 VEHICLE PARKED POSITION (NOT PARKING LOT/DRIVEWAY),SIDESWIPE-SAME DIRECTION,STRAIGHT & GRADE,DARK-HWY NOT LIGHTED,0,0,0,1
28651539,CAMPBELL,KY0009,StateRoute,,AA,HWY,,39.0029284,-84.43526311,14.663,9/4/2021 0:00,1622,2,2,0,0,O,CLEAR,DRY,0,ANGLE COLLISION - OTHER,ANGLE,STRAIGHT & LEVEL,DAYLIGHT,0,0,0,1
28603154,CAMPBELL,US0027,USRoute,,MONMOUTH,ST,,39.08384839,-84.48381586,21.21,9/5/2021 0:00,1928,2,2,0,2,B,CLEAR,DRY,0,ANGLE COLLISION - OTHER,ANGLE,STRAIGHT & LEVEL,DAYLIGHT,0,0,0,1
28603134,CAMPBELL,US0027,USRoute,,MONMOUTH,ST,,39.08518148,-84.48641922,21.348,9/5/2021 0:00,2238,2,1,0,1,B,CLEAR,DRY,0,COLLISION WITH PEDESTRIAN IN INTERSECTION,SINGLE VEHICLE,STRAIGHT & GRADE,DARK-HWY LIGHTED/ON,1,0,1,0
28604655,CAMPBELL,,OTHR,200 BLK,8TH,ST,W,39.08666894,-84.49646759,0.208,9/5/2021 0:00,1639,2,2,0,0,O,CLEAR,DRY,0,1 VEHICLE ENTERING OR LEAVING PARKED POSITION (NOT PARKING LOT),REAR END,STRAIGHT & LEVEL,DAYLIGHT,0,0,0,1
28605293,CAMPBELL,,OTHR,33,SWEETBRIAR,AVE,,39.07726336,-84.4567654,0.125,9/5/2021 0:00,1500,1,1,0,0,O,CLEAR,DRY,0,COLLISION WITH FIXED OBJECT NON - INTERSECTION - FIRST EVENT COLLISION 09 - 32 EXCLUDING 16,SINGLE VEHICLE,STRAIGHT & LEVEL,DAYLIGHT,0,0,0,1
28731985,CAMPBELL,I 0275,Interstate,,I275 E,,,39.05581019,-84.43327749,,9/5/2021 0:00,129,2,2,0,0,O,RAINING,WET,0,1 VEHICLE PARKED POSITION (NOT PARKING LOT/DRIVEWAY),REAR END,STRAIGHT & LEVEL,DARK-HWY LIGHTED/ON,0,0,0,1
28610083,CAMPBELL,,OTHR,,CROSSROADS,BLVD,,39.00442566,-84.42448692,0.013,9/5/2021 0:00,1310,2,2,0,0,O,CLOUDY,DRY,0,REAR END IN TRAFFIC LANES BOTH VEHICLES MOVING,REAR END,STRAIGHT & LEVEL,DAYLIGHT,0,0,0,1
28603155,CAMPBELL,,OTHR,,NEWPORT SHOPPING CENTER,,,39.08486282,-84.48105745,0.389,9/5/2021 0:00,2258,2,2,0,0,O,CLEAR,DRY,0,REAR END IN TRAFFIC LANES BOTH VEHICLES MOVING,REAR END,STRAIGHT & LEVEL,DARK-HWY LIGHTED/ON,0,0,0,1
28604619,CAMPBELL,KY0008,StateRoute,,5TH,ST,W,39.08900697,-84.501112,0.217,9/5/2021 0:00,1200,2,2,0,0,O,RAINING,WET,1,SIDESWIPE COLLISION - SAME DIRECTION,SIDESWIPE-SAME DIRECTION,STRAIGHT & LEVEL,DARK-HWY LIGHTED/ON,0,0,0,1
28620813,CAMPBELL,KY0009,StateRoute,,LICKING,PIKE,,39.05562268,-84.48702913,20.221,9/5/2021 0:00,2124,2,2,0,0,O,CLEAR,DRY,0,1 VEHICLE ENTERING/LEAVING ENTRANCE,ANGLE,STRAIGHT & LEVEL,DARK-HWY LIGHTED/ON,0,0,0,1
28604620,CAMPBELL,KY0008,StateRoute,,DAVE COWENS,DR,,39.10052065,-84.49033261,1.313,9/5/2021 0:00,1331,2,2,0,0,O,CLEAR,DRY,0,OTHER ROADWAY OR MID-BLOCK COLLISION,REAR END,STRAIGHT & LEVEL,DAYLIGHT,0,0,0,1
28604447,CAMPBELL,KY0915,StateRoute,,LICKING,PIKE,,38.93237038,-84.40407885,1.3,9/6/2021 0:00,650,1,1,0,1,C,CLEAR,DRY,0,COLLISION WITH ANIMAL NON INTERSECTION,SINGLE VEHICLE,CURVE & LEVEL,DAWN,0,0,0,1
28605874,CAMPBELL,KY0008,StateRoute,,DAVE COWENS,DR,,39.09801152,-84.49288539,1.024,9/6/2021 0:00,1750,2,2,0,0,O,CLEAR,DRY,0,ANGLE COLLISION - OTHER,ANGLE,STRAIGHT & LEVEL,DAYLIGHT,0,0,0,1
28616992,CAMPBELL,I 0471,Interstate,,I471 S,,,39.09828812,-84.49017173,4.636,9/7/2021 0:00,1029,2,2,0,0,O,CLEAR,DRY,0,SIDESWIPE COLLISION - SAME DIRECTION,SIDESWIPE-SAME DIRECTION,STRAIGHT & LEVEL,DAYLIGHT,0,0,0,1
28610079,CAMPBELL,US0027,USRoute,4221,ALEXANDRIA,PIKE,,39.01897796,-84.43655207,15.106,9/7/2021 0:00,728,2,2,0,0,O,CLEAR,DRY,0,REAR END IN TRAFFIC LANES BOTH VEHICLES MOVING,REAR END,STRAIGHT & LEVEL,DAYLIGHT,0,0,0,1
28633547,CAMPBELL,,OTHR,61,KENTUCKY,DR,,39.07621356,-84.47886446,0.716,9/7/2021 0:00,1614,2,2,0,0,O,CLEAR,DRY,0,1 VEHICLE PARKED POSITION (NOT PARKING LOT/DRIVEWAY),SIDESWIPE-SAME DIRECTION,STRAIGHT & GRADE,DAYLIGHT,0,0,0,1
28611818,CAMPBELL,KY1632,StateRoute,,MOOCK,RD,,39.06079227,-84.4728037,1.014,9/7/2021 0:00,559,1,1,0,0,O,CLEAR,DRY,0,COLLISION WITH ANIMAL NON INTERSECTION,SINGLE VEHICLE,STRAIGHT & LEVEL,DARK-HWY NOT LIGHTED,0,0,0,1
28636215,CAMPBELL,,OTHR,319,WASHINGTON,ST,,38.96306107,-84.39084751,0.152,9/7/2021 0:00,1500,2,2,0,0,O,CLEAR,DRY,1,1 VEHICLE PARKED POSITION (NOT PARKING LOT/DRIVEWAY),SIDESWIPE-SAME DIRECTION,STRAIGHT & LEVEL,DAYLIGHT,0,0,0,1
29151569,CAMPBELL,KY0915,StateRoute,9758,LICKING,PIKE,,38.92823705,-84.40093793,0.967,9/7/2021 0:00,1115,1,1,0,0,O,CLEAR,DRY,0,OTHER ROADWAY OR MID-BLOCK COLLISION,SINGLE VEHICLE,CURVE & LEVEL,DAYLIGHT,0,0,0,1
28635937,CAMPBELL,I 0471,Interstate,,,,,39.06633761,-84.46401881,0.037,9/8/2021 0:00,2320,1,1,0,0,O,CLEAR,DRY,0,OTHER RAMP RELATED COLLISIONS NOT LISTED ABOVE,SINGLE VEHICLE,STRAIGHT & GRADE,DARK-HWY LIGHTED/ON,0,0,0,1
28633803,CAMPBELL,US0027,USRoute,,ALEXANDRIA,PIKE,,39.00118011,-84.4208261,13.653,9/8/2021 0:00,728,2,2,0,0,O,RAINING,WET,0,OTHER ROADWAY OR MID-BLOCK COLLISION,REAR END,STRAIGHT & LEVEL,DAWN,0,0,0,1
28652922,CAMPBELL,KY0008,StateRoute,700,FAIRFIELD,AVE,,39.10844983,-84.48065207,2.074,9/8/2021 0:00,1438,2,2,0,0,O,CLEAR,DRY,0,OPPOSING LEFT TURN,OPPOSING LEFT TURN,STRAIGHT & LEVEL,DAYLIGHT,0,0,0,1
28645588,CAMPBELL,,OTHR,,HIDDEN VALLEY,DR,,39.03519327,-84.45394644,0.001,9/8/2021 0:00,1701,2,2,0,0,O,CLEAR,DRY,0,REAR END - ONE VEHICLE TURNING RIGHT,REAR END,STRAIGHT & LEVEL,DAYLIGHT,0,0,0,1
28645589,CAMPBELL,US0027,USRoute,,ALEXANDRIA,PIKE,,39.03525125,-84.45413617,16.626,9/8/2021 0:00,1726,2,2,0,0,O,CLEAR,DRY,1,SIDESWIPE-SAME DIRECTION,SIDESWIPE-SAME DIRECTION,STRAIGHT & LEVEL,DAYLIGHT,0,0,0,1
28709192,CAMPBELL,KY0010,StateRoute,,MAIN,ST,W,38.95759839,-84.39323506,1.292,9/8/2021 0:00,2135,2,2,0,0,O,CLEAR,DRY,0,OTHER INTERSECTION COLLISIONS,REAR END,STRAIGHT & LEVEL,DARK-HWY LIGHTED/ON,1,0,0,1
28640916,CAMPBELL,US0027,USRoute,,ALEXANDRIA,PIKE,,38.97473533,-84.39243889,11.241,9/8/2021 0:00,1220,2,2,0,1,C,CLEAR,DRY,0,ANGLE COLLISION - OTHER,ANGLE,STRAIGHT & LEVEL,DAYLIGHT,0,0,0,1
28645074,CAMPBELL,,OTHR,501,2ND,ST,E,39.09745325,-84.49194408,0.125,9/8/2021 0:00,800,2,2,0,0,O,CLEAR,DRY,1,1 VEHICLE PARKED POSITION (NOT PARKING LOT/DRIVEWAY),SIDESWIPE-SAME DIRECTION,STRAIGHT & LEVEL,UNKNOWN,0,0,0,1
28709202,CAMPBELL,,OTHR,10,WRIGHT,CT,,38.96728559,-84.39519474,0.108,9/8/2021 0:00,800,2,2,0,0,O,CLEAR,DRY,1,1 VEHICLE PARKED POSITION (NOT PARKING LOT/DRIVEWAY),SIDESWIPE-OPPOSITE DIRECTION,STRAIGHT & LEVEL,UNKNOWN,0,0,0,1
28634943,CAMPBELL,KY0008,StateRoute,100,WASHINGTON,AVE,,39.09611527,-84.49369664,0.855,9/8/2021 0:00,508,1,1,0,0,O,CLEAR,DRY,0,COLLISION WITH FIXED OBJECT NON - INTERSECTION - FIRST EVENT COLLISION 09 - 32 EXCLUDING 16,SINGLE VEHICLE,STRAIGHT & GRADE,DARK-HWY LIGHTED/ON,0,0,0,1
28635233,CAMPBELL,I 0275,Interstate,,I275 W,,,39.02283477,-84.48752223,77.476,9/8/2021 0:00,627,1,1,0,1,C,CLOUDY,DRY,0,COLLISION WITH FIXED OBJECT NON - INTERSECTION - FIRST EVENT COLLISION 09 - 32 EXCLUDING 16,SINGLE VEHICLE,STRAIGHT & LEVEL,DARK-HWY LIGHTED/ON,0,0,0,1
28633624,CAMPBELL,US0027,USRoute,,11TH,ST,E,39.08497327,-84.48954894,21.599,9/8/2021 0:00,1452,2,2,0,0,O,CLOUDY,DRY,0,OTHER INTERSECTION COLLISIONS,REAR TO REAR,STRAIGHT & LEVEL,DAYLIGHT,1,0,0,1
28635232,CAMPBELL,KY0009,StateRoute,,LICKING,PIKE,,39.02495813,-84.48053933,17.918,9/8/2021 0:00,654,2,2,0,0,O,RAINING,WET,1,SIDESWIPE COLLISION - SAME DIRECTION,SIDESWIPE-SAME DIRECTION,STRAIGHT & LEVEL,DARK-HWY LIGHTED/ON,0,0,0,1
28640920,CAMPBELL,I 0275,Interstate,,I275 W,,,39.02323529,-84.48239403,77.188,9/8/2021 0:00,624,2,2,0,0,O,CLOUDY,DRY,0,SIDESWIPE COLLISION - SAME DIRECTION,SIDESWIPE-SAME DIRECTION,STRAIGHT & HILLCREST,DARK-HWY LIGHTED/ON,0,0,0,1
28629107,CAMPBELL,US0027,USRoute,5710,ALEXANDRIA,PIKE,,38.99721614,-84.41675697,13.315,9/8/2021 0:00,1210,2,2,0,0,O,CLOUDY,DRY,0,SIDESWIPE COLLISION - SAME DIRECTION,SIDESWIPE-SAME DIRECTION,STRAIGHT & HILLCREST,DAYLIGHT,0,0,0,1
28653088,CAMPBELL,KY1892,StateRoute,85,GRAND,AVE,N,39.07851969,-84.46498189,1.259,9/9/2021 0:00,939,2,2,0,1,B,CLEAR,DRY,0,REAR END IN TRAFFIC LANES BOTH VEHICLES MOVING,REAR END,STRAIGHT & GRADE,DAYLIGHT,0,0,0,1
28642110,CAMPBELL,US0027,USRoute,,ALEXANDRIA,PIKE,,39.00085804,-84.42039601,13.622,9/9/2021 0:00,1104,2,2,0,0,O,CLEAR,DRY,0,REAR END - ONE VEHICLE TURNING LEFT,REAR END,STRAIGHT & LEVEL,DAYLIGHT,0,0,0,1
28658171,CAMPBELL,,OTHR,122,ELECTRIC,AVE,,39.07130451,-84.47370659,0.339,9/9/2021 0:00,1545,2,2,0,0,O,CLEAR,DRY,0,VEHICLE BACKING NON INTERSECTION,BACKING,STRAIGHT & LEVEL,DAYLIGHT,0,0,0,1
28646892,CAMPBELL,I 0275,Interstate,,,,,39.0254544,-84.48090915,0.028,9/10/2021 0:00,650,2,2,0,0,O,CLEAR,DRY,1,OTHER RAMP RELATED COLLISIONS NOT LISTED ABOVE,REAR END,CURVE & LEVEL,DARK-HWY LIGHTED/ON,0,0,0,1
28652674,CAMPBELL,US0027,USRoute,,ALEXANDRIA,PIKE,,39.07136923,-84.47032432,20.053,9/10/2021 0:00,1308,2,2,0,2,C,CLEAR,DRY,0,OTHER ROADWAY OR MID-BLOCK COLLISION,OPPOSING LEFT TURN,STRAIGHT & GRADE,DAYLIGHT,0,0,0,1
28652676,CAMPBELL,US0027,USRoute,,ALEXANDRIA,PIKE,,39.07079109,-84.4697233,20,9/10/2021 0:00,1438,2,2,0,0,O,CLEAR,DRY,0,OTHER ROADWAY OR MID-BLOCK COLLISION,OPPOSING LEFT TURN,STRAIGHT & GRADE,DAYLIGHT,0,0,0,1
28647579,CAMPBELL,,OTHR,,MEADOW TRAIL,DR,,39.02743724,-84.4682684,0.095,9/10/2021 0:00,1945,2,2,0,0,O,CLEAR,DRY,0,VEHICLE BACKING NON INTERSECTION,BACKING,STRAIGHT & LEVEL,DUSK,0,0,0,1
28644936,CAMPBELL,,OTHR,,WATERS,ALY,,39.09593036,-84.49061348,0.081,9/10/2021 0:00,851,2,2,0,0,O,CLEAR,DRY,0,1 VEHICLE ENTERING/LEAVING ENTRANCE,ANGLE,STRAIGHT & LEVEL,DAYLIGHT,0,0,0,1
28645075,CAMPBELL,,OTHR,400,5TH,ST,W,39.08851442,-84.5013343,0.115,9/10/2021 0:00,1409,2,2,0,0,O,CLEAR,DRY,0,1 VEHICLE PARKED POSITION (NOT PARKING LOT/DRIVEWAY),BACKING,STRAIGHT & LEVEL,DAYLIGHT,0,0,0,1
28652920,CAMPBELL,KY0008,StateRoute,705,FAIRFIELD,AVE,,39.10862631,-84.48044046,2.091,9/10/2021 0:00,707,2,2,0,0,O,CLEAR,DRY,1,1 VEHICLE PARKED POSITION (NOT PARKING LOT/DRIVEWAY),SIDESWIPE-SAME DIRECTION,STRAIGHT & LEVEL,DAYLIGHT,0,0,0,1
28644933,CAMPBELL,KY0008,StateRoute,,DAVE COWENS,DR,,39.10072468,-84.48986698,1.34,9/10/2021 0:00,824,2,2,0,2,C,CLEAR,DRY,0,ANGLE COLLISION - ONE VEHICLE TURNING LEFT,ANGLE,STRAIGHT & LEVEL,DAYLIGHT,0,0,0,1
28653077,CAMPBELL,KY1120,StateRoute,,FT THOMAS,AVE,N,39.07855842,-84.44857378,4.23,9/10/2021 0:00,1147,2,2,0,0,O,CLEAR,DRY,0,ANGLE COLLISION - ONE VEHICLE TURNING LEFT,ANGLE,STRAIGHT & GRADE,DAYLIGHT,0,0,0,1
28671294,CAMPBELL,,OTHR,123,RIVERSIDE,PKWY,,39.08872587,-84.44414793,0.129,9/10/2021 0:00,2151,2,2,0,0,O,CLEAR,DRY,0,1 VEHICLE PARKED POSITION (NOT PARKING LOT/DRIVEWAY),BACKING,STRAIGHT & LEVEL,DARK-HWY NOT LIGHTED,0,0,0,1
28653118,CAMPBELL,,OTHR,,ST NICHOLAS,PL,,39.07666509,-84.45029896,0.146,9/10/2021 0:00,,2,2,0,0,O,CLEAR,DRY,1,1 VEHICLE PARKED POSITION (NOT PARKING LOT/DRIVEWAY),BACKING,STRAIGHT & LEVEL,DAYLIGHT,0,0,0,1
28679263,CAMPBELL,US0027,USRoute,2700,ALEXANDRIA,PIKE,,39.03447389,-84.4535636,16.568,9/11/2021 0:00,1218,2,2,0,0,O,CLEAR,DRY,0,REAR END IN TRAFFIC LANES BOTH VEHICLES MOVING,REAR END,STRAIGHT & GRADE,DAYLIGHT,0,0,0,1
28648665,CAMPBELL,US0027,USRoute,,ALEXANDRIA,PIKE,,38.99934145,-84.41883274,13.465,9/11/2021 0:00,859,2,2,0,0,O,CLEAR,DRY,0,REAR END IN TRAFFIC LANES BOTH VEHICLES MOVING,REAR END,STRAIGHT & GRADE,DAYLIGHT,0,0,0,1