IncidentID,County,RdwyNumber,RdwyType,Street,RoadwayName,StreetSfx,StreetDir,Latitude,Longitude,Milepoint,CollisionDate,CollisionTime,UnitsInvolved,MotorVehiclesInvolved,NumberKilled,NumberInjured,KABCO,Weather,RdwyConditionCode,HitandRun,DirAnalysisCode,MannerofCollision,RdwyCharacter,LightCondition,Intersection Crash,Bicyclist,Pedestrian,Motor Vehicles
28904847,CAMPBELL,,OTHR,,CENTER,ST,,39.10455607,-84.47797016,0.409,9/11/2021 0:00,1850,2,2,0,0,O,CLEAR,DRY,0,COLLISION WITH PARKED VEHICLE,SIDESWIPE-SAME DIRECTION,STRAIGHT & HILLCREST,DAYLIGHT,0,0,0,1
28653084,CAMPBELL,KY1120,StateRoute,,MEMORIAL,PKWY,,39.09524716,-84.4648822,2.296,9/11/2021 0:00,1450,1,1,0,0,O,CLEAR,DRY,0,COLLISION WITH ANIMAL NON INTERSECTION,SINGLE VEHICLE,STRAIGHT & LEVEL,DAYLIGHT,0,0,0,1
28668220,CAMPBELL,US0027,USRoute,,ALEXANDRIA,PIKE,,39.02797774,-84.44972538,16.069,9/11/2021 0:00,1309,2,2,0,0,O,CLEAR,DRY,0,OTHER ROADWAY OR MID-BLOCK COLLISION,REAR END,STRAIGHT & LEVEL,DAYLIGHT,0,0,0,1
28651729,CAMPBELL,KY0008,StateRoute,300,DAVE COWENS,DR,,39.09954893,-84.49119375,1.231,9/11/2021 0:00,2247,2,2,0,0,O,CLEAR,DRY,0,OTHER ROADWAY OR MID-BLOCK COLLISION,OPPOSING LEFT TURN,STRAIGHT & LEVEL,DARK (UNKNOWN ROADWAY LIGHTING),0,0,0,1
28646801,CAMPBELL,KY0008,StateRoute,,DAVE COWENS,DR,,39.10086742,-84.48971618,1.345,9/11/2021 0:00,338,2,2,0,0,O,CLEAR,DRY,0,OTHER ROADWAY OR MID-BLOCK COLLISION,REAR END,STRAIGHT & LEVEL,DARK-HWY LIGHTED/ON,0,0,0,1
28651728,CAMPBELL,I 0471,Interstate,,,,,39.08542175,-84.47453147,0.211,9/11/2021 0:00,1847,2,2,0,0,O,CLEAR,DRY,0,OTHER RAMP RELATED COLLISIONS NOT LISTED ABOVE,REAR END,CURVE & GRADE,DAYLIGHT,0,0,0,1
28653504,CAMPBELL,I 0471,Interstate,,I471 N,,,39.09991365,-84.49322814,4.836,9/12/2021 0:00,1129,3,3,0,1,C,CLOUDY,DRY,0,OTHER ROADWAY OR MID-BLOCK COLLISION,REAR END,STRAIGHT & LEVEL,DAYLIGHT,0,0,0,1
28731986,CAMPBELL,KY0915,StateRoute,,LICKING,PIKE,,38.99607671,-84.44723752,8.08,9/12/2021 0:00,1456,1,1,0,0,O,CLEAR,DRY,0,OTHER ROADWAY OR MID-BLOCK COLLISION,SINGLE VEHICLE,CURVE & LEVEL,DAYLIGHT,0,0,0,1
28651731,CAMPBELL,I 0471,Interstate,,,,,39.09752638,-84.48576147,0.368,9/12/2021 0:00,646,1,1,0,0,O,CLEAR,DRY,0,OTHER INTERSECTION COLLISIONS,SINGLE VEHICLE,CURVE & LEVEL,DARK-HWY LIGHTED/OFF,1,0,0,1
28653093,CAMPBELL,I 0471,Interstate,,I471 N,,,39.07994049,-84.47046858,2.855,9/12/2021 0:00,1345,1,1,0,0,O,CLEAR,DRY,0,COLLISION WITH FIXED OBJECT NON - INTERSECTION - FIRST EVENT COLLISION 09 - 32 EXCLUDING 16,SINGLE VEHICLE,CURVE & LEVEL,DAYLIGHT,0,0,0,1
28651782,CAMPBELL,,OTHR,,4TH,ST,E,39.09449744,-84.49222185,0.294,9/12/2021 0:00,0,2,2,0,0,O,CLEAR,DRY,1,COLLISION WITH PARKED VEHICLE,SIDESWIPE-SAME DIRECTION,STRAIGHT & LEVEL,UNKNOWN,0,0,0,1
28657518,CAMPBELL,I 0275,Interstate,,I275 E,,,39.03569144,-84.47021901,75.985,9/12/2021 0:00,1353,2,2,0,0,O,CLEAR,DRY,0,REAR END IN TRAFFIC LANES BOTH VEHICLES MOVING,REAR END,STRAIGHT & LEVEL,DAYLIGHT,0,0,0,1
28689749,CAMPBELL,KY0009,StateRoute,,LICKING,PIKE,,39.02866803,-84.47963669,18.136,9/12/2021 0:00,1851,1,1,0,0,O,CLEAR,DRY,0,OTHER COLLISIONS ON SHOULDER,SINGLE VEHICLE,CURVE & GRADE,DAYLIGHT,0,0,0,1
28651544,CAMPBELL,,OTHR,,RIFLE RANGE,RD,,38.94342746,-84.45327926,,9/12/2021 0:00,1630,2,2,0,0,O,CLEAR,DRY,0,HEAD-ON COLLISION,HEAD ON,CURVE & GRADE,DAYLIGHT,0,0,0,1
28657222,CAMPBELL,US0027,USRoute,,ALEXANDRIA,PIKE,,39.02779539,-84.44932581,16.045,9/13/2021 0:00,1455,2,2,0,0,O,CLEAR,DRY,1,REAR END IN TRAFFIC LANES BOTH VEHICLES MOVING,REAR END,STRAIGHT & LEVEL,DAYLIGHT,0,0,0,1
28667056,CAMPBELL,KY0009,StateRoute,710,CENTRAL,AVE,,39.08832457,-84.49673504,22.863,9/13/2021 0:00,1156,2,2,0,0,O,CLOUDY,DRY,1,1 VEHICLE PARKED POSITION (NOT PARKING LOT/DRIVEWAY),REAR END,STRAIGHT & LEVEL,DAYLIGHT,0,0,0,1
28656943,CAMPBELL,,OTHR,,DIXIE,PL,,39.0907492,-84.44881991,0.07,9/13/2021 0:00,820,2,2,0,0,O,CLEAR,DRY,0,SIDESWIPE COLLISION - SAME DIRECTION,SIDESWIPE-SAME DIRECTION,STRAIGHT & LEVEL,DAYLIGHT,0,0,0,1
28654877,CAMPBELL,KY1120,StateRoute,100,11TH,ST,W,39.08364929,-84.49195218,0.511,9/13/2021 0:00,1525,2,2,0,0,O,CLEAR,DRY,0,SIDESWIPE COLLISION - SAME DIRECTION,SIDESWIPE-SAME DIRECTION,STRAIGHT & LEVEL,DAYLIGHT,0,0,0,1
29152510,CAMPBELL,US0027,USRoute,,ALEXANDRIA,PIKE,,38.82262531,-84.36326352,0.038,9/13/2021 0:00,720,2,2,0,0,O,CLEAR,DRY,1,OPPOSITE DIRECTION - BOTH VEHICLES GOING STRAIGHT AHEAD,SIDESWIPE-OPPOSITE DIRECTION,STRAIGHT & GRADE,DAWN,0,0,0,1
28654878,CAMPBELL,,OTHR,116,MAIN,ST,,39.07792405,-84.49011089,0.126,9/13/2021 0:00,700,2,2,0,0,O,CLEAR,DRY,0,1 VEHICLE PARKED POSITION (NOT PARKING LOT/DRIVEWAY),SIDESWIPE-SAME DIRECTION,STRAIGHT & LEVEL,DAYLIGHT,0,0,0,1
28684391,CAMPBELL,,OTHR,,LANDMARK,DR,,39.09957743,-84.4859352,0.01,9/13/2021 0:00,2030,1,1,0,0,O,CLEAR,DRY,0,COLLISION WITH FIXED OBJECT NON - INTERSECTION - FIRST EVENT COLLISION 09 - 32 EXCLUDING 16,SINGLE VEHICLE,STRAIGHT & LEVEL,DARK-HWY NOT LIGHTED,0,0,0,1
28656156,CAMPBELL,I 0471,Interstate,,,,,39.08542335,-84.47449265,0.209,9/13/2021 0:00,1945,2,2,0,0,O,CLEAR,DRY,0,OTHER RAMP RELATED COLLISIONS NOT LISTED ABOVE,REAR END,STRAIGHT & HILLCREST,DAYLIGHT,0,0,0,1
28657899,CAMPBELL,I 0471,Interstate,,I471 N,,,39.10002158,-84.4931966,4.838,9/14/2021 0:00,732,2,2,0,0,O,CLEAR,DRY,0,OTHER ROADWAY OR MID-BLOCK COLLISION,REAR END,STRAIGHT & LEVEL,DAYLIGHT,0,0,0,1
28657864,CAMPBELL,US0027,USRoute,,MONMOUTH,ST,,39.08505455,-84.48613758,21.36,9/14/2021 0:00,1121,2,2,0,0,O,CLEAR,DRY,0,OTHER INTERSECTION COLLISIONS,REAR END,STRAIGHT & GRADE,DAYLIGHT,1,0,0,1
28661854,CAMPBELL,,OTHR,918,FT THOMAS,AVE,N,39.08789322,-84.44822957,0.326,9/14/2021 0:00,1841,2,1,0,1,B,CLEAR,DRY,0,COLLISION WITH BICYCLIST NON INTERSECTION,SINGLE VEHICLE,STRAIGHT & LEVEL,DAYLIGHT,0,1,0,0
28669781,CAMPBELL,KY1120,StateRoute,1011,FT THOMAS,AVE,S,39.06521187,-84.44624833,5.292,9/14/2021 0:00,952,1,1,0,0,O,CLEAR,DRY,0,COLLISION WITH FIXED OBJECT NON - INTERSECTION - FIRST EVENT COLLISION 09 - 32 EXCLUDING 16,SINGLE VEHICLE,STRAIGHT & LEVEL,DAYLIGHT,0,0,0,1
28731987,CAMPBELL,KY2921,StateRoute,,WASHINGTON TRACE,RD,,38.95551383,-84.31786053,0.556,9/14/2021 0:00,759,1,1,0,0,O,CLEAR,DRY,0,RAN OFF ROADWAY (1 VEHICLE WITH/EARTH EMBANKMENT/DITCH),SINGLE VEHICLE,CURVE & LEVEL,DAWN,0,0,0,1
28679260,CAMPBELL,US0027,USRoute,,ALEXANDRIA,PIKE,,39.0337104,-84.4533666,16.506,9/14/2021 0:00,1841,2,2,0,0,O,CLEAR,DRY,0,OTHER INTERSECTION COLLISIONS,REAR END,STRAIGHT & GRADE,DAYLIGHT,1,0,0,1
28664208,CAMPBELL,US0027,USRoute,,ALEXANDRIA,PIKE,,38.89198836,-84.38578804,5.416,9/14/2021 0:00,745,2,2,0,0,O,CLEAR,DRY,0,SIDESWIPE COLLISION - SAME DIRECTION,SIDESWIPE-SAME DIRECTION,STRAIGHT & LEVEL,DAYLIGHT,0,0,0,1
29151566,CAMPBELL,I 0275,Interstate,76,I275 W,,,39.03973602,-84.47028337,75.746,9/14/2021 0:00,1453,2,2,0,0,O,CLEAR,DRY,0,SIDESWIPE COLLISION - SAME DIRECTION,SIDESWIPE-SAME DIRECTION,STRAIGHT & LEVEL,DAYLIGHT,0,0,0,1
28662983,CAMPBELL,US0027,USRoute,7612,ALEXANDRIA,PIKE,,38.97825853,-84.39350021,11.489,9/14/2021 0:00,920,2,2,0,0,O,CLEAR,DRY,0,REAR END IN TRAFFIC LANES BOTH VEHICLES MOVING,REAR END,STRAIGHT & LEVEL,DAYLIGHT,0,0,0,1
28671292,CAMPBELL,I 0275,Interstate,,I275 E,,,39.05544927,-84.43415056,73.421,9/14/2021 0:00,1720,2,2,0,0,O,CLOUDY,DRY,1,REAR END IN TRAFFIC LANES BOTH VEHICLES MOVING,REAR END,STRAIGHT & GRADE,DAYLIGHT,0,0,0,1
28662608,CAMPBELL,I 0471,Interstate,,I471 S,,,39.09493728,-84.4811186,4.068,9/14/2021 0:00,1723,2,2,0,0,O,CLEAR,DRY,0,REAR END IN TRAFFIC LANES BOTH VEHICLES MOVING,REAR END,STRAIGHT & LEVEL,DAYLIGHT,0,0,0,1
28675912,CAMPBELL,I 0471,Interstate,,I471 S,,,39.09327076,-84.47834822,3.893,9/14/2021 0:00,1723,2,2,0,0,O,CLEAR,DRY,0,REAR END IN TRAFFIC LANES BOTH VEHICLES MOVING,REAR END,STRAIGHT & LEVEL,DAYLIGHT,0,0,0,1
28687110,CAMPBELL,KY0009,StateRoute,,AA,HWY,,38.97727776,-84.36504983,10.294,9/14/2021 0:00,629,2,2,0,0,O,CLEAR,DRY,0,REAR END IN TRAFFIC LANES BOTH VEHICLES MOVING,REAR END,STRAIGHT & GRADE,DARK-HWY LIGHTED/OFF,0,0,0,1
28657586,CAMPBELL,I 0275,Interstate,,I275 E,,,39.03735925,-84.47012138,75.866,9/14/2021 0:00,901,2,2,0,0,O,CLEAR,DRY,0,REAR END IN TRAFFIC LANES BOTH VEHICLES MOVING,REAR END,STRAIGHT & GRADE,DAYLIGHT,0,0,0,1
28687111,CAMPBELL,I 0275,Interstate,,I275 E,,,39.0571526,-84.43045346,73.19,9/15/2021 0:00,1840,2,2,0,0,O,CLEAR,DRY,0,REAR END IN TRAFFIC LANES BOTH VEHICLES MOVING,REAR END,STRAIGHT & LEVEL,DAYLIGHT,0,0,0,1
28679193,CAMPBELL,I 0275,Interstate,,I275 E,,,39.04680889,-84.45663188,74.772,9/15/2021 0:00,1900,2,2,0,0,O,CLEAR,DRY,1,SIDESWIPE COLLISION - SAME DIRECTION,SIDESWIPE-SAME DIRECTION,STRAIGHT & LEVEL,DAYLIGHT,0,0,0,1
29501682,CAMPBELL,,OTHR,1601,DAYTON,PIKE,,39.1071442,-84.46186627,0.16,9/15/2021 0:00,2031,2,2,0,0,O,CLEAR,DRY,1,1 VEHICLE PARKED POSITION (NOT PARKING LOT/DRIVEWAY),SIDESWIPE-OPPOSITE DIRECTION,STRAIGHT & LEVEL,DUSK,0,0,0,1
28665204,CAMPBELL,US0027,USRoute,,ALEXANDRIA,PIKE,,39.06469428,-84.4609895,19.322,9/15/2021 0:00,2039,1,1,0,1,C,CLOUDY,DRY,0,COLLISION WITH FIXED OBJECT NON - INTERSECTION - FIRST EVENT COLLISION 09 - 32 EXCLUDING 16,SINGLE VEHICLE,CURVE & LEVEL,DUSK,0,0,0,1
28664982,CAMPBELL,KY0915,StateRoute,,LICKERT,RD,,38.92120652,-84.39096634,0.015,9/15/2021 0:00,1435,2,2,0,0,O,RAINING,WET,0,OTHER ROADWAY OR MID-BLOCK COLLISION,REAR END,STRAIGHT & LEVEL,DAYLIGHT,0,0,0,1
28922157,CAMPBELL,KY1120,StateRoute,,11TH,ST,W,39.08117057,-84.49649434,0.213,9/15/2021 0:00,1336,4,4,0,0,O,CLOUDY,DRY,1,OTHER ROADWAY OR MID-BLOCK COLLISION,REAR END,STRAIGHT & GRADE,DAYLIGHT,0,0,0,1
28663063,CAMPBELL,US0027,USRoute,525,ALEXANDRIA,PIKE,,39.06464659,-84.46203704,19.378,9/15/2021 0:00,800,2,2,0,1,A,CLEAR,DRY,0,1 VEHICLE ENTERING/LEAVING ENTRANCE,ANGLE,CURVE & LEVEL,DAYLIGHT,0,0,0,1
28661856,CAMPBELL,I 0471,Interstate,,I471 S,,,39.07265787,-84.46403245,2.209,9/15/2021 0:00,345,2,2,0,0,O,RAINING,WET,0,1 VEHICLE ENTERING/LEAVING ENTRANCE,ANGLE,CURVE & GRADE,DARK-HWY LIGHTED/ON,0,0,0,1
28667484,CAMPBELL,KY1892,StateRoute,35,CAROTHERS,RD,,39.08448691,-84.48224883,2.466,9/16/2021 0:00,1352,2,2,0,0,O,CLOUDY,DRY,1,1 VEHICLE ENTERING/LEAVING ENTRANCE,ANGLE,CURVE & GRADE,DAYLIGHT,0,0,0,1
28670213,CAMPBELL,KY0009,StateRoute,900,CENTRAL,AVE,,39.08581423,-84.49443074,22.648,9/16/2021 0:00,1700,2,2,0,0,O,CLEAR,DRY,0,1 VEHICLE ENTERING/LEAVING ENTRANCE,ANGLE,STRAIGHT & LEVEL,DAYLIGHT,0,0,0,1
28669089,CAMPBELL,,OTHR,130,NEWPORT PAVILION,,,39.0916481,-84.47828531,0.153,9/16/2021 0:00,1754,2,2,0,0,O,CLEAR,DRY,0,VEHICLE BACKING NON INTERSECTION,BACKING,CURVE & GRADE,DAYLIGHT,0,0,0,1
28669088,CAMPBELL,I 0471,Interstate,,,,,39.10080141,-84.48977621,0.553,9/16/2021 0:00,1751,2,2,0,0,O,CLEAR,DRY,0,OTHER RAMP RELATED COLLISIONS NOT LISTED ABOVE,REAR END,STRAIGHT & LEVEL,DAYLIGHT,0,0,0,1
28699774,CAMPBELL,US0027,USRoute,7903,ALEXANDRIA,PIKE,,38.96988392,-84.39292644,10.822,9/16/2021 0:00,1431,1,1,0,0,O,CLEAR,DRY,0,COLLISION WITH FIXED OBJECT NON - INTERSECTION - FIRST EVENT COLLISION 09 - 32 EXCLUDING 16,SINGLE VEHICLE,STRAIGHT & LEVEL,DAYLIGHT,0,0,0,1
28679187,CAMPBELL,I 0275,Interstate,,I275 E,,,39.03866623,-84.47001576,75.775,9/16/2021 0:00,139,1,1,0,0,O,CLEAR,DRY,0,COLLISION WITH FIXED OBJECT NON - INTERSECTION - FIRST EVENT COLLISION 09 - 32 EXCLUDING 16,SINGLE VEHICLE,STRAIGHT & LEVEL,DARK-HWY LIGHTED/ON,0,0,0,1
28669085,CAMPBELL,,OTHR,,RIDDLE,PL,,39.07881249,-84.47570487,0.019,9/16/2021 0:00,1745,2,2,0,0,O,CLEAR,DRY,0,OPPOSITE DIRECTION - BOTH VEHICLES GOING STRAIGHT AHEAD,SIDESWIPE-OPPOSITE DIRECTION,STRAIGHT & LEVEL,DAYLIGHT,0,0,0,1
28669264,CAMPBELL,KY0915,StateRoute,,LICKING,PIKE,,38.93801854,-84.40967844,1.788,9/16/2021 0:00,1437,2,2,0,0,O,CLEAR,DRY,0,OTHER INTERSECTION COLLISIONS,REAR END,CURVE & LEVEL,DAYLIGHT,1,0,0,1
28687106,CAMPBELL,,OTHR,,WASHINGTON TRACE,RD,,38.8897556,-84.26893498,4.411,9/16/2021 0:00,1720,2,2,0,0,O,CLEAR,DRY,1,ANGLE COLLISION - OTHER,ANGLE,CURVE & GRADE,DAYLIGHT,0,0,0,1
28669087,CAMPBELL,,OTHR,,15TH,ST,,39.0827512,-84.48637966,0.137,9/16/2021 0:00,1128,2,2,0,0,O,CLEAR,DRY,0,COLLISION WITH PARKED VEHICLE,SIDESWIPE-SAME DIRECTION,STRAIGHT & GRADE,DAYLIGHT,0,0,0,1
28679194,CAMPBELL,I 0275,Interstate,,I275 W,,,39.02924084,-84.47176654,76.491,9/16/2021 0:00,1514,2,2,0,0,O,CLEAR,DRY,0,SIDESWIPE COLLISION - SAME DIRECTION,SIDESWIPE-SAME DIRECTION,STRAIGHT & GRADE,DAYLIGHT,0,0,0,1
28669086,CAMPBELL,US0027,USRoute,,3RD,ST,E,39.09343161,-84.49763921,22.239,9/16/2021 0:00,2210,2,2,0,0,O,CLEAR,DRY,0,SIDESWIPE COLLISION - SAME DIRECTION,SIDESWIPE-SAME DIRECTION,CURVE & LEVEL,DARK-HWY LIGHTED/ON,0,0,0,1
28679188,CAMPBELL,I 0471,Interstate,,I471 N,,,39.05216183,-84.46772238,0.68,9/16/2021 0:00,1212,2,2,0,0,O,CLOUDY,DRY,0,REAR END IN TRAFFIC LANES BOTH VEHICLES MOVING,REAR END,CURVE & LEVEL,DAYLIGHT,0,0,0,1
28673698,CAMPBELL,I 0275,Interstate,,I275 W,,,39.04349857,-84.46818811,75.481,9/17/2021 0:00,1545,3,3,0,0,O,CLEAR,DRY,0,REAR END IN TRAFFIC LANES BOTH VEHICLES MOVING,REAR END,STRAIGHT & GRADE,DAYLIGHT,0,0,0,1
28673700,CAMPBELL,KY0824,StateRoute,1565,RACE TRACK,RD,,38.88986751,-84.35794404,1.955,9/17/2021 0:00,1819,2,2,0,0,O,CLEAR,DRY,0,1 VEHICLE PARKED POSITION (NOT PARKING LOT/DRIVEWAY),BACKING,STRAIGHT & LEVEL,DAYLIGHT,0,0,0,1
28680207,CAMPBELL,,OTHR,14,SADYE,CT,,39.08900443,-84.44931921,0.021,9/17/2021 0:00,1506,2,2,0,0,O,CLOUDY,DRY,1,1 VEHICLE PARKED POSITION (NOT PARKING LOT/DRIVEWAY),BACKING,STRAIGHT & GRADE,DAYLIGHT,0,0,0,1
28671256,CAMPBELL,KY0008,StateRoute,,DAVE COWENS,DR,,39.09874361,-84.49199615,1.131,9/17/2021 0:00,1254,2,2,0,0,O,CLOUDY,DRY,1,SIDESWIPE COLLISION - SAME DIRECTION,SIDESWIPE-SAME DIRECTION,CURVE & GRADE,DAYLIGHT,0,0,0,1
28671254,CAMPBELL,I 0471,Interstate,5,I471 N,,,39.10023396,-84.49382175,4.875,9/17/2021 0:00,830,2,2,0,0,O,CLEAR,DRY,0,SIDESWIPE COLLISION - SAME DIRECTION,SIDESWIPE-SAME DIRECTION,STRAIGHT & LEVEL,DAYLIGHT,0,0,0,1
28671965,CAMPBELL,,OTHR,,GRANDVIEW,AVE,,39.08075821,-84.48980867,0.028,9/17/2021 0:00,2040,2,2,0,0,O,CLEAR,DRY,0,COLLISION WITH PARKED VEHICLE,SIDESWIPE-OPPOSITE DIRECTION,STRAIGHT & GRADE,DARK-HWY LIGHTED/ON,0,0,0,1
28673701,CAMPBELL,US0027,USRoute,,ALEXANDRIA,PIKE,,38.92119007,-84.39067796,7.516,9/17/2021 0:00,1851,2,2,0,0,O,CLEAR,DRY,0,ANGLE COLLISION - ONE VEHICLE TURNING LEFT,ANGLE,STRAIGHT & LEVEL,DAYLIGHT,0,0,0,1
28671578,CAMPBELL,,OTHR,,NEWPORT PAVILION,,,39.08844342,-84.47569367,0.431,9/17/2021 0:00,1435,2,2,0,0,O,CLEAR,DRY,1,ANGLE COLLISION - OTHER,ANGLE,STRAIGHT & LEVEL,DAYLIGHT,0,0,0,1
28781135,CAMPBELL,US0027,USRoute,,ALEXANDRIA,PIKE,,39.03547202,-84.45403539,16.645,9/17/2021 0:00,1410,2,2,0,0,O,CLEAR,DRY,1,SIDESWIPE-SAME DIRECTION,SIDESWIPE-SAME DIRECTION,STRAIGHT & LEVEL,DAYLIGHT,0,0,0,1
28680192,CAMPBELL,,OTHR,,PAT FANNING,WAY,,38.98299711,-84.39981211,,9/17/2021 0:00,1751,2,2,0,0,O,CLEAR,DRY,0,VEHICLE BACKING IN INTERSECTION,BACKING,STRAIGHT & LEVEL,DAYLIGHT,1,0,0,1
28672949,CAMPBELL,KY0009,StateRoute,,12TH,ST,W,39.08124049,-84.49300698,22.229,9/17/2021 0:00,352,4,4,0,0,O,CLEAR,DRY,1,1 VEHICLE PARKED POSITION (NOT PARKING LOT/DRIVEWAY),SIDESWIPE-SAME DIRECTION,STRAIGHT & LEVEL,DARK-HWY LIGHTED/ON,0,0,0,1
28670214,CAMPBELL,I 0471,Interstate,,I471 N,,,39.09140737,-84.47625044,3.712,9/17/2021 0:00,653,1,1,0,0,O,CLEAR,DRY,0,COLLISION WITH FIXED OBJECT NON - INTERSECTION - FIRST EVENT COLLISION 09 - 32 EXCLUDING 16,SINGLE VEHICLE,CURVE & LEVEL,DAYLIGHT,0,0,0,1
28672946,CAMPBELL,KY1120,StateRoute,,11TH,ST,W,39.08420725,-84.49095439,0.577,9/17/2021 0:00,2332,2,2,0,0,O,CLEAR,DRY,0,OTHER INTERSECTION COLLISIONS,REAR END,STRAIGHT & GRADE,DARK-HWY LIGHTED/ON,1,0,0,1
28671253,CAMPBELL,I 0471,Interstate,,,,,39.09264747,-84.4791687,0.017,9/17/2021 0:00,1441,1,1,0,0,O,CLOUDY,DRY,0,OTHER RAMP RELATED COLLISIONS NOT LISTED ABOVE,SINGLE VEHICLE,STRAIGHT & GRADE,DAYLIGHT,0,0,0,1
28680187,CAMPBELL,,OTHR,,BROOKWOOD,DR,,38.9523853,-84.36753689,0.222,9/17/2021 0:00,1837,2,2,0,0,O,CLEAR,DRY,0,VEHICLE BACKING NON INTERSECTION,BACKING,STRAIGHT & LEVEL,DAYLIGHT,0,0,0,1
28672064,CAMPBELL,I 0471,Interstate,,I471 S,,,39.06707493,-84.46498709,1.822,9/17/2021 0:00,1611,2,2,0,0,O,CLEAR,DRY,0,OTHER ROADWAY OR MID-BLOCK COLLISION,REAR END,STRAIGHT & LEVEL,DAYLIGHT,0,0,0,1
28705007,CAMPBELL,KY2345,StateRoute,,MARTHA L COLLINS,BLVD,,39.02814645,-84.45171034,0.08,9/17/2021 0:00,1452,2,2,0,0,O,CLEAR,DRY,0,OTHER ROADWAY OR MID-BLOCK COLLISION,OPPOSING LEFT TURN,STRAIGHT & LEVEL,DAYLIGHT,0,0,0,1
28671255,CAMPBELL,,OTHR,,PARK,AVE,,39.0979959,-84.49286085,0.352,9/17/2021 0:00,1421,2,2,0,0,O,CLEAR,DRY,0,1 VEHICLE ENTERING/LEAVING ENTRANCE,ANGLE,STRAIGHT & LEVEL,DAYLIGHT,0,0,0,1
28673069,CAMPBELL,US0027,USRoute,,ALEXANDRIA,PIKE,,38.95754255,-84.39302954,10.038,9/17/2021 0:00,1427,2,2,0,0,O,CLEAR,DRY,0,1 VEHICLE ENTERING/LEAVING ENTRANCE,ANGLE,STRAIGHT & LEVEL,DAYLIGHT,0,0,0,1
28675915,CAMPBELL,KY0008,StateRoute,,DAVE COWENS,DR,,39.09811795,-84.49286624,1.035,9/18/2021 0:00,938,2,2,0,0,O,CLEAR,DRY,0,OTHER ROADWAY OR MID-BLOCK COLLISION,REAR END,STRAIGHT & LEVEL,DAYLIGHT,0,0,0,1
28675914,CAMPBELL,,OTHR,1020,WASHINGTON,AVE,,39.08823989,-84.48643095,0.628,9/18/2021 0:00,1030,2,2,0,0,O,CLEAR,DRY,0,COLLISION WITH FIXED OBJECT NON - INTERSECTION - FIRST EVENT COLLISION 09 - 32 EXCLUDING 16,BACKING,STRAIGHT & LEVEL,DAYLIGHT,0,0,0,1
28676420,CAMPBELL,,OTHR,323,8TH,ST,W,39.08655488,-84.4966536,0.195,9/18/2021 0:00,1704,4,4,0,0,O,CLEAR,DRY,0,1 VEHICLE PARKED POSITION (NOT PARKING LOT/DRIVEWAY),BACKING,STRAIGHT & LEVEL,DAYLIGHT,0,0,0,1
28684389,CAMPBELL,,OTHR,711,CENTER,ST,,39.10523925,-84.47684942,0.472,9/18/2021 0:00,1548,2,2,0,0,O,CLEAR,DRY,0,1 VEHICLE PARKED POSITION (NOT PARKING LOT/DRIVEWAY),SIDESWIPE-SAME DIRECTION,STRAIGHT & LEVEL,DAYLIGHT,0,0,0,1
28684390,CAMPBELL,,OTHR,,DONNERMEYER,BLVD,,39.09720114,-84.48328734,,9/18/2021 0:00,1712,2,1,0,0,O,CLEAR,DRY,0,COLLISION WITH BICYCLE IN INTERSECTION,SINGLE VEHICLE,STRAIGHT & LEVEL,DAYLIGHT,1,1,0,0
28793479,CAMPBELL,I 0471,Interstate,,I471 S,,,39.09940575,-84.49274526,4.76,9/18/2021 0:00,1753,3,3,0,0,O,CLEAR,DRY,0,REAR END IN TRAFFIC LANES BOTH VEHICLES MOVING,REAR END,STRAIGHT & LEVEL,DAYLIGHT,0,0,0,1
28683866,CAMPBELL,,OTHR,,CLOVER RIDGE,AVE,,39.09271164,-84.45742575,0.134,9/19/2021 0:00,1950,2,2,0,0,O,CLEAR,DRY,1,SIDESWIPE COLLISION - OPPOSITE DIRECTION,SIDESWIPE-OPPOSITE DIRECTION,STRAIGHT & GRADE,DARK (UNKNOWN ROADWAY LIGHTING),0,0,0,1
28684388,CAMPBELL,,OTHR,,RIVIERA,DR,,39.09949265,-84.48607729,0.213,9/19/2021 0:00,1218,2,2,0,0,O,CLEAR,DRY,0,ANGLE COLLISION - OTHER,ANGLE,STRAIGHT & LEVEL,DAYLIGHT,0,0,0,1
28676421,CAMPBELL,I 0471,Interstate,,I471 S,,,39.09736741,-84.48521812,4.361,9/19/2021 0:00,1130,1,1,0,0,O,CLEAR,DRY,0,COLLISION WITH ANIMAL NON INTERSECTION,SINGLE VEHICLE,STRAIGHT & LEVEL,DAYLIGHT,0,0,0,1
31216677,CAMPBELL,,OTHR,,NEWPORT PAVILION,,,39.08886038,-84.47563087,0.4,9/19/2021 0:00,1716,2,2,0,0,O,CLEAR,DRY,0,1 VEHICLE ENTERING/LEAVING ENTRANCE,ANGLE,STRAIGHT & LEVEL,DAYLIGHT,0,0,0,1
28687104,CAMPBELL,KY0915,StateRoute,,CAMEL,XING,,38.92095404,-84.39185497,0.07,9/20/2021 0:00,710,2,2,0,0,O,CLOUDY,WET,0,1 VEHICLE ENTERING/LEAVING ENTRANCE,ANGLE,STRAIGHT & LEVEL,DAWN,0,0,0,1
28681670,CAMPBELL,,OTHR,102,NEWPORT PAVILION,,,39.09241444,-84.48038612,0.023,9/20/2021 0:00,1407,2,2,0,0,O,RAINING,WET,0,1 VEHICLE ENTERING/LEAVING ENTRANCE,ANGLE,STRAIGHT & LEVEL,DAYLIGHT,0,0,0,1