IncidentID,County,RdwyNumber,RdwyType,Street,RoadwayName,StreetSfx,StreetDir,Latitude,Longitude,Milepoint,CollisionDate,CollisionTime,UnitsInvolved,MotorVehiclesInvolved,NumberKilled,NumberInjured,KABCO,Weather,RdwyConditionCode,HitandRun,DirAnalysisCode,MannerofCollision,RdwyCharacter,LightCondition,Intersection Crash,Bicyclist,Pedestrian,Motor Vehicles
28685918,CAMPBELL,US0027,USRoute,3710,ALEXANDRIA,PIKE,,39.02654684,-84.4481191,15.937,9/20/2021 0:00,1201,2,2,0,0,O,CLOUDY,DRY,0,VEHICLE BACKING NON INTERSECTION,BACKING,STRAIGHT & LEVEL,DAYLIGHT,0,0,0,1
28689755,CAMPBELL,I 0275,Interstate,,I275 W,,,39.02352965,-84.48147422,77.137,9/20/2021 0:00,1658,2,2,0,1,B,RAINING,WET,0,OTHER ROADWAY OR MID-BLOCK COLLISION,REAR END,CURVE & GRADE,DAYLIGHT,0,0,0,1
28691614,CAMPBELL,I 0275,Interstate,,,,,39.04701217,-84.46258241,0.351,9/20/2021 0:00,2030,1,1,0,0,O,CLOUDY,WET,0,OTHER RAMP RELATED COLLISIONS NOT LISTED ABOVE,SINGLE VEHICLE,CURVE & LEVEL,DARK-HWY LIGHTED/ON,0,0,0,1
28750401,CAMPBELL,,OTHR,6653,LOWER TUG FORK,RD,,38.9975352,-84.38645467,1.907,9/20/2021 0:00,1418,1,1,0,1,B,RAINING,WET,0,RAN OFF ROADWAY (1 VEHICLE WITH/EARTH EMBANKMENT/DITCH),SINGLE VEHICLE,STRAIGHT & LEVEL,DAYLIGHT,0,0,0,1
28684386,CAMPBELL,KY1120,StateRoute,,MEMORIAL,PKWY,,39.09596664,-84.47219472,1.936,9/20/2021 0:00,1726,2,2,0,0,O,RAINING,WET,0,SIDESWIPE-SAME DIRECTION,SIDESWIPE-SAME DIRECTION,CURVE & GRADE,DAYLIGHT,0,0,0,1
28684387,CAMPBELL,,OTHR,,CLARK,ST,,39.10092487,-84.48358317,0.118,9/20/2021 0:00,757,2,2,0,0,O,CLOUDY,DRY,0,COLLISION WITH PARKED VEHICLE,REAR END,STRAIGHT & LEVEL,DAYLIGHT,0,0,0,1
28684382,CAMPBELL,KY0008,StateRoute,,FAIRFIELD,AVE,,39.10301754,-84.48723171,1.559,9/20/2021 0:00,750,2,2,0,0,O,CLOUDY,WET,0,REAR END IN TRAFFIC LANES BOTH VEHICLES MOVING,REAR END,STRAIGHT & GRADE,DAWN,0,0,0,1
28689756,CAMPBELL,KY0009,StateRoute,,LICKING,PIKE,,39.02221143,-84.48102656,17.702,9/20/2021 0:00,1719,2,2,0,1,B,RAINING,WET,0,REAR END IN TRAFFIC LANES BOTH VEHICLES MOVING,REAR END,STRAIGHT & LEVEL,DAYLIGHT,0,0,0,1
28691613,CAMPBELL,,OTHR,6614,LOWER TUG FORK,RD,,39.00009513,-84.38515886,1.696,9/20/2021 0:00,1836,1,1,0,0,O,RAINING,WET,0,OTHER COLLISIONS ON SHOULDER,SINGLE VEHICLE,CURVE & LEVEL,DAYLIGHT,0,0,0,1
28687109,CAMPBELL,US0027,USRoute,,ALEXANDRIA,PIKE,,38.83454394,-84.36665062,0.898,9/20/2021 0:00,637,2,2,0,0,O,RAINING,WET,1,SIDESWIPE COLLISION - OPPOSITE DIRECTION,SIDESWIPE-OPPOSITE DIRECTION,STRAIGHT & LEVEL,DARK-HWY LIGHTED/ON,0,0,0,1
28691617,CAMPBELL,KY0008,StateRoute,221,MARY INGLES,HWY,,39.03169941,-84.37551312,11.645,9/21/2021 0:00,451,1,1,0,0,O,CLOUDY,WET,0,OTHER COLLISIONS ON SHOULDER,SINGLE VEHICLE,STRAIGHT & LEVEL,DARK (UNKNOWN ROADWAY LIGHTING),0,0,0,1
28689757,CAMPBELL,KY0009,StateRoute,,LICKING,PIKE,,39.02441926,-84.48063768,17.876,9/21/2021 0:00,1159,2,2,0,0,O,CLOUDY,WET,0,REAR END IN TRAFFIC LANES BOTH VEHICLES MOVING,REAR END,STRAIGHT & LEVEL,DAYLIGHT,0,0,0,1
28684218,CAMPBELL,I 0471,Interstate,,I471 N,,,39.05863099,-84.46928397,1.139,9/21/2021 0:00,746,2,2,0,0,O,RAINING,WET,0,REAR END IN TRAFFIC LANES BOTH VEHICLES MOVING,REAR END,STRAIGHT & LEVEL,DAYLIGHT,0,0,0,1
28692341,CAMPBELL,,OTHR,378,BLUESTEM RIDGE,DR,,38.96731407,-84.4024834,,9/21/2021 0:00,952,2,2,0,0,O,CLOUDY,DRY,0,1 VEHICLE PARKED POSITION (NOT PARKING LOT/DRIVEWAY),BACKING,STRAIGHT & LEVEL,DAYLIGHT,0,0,0,1
28703101,CAMPBELL,KY0008,StateRoute,,6TH,AVE,,39.11294863,-84.47280865,2.598,9/21/2021 0:00,909,2,2,0,1,C,RAINING,WET,0,ANGLE COLLISION - OTHER,ANGLE,STRAIGHT & LEVEL,OTHER,0,0,0,1
28692254,CAMPBELL,,OTHR,,GADDIS,DR,,39.07525397,-84.46374254,0.007,9/21/2021 0:00,750,2,2,0,0,O,CLOUDY,WET,0,OPPOSITE DIRECTION - BOTH VEHICLES GOING STRAIGHT AHEAD,SIDESWIPE-OPPOSITE DIRECTION,STRAIGHT & LEVEL,DAYLIGHT,0,0,0,1
28689758,CAMPBELL,KY1632,StateRoute,,MOOCK,RD,,39.05487003,-84.48216536,0.297,9/21/2021 0:00,1615,1,1,0,0,O,CLOUDY,DRY,0,COLLISION WITH ANIMAL NON INTERSECTION,SINGLE VEHICLE,CURVE & LEVEL,DAYLIGHT,0,0,0,1
28699567,CAMPBELL,I 0471,Interstate,,I471 N,,,39.05863099,-84.46928397,1.139,9/21/2021 0:00,849,2,1,0,0,O,RAINING,WET,0,1 VEHICLE PARKED POSITION (NOT PARKING LOT/DRIVEWAY),ANGLE,STRAIGHT & LEVEL,DAYLIGHT,0,0,0,1
28691237,CAMPBELL,KY2238,StateRoute,,LOUIE B NUNN,DR,,39.03470599,-84.45572725,0.096,9/21/2021 0:00,912,2,2,0,0,O,CLEAR,WET,0,1 VEHICLE ENTERING/LEAVING ENTRANCE,ANGLE,STRAIGHT & HILLCREST,DAYLIGHT,0,0,0,1
28687767,CAMPBELL,KY0008,StateRoute,ROUNDABOUT,4TH,ST,W,39.08849863,-84.50227509,0.139,9/21/2021 0:00,2104,2,2,0,0,O,RAINING,WET,1,1 VEHICLE ENTERING/LEAVING ENTRANCE,ANGLE,CURVE & LEVEL,DARK-HWY LIGHTED/ON,0,0,0,1
28691319,CAMPBELL,I 0471,Interstate,,I471 N,,,39.09542162,-84.48169021,4.165,9/22/2021 0:00,2314,1,1,0,0,O,RAINING,WET,0,COLLISION WITH ANIMAL NON INTERSECTION,SINGLE VEHICLE,STRAIGHT & GRADE,DARK-HWY LIGHTED/ON,0,0,0,1
28705667,CAMPBELL,I 0275,Interstate,,I275 W,,,39.02289163,-84.48521571,77.343,9/22/2021 0:00,1740,2,2,0,0,O,RAINING,WET,0,COLLISION WITH FIXED OBJECT NON - INTERSECTION - FIRST EVENT COLLISION 09 - 32 EXCLUDING 16,ANGLE,STRAIGHT & LEVEL,DAYLIGHT,0,0,0,1
28692255,CAMPBELL,,OTHR,,HIGHLAND,AVE,,39.07198727,-84.46786305,0.134,9/22/2021 0:00,1815,2,2,0,0,O,RAINING,WET,0,ANGLE COLLISION - OTHER,ANGLE,STRAIGHT & GRADE,DAYLIGHT,0,0,0,1
28709550,CAMPBELL,US0027,USRoute,,ALEXANDRIA,PIKE,,39.06428818,-84.45568598,19.034,9/22/2021 0:00,753,1,1,0,0,O,CLOUDY,WET,0,COLLISION WITH ANIMAL IN INTERSECTION,SINGLE VEHICLE,CURVE & LEVEL,DAYLIGHT,1,0,0,1
28689760,CAMPBELL,KY0009,StateRoute,,LICKING,PIKE,,39.02493275,-84.48055628,17.916,9/22/2021 0:00,1128,2,2,0,0,O,RAINING,WET,0,REAR END IN TRAFFIC LANES BOTH VEHICLES MOVING,REAR END,STRAIGHT & LEVEL,DAYLIGHT,0,0,0,1
28691245,CAMPBELL,US0027,USRoute,,ALEXANDRIA,PIKE,,39.03675699,-84.45417418,16.719,9/22/2021 0:00,1610,2,2,0,0,O,RAINING,WET,0,SIDESWIPE COLLISION - SAME DIRECTION,SIDESWIPE-SAME DIRECTION,STRAIGHT & LEVEL,DAYLIGHT,0,0,0,1
28691322,CAMPBELL,I 0471,Interstate,,I471 S,,,39.09520912,-84.48131709,4.103,9/22/2021 0:00,1806,2,2,0,0,O,RAINING,WET,0,SIDESWIPE COLLISION - SAME DIRECTION,SIDESWIPE-SAME DIRECTION,STRAIGHT & LEVEL,DAYLIGHT,0,0,0,1
28691244,CAMPBELL,US0027,USRoute,,ALEXANDRIA,PIKE,,39.03275171,-84.45279397,16.435,9/22/2021 0:00,1251,2,2,0,0,O,RAINING,WET,0,REAR END IN TRAFFIC LANES BOTH VEHICLES MOVING,REAR END,STRAIGHT & GRADE,DAYLIGHT,0,0,0,1
28698118,CAMPBELL,KY0008,StateRoute,,FAIRFIELD,AVE,,39.10284104,-84.48744695,1.542,9/22/2021 0:00,1117,2,2,0,2,B,RAINING,WET,0,HEAD-ON COLLISION,HEAD ON,STRAIGHT & LEVEL,DAYLIGHT,0,0,0,1
28688442,CAMPBELL,I 0471,Interstate,,I471 N,,,39.06769441,-84.46420206,1.853,9/22/2021 0:00,29,1,1,0,0,O,RAINING,WET,0,OTHER COLLISIONS ON SHOULDER,SINGLE VEHICLE,CURVE & GRADE,DUSK,0,0,0,1
28699448,CAMPBELL,I 0275,Interstate,,I275 E,,,39.05410688,-84.43723232,73.611,9/23/2021 0:00,1845,2,2,0,0,O,CLEAR,DRY,0,REAR END IN TRAFFIC LANES BOTH VEHICLES MOVING,REAR END,STRAIGHT & GRADE,DAYLIGHT,0,0,0,1
28698519,CAMPBELL,KY0009,StateRoute,,AA,HWY,,39.0095277,-84.46756241,16.456,9/23/2021 0:00,1645,3,3,0,0,O,CLEAR,DRY,0,REAR END IN TRAFFIC LANES BOTH VEHICLES MOVING,REAR END,STRAIGHT & LEVEL,DAYLIGHT,0,0,0,1
28698637,CAMPBELL,KY0008,StateRoute,,DAVE COWENS,DR,,39.10073737,-84.48987208,1.341,9/23/2021 0:00,2333,2,2,0,1,C,CLEAR,DRY,0,SIDESWIPE COLLISION - OPPOSITE DIRECTION,SIDESWIPE-OPPOSITE DIRECTION,STRAIGHT & LEVEL,DARK-HWY LIGHTED/OFF,0,0,0,1
28705668,CAMPBELL,KY0009,StateRoute,,,,,39.0098151,-84.46902847,,9/23/2021 0:00,715,2,2,0,0,O,CLOUDY,WET,0,SIDESWIPE COLLISION - SAME DIRECTION,SIDESWIPE-SAME DIRECTION,STRAIGHT & HILLCREST,DAYLIGHT,0,0,0,1
28792783,CAMPBELL,I 0275,Interstate,,I275 E,,,39.05689814,-84.43101878,73.225,9/23/2021 0:00,1659,2,2,0,0,O,CLOUDY,DRY,0,REAR END IN TRAFFIC LANES BOTH VEHICLES MOVING,REAR END,STRAIGHT & LEVEL,DAYLIGHT,0,0,0,1
28700917,CAMPBELL,US0027,USRoute,,ALEXANDRIA,PIKE,,38.89000168,-84.38610217,5.278,9/23/2021 0:00,2345,1,1,0,0,O,CLEAR,DRY,0,COLLISION WITH ANIMAL NON INTERSECTION,SINGLE VEHICLE,STRAIGHT & LEVEL,DARK-HWY NOT LIGHTED,0,0,0,1
28698639,CAMPBELL,,OTHR,1140,PUTNAM,ST,,39.08400007,-84.48969753,0.439,9/23/2021 0:00,2242,4,4,0,0,O,CLEAR,DRY,1,1 VEHICLE PARKED POSITION (NOT PARKING LOT/DRIVEWAY),SIDESWIPE-SAME DIRECTION,STRAIGHT & LEVEL,DARK-HWY LIGHTED/ON,0,0,0,1
28781168,CAMPBELL,I 0471,Interstate,,I471 N,,,39.05340582,-84.46877661,0.782,9/23/2021 0:00,749,2,2,0,0,O,CLOUDY,DRY,0,VEHICLE BACKING NON INTERSECTION,BACKING,STRAIGHT & LEVEL,DAYLIGHT,0,0,0,1
28696616,CAMPBELL,,OTHR,14,SHAW,LN,,39.08138359,-84.44368621,0.042,9/23/2021 0:00,814,2,2,0,0,O,CLEAR,DRY,0,VEHICLE BACKING NON INTERSECTION,BACKING,STRAIGHT & LEVEL,DAYLIGHT,0,0,0,1
28709011,CAMPBELL,KY0709,StateRoute,,ALEXANDRIA,PIKE,E,38.98401087,-84.39779722,0.121,9/23/2021 0:00,1600,2,2,0,0,O,CLOUDY,DRY,0,1 VEHICLE ENTERING/LEAVING ENTRANCE,ANGLE,STRAIGHT & HILLCREST,DAYLIGHT,0,0,0,1
28709577,CAMPBELL,KY1120,StateRoute,,MEMORIAL,PKWY,,39.08329852,-84.45073448,3.861,9/24/2021 0:00,1700,2,2,0,0,O,CLEAR,DRY,0,1 VEHICLE PARKED POSITION (NOT PARKING LOT/DRIVEWAY),SIDESWIPE-SAME DIRECTION,CURVE & LEVEL,DAYLIGHT,0,0,0,1
28708692,CAMPBELL,,OTHR,,BLUEGRASS,AVE,,39.07271111,-84.47912458,0.07,9/24/2021 0:00,1607,3,3,0,0,O,CLEAR,DRY,0,1 VEHICLE PARKED POSITION (NOT PARKING LOT/DRIVEWAY),ANGLE,STRAIGHT & GRADE,DAYLIGHT,0,0,0,1
28702895,CAMPBELL,US0027,USRoute,,ALEXANDRIA,PIKE,,38.9403875,-84.39434088,8.858,9/24/2021 0:00,1436,2,2,0,0,O,CLEAR,DRY,0,OTHER INTERSECTION COLLISIONS,REAR END,STRAIGHT & LEVEL,DAYLIGHT,1,0,0,1
28788619,CAMPBELL,,OTHR,,KENNEDY,ALY,,39.10676381,-84.48196717,,9/24/2021 0:00,1730,1,1,0,0,O,CLEAR,DRY,1,COLLISION WITH FIXED OBJECT NON - INTERSECTION - FIRST EVENT COLLISION 09 - 32 EXCLUDING 16,SINGLE VEHICLE,STRAIGHT & LEVEL,DAYLIGHT,0,0,0,1
28706723,CAMPBELL,,OTHR,311,WASHINGTON,AVE,,39.1046487,-84.48036755,0.319,9/24/2021 0:00,1410,2,2,0,0,O,CLEAR,DRY,0,1 VEHICLE PARKED POSITION (NOT PARKING LOT/DRIVEWAY),SIDESWIPE-SAME DIRECTION,STRAIGHT & LEVEL,DAYLIGHT,0,0,0,1
28700639,CAMPBELL,KY1120,StateRoute,,11TH,ST,W,39.08061744,-84.49775411,0.131,9/24/2021 0:00,655,4,4,0,1,B,CLEAR,DRY,0,1 VEHICLE PARKED POSITION (NOT PARKING LOT/DRIVEWAY),REAR END,STRAIGHT & LEVEL,DARK-HWY LIGHTED/ON,0,0,0,1
28781126,CAMPBELL,US0027,USRoute,2810,ALEXANDRIA,PIKE,,39.0326565,-84.45272873,16.428,9/24/2021 0:00,1045,2,2,0,0,O,CLOUDY,DRY,0,REAR END IN TRAFFIC LANES BOTH VEHICLES MOVING,REAR END,STRAIGHT & GRADE,DAYLIGHT,0,0,0,1
28781418,CAMPBELL,I 0275,Interstate,,I275 E,,,39.03578166,-84.47020911,75.978,9/24/2021 0:00,1928,4,1,0,0,O,CLEAR,DRY,0,REAR END IN TRAFFIC LANES BOTH VEHICLES MOVING,REAR END,STRAIGHT & LEVEL,DUSK,0,0,0,1
28722718,CAMPBELL,I 0275,Interstate,,I275 W,,,39.05003999,-84.44728302,,9/24/2021 0:00,1730,2,2,0,0,O,CLEAR,DRY,0,REAR END IN TRAFFIC LANES BOTH VEHICLES MOVING,REAR END,CURVE & GRADE,DAYLIGHT,0,0,0,1
28702583,CAMPBELL,US0027,USRoute,318,MONMOUTH,ST,,39.09382224,-84.49556534,22.127,9/24/2021 0:00,2157,2,2,0,0,O,CLEAR,DRY,0,SIDESWIPE COLLISION - SAME DIRECTION,SIDESWIPE-SAME DIRECTION,STRAIGHT & LEVEL,DARK-HWY LIGHTED/ON,0,0,0,1
28736121,CAMPBELL,KY1120,StateRoute,,11TH,ST,W,39.08235317,-84.49433572,0.353,9/24/2021 0:00,1603,2,2,0,0,O,CLEAR,DRY,0,SIDESWIPE COLLISION - SAME DIRECTION,SIDESWIPE-SAME DIRECTION,STRAIGHT & LEVEL,DAYLIGHT,0,0,0,1
29152509,CAMPBELL,,OTHR,489,BOONE SMITH,RD,,38.86033132,-84.42551822,1.251,9/24/2021 0:00,1431,2,2,0,0,O,CLEAR,DRY,0,SIDESWIPE COLLISION - OPPOSITE DIRECTION,SIDESWIPE-OPPOSITE DIRECTION,CURVE & LEVEL,DAYLIGHT,0,0,0,1
28701211,CAMPBELL,I 0471,Interstate,ON BRIDGE,I471 N,,,39.09965572,-84.49281087,4.807,9/24/2021 0:00,1418,3,3,0,1,C,CLEAR,DRY,0,REAR END IN TRAFFIC LANES BOTH VEHICLES MOVING,REAR END,STRAIGHT & LEVEL,DAYLIGHT,0,0,0,1
28701213,CAMPBELL,I 0471,Interstate,,I471 N,,,39.10067162,-84.49460151,4.926,9/24/2021 0:00,1414,2,2,0,0,O,CLEAR,DRY,0,REAR END IN TRAFFIC LANES BOTH VEHICLES MOVING,REAR END,STRAIGHT & LEVEL,DAYLIGHT,0,0,0,1
28788618,CAMPBELL,KY0008,StateRoute,24,FAIRFIELD,AVE,,39.1018554,-84.48863021,1.45,9/25/2021 0:00,1448,2,2,0,0,O,CLEAR,DRY,0,REAR END IN TRAFFIC LANES BOTH VEHICLES MOVING,REAR END,STRAIGHT & LEVEL,DAYLIGHT,0,0,0,1
28706722,CAMPBELL,,OTHR,337,BERRY,AVE,,39.10299429,-84.48416326,0.703,9/25/2021 0:00,939,2,2,0,0,O,CLEAR,DRY,1,1 VEHICLE PARKED POSITION (NOT PARKING LOT/DRIVEWAY),SIDESWIPE-SAME DIRECTION,STRAIGHT & LEVEL,DARK (UNKNOWN ROADWAY LIGHTING),0,0,0,1
28716407,CAMPBELL,KY1120,StateRoute,,11TH,ST,W,39.08202019,-84.49494252,0.311,9/25/2021 0:00,1655,2,2,0,0,O,CLEAR,DRY,0,ANGLE COLLISION - OTHER,ANGLE,STRAIGHT & LEVEL,DAYLIGHT,0,0,0,1
28706243,CAMPBELL,KY1120,StateRoute,,11TH,ST,W,39.08382648,-84.49161226,0.532,9/25/2021 0:00,1710,2,2,0,0,O,CLOUDY,DRY,0,ANGLE COLLISION - OTHER,ANGLE,STRAIGHT & LEVEL,DAYLIGHT,0,0,0,1
28731121,CAMPBELL,KY0154,StateRoute,13801,PEACH GROVE,RD,,38.83582835,-84.34181514,2.81,9/25/2021 0:00,55,1,1,0,0,O,CLEAR,DRY,0,COLLISION WITH FIXED OBJECT NON - INTERSECTION - FIRST EVENT COLLISION 09 - 32 EXCLUDING 16,SINGLE VEHICLE,CURVE & LEVEL,DARK-HWY NOT LIGHTED,0,0,0,1
28703761,CAMPBELL,I 0471,Interstate,,,,,39.09287879,-84.47903753,0.192,9/25/2021 0:00,1224,2,2,0,0,O,CLEAR,DRY,0,OTHER RAMP RELATED COLLISIONS NOT LISTED ABOVE,REAR END,CURVE & LEVEL,DAYLIGHT,0,0,0,1
28706367,CAMPBELL,KY1120,StateRoute,,MEMORIAL,PKWY,,39.09228291,-84.47623334,1.607,9/25/2021 0:00,1400,2,2,0,0,O,CLEAR,DRY,0,OTHER ROADWAY OR MID-BLOCK COLLISION,REAR END,STRAIGHT & LEVEL,DAYLIGHT,0,0,0,1
28706915,CAMPBELL,US0027,USRoute,,ALEXANDRIA,PIKE,,39.00859548,-84.428789,14.3,9/26/2021 0:00,844,2,2,0,0,O,CLEAR,DRY,0,OTHER ROADWAY OR MID-BLOCK COLLISION,OPPOSING LEFT TURN,STRAIGHT & LEVEL,DAYLIGHT,0,0,0,1
28709566,CAMPBELL,I 0471,Interstate,,,,,39.06765846,-84.46560088,0.051,9/26/2021 0:00,1210,2,2,0,0,O,CLEAR,DRY,0,OTHER RAMP RELATED COLLISIONS NOT LISTED ABOVE,REAR END,STRAIGHT & GRADE,DAYLIGHT,0,0,0,1
28708694,CAMPBELL,I 0471,Interstate,,I471 N,,,39.06743978,-84.46439624,1.833,9/26/2021 0:00,2200,1,1,0,0,O,CLOUDY,DRY,0,RAN OFF ROADWAY (1 VEHICLE WITH/EARTH EMBANKMENT/DITCH),SINGLE VEHICLE,CURVE & LEVEL,DUSK,0,0,0,1
28781145,CAMPBELL,I 0275,Interstate,,I275 E,,,39.03623626,-84.47019865,75.946,9/26/2021 0:00,1410,2,2,0,0,O,CLEAR,DRY,0,OTHER INTERSECTION COLLISIONS,REAR END,STRAIGHT & LEVEL,DAYLIGHT,1,0,0,1
28710954,CAMPBELL,KY0009,StateRoute,,LICKING,PIKE,,39.02529569,-84.48067861,17.947,9/26/2021 0:00,1638,2,2,0,0,O,CLEAR,DRY,0,ANGLE COLLISION - OTHER,ANGLE,STRAIGHT & LEVEL,DAYLIGHT,0,0,0,1
28925504,CAMPBELL,,OTHR,,LAFAYETTE,AVE,,39.09950435,-84.47956309,0.574,9/26/2021 0:00,1150,2,2,0,0,O,CLEAR,DRY,0,ANGLE COLLISION - OTHER,ANGLE,STRAIGHT & LEVEL,DAYLIGHT,0,0,0,1
28709571,CAMPBELL,US0027,USRoute,,ALEXANDRIA,PIKE,,39.07225267,-84.47107411,20.127,9/26/2021 0:00,2044,2,2,0,0,O,CLEAR,DRY,0,ANGLE COLLISION - OTHER,ANGLE,STRAIGHT & GRADE,DARK-HWY LIGHTED/ON,0,0,0,1
28705345,CAMPBELL,US0027,USRoute,,YORK,ST,,39.09163205,-84.49564269,22.169,9/26/2021 0:00,200,2,2,0,0,O,CLEAR,DRY,1,ANGLE COLLISION - OTHER,ANGLE,STRAIGHT & LEVEL,DARK-HWY LIGHTED/ON,0,0,0,1
28709557,CAMPBELL,KY1120,StateRoute,,FT THOMAS,AVE,S,39.06221917,-84.44847542,5.548,9/26/2021 0:00,300,1,1,0,1,B,CLEAR,DRY,0,COLLISION WITH FIXED OBJECT IN INTERSECTION - FIRST EVENT COLLISION 09 - 32,SINGLE VEHICLE,STRAIGHT & LEVEL,DARK-HWY LIGHTED/ON,1,0,0,1
28731137,CAMPBELL,KY0008,StateRoute,,DAVE COWENS,DR,,39.09950392,-84.49116361,1.234,9/26/2021 0:00,2000,2,1,0,0,O,CLEAR,DRY,1,COLLISION WITH PEDESTRIAN IN INTERSECTION,SINGLE VEHICLE,STRAIGHT & LEVEL,DUSK,1,0,1,0
28706368,CAMPBELL,US0027,USRoute,300,MONMOUTH,ST,,39.09384217,-84.49558603,22.158,9/26/2021 0:00,1530,2,2,0,0,O,CLEAR,DRY,0,SIDESWIPE COLLISION - SAME DIRECTION,SIDESWIPE-SAME DIRECTION,STRAIGHT & LEVEL,DAYLIGHT,0,0,0,1
28743926,CAMPBELL,KY0008,StateRoute,113,6TH,AVE,,39.10921838,-84.4796246,2.151,9/26/2021 0:00,1945,2,2,0,0,O,CLEAR,DRY,1,1 VEHICLE PARKED POSITION (NOT PARKING LOT/DRIVEWAY),SIDESWIPE-SAME DIRECTION,STRAIGHT & LEVEL,DARK-HWY LIGHTED/ON,0,0,0,1
28706370,CAMPBELL,KY1120,StateRoute,200,11TH,ST,W,39.08305696,-84.49306501,0.438,9/26/2021 0:00,1128,2,2,0,0,O,CLEAR,DRY,0,REAR END IN TRAFFIC LANES BOTH VEHICLES MOVING,REAR END,STRAIGHT & LEVEL,DAYLIGHT,0,0,0,1
28776555,CAMPBELL,KY1120,StateRoute,118,FT THOMAS,AVE,N,39.08089065,-84.44898692,4.066,9/27/2021 0:00,1515,2,2,0,0,O,CLEAR,DRY,0,1 VEHICLE PARKED POSITION (NOT PARKING LOT/DRIVEWAY),SIDESWIPE-SAME DIRECTION,CURVE & LEVEL,DAYLIGHT,0,0,0,1
28782111,CAMPBELL,US0027,USRoute,1900,MONMOUTH,ST,,39.07993366,-84.48122553,20.822,9/27/2021 0:00,1528,2,2,0,0,O,CLEAR,DRY,0,SIDESWIPE COLLISION - SAME DIRECTION,SIDESWIPE-SAME DIRECTION,STRAIGHT & LEVEL,DAYLIGHT,0,0,0,1
28791451,CAMPBELL,,OTHR,313,WASHINGTON,ST,,38.96305206,-84.39049847,0.164,9/27/2021 0:00,507,2,2,0,0,O,CLEAR,DRY,1,1 VEHICLE PARKED POSITION (NOT PARKING LOT/DRIVEWAY),BACKING,STRAIGHT & LEVEL,DARK-HWY LIGHTED/ON,0,0,0,1
28731139,CAMPBELL,I 0471,Interstate,,,,,39.08679669,-84.47424658,0.106,9/27/2021 0:00,1921,1,1,0,0,O,CLEAR,DRY,0,COLLISION WITH FIXED OBJECT NOT IN GORE ,SINGLE VEHICLE,STRAIGHT & LEVEL,DAYLIGHT,0,0,0,1
28781125,CAMPBELL,,OTHR,11,KATHERINE,CT,,39.03464072,-84.44892184,0.077,9/27/2021 0:00,1410,2,2,0,0,O,CLEAR,DRY,0,VEHICLE BACKING NON INTERSECTION,BACKING,STRAIGHT & GRADE,DAYLIGHT,0,0,0,1
28782112,CAMPBELL,I 0471,Interstate,,,,,39.09294246,-84.47891561,0.184,9/27/2021 0:00,937,1,1,0,1,B,CLEAR,DRY,0,OTHER RAMP RELATED COLLISIONS NOT LISTED ABOVE,SINGLE VEHICLE,CURVE & GRADE,DAYLIGHT,0,0,0,1
28752350,CAMPBELL,,OTHR,3351,DANIELS,RD,,38.86787873,-84.27385486,0.641,9/28/2021 0:00,1540,1,1,0,0,O,CLEAR,DRY,0,OTHER ROADWAY OR MID-BLOCK COLLISION,SINGLE VEHICLE,STRAIGHT & LEVEL,DAYLIGHT,0,0,0,1
28753032,CAMPBELL,US0027,USRoute,,ALEXANDRIA,PIKE,,39.0197433,-84.43772092,15.196,9/28/2021 0:00,2219,2,2,0,0,O,CLEAR,DRY,0,1 VEHICLE ENTERING/LEAVING ENTRANCE,ANGLE,STRAIGHT & LEVEL,DARK-HWY LIGHTED/ON,0,0,0,1
28788620,CAMPBELL,KY0008,StateRoute,,FAIRFIELD,AVE,,39.10379443,-84.4864368,1.626,9/28/2021 0:00,1905,2,2,0,0,O,CLEAR,DRY,0,OTHER ROADWAY OR MID-BLOCK COLLISION,REAR END,STRAIGHT & LEVEL,DAYLIGHT,0,0,0,1
28935855,CAMPBELL,,OTHR,,6TH,ST,E,39.09415529,-84.48878536,0.363,9/28/2021 0:00,1730,2,2,0,0,O,CLEAR,DRY,0,ANGLE COLLISION - OTHER,ANGLE,STRAIGHT & LEVEL,DAYLIGHT,0,0,0,1
28741102,CAMPBELL,US0027,USRoute,,YORK,ST,,39.09077557,-84.49487045,22.096,9/28/2021 0:00,1352,2,2,0,0,O,CLEAR,DRY,0,SIDESWIPE-SAME DIRECTION,SIDESWIPE-SAME DIRECTION,STRAIGHT & LEVEL,DAYLIGHT,0,0,0,1
28748958,CAMPBELL,US0027,USRoute,,3RD,ST,E,39.09356556,-84.4971376,22.268,9/28/2021 0:00,2045,2,2,0,0,O,CLEAR,DRY,0,SIDESWIPE-SAME DIRECTION,SIDESWIPE-SAME DIRECTION,CURVE & LEVEL,DARK-HWY LIGHTED/ON,0,0,0,1
28776865,CAMPBELL,,OTHR,,CARROLL,DR,,39.03432496,-84.46509069,0.122,9/28/2021 0:00,1335,2,2,0,0,O,CLEAR,DRY,0,VEHICLE BACKING IN INTERSECTION,BACKING,STRAIGHT & LEVEL,DAYLIGHT,1,0,0,1
28741895,CAMPBELL,I 0275,Interstate,,I275 W,,,39.04537959,-84.46639545,75.305,9/28/2021 0:00,1539,2,2,0,0,O,CLEAR,DRY,0,SIDESWIPE-SAME DIRECTION,SIDESWIPE-SAME DIRECTION,STRAIGHT & LEVEL,DAYLIGHT,0,0,0,1