IncidentID,County,RdwyNumber,RdwyType,Street,RoadwayName,StreetSfx,StreetDir,Latitude,Longitude,Milepoint,CollisionDate,CollisionTime,UnitsInvolved,MotorVehiclesInvolved,NumberKilled,NumberInjured,KABCO,Weather,RdwyConditionCode,HitandRun,DirAnalysisCode,MannerofCollision,RdwyCharacter,LightCondition,Intersection Crash,Bicyclist,Pedestrian,Motor Vehicles
28750956,CAMPBELL,KY1120,StateRoute,201,11TH,ST,W,39.08345748,-84.49231068,0.488,9/28/2021 0:00,2210,2,2,0,0,O,CLEAR,DRY,0,1 VEHICLE PARKED POSITION (NOT PARKING LOT/DRIVEWAY),SIDESWIPE-SAME DIRECTION,STRAIGHT & LEVEL,DARK-HWY LIGHTED/ON,0,0,0,1
28781561,CAMPBELL,KY2238,StateRoute,,UNIVERSITY,DR,,39.03631087,-84.46238228,0.587,9/28/2021 0:00,859,2,2,0,0,O,CLEAR,DRY,0,HEAD-ON COLLISION,HEAD ON,STRAIGHT & LEVEL,DAYLIGHT,0,0,0,1
28781148,CAMPBELL,I 0275,Interstate,,I275 E,,,39.03822309,-84.47008881,75.806,9/28/2021 0:00,1519,2,2,0,1,B,CLEAR,DRY,0,REAR END IN TRAFFIC LANES BOTH VEHICLES MOVING,REAR END,STRAIGHT & LEVEL,DAYLIGHT,0,0,0,1
28736117,CAMPBELL,I 0471,Interstate,ON BRIDGE,I471 N,,,39.10123504,-84.49592316,5.008,9/28/2021 0:00,818,2,2,0,0,O,CLEAR,DRY,1,REAR END IN TRAFFIC LANES BOTH VEHICLES MOVING,REAR END,STRAIGHT & LEVEL,DAYLIGHT,0,0,0,1
28790250,CAMPBELL,,OTHR,16,SHERMAN,AVE,,39.05875523,-84.45467331,0.023,9/28/2021 0:00,1126,2,2,0,0,O,CLEAR,DRY,0,1 VEHICLE PARKED POSITION (NOT PARKING LOT/DRIVEWAY),REAR END,STRAIGHT & LEVEL,DAYLIGHT,0,0,0,1
30017557,CAMPBELL,I 0471,Interstate,,I471 N,,,39.09871988,-84.49087004,4.676,9/29/2021 0:00,647,3,1,0,0,O,CLEAR,DRY,0,REAR END IN TRAFFIC LANES BOTH VEHICLES MOVING,REAR END,STRAIGHT & LEVEL,DARK-HWY LIGHTED/ON,0,0,0,1
28787095,CAMPBELL,I 0275,Interstate,,I275 W,,,39.02532231,-84.47785546,76.911,9/29/2021 0:00,1541,2,2,0,0,O,CLEAR,DRY,0,REAR END IN TRAFFIC LANES BOTH VEHICLES MOVING,REAR END,STRAIGHT & HILLCREST,DAYLIGHT,0,0,0,1
28764220,CAMPBELL,,OTHR,121,15TH,ST,,39.08194728,-84.4874131,0.21,9/29/2021 0:00,921,5,5,0,0,O,CLEAR,DRY,0,1 VEHICLE PARKED POSITION (NOT PARKING LOT/DRIVEWAY),HEAD ON,STRAIGHT & GRADE,DAYLIGHT,0,0,0,1
28775648,CAMPBELL,US0027,USRoute,,ALEXANDRIA,PIKE,,38.98689107,-84.40458945,12.352,9/29/2021 0:00,1806,2,2,0,0,O,CLEAR,DRY,0,SIDESWIPE COLLISION - SAME DIRECTION,SIDESWIPE-SAME DIRECTION,STRAIGHT & LEVEL,DAYLIGHT,0,0,0,1
28775490,CAMPBELL,KY1892,StateRoute,80,CAROTHERS,RD,,39.08603486,-84.47917605,2.296,9/29/2021 0:00,1940,2,2,0,0,O,CLEAR,DRY,0,SIDESWIPE COLLISION - SAME DIRECTION,SIDESWIPE-SAME DIRECTION,CURVE & HILLCREST,DARK-HWY LIGHTED/ON,0,0,0,1
28761609,CAMPBELL,,OTHR,,PARKVIEW,AVE,,39.08354161,-84.48356036,0.026,9/29/2021 0:00,841,1,1,0,0,O,CLEAR,DRY,0,COLLISION WITH FIXED OBJECT NON - INTERSECTION - FIRST EVENT COLLISION 09 - 32 EXCLUDING 16,SINGLE VEHICLE,CURVE & GRADE,DAYLIGHT,0,0,0,1
28778394,CAMPBELL,US0027,USRoute,,ALEXANDRIA,PIKE,,38.95792596,-84.39316954,10.069,9/29/2021 0:00,704,2,2,0,0,O,CLEAR,DRY,0,OTHER INTERSECTION COLLISIONS,REAR END,STRAIGHT & HILLCREST,DAYLIGHT,1,0,0,1
28799774,CAMPBELL,KY1120,StateRoute,,FT THOMAS,AVE,S,39.06467602,-84.44650958,5.334,9/29/2021 0:00,2130,2,2,0,0,O,CLEAR,DRY,0,ANGLE COLLISION - OTHER,ANGLE,STRAIGHT & LEVEL,DARK-HWY LIGHTED/ON,0,0,0,1
28786982,CAMPBELL,,OTHR,,BRIGHTON,ST,,39.08066056,-84.49571508,0.052,9/29/2021 0:00,1723,2,2,0,0,O,CLEAR,DRY,0,ANGLE COLLISION - OTHER,ANGLE,STRAIGHT & LEVEL,DAYLIGHT,0,0,0,1
28775491,CAMPBELL,,OTHR,737,ANN,ST,,39.08773212,-84.49517329,0.084,9/29/2021 0:00,1909,2,2,0,0,O,CLEAR,DRY,1,VEHICLE BACKING NON INTERSECTION,BACKING,STRAIGHT & LEVEL,DAYLIGHT,0,0,0,1
28801689,CAMPBELL,KY3490,StateRoute,,JOHNS HILL,RD,,39.03130149,-84.45248282,0.514,9/30/2021 0:00,2000,2,2,0,0,O,CLEAR,DRY,0,1 VEHICLE ENTERING/LEAVING ENTRANCE,ANGLE,STRAIGHT & LEVEL,DARK-HWY LIGHTED/ON,0,0,0,1
28778528,CAMPBELL,,OTHR,160,NEWPORT PAVILION,,,39.09175816,-84.47913084,0.111,9/30/2021 0:00,1244,2,2,0,0,O,CLEAR,DRY,0,VEHICLE BACKING NON INTERSECTION,BACKING,STRAIGHT & LEVEL,DAYLIGHT,0,0,0,1
28785987,CAMPBELL,US0027,USRoute,,ALEXANDRIA,PIKE,,39.02757603,-84.44932997,16.034,9/30/2021 0:00,1641,4,4,0,1,C,CLEAR,DRY,0,OTHER ROADWAY OR MID-BLOCK COLLISION,REAR END,STRAIGHT & LEVEL,DAYLIGHT,0,0,0,1
28782494,CAMPBELL,US0027,USRoute,,ALEXANDRIA,PIKE,,38.88577758,-84.38715383,4.982,9/30/2021 0:00,2035,1,1,0,0,O,CLEAR,DRY,0,OTHER ROADWAY OR MID-BLOCK COLLISION,SINGLE VEHICLE,STRAIGHT & LEVEL,DARK-HWY NOT LIGHTED,0,0,0,1
28779785,CAMPBELL,US0027,USRoute,,,,,39.00074867,-84.42052195,0.012,9/30/2021 0:00,1151,2,2,0,0,O,CLEAR,DRY,0,OTHER RAMP RELATED COLLISIONS NOT LISTED ABOVE,REAR END,STRAIGHT & LEVEL,DAYLIGHT,0,0,0,1
28782652,CAMPBELL,US0027,USRoute,,ALEXANDRIA,PIKE,,38.93663956,-84.39437958,8.599,9/30/2021 0:00,650,2,2,0,1,A,CLEAR,DRY,0,SIDESWIPE-SAME DIRECTION,SIDESWIPE-SAME DIRECTION,STRAIGHT & LEVEL,DARK-HWY LIGHTED/ON,0,0,0,1
28852549,CAMPBELL,US0027,USRoute,,ALEXANDRIA,PIKE,,38.92130316,-84.39058512,7.515,9/30/2021 0:00,1658,2,2,0,2,C,CLEAR,DRY,0,OPPOSING LEFT TURN,OPPOSING LEFT TURN,STRAIGHT & LEVEL,DAYLIGHT,0,0,0,1
30181076,CAMPBELL,US0027,USRoute,,ALEXANDRIA,PIKE,,38.92526121,-84.39259952,7.807,9/30/2021 0:00,1524,2,2,0,0,O,CLEAR,DRY,0,ANGLE COLLISION - OTHER,ANGLE,STRAIGHT & LEVEL,DAYLIGHT,0,0,0,1
28780061,CAMPBELL,US0027,USRoute,,ALEXANDRIA,PIKE,,38.8934045,-84.38550315,5.515,9/30/2021 0:00,721,1,1,0,0,O,CLEAR,DRY,0,COLLISION WITH ANIMAL NON INTERSECTION,SINGLE VEHICLE,STRAIGHT & LEVEL,DAWN,0,0,0,1
28782643,CAMPBELL,,OTHR,,THELMA LEE,DR,,38.99062903,-84.39414825,0.176,9/30/2021 0:00,1257,1,1,0,0,O,CLEAR,DRY,0,COLLISION WITH FIXED OBJECT NON - INTERSECTION - FIRST EVENT COLLISION 09 - 32 EXCLUDING 16,SINGLE VEHICLE,STRAIGHT & GRADE,DAYLIGHT,0,0,0,1
28790254,CAMPBELL,,OTHR,46,HIGHLAND,AVE,,39.07821665,-84.44940372,1.332,9/30/2021 0:00,2239,2,2,0,0,O,CLOUDY,DRY,0,1 VEHICLE PARKED POSITION (NOT PARKING LOT/DRIVEWAY),SIDESWIPE-SAME DIRECTION,STRAIGHT & LEVEL,DARK-HWY NOT LIGHTED,0,0,0,1
28780915,CAMPBELL,US0027,USRoute,,ALEXANDRIA,PIKE,,39.06759118,-84.46598643,19.662,9/30/2021 0:00,1721,3,3,0,0,O,CLEAR,DRY,1,SIDESWIPE COLLISION - OPPOSITE DIRECTION,SIDESWIPE-OPPOSITE DIRECTION,STRAIGHT & LEVEL,DAYLIGHT,0,0,0,1
28787395,CAMPBELL,I 0275,Interstate,,I275 W,,,39.02526741,-84.47795341,76.917,9/30/2021 0:00,1542,2,2,0,0,O,CLEAR,DRY,0,SIDESWIPE COLLISION - SAME DIRECTION,SIDESWIPE-SAME DIRECTION,STRAIGHT & GRADE,DAYLIGHT,0,0,0,1
28780058,CAMPBELL,US0027,USRoute,1742,MONMOUTH,ST,,39.08118541,-84.48181851,20.993,9/30/2021 0:00,1735,2,2,0,0,O,CLEAR,DRY,0,SIDESWIPE COLLISION - SAME DIRECTION,SIDESWIPE-SAME DIRECTION,STRAIGHT & HILLCREST,DAYLIGHT,0,0,0,1
28782649,CAMPBELL,I 0275,Interstate,,,,,39.04623164,-84.45785162,0.304,9/30/2021 0:00,1745,2,2,0,0,O,CLEAR,DRY,0,REAR END IN TRAFFIC LANES BOTH VEHICLES MOVING,REAR END,CURVE & LEVEL,DAYLIGHT,0,0,0,1
28790251,CAMPBELL,,OTHR,217,GRANT,ST,,39.05865299,-84.45406384,0.255,10/1/2021 0:00,1239,2,2,0,1,A,CLEAR,DRY,0,1 VEHICLE PARKED POSITION (NOT PARKING LOT/DRIVEWAY),HEAD ON,STRAIGHT & LEVEL,DAYLIGHT,0,0,0,1
28782119,CAMPBELL,,OTHR,160,NEWPORT PAVILION,,,39.09088067,-84.47710782,0.237,10/1/2021 0:00,1122,2,2,0,0,O,CLOUDY,DRY,1,1 VEHICLE PARKED POSITION (NOT PARKING LOT/DRIVEWAY),SIDESWIPE-OPPOSITE DIRECTION,STRAIGHT & GRADE,DAYLIGHT,0,0,0,1
28787097,CAMPBELL,KY0009,StateRoute,,AA HWY,,,39.01419525,-84.47620569,,10/1/2021 0:00,1243,3,3,0,0,O,CLEAR,DRY,0,REAR END IN TRAFFIC LANES BOTH VEHICLES MOVING,REAR END,STRAIGHT & LEVEL,DAYLIGHT,0,0,0,1
28788617,CAMPBELL,KY0008,StateRoute,24,FAIRFIELD,AVE,,39.1021513,-84.48832647,1.476,10/1/2021 0:00,1632,2,2,0,0,O,CLEAR,DRY,0,REAR END IN TRAFFIC LANES BOTH VEHICLES MOVING,REAR END,STRAIGHT & LEVEL,DAYLIGHT,0,0,0,1
28782650,CAMPBELL,KY0547,StateRoute,,FOUR MILE,RD,,38.98239759,-84.36374787,2.195,10/1/2021 0:00,1014,2,2,0,0,O,CLEAR,DRY,0,SIDESWIPE COLLISION - OPPOSITE DIRECTION,SIDESWIPE-OPPOSITE DIRECTION,CURVE & LEVEL,DAYLIGHT,0,0,0,1
28885663,CAMPBELL,,OTHR,,RIVIERA,DR,,39.10172965,-84.48858458,0.008,10/1/2021 0:00,1220,2,2,0,0,O,CLEAR,DRY,0,OTHER INTERSECTION COLLISIONS,REAR END,STRAIGHT & LEVEL,DAYLIGHT,1,0,0,1
28790584,CAMPBELL,KY1120,StateRoute,539,FT THOMAS,AVE,S,39.07166536,-84.44586201,4.747,10/1/2021 0:00,1122,2,1,0,1,B,CLEAR,DRY,0,COLLISION WITH BICYCLIST NON INTERSECTION,SINGLE VEHICLE,STRAIGHT & LEVEL,DAYLIGHT,0,1,0,0
28787442,CAMPBELL,KY0008,StateRoute,,MARY INGLES,HWY,,39.02601422,-84.34853364,13.159,10/1/2021 0:00,1811,1,1,0,0,O,CLEAR,DRY,0,COLLISION WITH ANIMAL NON INTERSECTION,SINGLE VEHICLE,STRAIGHT & LEVEL,DAYLIGHT,0,0,0,1
28782819,CAMPBELL,,OTHR,,BRIGHTON,ST,,39.08066284,-84.49571331,0.052,10/1/2021 0:00,1046,2,2,0,0,O,CLEAR,DRY,0,ANGLE COLLISION - OTHER,ANGLE,STRAIGHT & LEVEL,DAYLIGHT,0,0,0,1
28785989,CAMPBELL,US0027,USRoute,,ALEXANDRIA,PIKE,,39.01824783,-84.43574978,15.031,10/1/2021 0:00,2157,2,2,0,0,O,CLEAR,DRY,0,REAR END - ONE VEHICLE TURNING RIGHT,REAR END,STRAIGHT & LEVEL,DARK-HWY LIGHTED/ON,0,0,0,1
28782280,CAMPBELL,US0027,USRoute,,YORK,ST,,39.08617309,-84.49067559,21.706,10/1/2021 0:00,819,2,2,0,0,O,CLOUDY,DRY,0,SIDESWIPE-SAME DIRECTION,SIDESWIPE-SAME DIRECTION,STRAIGHT & LEVEL,DAYLIGHT,0,0,0,1
28798967,CAMPBELL,I 0471,Interstate,,,,,39.08542312,-84.47450529,0.21,10/1/2021 0:00,1616,2,2,0,0,O,CLEAR,DRY,0,OTHER RAMP RELATED COLLISIONS NOT LISTED ABOVE,REAR END,CURVE & LEVEL,DAYLIGHT,0,0,0,1
28782818,CAMPBELL,I 0471,Interstate,,I471 N,,,39.10084236,-84.49502513,4.952,10/1/2021 0:00,645,2,2,0,0,O,CLOUDY,DRY,1,OTHER ROADWAY OR MID-BLOCK COLLISION,REAR END,STRAIGHT & LEVEL,DAWN,0,0,0,1
28799457,CAMPBELL,US0027,USRoute,,ALEXANDRIA,PIKE,,39.07063144,-84.46964462,19.991,10/1/2021 0:00,1154,2,2,0,0,O,CLEAR,DRY,0,OTHER ROADWAY OR MID-BLOCK COLLISION,OPPOSING LEFT TURN,STRAIGHT & HILLCREST,DAYLIGHT,0,0,0,1
28782109,CAMPBELL,,OTHR,901,COLUMBIA,ST,,39.08668472,-84.49316382,0.309,10/1/2021 0:00,742,2,2,0,1,C,CLOUDY,DRY,0,VEHICLE BACKING NON INTERSECTION,BACKING,STRAIGHT & LEVEL,DAYLIGHT,0,0,0,1
28786980,CAMPBELL,KY0008,StateRoute,,3RD,ST,E,39.09551897,-84.4938863,0.787,10/2/2021 0:00,1353,2,2,0,0,O,CLEAR,DRY,0,1 VEHICLE ENTERING/LEAVING ENTRANCE,ANGLE,STRAIGHT & LEVEL,DAYLIGHT,0,0,0,1
28785775,CAMPBELL,I 0471,Interstate,,I471 S EXIT3 CROSSOVER KY1892,,,39.08543194,-84.47455947,0.005,10/2/2021 0:00,1815,2,2,0,0,O,CLEAR,DRY,0,OTHER ROADWAY OR MID-BLOCK COLLISION,REAR END,CURVE & LEVEL,DUSK,0,0,0,1
28788654,CAMPBELL,US0027,USRoute,,ALEXANDRIA,PIKE,,38.89323085,-84.38574368,5.501,10/2/2021 0:00,1910,1,1,0,0,O,CLOUDY,DRY,0,COLLISION WITH ANIMAL IN INTERSECTION,SINGLE VEHICLE,STRAIGHT & LEVEL,DAYLIGHT,1,0,0,1
28792066,CAMPBELL,,OTHR,,DAYTON,PIKE,,39.10770045,-84.46054842,0.076,10/2/2021 0:00,2101,1,1,0,0,O,CLOUDY,WET,0,COLLISION WITH ANIMAL IN INTERSECTION,SINGLE VEHICLE,CURVE & GRADE,DARK (UNKNOWN ROADWAY LIGHTING),1,0,0,1
28888763,CAMPBELL,,OTHR,250,SUNSET,DR,,39.03707529,-84.45991223,0.35,10/2/2021 0:00,423,1,1,0,0,O,CLEAR,DRY,0,COLLISION WITH FIXED OBJECT NON - INTERSECTION - FIRST EVENT COLLISION 09 - 32 EXCLUDING 16,SINGLE VEHICLE,STRAIGHT & LEVEL,DARK-HWY NOT LIGHTED,0,0,0,1
28787596,CAMPBELL,,OTHR,300,DAVE COWENS,DR,,39.09682297,-84.49423499,0.002,10/2/2021 0:00,1706,2,2,0,0,O,CLEAR,DRY,0,SIDESWIPE COLLISION - SAME DIRECTION,SIDESWIPE-SAME DIRECTION,STRAIGHT & LEVEL,DAYLIGHT,0,0,0,1
28790255,CAMPBELL,KY1120,StateRoute,950,FT THOMAS,AVE,S,39.06748948,-84.44707807,5.072,10/2/2021 0:00,1739,2,2,0,0,O,CLOUDY,DRY,1,SIDESWIPE COLLISION - OPPOSITE DIRECTION,SIDESWIPE-OPPOSITE DIRECTION,CURVE & LEVEL,DAYLIGHT,0,0,0,1
28788621,CAMPBELL,,OTHR,88,GEIGER,AVE,,39.09514503,-84.47741077,0.134,10/2/2021 0:00,37,2,2,0,0,O,CLEAR,DRY,0,1 VEHICLE PARKED POSITION (NOT PARKING LOT/DRIVEWAY),SIDESWIPE-OPPOSITE DIRECTION,STRAIGHT & GRADE,DARK-HWY NOT LIGHTED,0,0,0,1
28925498,CAMPBELL,,OTHR,,PROSPECT,ST,,39.10541891,-84.48258291,0.132,10/3/2021 0:00,1200,2,2,0,0,O,RAINING,WET,1,1 VEHICLE PARKED POSITION (NOT PARKING LOT/DRIVEWAY),SIDESWIPE-SAME DIRECTION,STRAIGHT & LEVEL,DARK-HWY NOT LIGHTED,0,0,0,1
28789362,CAMPBELL,I 0471,Interstate,,I471 N,,,39.07201549,-84.46345689,2.168,10/3/2021 0:00,1354,2,2,0,0,O,RAINING,WET,1,SIDESWIPE COLLISION - SAME DIRECTION,SIDESWIPE-SAME DIRECTION,CURVE & LEVEL,DAYLIGHT,0,0,0,1
28787340,CAMPBELL,KY1892,StateRoute,,GRAND,AVE,,39.08520912,-84.47394875,1.945,10/3/2021 0:00,1310,2,2,0,0,O,RAINING,WET,0,SIDESWIPE COLLISION - SAME DIRECTION,SIDESWIPE-SAME DIRECTION,STRAIGHT & GRADE,DAYLIGHT,0,0,0,1
28792071,CAMPBELL,,OTHR,,ERVIN,TER,,39.11297594,-84.47717469,0.45,10/3/2021 0:00,1815,2,2,0,1,C,CLOUDY,DRY,0,HEAD-ON COLLISION,HEAD ON,STRAIGHT & LEVEL,DAYLIGHT,0,0,0,1
28790257,CAMPBELL,I 0471,Interstate,,I471 N,,,39.07175795,-84.46323587,2.147,10/3/2021 0:00,1340,1,1,0,0,O,RAINING,WET,0,OTHER COLLISIONS ON SHOULDER,SINGLE VEHICLE,CURVE & LEVEL,DAYLIGHT,0,0,0,1
28787396,CAMPBELL,KY0009,StateRoute,,LICKING,PIKE,,39.02529664,-84.48068085,17.947,10/3/2021 0:00,622,2,2,0,0,O,RAINING,WET,0,ANGLE COLLISION - OTHER,ANGLE,STRAIGHT & LEVEL,DARK-HWY LIGHTED/ON,0,0,0,1
28792070,CAMPBELL,,OTHR,812,VINE,ST,,39.10977877,-84.47600851,0.264,10/3/2021 0:00,1026,2,2,0,0,O,CLOUDY,WET,1,1 VEHICLE ENTERING/LEAVING ENTRANCE,ANGLE,STRAIGHT & GRADE,DAYLIGHT,0,0,0,1
28798961,CAMPBELL,,OTHR,,3RD,ST,W,39.09238517,-84.49836503,0.089,10/4/2021 0:00,1558,2,2,0,0,O,CLOUDY,DRY,0,ANGLE COLLISION - OTHER,ANGLE,STRAIGHT & LEVEL,DAYLIGHT,0,0,0,1
28791954,CAMPBELL,US0027,USRoute,,MONMOUTH,ST,,39.08001816,-84.48129656,20.913,10/4/2021 0:00,1339,2,2,0,1,C,CLEAR,DRY,0,ANGLE COLLISION - ONE VEHICLE TURNING LEFT,ANGLE,STRAIGHT & LEVEL,DAYLIGHT,0,0,0,1
28798647,CAMPBELL,,OTHR,400,FT THOMAS,AVE,N,39.0837479,-84.45207487,0.116,10/4/2021 0:00,730,2,2,0,0,O,CLEAR,DRY,0,1 VEHICLE PARKED POSITION (NOT PARKING LOT/DRIVEWAY),SIDESWIPE-SAME DIRECTION,STRAIGHT & LEVEL,DARK-HWY LIGHTED/ON,0,0,0,1
28801758,CAMPBELL,KY0009,StateRoute,,AA,HWY,,38.99978105,-84.40886965,13.194,10/4/2021 0:00,1938,1,1,0,0,O,RAINING,WET,0,COLLISION WITH FIXED OBJECT NON - INTERSECTION - FIRST EVENT COLLISION 09 - 32 EXCLUDING 16,SINGLE VEHICLE,CURVE & GRADE,DARK-HWY NOT LIGHTED,0,0,0,1
28791938,CAMPBELL,,OTHR,931,ANN,ST,,39.08541227,-84.4930545,0.28,10/4/2021 0:00,1048,2,2,0,0,O,CLEAR,DRY,1,1 VEHICLE PARKED POSITION (NOT PARKING LOT/DRIVEWAY),SIDESWIPE-SAME DIRECTION,STRAIGHT & LEVEL,DUSK,0,0,0,1
28799075,CAMPBELL,,OTHR,427,MADDOX,RD,,38.91414793,-84.42243201,1.057,10/5/2021 0:00,1205,2,2,0,0,O,CLEAR,DRY,0,SIDESWIPE COLLISION - OPPOSITE DIRECTION,SIDESWIPE-OPPOSITE DIRECTION,STRAIGHT & GRADE,DAYLIGHT,0,0,0,1
28797147,CAMPBELL,,OTHR,,KENTUCKY,DR,,39.07338235,-84.48849636,0.052,10/5/2021 0:00,1711,2,2,0,0,O,CLEAR,DRY,0,SIDESWIPE COLLISION - SAME DIRECTION,SIDESWIPE-SAME DIRECTION,STRAIGHT & LEVEL,DAYLIGHT,0,0,0,1
28803421,CAMPBELL,KY0008,StateRoute,,5TH,ST,W,39.08938694,-84.49973063,0.291,10/5/2021 0:00,1755,2,2,0,0,O,CLEAR,DRY,0,SIDESWIPE COLLISION - SAME DIRECTION,SIDESWIPE-SAME DIRECTION,STRAIGHT & LEVEL,DAYLIGHT,0,0,0,1
28797145,CAMPBELL,I 0471,Interstate,,I471 S,,,39.09942417,-84.49274682,4.796,10/5/2021 0:00,1946,2,2,0,0,O,CLEAR,DRY,0,REAR END IN TRAFFIC LANES BOTH VEHICLES MOVING,REAR END,STRAIGHT & LEVEL,DARK-HWY LIGHTED/ON,0,0,0,1
28802946,CAMPBELL,,OTHR,,CONSTABLE,DR,,38.95208842,-84.39322303,0.707,10/5/2021 0:00,713,2,2,0,0,O,CLEAR,DRY,0,OTHER INTERSECTION COLLISIONS,REAR END,STRAIGHT & LEVEL,DAYLIGHT,1,0,0,1
28801067,CAMPBELL,,OTHR,704,ERVIN,TER,,39.11142371,-84.47565356,0.335,10/5/2021 0:00,2206,2,2,0,0,O,CLEAR,DRY,0,1 VEHICLE PARKED POSITION (NOT PARKING LOT/DRIVEWAY),SIDESWIPE-SAME DIRECTION,STRAIGHT & GRADE,DARK-HWY LIGHTED/ON,0,0,0,1
28904848,CAMPBELL,,OTHR,500,TAYLOR,AVE,,39.10148325,-84.47937764,0.501,10/5/2021 0:00,2147,2,2,0,0,O,CLEAR,DRY,0,ANGLE COLLISION - OTHER,ANGLE,STRAIGHT & LEVEL,DARK-HWY LIGHTED/ON,0,0,0,1
28797150,CAMPBELL,KY1892,StateRoute,95,CAROTHERS,RD,,39.08548941,-84.48013172,2.327,10/5/2021 0:00,1807,2,2,0,0,O,CLEAR,DRY,0,1 VEHICLE ENTERING/LEAVING ENTRANCE,ANGLE,CURVE & GRADE,DAYLIGHT,0,0,0,1
28851392,CAMPBELL,I 0275,Interstate,,,,,39.04895509,-84.46507218,0.146,10/5/2021 0:00,1732,3,3,0,0,O,CLEAR,DRY,0,OTHER RAMP RELATED COLLISIONS NOT LISTED ABOVE,REAR END,CURVE & GRADE,DAYLIGHT,0,0,0,1
28798649,CAMPBELL,I 0471,Interstate,,,,,39.06748145,-84.46582317,0.069,10/5/2021 0:00,1800,2,2,0,0,O,CLEAR,DRY,0,OTHER RAMP RELATED COLLISIONS NOT LISTED ABOVE,REAR END,STRAIGHT & LEVEL,DAYLIGHT,0,0,0,1
28802379,CAMPBELL,KY1120,StateRoute,,11TH,ST,W,39.08121861,-84.49640403,0.219,10/6/2021 0:00,1745,2,2,0,0,O,CLEAR,DRY,0,OTHER ROADWAY OR MID-BLOCK COLLISION,REAR END,STRAIGHT & GRADE,DAYLIGHT,0,0,0,1
28800442,CAMPBELL,,OTHR,,6TH,ST,E,39.09264278,-84.49150598,0.542,10/6/2021 0:00,1424,2,1,0,0,O,CLEAR,DRY,0,COLLISION WITH BICYCLE IN INTERSECTION,SINGLE VEHICLE,STRAIGHT & LEVEL,DAYLIGHT,1,1,0,0
28804331,CAMPBELL,KY0010,StateRoute,8490,MAIN,ST,E,38.95877526,-84.38154116,2.018,10/6/2021 0:00,1752,2,2,0,0,O,CLOUDY,DRY,0,ANGLE COLLISION - OTHER,ANGLE,STRAIGHT & LEVEL,DAYLIGHT,0,0,0,1
28803023,CAMPBELL,,OTHR,,FT THOMAS,AVE,N,39.09308391,-84.44775221,0.697,10/6/2021 0:00,1519,2,2,0,0,O,CLEAR,DRY,0,1 VEHICLE PARKED POSITION (NOT PARKING LOT/DRIVEWAY),SIDESWIPE-SAME DIRECTION,STRAIGHT & LEVEL,DAYLIGHT,0,0,0,1
28798650,CAMPBELL,US0027,USRoute,,ALEXANDRIA,PIKE,,39.05402997,-84.44913169,18.135,10/6/2021 0:00,708,1,1,0,0,O,CLOUDY,DRY,0,COLLISION WITH ANIMAL NON INTERSECTION,SINGLE VEHICLE,STRAIGHT & LEVEL,DARK-HWY LIGHTED/ON,0,0,0,1
28803024,CAMPBELL,I 0471,Interstate,,I471 N,,,39.07207024,-84.46337567,2.17,10/6/2021 0:00,530,1,1,0,1,B,CLEAR,DRY,0,OCCUPANT FELL FROM MOVING VEHICLE,SINGLE VEHICLE,CURVE & LEVEL,DARK-HWY LIGHTED/ON,0,0,0,1
28802376,CAMPBELL,,OTHR,426,10TH,ST,W,39.08280118,-84.49681751,0.12,10/6/2021 0:00,2150,2,2,0,0,O,RAINING,WET,1,1 VEHICLE PARKED POSITION (NOT PARKING LOT/DRIVEWAY),SIDESWIPE-SAME DIRECTION,STRAIGHT & LEVEL,DARK (UNKNOWN ROADWAY LIGHTING),0,0,0,1
28801691,CAMPBELL,KY0471,StateRoute,,KY471,,,39.03720808,-84.45407278,0.016,10/6/2021 0:00,856,2,2,0,0,O,CLOUDY,DRY,0,REAR END IN TRAFFIC LANES BOTH VEHICLES MOVING,REAR END,STRAIGHT & LEVEL,DAYLIGHT,0,0,0,1
28806790,CAMPBELL,KY0547,StateRoute,,FOUR MILE,RD,,39.01835627,-84.3762281,4.912,10/6/2021 0:00,1445,2,2,0,0,O,CLOUDY,DRY,0,SIDESWIPE COLLISION - OPPOSITE DIRECTION,SIDESWIPE-OPPOSITE DIRECTION,STRAIGHT & LEVEL,DAYLIGHT,0,0,0,1
28805932,CAMPBELL,US0027,USRoute,,ALEXANDRIA,PIKE,,39.02861148,-84.45043743,16.17,10/6/2021 0:00,2154,2,2,0,0,O,CLOUDY,DRY,0,SIDESWIPE COLLISION - SAME DIRECTION,SIDESWIPE-SAME DIRECTION,STRAIGHT & LEVEL,DARK-HWY LIGHTED/ON,0,0,0,1
28804473,CAMPBELL,,OTHR,300,ISABELLA,ALY,,39.08199701,-84.49067848,0.047,10/7/2021 0:00,1253,2,0,0,1,A,CLEAR,DRY,0,REAR END IN TRAFFIC LANES BOTH VEHICLES MOVING,REAR END,CURVE & LEVEL,DAYLIGHT,0,0,0,1
28804208,CAMPBELL,I 0471,Interstate,,I471 N,,,39.09908222,-84.49168131,4.734,10/7/2021 0:00,755,2,2,0,0,O,CLOUDY,WET,0,REAR END IN TRAFFIC LANES BOTH VEHICLES MOVING,REAR END,STRAIGHT & GRADE,DAYLIGHT,0,0,0,1
28845062,CAMPBELL,US0027,USRoute,,ALEXANDRIA,PIKE,,39.02531796,-84.44537652,15.766,10/7/2021 0:00,800,4,4,0,1,C,CLOUDY,DRY,0,REAR END IN TRAFFIC LANES BOTH VEHICLES MOVING,REAR END,STRAIGHT & LEVEL,DUSK,0,0,0,1