IncidentID,County,RdwyNumber,RdwyType,Street,RoadwayName,StreetSfx,StreetDir,Latitude,Longitude,Milepoint,CollisionDate,CollisionTime,UnitsInvolved,MotorVehiclesInvolved,NumberKilled,NumberInjured,KABCO,Weather,RdwyConditionCode,HitandRun,DirAnalysisCode,MannerofCollision,RdwyCharacter,LightCondition,Intersection Crash,Bicyclist,Pedestrian,Motor Vehicles
28806862,CAMPBELL,,OTHR,,FT THOMAS,AVE,N,39.09258661,-84.44736288,0.656,10/7/2021 0:00,2014,2,2,0,0,O,CLOUDY,DRY,0,1 VEHICLE PARKED POSITION (NOT PARKING LOT/DRIVEWAY),SIDESWIPE-SAME DIRECTION,STRAIGHT & LEVEL,DARK-HWY LIGHTED/ON,0,0,0,1
28807497,CAMPBELL,US0027,USRoute,2606,ALEXANDRIA,PIKE,,39.07087906,-84.46991725,20.015,10/7/2021 0:00,1004,2,2,0,0,O,CLOUDY,DRY,0,1 VEHICLE PARKED POSITION (NOT PARKING LOT/DRIVEWAY),BACKING,STRAIGHT & LEVEL,DAYLIGHT,0,0,0,1
28806089,CAMPBELL,KY1120,StateRoute,714,10TH,ST,E,39.09068627,-84.48310727,1.181,10/7/2021 0:00,1810,1,1,0,0,O,CLOUDY,WET,1,COLLISION WITH FIXED OBJECT NON - INTERSECTION - FIRST EVENT COLLISION 09 - 32 EXCLUDING 16,SINGLE VEHICLE,CURVE & LEVEL,DAYLIGHT,0,0,0,1
28804207,CAMPBELL,,OTHR,,NEWPORT PAVILION,,,39.08643908,-84.47720407,0.595,10/7/2021 0:00,1134,2,2,0,0,O,CLOUDY,DRY,0,OTHER INTERSECTION COLLISIONS,REAR END,CURVE & LEVEL,DAYLIGHT,1,0,0,1
28806090,CAMPBELL,,OTHR,917,BOONE,ST,,39.08988165,-84.48591192,0.12,10/7/2021 0:00,1725,2,2,0,0,O,CLEAR,DRY,1,1 VEHICLE PARKED POSITION (NOT PARKING LOT/DRIVEWAY),SIDESWIPE-SAME DIRECTION,STRAIGHT & LEVEL,DAYLIGHT,0,0,0,1
28805362,CAMPBELL,KY1892,StateRoute,,GRAND,AVE,,39.08528181,-84.47422555,1.96,10/7/2021 0:00,2010,2,2,0,0,O,CLEAR,DRY,0,ANGLE COLLISION - ONE VEHICLE TURNING LEFT,ANGLE,STRAIGHT & GRADE,DARK-HWY LIGHTED/ON,0,0,0,1
28807496,CAMPBELL,,OTHR,,HIGHLAND,AVE,,39.0707747,-84.46979138,0.001,10/7/2021 0:00,944,2,2,0,2,B,CLOUDY,DRY,0,ANGLE COLLISION - ONE VEHICLE TURNING LEFT,ANGLE,STRAIGHT & HILLCREST,DAYLIGHT,0,0,0,1
28806961,CAMPBELL,KY0009,StateRoute,,AA,HWY,,39.01477614,-84.47679613,17.097,10/7/2021 0:00,132,1,1,0,0,O,CLOUDY,WET,0,OTHER ROADWAY OR MID-BLOCK COLLISION,SINGLE VEHICLE,STRAIGHT & LEVEL,DARK-HWY LIGHTED/OFF,0,0,0,1
28845075,CAMPBELL,US0027,USRoute,,,,,39.00410059,-84.41944281,0.333,10/8/2021 0:00,1415,1,1,0,0,O,CLEAR,DRY,0,COLLISION WITH FIXED OBJECT NOT IN GORE ,SINGLE VEHICLE,CURVE & LEVEL,DAYLIGHT,0,0,0,1
28845067,CAMPBELL,US0027,USRoute,5020,ALEXANDRIA,PIKE,,39.0053923,-84.42613597,14.047,10/8/2021 0:00,1630,3,3,0,0,O,CLOUDY,DRY,0,OTHER ROADWAY OR MID-BLOCK COLLISION,REAR END,STRAIGHT & LEVEL,DAYLIGHT,0,0,0,1
28808193,CAMPBELL,,OTHR,169,NEWPORT PAVILION,,,39.09170315,-84.47835871,0.147,10/8/2021 0:00,1410,2,2,0,0,O,CLEAR,DRY,0,SIDESWIPE COLLISION - SAME DIRECTION,SIDESWIPE-SAME DIRECTION,STRAIGHT & LEVEL,DAYLIGHT,0,0,0,1
28828491,CAMPBELL,I 0275,Interstate,,I275 W,,,39.02285835,-84.48924136,77.575,10/8/2021 0:00,1748,2,2,0,0,O,CLEAR,DRY,0,SIDESWIPE COLLISION - SAME DIRECTION,SIDESWIPE-SAME DIRECTION,STRAIGHT & LEVEL,DAYLIGHT,0,0,0,1
28860129,CAMPBELL,KY0009,StateRoute,,AA,HWY,,39.00814125,-84.46075947,16.08,10/9/2021 0:00,2146,2,2,0,0,O,CLEAR,DRY,0,REAR END IN TRAFFIC LANES BOTH VEHICLES MOVING,REAR END,STRAIGHT & GRADE,DARK-HWY NOT LIGHTED,0,0,0,1
28851536,CAMPBELL,US0027,USRoute,,YORK,ST,,39.0850287,-84.48960995,21.604,10/9/2021 0:00,2054,2,2,0,0,O,CLEAR,DRY,1,REAR END IN TRAFFIC LANES BOTH VEHICLES MOVING,REAR END,STRAIGHT & LEVEL,DARK-HWY LIGHTED/ON,0,0,0,1
28917041,CAMPBELL,I 0275,Interstate,,I275 E,,,39.04226244,-84.46897767,75.524,10/9/2021 0:00,1315,3,3,0,0,O,CLOUDY,DRY,0,REAR END IN TRAFFIC LANES BOTH VEHICLES MOVING,REAR END,STRAIGHT & LEVEL,DAYLIGHT,0,0,0,1
28898325,CAMPBELL,US0027,USRoute,,ALEXANDRIA,PIKE,,38.94069975,-84.39426315,8.871,10/9/2021 0:00,136,1,1,0,0,O,CLEAR,DRY,0,COLLISION WITH ANIMAL IN INTERSECTION,SINGLE VEHICLE,STRAIGHT & LEVEL,DARK-HWY NOT LIGHTED,1,0,0,1
28834032,CAMPBELL,KY1892,StateRoute,,GRAND,AVE,,39.0852545,-84.47421947,1.96,10/9/2021 0:00,1147,2,2,0,0,O,CLEAR,DRY,0,SIDESWIPE-SAME DIRECTION,SIDESWIPE-SAME DIRECTION,STRAIGHT & LEVEL,DAYLIGHT,0,0,0,1
28925502,CAMPBELL,,OTHR,,LAFAYETTE,AVE,,39.10395187,-84.48420872,0.178,10/9/2021 0:00,2130,2,2,0,0,O,CLEAR,DRY,0,1 VEHICLE PARKED POSITION (NOT PARKING LOT/DRIVEWAY),BACKING,STRAIGHT & LEVEL,DARK-HWY NOT LIGHTED,0,0,0,1
28851391,CAMPBELL,,OTHR,,MURNAN,RD,,39.0151174,-84.43588379,1.778,10/9/2021 0:00,254,1,1,0,0,O,CLEAR,WET,0,COLLISION WITH FIXED OBJECT NON - INTERSECTION - FIRST EVENT COLLISION 09 - 32 EXCLUDING 16,SINGLE VEHICLE,CURVE & GRADE,DARK-HWY NOT LIGHTED,0,0,0,1
28854742,CAMPBELL,US0027,USRoute,,ALEXANDRIA,PIKE,,39.07076904,-84.46980478,20.005,10/9/2021 0:00,1752,2,2,0,0,O,CLEAR,DRY,0,OTHER ROADWAY OR MID-BLOCK COLLISION,OPPOSING LEFT TURN,STRAIGHT & HILLCREST,DAYLIGHT,0,0,0,1
28845071,CAMPBELL,US0027,USRoute,,ALEXANDRIA,PIKE,,39.0008045,-84.42058144,13.631,10/9/2021 0:00,1819,2,2,0,0,O,CLEAR,DRY,0,OTHER ROADWAY OR MID-BLOCK COLLISION,REAR END,STRAIGHT & LEVEL,DAYLIGHT,0,0,0,1
28851537,CAMPBELL,I 0471,Interstate,,,,,39.08542238,-84.47451788,0.21,10/9/2021 0:00,1953,2,2,0,0,O,CLEAR,DRY,0,OTHER RAMP RELATED COLLISIONS NOT LISTED ABOVE,REAR END,STRAIGHT & HILLCREST,DARK-HWY LIGHTED/ON,0,0,0,1
28854052,CAMPBELL,KY0009,StateRoute,401,CENTRAL,AVE,,39.09041243,-84.49865924,23.039,10/10/2021 0:00,229,2,2,0,0,O,CLEAR,DRY,0,1 VEHICLE ENTERING/LEAVING ENTRANCE,ANGLE,STRAIGHT & LEVEL,DARK-HWY LIGHTED/ON,0,0,0,1
28859948,CAMPBELL,KY1998,StateRoute,756,POOLES CREEK,RD,,39.0145933,-84.46385187,0.432,10/10/2021 0:00,1927,1,1,0,0,O,CLEAR,DRY,0,OTHER ROADWAY OR MID-BLOCK COLLISION,SINGLE VEHICLE,STRAIGHT & GRADE,DARK-HWY NOT LIGHTED,0,0,0,1
28853395,CAMPBELL,US0027,USRoute,,3RD,ST,E,39.09413674,-84.49596042,22.191,10/10/2021 0:00,241,3,3,0,0,O,CLEAR,DRY,0,ANGLE COLLISION - ONE VEHICLE TURNING LEFT,ANGLE,STRAIGHT & LEVEL,DARK-HWY LIGHTED/ON,0,0,0,1
28856844,CAMPBELL,KY0915,StateRoute,,LICKING,PIKE,,38.98585418,-84.42060439,5.982,10/10/2021 0:00,548,1,1,0,0,O,CLEAR,DRY,0,COLLISION WITH ANIMAL IN INTERSECTION,SINGLE VEHICLE,STRAIGHT & GRADE,DARK-HWY NOT LIGHTED,1,0,0,1
28851535,CAMPBELL,KY0008,StateRoute,,3RD,ST,E,39.09499823,-84.49450687,0.74,10/10/2021 0:00,249,1,1,0,0,O,CLEAR,DRY,0,COLLISION WITH FIXED OBJECT IN INTERSECTION - FIRST EVENT COLLISION 09 - 32,SINGLE VEHICLE,STRAIGHT & LEVEL,DARK-HWY LIGHTED/ON,1,0,0,1
28854745,CAMPBELL,I 0471,Interstate,,I471 N,,,39.06425505,-84.46692041,1.57,10/10/2021 0:00,1723,4,4,0,0,O,CLOUDY,DRY,0,REAR END IN TRAFFIC LANES BOTH VEHICLES MOVING,REAR END,CURVE & LEVEL,DAYLIGHT,0,0,0,1
28860013,CAMPBELL,US0027,USRoute,700,MONMOUTH,ST,,39.08958862,-84.49170653,21.795,10/10/2021 0:00,1300,2,2,0,0,O,CLEAR,DRY,0,REAR END IN TRAFFIC LANES BOTH VEHICLES MOVING,REAR END,STRAIGHT & LEVEL,DAYLIGHT,0,0,0,1
28859956,CAMPBELL,US0027,USRoute,,ALEXANDRIA,PIKE,,39.00093866,-84.42073504,13.635,10/10/2021 0:00,840,2,2,0,0,O,CLEAR,DRY,0,REAR END IN TRAFFIC LANES BOTH VEHICLES MOVING,REAR END,STRAIGHT & LEVEL,DAYLIGHT,0,0,0,1
28852047,CAMPBELL,,OTHR,2,PARKVIEW,AVE,,39.08378988,-84.48388825,,10/10/2021 0:00,802,2,2,0,0,O,CLOUDY,DRY,0,1 VEHICLE PARKED POSITION (NOT PARKING LOT/DRIVEWAY),REAR TO REAR,STRAIGHT & GRADE,DAYLIGHT,0,0,0,1
28859962,CAMPBELL,US0027,USRoute,,ALEXANDRIA,PIKE,,39.02502089,-84.44439927,15.709,10/10/2021 0:00,1515,2,2,0,0,O,CLEAR,DRY,0,SIDESWIPE COLLISION - SAME DIRECTION,SIDESWIPE-SAME DIRECTION,STRAIGHT & LEVEL,DAYLIGHT,0,0,0,1
28888766,CAMPBELL,I 0275,Interstate,,I275 E,,,39.04241323,-84.46885534,75.512,10/10/2021 0:00,1701,2,2,0,0,O,CLEAR,DRY,0,SIDESWIPE COLLISION - SAME DIRECTION,SIDESWIPE-SAME DIRECTION,STRAIGHT & LEVEL,DAYLIGHT,0,0,0,1
28902232,CAMPBELL,KY0009,StateRoute,,AA,HWY,,39.01450531,-84.47651849,17.073,10/11/2021 0:00,1829,2,2,0,0,O,CLEAR,DRY,0,REAR END IN TRAFFIC LANES BOTH VEHICLES MOVING,REAR END,STRAIGHT & LEVEL,DAYLIGHT,0,0,0,1
28873738,CAMPBELL,,OTHR,,PARK,AVE,,39.09792384,-84.49279207,0.346,10/11/2021 0:00,2015,2,2,0,0,O,CLEAR,DRY,0,REAR END - ONE VEHICLE TURNING RIGHT,REAR END,STRAIGHT & LEVEL,DARK-HWY LIGHTED/ON,0,0,0,1
28868077,CAMPBELL,KY0009,StateRoute,,LICKING,PIKE,,39.02529948,-84.48068233,17.947,10/11/2021 0:00,1708,2,2,0,0,O,CLEAR,DRY,0,ANGLE COLLISION - ONE VEHICLE TURNING LEFT,ANGLE,STRAIGHT & LEVEL,DAYLIGHT,0,0,0,1
29151578,CAMPBELL,I 0275,Interstate,,I275 W,,,39.04822136,-84.45274611,74.54,10/11/2021 0:00,1400,1,1,0,0,O,CLEAR,DRY,0,RAN OFF ROADWAY (1 VEHICLE WITH/EARTH EMBANKMENT/DITCH),SINGLE VEHICLE,STRAIGHT & LEVEL,DAYLIGHT,0,0,0,1
28865320,CAMPBELL,KY0008,StateRoute,10,4TH,ST,W,39.09221798,-84.49631131,0.537,10/11/2021 0:00,1530,2,2,0,0,O,CLEAR,DRY,1,1 VEHICLE PARKED POSITION (NOT PARKING LOT/DRIVEWAY),REAR END,STRAIGHT & LEVEL,DAYLIGHT,0,0,0,1
28891195,CAMPBELL,KY0008,StateRoute,200,3RD,ST,E,39.09518104,-84.49402767,0.758,10/12/2021 0:00,1010,2,2,0,0,O,CLEAR,DRY,0,1 VEHICLE ENTERING/LEAVING ENTRANCE,ANGLE,STRAIGHT & LEVEL,DAYLIGHT,0,0,0,1
28891192,CAMPBELL,,OTHR,138,NEWPORT PAVILION,,,39.08958515,-84.47600022,0.346,10/12/2021 0:00,1253,2,2,0,0,O,CLEAR,DRY,0,1 VEHICLE ENTERING/LEAVING ENTRANCE,ANGLE,STRAIGHT & LEVEL,DAYLIGHT,0,0,0,1
28899844,CAMPBELL,I 0471,Interstate,,,,,39.09284637,-84.47904978,0.194,10/12/2021 0:00,1723,2,2,0,0,O,CLEAR,DRY,0,OTHER RAMP RELATED COLLISIONS NOT LISTED ABOVE,REAR END,CURVE & LEVEL,DAYLIGHT,0,0,0,1
28897112,CAMPBELL,,OTHR,726,GAUGE,ALY,,39.09191709,-84.48744751,0.24,10/12/2021 0:00,1757,2,2,0,0,O,CLEAR,DRY,1,1 VEHICLE PARKED POSITION (NOT PARKING LOT/DRIVEWAY),SIDESWIPE-SAME DIRECTION,STRAIGHT & LEVEL,DAYLIGHT,0,0,0,1
28904093,CAMPBELL,I 0275,Interstate,,I275 W,,,39.05537202,-84.43516207,,10/13/2021 0:00,1108,2,2,0,0,O,CLEAR,DRY,1,SIDESWIPE COLLISION - SAME DIRECTION,SIDESWIPE-SAME DIRECTION,STRAIGHT & LEVEL,DAYLIGHT,0,0,0,1
28908461,CAMPBELL,KY0008,StateRoute,,4TH,ST,W,39.08942257,-84.5010995,0.247,10/13/2021 0:00,1125,2,2,0,0,O,CLEAR,DRY,0,SIDESWIPE COLLISION - SAME DIRECTION,SIDESWIPE-SAME DIRECTION,STRAIGHT & LEVEL,DAYLIGHT,0,0,0,1
28910406,CAMPBELL,,OTHR,,UHL,RD,,39.02427152,-84.40215783,,10/13/2021 0:00,2239,1,1,0,1,B,CLOUDY,WET,0,OTHER COLLISIONS ON SHOULDER,SINGLE VEHICLE,CURVE & GRADE,DARK (UNKNOWN ROADWAY LIGHTING),0,0,0,1
28906927,CAMPBELL,I 0471,Interstate,,I471 N,,,39.05980864,-84.46926324,1.221,10/13/2021 0:00,1112,2,2,0,0,O,CLEAR,DRY,0,REAR END IN TRAFFIC LANES BOTH VEHICLES MOVING,REAR END,STRAIGHT & LEVEL,DAYLIGHT,0,0,0,1
28902401,CAMPBELL,KY1632,StateRoute,,KY1632 TURN LANE,,,39.06825079,-84.46680051,0.036,10/13/2021 0:00,1432,2,2,0,0,O,CLEAR,DRY,0,REAR END IN TRAFFIC LANES BOTH VEHICLES MOVING,REAR END,STRAIGHT & LEVEL,DAYLIGHT,0,0,0,1
28901320,CAMPBELL,KY1120,StateRoute,776,10TH,ST,E,39.08972942,-84.48431965,1.097,10/13/2021 0:00,1849,2,2,0,0,O,RAINING,WET,0,1 VEHICLE PARKED POSITION (NOT PARKING LOT/DRIVEWAY),SIDESWIPE-SAME DIRECTION,STRAIGHT & LEVEL,DARK-HWY LIGHTED/ON,0,0,0,1
28906928,CAMPBELL,I 0471,Interstate,,I471 N,,,39.05980864,-84.46926324,1.221,10/13/2021 0:00,1112,1,1,0,0,O,CLEAR,DRY,0,COLLISION WITH NON-FIXED OBJECT ,SINGLE VEHICLE,STRAIGHT & LEVEL,DAYLIGHT,0,0,0,1
28899843,CAMPBELL,KY1892,StateRoute,,GRAND,AVE,,39.08041364,-84.46731869,1.433,10/13/2021 0:00,847,3,3,0,0,O,CLEAR,DRY,0,ANGLE COLLISION - OTHER,ANGLE,STRAIGHT & GRADE,DAYLIGHT,0,0,0,1
28901473,CAMPBELL,US0027,USRoute,,3RD,ST,E,39.09364507,-84.49684095,22.255,10/13/2021 0:00,2230,2,2,0,0,O,CLOUDY,DRY,0,SIDESWIPE-SAME DIRECTION,SIDESWIPE-SAME DIRECTION,CURVE & LEVEL,DARK-HWY LIGHTED/ON,0,0,0,1
28902105,CAMPBELL,US0027,USRoute,,ALEXANDRIA,PIKE,,38.83577099,-84.36778258,0.997,10/13/2021 0:00,831,2,2,0,0,O,FOG,DRY,0,OTHER INTERSECTION COLLISIONS,REAR END,STRAIGHT & LEVEL,DAYLIGHT,1,0,0,1
28902543,CAMPBELL,I 0471,Interstate,,,,,39.06762348,-84.46560351,0.364,10/13/2021 0:00,856,2,2,0,0,O,CLEAR,DRY,0,OTHER RAMP RELATED COLLISIONS NOT LISTED ABOVE,REAR END,STRAIGHT & GRADE,DAYLIGHT,0,0,0,1
28902546,CAMPBELL,I 0471,Interstate,,,,,39.06559733,-84.46414772,0.043,10/13/2021 0:00,1714,2,2,0,0,O,CLEAR,DRY,0,OTHER RAMP RELATED COLLISIONS NOT LISTED ABOVE,REAR END,CURVE & LEVEL,DAYLIGHT,0,0,0,1
28911410,CAMPBELL,US0027,USRoute,600,YORK,ST,,39.09078956,-84.49494402,22.1,10/13/2021 0:00,1903,2,2,0,0,O,CLEAR,WET,0,1 VEHICLE ENTERING/LEAVING ENTRANCE,ANGLE,STRAIGHT & LEVEL,DARK-HWY NOT LIGHTED,0,0,0,1
28902545,CAMPBELL,,OTHR,81,LUMLEY,AVE,,39.08133195,-84.44483423,0.059,10/13/2021 0:00,842,2,2,0,0,O,CLEAR,DRY,0,VEHICLE BACKING NON INTERSECTION,BACKING,STRAIGHT & LEVEL,DAYLIGHT,0,0,0,1
28902231,CAMPBELL,KY0009,StateRoute,,AA,HWY,,39.01837376,-84.48051147,17.421,10/13/2021 0:00,1455,2,2,0,0,O,CLEAR,DRY,0,OTHER ROADWAY OR MID-BLOCK COLLISION,REAR END,STRAIGHT & LEVEL,DAYLIGHT,0,0,0,1
28904925,CAMPBELL,KY1892,StateRoute,,GRAND,AVE,N,39.08037612,-84.46736355,1.429,10/14/2021 0:00,744,2,2,0,0,O,CLOUDY,DRY,0,ANGLE COLLISION - OTHER,ANGLE,STRAIGHT & GRADE,DAWN,0,0,0,1
28916140,CAMPBELL,KY0009,StateRoute,,AA,HWY,,38.98118851,-84.3765271,10.983,10/14/2021 0:00,2155,1,1,0,0,O,CLEAR,DRY,0,COLLISION WITH ANIMAL IN INTERSECTION,SINGLE VEHICLE,STRAIGHT & LEVEL,DARK (UNKNOWN ROADWAY LIGHTING),1,0,0,1
28921505,CAMPBELL,KY0008,StateRoute,,4TH,ST,E,39.09313697,-84.49468091,0.623,10/14/2021 0:00,600,2,2,0,0,O,CLOUDY,DRY,1,1 VEHICLE PARKED POSITION (NOT PARKING LOT/DRIVEWAY),ANGLE,STRAIGHT & LEVEL,DARK-HWY LIGHTED/ON,0,0,0,1
28908540,CAMPBELL,,OTHR,933,SARATOGA,ST,,39.0880806,-84.48829265,0.134,10/14/2021 0:00,1600,2,2,0,0,O,CLEAR,DRY,0,1 VEHICLE PARKED POSITION (NOT PARKING LOT/DRIVEWAY),SIDESWIPE-SAME DIRECTION,STRAIGHT & LEVEL,DAYLIGHT,0,0,0,1
28906376,CAMPBELL,,OTHR,,6TH,ST,W,39.08861966,-84.49805759,0.148,10/14/2021 0:00,1942,2,2,0,0,O,CLEAR,DRY,1,1 VEHICLE PARKED POSITION (NOT PARKING LOT/DRIVEWAY),BACKING,STRAIGHT & LEVEL,DAYLIGHT,0,0,0,1
28939451,CAMPBELL,US0027,USRoute,,ALEXANDRIA,PIKE,,39.03546492,-84.4538628,16.645,10/14/2021 0:00,1845,2,2,0,0,O,CLEAR,DRY,0,1 VEHICLE PARKED POSITION (NOT PARKING LOT/DRIVEWAY),BACKING,STRAIGHT & LEVEL,DAYLIGHT,0,0,0,1
28904096,CAMPBELL,I 0471,Interstate,,I471 N,,,39.1006207,-84.49468238,4.928,10/14/2021 0:00,905,2,2,0,0,O,CLOUDY,DRY,0,REAR END IN TRAFFIC LANES BOTH VEHICLES MOVING,REAR END,STRAIGHT & LEVEL,DAYLIGHT,0,0,0,1
28904923,CAMPBELL,I 0471,Interstate,,I471 N,,,39.10063666,-84.49471484,4.93,10/14/2021 0:00,1416,2,2,0,0,O,CLOUDY,DRY,0,REAR END IN TRAFFIC LANES BOTH VEHICLES MOVING,REAR END,STRAIGHT & LEVEL,DAYLIGHT,0,0,0,1
28906684,CAMPBELL,KY1632,StateRoute,,MOOCK,RD,,39.05503977,-84.48696374,0.02,10/14/2021 0:00,2203,2,2,0,0,O,CLEAR,DRY,0,REAR END IN TRAFFIC LANES BOTH VEHICLES MOVING,REAR END,STRAIGHT & LEVEL,DARK-HWY LIGHTED/ON,0,0,0,1
28904097,CAMPBELL,US0027,USRoute,300,MONMOUTH,ST,,39.09375426,-84.4955192,22.151,10/14/2021 0:00,546,2,2,0,0,O,CLOUDY,DRY,0,SIDESWIPE COLLISION - SAME DIRECTION,SIDESWIPE-SAME DIRECTION,STRAIGHT & GRADE,DARK-HWY LIGHTED/ON,0,0,0,1
28903982,CAMPBELL,I 0471,Interstate,,I471 S,,,39.09140456,-84.47656197,3.734,10/14/2021 0:00,655,2,2,0,0,O,CLEAR,DRY,0,SIDESWIPE COLLISION - SAME DIRECTION,SIDESWIPE-SAME DIRECTION,STRAIGHT & LEVEL,DARK-HWY LIGHTED/ON,0,0,0,1
28913234,CAMPBELL,US0027,USRoute,,ALEXANDRIA,PIKE,,39.02225633,-84.44031917,15.426,10/14/2021 0:00,1331,2,2,0,0,O,CLEAR,DRY,0,SIDESWIPE COLLISION - SAME DIRECTION,SIDESWIPE-SAME DIRECTION,STRAIGHT & LEVEL,OTHER,0,0,0,1
28919072,CAMPBELL,I 0275,Interstate,,I275 W,,,39.03062534,-84.47101584,76.395,10/15/2021 0:00,730,1,1,0,0,O,CLEAR,DRY,0,OTHER COLLISIONS ON SHOULDER,SINGLE VEHICLE,CURVE & GRADE,DAWN,0,0,0,1
28920901,CAMPBELL,,OTHR,8042,ARCADIA,BLVD,,38.96837264,-84.40606495,,10/15/2021 0:00,753,2,2,0,0,O,CLEAR,DRY,0,1 VEHICLE PARKED POSITION (NOT PARKING LOT/DRIVEWAY),REAR END,STRAIGHT & LEVEL,DAYLIGHT,0,0,0,1
29143434,CAMPBELL,,OTHR,,MT SUBASIO,CT,,38.99963806,-84.40064008,0.192,10/15/2021 0:00,1930,1,1,0,0,O,CLEAR,DRY,1,COLLISION WITH FIXED OBJECT NON - INTERSECTION - FIRST EVENT COLLISION 09 - 32 EXCLUDING 16,SINGLE VEHICLE,STRAIGHT & GRADE,DAYLIGHT,0,0,0,1
29133820,CAMPBELL,KY1998,StateRoute,,INDUSTRIAL,RD,,39.0253868,-84.44532484,1.741,10/15/2021 0:00,530,2,1,0,1,C,CLEAR,DRY,1,COLLISION WITH PEDESTRIAN NON - INTERSECTION,SINGLE VEHICLE,STRAIGHT & LEVEL,DARK-HWY LIGHTED/ON,0,0,1,0
28946673,CAMPBELL,KY0709,StateRoute,,ALEXANDRIA,PIKE,E,38.98370762,-84.39775571,0.1,10/15/2021 0:00,1719,2,2,0,0,O,CLOUDY,DRY,0,OTHER INTERSECTION COLLISIONS,REAR END,STRAIGHT & GRADE,DAYLIGHT,1,0,0,1
28913233,CAMPBELL,US0027,USRoute,9406,ALEXANDRIA,PIKE,,38.93663528,-84.39448868,8.594,10/15/2021 0:00,2338,2,2,0,0,O,CLOUDY,DRY,0,ANGLE COLLISION - OTHER,ANGLE,STRAIGHT & LEVEL,DARK-HWY LIGHTED/OFF,0,0,0,1
28908901,CAMPBELL,KY0009,StateRoute,,LICKING,PIKE,,39.07711249,-84.4958877,21.852,10/15/2021 0:00,1052,1,1,0,0,O,CLEAR,DRY,0,OTHER ROADWAY OR MID-BLOCK COLLISION,SINGLE VEHICLE,STRAIGHT & GRADE,DAYLIGHT,0,0,0,1
28915853,CAMPBELL,US0027,USRoute,626,MONMOUTH,ST,,39.09127287,-84.49323229,21.937,10/16/2021 0:00,1500,2,2,0,0,O,CLEAR,DRY,0,1 VEHICLE ENTERING/LEAVING ENTRANCE,ANGLE,STRAIGHT & LEVEL,DAYLIGHT,0,0,0,1
28910229,CAMPBELL,,OTHR,,3RD,ST,W,39.09325672,-84.49715455,,10/16/2021 0:00,32,2,2,0,0,O,RAINING,WET,1,1 VEHICLE ENTERING/LEAVING ENTRANCE,ANGLE,CURVE & LEVEL,DARK-HWY LIGHTED/OFF,0,0,0,1
28916109,CAMPBELL,KY1120,StateRoute,,FT THOMAS,AVE,S,39.06445358,-84.44667504,5.353,10/16/2021 0:00,1227,2,2,0,0,O,CLEAR,DRY,0,OTHER ROADWAY OR MID-BLOCK COLLISION,REAR END,CURVE & LEVEL,DAYLIGHT,0,0,0,1
28912745,CAMPBELL,I 0471,Interstate,,I471 S,,,39.06011418,-84.46945915,1.234,10/16/2021 0:00,12,1,1,0,0,O,RAINING,WATER (STANDING OR MOVING),0,OTHER ROADWAY OR MID-BLOCK COLLISION,SINGLE VEHICLE,CURVE & LEVEL,DARK-HWY LIGHTED/ON,0,0,0,1
29175553,CAMPBELL,I 0275,Interstate,,I275 E,,,39.03835005,-84.47007171,75.797,10/16/2021 0:00,1539,2,1,0,1,C,CLEAR,DRY,0,REAR END IN TRAFFIC LANES BOTH VEHICLES MOVING,REAR END,STRAIGHT & LEVEL,DAYLIGHT,0,0,0,1
29353600,CAMPBELL,KY0008,StateRoute,,FAIRFIELD,AVE,,39.10685012,-84.48258673,1.922,10/16/2021 0:00,1530,2,2,0,0,O,CLEAR,DRY,0,REAR END IN TRAFFIC LANES BOTH VEHICLES MOVING,REAR END,STRAIGHT & LEVEL,DAYLIGHT,0,0,0,1
28918370,CAMPBELL,KY1120,StateRoute,,11TH,ST,W,39.08126079,-84.49626319,0.229,10/17/2021 0:00,1608,2,2,0,0,O,CLEAR,DRY,1,SIDESWIPE-SAME DIRECTION,SIDESWIPE-SAME DIRECTION,STRAIGHT & LEVEL,DAYLIGHT,0,0,0,1
28916115,CAMPBELL,,OTHR,,HIGHLAND,AVE,,39.07682633,-84.45262479,1.135,10/17/2021 0:00,1758,2,2,0,1,C,CLEAR,DRY,0,ANGLE COLLISION - OTHER,ANGLE,STRAIGHT & LEVEL,DAYLIGHT,0,0,0,1
28932195,CAMPBELL,,OTHR,1004,LIBERTY,ST,,39.08430115,-84.49403696,0.013,10/17/2021 0:00,347,2,2,0,0,O,CLEAR,DRY,1,1 VEHICLE PARKED POSITION (NOT PARKING LOT/DRIVEWAY),HEAD ON,STRAIGHT & GRADE,DARK-HWY NOT LIGHTED,0,0,0,1
28918376,CAMPBELL,,OTHR,,7TH,ST,W,39.08778799,-84.49775734,0.246,10/17/2021 0:00,1706,3,2,0,1,C,CLEAR,DRY,1,1 VEHICLE PARKED POSITION (NOT PARKING LOT/DRIVEWAY),HEAD ON,STRAIGHT & LEVEL,DAYLIGHT,0,0,0,1
28913790,CAMPBELL,,OTHR,,3RD,ST,W,39.0932238,-84.49718005,0.003,10/17/2021 0:00,1003,2,2,0,0,O,CLEAR,DRY,1,SIDESWIPE COLLISION - SAME DIRECTION,SIDESWIPE-SAME DIRECTION,CURVE & LEVEL,DAYLIGHT,0,0,0,1