IncidentID,County,RdwyNumber,RdwyType,Street,RoadwayName,StreetSfx,StreetDir,Latitude,Longitude,Milepoint,CollisionDate,CollisionTime,UnitsInvolved,MotorVehiclesInvolved,NumberKilled,NumberInjured,KABCO,Weather,RdwyConditionCode,HitandRun,DirAnalysisCode,MannerofCollision,RdwyCharacter,LightCondition,Intersection Crash,Bicyclist,Pedestrian,Motor Vehicles
28933358,CAMPBELL,KY0536,StateRoute,,CREEKTRACE,RD,,38.9214404,-84.44360244,0.256,10/17/2021 0:00,1942,2,2,0,0,O,CLEAR,DRY,0,1 VEHICLE ENTERING/LEAVING ENTRANCE,ANGLE,STRAIGHT & LEVEL,DARK-HWY NOT LIGHTED,0,0,0,1
28918176,CAMPBELL,I 0471,Interstate,,I471 N,,,39.09984904,-84.49298614,4.822,10/18/2021 0:00,834,2,2,0,0,O,CLEAR,DRY,0,REAR END IN TRAFFIC LANES BOTH VEHICLES MOVING,REAR END,STRAIGHT & LEVEL,DAYLIGHT,0,0,0,1
28918177,CAMPBELL,I 0471,Interstate,,I471 N,,,39.0998289,-84.49281651,4.814,10/18/2021 0:00,844,2,2,0,0,O,CLEAR,DRY,0,REAR END IN TRAFFIC LANES BOTH VEHICLES MOVING,REAR END,STRAIGHT & LEVEL,DAYLIGHT,0,0,0,1
28940146,CAMPBELL,,OTHR,,CLAY RIDGE,RD,,38.84332684,-84.41252166,1.924,10/18/2021 0:00,2322,1,1,0,0,O,CLEAR,DRY,0,COLLISION WITH ANIMAL NON INTERSECTION,SINGLE VEHICLE,STRAIGHT & LEVEL,DARK (UNKNOWN ROADWAY LIGHTING),0,0,0,1
28920951,CAMPBELL,KY1120,StateRoute,524,FT THOMAS,AVE,S,39.07253824,-84.44625504,4.684,10/18/2021 0:00,735,1,1,0,0,O,CLEAR,DRY,0,COLLISION WITH ANIMAL NON INTERSECTION,SINGLE VEHICLE,STRAIGHT & LEVEL,DAYLIGHT,0,0,0,1
29187122,CAMPBELL,KY0008,StateRoute,,6TH,AVE,,39.11002298,-84.47841979,2.234,10/18/2021 0:00,1441,2,2,0,0,O,CLEAR,DRY,0,ANGLE COLLISION - OTHER,ANGLE,STRAIGHT & LEVEL,DAYLIGHT,0,0,0,1
29078293,CAMPBELL,,OTHR,,RIDGEWOOD,DR,,38.95616393,-84.34902212,0.97,10/18/2021 0:00,827,3,3,0,0,O,CLEAR,DRY,0,COLLISION WITH PARKED VEHICLE,REAR END,CURVE & LEVEL,DAYLIGHT,0,0,0,1
28920099,CAMPBELL,KY1892,StateRoute,,CAROTHERS,RD,,39.08410167,-84.48338224,2.536,10/18/2021 0:00,1945,2,1,0,0,O,CLEAR,DRY,1,COLLISION WITH PEDESTRIAN IN INTERSECTION,SINGLE VEHICLE,STRAIGHT & LEVEL,DARK-HWY LIGHTED/ON,1,0,1,0
28921584,CAMPBELL,US0027,USRoute,,ALEXANDRIA,PIKE,,39.06569346,-84.46455718,19.51,10/18/2021 0:00,1757,2,2,0,1,C,CLEAR,DRY,0,OPPOSING LEFT TURN,OPPOSING LEFT TURN,STRAIGHT & LEVEL,DAYLIGHT,0,0,0,1
28925337,CAMPBELL,KY1120,StateRoute,,FT THOMAS,AVE,S,39.06222057,-84.44848674,5.547,10/19/2021 0:00,1451,2,2,0,0,O,CLEAR,DRY,0,ANGLE COLLISION - OTHER,ANGLE,STRAIGHT & LEVEL,DAYLIGHT,0,0,0,1
28934172,CAMPBELL,,OTHR,,PETE NEISER,ST,,38.96160379,-84.39242565,0.019,10/19/2021 0:00,1440,2,2,0,0,O,CLEAR,DRY,0,ANGLE COLLISION - OTHER,ANGLE,STRAIGHT & LEVEL,DAYLIGHT,0,0,0,1
28934170,CAMPBELL,,OTHR,12,SPILMAN,DR,,38.95474502,-84.39572584,0.105,10/19/2021 0:00,800,1,1,0,0,O,CLEAR,DRY,1,COLLISION WITH FIXED OBJECT NON - INTERSECTION - FIRST EVENT COLLISION 09 - 32 EXCLUDING 16,SINGLE VEHICLE,STRAIGHT & LEVEL,DAYLIGHT,0,0,0,1
28943071,CAMPBELL,KY0009,StateRoute,,AA,HWY,,38.91935558,-84.28902308,4.466,10/19/2021 0:00,119,1,1,0,0,O,CLEAR,DRY,0,COLLISION WITH ANIMAL NON INTERSECTION,SINGLE VEHICLE,STRAIGHT & GRADE,DARK-HWY NOT LIGHTED,0,0,0,1
28924735,CAMPBELL,US0027,USRoute,,ALEXANDRIA,PIKE,,38.92131502,-84.3906388,7.512,10/19/2021 0:00,1634,2,2,0,1,B,CLEAR,DRY,0,OTHER INTERSECTION COLLISIONS,REAR END,STRAIGHT & LEVEL,DAYLIGHT,1,0,0,1
29124063,CAMPBELL,KY0009,StateRoute,,AA,HWY,,39.00979181,-84.46889792,16.529,10/19/2021 0:00,640,2,1,0,0,O,CLEAR,DRY,0,REAR END IN TRAFFIC LANES BOTH VEHICLES MOVING,REAR END,STRAIGHT & LEVEL,DARK-HWY NOT LIGHTED,0,0,0,1
28925342,CAMPBELL,I 0471,Interstate,,I471 N,,,39.05922691,-84.46929001,1.18,10/19/2021 0:00,1516,2,2,0,0,O,CLOUDY,DRY,0,REAR END IN TRAFFIC LANES BOTH VEHICLES MOVING,REAR END,STRAIGHT & LEVEL,DAYLIGHT,0,0,0,1
28925762,CAMPBELL,US0027,USRoute,,ALEXANDRIA,PIKE,,39.02419992,-84.44289237,15.612,10/19/2021 0:00,740,2,2,0,0,O,CLEAR,DRY,0,REAR END IN TRAFFIC LANES BOTH VEHICLES MOVING,REAR END,STRAIGHT & LEVEL,DAWN,0,0,0,1
28940201,CAMPBELL,KY1121,StateRoute,,PERSIMMON GROVE,PIKE,,38.90347951,-84.34597002,5.539,10/19/2021 0:00,707,2,2,0,0,O,CLEAR,DRY,0,REAR END IN TRAFFIC LANES BOTH VEHICLES MOVING,REAR END,STRAIGHT & LEVEL,DARK-HWY NOT LIGHTED,0,0,0,1
28926859,CAMPBELL,,OTHR,,PARK,AVE,,39.09733694,-84.49191775,0.283,10/19/2021 0:00,1718,2,2,0,0,O,CLEAR,DRY,0,REAR END IN TRAFFIC LANES BOTH VEHICLES MOVING,REAR END,STRAIGHT & GRADE,DAYLIGHT,0,0,0,1
28925340,CAMPBELL,KY1892,StateRoute,85,GRAND,AVE,N,39.07926249,-84.4659949,1.329,10/19/2021 0:00,1549,2,2,0,0,O,CLOUDY,DRY,0,1 VEHICLE PARKED POSITION (NOT PARKING LOT/DRIVEWAY),BACKING,STRAIGHT & LEVEL,DAYLIGHT,0,0,0,1
28925760,CAMPBELL,US0027,USRoute,,ALEXANDRIA,PIKE,,39.00981253,-84.42981956,14.398,10/19/2021 0:00,533,2,2,0,0,O,CLOUDY,DRY,0,OTHER ROADWAY OR MID-BLOCK COLLISION,OPPOSING LEFT TURN,STRAIGHT & LEVEL,DARK-HWY LIGHTED/ON,0,0,0,1
28927609,CAMPBELL,US0027,USRoute,1744,MONMOUTH,ST,,39.08346976,-84.48280621,21.151,10/20/2021 0:00,1600,2,2,0,0,O,CLEAR,DRY,0,1 VEHICLE ENTERING/LEAVING ENTRANCE,ANGLE,STRAIGHT & GRADE,DAYLIGHT,0,0,0,1
28930249,CAMPBELL,I 0275,Interstate,,,,,39.04832841,-84.46355931,0.031,10/20/2021 0:00,941,2,2,0,0,O,CLEAR,DRY,0,OTHER RAMP RELATED COLLISIONS NOT LISTED ABOVE,SIDESWIPE-SAME DIRECTION,CURVE & LEVEL,DAYLIGHT,0,0,0,1
28927454,CAMPBELL,,OTHR,328,OVERTON,ST,,39.095471,-84.49139648,0.439,10/20/2021 0:00,1001,2,2,0,0,O,CLOUDY,DRY,0,1 VEHICLE PARKED POSITION (NOT PARKING LOT/DRIVEWAY),SIDESWIPE-SAME DIRECTION,STRAIGHT & LEVEL,DAYLIGHT,0,0,0,1
28929057,CAMPBELL,,OTHR,,PARK,AVE,,39.09797301,-84.49287357,0.351,10/20/2021 0:00,1944,2,2,0,0,O,CLEAR,DRY,0,REAR END IN TRAFFIC LANES BOTH VEHICLES MOVING,REAR END,STRAIGHT & HILLCREST,DARK-HWY LIGHTED/ON,0,0,0,1
28929700,CAMPBELL,KY0009,StateRoute,,AA,HWY,,39.01734131,-84.47921458,17.319,10/20/2021 0:00,723,2,2,0,0,O,CLEAR,DRY,0,REAR END IN TRAFFIC LANES BOTH VEHICLES MOVING,REAR END,STRAIGHT & LEVEL,DARK-HWY NOT LIGHTED,0,0,0,1
28926860,CAMPBELL,I 0471,Interstate,,I471 N,,,39.09892696,-84.49136639,4.714,10/20/2021 0:00,859,2,2,0,0,O,CLEAR,DRY,0,REAR END IN TRAFFIC LANES BOTH VEHICLES MOVING,REAR END,CURVE & LEVEL,DAYLIGHT,0,0,0,1
28929658,CAMPBELL,KY1120,StateRoute,1017,FT THOMAS,AVE,S,39.06469186,-84.44648027,5.332,10/20/2021 0:00,1739,2,2,0,0,O,CLOUDY,DRY,0,SIDESWIPE COLLISION - SAME DIRECTION,SIDESWIPE-SAME DIRECTION,STRAIGHT & LEVEL,DAYLIGHT,0,0,0,1
28929664,CAMPBELL,I 0471,Interstate,,I471 S,,,39.07408406,-84.46585703,2.384,10/20/2021 0:00,2257,2,2,0,0,O,CLEAR,DRY,1,SIDESWIPE COLLISION - SAME DIRECTION,SIDESWIPE-SAME DIRECTION,STRAIGHT & LEVEL,DARK-HWY LIGHTED/ON,0,0,0,1
28944240,CAMPBELL,US0027,USRoute,,ALEXANDRIA,PIKE,,38.95764086,-84.39319387,10.045,10/20/2021 0:00,835,2,2,0,0,O,CLEAR,DRY,0,ANGLE COLLISION - OTHER,ANGLE,STRAIGHT & LEVEL,DAYLIGHT,0,0,0,1
28929054,CAMPBELL,KY1892,StateRoute,,GRAND,AVE,,39.08037024,-84.46736179,1.429,10/20/2021 0:00,2020,2,2,0,1,B,CLEAR,DRY,0,ANGLE COLLISION - OTHER,ANGLE,CURVE & GRADE,DARK-HWY LIGHTED/ON,0,0,0,1
29184144,CAMPBELL,KY1120,StateRoute,300,10TH,ST,E,39.08838641,-84.48664899,0.984,10/21/2021 0:00,1728,2,2,0,0,O,CLEAR,DRY,0,COLLISION WITH FIXED OBJECT NON - INTERSECTION - FIRST EVENT COLLISION 09 - 32 EXCLUDING 16,OPPOSING LEFT TURN,STRAIGHT & LEVEL,DAYLIGHT,0,0,0,1
28935135,CAMPBELL,,OTHR,,WOODLAND,PL,,39.07869266,-84.449489,0.031,10/21/2021 0:00,1530,2,2,0,0,O,CLEAR,DRY,0,1 VEHICLE PARKED POSITION (NOT PARKING LOT/DRIVEWAY),BACKING,STRAIGHT & LEVEL,DAYLIGHT,0,0,0,1
28935857,CAMPBELL,KY1892,StateRoute,,CAROTHERS,RD,,39.08399477,-84.4837006,2.555,10/21/2021 0:00,1416,2,2,0,0,O,CLOUDY,DRY,0,REAR END - ONE VEHICLE TURNING RIGHT,REAR END,STRAIGHT & LEVEL,DAYLIGHT,0,0,0,1
28939455,CAMPBELL,I 0275,Interstate,,I275 E,,,39.03871906,-84.46999806,75.771,10/21/2021 0:00,728,3,3,0,0,O,CLEAR,DRY,0,REAR END IN TRAFFIC LANES BOTH VEHICLES MOVING,REAR END,STRAIGHT & LEVEL,DAWN,0,0,0,1
28933104,CAMPBELL,US0027,USRoute,10,3RD,ST,E,39.09359368,-84.4974526,22.238,10/21/2021 0:00,1932,2,2,0,0,O,CLEAR,DRY,0,SIDESWIPE COLLISION - SAME DIRECTION,SIDESWIPE-SAME DIRECTION,CURVE & LEVEL,OTHER,0,0,0,1
29125235,CAMPBELL,I 0471,Interstate,,I471 S,,,39.05639246,-84.46975501,0.965,10/21/2021 0:00,1731,2,1,0,0,O,CLEAR,DRY,0,SIDESWIPE COLLISION - SAME DIRECTION,SIDESWIPE-SAME DIRECTION,STRAIGHT & LEVEL,DAYLIGHT,0,0,0,1
28932700,CAMPBELL,US0027,USRoute,300 BLOCK,MONMOUTH,ST,,39.0933497,-84.49514696,22.114,10/21/2021 0:00,1900,2,2,0,0,O,CLEAR,DRY,0,SIDESWIPE COLLISION - SAME DIRECTION,SIDESWIPE-SAME DIRECTION,STRAIGHT & LEVEL,DARK-HWY LIGHTED/ON,0,0,0,1
28935882,CAMPBELL,KY0009,StateRoute,,AA,HWY,,39.01842271,-84.48054794,17.422,10/21/2021 0:00,1439,2,2,0,0,O,CLEAR,DRY,0,SIDESWIPE COLLISION - SAME DIRECTION,SIDESWIPE-SAME DIRECTION,CURVE & GRADE,DAYLIGHT,0,0,0,1
29124199,CAMPBELL,,OTHR,,SUNSET,DR,,39.03700791,-84.45852132,0.426,10/21/2021 0:00,2256,2,1,0,0,O,CLEAR,DRY,1,1 VEHICLE PARKED POSITION (NOT PARKING LOT/DRIVEWAY),REAR END,STRAIGHT & HILLCREST,DARK-HWY LIGHTED/ON,0,0,0,1
28933359,CAMPBELL,I 0275,Interstate,,I275 E,,,39.05750453,-84.4295469,73.135,10/21/2021 0:00,1723,2,2,0,0,O,CLEAR,DRY,0,REAR END IN TRAFFIC LANES BOTH VEHICLES MOVING,REAR END,STRAIGHT & LEVEL,DAYLIGHT,0,0,0,1
28935841,CAMPBELL,,OTHR,1003,BRIGHTON,ST,,39.0824238,-84.49729929,0.201,10/21/2021 0:00,1739,2,2,0,0,O,CLOUDY,DRY,1,1 VEHICLE PARKED POSITION (NOT PARKING LOT/DRIVEWAY),SIDESWIPE-SAME DIRECTION,STRAIGHT & LEVEL,UNKNOWN,0,0,0,1
28933356,CAMPBELL,I 0275,Interstate,,I275 E,,,39.05750453,-84.4295469,73.135,10/21/2021 0:00,1654,3,3,0,0,O,CLEAR,DRY,0,OTHER ROADWAY OR MID-BLOCK COLLISION,REAR END,STRAIGHT & LEVEL,DAYLIGHT,0,0,0,1
28937418,CAMPBELL,KY0009,StateRoute,,AA,HWY,,39.02144223,-84.4813702,17.64,10/21/2021 0:00,1953,2,2,0,0,O,CLEAR,DRY,0,1 VEHICLE ENTERING/LEAVING ENTRANCE,ANGLE,STRAIGHT & LEVEL,DARK-HWY LIGHTED/ON,0,0,0,1
28943074,CAMPBELL,US0027,USRoute,,ALEXANDRIA,PIKE,,38.92165119,-84.39110959,7.54,10/21/2021 0:00,2115,2,2,0,2,B,CLOUDY,DRY,0,1 VEHICLE ENTERING/LEAVING ENTRANCE,ANGLE,STRAIGHT & LEVEL,DARK-HWY LIGHTED/ON,0,0,0,1
29124223,CAMPBELL,I 0275,Interstate,,I275 E,,,39.03767967,-84.47011216,75.844,10/22/2021 0:00,1900,2,1,0,0,O,RAINING,WET,0,REAR END IN TRAFFIC LANES BOTH VEHICLES MOVING,REAR END,STRAIGHT & LEVEL,DARK-HWY LIGHTED/ON,0,0,0,1
28995198,CAMPBELL,I 0275,Interstate,,I275 E,,,39.03556704,-84.47023885,75.994,10/22/2021 0:00,1906,2,2,0,0,O,RAINING,WET,0,REAR END IN TRAFFIC LANES BOTH VEHICLES MOVING,REAR END,STRAIGHT & LEVEL,DARK-HWY LIGHTED/ON,0,0,0,1
29014990,CAMPBELL,,OTHR,200,6TH,ST,E,39.0923972,-84.49200595,0.529,10/22/2021 0:00,2020,2,2,0,0,O,CLEAR,WET,0,REAR END IN TRAFFIC LANES BOTH VEHICLES MOVING,REAR END,STRAIGHT & LEVEL,DARK-HWY NOT LIGHTED,0,0,0,1
28937175,CAMPBELL,KY0008,StateRoute,,DAVE COWENS,DR,,39.09808907,-84.49276803,1.037,10/22/2021 0:00,1933,2,2,0,0,O,RAINING,WET,0,OTHER INTERSECTION COLLISIONS,REAR END,STRAIGHT & LEVEL,DARK-HWY LIGHTED/ON,1,0,0,1
28938138,CAMPBELL,,OTHR,500,BERRY,ST,,39.11435166,-84.47178728,0.169,10/22/2021 0:00,1450,2,1,0,1,B,RAINING,WET,1,COLLISION WITH PEDESTRIAN NON - INTERSECTION,SINGLE VEHICLE,STRAIGHT & LEVEL,DAYLIGHT,0,0,1,0
28943259,CAMPBELL,KY1632,StateRoute,,MOOCK,RD,,39.06116162,-84.47188215,1.07,10/22/2021 0:00,1800,1,1,0,0,O,RAINING,WET,0,COLLISION WITH ANIMAL NON INTERSECTION,SINGLE VEHICLE,CURVE & LEVEL,DARK (UNKNOWN ROADWAY LIGHTING),0,0,0,1
28937419,CAMPBELL,KY1632,StateRoute,,MOOCK,RD,,39.05497958,-84.48714937,0.013,10/22/2021 0:00,2247,1,1,0,0,O,RAINING,WET,0,COLLISION WITH FIXED OBJECT NON - INTERSECTION - FIRST EVENT COLLISION 09 - 32 EXCLUDING 16,SINGLE VEHICLE,STRAIGHT & LEVEL,DARK-HWY LIGHTED/ON,0,0,0,1
28943072,CAMPBELL,KY0008,StateRoute,,MARY INGLES,HWY,,39.04278019,-84.4161604,9.316,10/23/2021 0:00,1125,1,1,0,0,O,CLEAR,DRY,0,COLLISION WITH ANIMAL NON INTERSECTION,SINGLE VEHICLE,STRAIGHT & LEVEL,DAYLIGHT,0,0,0,1
28945277,CAMPBELL,US0027,USRoute,,ALEXANDRIA,PIKE,,39.01986111,-84.43774374,15.193,10/23/2021 0:00,1059,2,2,0,1,A,CLEAR,DRY,0,OTHER INTERSECTION COLLISIONS,REAR END,STRAIGHT & LEVEL,DAYLIGHT,1,0,0,1
28939258,CAMPBELL,KY1892,StateRoute,,CAROTHERS,RD,,39.08637121,-84.47724077,2.152,10/23/2021 0:00,2027,2,2,0,0,O,CLOUDY,DRY,0,OPPOSING LEFT TURN,OPPOSING LEFT TURN,STRAIGHT & LEVEL,DARK-HWY LIGHTED/ON,0,0,0,1
29125100,CAMPBELL,KY0009,StateRoute,,AA,HWY,,38.98076953,-84.3744835,10.876,10/23/2021 0:00,930,2,1,0,3,B,CLEAR,DRY,0,ANGLE COLLISION - ONE VEHICLE TURNING LEFT,ANGLE,STRAIGHT & LEVEL,DAYLIGHT,0,0,0,1
29124311,CAMPBELL,KY0471,StateRoute,,KY471,,,39.03963711,-84.45438916,0.185,10/23/2021 0:00,924,2,1,0,0,O,CLEAR,DRY,1,SIDESWIPE COLLISION - SAME DIRECTION,SIDESWIPE-SAME DIRECTION,STRAIGHT & LEVEL,DAYLIGHT,0,0,0,1
29150412,CAMPBELL,,OTHR,,WATERWORKS,RD,,39.09264273,-84.47328686,0.173,10/23/2021 0:00,856,2,2,0,0,O,CLEAR,DRY,0,1 VEHICLE PARKED POSITION (NOT PARKING LOT/DRIVEWAY),SIDESWIPE-SAME DIRECTION,STRAIGHT & LEVEL,DAYLIGHT,0,0,0,1
28976645,CAMPBELL,I 0275,Interstate,,,,,39.04561003,-84.46368922,0.257,10/24/2021 0:00,2209,1,1,0,1,B,CLEAR,DRY,0,COLLISION WITH FIXED OBJECT NOT IN GORE ,SINGLE VEHICLE,CURVE & GRADE,DARK-HWY LIGHTED/ON,0,0,0,1
29125330,CAMPBELL,I 0275,Interstate,,I275 E,,,39.03649857,-84.4701329,75.927,10/24/2021 0:00,1152,2,1,0,0,O,RAINING,WET,0,REAR END IN TRAFFIC LANES BOTH VEHICLES MOVING,REAR END,STRAIGHT & GRADE,DAYLIGHT,0,0,0,1
29150411,CAMPBELL,,OTHR,,TAYLOR,AVE,,39.10343633,-84.48143453,0.317,10/24/2021 0:00,2137,2,2,0,0,O,CLEAR,DRY,1,1 VEHICLE PARKED POSITION (NOT PARKING LOT/DRIVEWAY),HEAD ON,STRAIGHT & LEVEL,DARK-HWY LIGHTED/ON,0,0,0,1
28943260,CAMPBELL,I 0471,Interstate,,I471 S,,,39.05884758,-84.46949882,1.141,10/24/2021 0:00,1441,1,1,0,0,O,CLOUDY,WET,0,COLLISION WITH FIXED OBJECT NON - INTERSECTION - FIRST EVENT COLLISION 09 - 32 EXCLUDING 16,SINGLE VEHICLE,CURVE & LEVEL,DAYLIGHT,0,0,0,1
28939925,CAMPBELL,,OTHR,300,5TH,ST,W,39.08839194,-84.50165714,0.096,10/24/2021 0:00,29,1,1,0,0,O,RAINING,WET,1,COLLISION WITH FIXED OBJECT NON - INTERSECTION - FIRST EVENT COLLISION 09 - 32 EXCLUDING 16,SINGLE VEHICLE,CURVE & GRADE,DARK-HWY LIGHTED/ON,0,0,0,1
28943105,CAMPBELL,US0027,USRoute,,ALEXANDRIA,PIKE,,38.88327364,-84.38759299,4.807,10/24/2021 0:00,101,1,1,0,0,O,CLEAR,WET,0,COLLISION WITH ANIMAL NON INTERSECTION,SINGLE VEHICLE,STRAIGHT & LEVEL,DARK-HWY NOT LIGHTED,0,0,0,1
28945270,CAMPBELL,US0027,USRoute,,ALEXANDRIA,PIKE,,39.00012117,-84.41977507,13.564,10/24/2021 0:00,134,1,1,0,0,O,RAINING,WET,0,COLLISION WITH ANIMAL NON INTERSECTION,SINGLE VEHICLE,STRAIGHT & LEVEL,DARK-HWY LIGHTED/ON,0,0,0,1
29125362,CAMPBELL,US0027,USRoute,,ALEXANDRIA,PIKE,,38.95909226,-84.39294522,10.156,10/25/2021 0:00,525,1,1,0,0,O,CLEAR,DRY,0,COLLISION WITH ANIMAL NON INTERSECTION,SINGLE VEHICLE,STRAIGHT & GRADE,DARK-HWY NOT LIGHTED,0,0,0,1
29133832,CAMPBELL,KY1998,StateRoute,,POOLES CREEK,RD,,39.02410144,-84.44612253,1.643,10/25/2021 0:00,1517,1,1,0,0,O,CLOUDY,WET,0,COLLISION WITH FIXED OBJECT NON - INTERSECTION - FIRST EVENT COLLISION 09 - 32 EXCLUDING 16,SINGLE VEHICLE,STRAIGHT & GRADE,DAYLIGHT,0,0,0,1
28952606,CAMPBELL,I 0471,Interstate,,I471 S,,,39.09714376,-84.48455167,4.322,10/25/2021 0:00,1655,1,1,0,0,O,CLEAR,WET,0,COLLISION WITH FIXED OBJECT NON - INTERSECTION - FIRST EVENT COLLISION 09 - 32 EXCLUDING 16,SINGLE VEHICLE,STRAIGHT & LEVEL,DAYLIGHT,0,0,0,1
28962914,CAMPBELL,,OTHR,,LOWELL,ST,,39.08121425,-84.49808642,0.122,10/25/2021 0:00,353,1,1,0,0,O,CLEAR,DRY,0,COLLISION WITH ANIMAL IN INTERSECTION,SINGLE VEHICLE,STRAIGHT & LEVEL,DARK-HWY LIGHTED/ON,1,0,0,1
28945290,CAMPBELL,,OTHR,,MATINEE,BLVD,,39.01774832,-84.43649596,,10/25/2021 0:00,1030,2,2,0,0,O,CLOUDY,WET,0,SIDESWIPE-SAME DIRECTION,SIDESWIPE-SAME DIRECTION,STRAIGHT & LEVEL,DAYLIGHT,0,0,0,1
29125229,CAMPBELL,US0027,USRoute,,ALEXANDRIA,PIKE,,38.94031502,-84.39411507,8.845,10/25/2021 0:00,1525,2,1,0,0,O,RAINING,WET,0,SIDESWIPE-SAME DIRECTION,SIDESWIPE-SAME DIRECTION,STRAIGHT & LEVEL,DAYLIGHT,0,0,0,1
29131449,CAMPBELL,I 0471,Interstate,,I471 S,,,39.08872313,-84.47509655,3.523,10/25/2021 0:00,1700,2,2,0,0,O,CLEAR,DRY,0,SIDESWIPE-SAME DIRECTION,SIDESWIPE-SAME DIRECTION,STRAIGHT & LEVEL,DAYLIGHT,0,0,0,1
29178668,CAMPBELL,KY2238,StateRoute,,LOUIE B NUNN,DR,,39.03456071,-84.45554321,0.09,10/25/2021 0:00,1501,2,2,0,0,O,CLOUDY,DRY,0,SIDESWIPE COLLISION - SAME DIRECTION,SIDESWIPE-SAME DIRECTION,STRAIGHT & GRADE,DARK-HWY LIGHTED/ON,0,0,0,1
28944886,CAMPBELL,I 0471,Interstate,,I471 N,,,39.09117169,-84.47610287,3.694,10/25/2021 0:00,830,2,2,0,0,O,RAINING,WET,1,REAR END IN TRAFFIC LANES BOTH VEHICLES MOVING,REAR END,STRAIGHT & LEVEL,DAYLIGHT,0,0,0,1
28944894,CAMPBELL,I 0471,Interstate,,I471 N,,,39.09925875,-84.4920317,4.757,10/25/2021 0:00,745,2,2,0,0,O,RAINING,WET,0,REAR END IN TRAFFIC LANES BOTH VEHICLES MOVING,REAR END,STRAIGHT & LEVEL,DARK-HWY NOT LIGHTED,0,0,0,1
29133829,CAMPBELL,US0027,USRoute,,ALEXANDRIA,PIKE,,39.0252503,-84.44540292,15.764,10/25/2021 0:00,1532,2,2,0,1,B,CLEAR,DRY,0,1 VEHICLE ENTERING/LEAVING ENTRANCE,ANGLE,STRAIGHT & LEVEL,DAYLIGHT,0,0,0,1
28960093,CAMPBELL,KY2924,StateRoute,,TOLLGATE,RD,,38.96324414,-84.39528438,0.177,10/25/2021 0:00,1533,2,2,0,1,B,CLOUDY,WET,1,SIDESWIPE COLLISION - OPPOSITE DIRECTION,SIDESWIPE-OPPOSITE DIRECTION,STRAIGHT & LEVEL,DAYLIGHT,0,0,0,1
29131438,CAMPBELL,I 0471,Interstate,,I471 S,,,39.0957699,-84.48220613,4.165,10/25/2021 0:00,1637,2,2,0,0,O,RAINING,WET,0,SIDESWIPE COLLISION - SAME DIRECTION,SIDESWIPE-SAME DIRECTION,STRAIGHT & LEVEL,DAYLIGHT,0,0,0,1
28945063,CAMPBELL,I 0471,Interstate,,I471 N,,,39.09900146,-84.49149551,4.723,10/25/2021 0:00,752,2,2,0,0,O,RAINING,WET,0,SIDESWIPE COLLISION - SAME DIRECTION,SIDESWIPE-SAME DIRECTION,STRAIGHT & LEVEL,DARK-HWY LIGHTED/ON,0,0,0,1
30434767,CAMPBELL,,OTHR,12,SADYE,CT,,39.08878308,-84.44939399,0.037,10/25/2021 0:00,840,2,2,0,0,O,CLOUDY,DRY,0,1 VEHICLE PARKED POSITION (NOT PARKING LOT/DRIVEWAY),BACKING,STRAIGHT & LEVEL,DAYLIGHT,0,0,0,1
28951930,CAMPBELL,I 0471,Interstate,3,I471,,,39.08217954,-84.47058864,0.157,10/25/2021 0:00,1000,1,1,0,0,O,CLEAR,WET,0,OTHER RAMP RELATED COLLISIONS NOT LISTED ABOVE,SINGLE VEHICLE,STRAIGHT & GRADE,DAYLIGHT,0,0,0,1
29127435,CAMPBELL,I 0471,Interstate,,I471 N,,,39.09298802,-84.47767378,3.845,10/25/2021 0:00,810,2,2,0,0,O,RAINING,WET,0,OTHER ROADWAY OR MID-BLOCK COLLISION,REAR END,STRAIGHT & LEVEL,DAWN,0,0,0,1
29125227,CAMPBELL,KY1120,StateRoute,1041,FT THOMAS,AVE,S,39.06429272,-84.44711888,5.377,10/26/2021 0:00,1712,2,1,0,0,O,CLEAR,DRY,0,1 VEHICLE ENTERING/LEAVING ENTRANCE,ANGLE,CURVE & LEVEL,DAYLIGHT,0,0,0,1
29151024,CAMPBELL,,OTHR,240,LITTLE ROUND TOP,,,39.08392289,-84.4663701,0.081,10/26/2021 0:00,814,2,2,0,0,O,CLEAR,DRY,0,VEHICLE BACKING NON INTERSECTION,BACKING,STRAIGHT & LEVEL,DAYLIGHT,0,0,0,1
29370797,CAMPBELL,KY1892,StateRoute,,CAROTHERS,RD,,39.08639649,-84.47897184,2.307,10/26/2021 0:00,1504,2,2,0,0,O,CLEAR,DRY,0,OTHER ROADWAY OR MID-BLOCK COLLISION,REAR END,STRAIGHT & HILLCREST,DAYLIGHT,0,0,0,1
29194548,CAMPBELL,I 0471,Interstate,,I471 N,,,39.04703304,-84.45763903,0.026,10/26/2021 0:00,515,1,1,0,0,O,RAINING,WET,0,OTHER ROADWAY OR MID-BLOCK COLLISION,SINGLE VEHICLE,CURVE & LEVEL,DARK-HWY LIGHTED/ON,0,0,0,1