IncidentID,County,RdwyNumber,RdwyType,Street,RoadwayName,StreetSfx,StreetDir,Latitude,Longitude,Milepoint,CollisionDate,CollisionTime,UnitsInvolved,MotorVehiclesInvolved,NumberKilled,NumberInjured,KABCO,Weather,RdwyConditionCode,HitandRun,DirAnalysisCode,MannerofCollision,RdwyCharacter,LightCondition,Intersection Crash,Bicyclist,Pedestrian,Motor Vehicles
29125189,CAMPBELL,I 0471,Interstate,,,,,39.09287399,-84.47901468,0.191,10/26/2021 0:00,1520,2,1,0,0,O,CLEAR,DRY,1,OTHER RAMP RELATED COLLISIONS NOT LISTED ABOVE,REAR END,CURVE & LEVEL,DAYLIGHT,0,0,0,1
29151570,CAMPBELL,KY0471,StateRoute,,KY471,,,39.04137982,-84.45577567,0.3,10/26/2021 0:00,1642,2,2,0,0,O,CLEAR,DRY,0,REAR END IN TRAFFIC LANES BOTH VEHICLES MOVING,REAR END,STRAIGHT & LEVEL,DAYLIGHT,0,0,0,1
29076681,CAMPBELL,I 0471,Interstate,,I471 N,,,39.06143195,-84.46882062,1.339,10/26/2021 0:00,1609,1,1,0,0,O,CLEAR,DRY,0,OTHER COLLISIONS ON SHOULDER,SINGLE VEHICLE,CURVE & LEVEL,DAYLIGHT,0,0,0,1
29124307,CAMPBELL,KY1892,StateRoute,,GRAND,AVE,S,39.07210702,-84.45384423,0.396,10/26/2021 0:00,1920,1,1,0,0,O,CLOUDY,DRY,0,COLLISION WITH ANIMAL IN INTERSECTION,SINGLE VEHICLE,CURVE & GRADE,DUSK,1,0,0,1
29076622,CAMPBELL,,OTHR,,PLUM,ST,,39.00905282,-84.47340901,0.068,10/26/2021 0:00,2241,2,2,0,0,O,CLEAR,DRY,0,1 VEHICLE PARKED POSITION (NOT PARKING LOT/DRIVEWAY),ANGLE,STRAIGHT & LEVEL,DARK-HWY LIGHTED/ON,0,0,0,1
28994979,CAMPBELL,KY0009,StateRoute,,AA,HWY,,39.00970753,-84.46916068,16.54,10/26/2021 0:00,1009,2,2,0,0,O,CLOUDY,DRY,0,OTHER INTERSECTION COLLISIONS,REAR END,STRAIGHT & LEVEL,DAYLIGHT,1,0,0,1
29163165,CAMPBELL,,OTHR,,LOUIE B NUNN,DR,,39.03195608,-84.46312557,0.209,10/27/2021 0:00,1600,1,1,0,0,O,CLEAR,DRY,0,COLLISION WITH FIXED OBJECT NON - INTERSECTION - FIRST EVENT COLLISION 09 - 32 EXCLUDING 16,SINGLE VEHICLE,CURVE & LEVEL,DAYLIGHT,0,0,0,1
29143429,CAMPBELL,KY0009,StateRoute,,AA,HWY,,38.97904828,-84.3679256,10.491,10/27/2021 0:00,652,1,1,0,0,O,CLOUDY,DRY,0,COLLISION WITH FIXED OBJECT NON - INTERSECTION - FIRST EVENT COLLISION 09 - 32 EXCLUDING 16,SINGLE VEHICLE,STRAIGHT & GRADE,DARK-HWY LIGHTED/ON,0,0,0,1
29128104,CAMPBELL,,OTHR,,HIGHLAND,AVE,,39.07578192,-84.45538984,0.965,10/27/2021 0:00,1516,2,2,0,0,O,CLOUDY,DRY,0,ANGLE COLLISION - ONE VEHICLE TURNING LEFT,ANGLE,STRAIGHT & LEVEL,DAYLIGHT,0,0,0,1
29163168,CAMPBELL,,OTHR,,UNIVERSITY,DR,,39.03061905,-84.45998985,0.18,10/27/2021 0:00,1603,2,2,0,0,O,CLEAR,DRY,0,COLLISION WITH FIXED OBJECT IN INTERSECTION - FIRST EVENT COLLISION 09 - 32,REAR END,STRAIGHT & GRADE,DAYLIGHT,1,0,0,1
29141759,CAMPBELL,US0027,USRoute,,ALEXANDRIA,PIKE,,38.98571208,-84.40306411,12.242,10/27/2021 0:00,1755,2,2,0,0,O,CLEAR,DRY,0,OTHER INTERSECTION COLLISIONS,REAR END,STRAIGHT & LEVEL,DAYLIGHT,1,0,0,1
29141750,CAMPBELL,,OTHR,13,HELEN,DR,,38.97620951,-84.39108891,0.088,10/27/2021 0:00,719,2,2,0,0,O,CLEAR,DRY,0,SIDESWIPE COLLISION - OPPOSITE DIRECTION,SIDESWIPE-OPPOSITE DIRECTION,STRAIGHT & GRADE,DARK-HWY NOT LIGHTED,0,0,0,1
29145407,CAMPBELL,KY0008,StateRoute,,DAVE COWENS,DR,,39.09723637,-84.49367118,0.955,10/27/2021 0:00,1507,2,2,0,0,O,CLEAR,DRY,0,REAR END IN TRAFFIC LANES BOTH VEHICLES MOVING,REAR END,STRAIGHT & LEVEL,DAYLIGHT,0,0,0,1
29145406,CAMPBELL,,OTHR,115,KENTUCKY,DR,,39.07457057,-84.48227051,0.398,10/27/2021 0:00,1249,2,2,0,0,O,CLEAR,DRY,0,1 VEHICLE PARKED POSITION (NOT PARKING LOT/DRIVEWAY),SIDESWIPE-SAME DIRECTION,STRAIGHT & GRADE,DAYLIGHT,0,0,0,1
29145474,CAMPBELL,,OTHR,515,2ND,AVE,,39.11486483,-84.47584001,0.151,10/27/2021 0:00,1214,2,2,0,0,O,CLEAR,DRY,1,1 VEHICLE PARKED POSITION (NOT PARKING LOT/DRIVEWAY),SIDESWIPE-SAME DIRECTION,STRAIGHT & LEVEL,DAYLIGHT,0,0,0,1
29128212,CAMPBELL,,OTHR,,RIFLE RANGE,RD,,38.96493512,-84.4313156,0.143,10/27/2021 0:00,752,2,2,0,0,O,FOG,DRY,0,1 VEHICLE PARKED POSITION (NOT PARKING LOT/DRIVEWAY),SIDESWIPE-OPPOSITE DIRECTION,STRAIGHT & LEVEL,DAWN,0,0,0,1
29076632,CAMPBELL,I 0275,Interstate,,I275 E,,,39.02777483,-84.47282166,76.562,10/27/2021 0:00,748,2,2,0,0,O,FOG,DRY,0,OTHER ROADWAY OR MID-BLOCK COLLISION,REAR END,CURVE & GRADE,DAYLIGHT,0,0,0,1
29126731,CAMPBELL,I 0471,Interstate,,I471 N,,,39.10027196,-84.49391825,4.88,10/27/2021 0:00,2350,1,1,0,0,O,CLEAR,DRY,0,OTHER ROADWAY OR MID-BLOCK COLLISION,SINGLE VEHICLE,STRAIGHT & LEVEL,DARK-HWY LIGHTED/ON,0,0,0,1
29150822,CAMPBELL,I 0471,Interstate,,I471 S,,,39.07746311,-84.46988252,2.705,10/27/2021 0:00,950,3,3,0,2,B,CLEAR,DRY,0,1 VEHICLE ENTERING/LEAVING ENTRANCE,ANGLE,STRAIGHT & LEVEL,DAYLIGHT,0,0,0,1
29133828,CAMPBELL,US0027,USRoute,,ALEXANDRIA,PIKE,,39.00422948,-84.42474735,13.942,10/28/2021 0:00,1341,2,2,0,0,O,RAINING,WET,0,OTHER ROADWAY OR MID-BLOCK COLLISION,OPPOSING LEFT TURN,STRAIGHT & HILLCREST,DAYLIGHT,0,0,0,1
29127981,CAMPBELL,I 0275,Interstate,,I275 W,,,39.02285558,-84.48919594,77.573,10/28/2021 0:00,750,2,2,0,0,O,CLOUDY,DRY,0,OTHER ROADWAY OR MID-BLOCK COLLISION,REAR END,STRAIGHT & LEVEL,DAWN,0,0,0,1
29141918,CAMPBELL,I 0471,Interstate,,I471 S,,,39.0506957,-84.46640554,0.501,10/28/2021 0:00,1934,2,2,0,0,O,RAINING,WET,0,SIDESWIPE COLLISION - SAME DIRECTION,SIDESWIPE-SAME DIRECTION,CURVE & GRADE,DARK-HWY LIGHTED/ON,0,0,0,1
29150410,CAMPBELL,KY0008,StateRoute,24,FAIRFIELD,AVE,,39.10234609,-84.48803977,1.496,10/28/2021 0:00,1217,2,2,0,0,O,RAINING,WET,0,REAR END IN TRAFFIC LANES BOTH VEHICLES MOVING,REAR END,STRAIGHT & LEVEL,DAYLIGHT,0,0,0,1
29313349,CAMPBELL,I 0471,Interstate,,I471 S,,,39.06396531,-84.46745232,1.55,10/28/2021 0:00,1630,2,2,0,0,O,RAINING,WET,0,REAR END IN TRAFFIC LANES BOTH VEHICLES MOVING,REAR END,CURVE & LEVEL,DAYLIGHT,0,0,0,1
29128105,CAMPBELL,I 0275,Interstate,,I275 W,,,39.05138332,-84.44427929,74.034,10/28/2021 0:00,720,2,2,0,0,O,CLOUDY,DRY,0,REAR END IN TRAFFIC LANES BOTH VEHICLES MOVING,REAR END,STRAIGHT & GRADE,DAWN,0,0,0,1
29133243,CAMPBELL,KY1120,StateRoute,,MEMORIAL,PKWY,,39.09271474,-84.48049245,1.383,10/28/2021 0:00,1229,2,2,0,0,O,RAINING,WET,0,OPPOSITE DIRECTION - BOTH VEHICLES GOING STRAIGHT AHEAD,SIDESWIPE-OPPOSITE DIRECTION,STRAIGHT & LEVEL,DAYLIGHT,0,0,0,1
29141188,CAMPBELL,,OTHR,,CARLISLE,AVE,,39.03024985,-84.36876201,0.003,10/28/2021 0:00,632,3,1,0,2,B,CLEAR,DRY,1,COLLISION WITH PEDESTRIAN IN INTERSECTION,SINGLE VEHICLE,STRAIGHT & LEVEL,DARK-HWY LIGHTED/ON,1,0,1,0
29128214,CAMPBELL,KY0009,StateRoute,,AA,HWY,,38.9349679,-84.31591189,6.277,10/28/2021 0:00,420,1,1,0,0,O,CLOUDY,DRY,0,COLLISION WITH ANIMAL NON INTERSECTION,SINGLE VEHICLE,STRAIGHT & GRADE,DARK-HWY NOT LIGHTED,0,0,0,1
29144598,CAMPBELL,,OTHR,,DRY CREEK,RD,,39.01157489,-84.44574165,0.863,10/29/2021 0:00,1052,1,1,0,0,O,RAINING,WET,0,COLLISION WITH FIXED OBJECT NON - INTERSECTION - FIRST EVENT COLLISION 09 - 32 EXCLUDING 16,SINGLE VEHICLE,CURVE & GRADE,DAYLIGHT,0,0,0,1
29175423,CAMPBELL,US0027,USRoute,,ALEXANDRIA,PIKE,,38.95430068,-84.39321912,9.814,10/29/2021 0:00,718,2,1,0,0,O,CLEAR,DRY,0,OTHER INTERSECTION COLLISIONS,REAR END,STRAIGHT & LEVEL,DAYLIGHT,1,0,0,1
29145477,CAMPBELL,KY0008,StateRoute,,6TH,AVE,,39.11087452,-84.4771332,2.32,10/29/2021 0:00,1444,2,2,0,1,B,RAINING,WET,0,OPPOSING LEFT TURN,OPPOSING LEFT TURN,STRAIGHT & LEVEL,DAYLIGHT,0,0,0,1
29150637,CAMPBELL,KY1632,StateRoute,,MOOCK,RD,,39.06509011,-84.4690748,1.381,10/29/2021 0:00,1557,2,2,0,0,O,RAINING,WET,0,REAR END IN TRAFFIC LANES BOTH VEHICLES MOVING,REAR END,STRAIGHT & GRADE,DAYLIGHT,0,0,0,1
29186700,CAMPBELL,I 0275,Interstate,,I275 E,,,39.02629677,-84.47550523,76.73,10/29/2021 0:00,2027,2,2,0,0,O,RAINING,WET,0,REAR END IN TRAFFIC LANES BOTH VEHICLES MOVING,REAR END,STRAIGHT & GRADE,DARK-HWY LIGHTED/ON,0,0,0,1
29142034,CAMPBELL,,OTHR,,FT THOMAS,AVE,N,39.0974715,-84.45000267,1.128,10/29/2021 0:00,740,2,2,0,0,O,RAINING,WET,1,HEAD-ON COLLISION,HEAD ON,STRAIGHT & LEVEL,DAWN,0,0,0,1
29142599,CAMPBELL,I 0471,Interstate,,,,,39.08711958,-84.47387854,0.437,10/29/2021 0:00,915,1,1,0,0,O,CLOUDY,WET,0,OTHER RAMP RELATED COLLISIONS NOT LISTED ABOVE,SINGLE VEHICLE,CURVE & LEVEL,DAYLIGHT,0,0,0,1
29145174,CAMPBELL,US0027,USRoute,,ALEXANDRIA,PIKE,,38.92121226,-84.3908787,7.51,10/29/2021 0:00,1209,2,2,0,0,O,RAINING,WET,0,OTHER ROADWAY OR MID-BLOCK COLLISION,OPPOSING LEFT TURN,STRAIGHT & LEVEL,DAYLIGHT,0,0,0,1
29143835,CAMPBELL,,OTHR,160,NEWPORT PAVILION,,,39.08859995,-84.4756505,0.419,10/29/2021 0:00,1520,2,2,0,0,O,RAINING,WET,0,OTHER ROADWAY OR MID-BLOCK COLLISION,OPPOSING LEFT TURN,STRAIGHT & LEVEL,DAYLIGHT,0,0,0,1
29150633,CAMPBELL,I 0471,Interstate,,,,,39.06737643,-84.46621901,0.03,10/29/2021 0:00,800,2,2,0,0,O,CLOUDY,WET,0,OTHER RAMP RELATED COLLISIONS NOT LISTED ABOVE,REAR END,CURVE & GRADE,DAYLIGHT,0,0,0,1
29140882,CAMPBELL,US0027,USRoute,,TAYLOR SOUTHGATE,BRG,,39.09432322,-84.49963534,22.414,10/29/2021 0:00,20,1,1,0,0,O,CLOUDY,WET,0,OTHER ROADWAY OR MID-BLOCK COLLISION,SINGLE VEHICLE,CURVE & GRADE,DARK-HWY LIGHTED/ON,0,0,0,1
29143371,CAMPBELL,,OTHR,130,NEWPORT PAVILION,,,39.0902556,-84.47729435,0.266,10/29/2021 0:00,1331,2,2,0,0,O,CLOUDY,WET,0,VEHICLE BACKING NON INTERSECTION,BACKING,STRAIGHT & LEVEL,DAYLIGHT,0,0,0,1
29143833,CAMPBELL,,OTHR,,DAYTON,ST,,39.08880481,-84.49002967,0.262,10/29/2021 0:00,1130,2,2,0,0,O,RAINING,WET,0,VEHICLE BACKING NON INTERSECTION,BACKING,STRAIGHT & LEVEL,DAYLIGHT,0,0,0,1
29147391,CAMPBELL,KY1998,StateRoute,970,POOLES CREEK,RD,,39.02425274,-84.44608586,1.653,10/30/2021 0:00,1943,1,1,0,0,O,RAINING,WET,0,OTHER ROADWAY OR MID-BLOCK COLLISION,SINGLE VEHICLE,CURVE & GRADE,DARK-HWY NOT LIGHTED,0,0,0,1
29151585,CAMPBELL,I 0275,Interstate,,I275 E,,,39.03657893,-84.47016759,75.921,10/30/2021 0:00,1630,4,4,0,0,O,RAINING,WET,0,OTHER ROADWAY OR MID-BLOCK COLLISION,REAR END,STRAIGHT & LEVEL,DAYLIGHT,0,0,0,1
29151594,CAMPBELL,I 0275,Interstate,,I275 E,,,39.03280109,-84.47042698,76.194,10/30/2021 0:00,1648,2,2,0,0,O,RAINING,WET,0,REAR END IN TRAFFIC LANES BOTH VEHICLES MOVING,REAR END,STRAIGHT & LEVEL,DAYLIGHT,0,0,0,1
29144885,CAMPBELL,KY0008,StateRoute,,4TH,ST,W,39.08981739,-84.50071656,0.28,10/30/2021 0:00,132,2,2,0,0,O,RAINING,WET,0,1 VEHICLE ENTERING/LEAVING ENTRANCE,ANGLE,CURVE & LEVEL,DARK-HWY LIGHTED/ON,0,0,0,1
29178982,CAMPBELL,I 0471,Interstate,,I471 S,,,39.05692369,-84.46976648,1.003,10/30/2021 0:00,140,3,3,0,0,O,RAINING,WET,1,SIDESWIPE COLLISION - SAME DIRECTION,SIDESWIPE-SAME DIRECTION,STRAIGHT & LEVEL,DARK-HWY LIGHTED/ON,0,0,0,1
29146914,CAMPBELL,,OTHR,153,MAIN,ST,,39.07885454,-84.48907353,0.211,10/30/2021 0:00,500,2,2,0,0,O,CLEAR,DRY,1,1 VEHICLE PARKED POSITION (NOT PARKING LOT/DRIVEWAY),SIDESWIPE-SAME DIRECTION,STRAIGHT & LEVEL,DAYLIGHT,0,0,0,1
29146595,CAMPBELL,I 0275,Interstate,76MM,I275 W,,,39.03543431,-84.47067916,76.08,10/30/2021 0:00,1636,2,2,0,0,O,RAINING,WET,0,REAR END IN TRAFFIC LANES BOTH VEHICLES MOVING,REAR END,STRAIGHT & GRADE,DAYLIGHT,0,0,0,1
29181173,CAMPBELL,KY0008,StateRoute,,MARY INGLES,HWY,,39.03294508,-84.38037179,11.37,10/30/2021 0:00,2103,1,1,0,0,O,CLOUDY,WET,0,COLLISION WITH ANIMAL NON INTERSECTION,SINGLE VEHICLE,STRAIGHT & LEVEL,DARK-HWY NOT LIGHTED,0,0,0,1
29178978,CAMPBELL,KY0009,StateRoute,,AA,HWY,,38.95276557,-84.33732489,8.009,10/30/2021 0:00,1950,1,1,0,0,O,CLEAR,WET,0,COLLISION WITH ANIMAL NON INTERSECTION,SINGLE VEHICLE,STRAIGHT & LEVEL,DARK-HWY LIGHTED/OFF,0,0,0,1
29147806,CAMPBELL,KY1892,StateRoute,,CAROTHERS,RD,,39.08639074,-84.47729397,2.155,10/30/2021 0:00,1146,2,2,0,0,O,CLOUDY,DRY,1,OTHER INTERSECTION COLLISIONS,REAR END,STRAIGHT & LEVEL,DAYLIGHT,1,0,0,1
29144954,CAMPBELL,KY0008,StateRoute,,4TH,ST,W,39.08970781,-84.50077415,0.242,10/30/2021 0:00,145,1,1,0,0,O,RAINING,WET,1,COLLISION WITH FIXED OBJECT NON - INTERSECTION - FIRST EVENT COLLISION 09 - 32 EXCLUDING 16,SINGLE VEHICLE,CURVE & LEVEL,DARK-HWY LIGHTED/ON,0,0,0,1
29145146,CAMPBELL,I 0471,Interstate,,I471 S,,,39.09861964,-84.49115851,4.694,10/30/2021 0:00,435,1,1,0,0,O,RAINING,WET,0,COLLISION WITH FIXED OBJECT NON - INTERSECTION - FIRST EVENT COLLISION 09 - 32 EXCLUDING 16,SINGLE VEHICLE,CURVE & LEVEL,DARK-HWY LIGHTED/ON,0,0,0,1
29145078,CAMPBELL,,OTHR,1144,PARK,AVE,,39.08783979,-84.47989011,0.664,10/30/2021 0:00,39,2,2,0,0,O,RAINING,WET,0,1 VEHICLE PARKED POSITION (NOT PARKING LOT/DRIVEWAY),ANGLE,STRAIGHT & GRADE,DARK-HWY NOT LIGHTED,0,0,0,1
29150634,CAMPBELL,,OTHR,1141,HIGHLAND,AVE,,39.07097993,-84.46953864,0.02,10/30/2021 0:00,810,2,2,0,0,O,CLEAR,WET,0,1 VEHICLE PARKED POSITION (NOT PARKING LOT/DRIVEWAY),SIDESWIPE-SAME DIRECTION,STRAIGHT & HILLCREST,DAYLIGHT,0,0,0,1
29147451,CAMPBELL,,OTHR,502,WASHINGTON,AVE,,39.09383629,-84.49162226,0.149,10/30/2021 0:00,2204,3,3,0,0,O,CLEAR,DRY,1,1 VEHICLE PARKED POSITION (NOT PARKING LOT/DRIVEWAY),SIDESWIPE-SAME DIRECTION,STRAIGHT & LEVEL,DARK-HWY NOT LIGHTED,0,0,0,1
29186950,CAMPBELL,KY0009,StateRoute,,AA,HWY,,39.01813339,-84.48003978,17.39,10/31/2021 0:00,1452,2,2,0,0,O,CLOUDY,DRY,0,OTHER INTERSECTION COLLISIONS,REAR END,STRAIGHT & LEVEL,DAYLIGHT,1,0,0,1
29151029,CAMPBELL,,OTHR,,HIGHLAND,AVE,,39.07771471,-84.45069372,1.254,10/31/2021 0:00,1708,2,1,0,1,B,CLEAR,DRY,0,COLLISION WITH PEDESTRIAN NON - INTERSECTION,SINGLE VEHICLE,STRAIGHT & LEVEL,DAYLIGHT,0,0,1,0
29151600,CAMPBELL,I 0275,Interstate,,I275 E,,,39.03919462,-84.46998481,75.739,10/31/2021 0:00,1926,2,2,0,0,O,CLEAR,DRY,0,SIDESWIPE COLLISION - SAME DIRECTION,SIDESWIPE-SAME DIRECTION,STRAIGHT & LEVEL,DARK-HWY LIGHTED/ON,0,0,0,1
29149004,CAMPBELL,KY1120,StateRoute,,11TH,ST,W,39.0827611,-84.49365225,0.397,10/31/2021 0:00,1954,2,2,0,2,C,CLEAR,DRY,0,SIDESWIPE COLLISION - OPPOSITE DIRECTION,SIDESWIPE-OPPOSITE DIRECTION,STRAIGHT & LEVEL,DARK-HWY LIGHTED/ON,0,0,0,1
29151597,CAMPBELL,KY0471,StateRoute,,KY471,,,39.03803312,-84.45404914,0.069,10/31/2021 0:00,2038,1,1,0,0,O,CLEAR,DRY,0,OTHER COLLISIONS ON SHOULDER,SINGLE VEHICLE,STRAIGHT & LEVEL,DARK-HWY LIGHTED/ON,0,0,0,1
29150635,CAMPBELL,I 0471,Interstate,,,,,39.06398525,-84.46645575,0.108,10/31/2021 0:00,1709,2,2,0,0,O,CLOUDY,DRY,0,OTHER RAMP RELATED COLLISIONS NOT LISTED ABOVE,ANGLE,STRAIGHT & LEVEL,DAYLIGHT,0,0,0,1
29150880,CAMPBELL,,OTHR,160,NEWPORT PAVILION,,,39.08740723,-84.47671279,0.522,10/31/2021 0:00,1258,2,2,0,0,O,CLEAR,DRY,0,1 VEHICLE ENTERING/LEAVING ENTRANCE,ANGLE,STRAIGHT & LEVEL,DAYLIGHT,0,0,0,1
29147409,CAMPBELL,KY0009,StateRoute,10856,AA,HWY,,38.90992089,-84.28165966,3.683,10/31/2021 0:00,249,1,1,0,2,B,CLOUDY,WET,0,OTHER ROADWAY OR MID-BLOCK COLLISION,SINGLE VEHICLE,STRAIGHT & LEVEL,DARK-HWY NOT LIGHTED,0,0,0,1
29175030,CAMPBELL,I 0471,Interstate,,,,,39.09235854,-84.47864661,0.022,11/1/2021 0:00,1736,2,1,0,0,O,CLEAR,DRY,1,OTHER RAMP RELATED COLLISIONS NOT LISTED ABOVE,SIDESWIPE-SAME DIRECTION,CURVE & LEVEL,DAYLIGHT,0,0,0,1
29181469,CAMPBELL,KY0009,StateRoute,,AA,HWY,,38.99978105,-84.40886965,13.194,11/1/2021 0:00,1835,2,2,0,0,O,CLEAR,DRY,0,REAR END IN TRAFFIC LANES BOTH VEHICLES MOVING,REAR END,STRAIGHT & LEVEL,DARK-HWY LIGHTED/ON,0,0,0,1
29174277,CAMPBELL,KY1892,StateRoute,57,CAROTHERS,RD,,39.08518897,-84.4805922,2.36,11/1/2021 0:00,1551,2,1,0,0,O,CLEAR,DRY,0,SIDESWIPE COLLISION - SAME DIRECTION,SIDESWIPE-SAME DIRECTION,STRAIGHT & LEVEL,DAYLIGHT,0,0,0,1
29175573,CAMPBELL,US0027,USRoute,,ALEXANDRIA,PIKE,,39.01029284,-84.43022081,14.436,11/1/2021 0:00,1255,2,1,0,0,O,CLEAR,DRY,0,SIDESWIPE COLLISION - SAME DIRECTION,SIDESWIPE-SAME DIRECTION,STRAIGHT & HILLCREST,DAYLIGHT,0,0,0,1
29175366,CAMPBELL,I 0275,Interstate,,I275 E,,,39.05425422,-84.43684455,73.588,11/1/2021 0:00,1415,2,1,0,0,O,CLEAR,DRY,1,SIDESWIPE COLLISION - SAME DIRECTION,SIDESWIPE-SAME DIRECTION,STRAIGHT & LEVEL,DAYLIGHT,0,0,0,1
29186952,CAMPBELL,KY0009,StateRoute,,AA,HWY,,39.01170434,-84.47337987,16.812,11/1/2021 0:00,1850,1,1,0,0,O,CLEAR,DRY,0,COLLISION WITH ANIMAL NON INTERSECTION,SINGLE VEHICLE,STRAIGHT & LEVEL,DARK-HWY NOT LIGHTED,0,0,0,1
29190359,CAMPBELL,US0027,USRoute,,ALEXANDRIA,PIKE,,38.84665412,-84.37770981,1.927,11/1/2021 0:00,1910,1,1,0,0,O,CLEAR,DRY,0,COLLISION WITH ANIMAL NON INTERSECTION,SINGLE VEHICLE,STRAIGHT & LEVEL,DARK-HWY LIGHTED/ON,0,0,0,1
29186571,CAMPBELL,US0027,USRoute,,ALEXANDRIA,PIKE,,38.9216125,-84.39100508,7.537,11/1/2021 0:00,2348,1,1,0,0,O,CLEAR,DRY,0,COLLISION WITH ANIMAL NON INTERSECTION,SINGLE VEHICLE,STRAIGHT & LEVEL,DARK-HWY NOT LIGHTED,0,0,0,1
29153401,CAMPBELL,,OTHR,913,BOONE,ST,,39.09006385,-84.48608556,0.136,11/1/2021 0:00,1340,2,2,0,0,O,CLEAR,DRY,1,1 VEHICLE PARKED POSITION (NOT PARKING LOT/DRIVEWAY),SIDESWIPE-SAME DIRECTION,STRAIGHT & LEVEL,UNKNOWN,0,0,0,1
29149997,CAMPBELL,,OTHR,,BRIGHTON,ST,,39.08251322,-84.49734617,0.205,11/1/2021 0:00,30,2,2,0,0,O,CLEAR,DRY,1,ANGLE COLLISION - OTHER,ANGLE,STRAIGHT & LEVEL,DARK-HWY NOT LIGHTED,0,0,0,1
29177528,CAMPBELL,US0027,USRoute,,11TH,ST,E,39.085339,-84.48884693,21.555,11/2/2021 0:00,2017,2,2,0,1,B,CLEAR,DRY,0,ANGLE COLLISION - OTHER,ANGLE,STRAIGHT & LEVEL,DARK-HWY LIGHTED/ON,0,0,0,1
29181172,CAMPBELL,KY0009,StateRoute,,AA,HWY,,38.9771462,-84.36524953,10.288,11/2/2021 0:00,1913,1,1,0,0,O,CLEAR,DRY,0,COLLISION WITH ANIMAL NON INTERSECTION,SINGLE VEHICLE,STRAIGHT & LEVEL,DARK-HWY NOT LIGHTED,0,0,0,1
29181175,CAMPBELL,KY0009,StateRoute,,AA,HWY,,38.87646974,-84.26091802,1.023,11/2/2021 0:00,1905,1,1,0,0,O,CLEAR,DRY,0,COLLISION WITH ANIMAL NON INTERSECTION,SINGLE VEHICLE,STRAIGHT & LEVEL,DARK-HWY NOT LIGHTED,0,0,0,1
29186953,CAMPBELL,KY0009,StateRoute,,LICKING,PIKE,,39.03929953,-84.48212942,18.909,11/2/2021 0:00,705,1,1,0,0,O,CLOUDY,DRY,0,COLLISION WITH ANIMAL NON INTERSECTION,SINGLE VEHICLE,STRAIGHT & LEVEL,DARK-HWY NOT LIGHTED,0,0,0,1
29183940,CAMPBELL,KY2345,StateRoute,,JOHNS HILL,RD,,39.02742652,-84.4605729,0.653,11/2/2021 0:00,1725,2,2,0,0,O,CLEAR,DRY,0,OTHER INTERSECTION COLLISIONS,REAR END,CURVE & LEVEL,DAYLIGHT,1,0,0,1
29192258,CAMPBELL,,OTHR,,INTERSTATE 471 SOUTH,,,39.04862399,-84.46399427,,11/2/2021 0:00,1622,2,2,0,0,O,CLEAR,DRY,0,REAR END IN TRAFFIC LANES BOTH VEHICLES MOVING,REAR END,CURVE & GRADE,DAYLIGHT,0,0,0,1
29183190,CAMPBELL,US0027,USRoute,8000,ALEXANDRIA,PIKE,,38.96499537,-84.39296918,10.56,11/2/2021 0:00,1600,2,2,0,0,O,CLEAR,DRY,0,REAR END IN TRAFFIC LANES BOTH VEHICLES MOVING,REAR END,STRAIGHT & LEVEL,DAYLIGHT,0,0,0,1
29194546,CAMPBELL,US0027,USRoute,,ALEXANDRIA,PIKE,,39.03260732,-84.45278595,16.426,11/2/2021 0:00,1051,2,2,0,0,O,CLEAR,DRY,0,SIDESWIPE COLLISION - SAME DIRECTION,SIDESWIPE-SAME DIRECTION,STRAIGHT & GRADE,DAYLIGHT,0,0,0,1
29177523,CAMPBELL,US0027,USRoute,,3RD,ST,E,39.0935915,-84.49677504,22.25,11/2/2021 0:00,2121,2,2,0,0,O,CLEAR,DRY,1,SIDESWIPE COLLISION - SAME DIRECTION,SIDESWIPE-SAME DIRECTION,STRAIGHT & LEVEL,DARK-HWY LIGHTED/ON,0,0,0,1
29322452,CAMPBELL,US0027,USRoute,7951,ALEXANDRIA,PIKE,,38.96782272,-84.39324953,10.755,11/2/2021 0:00,828,2,2,0,3,B,CLEAR,DRY,0,REAR END IN TRAFFIC LANES BOTH VEHICLES MOVING,REAR END,STRAIGHT & LEVEL,DAYLIGHT,0,0,0,1
29181470,CAMPBELL,,OTHR,,CROSSROADS,BLVD,,39.00505742,-84.42319376,0.102,11/2/2021 0:00,2000,2,2,0,0,O,CLOUDY,DRY,0,OTHER ROADWAY OR MID-BLOCK COLLISION,OPPOSING LEFT TURN,CURVE & HILLCREST,DARK-HWY LIGHTED/ON,0,0,0,1
29177530,CAMPBELL,US0027,USRoute,,3RD,ST,E,39.09347975,-84.49697065,22.251,11/2/2021 0:00,1843,2,2,0,0,O,CLEAR,DRY,0,1 VEHICLE ENTERING/LEAVING ENTRANCE,ANGLE,CURVE & LEVEL,DUSK,0,0,0,1