IncidentID,County,RdwyNumber,RdwyType,Street,RoadwayName,StreetSfx,StreetDir,Latitude,Longitude,Milepoint,CollisionDate,CollisionTime,UnitsInvolved,MotorVehiclesInvolved,NumberKilled,NumberInjured,KABCO,Weather,RdwyConditionCode,HitandRun,DirAnalysisCode,MannerofCollision,RdwyCharacter,LightCondition,Intersection Crash,Bicyclist,Pedestrian,Motor Vehicles
29175262,CAMPBELL,I 0471,Interstate,,,,,39.08540135,-84.47461719,0.216,11/2/2021 0:00,1218,2,2,0,0,O,CLEAR,DRY,0,OTHER RAMP RELATED COLLISIONS NOT LISTED ABOVE,REAR END,CURVE & LEVEL,DAYLIGHT,0,0,0,1
29179476,CAMPBELL,I 0471,Interstate,,I471 N,,,39.09554025,-84.48152492,4.119,11/3/2021 0:00,750,2,2,0,0,O,CLEAR,DRY,0,OTHER ROADWAY OR MID-BLOCK COLLISION,REAR END,STRAIGHT & LEVEL,DAWN,0,0,0,1
29300167,CAMPBELL,KY0471,StateRoute,,KY471,,,39.03698734,-84.45411665,0.002,11/3/2021 0:00,1925,2,2,0,0,O,CLEAR,DRY,0,OTHER ROADWAY OR MID-BLOCK COLLISION,REAR END,STRAIGHT & LEVEL,DARK-HWY LIGHTED/ON,0,0,0,1
29180822,CAMPBELL,KY1892,StateRoute,95,CAROTHERS,RD,,39.08637535,-84.47726304,2.153,11/3/2021 0:00,1000,3,3,0,0,O,CLEAR,DRY,0,1 VEHICLE ENTERING/LEAVING ENTRANCE,ANGLE,STRAIGHT & GRADE,DAYLIGHT,0,0,0,1
29183942,CAMPBELL,,OTHR,20,KENTON,DR,,39.03554848,-84.46361523,0.592,11/3/2021 0:00,1354,1,1,0,0,O,CLEAR,DRY,0,OTHER ROADWAY OR MID-BLOCK COLLISION,SINGLE VEHICLE,CURVE & LEVEL,DAYLIGHT,0,0,0,1
29184290,CAMPBELL,,OTHR,1,HARTWEG,AVE,,39.09166327,-84.44752747,0.213,11/3/2021 0:00,814,2,2,0,0,O,CLEAR,DRY,0,1 VEHICLE PARKED POSITION (NOT PARKING LOT/DRIVEWAY),SIDESWIPE-SAME DIRECTION,STRAIGHT & GRADE,DAYLIGHT,0,0,0,1
29256861,CAMPBELL,US0027,USRoute,,ALEXANDRIA,PIKE,,39.0089178,-84.42906692,14.326,11/3/2021 0:00,1940,2,2,0,1,B,CLEAR,DRY,0,REAR END IN TRAFFIC LANES BOTH VEHICLES MOVING,REAR END,STRAIGHT & LEVEL,DARK-HWY NOT LIGHTED,0,0,0,1
29179424,CAMPBELL,I 0471,Interstate,,I471 N,,,39.04916998,-84.46167346,0.288,11/3/2021 0:00,749,2,2,0,0,O,CLEAR,DRY,0,REAR END IN TRAFFIC LANES BOTH VEHICLES MOVING,REAR END,STRAIGHT & LEVEL,DAWN,0,0,0,1
29187454,CAMPBELL,,OTHR,200,CLAY,ST,,39.11626156,-84.46965669,0.114,11/3/2021 0:00,1445,2,2,0,0,O,CLEAR,DRY,0,1 VEHICLE PARKED POSITION (NOT PARKING LOT/DRIVEWAY),REAR END,STRAIGHT & LEVEL,DAYLIGHT,0,0,0,1
29501690,CAMPBELL,KY0008,StateRoute,,6TH,AVE,,39.11323833,-84.47194291,2.651,11/3/2021 0:00,2244,3,3,0,0,O,CLEAR,DRY,0,1 VEHICLE PARKED POSITION (NOT PARKING LOT/DRIVEWAY),SIDESWIPE-SAME DIRECTION,STRAIGHT & LEVEL,DARK-HWY LIGHTED/ON,0,0,0,1
29186954,CAMPBELL,KY0009,StateRoute,,LICKING,PIKE,,39.05213175,-84.48931359,19.944,11/3/2021 0:00,506,1,1,0,0,O,CLEAR,DRY,0,COLLISION WITH ANIMAL NON INTERSECTION,SINGLE VEHICLE,STRAIGHT & LEVEL,DARK-HWY NOT LIGHTED,0,0,0,1
29186955,CAMPBELL,KY0009,StateRoute,,LICKING,PIKE,,39.02962592,-84.47998698,18.212,11/3/2021 0:00,2053,1,1,0,0,O,CLEAR,DRY,0,COLLISION WITH ANIMAL NON INTERSECTION,SINGLE VEHICLE,STRAIGHT & LEVEL,DARK-HWY NOT LIGHTED,0,0,0,1
29180430,CAMPBELL,US0027,USRoute,,11TH,ST,E,39.08492773,-84.48970466,21.593,11/3/2021 0:00,1007,2,2,0,0,O,CLEAR,DRY,0,SIDESWIPE-SAME DIRECTION,SIDESWIPE-SAME DIRECTION,STRAIGHT & LEVEL,DAYLIGHT,0,0,0,1
29190793,CAMPBELL,US0027,USRoute,,ALEXANDRIA,PIKE,,38.94294657,-84.39389215,9.023,11/4/2021 0:00,1748,1,1,0,0,O,CLEAR,DRY,0,COLLISION WITH ANIMAL IN INTERSECTION,SINGLE VEHICLE,STRAIGHT & LEVEL,DAYLIGHT,1,0,0,1
29185874,CAMPBELL,KY0008,StateRoute,,MARY INGLES,HWY,,39.00831756,-84.3196518,15.173,11/4/2021 0:00,1741,1,1,0,0,O,CLEAR,DRY,0,COLLISION WITH ANIMAL NON INTERSECTION,SINGLE VEHICLE,STRAIGHT & LEVEL,DAYLIGHT,0,0,0,1
29187453,CAMPBELL,,OTHR,,ERVIN,TER,,39.11129066,-84.4755091,0.323,11/4/2021 0:00,700,2,2,0,0,O,CLEAR,DRY,0,1 VEHICLE PARKED POSITION (NOT PARKING LOT/DRIVEWAY),SIDESWIPE-SAME DIRECTION,STRAIGHT & LEVEL,DAWN,0,0,0,1
29186568,CAMPBELL,KY1997,StateRoute,,STONEHOUSE,RD,,38.95124144,-84.34106533,0.622,11/4/2021 0:00,755,1,1,0,0,O,CLEAR,DRY,0,OTHER COLLISIONS ON SHOULDER,SINGLE VEHICLE,STRAIGHT & LEVEL,DAWN,0,0,0,1
29239287,CAMPBELL,I 0275,Interstate,,I275 E,,,39.03646189,-84.47013808,75.93,11/4/2021 0:00,2000,3,3,0,1,B,CLEAR,DRY,0,REAR END IN TRAFFIC LANES BOTH VEHICLES MOVING,REAR END,STRAIGHT & LEVEL,DARK-HWY LIGHTED/ON,0,0,0,1
29196653,CAMPBELL,I 0275,Interstate,,I275 E,,,39.033438,-84.4703612,76.149,11/4/2021 0:00,1940,2,2,0,0,O,CLEAR,DRY,0,REAR END IN TRAFFIC LANES BOTH VEHICLES MOVING,REAR END,STRAIGHT & LEVEL,DARK-HWY LIGHTED/ON,0,0,0,1
29196564,CAMPBELL,I 0471,Interstate,,I471 S,,,39.07171641,-84.46347761,2.168,11/4/2021 0:00,1716,2,2,0,0,O,CLOUDY,DRY,0,SIDESWIPE COLLISION - SAME DIRECTION,SIDESWIPE-SAME DIRECTION,CURVE & LEVEL,DAYLIGHT,0,0,0,1
29187675,CAMPBELL,,OTHR,413,BERRY,AVE,,39.09646914,-84.47737018,0.123,11/4/2021 0:00,1513,2,2,0,0,O,CLEAR,DRY,1,1 VEHICLE PARKED POSITION (NOT PARKING LOT/DRIVEWAY),SIDESWIPE-SAME DIRECTION,STRAIGHT & LEVEL,DARK (UNKNOWN ROADWAY LIGHTING),0,0,0,1
29196563,CAMPBELL,KY1120,StateRoute,1177,FT THOMAS,AVE,S,39.06283826,-84.44848127,5.501,11/4/2021 0:00,1523,2,2,0,0,O,CLOUDY,DRY,0,VEHICLE BACKING NON INTERSECTION,BACKING,STRAIGHT & GRADE,DAYLIGHT,0,0,0,1
29334215,CAMPBELL,KY0009,StateRoute,,AA HWY,,,39.00982184,-84.46905762,,11/4/2021 0:00,910,2,2,0,0,O,CLEAR,DRY,0,1 VEHICLE ENTERING/LEAVING ENTRANCE,ANGLE,STRAIGHT & GRADE,DARK-HWY LIGHTED/ON,0,0,0,1
29196648,CAMPBELL,US0027,USRoute,,ALEXANDRIA,PIKE,,39.04156436,-84.44869351,17.162,11/4/2021 0:00,717,2,2,0,1,B,CLEAR,DRY,0,OTHER ROADWAY OR MID-BLOCK COLLISION,OPPOSING LEFT TURN,STRAIGHT & LEVEL,DUSK,0,0,0,1
29194551,CAMPBELL,US0027,USRoute,,ALEXANDRIA,PIKE,,39.0304754,-84.4515179,16.267,11/5/2021 0:00,1600,2,2,0,0,O,CLEAR,DRY,0,OTHER ROADWAY OR MID-BLOCK COLLISION,REAR END,STRAIGHT & LEVEL,DAYLIGHT,0,0,0,1
29194552,CAMPBELL,I 0275,Interstate,,I275 E,,,39.04646098,-84.45805059,74.853,11/5/2021 0:00,1546,2,2,0,0,O,CLEAR,DRY,1,OTHER ROADWAY OR MID-BLOCK COLLISION,REAR TO REAR,STRAIGHT & LEVEL,DAYLIGHT,0,0,0,1
29308622,CAMPBELL,US0027,USRoute,,ALEXANDRIA,PIKE,,39.00310279,-84.42312182,13.828,11/5/2021 0:00,1426,2,2,0,0,O,CLEAR,DRY,0,OTHER ROADWAY OR MID-BLOCK COLLISION,REAR END,STRAIGHT & LEVEL,DAYLIGHT,0,0,0,1
29189148,CAMPBELL,KY1120,StateRoute,,MEMORIAL,PKWY,,39.09263099,-84.47526146,1.673,11/5/2021 0:00,1620,2,2,0,0,O,CLEAR,DRY,0,OTHER ROADWAY OR MID-BLOCK COLLISION,OPPOSING LEFT TURN,CURVE & LEVEL,DAYLIGHT,0,0,0,1
29198954,CAMPBELL,,OTHR,95,RIVIERA,DR,,39.10105165,-84.48792649,0.067,11/5/2021 0:00,1141,2,2,0,0,O,CLEAR,DRY,0,VEHICLE BACKING NON INTERSECTION,BACKING,STRAIGHT & LEVEL,DAYLIGHT,0,0,0,1
29194553,CAMPBELL,I 0275,Interstate,,I275 E,,,39.03654807,-84.47019671,75.924,11/5/2021 0:00,1900,2,2,0,0,O,CLEAR,DRY,0,REAR END IN TRAFFIC LANES BOTH VEHICLES MOVING,REAR END,STRAIGHT & LEVEL,DARK-HWY LIGHTED/ON,0,0,0,1
29190308,CAMPBELL,KY0008,StateRoute,,4TH,ST,W,39.08973762,-84.50086443,0.243,11/5/2021 0:00,2040,2,2,0,0,O,CLEAR,DRY,1,SIDESWIPE COLLISION - OPPOSITE DIRECTION,SIDESWIPE-OPPOSITE DIRECTION,STRAIGHT & LEVEL,DARK-HWY LIGHTED/ON,0,0,0,1
29315166,CAMPBELL,I 0275,Interstate,,I275 E,,,39.03695243,-84.47016514,75.895,11/5/2021 0:00,1411,2,2,0,0,O,CLEAR,DRY,1,SIDESWIPE COLLISION - SAME DIRECTION,SIDESWIPE-SAME DIRECTION,STRAIGHT & LEVEL,DAYLIGHT,0,0,0,1
29191632,CAMPBELL,,OTHR,,BRIGHTON,ST,,39.08065495,-84.49570681,0.051,11/5/2021 0:00,1633,2,2,0,3,B,CLEAR,DRY,0,HEAD-ON COLLISION,HEAD ON,STRAIGHT & LEVEL,DAYLIGHT,0,0,0,1
29190794,CAMPBELL,US0027,USRoute,,ALEXANDRIA,PIKE,,38.89578396,-84.38504418,5.681,11/5/2021 0:00,1929,1,1,0,1,C,CLEAR,DRY,0,COLLISION WITH ANIMAL NON INTERSECTION,SINGLE VEHICLE,STRAIGHT & LEVEL,DARK-HWY NOT LIGHTED,0,0,0,1
29239154,CAMPBELL,US0027,USRoute,,ALEXANDRIA,PIKE,,38.97874471,-84.39363366,11.523,11/5/2021 0:00,2026,1,1,0,0,O,CLEAR,DRY,0,COLLISION WITH ANIMAL NON INTERSECTION,SINGLE VEHICLE,STRAIGHT & LEVEL,DARK-HWY NOT LIGHTED,0,0,0,1
29193025,CAMPBELL,KY0009,StateRoute,,AA,HWY,,38.95276905,-84.33703867,7.999,11/5/2021 0:00,2340,2,2,0,0,O,CLOUDY,DRY,0,OPPOSITE DIRECTION - BOTH VEHICLES GOING STRAIGHT AHEAD,SIDESWIPE-OPPOSITE DIRECTION,STRAIGHT & GRADE,DARK-HWY NOT LIGHTED,0,0,0,1
29233636,CAMPBELL,KY0009,StateRoute,,AA,HWY,,38.88983947,-84.26879794,2.102,11/6/2021 0:00,854,2,2,0,0,O,FOG,DRY,0,ANGLE COLLISION - OTHER,ANGLE,STRAIGHT & LEVEL,DAYLIGHT,0,0,0,1
29234443,CAMPBELL,US0027,USRoute,,ALEXANDRIA,PIKE,,39.00422458,-84.42475482,13.941,11/6/2021 0:00,30,2,2,0,0,O,CLEAR,DRY,0,OTHER INTERSECTION COLLISIONS,REAR END,STRAIGHT & GRADE,DARK-HWY LIGHTED/ON,1,0,0,1
29193921,CAMPBELL,,OTHR,135,NEWPORT PAVILION,,,39.08891512,-84.47564566,0.397,11/6/2021 0:00,1600,2,2,0,0,O,CLEAR,DRY,1,SIDESWIPE COLLISION - SAME DIRECTION,SIDESWIPE-SAME DIRECTION,STRAIGHT & LEVEL,DAYLIGHT,0,0,0,1
29192254,CAMPBELL,,OTHR,,MERIDIAN,CIR,,39.00441721,-84.43813944,,11/6/2021 0:00,1453,2,2,0,0,O,CLEAR,DRY,0,SIDESWIPE COLLISION - OPPOSITE DIRECTION,SIDESWIPE-OPPOSITE DIRECTION,CURVE & GRADE,DAYLIGHT,0,0,0,1
29191734,CAMPBELL,I 0471,Interstate,,I471 N,,,39.10028016,-84.49392858,4.881,11/6/2021 0:00,1325,3,3,0,0,O,CLEAR,DRY,0,REAR END IN TRAFFIC LANES BOTH VEHICLES MOVING,REAR END,STRAIGHT & LEVEL,DAYLIGHT,0,0,0,1
29314036,CAMPBELL,,OTHR,1328,5TH,AVE,,39.11381825,-84.46075872,0.006,11/6/2021 0:00,239,2,2,0,1,C,CLEAR,DRY,1,1 VEHICLE PARKED POSITION (NOT PARKING LOT/DRIVEWAY),SIDESWIPE-OPPOSITE DIRECTION,STRAIGHT & LEVEL,DARK-HWY LIGHTED/ON,0,0,0,1
29198957,CAMPBELL,KY0008,StateRoute,,FAIRFIELD,AVE,,39.10194044,-84.48852489,1.458,11/6/2021 0:00,1810,2,2,0,0,O,CLEAR,DRY,0,OTHER ROADWAY OR MID-BLOCK COLLISION,REAR TO REAR,STRAIGHT & LEVEL,DAYLIGHT,0,0,0,1
29194358,CAMPBELL,I 0275,Interstate,,I275 E,,,39.03227032,-84.47045032,76.231,11/6/2021 0:00,1524,3,3,0,0,O,CLEAR,DRY,0,OTHER ROADWAY OR MID-BLOCK COLLISION,REAR TO REAR,STRAIGHT & HILLCREST,DAYLIGHT,0,0,0,1
29300543,CAMPBELL,,OTHR,1080,HIGHLAND,AVE,,39.07178903,-84.46817108,0.113,11/7/2021 0:00,1203,2,2,0,0,O,CLEAR,DRY,0,1 VEHICLE ENTERING/LEAVING ENTRANCE,ANGLE,STRAIGHT & GRADE,DAYLIGHT,0,0,0,1
29256549,CAMPBELL,I 0275,Interstate,,I275 E,,,39.05251437,-84.44082153,73.833,11/7/2021 0:00,100,1,1,0,0,O,CLEAR,DRY,0,COLLISION WITH FIXED OBJECT NON - INTERSECTION - FIRST EVENT COLLISION 09 - 32 EXCLUDING 16,SINGLE VEHICLE,STRAIGHT & GRADE,DARK-HWY LIGHTED/ON,0,0,0,1
29195329,CAMPBELL,KY1120,StateRoute,,MEMORIAL,PKWY,,39.0926651,-84.47523616,1.676,11/7/2021 0:00,2019,2,2,0,0,O,CLEAR,DRY,0,OPPOSING LEFT TURN,OPPOSING LEFT TURN,STRAIGHT & LEVEL,DARK-HWY LIGHTED/ON,0,0,0,1
29256865,CAMPBELL,US0027,USRoute,,ALEXANDRIA,PIKE,,38.99432249,-84.4139345,13.073,11/8/2021 0:00,1334,2,2,0,0,O,CLEAR,DRY,0,SIDESWIPE COLLISION - SAME DIRECTION,SIDESWIPE-SAME DIRECTION,STRAIGHT & HILLCREST,DAYLIGHT,0,0,0,1
29239450,CAMPBELL,I 0471,Interstate,,I471 S,,,39.05370557,-84.46891596,0.768,11/8/2021 0:00,1645,2,2,0,0,O,CLEAR,DRY,0,SIDESWIPE COLLISION - SAME DIRECTION,SIDESWIPE-SAME DIRECTION,CURVE & LEVEL,DAYLIGHT,0,0,0,1
29280205,CAMPBELL,KY0009,StateRoute,,AA,HWY,,38.99978105,-84.40886965,13.194,11/8/2021 0:00,1628,2,2,0,1,A,CLEAR,DRY,0,SIDESWIPE COLLISION - SAME DIRECTION,SIDESWIPE-SAME DIRECTION,STRAIGHT & GRADE,DAYLIGHT,0,0,0,1
29315168,CAMPBELL,US0027,USRoute,,ALEXANDRIA,PIKE,,39.02906084,-84.45074534,16.163,11/8/2021 0:00,1526,2,2,0,0,O,CLEAR,DRY,0,OTHER INTERSECTION COLLISIONS,REAR END,STRAIGHT & LEVEL,DAYLIGHT,1,0,0,1
29315169,CAMPBELL,KY3490,StateRoute,,JOHNS HILL,RD,,39.03142431,-84.4520823,0.533,11/8/2021 0:00,1613,3,3,0,0,O,CLEAR,DRY,0,OTHER INTERSECTION COLLISIONS,REAR END,STRAIGHT & LEVEL,DAYLIGHT,1,0,0,1
29301321,CAMPBELL,KY1892,StateRoute,,CAROTHERS,RD,,39.08383446,-84.48381611,2.567,11/8/2021 0:00,1637,2,1,0,0,O,CLOUDY,DRY,1,OTHER INTERSECTION COLLISIONS,SINGLE VEHICLE,STRAIGHT & LEVEL,DAYLIGHT,1,0,0,1
29239809,CAMPBELL,KY0009,StateRoute,,LICKING,PIKE,,39.05166053,-84.48963485,19.9,11/8/2021 0:00,715,1,1,0,0,O,CLEAR,DRY,0,COLLISION WITH ANIMAL NON INTERSECTION,SINGLE VEHICLE,CURVE & GRADE,DAWN,0,0,0,1
29239810,CAMPBELL,KY0009,StateRoute,,LICKING,PIKE,,39.05176406,-84.48960911,19.908,11/8/2021 0:00,715,1,1,0,0,O,CLEAR,DRY,0,COLLISION WITH ANIMAL NON INTERSECTION,SINGLE VEHICLE,CURVE & GRADE,DAWN,0,0,0,1
29221469,CAMPBELL,KY1892,StateRoute,75,CAROTHERS,RD,,39.0849536,-84.48090156,2.384,11/8/2021 0:00,2002,2,2,0,0,O,CLEAR,DRY,0,OTHER ROADWAY OR MID-BLOCK COLLISION,REAR END,STRAIGHT & GRADE,DARK-HWY LIGHTED/ON,0,0,0,1
29301205,CAMPBELL,I 0471,Interstate,,,,,39.09232815,-84.47584785,0.248,11/8/2021 0:00,1603,2,2,0,0,O,CLEAR,DRY,0,OTHER RAMP RELATED COLLISIONS NOT LISTED ABOVE,REAR END,CURVE & LEVEL,DAYLIGHT,0,0,0,1
29247784,CAMPBELL,I 0471,Interstate,,,,,39.09286553,-84.47902916,0.192,11/8/2021 0:00,1732,2,2,0,0,O,CLEAR,DRY,0,OTHER RAMP RELATED COLLISIONS NOT LISTED ABOVE,REAR TO REAR,CURVE & LEVEL,DAYLIGHT,0,0,0,1
29317761,CAMPBELL,KY0010,StateRoute,,MAIN,ST,E,38.95880627,-84.38899835,1.55,11/9/2021 0:00,1420,2,2,0,0,O,CLEAR,DRY,0,ANGLE COLLISION - OTHER,ANGLE,STRAIGHT & LEVEL,DAYLIGHT,0,0,0,1
29312876,CAMPBELL,KY0008,StateRoute,,FAIRFIELD,AVE,,39.10181328,-84.48867682,1.446,11/9/2021 0:00,842,2,2,0,0,O,CLEAR,DRY,0,ANGLE COLLISION - ONE VEHICLE TURNING RIGHT,ANGLE,STRAIGHT & LEVEL,DAYLIGHT,0,0,0,1
29281613,CAMPBELL,KY1120,StateRoute,,MEMORIAL,PKWY,,39.09541219,-84.46537146,2.271,11/9/2021 0:00,2017,1,1,0,0,O,CLEAR,DRY,0,COLLISION WITH ANIMAL IN INTERSECTION,SINGLE VEHICLE,CURVE & GRADE,DARK-HWY LIGHTED/ON,1,0,0,1
29275716,CAMPBELL,,OTHR,,PATTERSON,ST,,39.08635843,-84.4989313,0.476,11/9/2021 0:00,1508,1,1,0,0,O,CLEAR,DRY,0,COLLISION WITH FIXED OBJECT IN INTERSECTION - FIRST EVENT COLLISION 09 - 32,SINGLE VEHICLE,STRAIGHT & LEVEL,DAYLIGHT,1,0,0,1
29281707,CAMPBELL,,OTHR,645,HIGHLAND,AVE,,39.07588683,-84.46140175,0.583,11/9/2021 0:00,821,2,2,0,0,O,CLEAR,DRY,0,1 VEHICLE PARKED POSITION (NOT PARKING LOT/DRIVEWAY),SIDESWIPE-SAME DIRECTION,STRAIGHT & LEVEL,DAYLIGHT,0,0,0,1
29247782,CAMPBELL,I 0471,Interstate,,I471 N,,,39.08851807,-84.47466554,3.493,11/9/2021 0:00,728,2,2,0,1,C,CLEAR,DRY,0,REAR END IN TRAFFIC LANES BOTH VEHICLES MOVING,REAR END,STRAIGHT & LEVEL,DAYLIGHT,0,0,0,1
29247788,CAMPBELL,KY1892,StateRoute,,GRAND,AVE,,39.08514454,-84.47435569,1.964,11/9/2021 0:00,831,2,2,0,0,O,CLEAR,DRY,0,REAR END IN TRAFFIC LANES BOTH VEHICLES MOVING,REAR END,STRAIGHT & LEVEL,DAYLIGHT,0,0,0,1
29302135,CAMPBELL,US0027,USRoute,,ALEXANDRIA,PIKE,,39.01815198,-84.43561951,15.024,11/9/2021 0:00,845,2,2,0,1,B,CLEAR,DRY,0,REAR END IN TRAFFIC LANES BOTH VEHICLES MOVING,REAR END,STRAIGHT & LEVEL,DAYLIGHT,0,0,0,1
29275228,CAMPBELL,US0027,USRoute,,ALEXANDRIA,PIKE,,39.0272942,-84.44904917,16.009,11/9/2021 0:00,1313,2,2,0,2,C,CLEAR,DRY,0,REAR END IN TRAFFIC LANES BOTH VEHICLES MOVING,REAR END,STRAIGHT & LEVEL,DAYLIGHT,0,0,0,1
29300145,CAMPBELL,I 0471,Interstate,,I471 S,,,39.09961657,-84.4932191,4.824,11/9/2021 0:00,1605,2,2,0,0,O,CLEAR,DRY,0,REAR END IN TRAFFIC LANES BOTH VEHICLES MOVING,REAR END,STRAIGHT & HILLCREST,DAYLIGHT,0,0,0,1
29250871,CAMPBELL,I 0471,Interstate,,I471 S,,,39.08315453,-84.4722048,3.118,11/9/2021 0:00,1530,2,2,0,0,O,CLEAR,DRY,0,SIDESWIPE COLLISION - SAME DIRECTION,SIDESWIPE-SAME DIRECTION,STRAIGHT & LEVEL,DAYLIGHT,0,0,0,1
29256546,CAMPBELL,I 0275,Interstate,,I275 E,,,39.04862096,-84.44978618,74.384,11/9/2021 0:00,1520,2,2,0,1,B,CLEAR,DRY,0,SIDESWIPE COLLISION - SAME DIRECTION,SIDESWIPE-SAME DIRECTION,CURVE & GRADE,DAYLIGHT,0,0,0,1
29313498,CAMPBELL,KY1120,StateRoute,742,FT THOMAS,AVE,S,39.06891153,-84.44757507,5.019,11/10/2021 0:00,745,2,2,0,0,O,CLEAR,DRY,0,1 VEHICLE ENTERING/LEAVING ENTRANCE,ANGLE,STRAIGHT & LEVEL,DAYLIGHT,0,0,0,1
29278473,CAMPBELL,US0027,USRoute,,ALEXANDRIA,PIKE,,39.07084652,-84.46989299,19.998,11/10/2021 0:00,633,2,2,0,0,O,CLEAR,DRY,0,SIDESWIPE COLLISION - SAME DIRECTION,SIDESWIPE-SAME DIRECTION,STRAIGHT & HILLCREST,DAWN,0,0,0,1
29275719,CAMPBELL,KY0008,StateRoute,,4TH,ST,W,39.08819231,-84.50369076,0.054,11/10/2021 0:00,736,2,2,0,0,O,CLEAR,DRY,0,SIDESWIPE COLLISION - SAME DIRECTION,SIDESWIPE-SAME DIRECTION,CURVE & LEVEL,DAYLIGHT,0,0,0,1
29302136,CAMPBELL,US0027,USRoute,,ALEXANDRIA,PIKE,,39.0219563,-84.43999602,15.398,11/10/2021 0:00,930,2,2,0,0,O,CLEAR,DRY,0,REAR END IN TRAFFIC LANES BOTH VEHICLES MOVING,REAR END,STRAIGHT & LEVEL,DAYLIGHT,0,0,0,1
29303063,CAMPBELL,,OTHR,453,HARMONY,LN,,38.90910586,-84.41791655,0.264,11/10/2021 0:00,1800,2,2,0,0,O,CLEAR,DRY,1,1 VEHICLE PARKED POSITION (NOT PARKING LOT/DRIVEWAY),SIDESWIPE-SAME DIRECTION,STRAIGHT & LEVEL,DARK (UNKNOWN ROADWAY LIGHTING),0,0,0,1
29329198,CAMPBELL,KY0008,StateRoute,,6TH,AVE,,39.11294933,-84.47281385,2.598,11/10/2021 0:00,2152,3,3,0,1,A,CLEAR,DRY,0,COLLISION WITH PARKED VEHICLE,SIDESWIPE-SAME DIRECTION,STRAIGHT & LEVEL,DARK-HWY LIGHTED/ON,0,0,0,1
29304998,CAMPBELL,KY2238,StateRoute,,KY2238 CROSSOVER,,,39.03340994,-84.45983736,0.012,11/10/2021 0:00,2109,2,2,0,0,O,CLEAR,DRY,0,ANGLE COLLISION - OTHER,ANGLE,CURVE & LEVEL,DARK-HWY LIGHTED/ON,0,0,0,1
29312986,CAMPBELL,,OTHR,,CENTER,ST,,39.10279827,-84.48069406,0.199,11/10/2021 0:00,1400,2,2,0,0,O,CLEAR,DRY,0,SIDESWIPE-SAME DIRECTION,SIDESWIPE-SAME DIRECTION,STRAIGHT & LEVEL,DAYLIGHT,0,0,0,1
29285936,CAMPBELL,KY1892,StateRoute,,GRAND,AVE,,39.08046332,-84.46744519,1.438,11/10/2021 0:00,941,2,2,0,0,O,CLEAR,DRY,0,1 VEHICLE ENTERING/LEAVING ENTRANCE,ANGLE,STRAIGHT & GRADE,DAYLIGHT,0,0,0,1
29303064,CAMPBELL,US0027,USRoute,13050,ALEXANDRIA,PIKE,,38.84913065,-84.38006883,2.152,11/11/2021 0:00,1100,2,2,0,1,C,CLEAR,DRY,0,OTHER ROADWAY OR MID-BLOCK COLLISION,OPPOSING LEFT TURN,STRAIGHT & LEVEL,DAYLIGHT,0,0,0,1
29302507,CAMPBELL,KY1892,StateRoute,57,CAROTHERS,RD,,39.08461087,-84.4817287,2.436,11/11/2021 0:00,1737,3,3,0,0,O,RAINING,WET,0,OTHER ROADWAY OR MID-BLOCK COLLISION,OPPOSING LEFT TURN,STRAIGHT & LEVEL,DARK-HWY LIGHTED/ON,0,0,0,1
29296002,CAMPBELL,I 0471,Interstate,,I471 N,,,39.09982147,-84.49313797,4.828,11/11/2021 0:00,115,2,2,0,0,O,CLEAR,DRY,1,OTHER ROADWAY OR MID-BLOCK COLLISION,REAR END,STRAIGHT & LEVEL,DARK-HWY LIGHTED/ON,0,0,0,1
29317768,CAMPBELL,KY0709,StateRoute,,ALEXANDRIA,PIKE,E,38.98393511,-84.39780821,0.116,11/11/2021 0:00,1245,2,2,0,0,O,CLOUDY,DRY,0,OTHER ROADWAY OR MID-BLOCK COLLISION,REAR END,STRAIGHT & HILLCREST,DAYLIGHT,0,0,0,1
29303069,CAMPBELL,KY0009,StateRoute,,AA,HWY,,38.98088589,-84.37418621,10.88,11/11/2021 0:00,104,2,2,0,0,O,CLEAR,DRY,0,OTHER INTERSECTION COLLISIONS,REAR END,STRAIGHT & GRADE,DAWN,1,0,0,1
29312877,CAMPBELL,,OTHR,,TAYLOR,AVE,,39.10391277,-84.48192538,0.285,11/11/2021 0:00,2016,2,2,0,0,O,CLOUDY,WET,0,ANGLE COLLISION - OTHER,ANGLE,STRAIGHT & LEVEL,DARK-HWY LIGHTED/ON,0,0,0,1
29302508,CAMPBELL,,OTHR,,5TH,ST,E,39.09238741,-84.49427315,,11/11/2021 0:00,1407,2,1,0,1,C,RAINING,WET,0,COLLISION WITH BICYCLE IN INTERSECTION,SINGLE VEHICLE,STRAIGHT & LEVEL,DAYLIGHT,1,1,0,0
29301206,CAMPBELL,,OTHR,,ISABELLA,ST,,39.08272261,-84.49362711,0.103,11/11/2021 0:00,1301,2,2,0,0,O,CLOUDY,DRY,0,ANGLE COLLISION - ONE VEHICLE TURNING RIGHT,ANGLE,STRAIGHT & GRADE,DAYLIGHT,0,0,0,1
29300208,CAMPBELL,,OTHR,,YELTON HILL,RD,,38.83193784,-84.34972748,0.447,11/11/2021 0:00,610,1,1,0,0,O,CLEAR,DRY,0,COLLISION WITH ANIMAL NON INTERSECTION,SINGLE VEHICLE,STRAIGHT & GRADE,DARK-HWY NOT LIGHTED,0,0,0,1