IncidentID,County,RdwyNumber,RdwyType,Street,RoadwayName,StreetSfx,StreetDir,Latitude,Longitude,Milepoint,CollisionDate,CollisionTime,UnitsInvolved,MotorVehiclesInvolved,NumberKilled,NumberInjured,KABCO,Weather,RdwyConditionCode,HitandRun,DirAnalysisCode,MannerofCollision,RdwyCharacter,LightCondition,Intersection Crash,Bicyclist,Pedestrian,Motor Vehicles
29317769,CAMPBELL,,OTHR,,VILLAGE GREEN SHOPPING CENTER,,,38.98682719,-84.40220553,0.044,11/11/2021 0:00,1943,1,1,0,0,O,CLOUDY,WET,0,COLLISION WITH FIXED OBJECT NON - INTERSECTION - FIRST EVENT COLLISION 09 - 32 EXCLUDING 16,SINGLE VEHICLE,STRAIGHT & LEVEL,DARK-HWY LIGHTED/ON,0,0,0,1
29296000,CAMPBELL,,OTHR,15,7TH,ST,E,39.0897617,-84.49346268,0.631,11/11/2021 0:00,300,1,1,0,0,O,CLEAR,DRY,0,COLLISION WITH FIXED OBJECT NON - INTERSECTION - FIRST EVENT COLLISION 09 - 32 EXCLUDING 16,SINGLE VEHICLE,STRAIGHT & LEVEL,DARK-HWY LIGHTED/ON,0,0,0,1
30450689,CAMPBELL,,OTHR,,10TH,AVE,,39.11023947,-84.47108941,0.045,11/11/2021 0:00,1202,2,1,0,0,O,CLEAR,DRY,0,1 VEHICLE PARKED POSITION (NOT PARKING LOT/DRIVEWAY),BACKING,STRAIGHT & GRADE,DAYLIGHT,0,0,0,1
29313495,CAMPBELL,KY1120,StateRoute,1175,FT THOMAS,AVE,S,39.06372757,-84.447652,5.423,11/11/2021 0:00,1518,2,2,0,0,O,RAINING,WET,0,REAR END IN TRAFFIC LANES BOTH VEHICLES MOVING,REAR END,STRAIGHT & LEVEL,DAYLIGHT,0,0,0,1
29314336,CAMPBELL,I 0275,Interstate,,I275 W,,,39.0228418,-84.48478545,77.318,11/11/2021 0:00,1511,2,2,0,0,O,RAINING,WET,0,REAR END IN TRAFFIC LANES BOTH VEHICLES MOVING,REAR END,CURVE & GRADE,DAYLIGHT,0,0,0,1
29314337,CAMPBELL,I 0275,Interstate,,I275 W,,,39.02284661,-84.48697419,77.444,11/11/2021 0:00,1520,2,2,0,1,C,RAINING,WET,0,REAR END IN TRAFFIC LANES BOTH VEHICLES MOVING,REAR END,STRAIGHT & LEVEL,DAYLIGHT,0,0,0,1
29301208,CAMPBELL,,OTHR,,LOWELL,ST,,39.07932597,-84.49631798,0.316,11/11/2021 0:00,630,2,2,0,0,O,CLEAR,DRY,0,SIDESWIPE COLLISION - SAME DIRECTION,SIDESWIPE-SAME DIRECTION,STRAIGHT & LEVEL,DARK-HWY NOT LIGHTED,0,0,0,1
30450666,CAMPBELL,,OTHR,,DAYTON,PIKE,,39.1121913,-84.46695722,0.677,11/11/2021 0:00,1431,2,1,0,0,O,RAINING,WET,1,SIDESWIPE COLLISION - OPPOSITE DIRECTION,SIDESWIPE-OPPOSITE DIRECTION,STRAIGHT & GRADE,DAYLIGHT,0,0,0,1
29314033,CAMPBELL,KY0008,StateRoute,208,6TH,AVE,,39.11018827,-84.47816081,2.253,11/12/2021 0:00,1334,2,2,0,0,O,CLOUDY,DRY,0,HEAD-ON COLLISION,HEAD ON,STRAIGHT & LEVEL,DAYLIGHT,0,0,0,1
29304753,CAMPBELL,KY1120,StateRoute,317,10TH,ST,E,39.08869143,-84.48617039,1.01,11/12/2021 0:00,949,2,2,0,0,O,CLEAR,DRY,0,1 VEHICLE PARKED POSITION (NOT PARKING LOT/DRIVEWAY),SIDESWIPE-SAME DIRECTION,STRAIGHT & LEVEL,DAYLIGHT,0,0,0,1
29306843,CAMPBELL,US0027,USRoute,,YORK,ST,,39.08903966,-84.49328547,21.949,11/12/2021 0:00,1830,2,2,0,0,O,RAINING,WET,1,1 VEHICLE PARKED POSITION (NOT PARKING LOT/DRIVEWAY),SIDESWIPE-SAME DIRECTION,STRAIGHT & LEVEL,DARK-HWY LIGHTED/ON,0,0,0,1
29317318,CAMPBELL,KY0445,StateRoute,50,GRANDVIEW,AVE,,39.06244742,-84.45019455,1.129,11/12/2021 0:00,700,2,2,0,0,O,CLEAR,DRY,1,1 VEHICLE PARKED POSITION (NOT PARKING LOT/DRIVEWAY),SIDESWIPE-SAME DIRECTION,STRAIGHT & GRADE,DARK-HWY LIGHTED/ON,0,0,0,1
29311091,CAMPBELL,US0027,USRoute,,ALEXANDRIA,PIKE,,38.93335539,-84.39425829,,11/12/2021 0:00,2246,1,1,0,0,O,RAINING,WET,0,COLLISION WITH ANIMAL NON INTERSECTION,SINGLE VEHICLE,STRAIGHT & GRADE,DARK-HWY NOT LIGHTED,0,0,0,1
29308619,CAMPBELL,US0027,USRoute,,ALEXANDRIA,PIKE,,39.02223795,-84.4406604,15.437,11/12/2021 0:00,2158,1,1,0,0,O,RAINING,WET,0,COLLISION WITH ANIMAL NON INTERSECTION,SINGLE VEHICLE,STRAIGHT & LEVEL,DARK-HWY LIGHTED/ON,0,0,0,1
29308621,CAMPBELL,KY0009,StateRoute,,AA,HWY,,38.9999638,-84.4091108,13.213,11/12/2021 0:00,2122,1,1,0,0,O,RAINING,WET,0,COLLISION WITH ANIMAL NON INTERSECTION,SINGLE VEHICLE,STRAIGHT & GRADE,DARK-HWY LIGHTED/ON,0,0,0,1
29307176,CAMPBELL,KY0009,StateRoute,,AA,HWY,,39.01813446,-84.48023163,17.387,11/12/2021 0:00,1703,2,2,0,0,O,CLOUDY,WET,0,OPPOSING LEFT TURN,OPPOSING LEFT TURN,STRAIGHT & LEVEL,DUSK,0,0,0,1
29317772,CAMPBELL,US0027,USRoute,,ALEXANDRIA,PIKE,,38.9853823,-84.40265542,12.218,11/12/2021 0:00,1642,2,2,0,0,O,RAINING,WET,0,VEHICLE BACKING NON INTERSECTION,BACKING,STRAIGHT & HILLCREST,DARK-HWY LIGHTED/ON,0,0,0,1
29308695,CAMPBELL,,OTHR,9758,ALEXANDRIA,PIKE,,38.92872393,-84.3942229,2.395,11/12/2021 0:00,2106,2,2,0,0,O,RAINING,WET,0,1 VEHICLE ENTERING/LEAVING ENTRANCE,SIDESWIPE-SAME DIRECTION,STRAIGHT & LEVEL,DARK-HWY NOT LIGHTED,0,0,0,1
29308620,CAMPBELL,US0027,USRoute,,ALEXANDRIA,PIKE,,39.02016792,-84.43814808,15.233,11/12/2021 0:00,1630,2,2,0,0,O,RAINING,WET,0,1 VEHICLE ENTERING/LEAVING ENTRANCE,ANGLE,STRAIGHT & LEVEL,DAYLIGHT,0,0,0,1
29305629,CAMPBELL,KY1892,StateRoute,,GRAND,AVE,,39.0861869,-84.47651209,2.108,11/12/2021 0:00,1119,2,2,0,0,O,CLEAR,DRY,0,OTHER ROADWAY OR MID-BLOCK COLLISION,REAR END,STRAIGHT & LEVEL,DAYLIGHT,0,0,0,1
29306842,CAMPBELL,,OTHR,800,LOWELL,ST,,39.08299123,-84.4997116,0.003,11/13/2021 0:00,103,2,2,0,0,O,CLEAR,WET,0,SIDESWIPE-SAME DIRECTION,SIDESWIPE-SAME DIRECTION,STRAIGHT & LEVEL,DARK-HWY NOT LIGHTED,0,0,0,1
29309627,CAMPBELL,KY1892,StateRoute,,CAROTHERS,RD,,39.08638729,-84.47729032,2.155,11/13/2021 0:00,1010,2,2,0,0,O,CLOUDY,DRY,0,OTHER INTERSECTION COLLISIONS,REAR END,STRAIGHT & LEVEL,DAYLIGHT,1,0,0,1
29309629,CAMPBELL,KY0008,StateRoute,,DAVE COWENS,DR,,39.10066784,-84.4899308,1.342,11/13/2021 0:00,1435,2,2,0,0,O,CLOUDY,DRY,1,OTHER INTERSECTION COLLISIONS,REAR END,STRAIGHT & LEVEL,DAYLIGHT,1,0,0,1
29316580,CAMPBELL,US0027,USRoute,,ALEXANDRIA,PIKE,,38.90274102,-84.38374176,6.165,11/13/2021 0:00,2200,1,1,0,0,O,CLOUDY,DRY,0,COLLISION WITH ANIMAL IN INTERSECTION,SINGLE VEHICLE,STRAIGHT & LEVEL,DARK-HWY NOT LIGHTED,1,0,0,1
29316576,CAMPBELL,I 0275,Interstate,,I275 E,,,39.05538856,-84.4342828,73.429,11/13/2021 0:00,2010,1,1,0,0,O,CLOUDY,DRY,0,COLLISION WITH ANIMAL IN INTERSECTION,SINGLE VEHICLE,STRAIGHT & LEVEL,DARK-HWY LIGHTED/ON,1,0,0,1
29308839,CAMPBELL,,OTHR,,THORNTON,ST,,39.08071085,-84.49575623,0.079,11/13/2021 0:00,2320,2,2,0,0,O,CLEAR,DRY,0,ANGLE COLLISION - OTHER,ANGLE,STRAIGHT & LEVEL,DARK-HWY LIGHTED/ON,0,0,0,1
29309630,CAMPBELL,,OTHR,520,2ND,ST,E,39.09792749,-84.49143235,0.177,11/13/2021 0:00,1157,2,2,0,0,O,CLOUDY,DRY,0,1 VEHICLE PARKED POSITION (NOT PARKING LOT/DRIVEWAY),SIDESWIPE-SAME DIRECTION,STRAIGHT & LEVEL,DAYLIGHT,0,0,0,1
29309631,CAMPBELL,,OTHR,726,MONROE,ST,,39.09251574,-84.48728489,0.248,11/13/2021 0:00,1249,2,2,0,0,O,RAINING,WET,1,COLLISION WITH FIXED OBJECT NON - INTERSECTION - FIRST EVENT COLLISION 09 - 32 EXCLUDING 16,SIDESWIPE-SAME DIRECTION,STRAIGHT & LEVEL,DARK-HWY LIGHTED/ON,0,0,0,1
29313643,CAMPBELL,,OTHR,104,SUMMIT,AVE,,39.0709955,-84.45629084,0.14,11/13/2021 0:00,730,2,2,0,0,O,CLEAR,DRY,0,1 VEHICLE PARKED POSITION (NOT PARKING LOT/DRIVEWAY),SIDESWIPE-SAME DIRECTION,STRAIGHT & LEVEL,DARK-HWY NOT LIGHTED,0,0,0,1
29314338,CAMPBELL,,OTHR,,CROSSING,DR,,39.01856976,-84.48270453,0.011,11/13/2021 0:00,2120,2,2,0,0,O,CLEAR,DRY,0,REAR END IN TRAFFIC LANES BOTH VEHICLES MOVING,REAR END,STRAIGHT & GRADE,DARK-HWY LIGHTED/ON,0,0,0,1
29310281,CAMPBELL,I 0471,Interstate,ON BRIDGE,I471 N,,,39.09931894,-84.49214667,4.764,11/13/2021 0:00,1726,2,2,0,1,C,CLEAR,DRY,0,REAR END IN TRAFFIC LANES BOTH VEHICLES MOVING,REAR END,STRAIGHT & LEVEL,DARK-HWY LIGHTED/ON,0,0,0,1
29308327,CAMPBELL,I 0471,Interstate,,I471 N,,,39.09990163,-84.49321312,4.834,11/13/2021 0:00,1726,2,2,0,1,B,CLOUDY,DRY,0,REAR END IN TRAFFIC LANES BOTH VEHICLES MOVING,REAR END,STRAIGHT & LEVEL,DARK-HWY LIGHTED/ON,0,0,0,1
29308466,CAMPBELL,I 0471,Interstate,,I471 N,,,39.09216119,-84.47681649,3.772,11/13/2021 0:00,1805,2,2,0,0,O,CLEAR,DRY,0,REAR END IN TRAFFIC LANES BOTH VEHICLES MOVING,REAR END,STRAIGHT & LEVEL,DARK-HWY LIGHTED/ON,0,0,0,1
29310279,CAMPBELL,I 0471,Interstate,,I471 S,,,39.09590425,-84.48241306,4.179,11/13/2021 0:00,1000,2,2,0,0,O,CLEAR,DRY,0,SIDESWIPE COLLISION - SAME DIRECTION,SIDESWIPE-SAME DIRECTION,STRAIGHT & LEVEL,DAYLIGHT,0,0,0,1
29368604,CAMPBELL,KY0009,StateRoute,509,LICKING,PIKE,,39.05542089,-84.48711319,20.206,11/14/2021 0:00,1438,2,2,0,5,B,RAINING,WET,0,1 VEHICLE ENTERING/LEAVING ENTRANCE,ANGLE,STRAIGHT & LEVEL,DAYLIGHT,0,0,0,1
29313500,CAMPBELL,,OTHR,10,SOUTHGATE,AVE,W,39.09297916,-84.44805019,0.243,11/14/2021 0:00,941,2,2,0,0,O,RAINING,WET,0,SIDESWIPE COLLISION - SAME DIRECTION,SIDESWIPE-SAME DIRECTION,STRAIGHT & GRADE,DAYLIGHT,0,0,0,1
29316577,CAMPBELL,,OTHR,11214,SUGARMILL,DR,,38.89613555,-84.37703474,0.04,11/14/2021 0:00,1815,2,2,0,0,O,RAINING,WET,0,1 VEHICLE PARKED POSITION (NOT PARKING LOT/DRIVEWAY),BACKING,STRAIGHT & LEVEL,DARK-HWY NOT LIGHTED,0,0,0,1
29310372,CAMPBELL,KY0009,StateRoute,,AA,HWY,,39.00687085,-84.45532715,15.774,11/14/2021 0:00,100,1,1,0,0,O,CLEAR,DRY,0,COLLISION WITH ANIMAL NON INTERSECTION,SINGLE VEHICLE,STRAIGHT & GRADE,DARK-HWY NOT LIGHTED,0,0,0,1
29318036,CAMPBELL,KY0009,StateRoute,,AA,HWY,,38.99978105,-84.40886965,13.194,11/14/2021 0:00,1844,1,1,0,0,O,CLEAR,WET,0,COLLISION WITH ANIMAL NON INTERSECTION,SINGLE VEHICLE,STRAIGHT & GRADE,DARK-HWY LIGHTED/ON,0,0,0,1
29353601,CAMPBELL,,OTHR,75,GEIGER,AVE,,39.09499248,-84.4777056,0.153,11/14/2021 0:00,2007,2,2,0,0,O,CLEAR,DRY,1,1 VEHICLE PARKED POSITION (NOT PARKING LOT/DRIVEWAY),SIDESWIPE-SAME DIRECTION,STRAIGHT & GRADE,DARK-HWY LIGHTED/ON,0,0,0,1
29980898,CAMPBELL,KY1632,StateRoute,,MOOCK,RD,,39.06106607,-84.47217748,1.052,11/14/2021 0:00,1150,2,2,0,0,O,RAINING,WET,0,REAR END - ONE VEHICLE TURNING LEFT,REAR END,CURVE & LEVEL,DAYLIGHT,0,0,0,1
29317777,CAMPBELL,US0027,USRoute,,ALEXANDRIA,PIKE,,38.97473948,-84.39243885,11.241,11/15/2021 0:00,215,1,1,0,0,O,CLEAR,DRY,0,COLLISION WITH ANIMAL IN INTERSECTION,SINGLE VEHICLE,STRAIGHT & LEVEL,DARK-HWY NOT LIGHTED,1,0,0,1
29317778,CAMPBELL,US0027,USRoute,,ALEXANDRIA,PIKE,,38.97473948,-84.39243885,11.241,11/15/2021 0:00,545,1,1,0,0,O,CLOUDY,DRY,0,COLLISION WITH ANIMAL IN INTERSECTION,SINGLE VEHICLE,STRAIGHT & LEVEL,DARK-HWY NOT LIGHTED,1,0,0,1
29321128,CAMPBELL,US0027,USRoute,,ALEXANDRIA,PIKE,,38.86996533,-84.39441634,3.8,11/15/2021 0:00,2020,1,1,0,0,O,RAINING,WET,0,COLLISION WITH ANIMAL IN INTERSECTION,SINGLE VEHICLE,CURVE & LEVEL,DARK-HWY NOT LIGHTED,1,0,0,1
29318039,CAMPBELL,US0027,USRoute,,ALEXANDRIA,PIKE,,39.02777544,-84.44930143,16.043,11/15/2021 0:00,1730,3,3,0,2,C,RAINING,WET,0,OTHER INTERSECTION COLLISIONS,REAR END,STRAIGHT & LEVEL,DARK-HWY LIGHTED/ON,1,0,0,1
29315130,CAMPBELL,,OTHR,622,PARK,AVE,,39.09434544,-84.48762067,0.025,11/15/2021 0:00,1530,2,2,0,0,O,CLEAR,DRY,1,1 VEHICLE PARKED POSITION (NOT PARKING LOT/DRIVEWAY),REAR END,STRAIGHT & LEVEL,UNKNOWN,0,0,0,1
29317457,CAMPBELL,KY0009,StateRoute,,LICKING,PIKE,,39.02324833,-84.48104349,17.776,11/15/2021 0:00,1837,2,2,0,0,O,CLEAR,DRY,0,REAR END IN TRAFFIC LANES BOTH VEHICLES MOVING,REAR END,STRAIGHT & LEVEL,DARK-HWY LIGHTED/ON,0,0,0,1
29315129,CAMPBELL,KY1120,StateRoute,125,11TH,ST,W,39.08359727,-84.49206321,0.504,11/15/2021 0:00,1406,2,2,0,0,O,CLOUDY,DRY,0,REAR END IN TRAFFIC LANES BOTH VEHICLES MOVING,REAR END,STRAIGHT & LEVEL,DAYLIGHT,0,0,0,1
29314339,CAMPBELL,KY0009,StateRoute,,LICKING,PIKE,,39.02396363,-84.48072449,17.84,11/15/2021 0:00,824,3,3,0,0,O,CLOUDY,DRY,0,OTHER ROADWAY OR MID-BLOCK COLLISION,REAR END,STRAIGHT & LEVEL,DAYLIGHT,0,0,0,1
29323362,CAMPBELL,US0027,USRoute,1700,MONMOUTH,ST,,39.08384021,-84.48381731,21.208,11/16/2021 0:00,1334,2,2,0,0,O,CLOUDY,DRY,0,1 VEHICLE ENTERING/LEAVING ENTRANCE,ANGLE,CURVE & GRADE,DAYLIGHT,0,0,0,1
29319455,CAMPBELL,KY1892,StateRoute,95,CAROTHERS,RD,,39.08612744,-84.47925533,2.26,11/16/2021 0:00,1340,2,2,0,0,O,CLEAR,DRY,0,VEHICLE BACKING NON INTERSECTION,BACKING,STRAIGHT & LEVEL,DAYLIGHT,0,0,0,1
29323408,CAMPBELL,I 0471,Interstate,,I471 N,,,39.08404797,-84.47238995,3.159,11/16/2021 0:00,1442,1,1,0,1,A,CLOUDY,DRY,0,OTHER COLLISIONS ON SHOULDER,SINGLE VEHICLE,STRAIGHT & LEVEL,DAYLIGHT,0,0,0,1
29330923,CAMPBELL,US0027,USRoute,,ALEXANDRIA,PIKE,,38.98218759,-84.39788773,11.86,11/16/2021 0:00,1306,2,2,0,0,O,CLEAR,DRY,0,REAR END IN TRAFFIC LANES BOTH VEHICLES MOVING,REAR END,STRAIGHT & GRADE,DAYLIGHT,0,0,0,1
29332102,CAMPBELL,I 0275,Interstate,,I275 W,,,39.05061232,-84.4465185,74.166,11/16/2021 0:00,1632,2,2,0,0,O,CLEAR,DRY,0,REAR END IN TRAFFIC LANES BOTH VEHICLES MOVING,REAR END,STRAIGHT & GRADE,DAYLIGHT,0,0,0,1
29334221,CAMPBELL,KY0009,StateRoute,,LICKING,PIKE,,39.03275123,-84.48013093,18.432,11/16/2021 0:00,1845,1,1,0,0,O,CLEAR,DRY,0,COLLISION WITH ANIMAL NON INTERSECTION,SINGLE VEHICLE,STRAIGHT & LEVEL,DARK-HWY NOT LIGHTED,0,0,0,1
29322075,CAMPBELL,US0027,USRoute,,ALEXANDRIA,PIKE,,38.8712511,-84.39432485,3.886,11/16/2021 0:00,2159,1,1,0,0,O,CLOUDY,DRY,0,COLLISION WITH ANIMAL NON INTERSECTION,SINGLE VEHICLE,CURVE & LEVEL,DARK-HWY NOT LIGHTED,0,0,0,1
29340130,CAMPBELL,,OTHR,,KENTON,DR,,39.03037469,-84.46611638,0.181,11/16/2021 0:00,1625,1,1,0,0,O,CLEAR,DRY,0,COLLISION WITH FIXED OBJECT NON - INTERSECTION - FIRST EVENT COLLISION 09 - 32 EXCLUDING 16,SINGLE VEHICLE,CURVE & LEVEL,DAYLIGHT,0,0,0,1
29322076,CAMPBELL,KY0009,StateRoute,,AA,HWY,,38.91269189,-84.28284657,3.894,11/16/2021 0:00,848,2,2,0,1,B,CLEAR,DRY,0,ANGLE COLLISION - OTHER,ANGLE,STRAIGHT & LEVEL,DAYLIGHT,0,0,0,1
29326283,CAMPBELL,KY0445,StateRoute,,GRANDVIEW,AVE,,39.06234126,-84.44927133,1.08,11/17/2021 0:00,1830,2,2,0,0,O,CLOUDY,DRY,0,1 VEHICLE PARKED POSITION (NOT PARKING LOT/DRIVEWAY),SIDESWIPE-SAME DIRECTION,STRAIGHT & GRADE,DARK-HWY NOT LIGHTED,0,0,0,1
29326818,CAMPBELL,US0027,USRoute,,ALEXANDRIA,PIKE,,38.83971467,-84.37108922,1.327,11/17/2021 0:00,1920,1,1,0,0,O,CLEAR,DRY,0,COLLISION WITH ANIMAL NON INTERSECTION,SINGLE VEHICLE,STRAIGHT & LEVEL,DARK-HWY NOT LIGHTED,0,0,0,1
29324005,CAMPBELL,,OTHR,,3RD,ST,W,39.09138479,-84.50090616,0.019,11/17/2021 0:00,1610,2,2,0,0,O,CLEAR,DRY,0,SIDESWIPE COLLISION - SAME DIRECTION,SIDESWIPE-SAME DIRECTION,STRAIGHT & LEVEL,DAYLIGHT,0,0,0,1
29323078,CAMPBELL,KY0010,StateRoute,,MAIN,ST,E,38.95948321,-84.38785743,1.623,11/17/2021 0:00,650,2,2,0,1,B,CLOUDY,DRY,0,HEAD-ON COLLISION,HEAD ON,STRAIGHT & LEVEL,DARK-HWY LIGHTED/ON,0,0,0,1
29331101,CAMPBELL,KY0009,StateRoute,,AA,HWY,,39.00379244,-84.43941948,14.893,11/18/2021 0:00,1625,2,2,0,2,B,CLEAR,DRY,0,1 VEHICLE ENTERING/LEAVING ENTRANCE,ANGLE,STRAIGHT & LEVEL,DAYLIGHT,0,0,0,1
29339693,CAMPBELL,,OTHR,13,OHIO,AVE,,39.08582913,-84.45364843,0.019,11/18/2021 0:00,1328,3,3,0,0,O,CLEAR,DRY,0,SIDESWIPE COLLISION - SAME DIRECTION,SIDESWIPE-SAME DIRECTION,STRAIGHT & GRADE,DAYLIGHT,0,0,0,1
29328122,CAMPBELL,US0027,USRoute,,MONMOUTH,ST,,39.08384259,-84.48382437,21.209,11/18/2021 0:00,640,2,2,0,0,O,RAINING,WET,0,HEAD-ON COLLISION,HEAD ON,STRAIGHT & LEVEL,DUSK,0,0,0,1
29334217,CAMPBELL,KY1632,StateRoute,,MOOCK,RD,,39.05507838,-84.48716104,0.009,11/18/2021 0:00,618,2,2,0,1,C,RAINING,WET,0,SIDESWIPE COLLISION - OPPOSITE DIRECTION,SIDESWIPE-OPPOSITE DIRECTION,CURVE & LEVEL,DARK-HWY LIGHTED/ON,0,0,0,1
29349250,CAMPBELL,,OTHR,,SUMMIT,DR,,39.06827812,-84.45796948,0.049,11/18/2021 0:00,1309,2,2,0,0,O,CLEAR,DRY,0,1 VEHICLE PARKED POSITION (NOT PARKING LOT/DRIVEWAY),BACKING,STRAIGHT & LEVEL,DAYLIGHT,0,0,0,1
29330834,CAMPBELL,,OTHR,535,4TH,ST,E,39.0969629,-84.48849951,0.03,11/18/2021 0:00,1706,2,2,0,0,O,CLEAR,DRY,0,1 VEHICLE PARKED POSITION (NOT PARKING LOT/DRIVEWAY),SIDESWIPE-SAME DIRECTION,STRAIGHT & LEVEL,DAYLIGHT,0,0,0,1
29337332,CAMPBELL,I 0275,Interstate,,I275 E,,,39.04370464,-84.46738305,75.392,11/18/2021 0:00,1705,2,2,0,0,O,CLEAR,DRY,0,REAR END IN TRAFFIC LANES BOTH VEHICLES MOVING,REAR END,CURVE & LEVEL,DAYLIGHT,0,0,0,1
29328232,CAMPBELL,KY1892,StateRoute,80 BLOCK,CAROTHERS,RD,,39.08524847,-84.48040991,2.35,11/18/2021 0:00,731,2,2,0,0,O,RAINING,WET,0,REAR END IN TRAFFIC LANES BOTH VEHICLES MOVING,REAR END,STRAIGHT & LEVEL,DARK-HWY LIGHTED/ON,0,0,0,1
29331379,CAMPBELL,I 0471,Interstate,,I471 S,,,39.07267456,-84.46415219,2.205,11/18/2021 0:00,1359,1,1,0,1,C,CLEAR,DRY,0,COLLISION WITH FIXED OBJECT NON - INTERSECTION - FIRST EVENT COLLISION 09 - 32 EXCLUDING 16,SINGLE VEHICLE,CURVE & LEVEL,DAYLIGHT,0,0,0,1
29349246,CAMPBELL,KY1120,StateRoute,24,FT THOMAS,AVE,S,39.07652876,-84.44707467,4.393,11/18/2021 0:00,1700,1,1,0,0,O,CLEAR,DRY,0,COLLISION WITH FIXED OBJECT NON - INTERSECTION - FIRST EVENT COLLISION 09 - 32 EXCLUDING 16,SINGLE VEHICLE,STRAIGHT & LEVEL,DAYLIGHT,0,0,0,1
29330137,CAMPBELL,,OTHR,,6TH,ST,E,39.0945696,-84.48803571,0.314,11/18/2021 0:00,2230,3,3,0,1,C,CLEAR,DRY,0,1 VEHICLE PARKED POSITION (NOT PARKING LOT/DRIVEWAY),SIDESWIPE-SAME DIRECTION,STRAIGHT & LEVEL,DARK-HWY NOT LIGHTED,0,0,0,1
29333554,CAMPBELL,US0027,USRoute,,ALEXANDRIA,PIKE,,38.99247825,-84.40995003,12.833,11/19/2021 0:00,845,1,1,0,0,O,CLEAR,DRY,0,RAN OFF ROADWAY (1 VEHICLE WITH/EARTH EMBANKMENT/DITCH),SINGLE VEHICLE,STRAIGHT & HILLCREST,DAYLIGHT,0,0,0,1
29331100,CAMPBELL,US0027,USRoute,,ALEXANDRIA,PIKE,,38.82988555,-84.36520895,0.572,11/19/2021 0:00,708,1,1,0,0,O,CLEAR,DRY,0,COLLISION WITH ANIMAL NON INTERSECTION,SINGLE VEHICLE,STRAIGHT & GRADE,DAWN,0,0,0,1
29332359,CAMPBELL,,OTHR,1725,HARRISON,AVE,,39.08210602,-84.48326236,0.01,11/19/2021 0:00,1020,1,1,0,0,O,CLEAR,DRY,0,COLLISION WITH FIXED OBJECT NON - INTERSECTION - FIRST EVENT COLLISION 09 - 32 EXCLUDING 16,SINGLE VEHICLE,STRAIGHT & GRADE,DAYLIGHT,0,0,0,1
29332358,CAMPBELL,KY0009,StateRoute,,CENTRAL,AVE,,39.08489693,-84.49354254,22.541,11/19/2021 0:00,1052,2,2,0,0,O,CLEAR,DRY,0,COLLISION WITH PARKED VEHICLE,REAR END,STRAIGHT & LEVEL,DAYLIGHT,0,0,0,1
29333369,CAMPBELL,KY0009,StateRoute,700,CENTRAL,AVE,,39.08792181,-84.49625879,22.825,11/19/2021 0:00,2020,2,2,0,0,O,CLEAR,DRY,0,HEAD-ON COLLISION,HEAD ON,STRAIGHT & LEVEL,DARK-HWY LIGHTED/ON,0,0,0,1
29345340,CAMPBELL,KY0709,StateRoute,,ALEXANDRIA,PIKE,E,38.98401625,-84.39777392,0.121,11/19/2021 0:00,1639,2,2,0,0,O,CLEAR,DRY,0,1 VEHICLE ENTERING/LEAVING ENTRANCE,ANGLE,STRAIGHT & HILLCREST,DAYLIGHT,0,0,0,1
29355199,CAMPBELL,,OTHR,701,ERVIN,TER,,39.11090502,-84.47522841,0.292,11/20/2021 0:00,1600,2,2,0,0,O,CLOUDY,DRY,0,VEHICLE BACKING NON INTERSECTION,BACKING,STRAIGHT & GRADE,DAYLIGHT,0,0,0,1
29419468,CAMPBELL,,OTHR,,TOLLGATE,RD,,38.98388828,-84.41690538,,11/20/2021 0:00,1602,1,1,0,0,O,CLOUDY,DRY,0,COLLISION WITH FIXED OBJECT NON - INTERSECTION - FIRST EVENT COLLISION 09 - 32 EXCLUDING 16,SINGLE VEHICLE,CURVE & GRADE,DAYLIGHT,0,0,0,1
29345344,CAMPBELL,,OTHR,,PAT FANNING,WAY,,38.98241431,-84.40261864,,11/20/2021 0:00,2331,2,2,0,0,O,CLEAR,DRY,0,1 VEHICLE PARKED POSITION (NOT PARKING LOT/DRIVEWAY),SIDESWIPE-OPPOSITE DIRECTION,STRAIGHT & LEVEL,DARK-HWY LIGHTED/ON,0,0,0,1
29375405,CAMPBELL,,OTHR,32,BONNIE LESLIE,AVE,,39.09406203,-84.47751986,0.398,11/21/2021 0:00,2200,2,2,0,0,O,CLEAR,DRY,1,1 VEHICLE PARKED POSITION (NOT PARKING LOT/DRIVEWAY),BACKING,STRAIGHT & LEVEL,DARK (UNKNOWN ROADWAY LIGHTING),0,0,0,1
29352604,CAMPBELL,I 0275,Interstate,,I275 E,,,39.03731384,-84.47016014,75.87,11/21/2021 0:00,1219,2,2,0,0,O,RAINING,WET,0,REAR END IN TRAFFIC LANES BOTH VEHICLES MOVING,REAR END,STRAIGHT & LEVEL,DAYLIGHT,0,0,0,1
29337760,CAMPBELL,,OTHR,,WASHINGTON,AVE,,39.09366676,-84.49155167,0.078,11/21/2021 0:00,252,2,2,0,0,O,CLOUDY,DRY,0,SIDESWIPE COLLISION - SAME DIRECTION,SIDESWIPE-SAME DIRECTION,STRAIGHT & LEVEL,DARK-HWY LIGHTED/ON,0,0,0,1