IncidentID,County,RdwyNumber,RdwyType,Street,RoadwayName,StreetSfx,StreetDir,Latitude,Longitude,Milepoint,CollisionDate,CollisionTime,UnitsInvolved,MotorVehiclesInvolved,NumberKilled,NumberInjured,KABCO,Weather,RdwyConditionCode,HitandRun,DirAnalysisCode,MannerofCollision,RdwyCharacter,LightCondition,Intersection Crash,Bicyclist,Pedestrian,Motor Vehicles
29338499,CAMPBELL,,OTHR,,ELM,ST,,39.08684078,-84.49821346,0.036,11/21/2021 0:00,458,2,2,0,0,O,CLOUDY,WET,1,1 VEHICLE PARKED POSITION (NOT PARKING LOT/DRIVEWAY),SIDESWIPE-SAME DIRECTION,STRAIGHT & LEVEL,DARK-HWY LIGHTED/ON,0,0,0,1
29338749,CAMPBELL,US0027,USRoute,733,MONMOUTH,ST,,39.09074963,-84.49278704,21.894,11/21/2021 0:00,1746,2,2,0,0,O,CLOUDY,WET,1,1 VEHICLE PARKED POSITION (NOT PARKING LOT/DRIVEWAY),SIDESWIPE-SAME DIRECTION,STRAIGHT & LEVEL,DARK-HWY LIGHTED/ON,0,0,0,1
29342681,CAMPBELL,I 0471,Interstate,5,I471 N,,,39.09887479,-84.49128199,4.708,11/21/2021 0:00,1600,1,1,0,0,O,RAINING,WET,0,COLLISION WITH FIXED OBJECT NON - INTERSECTION - FIRST EVENT COLLISION 09 - 32 EXCLUDING 16,SINGLE VEHICLE,STRAIGHT & LEVEL,DAYLIGHT,0,0,0,1
29338648,CAMPBELL,I 0275,Interstate,,I275 W,,,39.05021792,-84.44694504,74.198,11/21/2021 0:00,1532,1,1,0,0,O,CLOUDY,WET,0,OTHER ROADWAY OR MID-BLOCK COLLISION,SINGLE VEHICLE,CURVE & GRADE,DAYLIGHT,0,0,0,1
29342676,CAMPBELL,US0027,USRoute,800,MONMOUTH,ST,,39.08912677,-84.49109256,21.749,11/22/2021 0:00,1300,2,2,0,0,O,CLEAR,DRY,0,VEHICLE BACKING NON INTERSECTION,BACKING,STRAIGHT & LEVEL,DAYLIGHT,0,0,0,1
29338805,CAMPBELL,,OTHR,300,SARATOGA,ST,,39.09469978,-84.49446334,0.699,11/22/2021 0:00,5,1,1,0,0,O,CLEAR,DRY,0,COLLISION WITH FIXED OBJECT IN INTERSECTION - FIRST EVENT COLLISION 09 - 32,SINGLE VEHICLE,STRAIGHT & GRADE,DARK-HWY LIGHTED/ON,1,0,0,1
29344933,CAMPBELL,,OTHR,,HIGHLAND,AVE,,39.07614584,-84.46048418,0.623,11/22/2021 0:00,1502,2,2,0,0,O,CLOUDY,DRY,1,COLLISION WITH PARKED VEHICLE,SIDESWIPE-SAME DIRECTION,STRAIGHT & LEVEL,DAYLIGHT,0,0,0,1
29395391,CAMPBELL,,OTHR,201,CENTER,ST,,39.10195794,-84.48197096,0.116,11/22/2021 0:00,1457,2,2,0,0,O,CLEAR,DRY,0,COLLISION WITH PARKED VEHICLE,SIDESWIPE-SAME DIRECTION,STRAIGHT & LEVEL,DAYLIGHT,0,0,0,1
29355830,CAMPBELL,KY1120,StateRoute,720,10TH,ST,E,39.09160574,-84.48218204,1.261,11/22/2021 0:00,1600,2,2,0,0,O,CLEAR,DRY,0,1 VEHICLE PARKED POSITION (NOT PARKING LOT/DRIVEWAY),SIDESWIPE-SAME DIRECTION,STRAIGHT & LEVEL,DAYLIGHT,0,0,0,1
29352196,CAMPBELL,,OTHR,,ST MICHAEL,DR,,39.02294984,-84.4430317,0.055,11/22/2021 0:00,1133,2,2,0,1,B,CLEAR,DRY,0,1 VEHICLE PARKED POSITION (NOT PARKING LOT/DRIVEWAY),ANGLE,STRAIGHT & LEVEL,DAYLIGHT,0,0,0,1
29353602,CAMPBELL,KY0008,StateRoute,601,FAIRFIELD,AVE,,39.10795044,-84.48124001,2.02,11/22/2021 0:00,1555,2,2,0,0,O,CLEAR,DRY,0,REAR END IN TRAFFIC LANES BOTH VEHICLES MOVING,REAR END,STRAIGHT & LEVEL,DAYLIGHT,0,0,0,1
29349247,CAMPBELL,KY1120,StateRoute,,FT THOMAS,AVE,N,39.07940532,-84.44852148,4.172,11/23/2021 0:00,1500,2,2,0,0,O,CLEAR,DRY,0,SIDESWIPE COLLISION - SAME DIRECTION,SIDESWIPE-SAME DIRECTION,STRAIGHT & LEVEL,DAYLIGHT,0,0,0,1
29354517,CAMPBELL,KY0009,StateRoute,,LICKING,PIKE,,39.02150242,-84.48120142,17.646,11/23/2021 0:00,1805,2,2,0,0,O,CLEAR,DRY,0,REAR END IN TRAFFIC LANES BOTH VEHICLES MOVING,REAR END,STRAIGHT & LEVEL,DARK-HWY LIGHTED/ON,0,0,0,1
29347107,CAMPBELL,KY1120,StateRoute,,10TH,ST,E,39.09265897,-84.48064096,1.373,11/23/2021 0:00,828,2,2,0,0,O,CLEAR,WET,0,REAR END IN TRAFFIC LANES BOTH VEHICLES MOVING,REAR END,STRAIGHT & LEVEL,DAYLIGHT,0,0,0,1
29347109,CAMPBELL,,OTHR,300,9TH,ST,W,39.08510251,-84.49610938,0.282,11/23/2021 0:00,852,2,2,0,0,O,CLEAR,DRY,0,1 VEHICLE PARKED POSITION (NOT PARKING LOT/DRIVEWAY),REAR END,STRAIGHT & LEVEL,DAYLIGHT,0,0,0,1
29347110,CAMPBELL,,OTHR,1038,LIBERTY,ST,,39.0834188,-84.49323959,0.13,11/23/2021 0:00,1001,2,2,0,0,O,CLEAR,DRY,1,1 VEHICLE PARKED POSITION (NOT PARKING LOT/DRIVEWAY),SIDESWIPE-SAME DIRECTION,STRAIGHT & LEVEL,UNKNOWN,0,0,0,1
29472027,CAMPBELL,,OTHR,,3RD,ST,E,39.09611248,-84.49220959,0.157,11/23/2021 0:00,830,2,2,0,0,O,CLEAR,DRY,1,1 VEHICLE PARKED POSITION (NOT PARKING LOT/DRIVEWAY),SIDESWIPE-SAME DIRECTION,STRAIGHT & LEVEL,DAYLIGHT,0,0,0,1
29347102,CAMPBELL,I 0471,Interstate,,I471 N,,,39.10064425,-84.49453422,4.922,11/23/2021 0:00,743,2,2,0,0,O,CLEAR,DRY,0,REAR END IN TRAFFIC LANES BOTH VEHICLES MOVING,REAR END,STRAIGHT & LEVEL,DAYLIGHT,0,0,0,1
29352607,CAMPBELL,US0027,USRoute,2400,ALEXANDRIA,PIKE,,39.03886787,-84.45006732,16.972,11/23/2021 0:00,1245,2,2,0,0,O,CLEAR,DRY,0,REAR END IN TRAFFIC LANES BOTH VEHICLES MOVING,REAR END,STRAIGHT & LEVEL,DAYLIGHT,0,0,0,1
29385631,CAMPBELL,KY0009,StateRoute,,AA,HWY,,39.02014451,-84.48129638,17.548,11/23/2021 0:00,1858,2,2,0,0,O,CLEAR,DRY,0,REAR END IN TRAFFIC LANES BOTH VEHICLES MOVING,REAR END,STRAIGHT & LEVEL,DARK-HWY LIGHTED/ON,0,0,0,1
29349244,CAMPBELL,,OTHR,34,LINET,PL,,39.04520145,-84.44406424,0.074,11/23/2021 0:00,750,2,2,0,0,O,CLEAR,DRY,0,1 VEHICLE PARKED POSITION (NOT PARKING LOT/DRIVEWAY),SIDESWIPE-SAME DIRECTION,STRAIGHT & LEVEL,DAYLIGHT,0,0,0,1
29347100,CAMPBELL,KY1120,StateRoute,,10TH,ST,E,39.08658062,-84.48999353,0.713,11/23/2021 0:00,1555,2,2,0,0,O,CLEAR,DRY,0,ANGLE COLLISION - OTHER,ANGLE,STRAIGHT & LEVEL,DAYLIGHT,0,0,0,1
29368447,CAMPBELL,US0027,USRoute,2615,ALEXANDRIA,PIKE,,39.03489847,-84.45389232,16.605,11/23/2021 0:00,715,4,4,0,1,C,CLOUDY,DRY,0,OTHER ROADWAY OR MID-BLOCK COLLISION,REAR END,STRAIGHT & GRADE,DAWN,0,0,0,1
29346363,CAMPBELL,KY0009,StateRoute,,AA,HWY,,39.0151804,-84.47693639,17.124,11/23/2021 0:00,654,2,2,0,0,O,CLEAR,DRY,0,OTHER ROADWAY OR MID-BLOCK COLLISION,REAR END,STRAIGHT & LEVEL,DAWN,0,0,0,1
29352192,CAMPBELL,,OTHR,,LEDGEROCK,WAY,,39.01568625,-84.44058296,0.004,11/23/2021 0:00,840,2,2,0,0,O,CLEAR,DRY,0,1 VEHICLE ENTERING/LEAVING ENTRANCE,ANGLE,STRAIGHT & LEVEL,DAYLIGHT,0,0,0,1
29352456,CAMPBELL,KY0008,StateRoute,,DAVE COWENS,DR,,39.09795437,-84.49281995,1.03,11/24/2021 0:00,1921,2,2,0,0,O,CLEAR,DRY,0,OTHER INTERSECTION COLLISIONS,REAR END,STRAIGHT & LEVEL,DARK-HWY LIGHTED/ON,1,0,0,1
29350675,CAMPBELL,,OTHR,,9TH,ST,W,39.08593734,-84.49453479,0.179,11/24/2021 0:00,1204,2,2,0,0,O,CLEAR,DRY,0,ANGLE COLLISION - OTHER,ANGLE,STRAIGHT & LEVEL,DAYLIGHT,0,0,0,1
29352048,CAMPBELL,KY0008,StateRoute,,DAVE COWENS,DR,,39.09950928,-84.49116656,1.235,11/24/2021 0:00,1819,2,2,0,0,O,CLEAR,DRY,0,OTHER INTERSECTION COLLISIONS,REAR END,STRAIGHT & LEVEL,DARK-HWY LIGHTED/OFF,1,0,0,1
29355267,CAMPBELL,KY0008,StateRoute,,MARY INGLES,HWY,,39.05609217,-84.43405582,7.934,11/24/2021 0:00,1621,1,1,0,0,O,CLEAR,DRY,0,RAN OFF ROADWAY (1 VEHICLE WITH/EARTH EMBANKMENT/DITCH),SINGLE VEHICLE,STRAIGHT & LEVEL,DAYLIGHT,0,0,0,1
29349947,CAMPBELL,KY1121,StateRoute,,WESLEY CHAPEL,RD,,38.88830941,-84.30928795,2.941,11/24/2021 0:00,757,2,2,0,0,O,CLEAR,DRY,0,HEAD-ON COLLISION,HEAD ON,STRAIGHT & LEVEL,DAYLIGHT,0,0,0,1
29369132,CAMPBELL,,OTHR,,CLOVER RIDGE,AVE,,39.09553605,-84.45563672,0.353,11/24/2021 0:00,1121,2,2,0,0,O,CLEAR,DRY,0,SIDESWIPE COLLISION - OPPOSITE DIRECTION,SIDESWIPE-OPPOSITE DIRECTION,STRAIGHT & GRADE,DAYLIGHT,0,0,0,1
29351163,CAMPBELL,,OTHR,,LOWELL,ST,,39.09069901,-84.49410718,,11/24/2021 0:00,1259,2,2,0,0,O,CLEAR,DRY,1,SIDESWIPE COLLISION - SAME DIRECTION,SIDESWIPE-SAME DIRECTION,CURVE & GRADE,DAYLIGHT,0,0,0,1
29396574,CAMPBELL,I 0471,Interstate,,I471 S,,,39.05471851,-84.46950991,0.847,11/25/2021 0:00,940,2,2,0,0,O,CLOUDY,DRY,1,SIDESWIPE COLLISION - SAME DIRECTION,SIDESWIPE-SAME DIRECTION,STRAIGHT & LEVEL,DARK-HWY LIGHTED/ON,0,0,0,1
29359338,CAMPBELL,KY1998,StateRoute,1643,INDUSTRIAL,RD,,39.03474783,-84.4271725,3.132,11/25/2021 0:00,1400,1,1,0,0,O,CLOUDY,WET,0,COLLISION WITH FIXED OBJECT NON - INTERSECTION - FIRST EVENT COLLISION 09 - 32 EXCLUDING 16,SINGLE VEHICLE,CURVE & GRADE,DAYLIGHT,0,0,0,1
29355263,CAMPBELL,KY0536,StateRoute,,CREEKTRACE,RD,,38.93563719,-84.41532579,2.216,11/25/2021 0:00,2005,1,1,0,0,O,CLEAR,DRY,0,COLLISION WITH ANIMAL NON INTERSECTION,SINGLE VEHICLE,STRAIGHT & LEVEL,DARK-HWY NOT LIGHTED,0,0,0,1
29354155,CAMPBELL,US0027,USRoute,,YORK,ST,,39.0916326,-84.49564264,22.169,11/25/2021 0:00,2036,2,2,0,0,O,CLOUDY,DRY,0,SIDESWIPE-SAME DIRECTION,SIDESWIPE-SAME DIRECTION,STRAIGHT & LEVEL,DARK-HWY LIGHTED/ON,0,0,0,1
29355810,CAMPBELL,I 0471,Interstate,,,,,39.09283605,-84.4785974,0.04,11/25/2021 0:00,1140,2,2,0,0,O,RAINING,WET,0,OTHER RAMP RELATED COLLISIONS NOT LISTED ABOVE,BACKING,STRAIGHT & LEVEL,DAYLIGHT,0,0,0,1
29355807,CAMPBELL,I 0471,Interstate,,,,,39.09176386,-84.47600483,0.203,11/26/2021 0:00,1020,2,2,0,0,O,CLEAR,DRY,0,OTHER RAMP RELATED COLLISIONS NOT LISTED ABOVE,REAR END,STRAIGHT & LEVEL,DAYLIGHT,0,0,0,1
29356467,CAMPBELL,KY1120,StateRoute,,11TH,ST,W,39.08127741,-84.49628575,0.229,11/26/2021 0:00,2000,2,2,0,0,O,CLOUDY,DRY,0,SIDESWIPE-SAME DIRECTION,SIDESWIPE-SAME DIRECTION,STRAIGHT & LEVEL,DARK-HWY LIGHTED/ON,0,0,0,1
29368517,CAMPBELL,,OTHR,9,BRUSHWOOD,CT,N,38.95574549,-84.35623141,0.061,11/26/2021 0:00,1014,2,2,0,0,O,CLEAR,DRY,0,1 VEHICLE PARKED POSITION (NOT PARKING LOT/DRIVEWAY),SIDESWIPE-SAME DIRECTION,STRAIGHT & LEVEL,DAYLIGHT,0,0,0,1
29361322,CAMPBELL,US0027,USRoute,4765,ALEXANDRIA,PIKE,,39.01028404,-84.43023529,14.436,11/26/2021 0:00,1959,1,1,0,0,O,CLEAR,DRY,0,COLLISION WITH FIXED OBJECT NON - INTERSECTION - FIRST EVENT COLLISION 09 - 32 EXCLUDING 16,SINGLE VEHICLE,STRAIGHT & LEVEL,DARK-HWY NOT LIGHTED,0,0,0,1
29375400,CAMPBELL,KY0008,StateRoute,,FAIRFIELD,AVE,,39.10265953,-84.48767689,1.525,11/26/2021 0:00,1237,2,2,0,0,O,CLEAR,DRY,0,1 VEHICLE ENTERING/LEAVING ENTRANCE,ANGLE,STRAIGHT & LEVEL,DAYLIGHT,0,0,0,1
29558040,CAMPBELL,,OTHR,,RIVERPOINTE,DR,,39.10988896,-84.46522932,0.233,11/26/2021 0:00,2211,2,2,0,0,O,CLEAR,DRY,1,SIDESWIPE COLLISION - OPPOSITE DIRECTION,SIDESWIPE-OPPOSITE DIRECTION,CURVE & GRADE,DARK-HWY LIGHTED/ON,0,0,0,1
29372130,CAMPBELL,,OTHR,,NEWPORT PAVILION,,,39.08866908,-84.47571924,0.414,11/26/2021 0:00,1714,2,2,0,0,O,CLEAR,DRY,1,SIDESWIPE COLLISION - OPPOSITE DIRECTION,SIDESWIPE-OPPOSITE DIRECTION,STRAIGHT & LEVEL,DAYLIGHT,0,0,0,1
29363327,CAMPBELL,,OTHR,,GREY STABLE,LN,,39.02917623,-84.45796678,0.001,11/27/2021 0:00,1517,2,2,0,0,O,CLOUDY,DRY,0,OPPOSITE DIRECTION - BOTH VEHICLES GOING STRAIGHT AHEAD,SIDESWIPE-OPPOSITE DIRECTION,CURVE & GRADE,DAYLIGHT,0,0,0,1
29358415,CAMPBELL,US0027,USRoute,,US27 TURN LANE TO,,,39.09344318,-84.49709526,0.002,11/27/2021 0:00,1221,2,2,0,0,O,CLEAR,DRY,0,ANGLE COLLISION - OTHER,ANGLE,CURVE & LEVEL,DAYLIGHT,0,0,0,1
29360954,CAMPBELL,I 0471,Interstate,,,,,39.09275114,-84.47932956,0.006,11/28/2021 0:00,1425,2,2,0,0,O,CLEAR,DRY,1,OTHER INTERSECTION COLLISIONS,REAR END,STRAIGHT & GRADE,DAYLIGHT,1,0,0,1
29361938,CAMPBELL,KY0008,StateRoute,,DAVE COWENS,DR,,39.09683143,-84.49420642,0.914,11/28/2021 0:00,2000,2,2,0,0,O,CLOUDY,DRY,0,OTHER INTERSECTION COLLISIONS,REAR END,STRAIGHT & LEVEL,DARK-HWY LIGHTED/ON,1,0,0,1
29362844,CAMPBELL,,OTHR,866,FAIRLANE,RD,,38.82766889,-84.37322835,0.444,11/28/2021 0:00,2315,1,1,0,0,O,CLEAR,DRY,0,COLLISION WITH FIXED OBJECT NON - INTERSECTION - FIRST EVENT COLLISION 09 - 32 EXCLUDING 16,SINGLE VEHICLE,CURVE & GRADE,DARK-HWY NOT LIGHTED,0,0,0,1
29375402,CAMPBELL,,OTHR,400,GRANDVIEW,AVE,,39.10236106,-84.47620755,0.024,11/29/2021 0:00,1429,2,2,0,0,O,CLEAR,DRY,0,VEHICLE BACKING NON INTERSECTION,BACKING,STRAIGHT & LEVEL,DAYLIGHT,0,0,0,1
29368600,CAMPBELL,KY0009,StateRoute,,AA,HWY,,39.00967666,-84.46814975,16.489,11/29/2021 0:00,735,2,2,0,0,O,CLOUDY,DRY,0,OTHER ROADWAY OR MID-BLOCK COLLISION,REAR END,STRAIGHT & LEVEL,DAWN,0,0,0,1
29369844,CAMPBELL,,OTHR,700,COLUMBIA,ST,,39.08864245,-84.49499097,0.454,11/29/2021 0:00,1200,2,2,0,0,O,CLEAR,DRY,1,1 VEHICLE PARKED POSITION (NOT PARKING LOT/DRIVEWAY),SIDESWIPE-OPPOSITE DIRECTION,STRAIGHT & LEVEL,DAYLIGHT,0,0,0,1
29367311,CAMPBELL,,OTHR,730,SARATOGA,ST,,39.09065458,-84.49070489,0.354,11/29/2021 0:00,1800,2,2,0,0,O,CLEAR,DRY,1,1 VEHICLE PARKED POSITION (NOT PARKING LOT/DRIVEWAY),SIDESWIPE-SAME DIRECTION,STRAIGHT & LEVEL,UNKNOWN,0,0,0,1
29379686,CAMPBELL,,OTHR,400,4TH,AVE,,39.11179539,-84.47813604,0.222,11/29/2021 0:00,1730,2,2,0,0,O,CLEAR,DRY,1,1 VEHICLE PARKED POSITION (NOT PARKING LOT/DRIVEWAY),SIDESWIPE-SAME DIRECTION,STRAIGHT & LEVEL,DUSK,0,0,0,1
29366259,CAMPBELL,,OTHR,10,9TH,ST,W,39.08695549,-84.49266486,0.056,11/29/2021 0:00,1430,2,1,0,0,O,CLEAR,DRY,0,COLLISION WITH PEDESTRIAN NON - INTERSECTION,SINGLE VEHICLE,STRAIGHT & LEVEL,DAYLIGHT,0,0,1,0
29367885,CAMPBELL,US0027,USRoute,,ALEXANDRIA,PIKE,,38.86957764,-84.39453553,3.768,11/29/2021 0:00,600,1,1,0,0,O,CLEAR,DRY,0,COLLISION WITH ANIMAL IN INTERSECTION,SINGLE VEHICLE,CURVE & LEVEL,DAWN,1,0,0,1
29374518,CAMPBELL,KY1998,StateRoute,,POOLES CREEK,RD,,39.02390987,-84.44614884,1.629,11/29/2021 0:00,1514,2,2,0,0,O,CLEAR,DRY,0,REAR END - ONE VEHICLE TURNING LEFT,REAR END,STRAIGHT & HILLCREST,DAYLIGHT,0,0,0,1
29374517,CAMPBELL,US0027,USRoute,,ALEXANDRIA,PIKE,,39.01986964,-84.43762618,15.201,11/29/2021 0:00,1354,2,2,0,0,O,CLEAR,DRY,0,OTHER INTERSECTION COLLISIONS,REAR END,STRAIGHT & LEVEL,DAYLIGHT,1,0,0,1
29365516,CAMPBELL,,OTHR,300 BLOCK,LOWELL,,,39.0904395,-84.4974715,,11/29/2021 0:00,1116,2,2,0,0,O,CLEAR,MUD-DIRT,0,REAR END IN TRAFFIC LANES BOTH VEHICLES MOVING,REAR END,STRAIGHT & LEVEL,DAYLIGHT,0,0,0,1
29372739,CAMPBELL,,OTHR,6,ELECTRIC,AVE,,39.07473983,-84.47765222,0.011,11/30/2021 0:00,1445,2,2,0,0,O,CLEAR,DRY,0,1 VEHICLE PARKED POSITION (NOT PARKING LOT/DRIVEWAY),SIDESWIPE-SAME DIRECTION,STRAIGHT & LEVEL,DAYLIGHT,0,0,0,1
29373060,CAMPBELL,I 0471,Interstate,,I471 N,,,39.07207589,-84.46345389,2.172,11/30/2021 0:00,1355,2,2,0,0,O,CLEAR,DRY,1,SIDESWIPE COLLISION - SAME DIRECTION,SIDESWIPE-SAME DIRECTION,CURVE & LEVEL,DAYLIGHT,0,0,0,1
29369041,CAMPBELL,,OTHR,160,NEWPORT PAVILION,,,39.08752216,-84.47653932,0.511,11/30/2021 0:00,1041,2,2,0,0,O,CLEAR,DRY,0,1 VEHICLE PARKED POSITION (NOT PARKING LOT/DRIVEWAY),SIDESWIPE-SAME DIRECTION,STRAIGHT & LEVEL,DAYLIGHT,0,0,0,1
29382963,CAMPBELL,I 0275,Interstate,,,,,39.04633093,-84.4570784,0.023,12/1/2021 0:00,947,1,1,0,0,O,CLOUDY,WET,0,COLLISION WITH FIXED OBJECT NOT IN GORE ,SINGLE VEHICLE,CURVE & GRADE,DAYLIGHT,0,0,0,1
29377038,CAMPBELL,KY0009,StateRoute,,LICKING,PIKE,,39.02155956,-84.48132839,17.651,12/1/2021 0:00,1515,2,2,0,0,O,CLEAR,DRY,0,OTHER ROADWAY OR MID-BLOCK COLLISION,REAR END,STRAIGHT & LEVEL,DAYLIGHT,0,0,0,1
29377192,CAMPBELL,,OTHR,,CALIFORNIA,XRD,,38.90052123,-84.29091099,1.057,12/1/2021 0:00,805,1,1,0,0,O,RAINING,ICE,0,RAN OFF ROADWAY (1 VEHICLE WITH/EARTH EMBANKMENT/DITCH),SINGLE VEHICLE,CURVE & GRADE,DAYLIGHT,0,0,0,1
29375399,CAMPBELL,,OTHR,480,FOOTE,AVE,,39.10254407,-84.47693526,0.58,12/1/2021 0:00,1354,2,2,0,0,O,CLOUDY,WET,1,1 VEHICLE PARKED POSITION (NOT PARKING LOT/DRIVEWAY),BACKING,STRAIGHT & LEVEL,DAYLIGHT,0,0,0,1
29377039,CAMPBELL,KY2345,StateRoute,735,JOHNS HILL,RD,,39.03315631,-84.47498522,1.597,12/1/2021 0:00,1518,1,1,0,0,O,CLOUDY,WET,0,COLLISION WITH FIXED OBJECT NON - INTERSECTION - FIRST EVENT COLLISION 09 - 32 EXCLUDING 16,SINGLE VEHICLE,STRAIGHT & LEVEL,DAYLIGHT,0,0,0,1
29382338,CAMPBELL,KY1120,StateRoute,,MEMORIAL,PKWY,,39.09141793,-84.45207349,3.146,12/1/2021 0:00,726,1,1,0,0,O,CLOUDY,DRY,0,COLLISION WITH ANIMAL IN INTERSECTION,SINGLE VEHICLE,CURVE & LEVEL,DAYLIGHT,1,0,0,1
29375157,CAMPBELL,,OTHR,115,NEWPORT PAVILION,,,39.09256029,-84.48054179,0.009,12/1/2021 0:00,1311,2,2,0,0,O,RAINING,WET,0,REAR END IN TRAFFIC LANES BOTH VEHICLES MOVING,REAR END,STRAIGHT & LEVEL,DAYLIGHT,0,0,0,1
29393127,CAMPBELL,US0027,USRoute,,ALEXANDRIA,PIKE,,39.03689396,-84.45415963,16.725,12/1/2021 0:00,2330,2,2,0,0,O,CLEAR,WET,1,SIDESWIPE COLLISION - SAME DIRECTION,SIDESWIPE-SAME DIRECTION,STRAIGHT & LEVEL,DARK-HWY LIGHTED/ON,0,0,0,1
29405481,CAMPBELL,I 0471,Interstate,3,I471 S,,,39.08854681,-84.47501247,3.519,12/1/2021 0:00,1740,3,3,0,0,O,CLEAR,DRY,0,REAR END IN TRAFFIC LANES BOTH VEHICLES MOVING,REAR END,STRAIGHT & LEVEL,DAYLIGHT,0,0,0,1
29376515,CAMPBELL,US0027,USRoute,2600,ALEXANDRIA,PIKE,,39.03507326,-84.45389071,16.618,12/1/2021 0:00,1159,2,2,0,0,O,RAINING,WET,0,REAR END IN TRAFFIC LANES BOTH VEHICLES MOVING,REAR END,STRAIGHT & LEVEL,DAYLIGHT,0,0,0,1
29374610,CAMPBELL,I 0471,Interstate,,I471 N,,,39.09600554,-84.48226424,4.171,12/1/2021 0:00,848,2,2,0,0,O,RAINING,WET,0,REAR END IN TRAFFIC LANES BOTH VEHICLES MOVING,REAR END,STRAIGHT & LEVEL,DAYLIGHT,0,0,0,1
29498106,CAMPBELL,KY0008,StateRoute,,CLAY,ST,,39.11499268,-84.46986496,2.83,12/2/2021 0:00,1557,2,1,0,0,O,CLEAR,DRY,0,SIDESWIPE COLLISION - SAME DIRECTION,SIDESWIPE-SAME DIRECTION,STRAIGHT & LEVEL,DAYLIGHT,0,0,0,1
29382120,CAMPBELL,I 0471,Interstate,,I471 N,,,39.05233554,-84.46802802,0.7,12/2/2021 0:00,1209,2,2,0,2,C,CLOUDY,DRY,0,1 VEHICLE ENTERING/LEAVING ENTRANCE,ANGLE,CURVE & GRADE,DAYLIGHT,0,0,0,1
29395404,CAMPBELL,KY0008,StateRoute,,DAVE COWENS,DR,,39.10180755,-84.48868282,1.445,12/2/2021 0:00,1345,2,2,0,0,O,CLEAR,DRY,0,REAR END IN TRAFFIC LANES BOTH VEHICLES MOVING,REAR END,STRAIGHT & LEVEL,DAYLIGHT,0,0,0,1
29395247,CAMPBELL,KY0009,StateRoute,,AA,HWY,,38.86902735,-84.26111504,0.496,12/2/2021 0:00,756,2,2,0,1,C,CLEAR,DRY,0,ANGLE COLLISION - OTHER,ANGLE,STRAIGHT & GRADE,DAYLIGHT,0,0,0,1
29379341,CAMPBELL,KY1892,StateRoute,,GRAND,AVE,,39.08513301,-84.47432273,1.962,12/2/2021 0:00,1305,2,2,0,0,O,CLEAR,DRY,0,ANGLE COLLISION - OTHER,ANGLE,STRAIGHT & LEVEL,DAYLIGHT,0,0,0,1
29383573,CAMPBELL,KY0008,StateRoute,,4TH,ST,W,39.08994354,-84.50047412,0.292,12/2/2021 0:00,538,2,2,0,0,O,CLOUDY,WET,0,SIDESWIPE-SAME DIRECTION,SIDESWIPE-SAME DIRECTION,CURVE & LEVEL,DARK-HWY LIGHTED/ON,0,0,0,1
29381361,CAMPBELL,,OTHR,2215,JOYCE,AVE,,39.07698024,-84.47423056,0.226,12/2/2021 0:00,1720,1,1,0,0,O,CLEAR,DRY,0,COLLISION WITH FIXED OBJECT NON - INTERSECTION - FIRST EVENT COLLISION 09 - 32 EXCLUDING 16,SINGLE VEHICLE,STRAIGHT & LEVEL,DAYLIGHT,0,0,0,1
29400438,CAMPBELL,,OTHR,,COLUMBIA,ST,,39.09297667,-84.49893294,0.05,12/2/2021 0:00,1505,2,2,0,0,O,CLEAR,DRY,0,1 VEHICLE PARKED POSITION (NOT PARKING LOT/DRIVEWAY),SIDESWIPE-SAME DIRECTION,STRAIGHT & LEVEL,DAYLIGHT,0,0,0,1
29410109,CAMPBELL,US0027,USRoute,,ALEXANDRIA,PIKE,,38.97425343,-84.3924006,11.208,12/3/2021 0:00,1932,3,3,0,2,C,CLEAR,DRY,0,OTHER ROADWAY OR MID-BLOCK COLLISION,REAR TO REAR,STRAIGHT & LEVEL,DARK-HWY NOT LIGHTED,0,0,0,1
29408714,CAMPBELL,I 0471,Interstate,,,,,39.08539451,-84.47451093,0.167,12/3/2021 0:00,1700,2,2,0,0,O,CLEAR,DRY,0,OTHER RAMP RELATED COLLISIONS NOT LISTED ABOVE,REAR END,STRAIGHT & LEVEL,DUSK,0,0,0,1
29418116,CAMPBELL,,OTHR,18,ELMWOOD,CT,,38.95118132,-84.36970231,0.064,12/3/2021 0:00,2012,2,2,0,0,O,CLEAR,DRY,0,1 VEHICLE PARKED POSITION (NOT PARKING LOT/DRIVEWAY),BACKING,STRAIGHT & LEVEL,DARK-HWY LIGHTED/ON,0,0,0,1
29410106,CAMPBELL,,OTHR,,PAT FANNING,WAY,,38.98301665,-84.39978218,,12/3/2021 0:00,1353,2,2,0,0,O,CLEAR,DRY,0,ANGLE COLLISION - OTHER,ANGLE,STRAIGHT & LEVEL,DAYLIGHT,0,0,0,1
29400455,CAMPBELL,KY1120,StateRoute,7A,MEMORIAL,PKWY,,39.09288187,-84.47954563,1.439,12/3/2021 0:00,1630,2,2,0,0,O,CLEAR,DRY,0,SIDESWIPE COLLISION - SAME DIRECTION,SIDESWIPE-SAME DIRECTION,STRAIGHT & LEVEL,DAYLIGHT,0,0,0,1