IncidentID,County,RdwyNumber,RdwyType,Street,RoadwayName,StreetSfx,StreetDir,Latitude,Longitude,Milepoint,CollisionDate,CollisionTime,UnitsInvolved,MotorVehiclesInvolved,NumberKilled,NumberInjured,KABCO,Weather,RdwyConditionCode,HitandRun,DirAnalysisCode,MannerofCollision,RdwyCharacter,LightCondition,Intersection Crash,Bicyclist,Pedestrian,Motor Vehicles
29395943,CAMPBELL,,OTHR,2238,JOYCE,AVE,,39.07730229,-84.47450887,0.252,12/3/2021 0:00,1655,2,2,0,0,O,CLEAR,DRY,0,1 VEHICLE PARKED POSITION (NOT PARKING LOT/DRIVEWAY),SIDESWIPE-SAME DIRECTION,STRAIGHT & GRADE,DAYLIGHT,0,0,0,1
29484034,CAMPBELL,,OTHR,,WASHINGTON,AVE,,39.10659947,-84.48240321,0.492,12/3/2021 0:00,1230,2,2,0,0,O,CLEAR,DRY,0,1 VEHICLE PARKED POSITION (NOT PARKING LOT/DRIVEWAY),SIDESWIPE-SAME DIRECTION,STRAIGHT & GRADE,DAYLIGHT,0,0,0,1
29391064,CAMPBELL,KY0915,StateRoute,909,CAMEL,XING,,38.91956263,-84.3934995,0.184,12/4/2021 0:00,1330,2,2,0,0,O,CLEAR,DRY,0,1 VEHICLE PARKED POSITION (NOT PARKING LOT/DRIVEWAY),SIDESWIPE-SAME DIRECTION,STRAIGHT & LEVEL,DAYLIGHT,0,0,0,1
29391958,CAMPBELL,KY1120,StateRoute,130,FT THOMAS,AVE,N,39.08081712,-84.44909334,4.066,12/4/2021 0:00,1411,2,2,0,0,O,CLOUDY,DRY,1,1 VEHICLE PARKED POSITION (NOT PARKING LOT/DRIVEWAY),SIDESWIPE-SAME DIRECTION,CURVE & LEVEL,DAYLIGHT,0,0,0,1
29398778,CAMPBELL,,OTHR,200,CLAY,ST,,39.11725046,-84.46954565,0.159,12/4/2021 0:00,1932,2,2,0,0,O,CLEAR,DRY,0,1 VEHICLE PARKED POSITION (NOT PARKING LOT/DRIVEWAY),SIDESWIPE-SAME DIRECTION,STRAIGHT & LEVEL,DARK-HWY LIGHTED/OFF,0,0,0,1
29422890,CAMPBELL,I 0471,Interstate,,I471 S,,,39.06368284,-84.46789043,1.376,12/4/2021 0:00,2052,2,2,0,0,O,CLEAR,DRY,0,REAR END IN TRAFFIC LANES BOTH VEHICLES MOVING,REAR END,STRAIGHT & LEVEL,DARK-HWY LIGHTED/ON,0,0,0,1
29391079,CAMPBELL,I 0471,Interstate,,I471 S,,,39.06368284,-84.46789043,1.376,12/4/2021 0:00,2052,2,2,0,3,C,CLEAR,DRY,0,REAR END IN TRAFFIC LANES BOTH VEHICLES MOVING,REAR END,STRAIGHT & LEVEL,DARK-HWY LIGHTED/ON,0,0,0,1
29393474,CAMPBELL,US0027,USRoute,700,MONMOUTH,ST,,39.09015977,-84.49226241,21.845,12/4/2021 0:00,1640,2,2,0,0,O,CLEAR,DRY,0,SIDESWIPE COLLISION - SAME DIRECTION,SIDESWIPE-SAME DIRECTION,STRAIGHT & LEVEL,DAYLIGHT,0,0,0,1
29388020,CAMPBELL,KY0009,StateRoute,,CENTRAL,AVE,,39.08944214,-84.4978522,22.959,12/4/2021 0:00,2205,2,2,0,0,O,CLEAR,DRY,0,ANGLE COLLISION - OTHER,ANGLE,STRAIGHT & LEVEL,DARK-HWY LIGHTED/ON,0,0,0,1
29387248,CAMPBELL,KY0008,StateRoute,,DAVE COWENS,DR,,39.09950722,-84.49116929,1.235,12/4/2021 0:00,1800,2,2,0,0,O,CLEAR,DRY,0,OTHER INTERSECTION COLLISIONS,REAR END,STRAIGHT & LEVEL,DARK-HWY LIGHTED/ON,1,0,0,1
29393132,CAMPBELL,US0027,USRoute,,ALEXANDRIA,PIKE,,39.03541492,-84.4541737,16.64,12/4/2021 0:00,2136,2,2,0,0,O,CLEAR,DRY,0,OTHER INTERSECTION COLLISIONS,REAR END,STRAIGHT & LEVEL,DARK-HWY LIGHTED/ON,1,0,0,1
29465967,CAMPBELL,,OTHR,,PARK,AVE,,39.0979856,-84.49283453,0.35,12/4/2021 0:00,1200,2,1,0,0,O,CLEAR,DRY,0,OTHER INTERSECTION COLLISIONS,REAR END,STRAIGHT & LEVEL,DAYLIGHT,1,0,0,1
29420403,CAMPBELL,,OTHR,9626,JERRY WRIGHT,RD,,38.93203139,-84.37872831,0.911,12/4/2021 0:00,659,1,1,0,0,O,CLEAR,DRY,0,COLLISION WITH ANIMAL NON INTERSECTION,SINGLE VEHICLE,STRAIGHT & GRADE,DARK-HWY NOT LIGHTED,0,0,0,1
29387650,CAMPBELL,,OTHR,,MARBLE,WAY,,39.01412779,-84.44110647,0.138,12/4/2021 0:00,943,2,2,0,0,O,CLEAR,DRY,0,VEHICLE BACKING NON INTERSECTION,BACKING,STRAIGHT & LEVEL,DAYLIGHT,0,0,0,1
29401567,CAMPBELL,,OTHR,,TOWN,DR,,39.01764477,-84.48174807,0.094,12/5/2021 0:00,1130,2,2,0,0,O,CLOUDY,DRY,0,OTHER ROADWAY OR MID-BLOCK COLLISION,OPPOSING LEFT TURN,CURVE & GRADE,DAYLIGHT,0,0,0,1
29395904,CAMPBELL,US0027,USRoute,,ALEXANDRIA,PIKE,,39.00408252,-84.42435277,13.92,12/5/2021 0:00,1140,2,2,0,0,O,CLOUDY,DRY,0,OTHER ROADWAY OR MID-BLOCK COLLISION,REAR END,STRAIGHT & LEVEL,DAYLIGHT,0,0,0,1
29422123,CAMPBELL,US0027,USRoute,,ALEXANDRIA,PIKE,,39.02558978,-84.44653049,15.829,12/5/2021 0:00,1154,2,2,0,0,O,CLEAR,DRY,0,1 VEHICLE ENTERING/LEAVING ENTRANCE,ANGLE,STRAIGHT & LEVEL,DAYLIGHT,0,0,0,1
29388636,CAMPBELL,KY1892,StateRoute,,CAROTHERS,RD,,39.08640531,-84.47749285,2.166,12/5/2021 0:00,1100,2,2,0,0,O,CLEAR,DRY,0,OTHER ROADWAY OR MID-BLOCK COLLISION,REAR END,STRAIGHT & LEVEL,DAYLIGHT,0,0,0,1
29393476,CAMPBELL,KY1120,StateRoute,,11TH,ST,W,39.08421835,-84.49093362,0.578,12/5/2021 0:00,1722,2,1,0,0,O,RAINING,WET,1,COLLISION WITH PEDESTRIAN IN INTERSECTION,SINGLE VEHICLE,STRAIGHT & GRADE,DARK-HWY NOT LIGHTED,1,0,1,0
29395402,CAMPBELL,,OTHR,,CENTER,ST,,39.1011976,-84.48318045,0.032,12/5/2021 0:00,1000,2,2,0,0,O,CLEAR,DRY,1,1 VEHICLE PARKED POSITION (NOT PARKING LOT/DRIVEWAY),ANGLE,STRAIGHT & LEVEL,DAYLIGHT,0,0,0,1
29401772,CAMPBELL,,OTHR,655,HIGHLAND,AVE,,39.07570474,-84.46218703,0.539,12/6/2021 0:00,742,2,2,0,0,O,RAINING,WET,0,REAR END IN TRAFFIC LANES BOTH VEHICLES MOVING,REAR END,STRAIGHT & LEVEL,DAYLIGHT,0,0,0,1
29393478,CAMPBELL,I 0471,Interstate,,I471 S,,,39.09079698,-84.47618448,3.688,12/6/2021 0:00,805,1,1,0,0,O,RAINING,WET,0,OTHER COLLISIONS ON SHOULDER,SINGLE VEHICLE,STRAIGHT & LEVEL,DAYLIGHT,0,0,0,1
29394018,CAMPBELL,KY1892,StateRoute,,GRAND,AVE,,39.08189192,-84.46966458,1.613,12/6/2021 0:00,1946,1,1,0,0,O,CLEAR,DRY,0,COLLISION WITH FIXED OBJECT NON - INTERSECTION - FIRST EVENT COLLISION 09 - 32 EXCLUDING 16,SINGLE VEHICLE,STRAIGHT & GRADE,DARK-HWY LIGHTED/ON,0,0,0,1
29395249,CAMPBELL,KY0008,StateRoute,4240,MARY INGLES,HWY,,39.05109339,-84.42951039,8.371,12/6/2021 0:00,2000,1,1,0,0,O,CLEAR,DRY,0,COLLISION WITH ANIMAL NON INTERSECTION,SINGLE VEHICLE,STRAIGHT & HILLCREST,DARK-HWY NOT LIGHTED,0,0,0,1
29401568,CAMPBELL,,OTHR,,ASPEN PINES,DR,,39.06425227,-84.48414479,0.053,12/6/2021 0:00,1155,1,1,0,0,O,CLOUDY,DRY,0,COLLISION WITH FIXED OBJECT NON - INTERSECTION - FIRST EVENT COLLISION 09 - 32 EXCLUDING 16,SINGLE VEHICLE,CURVE & GRADE,DAYLIGHT,0,0,0,1
29401570,CAMPBELL,KY1632,StateRoute,,MOOCK,RD,,39.05526809,-84.48141387,0.339,12/6/2021 0:00,1928,2,2,0,0,O,CLEAR,DRY,0,ANGLE COLLISION - ONE VEHICLE TURNING LEFT,ANGLE,STRAIGHT & LEVEL,DARK-HWY NOT LIGHTED,0,0,0,1
29471898,CAMPBELL,I 0471,Interstate,,,,,39.06759555,-84.46569437,0.058,12/6/2021 0:00,1653,2,1,0,0,O,CLEAR,DRY,0,OTHER RAMP RELATED COLLISIONS NOT LISTED ABOVE,REAR END,STRAIGHT & GRADE,DAYLIGHT,0,0,0,1
29577889,CAMPBELL,KY2238,StateRoute,,UNIVERSITY,DR,,39.03346437,-84.46007737,0.348,12/7/2021 0:00,1455,2,2,0,0,O,CLOUDY,DRY,0,SIDESWIPE-SAME DIRECTION,SIDESWIPE-SAME DIRECTION,CURVE & LEVEL,DAYLIGHT,0,0,0,1
29400442,CAMPBELL,KY0445,StateRoute,,GRANDVIEW,AVE,,39.06221608,-84.44849226,1.038,12/7/2021 0:00,2230,2,2,0,0,O,SNOWING,WET,0,ANGLE COLLISION - OTHER,ANGLE,STRAIGHT & HILLCREST,DARK-HWY LIGHTED/OFF,0,0,0,1
29400027,CAMPBELL,,OTHR,,CHASE,LN,,39.03527134,-84.39776617,0.03,12/7/2021 0:00,729,2,2,0,0,O,CLEAR,DRY,0,1 VEHICLE PARKED POSITION (NOT PARKING LOT/DRIVEWAY),SIDESWIPE-SAME DIRECTION,STRAIGHT & LEVEL,DAWN,0,0,0,1
29400456,CAMPBELL,,OTHR,,NEWPORT PAVILION,,,39.09267286,-84.4806016,0.004,12/7/2021 0:00,1430,2,2,0,0,O,CLEAR,DRY,0,OTHER INTERSECTION COLLISIONS,REAR END,STRAIGHT & LEVEL,DAYLIGHT,1,0,0,1
29449734,CAMPBELL,KY0471,StateRoute,,KY471,,,39.03715446,-84.45405542,0.014,12/7/2021 0:00,835,2,2,0,2,C,CLOUDY,DRY,0,OTHER INTERSECTION COLLISIONS,REAR END,STRAIGHT & LEVEL,DAYLIGHT,1,0,0,1
29469426,CAMPBELL,,OTHR,,PLEASANT RIDGE,RD,,38.91656441,-84.40111542,6.088,12/7/2021 0:00,1345,1,1,0,0,O,CLEAR,DRY,0,COLLISION WITH FIXED OBJECT NON - INTERSECTION - FIRST EVENT COLLISION 09 - 32 EXCLUDING 16,SINGLE VEHICLE,CURVE & LEVEL,DAYLIGHT,0,0,0,1
29429739,CAMPBELL,KY1120,StateRoute,15,11TH,ST,W,39.0848022,-84.4899366,0.645,12/7/2021 0:00,1640,2,2,0,0,O,CLOUDY,DRY,0,1 VEHICLE PARKED POSITION (NOT PARKING LOT/DRIVEWAY),SIDESWIPE-SAME DIRECTION,STRAIGHT & LEVEL,DAYLIGHT,0,0,0,1
29414179,CAMPBELL,,OTHR,,CROSSROADS,BLVD,,39.00463878,-84.4190603,0.333,12/7/2021 0:00,1542,2,2,0,0,O,CLOUDY,DRY,0,REAR END IN TRAFFIC LANES BOTH VEHICLES MOVING,REAR END,STRAIGHT & LEVEL,DAYLIGHT,0,0,0,1
29420417,CAMPBELL,I 0275,Interstate,,I275 E,,,39.04785534,-84.45287669,74.54,12/7/2021 0:00,1648,2,2,0,0,O,CLEAR,DRY,0,REAR END IN TRAFFIC LANES BOTH VEHICLES MOVING,REAR END,STRAIGHT & LEVEL,DUSK,0,0,0,1
29471947,CAMPBELL,US0027,USRoute,,ALEXANDRIA,PIKE,,39.03019606,-84.45137686,16.246,12/7/2021 0:00,1822,2,2,0,0,O,CLEAR,DRY,0,REAR END IN TRAFFIC LANES BOTH VEHICLES MOVING,REAR END,STRAIGHT & LEVEL,DARK-HWY LIGHTED/ON,0,0,0,1
29404554,CAMPBELL,I 0275,Interstate,,I275 W,,,39.03017066,-84.47117121,76.425,12/8/2021 0:00,555,2,2,0,0,O,CLEAR,SNOW/SLUSH,0,SIDESWIPE COLLISION - SAME DIRECTION,SIDESWIPE-SAME DIRECTION,CURVE & GRADE,DARK-HWY NOT LIGHTED,0,0,0,1
29429742,CAMPBELL,I 0471,Interstate,,I471 S,,,39.09600836,-84.48261543,4.192,12/8/2021 0:00,1513,2,2,0,0,O,CLEAR,DRY,0,SIDESWIPE COLLISION - SAME DIRECTION,SIDESWIPE-SAME DIRECTION,STRAIGHT & LEVEL,DAYLIGHT,0,0,0,1
29409111,CAMPBELL,KY0009,StateRoute,,AA,HWY,,39.0181368,-84.48003697,17.39,12/8/2021 0:00,1010,2,2,0,0,O,CLOUDY,WET,0,REAR END IN TRAFFIC LANES BOTH VEHICLES MOVING,REAR END,STRAIGHT & LEVEL,DAYLIGHT,0,0,0,1
29449744,CAMPBELL,I 0275,Interstate,,I275 E,,,39.04588063,-84.46050972,74.991,12/8/2021 0:00,743,2,2,0,0,O,CLOUDY,ICE,0,SIDESWIPE COLLISION - SAME DIRECTION,SIDESWIPE-SAME DIRECTION,STRAIGHT & LEVEL,DAWN,0,0,0,1
29401018,CAMPBELL,KY0009,StateRoute,,AA,HWY,,39.00647559,-84.45204345,15.597,12/8/2021 0:00,451,2,2,0,0,O,CLOUDY,ICE,0,REAR END IN TRAFFIC LANES BOTH VEHICLES MOVING,REAR END,STRAIGHT & GRADE,DARK-HWY LIGHTED/ON,0,0,0,1
29449750,CAMPBELL,KY0009,StateRoute,,AA,HWY,,38.90238593,-84.27820919,3.127,12/8/2021 0:00,657,2,2,0,0,O,CLOUDY,ICE,0,REAR END IN TRAFFIC LANES BOTH VEHICLES MOVING,REAR END,STRAIGHT & LEVEL,DARK-HWY LIGHTED/OFF,0,0,0,1
29409112,CAMPBELL,KY0009,StateRoute,,AA,HWY,,39.00512395,-84.44599135,15.258,12/8/2021 0:00,458,2,2,0,0,O,CLOUDY,ICE,0,1 VEHICLE PARKED POSITION (NOT PARKING LOT/DRIVEWAY),SIDESWIPE-SAME DIRECTION,CURVE & GRADE,DARK-HWY LIGHTED/ON,0,0,0,1
29406280,CAMPBELL,,OTHR,329,3RD,AVE,,39.11302962,-84.47836903,0.337,12/8/2021 0:00,1808,2,2,0,0,O,CLEAR,DRY,0,1 VEHICLE PARKED POSITION (NOT PARKING LOT/DRIVEWAY),SIDESWIPE-SAME DIRECTION,STRAIGHT & LEVEL,DUSK,0,0,0,1
29474861,CAMPBELL,,OTHR,60,SWEETBRIAR,AVE,,39.07709498,-84.45640434,0.106,12/8/2021 0:00,830,2,2,0,0,O,CLEAR,DRY,0,1 VEHICLE PARKED POSITION (NOT PARKING LOT/DRIVEWAY),BACKING,STRAIGHT & LEVEL,DARK-HWY LIGHTED/ON,0,0,0,1
29418013,CAMPBELL,,OTHR,25,LOCKWOOD,PL,,39.06933241,-84.44648288,0.099,12/8/2021 0:00,1114,2,2,0,0,O,CLEAR,DRY,0,1 VEHICLE PARKED POSITION (NOT PARKING LOT/DRIVEWAY),SIDESWIPE-SAME DIRECTION,STRAIGHT & LEVEL,DAYLIGHT,0,0,0,1
29406522,CAMPBELL,US0027,USRoute,,ALEXANDRIA,PIKE,,39.00074488,-84.42051545,13.63,12/8/2021 0:00,1109,2,2,0,0,O,CLOUDY,WET,0,OTHER INTERSECTION COLLISIONS,REAR END,STRAIGHT & LEVEL,DAYLIGHT,1,0,0,1
29400272,CAMPBELL,US0027,USRoute,,ALEXANDRIA,PIKE,,39.06520562,-84.46417981,19.484,12/8/2021 0:00,718,1,1,0,0,O,CLOUDY,SNOW/SLUSH,0,COLLISION WITH FIXED OBJECT NON - INTERSECTION - FIRST EVENT COLLISION 09 - 32 EXCLUDING 16,SINGLE VEHICLE,CURVE & GRADE,DAWN,0,0,0,1
29400441,CAMPBELL,I 0471,Interstate,,I471 S,,,39.07444267,-84.46655556,2.428,12/8/2021 0:00,14,1,1,0,0,O,SNOWING,SNOW/SLUSH,0,COLLISION WITH FIXED OBJECT NON - INTERSECTION - FIRST EVENT COLLISION 09 - 32 EXCLUDING 16,SINGLE VEHICLE,STRAIGHT & LEVEL,DARK-HWY LIGHTED/ON,0,0,0,1
29404559,CAMPBELL,,OTHR,,BACKUS,DR,,38.9898649,-84.40524608,0.075,12/8/2021 0:00,900,1,1,0,0,O,CLOUDY,ICE,0,COLLISION WITH FIXED OBJECT NON - INTERSECTION - FIRST EVENT COLLISION 09 - 32 EXCLUDING 16,SINGLE VEHICLE,CURVE & GRADE,DAYLIGHT,0,0,0,1
29401019,CAMPBELL,KY0009,StateRoute,,AA,HWY,,39.00467152,-84.4437416,15.133,12/8/2021 0:00,451,1,1,0,0,O,CLOUDY,ICE,0,RAN OFF ROADWAY (1 VEHICLE WITH/EARTH EMBANKMENT/DITCH),SINGLE VEHICLE,STRAIGHT & HILLCREST,DARK-HWY NOT LIGHTED,0,0,0,1
29418321,CAMPBELL,KY0547,StateRoute,8034,RILEY,RD,,38.96822645,-84.37468603,0.905,12/8/2021 0:00,1700,1,1,0,0,O,SNOWING,SNOW/SLUSH,1,COLLISION WITH FIXED OBJECT NON - INTERSECTION - FIRST EVENT COLLISION 09 - 32 EXCLUDING 16,SINGLE VEHICLE,CURVE & GRADE,DARK-HWY NOT LIGHTED,0,0,0,1
29402447,CAMPBELL,,OTHR,,8TH,ST,E,39.09269765,-84.48547571,0.489,12/8/2021 0:00,1415,2,2,0,0,O,CLEAR,WET,0,ANGLE COLLISION - OTHER,ANGLE,STRAIGHT & LEVEL,DAYLIGHT,0,0,0,1
29418320,CAMPBELL,US0027,USRoute,,ALEXANDRIA,PIKE,,38.97347251,-84.39218304,11.153,12/8/2021 0:00,1211,2,2,0,0,O,CLEAR,DRY,0,OTHER INTERSECTION COLLISIONS,REAR END,STRAIGHT & LEVEL,DAYLIGHT,1,0,0,1
29404560,CAMPBELL,US0027,USRoute,,ALEXANDRIA,PIKE,,38.82995084,-84.36527209,0.576,12/8/2021 0:00,600,2,2,0,0,O,"SLEET, HAIL, FREEZING RAIN",ICE,0,1 VEHICLE ENTERING/LEAVING ENTRANCE,ANGLE,CURVE & HILLCREST,DARK (UNKNOWN ROADWAY LIGHTING),0,0,0,1
29404558,CAMPBELL,I 0275,Interstate,,I275 E,,,39.04697443,-84.45603582,,12/8/2021 0:00,1115,2,2,0,0,O,CLEAR,WET,0,1 VEHICLE ENTERING/LEAVING ENTRANCE,ANGLE,STRAIGHT & LEVEL,DAYLIGHT,0,0,0,1
29420429,CAMPBELL,I 0275,Interstate,,I275 W,,,39.02767014,-84.47355432,,12/8/2021 0:00,343,1,1,0,0,O,SNOWING,ICE,0,OTHER ROADWAY OR MID-BLOCK COLLISION,SINGLE VEHICLE,CURVE & GRADE,DARK (UNKNOWN ROADWAY LIGHTING),0,0,0,1
29420424,CAMPBELL,I 0275,Interstate,,,,,39.04839962,-84.45883393,0.144,12/8/2021 0:00,530,1,1,0,1,B,CLEAR,ICE,0,OTHER RAMP RELATED COLLISIONS NOT LISTED ABOVE,SINGLE VEHICLE,CURVE & GRADE,DARK (UNKNOWN ROADWAY LIGHTING),0,0,0,1
29415621,CAMPBELL,US0027,USRoute,,,,,39.00048734,-84.42435114,0.257,12/8/2021 0:00,520,6,6,0,0,O,CLOUDY,ICE,0,OTHER RAMP RELATED COLLISIONS NOT LISTED ABOVE,REAR END,CURVE & GRADE,DARK-HWY LIGHTED/ON,0,0,0,1
29407374,CAMPBELL,I 0471,Interstate,,,,,39.08542158,-84.4745226,0.211,12/9/2021 0:00,1525,2,2,0,0,O,CLEAR,DRY,0,OTHER RAMP RELATED COLLISIONS NOT LISTED ABOVE,REAR END,CURVE & GRADE,DAYLIGHT,0,0,0,1
29412891,CAMPBELL,KY0009,StateRoute,,AA HWY,,N,39.01818099,-84.48008291,,12/9/2021 0:00,1412,2,2,0,0,O,CLEAR,DRY,0,OTHER ROADWAY OR MID-BLOCK COLLISION,REAR END,STRAIGHT & LEVEL,DAYLIGHT,0,0,0,1
29407373,CAMPBELL,I 0471,Interstate,,I471 N,,,39.09837263,-84.48985059,4.622,12/9/2021 0:00,729,2,2,0,0,O,CLEAR,DRY,0,OTHER ROADWAY OR MID-BLOCK COLLISION,REAR END,STRAIGHT & LEVEL,DAWN,0,0,0,1
29410185,CAMPBELL,,OTHR,,FT THOMAS,AVE,N,39.09168593,-84.44734992,0.591,12/9/2021 0:00,800,2,2,0,0,O,CLOUDY,WET,0,ANGLE COLLISION - OTHER,ANGLE,STRAIGHT & LEVEL,DAWN,0,0,0,1
29422796,CAMPBELL,,OTHR,909,CAMEL CROSSING,,,38.91814732,-84.39417514,,12/9/2021 0:00,1425,2,2,0,0,O,CLEAR,DRY,0,1 VEHICLE ENTERING OR LEAVING PARKED POSITION (NOT PARKING LOT),BACKING,STRAIGHT & LEVEL,DAYLIGHT,0,0,0,1
29472327,CAMPBELL,US0027,USRoute,,ALEXANDRIA,PIKE,,38.98584699,-84.40322094,12.261,12/9/2021 0:00,1915,2,2,0,0,O,CLEAR,DRY,0,OTHER INTERSECTION COLLISIONS,REAR END,STRAIGHT & GRADE,DARK-HWY NOT LIGHTED,1,0,0,1
29472328,CAMPBELL,US0027,USRoute,,ALEXANDRIA,PIKE,,38.98575387,-84.40285521,12.244,12/9/2021 0:00,1753,2,2,0,0,O,CLEAR,DRY,1,OTHER INTERSECTION COLLISIONS,REAR END,STRAIGHT & LEVEL,DARK-HWY LIGHTED/ON,1,0,0,1
29405989,CAMPBELL,I 0471,Interstate,,I471 N,,,39.10006918,-84.4936058,4.859,12/9/2021 0:00,659,2,2,0,0,O,CLOUDY,DRY,0,SIDESWIPE COLLISION - SAME DIRECTION,SIDESWIPE-SAME DIRECTION,STRAIGHT & GRADE,DARK-HWY LIGHTED/ON,0,0,0,1
29409113,CAMPBELL,KY1998,StateRoute,,POOLES CREEK,RD,,39.01075178,-84.46854706,0.061,12/9/2021 0:00,1901,2,2,0,0,O,CLEAR,DRY,1,HEAD-ON COLLISION,HEAD ON,STRAIGHT & LEVEL,DARK-HWY LIGHTED/ON,0,0,0,1
29411564,CAMPBELL,,OTHR,130,NEWPORT PAVILION,,,39.09163207,-84.47824554,0.155,12/10/2021 0:00,1513,2,2,0,0,O,CLEAR,WET,1,1 VEHICLE PARKED POSITION (NOT PARKING LOT/DRIVEWAY),ANGLE,STRAIGHT & LEVEL,DAYLIGHT,0,0,0,1
29412892,CAMPBELL,KY0009,StateRoute,,AA,HWY,,39.01810219,-84.47999831,17.387,12/10/2021 0:00,1300,2,2,0,0,O,CLOUDY,DRY,0,REAR END IN TRAFFIC LANES BOTH VEHICLES MOVING,REAR END,STRAIGHT & LEVEL,DAYLIGHT,0,0,0,1
29412318,CAMPBELL,I 0471,Interstate,,I471 N,,,39.09540819,-84.48133859,4.106,12/10/2021 0:00,1755,2,2,0,0,O,RAINING,WET,0,REAR END IN TRAFFIC LANES BOTH VEHICLES MOVING,REAR END,STRAIGHT & LEVEL,DARK-HWY LIGHTED/ON,0,0,0,1
29418360,CAMPBELL,US0027,USRoute,,ALEXANDRIA,PIKE,,38.86438055,-84.3923028,3.384,12/10/2021 0:00,707,2,2,0,0,O,CLOUDY,WET,0,1 VEHICLE ENTERING/LEAVING ENTRANCE,ANGLE,STRAIGHT & LEVEL,DAWN,0,0,0,1
29468643,CAMPBELL,,OTHR,,NEWPORT PAVILION,,,39.08806019,-84.4759663,0.462,12/10/2021 0:00,1200,2,2,0,0,O,CLEAR,DRY,0,SIDESWIPE COLLISION - OPPOSITE DIRECTION,SIDESWIPE-OPPOSITE DIRECTION,STRAIGHT & LEVEL,DAYLIGHT,0,0,0,1
29448544,CAMPBELL,,OTHR,,5TH,ST,E,39.09239142,-84.49427195,,12/10/2021 0:00,1108,3,3,0,0,O,CLOUDY,WET,0,ANGLE COLLISION - OTHER,ANGLE,STRAIGHT & LEVEL,DAYLIGHT,0,0,0,1
29463654,CAMPBELL,US0027,USRoute,,11TH,ST,E,39.08497518,-84.48954755,21.599,12/10/2021 0:00,2057,2,2,0,0,O,CLOUDY,WET,0,SIDESWIPE-SAME DIRECTION,SIDESWIPE-SAME DIRECTION,STRAIGHT & LEVEL,DARK-HWY LIGHTED/ON,0,0,0,1
29414203,CAMPBELL,,OTHR,,PLAZA,DR,,39.00331056,-84.42446845,0.082,12/10/2021 0:00,1721,2,2,0,0,O,RAINING,WET,0,1 VEHICLE ENTERING/LEAVING ENTRANCE,ANGLE,CURVE & GRADE,DARK-HWY LIGHTED/ON,0,0,0,1
29448554,CAMPBELL,,OTHR,,9TH,ST,W,39.08623611,-84.49397145,0.142,12/10/2021 0:00,1722,2,2,0,0,O,RAINING,WET,0,1 VEHICLE ENTERING/LEAVING ENTRANCE,ANGLE,STRAIGHT & LEVEL,DAYLIGHT,0,0,0,1
29412131,CAMPBELL,I 0471,Interstate,,,,,39.09871186,-84.49080542,0.331,12/10/2021 0:00,1934,1,1,0,0,O,CLOUDY,WET,0,COLLISION WITH FIXED OBJECT NOT IN GORE ,SINGLE VEHICLE,CURVE & LEVEL,DARK-HWY LIGHTED/ON,0,0,0,1
29412632,CAMPBELL,I 0471,Interstate,,,,,39.09258797,-84.47913656,0.122,12/10/2021 0:00,2215,1,1,0,0,O,RAINING,WET,0,COLLISION WITH FIXED OBJECT NOT IN GORE ,SINGLE VEHICLE,STRAIGHT & GRADE,DARK-HWY LIGHTED/ON,0,0,0,1
29414204,CAMPBELL,KY0009,StateRoute,,AA,HWY,,39.00274318,-84.43519841,14.654,12/11/2021 0:00,1829,1,1,0,0,O,CLOUDY,DRY,0,OTHER ROADWAY OR MID-BLOCK COLLISION,SINGLE VEHICLE,STRAIGHT & LEVEL,DARK-HWY LIGHTED/ON,0,0,0,1
29414722,CAMPBELL,KY1120,StateRoute,101,10TH,ST,E,39.08731591,-84.48871531,0.783,12/11/2021 0:00,1938,2,2,0,0,O,CLEAR,DRY,0,VEHICLE BACKING NON INTERSECTION,BACKING,STRAIGHT & LEVEL,DARK-HWY NOT LIGHTED,0,0,0,1
29413777,CAMPBELL,US0027,USRoute,1711,MONMOUTH,ST,,39.0824402,-84.48223919,21.077,12/11/2021 0:00,1807,1,1,0,0,O,CLEAR,DRY,0,COLLISION WITH FIXED OBJECT IN INTERSECTION - FIRST EVENT COLLISION 09 - 32,SINGLE VEHICLE,STRAIGHT & GRADE,DARK-HWY LIGHTED/ON,1,0,0,1
29429744,CAMPBELL,,OTHR,,WEINGARTNER,ALY,,39.09112259,-84.48852314,0.005,12/11/2021 0:00,1400,2,2,0,0,O,CLEAR,DRY,1,COLLISION WITH PARKED VEHICLE,SIDESWIPE-SAME DIRECTION,STRAIGHT & LEVEL,DAYLIGHT,0,0,0,1
29418011,CAMPBELL,,OTHR,31,DAISY,LN,,39.08135858,-84.46232903,0.064,12/11/2021 0:00,1100,2,2,0,0,O,CLOUDY,WET,0,1 VEHICLE PARKED POSITION (NOT PARKING LOT/DRIVEWAY),SIDESWIPE-SAME DIRECTION,STRAIGHT & GRADE,DAYLIGHT,0,0,0,1
29415018,CAMPBELL,,OTHR,,OVERTON,ST,,39.09444411,-84.49049447,0.359,12/11/2021 0:00,1200,2,2,0,0,O,CLOUDY,WET,0,1 VEHICLE PARKED POSITION (NOT PARKING LOT/DRIVEWAY),SIDESWIPE-SAME DIRECTION,STRAIGHT & LEVEL,DAYLIGHT,0,0,0,1