IncidentID,County,RdwyNumber,RdwyType,Street,RoadwayName,StreetSfx,StreetDir,Latitude,Longitude,Milepoint,CollisionDate,CollisionTime,UnitsInvolved,MotorVehiclesInvolved,NumberKilled,NumberInjured,KABCO,Weather,RdwyConditionCode,HitandRun,DirAnalysisCode,MannerofCollision,RdwyCharacter,LightCondition,Intersection Crash,Bicyclist,Pedestrian,Motor Vehicles
29415299,CAMPBELL,,OTHR,114,11TH,ST,E,39.0864924,-84.48685831,0.042,12/11/2021 0:00,255,1,1,0,0,O,CLEAR,DRY,1,COLLISION WITH FIXED OBJECT NON - INTERSECTION - FIRST EVENT COLLISION 09 - 32 EXCLUDING 16,SINGLE VEHICLE,STRAIGHT & LEVEL,DUSK,0,0,0,1
29422792,CAMPBELL,KY0154,StateRoute,,PEACH GROVE,RD,,38.83970744,-84.34605072,2.414,12/11/2021 0:00,2345,1,1,0,0,O,CLEAR,DRY,0,COLLISION WITH FIXED OBJECT NON - INTERSECTION - FIRST EVENT COLLISION 09 - 32 EXCLUDING 16,SINGLE VEHICLE,CURVE & GRADE,DARK-HWY NOT LIGHTED,0,0,0,1
29415016,CAMPBELL,I 0471,Interstate,,I471 S,,,39.07575559,-84.46838492,2.562,12/11/2021 0:00,1148,2,2,0,0,O,CLEAR,DRY,0,SIDESWIPE COLLISION - SAME DIRECTION,SIDESWIPE-SAME DIRECTION,STRAIGHT & LEVEL,DAYLIGHT,0,0,0,1
29469422,CAMPBELL,KY0008,StateRoute,,MARY INGLES,HWY,,39.03771278,-84.39443259,10.54,12/11/2021 0:00,2023,4,4,0,0,O,CLEAR,DRY,0,1 VEHICLE PARKED POSITION (NOT PARKING LOT/DRIVEWAY),SIDESWIPE-SAME DIRECTION,STRAIGHT & LEVEL,DARK-HWY LIGHTED/ON,0,0,0,1
29484036,CAMPBELL,,OTHR,,COVERT RUN,PIKE,,39.09996401,-84.47619673,0.21,12/11/2021 0:00,2058,4,4,0,0,O,CLEAR,DRY,0,1 VEHICLE PARKED POSITION (NOT PARKING LOT/DRIVEWAY),SIDESWIPE-SAME DIRECTION,STRAIGHT & LEVEL,DARK-HWY NOT LIGHTED,0,0,0,1
29418015,CAMPBELL,KY1120,StateRoute,,FT THOMAS,AVE,S,39.06296389,-84.44832019,5.481,12/12/2021 0:00,1125,3,3,0,0,O,,,1,1 VEHICLE PARKED POSITION (NOT PARKING LOT/DRIVEWAY),REAR END,CURVE & HILLCREST,,0,0,0,1
29422127,CAMPBELL,KY0009,StateRoute,,AA,HWY,,39.00363156,-84.43843869,14.839,12/12/2021 0:00,1505,3,3,0,0,O,CLEAR,DRY,1,SIDESWIPE COLLISION - SAME DIRECTION,SIDESWIPE-SAME DIRECTION,STRAIGHT & HILLCREST,DAYLIGHT,0,0,0,1
29483376,CAMPBELL,,OTHR,120,SHERMAN,AVE,,39.0571556,-84.45638082,0.169,12/12/2021 0:00,536,1,1,0,0,O,CLEAR,DRY,0,COLLISION WITH FIXED OBJECT NON - INTERSECTION - FIRST EVENT COLLISION 09 - 32 EXCLUDING 16,SINGLE VEHICLE,STRAIGHT & LEVEL,DARK (UNKNOWN ROADWAY LIGHTING),0,0,0,1
29416136,CAMPBELL,,OTHR,,BERRY,ST,,39.11331275,-84.47072721,0.078,12/12/2021 0:00,56,2,2,0,0,O,CLEAR,DRY,1,1 VEHICLE PARKED POSITION (NOT PARKING LOT/DRIVEWAY),,STRAIGHT & LEVEL,DARK-HWY LIGHTED/ON,0,0,0,1
29467541,CAMPBELL,US0027,USRoute,,ALEXANDRIA,PIKE,,38.85333559,-84.38317676,2.476,12/12/2021 0:00,56,2,2,0,2,A,CLEAR,DRY,0,ANGLE COLLISION - OTHER,ANGLE,STRAIGHT & LEVEL,DARK-HWY NOT LIGHTED,0,0,0,1
29415297,CAMPBELL,,OTHR,,PARK,AVE,,39.09719142,-84.49172971,0.269,12/12/2021 0:00,1037,2,2,0,0,O,CLEAR,DRY,0,SIDESWIPE-SAME DIRECTION,SIDESWIPE-SAME DIRECTION,STRAIGHT & LEVEL,DAYLIGHT,0,0,0,1
29429748,CAMPBELL,,OTHR,130,NEWPORT PAVILION,,,39.0916028,-84.47818822,0.159,12/12/2021 0:00,1230,2,2,0,0,O,CLEAR,DRY,0,OTHER ROADWAY OR MID-BLOCK COLLISION,REAR TO REAR,STRAIGHT & LEVEL,DAYLIGHT,0,0,0,1
29449765,CAMPBELL,,OTHR,,HIDDEN VALLEY,DR,,39.0351315,-84.45394494,0.004,12/12/2021 0:00,1440,3,3,0,0,O,CLOUDY,DRY,0,OTHER ROADWAY OR MID-BLOCK COLLISION,REAR END,STRAIGHT & LEVEL,DAYLIGHT,0,0,0,1
29429746,CAMPBELL,KY1120,StateRoute,300,11TH,ST,W,39.08269704,-84.49377549,0.392,12/12/2021 0:00,1601,3,3,0,0,O,CLEAR,DRY,1,OTHER ROADWAY OR MID-BLOCK COLLISION,REAR END,STRAIGHT & LEVEL,DAYLIGHT,0,0,0,1
29437030,CAMPBELL,I 0471,Interstate,,I471 S,,,39.0855503,-84.47344905,3.296,12/13/2021 0:00,1939,1,1,0,0,O,CLEAR,DRY,0,OTHER ROADWAY OR MID-BLOCK COLLISION,SINGLE VEHICLE,STRAIGHT & LEVEL,DARK-HWY LIGHTED/ON,0,0,0,1
29439312,CAMPBELL,,OTHR,66,CASAGRANDE,ST,,39.09075157,-84.467059,0.151,12/13/2021 0:00,1642,1,1,0,0,O,CLEAR,DRY,0,COLLISION WITH FIXED OBJECT NON - INTERSECTION - FIRST EVENT COLLISION 09 - 32 EXCLUDING 16,SINGLE VEHICLE,STRAIGHT & LEVEL,DAYLIGHT,0,0,0,1
29466689,CAMPBELL,,OTHR,,WIGEON,DR,,38.92092534,-84.40454603,0.306,12/13/2021 0:00,1540,2,2,0,0,O,CLEAR,DRY,0,OTHER INTERSECTION COLLISIONS,REAR END,STRAIGHT & LEVEL,DAYLIGHT,1,0,0,1
29429736,CAMPBELL,US0027,USRoute,2114,MONMOUTH,ST,,39.07777908,-84.47932208,20.721,12/13/2021 0:00,1408,2,2,0,0,O,CLEAR,DRY,0,SIDESWIPE COLLISION - SAME DIRECTION,SIDESWIPE-SAME DIRECTION,STRAIGHT & LEVEL,DAYLIGHT,0,0,0,1
29439309,CAMPBELL,,OTHR,,HIGHLAND,AVE,,39.07649118,-84.45353223,1.08,12/13/2021 0:00,1526,2,2,0,0,O,CLEAR,DRY,0,SIDESWIPE COLLISION - OPPOSITE DIRECTION,SIDESWIPE-OPPOSITE DIRECTION,STRAIGHT & LEVEL,DAYLIGHT,0,0,0,1
29466693,CAMPBELL,I 0275,Interstate,,I275 W,,,39.05245566,-84.4419696,73.889,12/13/2021 0:00,1955,3,3,0,3,B,CLEAR,DRY,0,SIDESWIPE COLLISION - SAME DIRECTION,SIDESWIPE-SAME DIRECTION,STRAIGHT & LEVEL,DARK-HWY LIGHTED/ON,0,0,0,1
29472337,CAMPBELL,,OTHR,1712,GRANDVIEW,RD,,38.95792837,-84.37004378,0.493,12/13/2021 0:00,551,2,2,0,0,O,CLEAR,DRY,0,1 VEHICLE PARKED POSITION (NOT PARKING LOT/DRIVEWAY),REAR END,STRAIGHT & LEVEL,DARK-HWY NOT LIGHTED,0,0,0,1
29436967,CAMPBELL,KY0154,StateRoute,,PEACH GROVE,RD,,38.8509418,-84.36672646,,12/13/2021 0:00,2010,2,2,0,0,O,CLEAR,DRY,0,REAR END IN TRAFFIC LANES BOTH VEHICLES MOVING,REAR END,CURVE & GRADE,DARK-HWY NOT LIGHTED,0,0,0,1
29456420,CAMPBELL,US0027,USRoute,5010,ALEXANDRIA,PIKE,,39.00656007,-84.42733458,14.157,12/13/2021 0:00,1752,2,2,0,0,O,CLEAR,DRY,1,REAR END IN TRAFFIC LANES BOTH VEHICLES MOVING,REAR END,STRAIGHT & LEVEL,DUSK,0,0,0,1
29448548,CAMPBELL,,OTHR,500,SARATOGA,ST,,39.09269617,-84.4925075,0.525,12/14/2021 0:00,538,2,2,0,0,O,CLOUDY,DRY,1,1 VEHICLE PARKED POSITION (NOT PARKING LOT/DRIVEWAY),REAR END,STRAIGHT & LEVEL,DARK-HWY LIGHTED/ON,0,0,0,1
29467190,CAMPBELL,US0027,USRoute,,ALEXANDRIA,PIKE,,39.07117565,-84.4700425,19.987,12/14/2021 0:00,1515,2,2,0,0,O,CLOUDY,DRY,0,SIDESWIPE COLLISION - SAME DIRECTION,SIDESWIPE-SAME DIRECTION,STRAIGHT & GRADE,DAYLIGHT,0,0,0,1
29484040,CAMPBELL,KY0008,StateRoute,,FAIRFIELD,AVE,,39.10478246,-84.48509303,1.726,12/14/2021 0:00,1522,2,2,0,0,O,CLEAR,DRY,0,OTHER INTERSECTION COLLISIONS,REAR TO REAR,STRAIGHT & LEVEL,DAYLIGHT,1,0,0,1
29472341,CAMPBELL,US0027,USRoute,,ALEXANDRIA,PIKE,,38.9856592,-84.40279446,12.236,12/14/2021 0:00,926,3,3,0,0,O,CLEAR,DRY,0,OTHER INTERSECTION COLLISIONS,REAR END,STRAIGHT & GRADE,DAYLIGHT,1,0,0,1
29487964,CAMPBELL,KY0009,StateRoute,,AA,HWY,,38.98496736,-84.38910682,11.713,12/14/2021 0:00,1845,1,1,0,1,B,CLEAR,DRY,0,COLLISION WITH ANIMAL IN INTERSECTION,SINGLE VEHICLE,STRAIGHT & HILLCREST,DARK-HWY LIGHTED/ON,1,0,0,1
29484041,CAMPBELL,,OTHR,,TAYLOR,AVE,,39.10080784,-84.47867745,0.56,12/14/2021 0:00,1830,2,2,0,0,O,CLEAR,DRY,0,ANGLE COLLISION - OTHER,ANGLE,STRAIGHT & LEVEL,DUSK,0,0,0,1
29471178,CAMPBELL,KY1998,StateRoute,106,POOLES CREEK,RD,,39.01982371,-84.4526564,1.171,12/14/2021 0:00,1156,1,1,0,0,O,CLOUDY,DRY,0,COLLISION WITH FIXED OBJECT NON - INTERSECTION - FIRST EVENT COLLISION 09 - 32 EXCLUDING 16,SINGLE VEHICLE,STRAIGHT & LEVEL,DAYLIGHT,0,0,0,1
29471107,CAMPBELL,KY2238,StateRoute,,LOUIE B NUNN,DR,,39.03517583,-84.45417855,0.017,12/14/2021 0:00,1135,2,2,0,0,O,CLEAR,DRY,0,OTHER INTERSECTION COLLISIONS,REAR END,STRAIGHT & LEVEL,DAYLIGHT,1,0,0,1
29460734,CAMPBELL,,OTHR,,MAIN,ST,,39.11343676,-84.46845063,0.238,12/14/2021 0:00,1350,2,2,0,0,O,CLEAR,DRY,1,1 VEHICLE PARKED POSITION (NOT PARKING LOT/DRIVEWAY),SIDESWIPE-SAME DIRECTION,STRAIGHT & LEVEL,DAYLIGHT,0,0,0,1
29505483,CAMPBELL,,OTHR,,TAYLOR,AVE,,39.10090908,-84.47878412,0.551,12/14/2021 0:00,1930,2,2,0,0,O,CLEAR,DRY,0,1 VEHICLE PARKED POSITION (NOT PARKING LOT/DRIVEWAY),SIDESWIPE-SAME DIRECTION,STRAIGHT & LEVEL,DARK-HWY LIGHTED/OFF,0,0,0,1
29463652,CAMPBELL,I 0471,Interstate,,,,,39.09282407,-84.47908047,0.197,12/14/2021 0:00,1810,2,2,0,0,O,CLEAR,DRY,0,OTHER RAMP RELATED COLLISIONS NOT LISTED ABOVE,REAR END,STRAIGHT & HILLCREST,DARK-HWY LIGHTED/ON,0,0,0,1
29471524,CAMPBELL,US0027,USRoute,7532,ALEXANDRIA,PIKE,,38.98130549,-84.39527623,11.717,12/15/2021 0:00,1439,2,2,0,0,O,CLOUDY,DRY,0,OTHER ROADWAY OR MID-BLOCK COLLISION,REAR END,STRAIGHT & LEVEL,DAYLIGHT,0,0,0,1
29471177,CAMPBELL,US0027,USRoute,,,,,39.00058826,-84.42073685,0.027,12/15/2021 0:00,1453,2,2,0,0,O,CLEAR,DRY,0,OTHER RAMP RELATED COLLISIONS NOT LISTED ABOVE,REAR END,STRAIGHT & LEVEL,DAYLIGHT,0,0,0,1
29468034,CAMPBELL,KY1892,StateRoute,,CAROTHERS,RD,,39.08637522,-84.47726346,2.153,12/15/2021 0:00,1140,2,2,0,0,O,CLOUDY,DRY,0,OTHER INTERSECTION COLLISIONS,REAR END,STRAIGHT & LEVEL,DAYLIGHT,1,0,0,1
29472305,CAMPBELL,KY0709,StateRoute,KY 709,ALEXANDRIA,PIKE,E,38.98624165,-84.39740957,0.274,12/15/2021 0:00,1732,2,2,0,1,C,CLOUDY,DRY,0,OTHER INTERSECTION COLLISIONS,REAR END,STRAIGHT & GRADE,DARK-HWY LIGHTED/ON,1,0,0,1
29472973,CAMPBELL,US0027,USRoute,,ALEXANDRIA,PIKE,,38.98217825,-84.39806772,11.852,12/15/2021 0:00,1353,2,2,0,0,O,CLOUDY,DRY,0,OTHER INTERSECTION COLLISIONS,REAR END,STRAIGHT & GRADE,DAYLIGHT,1,0,0,1
29474860,CAMPBELL,KY1120,StateRoute,,MEMORIAL,PKWY,,39.09089105,-84.45696358,2.867,12/15/2021 0:00,1700,1,1,0,0,O,CLOUDY,DRY,0,OTHER INTERSECTION COLLISIONS,SINGLE VEHICLE,STRAIGHT & GRADE,DAYLIGHT,1,0,0,1
29470477,CAMPBELL,KY0010,StateRoute,10771,FLAGG SPRINGS,PIKE,,38.91835636,-84.32433775,7.172,12/15/2021 0:00,959,1,1,0,0,O,CLEAR,WET,0,COLLISION WITH ANIMAL NON INTERSECTION,SINGLE VEHICLE,CURVE & HILLCREST,DAYLIGHT,0,0,0,1
29472975,CAMPBELL,US0027,USRoute,,ALEXANDRIA,PIKE,,38.98490857,-84.40183373,12.157,12/15/2021 0:00,1706,2,2,0,0,O,CLOUDY,DRY,0,OTHER INTERSECTION COLLISIONS,REAR END,STRAIGHT & GRADE,DAYLIGHT,1,0,0,1
29484037,CAMPBELL,,OTHR,404,TAYLOR,AVE,,39.10259598,-84.48055082,0.402,12/15/2021 0:00,725,2,2,0,0,O,CLOUDY,DRY,0,OPPOSING LEFT TURN,OPPOSING LEFT TURN,STRAIGHT & LEVEL,DAWN,0,0,0,1
29573418,CAMPBELL,,OTHR,,RIVIERA,DR,,39.09949598,-84.48605053,0.211,12/15/2021 0:00,1401,2,2,0,0,O,CLEAR,DRY,0,SIDESWIPE-SAME DIRECTION,SIDESWIPE-SAME DIRECTION,STRAIGHT & LEVEL,DAYLIGHT,0,0,0,1
29471946,CAMPBELL,I 0471,Interstate,,I471 N,,,39.04702351,-84.4576585,0.026,12/15/2021 0:00,925,2,2,0,0,O,CLOUDY,DRY,0,REAR END IN TRAFFIC LANES BOTH VEHICLES MOVING,REAR END,CURVE & GRADE,DAYLIGHT,0,0,0,1
29468642,CAMPBELL,,OTHR,145,MAIN,ST,,39.07998605,-84.48781128,0.315,12/15/2021 0:00,30,3,3,0,0,O,CLEAR,DRY,1,1 VEHICLE PARKED POSITION (NOT PARKING LOT/DRIVEWAY),SIDESWIPE-SAME DIRECTION,STRAIGHT & LEVEL,DARK-HWY LIGHTED/OFF,0,0,0,1
29505463,CAMPBELL,KY0008,StateRoute,45,FAIRFIELD,AVE,,39.10309907,-84.4871511,1.566,12/16/2021 0:00,1606,2,2,0,0,O,CLOUDY,DRY,0,REAR END IN TRAFFIC LANES BOTH VEHICLES MOVING,REAR END,STRAIGHT & LEVEL,DAYLIGHT,0,0,0,1
29474642,CAMPBELL,,OTHR,,LEES,RD,,38.88396886,-84.4077918,0.998,12/16/2021 0:00,820,1,1,0,0,O,CLOUDY,WET,0,COLLISION WITH FIXED OBJECT NON - INTERSECTION - FIRST EVENT COLLISION 09 - 32 EXCLUDING 16,SINGLE VEHICLE,CURVE & LEVEL,DAWN,0,0,0,1
29472023,CAMPBELL,KY0009,StateRoute,300 BLOCK,12TH,ST,W,39.08149082,-84.49256128,22.258,12/16/2021 0:00,821,3,3,0,0,O,CLEAR,DRY,0,1 VEHICLE PARKED POSITION (NOT PARKING LOT/DRIVEWAY),SIDESWIPE-SAME DIRECTION,STRAIGHT & LEVEL,DUSK,0,0,0,1
29483381,CAMPBELL,,OTHR,,ALPINE,DR,,39.06141989,-84.44959381,0.007,12/16/2021 0:00,1510,2,2,0,0,O,RAINING,WET,0,1 VEHICLE PARKED POSITION (NOT PARKING LOT/DRIVEWAY),REAR END,STRAIGHT & GRADE,DAYLIGHT,0,0,0,1
29476414,CAMPBELL,,OTHR,400,7TH,ST,W,39.08689649,-84.49964776,0.346,12/16/2021 0:00,1305,2,2,0,0,O,CLEAR,DRY,0,1 VEHICLE ENTERING/LEAVING ENTRANCE,ANGLE,STRAIGHT & LEVEL,DAYLIGHT,0,0,0,1
29483400,CAMPBELL,KY2345,StateRoute,1040,JOHNS HILL,RD,,39.04018295,-84.47985326,2.275,12/17/2021 0:00,1637,2,2,0,0,O,RAINING,WET,0,VEHICLE BACKING NON INTERSECTION,BACKING,STRAIGHT & GRADE,DAYLIGHT,0,0,0,1
29486798,CAMPBELL,KY2345,StateRoute,,JOHNS HILL,RD,,39.02811356,-84.46731703,1.027,12/17/2021 0:00,1422,2,2,0,0,O,RAINING,WET,0,OTHER INTERSECTION COLLISIONS,REAR END,STRAIGHT & LEVEL,DAYLIGHT,1,0,0,1
29487966,CAMPBELL,US0027,USRoute,,ALEXANDRIA,PIKE,,38.97361584,-84.39241412,11.157,12/17/2021 0:00,714,2,2,0,0,O,CLEAR,DRY,0,OTHER INTERSECTION COLLISIONS,REAR END,STRAIGHT & LEVEL,DAYLIGHT,1,0,0,1
29488979,CAMPBELL,KY0009,StateRoute,,AA,HWY,,39.01425945,-84.47624591,17.037,12/17/2021 0:00,1525,2,2,0,0,O,RAINING,WET,0,OTHER INTERSECTION COLLISIONS,REAR END,STRAIGHT & LEVEL,DAYLIGHT,1,0,0,1
29477702,CAMPBELL,US0027,USRoute,,3RD,ST,E,39.09348623,-84.49709554,22.259,12/17/2021 0:00,2231,2,2,0,0,O,RAINING,WET,1,ANGLE COLLISION - OTHER,ANGLE,CURVE & LEVEL,DARK-HWY LIGHTED/ON,0,0,0,1
29478010,CAMPBELL,US0027,USRoute,,ALEXANDRIA,PIKE,,39.00663578,-84.4272833,14.153,12/17/2021 0:00,1207,2,2,0,1,C,CLOUDY,DRY,0,ANGLE COLLISION - OTHER,ANGLE,STRAIGHT & LEVEL,DAYLIGHT,0,0,0,1
29476423,CAMPBELL,KY0008,StateRoute,,4TH,ST,W,39.09076529,-84.49901167,0.363,12/17/2021 0:00,1110,1,1,0,0,O,CLOUDY,DRY,0,COLLISION WITH FIXED OBJECT IN INTERSECTION - FIRST EVENT COLLISION 09 - 32,SINGLE VEHICLE,STRAIGHT & LEVEL,DAYLIGHT,1,0,0,1
29476416,CAMPBELL,KY1892,StateRoute,,GRAND,AVE,,39.08635016,-84.47669877,2.121,12/17/2021 0:00,1219,2,2,0,0,O,CLOUDY,DRY,0,OTHER INTERSECTION COLLISIONS,REAR END,STRAIGHT & HILLCREST,DAYLIGHT,1,0,0,1
29487965,CAMPBELL,,OTHR,59,SOUTHWOOD,DR,,38.94910314,-84.38400123,0.419,12/17/2021 0:00,1745,1,1,0,0,O,RAINING,WET,0,COLLISION WITH FIXED OBJECT NON - INTERSECTION - FIRST EVENT COLLISION 09 - 32 EXCLUDING 16,SINGLE VEHICLE,STRAIGHT & LEVEL,DARK (UNKNOWN ROADWAY LIGHTING),0,0,0,1
29504464,CAMPBELL,I 0275,Interstate,,I275 W,,,39.04570443,-84.46544544,75.267,12/17/2021 0:00,1031,2,2,0,0,O,CLEAR,DRY,0,SIDESWIPE COLLISION - SAME DIRECTION,SIDESWIPE-SAME DIRECTION,CURVE & GRADE,DAYLIGHT,0,0,0,1
29486804,CAMPBELL,I 0275,Interstate,,I275 E,,,39.03640509,-84.47011842,75.933,12/17/2021 0:00,1845,2,2,0,1,B,RAINING,WET,0,SIDESWIPE COLLISION - SAME DIRECTION,SIDESWIPE-SAME DIRECTION,STRAIGHT & LEVEL,DARK-HWY LIGHTED/ON,0,0,0,1
29483399,CAMPBELL,KY2345,StateRoute,,JOHNS HILL,RD,,39.0401849,-84.47987717,2.276,12/17/2021 0:00,1534,2,2,0,0,O,RAINING,WET,0,SIDESWIPE COLLISION - OPPOSITE DIRECTION,SIDESWIPE-OPPOSITE DIRECTION,CURVE & HILLCREST,DAYLIGHT,0,0,0,1
29486800,CAMPBELL,,OTHR,233,RIDGE HILL,DR,,39.01755409,-84.46583927,0.577,12/18/2021 0:00,1142,2,2,0,0,O,CLEAR,WET,0,1 VEHICLE PARKED POSITION (NOT PARKING LOT/DRIVEWAY),BACKING,STRAIGHT & LEVEL,DAYLIGHT,0,0,0,1
29483851,CAMPBELL,KY2345,StateRoute,70,MARTHA L COLLINS,BLVD,,39.026817,-84.45330048,0.203,12/18/2021 0:00,1719,2,2,0,0,O,RAINING,WET,0,REAR END IN TRAFFIC LANES BOTH VEHICLES MOVING,REAR END,STRAIGHT & LEVEL,DUSK,0,0,0,1
29482443,CAMPBELL,,OTHR,,TERRACE,CT,,38.91520217,-84.3980249,0.178,12/18/2021 0:00,2249,2,2,0,0,O,CLOUDY,DRY,0,1 VEHICLE PARKED POSITION (NOT PARKING LOT/DRIVEWAY),HEAD ON,STRAIGHT & GRADE,DARK-HWY NOT LIGHTED,0,0,0,1
29482446,CAMPBELL,KY0008,StateRoute,12324,MARY INGLES,HWY,,38.87840629,-84.24235766,25.185,12/18/2021 0:00,406,1,1,0,1,B,RAINING,WET,0,RAN OFF ROADWAY (1 VEHICLE WITH/EARTH EMBANKMENT/DITCH),SINGLE VEHICLE,STRAIGHT & GRADE,DARK-HWY NOT LIGHTED,0,0,0,1
29483379,CAMPBELL,,OTHR,,CHESAPEAKE,AVE,,39.08776788,-84.46623446,0.048,12/18/2021 0:00,1741,1,1,0,0,O,CLEAR,DRY,0,COLLISION WITH ANIMAL NON INTERSECTION,SINGLE VEHICLE,STRAIGHT & HILLCREST,DARK-HWY NOT LIGHTED,0,0,0,1
29486801,CAMPBELL,US0027,USRoute,,ALEXANDRIA,PIKE,,39.03380403,-84.45320235,16.503,12/18/2021 0:00,1219,2,2,0,0,O,RAINING,WET,0,OTHER INTERSECTION COLLISIONS,REAR END,STRAIGHT & LEVEL,DAYLIGHT,1,0,0,1
29505464,CAMPBELL,KY0008,StateRoute,,FAIRFIELD,AVE,,39.10681645,-84.48262784,1.919,12/18/2021 0:00,1615,2,2,0,0,O,CLOUDY,DRY,0,ANGLE COLLISION - OTHER,ANGLE,STRAIGHT & LEVEL,DAYLIGHT,0,0,0,1
29486802,CAMPBELL,US0027,USRoute,,ALEXANDRIA,PIKE,,39.03380403,-84.45320235,16.503,12/18/2021 0:00,1242,2,2,0,0,O,RAINING,WET,0,OPPOSING LEFT TURN,OPPOSING LEFT TURN,STRAIGHT & LEVEL,DAYLIGHT,0,0,0,1
29483848,CAMPBELL,US0027,USRoute,,ALEXANDRIA,PIKE,,39.00436185,-84.42491672,13.954,12/18/2021 0:00,2055,3,3,0,0,O,CLEAR,DRY,0,OTHER ROADWAY OR MID-BLOCK COLLISION,REAR END,STRAIGHT & GRADE,DARK-HWY NOT LIGHTED,0,0,0,1
29505482,CAMPBELL,KY0008,StateRoute,,FAIRFIELD,AVE,,39.10417094,-84.48583475,1.667,12/18/2021 0:00,1300,3,3,0,0,O,RAINING,WET,0,OTHER ROADWAY OR MID-BLOCK COLLISION,REAR END,STRAIGHT & LEVEL,DAYLIGHT,0,0,0,1
29488361,CAMPBELL,KY0915,StateRoute,,LICKING,PIKE,,38.98583581,-84.42058231,5.984,12/19/2021 0:00,2024,2,2,0,1,B,CLEAR,DRY,0,ANGLE COLLISION - OTHER,ANGLE,STRAIGHT & LEVEL,DARK-HWY NOT LIGHTED,0,0,0,1
29484038,CAMPBELL,,OTHR,806,BERRY,AVE,,39.09759131,-84.47852143,0.223,12/19/2021 0:00,1948,2,2,0,0,O,CLOUDY,DRY,1,1 VEHICLE PARKED POSITION (NOT PARKING LOT/DRIVEWAY),SIDESWIPE-OPPOSITE DIRECTION,STRAIGHT & HILLCREST,DARK-HWY LIGHTED/ON,0,0,0,1
29480747,CAMPBELL,KY1120,StateRoute,215,11TH,ST,W,39.08303001,-84.49307465,0.437,12/19/2021 0:00,934,2,2,0,0,O,CLEAR,DRY,1,1 VEHICLE PARKED POSITION (NOT PARKING LOT/DRIVEWAY),SIDESWIPE-SAME DIRECTION,STRAIGHT & LEVEL,DARK-HWY LIGHTED/OFF,0,0,0,1
29485442,CAMPBELL,KY1120,StateRoute,500,11TH,ST,W,39.08126772,-84.49628735,0.227,12/19/2021 0:00,1642,2,2,0,0,O,CLOUDY,DRY,0,SIDESWIPE COLLISION - SAME DIRECTION,SIDESWIPE-SAME DIRECTION,STRAIGHT & GRADE,DAYLIGHT,0,0,0,1
29505484,CAMPBELL,KY0008,StateRoute,,FAIRFIELD,AVE,,39.10586358,-84.48377016,1.831,12/19/2021 0:00,1600,2,2,0,0,O,CLOUDY,DRY,0,REAR END IN TRAFFIC LANES BOTH VEHICLES MOVING,REAR END,STRAIGHT & LEVEL,DAYLIGHT,0,0,0,1
29489879,CAMPBELL,,OTHR,204,4TH,ST,W,39.03339598,-84.39384182,0.105,12/19/2021 0:00,1049,2,2,0,0,O,CLEAR,DRY,1,1 VEHICLE PARKED POSITION (NOT PARKING LOT/DRIVEWAY),ANGLE,STRAIGHT & LEVEL,UNKNOWN,0,0,0,1
29509665,CAMPBELL,I 0275,Interstate,,I275 E,,,39.0573067,-84.43012238,73.169,12/20/2021 0:00,1905,4,4,0,7,A,CLEAR,DRY,0,REAR END IN TRAFFIC LANES BOTH VEHICLES MOVING,REAR END,STRAIGHT & LEVEL,DARK-HWY LIGHTED/ON,0,0,0,1
29488814,CAMPBELL,KY0009,StateRoute,,AA,HWY,,39.01663298,-84.4784909,17.256,12/20/2021 0:00,1250,3,3,0,0,O,CLEAR,DRY,0,REAR END IN TRAFFIC LANES BOTH VEHICLES MOVING,REAR END,STRAIGHT & LEVEL,DAYLIGHT,0,0,0,1
29495517,CAMPBELL,I 0471,Interstate,5,I471 N,,,39.10010311,-84.49357106,4.858,12/20/2021 0:00,1200,3,3,0,0,O,CLEAR,DRY,0,REAR END IN TRAFFIC LANES BOTH VEHICLES MOVING,REAR END,CURVE & LEVEL,DAYLIGHT,0,0,0,1
29496553,CAMPBELL,KY1892,StateRoute,70,CAROTHERS,RD,,39.08543566,-84.48010346,2.328,12/20/2021 0:00,1600,3,3,0,0,O,CLEAR,DRY,0,REAR END IN TRAFFIC LANES BOTH VEHICLES MOVING,REAR END,STRAIGHT & GRADE,DAYLIGHT,0,0,0,1
29485441,CAMPBELL,I 0471,Interstate,,I471 N,,,39.10083341,-84.49511048,4.956,12/20/2021 0:00,1132,2,2,0,0,O,CLOUDY,DRY,0,REAR END IN TRAFFIC LANES BOTH VEHICLES MOVING,REAR END,STRAIGHT & GRADE,DAYLIGHT,0,0,0,1
29487938,CAMPBELL,I 0471,Interstate,,I471 N,,,39.07183184,-84.4632582,2.152,12/20/2021 0:00,905,2,2,0,0,O,CLEAR,DRY,0,SIDESWIPE COLLISION - SAME DIRECTION,SIDESWIPE-SAME DIRECTION,CURVE & LEVEL,DAYLIGHT,0,0,0,1
29485440,CAMPBELL,KY0009,StateRoute,,LICKING,PIKE,,39.07468051,-84.49408284,21.658,12/20/2021 0:00,757,1,1,0,1,A,CLEAR,ICE,0,OTHER INTERSECTION COLLISIONS,SINGLE VEHICLE,STRAIGHT & LEVEL,DAYLIGHT,1,0,0,1