IncidentID,County,RdwyNumber,RdwyType,Street,RoadwayName,StreetSfx,StreetDir,Latitude,Longitude,Milepoint,CollisionDate,CollisionTime,UnitsInvolved,MotorVehiclesInvolved,NumberKilled,NumberInjured,KABCO,Weather,RdwyConditionCode,HitandRun,DirAnalysisCode,MannerofCollision,RdwyCharacter,LightCondition,Intersection Crash,Bicyclist,Pedestrian,Motor Vehicles
29496023,CAMPBELL,,OTHR,528,HIGHLAND,AVE,,39.07525314,-84.45856349,0.781,12/20/2021 0:00,1213,1,1,0,1,C,CLEAR,DRY,0,COLLISION WITH FIXED OBJECT NON - INTERSECTION - FIRST EVENT COLLISION 09 - 32 EXCLUDING 16,SINGLE VEHICLE,CURVE & LEVEL,DAYLIGHT,0,0,0,1
29487940,CAMPBELL,,OTHR,,HIGHLAND,AVE,,39.07856351,-84.44857894,1.383,12/20/2021 0:00,1200,2,2,0,0,O,CLEAR,DRY,0,ANGLE COLLISION - OTHER,ANGLE,STRAIGHT & LEVEL,DAYLIGHT,0,0,0,1
29489977,CAMPBELL,US0027,USRoute,,ALEXANDRIA,PIKE,,39.02337344,-84.44211492,15.552,12/21/2021 0:00,1545,2,2,0,0,O,CLEAR,DRY,0,OTHER ROADWAY OR MID-BLOCK COLLISION,REAR END,STRAIGHT & LEVEL,DAYLIGHT,0,0,0,1
29492715,CAMPBELL,US0027,USRoute,,ALEXANDRIA,PIKE,,39.02436702,-84.44314009,15.617,12/21/2021 0:00,1320,2,2,0,0,O,CLEAR,DRY,1,VEHICLE BACKING NON INTERSECTION,BACKING,STRAIGHT & LEVEL,DAYLIGHT,0,0,0,1
29492182,CAMPBELL,KY1632,StateRoute,,MOOCK,RD,,39.05531228,-84.48152159,0.345,12/21/2021 0:00,1644,2,2,0,0,O,CLEAR,DRY,0,OTHER INTERSECTION COLLISIONS,REAR END,STRAIGHT & LEVEL,DAYLIGHT,1,0,0,1
29493646,CAMPBELL,,OTHR,,MARY INGLES HIGHWAY,,,39.03326849,-84.3810327,,12/21/2021 0:00,1427,1,1,0,0,O,CLEAR,DRY,0,COLLISION WITH FIXED OBJECT NON - INTERSECTION - FIRST EVENT COLLISION 09 - 32 EXCLUDING 16,SINGLE VEHICLE,CURVE & GRADE,DAYLIGHT,0,0,0,1
29494926,CAMPBELL,US0027,USRoute,1742,MONMOUTH,ST,,39.08250528,-84.48224652,21.082,12/21/2021 0:00,1835,2,2,0,0,O,CLEAR,DRY,0,SIDESWIPE COLLISION - SAME DIRECTION,SIDESWIPE-SAME DIRECTION,STRAIGHT & LEVEL,DARK-HWY LIGHTED/ON,0,0,0,1
29493214,CAMPBELL,US0027,USRoute,,3RD,ST,E,39.0936423,-84.49685303,22.255,12/21/2021 0:00,1410,2,2,0,1,C,CLEAR,DRY,0,SIDESWIPE COLLISION - SAME DIRECTION,SIDESWIPE-SAME DIRECTION,CURVE & LEVEL,DAYLIGHT,0,0,0,1
29492101,CAMPBELL,US0027,USRoute,,ALEXANDRIA,PIKE,,39.02771067,-84.44940923,16.048,12/21/2021 0:00,1847,2,2,0,0,O,CLEAR,DRY,0,REAR END IN TRAFFIC LANES BOTH VEHICLES MOVING,REAR END,STRAIGHT & LEVEL,DARK-HWY LIGHTED/ON,0,0,0,1
29492469,CAMPBELL,KY0471,StateRoute,,KY471,,,39.04341131,-84.45812344,0.445,12/22/2021 0:00,17,1,1,0,0,O,CLEAR,DRY,0,OTHER COLLISIONS ON SHOULDER,SINGLE VEHICLE,STRAIGHT & LEVEL,DARK-HWY LIGHTED/ON,0,0,0,1
29496138,CAMPBELL,I 0471,Interstate,,I471 N,,,39.07157484,-84.46286805,2.136,12/22/2021 0:00,1315,2,2,0,0,O,CLEAR,DRY,0,SIDESWIPE COLLISION - SAME DIRECTION,SIDESWIPE-SAME DIRECTION,STRAIGHT & LEVEL,DAYLIGHT,0,0,0,1
29605338,CAMPBELL,I 0275,Interstate,,I275 E,,,39.05638432,-84.43205042,73.291,12/22/2021 0:00,1859,3,3,0,10,C,CLEAR,DRY,0,REAR END IN TRAFFIC LANES BOTH VEHICLES MOVING,REAR END,STRAIGHT & LEVEL,DARK-HWY LIGHTED/ON,0,0,0,1
29509902,CAMPBELL,KY0709,StateRoute,,ALEXANDRIA,PIKE,E,38.98669015,-84.39720534,0.306,12/22/2021 0:00,1903,2,2,0,0,O,CLEAR,DRY,0,OTHER INTERSECTION COLLISIONS,REAR END,CURVE & GRADE,DARK-HWY NOT LIGHTED,1,0,0,1
29509903,CAMPBELL,US0027,USRoute,,ALEXANDRIA,PIKE,,38.98554132,-84.40254997,12.22,12/22/2021 0:00,1757,3,3,0,2,B,CLEAR,DRY,0,OTHER INTERSECTION COLLISIONS,REAR END,STRAIGHT & GRADE,DARK-HWY NOT LIGHTED,1,0,0,1
29628757,CAMPBELL,KY1892,StateRoute,,GRAND,AVE,,39.08521231,-84.47406346,1.951,12/22/2021 0:00,1648,2,2,0,0,O,CLEAR,DRY,0,OTHER INTERSECTION COLLISIONS,REAR END,STRAIGHT & LEVEL,DAYLIGHT,1,0,0,1
29502123,CAMPBELL,KY1892,StateRoute,95,CAROTHERS,RD,,39.08461377,-84.48165145,2.432,12/22/2021 0:00,1437,2,2,0,0,O,CLEAR,DRY,0,OTHER ROADWAY OR MID-BLOCK COLLISION,OPPOSING LEFT TURN,STRAIGHT & GRADE,DAYLIGHT,0,0,0,1
29496601,CAMPBELL,I 0471,Interstate,,,,,39.08540701,-84.47463578,0.217,12/22/2021 0:00,1641,2,2,0,0,O,CLOUDY,DRY,0,OTHER RAMP RELATED COLLISIONS NOT LISTED ABOVE,REAR END,CURVE & GRADE,DAYLIGHT,0,0,0,1
29497286,CAMPBELL,I 0471,Interstate,,,,,39.08545516,-84.4746602,0.215,12/23/2021 0:00,1827,2,2,0,0,O,CLEAR,DRY,0,OTHER RAMP RELATED COLLISIONS NOT LISTED ABOVE,REAR END,CURVE & GRADE,DARK-HWY LIGHTED/ON,0,0,0,1
29504211,CAMPBELL,I 0471,Interstate,,,,,39.04564707,-84.46359547,0.261,12/23/2021 0:00,936,1,1,0,0,O,CLEAR,DRY,0,OTHER RAMP RELATED COLLISIONS NOT LISTED ABOVE,SINGLE VEHICLE,CURVE & GRADE,DAYLIGHT,0,0,0,1
29501000,CAMPBELL,US0027,USRoute,,ALEXANDRIA,PIKE,,39.0231453,-84.44174343,15.528,12/23/2021 0:00,1035,3,3,0,0,O,CLEAR,DRY,0,OTHER ROADWAY OR MID-BLOCK COLLISION,REAR END,STRAIGHT & LEVEL,DAYLIGHT,0,0,0,1
29501004,CAMPBELL,US0027,USRoute,4200,ALEXANDRIA,PIKE,,39.01981365,-84.43779557,,12/23/2021 0:00,1306,1,1,0,0,O,CLEAR,DRY,0,OTHER ROADWAY OR MID-BLOCK COLLISION,SINGLE VEHICLE,STRAIGHT & GRADE,DAYLIGHT,0,0,0,1
29504213,CAMPBELL,KY0009,StateRoute,,AA,HWY,,38.99136856,-84.3993605,12.421,12/23/2021 0:00,1534,2,2,0,0,O,CLEAR,DRY,0,OTHER INTERSECTION COLLISIONS,REAR END,STRAIGHT & GRADE,DAYLIGHT,1,0,0,1
29510014,CAMPBELL,KY0008,StateRoute,,DAVE COWENS,DR,,39.10115527,-84.48939963,1.381,12/23/2021 0:00,1032,2,2,0,0,O,CLEAR,DRY,0,SIDESWIPE-SAME DIRECTION,SIDESWIPE-SAME DIRECTION,STRAIGHT & LEVEL,DAYLIGHT,0,0,0,1
29495477,CAMPBELL,KY0009,StateRoute,,LICKING,PIKE,,39.02257489,-84.48096301,17.731,12/23/2021 0:00,638,2,2,0,0,O,CLOUDY,DRY,0,REAR END IN TRAFFIC LANES BOTH VEHICLES MOVING,REAR END,STRAIGHT & LEVEL,DARK-HWY LIGHTED/OFF,0,0,0,1
29509480,CAMPBELL,KY1120,StateRoute,,MEMORIAL,PKWY,,39.09593064,-84.47237176,1.928,12/23/2021 0:00,2030,2,2,0,0,O,CLOUDY,DRY,0,SIDESWIPE COLLISION - SAME DIRECTION,SIDESWIPE-SAME DIRECTION,CURVE & LEVEL,DARK-HWY LIGHTED/ON,0,0,0,1
29533612,CAMPBELL,,OTHR,,RIVIERA,DR,,39.10091951,-84.48776929,0.079,12/23/2021 0:00,615,2,2,0,0,O,CLEAR,DRY,0,SIDESWIPE COLLISION - SAME DIRECTION,SIDESWIPE-SAME DIRECTION,STRAIGHT & LEVEL,DARK-HWY LIGHTED/ON,0,0,0,1
29499010,CAMPBELL,,OTHR,,SARATOGA,ST,,39.0876413,-84.48798665,0.104,12/24/2021 0:00,1356,2,2,0,0,O,CLOUDY,DRY,0,OTHER INTERSECTION COLLISIONS,REAR END,STRAIGHT & LEVEL,DAYLIGHT,1,0,0,1
29505481,CAMPBELL,,OTHR,,LAFAYETTE,AVE,,39.10410104,-84.48436441,0.159,12/25/2021 0:00,1956,2,2,0,0,O,CLOUDY,WET,0,COLLISION WITH PARKED VEHICLE,REAR END,STRAIGHT & LEVEL,DARK-HWY LIGHTED/ON,0,0,0,1
29502124,CAMPBELL,KY0009,StateRoute,200 BLOCK,12TH,ST,W,39.08220145,-84.49127737,22.344,12/25/2021 0:00,1502,2,2,0,0,O,CLEAR,DRY,0,1 VEHICLE PARKED POSITION (NOT PARKING LOT/DRIVEWAY),REAR END,STRAIGHT & LEVEL,DAYLIGHT,0,0,0,1
29504135,CAMPBELL,,OTHR,138,HARVARD,AVE,,39.07242006,-84.47765588,0.152,12/25/2021 0:00,1551,2,2,0,0,O,CLOUDY,DRY,0,1 VEHICLE PARKED POSITION (NOT PARKING LOT/DRIVEWAY),SIDESWIPE-SAME DIRECTION,STRAIGHT & GRADE,DAYLIGHT,0,0,0,1
29558050,CAMPBELL,KY0008,StateRoute,,6TH,AVE,,39.11281771,-84.47306619,2.582,12/25/2021 0:00,1312,1,1,0,0,O,CLOUDY,DRY,1,1 VEHICLE PARKED POSITION (NOT PARKING LOT/DRIVEWAY),SINGLE VEHICLE,STRAIGHT & LEVEL,DAYLIGHT,0,0,0,1
29506094,CAMPBELL,I 0275,Interstate,,I275 E,,,39.02414044,-84.4794907,77,12/25/2021 0:00,1637,1,1,0,0,O,RAINING,WET,0,COLLISION WITH FIXED OBJECT NON - INTERSECTION - FIRST EVENT COLLISION 09 - 32 EXCLUDING 16,SINGLE VEHICLE,STRAIGHT & LEVEL,DAYLIGHT,0,0,0,1
29501629,CAMPBELL,KY0009,StateRoute,,AA,HWY,,39.00789227,-84.45922665,15.996,12/25/2021 0:00,2350,1,1,0,0,O,CLOUDY,WET,0,COLLISION WITH ANIMAL NON INTERSECTION,SINGLE VEHICLE,STRAIGHT & GRADE,DARK-HWY NOT LIGHTED,0,0,0,1
29730563,CAMPBELL,,OTHR,,LAFAYETTE,AVE,,39.1018784,-84.48207966,0.361,12/25/2021 0:00,1418,2,2,0,0,O,CLEAR,DRY,0,1 VEHICLE PARKED POSITION (NOT PARKING LOT/DRIVEWAY),REAR END,STRAIGHT & LEVEL,DAYLIGHT,0,0,0,1
29558046,CAMPBELL,,OTHR,409,5TH,AVE,,39.11265442,-84.47568413,0.86,12/25/2021 0:00,1446,2,2,0,0,O,CLOUDY,DRY,0,1 VEHICLE PARKED POSITION (NOT PARKING LOT/DRIVEWAY),SIDESWIPE-SAME DIRECTION,STRAIGHT & LEVEL,DAYLIGHT,0,0,0,1
29504205,CAMPBELL,,OTHR,,DRY CREEK,RD,,39.01159548,-84.44579404,0.86,12/26/2021 0:00,1236,2,2,0,0,O,CLEAR,DRY,1,SIDESWIPE COLLISION - OPPOSITE DIRECTION,SIDESWIPE-OPPOSITE DIRECTION,STRAIGHT & LEVEL,DAYLIGHT,0,0,0,1
29503560,CAMPBELL,I 0471,Interstate,,I471 S,,,39.10069311,-84.49525456,4.956,12/26/2021 0:00,225,1,1,0,1,A,CLEAR,DRY,0,OTHER COLLISIONS ON SHOULDER,SINGLE VEHICLE,STRAIGHT & LEVEL,DARK-HWY LIGHTED/ON,0,0,0,1
29504137,CAMPBELL,,OTHR,117,MAIN,ST,,39.08073866,-84.48697609,0.384,12/26/2021 0:00,1906,2,2,0,0,O,CLOUDY,DRY,0,1 VEHICLE PARKED POSITION (NOT PARKING LOT/DRIVEWAY),REAR END,STRAIGHT & GRADE,DARK-HWY LIGHTED/ON,0,0,0,1
29507503,CAMPBELL,US0027,USRoute,,MONMOUTH,ST,,39.09411289,-84.49560754,22.171,12/26/2021 0:00,226,2,2,0,0,O,CLEAR,DRY,1,COLLISION WITH PARKED VEHICLE,,STRAIGHT & LEVEL,DARK-HWY LIGHTED/ON,0,0,0,1
29509662,CAMPBELL,,OTHR,,FOUR MILE RD,,,39.02676244,-84.38468452,,12/27/2021 0:00,930,1,1,0,0,O,CLOUDY,WET,0,COLLISION WITH FIXED OBJECT NON - INTERSECTION - FIRST EVENT COLLISION 09 - 32 EXCLUDING 16,SINGLE VEHICLE,CURVE & HILLCREST,DAYLIGHT,0,0,0,1
29506440,CAMPBELL,,OTHR,,9TH,ST,E,39.08747562,-84.49179389,0.743,12/27/2021 0:00,1018,2,2,0,0,O,CLOUDY,WET,0,OTHER INTERSECTION COLLISIONS,REAR END,STRAIGHT & LEVEL,DAYLIGHT,1,0,0,1
29506518,CAMPBELL,I 0471,Interstate,,I471 S,,,39.09945422,-84.49289951,4.804,12/27/2021 0:00,827,1,1,0,0,O,CLOUDY,DRY,0,COLLISION WITH NON-FIXED OBJECT ,SINGLE VEHICLE,STRAIGHT & LEVEL,DAYLIGHT,0,0,0,1
29573484,CAMPBELL,KY0709,StateRoute,,ALEXANDRIA,PIKE,E,38.98406391,-84.39782733,0.124,12/27/2021 0:00,1150,2,2,0,0,O,CLOUDY,DRY,0,SIDESWIPE COLLISION - SAME DIRECTION,SIDESWIPE-SAME DIRECTION,CURVE & GRADE,DAYLIGHT,0,0,0,1
29550949,CAMPBELL,I 0275,Interstate,,,,,39.02328188,-84.48282483,0.225,12/28/2021 0:00,46,1,1,0,1,B,CLEAR,DRY,0,OVERTURNED ON RAMP,SINGLE VEHICLE,CURVE & GRADE,DARK-HWY LIGHTED/ON,0,0,0,1
29511424,CAMPBELL,I 0471,Interstate,,,,,39.08541556,-84.47454296,0.212,12/28/2021 0:00,1823,2,2,0,1,C,RAINING,WET,0,OTHER RAMP RELATED COLLISIONS NOT LISTED ABOVE,REAR END,CURVE & GRADE,DARK-HWY LIGHTED/ON,0,0,0,1
29515670,CAMPBELL,US0027,USRoute,,ALEXANDRIA,PIKE,,39.06852953,-84.46659302,19.75,12/28/2021 0:00,1000,2,2,0,0,O,RAINING,WET,1,OTHER INTERSECTION COLLISIONS,REAR END,STRAIGHT & LEVEL,DAYLIGHT,1,0,0,1
29511423,CAMPBELL,KY1892,StateRoute,,GRAND,AVE,,39.08526959,-84.47420584,1.96,12/28/2021 0:00,1744,2,2,0,0,O,CLOUDY,WET,0,OTHER INTERSECTION COLLISIONS,REAR END,STRAIGHT & GRADE,DARK-HWY LIGHTED/ON,1,0,0,1
29511889,CAMPBELL,,OTHR,,COLUMBIA,ST,,39.0923878,-84.49841474,0.136,12/29/2021 0:00,255,1,1,0,0,O,CLEAR,WET,0,COLLISION WITH FIXED OBJECT IN INTERSECTION - FIRST EVENT COLLISION 09 - 32,SINGLE VEHICLE,STRAIGHT & LEVEL,DARK-HWY LIGHTED/ON,1,0,0,1
29515894,CAMPBELL,,OTHR,166,CLOVER RIDGE,AVE,,39.09410507,-84.45672805,0.238,12/29/2021 0:00,1840,2,2,0,0,O,CLOUDY,DRY,0,1 VEHICLE PARKED POSITION (NOT PARKING LOT/DRIVEWAY),BACKING,STRAIGHT & HILLCREST,DUSK,0,0,0,1
29514414,CAMPBELL,KY0536,StateRoute,,CREEKTRACE,RD,,38.92678409,-84.43448425,0.915,12/29/2021 0:00,1831,1,1,0,0,O,CLEAR,WET,0,COLLISION WITH ANIMAL NON INTERSECTION,SINGLE VEHICLE,STRAIGHT & LEVEL,DARK-HWY NOT LIGHTED,0,0,0,1
29511826,CAMPBELL,KY0008,StateRoute,,4TH,ST,W,39.08960191,-84.50105508,0.262,12/29/2021 0:00,159,1,1,0,0,O,CLOUDY,WET,0,COLLISION WITH FIXED OBJECT NON - INTERSECTION - FIRST EVENT COLLISION 09 - 32 EXCLUDING 16,SINGLE VEHICLE,CURVE & LEVEL,DARK-HWY LIGHTED/ON,0,0,0,1
29521935,CAMPBELL,I 0275,Interstate,,I275 E,,,39.02260932,-84.48529804,77.344,12/29/2021 0:00,2208,2,2,0,0,O,CLOUDY,WET,1,SIDESWIPE COLLISION - SAME DIRECTION,SIDESWIPE-SAME DIRECTION,STRAIGHT & LEVEL,DARK-HWY LIGHTED/ON,0,0,0,1
29513941,CAMPBELL,,OTHR,130,NEWPORT PAVILION,,,39.09010603,-84.47633156,0.305,12/29/2021 0:00,1535,2,2,0,0,O,CLEAR,DRY,0,1 VEHICLE PARKED POSITION (NOT PARKING LOT/DRIVEWAY),HEAD ON,STRAIGHT & LEVEL,DAYLIGHT,0,0,0,1
29533613,CAMPBELL,KY0008,StateRoute,,FAIRFIELD,AVE,,39.10684567,-84.48259183,1.922,12/29/2021 0:00,1817,2,2,0,0,O,CLOUDY,DRY,0,1 VEHICLE ENTERING/LEAVING ENTRANCE,ANGLE,STRAIGHT & LEVEL,DARK-HWY LIGHTED/ON,0,0,0,1
29518434,CAMPBELL,US0027,USRoute,1902,MONMOUTH,ST,,39.07995255,-84.48127522,20.908,12/30/2021 0:00,2305,2,2,0,0,O,CLOUDY,DRY,0,OTHER ROADWAY OR MID-BLOCK COLLISION,OPPOSING LEFT TURN,STRAIGHT & LEVEL,DARK-HWY LIGHTED/ON,0,0,0,1
29518449,CAMPBELL,US0027,USRoute,,,,,39.00335239,-84.42310108,0.024,12/30/2021 0:00,1748,2,2,0,0,O,CLOUDY,WET,0,OTHER RAMP RELATED COLLISIONS NOT LISTED ABOVE,REAR END,STRAIGHT & LEVEL,DUSK,0,0,0,1
29527560,CAMPBELL,US0027,USRoute,,ALEXANDRIA,PIKE,,39.02795314,-84.44965002,16.065,12/30/2021 0:00,1552,3,3,0,0,O,CLOUDY,WET,1,REAR END IN TRAFFIC LANES BOTH VEHICLES MOVING,REAR END,STRAIGHT & LEVEL,DAYLIGHT,0,0,0,1
29516740,CAMPBELL,,OTHR,123,16TH,ST,,39.08139541,-84.4869046,0.02,12/30/2021 0:00,1040,2,2,0,0,O,CLEAR,DRY,0,1 VEHICLE PARKED POSITION (NOT PARKING LOT/DRIVEWAY),SIDESWIPE-OPPOSITE DIRECTION,STRAIGHT & LEVEL,DAYLIGHT,0,0,0,1
29521724,CAMPBELL,KY0009,StateRoute,,AA,HWY,,38.98154266,-84.37736485,11.033,12/30/2021 0:00,620,2,2,0,0,O,FOG WITH RAIN,WET,1,SIDESWIPE-SAME DIRECTION,SIDESWIPE-SAME DIRECTION,STRAIGHT & LEVEL,DARK-HWY NOT LIGHTED,0,0,0,1
29526700,CAMPBELL,,OTHR,,BOARDWALK,AVE,,39.08673958,-84.46505052,0.001,12/31/2021 0:00,1453,2,2,0,0,O,CLOUDY,DRY,0,ANGLE COLLISION - OTHER,ANGLE,STRAIGHT & GRADE,DAYLIGHT,0,0,0,1
29521722,CAMPBELL,KY0008,StateRoute,,MARY INGLES,HWY,,39.03670451,-84.3901338,10.779,12/31/2021 0:00,2119,2,2,0,0,O,CLOUDY,DRY,0,OPPOSING LEFT TURN,OPPOSING LEFT TURN,STRAIGHT & LEVEL,DARK-HWY LIGHTED/ON,0,0,0,1
29543251,CAMPBELL,,OTHR,117,WASHINGTON,AVE,,39.10720012,-84.48302595,0.545,12/31/2021 0:00,1443,2,2,0,0,O,CLEAR,DRY,1,1 VEHICLE PARKED POSITION (NOT PARKING LOT/DRIVEWAY),SIDESWIPE-SAME DIRECTION,STRAIGHT & LEVEL,DAYLIGHT,0,0,0,1
29518496,CAMPBELL,,OTHR,616,MCKINNEY,ST,,39.11172955,-84.47366301,0.245,12/31/2021 0:00,225,2,2,0,0,O,CLOUDY,WET,0,1 VEHICLE PARKED POSITION (NOT PARKING LOT/DRIVEWAY),SIDESWIPE-SAME DIRECTION,STRAIGHT & GRADE,DARK-HWY LIGHTED/ON,0,0,0,1
29526701,CAMPBELL,,OTHR,31,VILLA,PL,W,39.07253924,-84.447865,0.069,12/31/2021 0:00,2107,2,2,0,0,O,CLEAR,DRY,0,1 VEHICLE PARKED POSITION (NOT PARKING LOT/DRIVEWAY),BACKING,STRAIGHT & LEVEL,DARK-HWY LIGHTED/ON,0,0,0,1
29609164,CAMPBELL,I 0471,Interstate,,I471 S,,,39.09852737,-84.49091019,4.679,12/31/2021 0:00,2139,2,2,0,0,O,CLEAR,WET,0,SIDESWIPE COLLISION - SAME DIRECTION,SIDESWIPE-SAME DIRECTION,CURVE & LEVEL,DARK-HWY LIGHTED/ON,0,0,0,1
29521292,CAMPBELL,,OTHR,220,3RD,ST,W,39.09168864,-84.50043168,0.052,12/31/2021 0:00,1745,2,2,0,0,O,CLOUDY,DRY,1,VEHICLE BACKING NON INTERSECTION,BACKING,STRAIGHT & LEVEL,DAYLIGHT,0,0,0,1
29534804,CAMPBELL,US0027,USRoute,100,3RD,ST,E,39.09357888,-84.4976027,22.239,1/1/2022 0:00,113,2,2,0,0,O,CLEAR,WET,1,REAR END IN TRAFFIC LANES BOTH VEHICLES MOVING,REAR END,CURVE & LEVEL,DARK-HWY LIGHTED/ON,0,0,0,1
29546444,CAMPBELL,KY0154,StateRoute,,PEACH GROVE,RD,,38.85387912,-84.38039406,,1/1/2022 0:00,1300,1,1,0,0,O,RAINING,WET,0,COLLISION WITH ANIMAL NON INTERSECTION,SINGLE VEHICLE,CURVE & GRADE,DAYLIGHT,0,0,0,1
29531362,CAMPBELL,KY1120,StateRoute,2516,MEMORIAL,PKWY,,39.08241066,-84.45075971,3.922,1/2/2022 0:00,1000,2,2,0,0,O,CLOUDY,DRY,0,COLLISION WITH FIXED OBJECT NON - INTERSECTION - FIRST EVENT COLLISION 09 - 32 EXCLUDING 16,SIDESWIPE-SAME DIRECTION,CURVE & LEVEL,DAYLIGHT,0,0,0,1
29536436,CAMPBELL,KY0009,StateRoute,,AA,HWY,,38.9874647,-84.39316661,11.992,1/2/2022 0:00,722,2,2,0,0,O,CLOUDY,WET,0,SIDESWIPE COLLISION - SAME DIRECTION,SIDESWIPE-SAME DIRECTION,STRAIGHT & LEVEL,DARK-HWY NOT LIGHTED,0,0,0,1
29524249,CAMPBELL,US0027,USRoute,,MONMOUTH,ST,,39.08627011,-84.48765202,21.452,1/2/2022 0:00,1810,2,2,0,0,O,CLOUDY,DRY,0,OTHER ROADWAY OR MID-BLOCK COLLISION,REAR END,STRAIGHT & GRADE,DARK-HWY LIGHTED/ON,0,0,0,1
29530569,CAMPBELL,I 0471,Interstate,,,,,39.08545725,-84.47455581,0.211,1/3/2022 0:00,1823,2,2,0,0,O,CLOUDY,DRY,0,OTHER RAMP RELATED COLLISIONS NOT LISTED ABOVE,REAR END,CURVE & GRADE,DARK-HWY LIGHTED/ON,0,0,0,1
29530573,CAMPBELL,,OTHR,,MURNAN,RD,,39.01722914,-84.43487509,1.92,1/3/2022 0:00,1806,2,2,0,0,O,CLEAR,DRY,0,OTHER ROADWAY OR MID-BLOCK COLLISION,OPPOSING LEFT TURN,STRAIGHT & LEVEL,DARK-HWY NOT LIGHTED,0,0,0,1
29579050,CAMPBELL,,OTHR,627,8TH,AVE,,39.11220507,-84.47078195,0.053,1/3/2022 0:00,2137,3,3,0,0,O,CLEAR,ICE,1,1 VEHICLE PARKED POSITION (NOT PARKING LOT/DRIVEWAY),HEAD ON,STRAIGHT & LEVEL,DARK-HWY NOT LIGHTED,0,0,0,1
29544033,CAMPBELL,,OTHR,316,9TH,ST,W,39.0850885,-84.49606438,0.281,1/3/2022 0:00,1058,2,2,0,0,O,CLEAR,DRY,0,1 VEHICLE ENTERING/LEAVING ENTRANCE,ANGLE,STRAIGHT & LEVEL,DAYLIGHT,0,0,0,1
29529171,CAMPBELL,KY0008,StateRoute,,5TH,ST,W,39.090578,-84.49755347,0.419,1/3/2022 0:00,1330,2,2,0,0,O,CLEAR,DRY,0,SIDESWIPE COLLISION - SAME DIRECTION,SIDESWIPE-SAME DIRECTION,STRAIGHT & LEVEL,DAYLIGHT,0,0,0,1
29539780,CAMPBELL,US0027,USRoute,,ALEXANDRIA,PIKE,,38.86436248,-84.39229388,3.396,1/3/2022 0:00,1548,2,2,0,0,O,CLEAR,DRY,0,ANGLE COLLISION - OTHER,ANGLE,STRAIGHT & LEVEL,DAYLIGHT,0,0,0,1
29525566,CAMPBELL,,OTHR,,5TH,ST,W,39.09005661,-84.49849685,0.072,1/3/2022 0:00,45,1,1,0,0,O,CLEAR,DRY,0,NON-COLLISION OBJECT COLLISION,SINGLE VEHICLE,STRAIGHT & LEVEL,DARK-HWY LIGHTED/ON,0,0,0,1
29540287,CAMPBELL,KY1120,StateRoute,,MEMORIAL,PKWY,,39.09379237,-84.46186462,2.475,1/3/2022 0:00,919,1,1,0,0,O,CLEAR,DRY,0,OTHER INTERSECTION COLLISIONS,SINGLE VEHICLE,CURVE & LEVEL,DAYLIGHT,1,0,0,1
29536920,CAMPBELL,US0027,USRoute,,ALEXANDRIA,PIKE,,38.92124695,-84.39068107,7.506,1/4/2022 0:00,602,2,1,0,1,A,CLEAR,DRY,0,COLLISION WITH PEDESTRIAN NON - INTERSECTION,SINGLE VEHICLE,STRAIGHT & LEVEL,DARK-HWY NOT LIGHTED,0,0,1,0
29544045,CAMPBELL,US0027,USRoute,,ALEXANDRIA,PIKE,,38.92131045,-84.39070682,7.511,1/4/2022 0:00,659,2,1,0,0,O,CLEAR,DRY,0,COLLISION WITH PEDESTRIAN NON - INTERSECTION,SINGLE VEHICLE,STRAIGHT & LEVEL,DARK-HWY NOT LIGHTED,0,0,1,0
29541909,CAMPBELL,US0027,USRoute,,ALEXANDRIA,PIKE,,38.90251707,-84.38381613,6.15,1/4/2022 0:00,646,1,1,0,0,O,CLEAR,DRY,0,COLLISION WITH ANIMAL NON INTERSECTION,SINGLE VEHICLE,STRAIGHT & LEVEL,DARK-HWY LIGHTED/OFF,0,0,0,1
29533752,CAMPBELL,KY0536,StateRoute,,CREEKTRACE,RD,,38.94036529,-84.39740182,3.268,1/4/2022 0:00,1012,1,1,0,0,O,CLEAR,DRY,0,COLLISION WITH ANIMAL NON INTERSECTION,SINGLE VEHICLE,STRAIGHT & GRADE,DAYLIGHT,0,0,0,1
29533460,CAMPBELL,US0027,USRoute,,MONMOUTH,ST,,39.08384335,-84.48384698,21.21,1/4/2022 0:00,1110,2,2,0,0,O,CLEAR,DRY,0,ANGLE COLLISION - OTHER,ANGLE,CURVE & LEVEL,DAYLIGHT,0,0,0,1
29540289,CAMPBELL,US0027,USRoute,1314,ALEXANDRIA,PIKE,,39.05795219,-84.45032669,18.427,1/4/2022 0:00,1248,2,2,0,0,O,CLEAR,DRY,0,VEHICLE BACKING NON INTERSECTION,BACKING,STRAIGHT & LEVEL,DAYLIGHT,0,0,0,1
29540288,CAMPBELL,,OTHR,16,TONI,TER,,39.05941587,-84.44156455,0.032,1/4/2022 0:00,1135,2,2,0,0,O,CLEAR,DRY,0,1 VEHICLE PARKED POSITION (NOT PARKING LOT/DRIVEWAY),SIDESWIPE-OPPOSITE DIRECTION,STRAIGHT & LEVEL,DAYLIGHT,0,0,0,1
29545231,CAMPBELL,US0027,USRoute,13744,ALEXANDRIA,PIKE,,38.83610534,-84.36807702,1.028,1/5/2022 0:00,919,2,2,0,0,O,CLEAR,DRY,0,SIDESWIPE COLLISION - SAME DIRECTION,SIDESWIPE-SAME DIRECTION,STRAIGHT & LEVEL,DAWN,0,0,0,1