IncidentID,County,RdwyNumber,RdwyType,Street,RoadwayName,StreetSfx,StreetDir,Latitude,Longitude,Milepoint,CollisionDate,CollisionTime,UnitsInvolved,MotorVehiclesInvolved,NumberKilled,NumberInjured,KABCO,Weather,RdwyConditionCode,HitandRun,DirAnalysisCode,MannerofCollision,RdwyCharacter,LightCondition,Intersection Crash,Bicyclist,Pedestrian,Motor Vehicles
29547380,CAMPBELL,KY1120,StateRoute,,11TH,ST,W,39.08345751,-84.49230448,0.488,1/5/2022 0:00,1658,2,2,0,0,O,CLEAR,DRY,0,ANGLE COLLISION - ONE VEHICLE TURNING RIGHT,ANGLE,STRAIGHT & LEVEL,DAYLIGHT,0,0,0,1
29539611,CAMPBELL,US0027,USRoute,,MONMOUTH,ST,,39.08613185,-84.48747669,21.463,1/5/2022 0:00,1740,2,2,0,0,O,CLOUDY,DRY,0,OTHER INTERSECTION COLLISIONS,REAR END,STRAIGHT & LEVEL,DAYLIGHT,1,0,0,1
29541915,CAMPBELL,,OTHR,,CALIFORNIA,XRD,,38.91840372,-84.28005009,,1/6/2022 0:00,1720,1,1,0,0,O,SNOWING,SNOW/SLUSH,0,RAN OFF ROADWAY (1 VEHICLE WITH/EARTH EMBANKMENT/DITCH),SINGLE VEHICLE,CURVE & GRADE,DUSK,0,0,0,1
29542817,CAMPBELL,KY1632,StateRoute,,MOOCK,RD,,39.06056564,-84.47509078,0.891,1/6/2022 0:00,1725,1,1,0,0,O,SNOWING,SNOW/SLUSH,0,COLLISION WITH ANIMAL NON INTERSECTION,SINGLE VEHICLE,STRAIGHT & GRADE,DAYLIGHT,0,0,0,1
29561496,CAMPBELL,US0027,USRoute,,ALEXANDRIA,PIKE,,38.97357698,-84.39234971,11.158,1/6/2022 0:00,1519,2,2,0,0,O,SNOWING,SNOW/SLUSH,0,OTHER INTERSECTION COLLISIONS,REAR END,STRAIGHT & LEVEL,DAYLIGHT,1,0,0,1
29541613,CAMPBELL,I 0275,Interstate,,I275 W,,,39.02858328,-84.47230976,76.541,1/6/2022 0:00,1515,1,1,0,0,O,SNOWING,SNOW/SLUSH,0,COLLISION WITH FIXED OBJECT NON - INTERSECTION - FIRST EVENT COLLISION 09 - 32 EXCLUDING 16,SINGLE VEHICLE,CURVE & GRADE,DAYLIGHT,0,0,0,1
29561499,CAMPBELL,KY2924,StateRoute,,TOLLGATE,RD,,38.9615597,-84.39309645,0.018,1/6/2022 0:00,1552,2,2,0,0,O,SNOWING,SNOW/SLUSH,0,ANGLE COLLISION - OTHER,ANGLE,STRAIGHT & GRADE,DAYLIGHT,0,0,0,1
29542844,CAMPBELL,KY1120,StateRoute,,FT THOMAS,AVE,S,39.07271241,-84.44652803,4.666,1/6/2022 0:00,1659,1,1,0,0,O,SNOWING,SNOW/SLUSH,0,COLLISION WITH FIXED OBJECT IN INTERSECTION - FIRST EVENT COLLISION 09 - 32,SINGLE VEHICLE,STRAIGHT & LEVEL,DAYLIGHT,1,0,0,1
29549654,CAMPBELL,KY0009,StateRoute,,AA,HWY,,38.99728102,-84.40580593,12.955,1/6/2022 0:00,753,2,2,0,0,O,CLEAR,DRY,0,SIDESWIPE-SAME DIRECTION,SIDESWIPE-SAME DIRECTION,STRAIGHT & LEVEL,DAYLIGHT,0,0,0,1
29561492,CAMPBELL,KY0709,StateRoute,,ALEXANDRIA,PIKE,E,38.98304826,-84.39768287,0.055,1/6/2022 0:00,1548,2,2,0,0,O,SNOWING,SNOW/SLUSH,0,REAR END IN TRAFFIC LANES BOTH VEHICLES MOVING,REAR END,STRAIGHT & GRADE,DAYLIGHT,0,0,0,1
29574028,CAMPBELL,KY1120,StateRoute,319,11TH,ST,W,39.08236781,-84.49432846,0.354,1/6/2022 0:00,1621,2,2,0,0,O,SNOWING,SNOW/SLUSH,0,1 VEHICLE PARKED POSITION (NOT PARKING LOT/DRIVEWAY),ANGLE,STRAIGHT & LEVEL,DAYLIGHT,0,0,0,1
29542848,CAMPBELL,KY1120,StateRoute,111,FT THOMAS,AVE,N,39.08065996,-84.44915243,4.074,1/6/2022 0:00,600,2,2,0,0,O,CLEAR,DRY,1,1 VEHICLE PARKED POSITION (NOT PARKING LOT/DRIVEWAY),SIDESWIPE-SAME DIRECTION,STRAIGHT & LEVEL,DAYLIGHT,0,0,0,1
29542843,CAMPBELL,KY0445,StateRoute,89,GRANDVIEW,AVE,,39.06293631,-84.45286265,1.268,1/6/2022 0:00,1634,2,2,0,0,O,SNOWING,SNOW/SLUSH,0,1 VEHICLE PARKED POSITION (NOT PARKING LOT/DRIVEWAY),SIDESWIPE-SAME DIRECTION,CURVE & GRADE,DAYLIGHT,0,0,0,1
29541221,CAMPBELL,KY0009,StateRoute,400,12TH,ST,W,39.08014783,-84.49495999,22.098,1/6/2022 0:00,730,2,2,0,0,O,CLEAR,DRY,0,SIDESWIPE COLLISION - OPPOSITE DIRECTION,SIDESWIPE-OPPOSITE DIRECTION,STRAIGHT & LEVEL,DAWN,0,0,0,1
29542846,CAMPBELL,,OTHR,330,WATERWORKS,RD,,39.08981543,-84.45544194,0.434,1/6/2022 0:00,1500,2,2,0,1,B,SNOWING,SNOW/SLUSH,0,SIDESWIPE COLLISION - OPPOSITE DIRECTION,SIDESWIPE-OPPOSITE DIRECTION,CURVE & GRADE,DAYLIGHT,0,0,0,1
29542816,CAMPBELL,US0027,USRoute,,ALEXANDRIA,PIKE,,39.06858734,-84.46660574,19.75,1/6/2022 0:00,1518,2,2,0,0,O,SNOWING,SNOW/SLUSH,0,1 VEHICLE ENTERING/LEAVING ENTRANCE,ANGLE,STRAIGHT & LEVEL,DAYLIGHT,0,0,0,1
29589523,CAMPBELL,,OTHR,,FOUR MILE,RD,,38.99138819,-84.36295418,,1/6/2022 0:00,1655,1,1,0,0,O,SNOWING,SNOW/SLUSH,0,OTHER COLLISIONS ON SHOULDER,SINGLE VEHICLE,CURVE & GRADE,DAYLIGHT,0,0,0,1
29544046,CAMPBELL,US0027,USRoute,,ALEXANDRIA,PIKE,,38.82914775,-84.36542137,0.522,1/6/2022 0:00,1644,1,1,0,0,O,SNOWING,SNOW/SLUSH,0,OTHER ROADWAY OR MID-BLOCK COLLISION,SINGLE VEHICLE,STRAIGHT & GRADE,DAYLIGHT,0,0,0,1
29541608,CAMPBELL,I 0275,Interstate,,I275 W,,,39.02988026,-84.47135956,76.445,1/6/2022 0:00,1515,1,1,0,0,O,SNOWING,SNOW/SLUSH,0,OTHER ROADWAY OR MID-BLOCK COLLISION,SINGLE VEHICLE,CURVE & GRADE,DAYLIGHT,0,0,0,1
29546915,CAMPBELL,US0027,USRoute,,ALEXANDRIA,PIKE,,39.02386982,-84.44269617,15.591,1/7/2022 0:00,1807,1,1,0,0,O,CLOUDY,WET,0,OTHER ROADWAY OR MID-BLOCK COLLISION,SINGLE VEHICLE,STRAIGHT & LEVEL,DARK-HWY LIGHTED/ON,0,0,0,1
29561503,CAMPBELL,US0027,USRoute,,ALEXANDRIA,PIKE,,38.96882923,-84.3931442,10.826,1/7/2022 0:00,1520,2,2,0,0,O,SNOWING,DRY,0,SIDESWIPE COLLISION - OPPOSITE DIRECTION,SIDESWIPE-OPPOSITE DIRECTION,STRAIGHT & LEVEL,DAYLIGHT,0,0,0,1
29546916,CAMPBELL,US0027,USRoute,,ALEXANDRIA,PIKE,,39.02870949,-84.45037345,16.129,1/7/2022 0:00,1836,2,2,0,0,O,CLOUDY,WET,1,REAR END IN TRAFFIC LANES BOTH VEHICLES MOVING,REAR END,STRAIGHT & LEVEL,DARK-HWY LIGHTED/ON,0,0,0,1
29546442,CAMPBELL,US0027,USRoute,,ALEXANDRIA,PIKE,,38.90080669,-84.38402503,6.032,1/7/2022 0:00,507,1,1,0,0,O,CLOUDY,SNOW/SLUSH,0,COLLISION WITH ANIMAL NON INTERSECTION,SINGLE VEHICLE,STRAIGHT & LEVEL,DARK-HWY NOT LIGHTED,0,0,0,1
29545233,CAMPBELL,KY0008,StateRoute,,MARY INGLES,HWY,,39.04174291,-84.41298542,9.501,1/7/2022 0:00,25,1,1,0,0,O,SNOWING,ICE,0,RAN OFF ROADWAY (1 VEHICLE WITH/EARTH EMBANKMENT/DITCH),SINGLE VEHICLE,STRAIGHT & LEVEL,DARK-HWY LIGHTED/OFF,0,0,0,1
30802856,CAMPBELL,KY0009,StateRoute,,AA,HWY,,39.00879279,-84.46370155,16.244,1/8/2022 0:00,2150,1,1,0,0,O,CLEAR,DRY,0,COLLISION WITH ANIMAL NON INTERSECTION,SINGLE VEHICLE,STRAIGHT & GRADE,DARK-HWY LIGHTED/OFF,0,0,0,1
29547378,CAMPBELL,,OTHR,100 BLOCK,10TH,ST,W,39.08503284,-84.49277846,0.386,1/8/2022 0:00,1234,1,1,0,0,O,CLEAR,DRY,0,COLLISION WITH FIXED OBJECT NON - INTERSECTION - FIRST EVENT COLLISION 09 - 32 EXCLUDING 16,SINGLE VEHICLE,STRAIGHT & LEVEL,DAYLIGHT,0,0,0,1
29547173,CAMPBELL,,OTHR,914,DARLINGTON CK,RD,,38.85631202,-84.38789558,0.074,1/8/2022 0:00,1930,2,2,0,0,O,CLOUDY,WET,0,1 VEHICLE PARKED POSITION (NOT PARKING LOT/DRIVEWAY),SIDESWIPE-SAME DIRECTION,STRAIGHT & LEVEL,DARK-HWY LIGHTED/ON,0,0,0,1
29561512,CAMPBELL,,OTHR,,BROOKWOOD,DR,,38.95105169,-84.36114478,0.749,1/8/2022 0:00,625,2,2,0,1,B,CLOUDY,DRY,0,1 VEHICLE PARKED POSITION (NOT PARKING LOT/DRIVEWAY),REAR END,STRAIGHT & LEVEL,DARK-HWY NOT LIGHTED,0,0,0,1
29547855,CAMPBELL,,OTHR,,FELDMAN,LN,,39.04097353,-84.47605537,0.056,1/8/2022 0:00,1713,3,3,0,0,O,CLOUDY,DRY,0,1 VEHICLE PARKED POSITION (NOT PARKING LOT/DRIVEWAY),REAR END,STRAIGHT & LEVEL,DAYLIGHT,0,0,0,1
29575017,CAMPBELL,,OTHR,,3RD,ST,W,39.09154158,-84.50074645,0.033,1/8/2022 0:00,2346,2,2,0,0,O,RAINING,WET,0,1 VEHICLE ENTERING/LEAVING ENTRANCE,ANGLE,CURVE & LEVEL,DARK-HWY LIGHTED/OFF,0,0,0,1
29547379,CAMPBELL,I 0471,Interstate,,,,,39.08541354,-84.47463022,0.216,1/8/2022 0:00,1005,2,2,0,0,O,CLEAR,DRY,0,OTHER RAMP RELATED COLLISIONS NOT LISTED ABOVE,REAR END,CURVE & LEVEL,DAYLIGHT,0,0,0,1
29549039,CAMPBELL,KY1892,StateRoute,,GRAND,AVE,,39.08635822,-84.4772195,2.151,1/9/2022 0:00,1855,2,2,0,0,O,CLEAR,DRY,0,1 VEHICLE ENTERING/LEAVING ENTRANCE,ANGLE,STRAIGHT & LEVEL,DARK-HWY LIGHTED/ON,0,0,0,1
29559358,CAMPBELL,,OTHR,,HAZEN,ALY,,39.10002384,-84.48198019,0.103,1/9/2022 0:00,1830,2,2,0,0,O,CLEAR,DRY,0,1 VEHICLE PARKED POSITION (NOT PARKING LOT/DRIVEWAY),BACKING,STRAIGHT & LEVEL,DARK-HWY NOT LIGHTED,0,0,0,1
29547857,CAMPBELL,KY0009,StateRoute,,AA,HWY,,39.01419857,-84.47620783,17.046,1/9/2022 0:00,1453,2,2,0,0,O,CLOUDY,DRY,0,OTHER INTERSECTION COLLISIONS,REAR END,STRAIGHT & LEVEL,DAYLIGHT,1,0,0,1
29553263,CAMPBELL,I 0471,Interstate,,I471 S,,,39.08793522,-84.474692,3.473,1/10/2022 0:00,1145,3,3,0,0,O,CLEAR,DRY,1,OTHER INTERSECTION COLLISIONS,REAR END,STRAIGHT & LEVEL,DAYLIGHT,1,0,0,1
29573481,CAMPBELL,KY0010,StateRoute,,MAIN,ST,W,38.95685555,-84.39483049,1.19,1/10/2022 0:00,829,2,2,0,0,O,CLEAR,DRY,0,ANGLE COLLISION - OTHER,ANGLE,STRAIGHT & LEVEL,DAYLIGHT,0,0,0,1
29550049,CAMPBELL,,OTHR,326,9TH,ST,W,39.0848155,-84.49656322,0.313,1/10/2022 0:00,924,2,2,0,0,O,CLOUDY,DRY,1,1 VEHICLE PARKED POSITION (NOT PARKING LOT/DRIVEWAY),SIDESWIPE-SAME DIRECTION,STRAIGHT & LEVEL,DAYLIGHT,0,0,0,1
29560880,CAMPBELL,KY0009,StateRoute,842,CENTRAL,AVE,,39.08612591,-84.49469678,22.674,1/10/2022 0:00,715,2,2,0,0,O,CLEAR,DRY,1,1 VEHICLE PARKED POSITION (NOT PARKING LOT/DRIVEWAY),SIDESWIPE-SAME DIRECTION,STRAIGHT & LEVEL,DAYLIGHT,0,0,0,1
29572411,CAMPBELL,US0027,USRoute,,ALEXANDRIA,PIKE,,39.06858321,-84.4668686,19.745,1/10/2022 0:00,1410,2,2,0,0,O,CLEAR,DRY,0,1 VEHICLE ENTERING/LEAVING ENTRANCE,ANGLE,STRAIGHT & LEVEL,DAYLIGHT,0,0,0,1
29560877,CAMPBELL,KY1892,StateRoute,30,CAROTHERS,RD,,39.08455394,-84.48199728,2.451,1/10/2022 0:00,1342,2,2,0,0,O,CLEAR,DRY,0,1 VEHICLE ENTERING/LEAVING ENTRANCE,ANGLE,STRAIGHT & LEVEL,DAYLIGHT,0,0,0,1
29574308,CAMPBELL,US0027,USRoute,,YORK,ST,,39.0891608,-84.49330451,21.956,1/11/2022 0:00,1034,2,2,0,0,O,CLEAR,DRY,1,SIDESWIPE COLLISION - SAME DIRECTION,SIDESWIPE-SAME DIRECTION,STRAIGHT & LEVEL,DAYLIGHT,0,0,0,1
29574309,CAMPBELL,KY0008,StateRoute,,4TH,ST,W,39.08826712,-84.50368361,0.056,1/11/2022 0:00,1350,2,2,0,0,O,CLEAR,DRY,0,SIDESWIPE COLLISION - SAME DIRECTION,SIDESWIPE-SAME DIRECTION,CURVE & LEVEL,DAYLIGHT,0,0,0,1
29577144,CAMPBELL,,OTHR,203,RIDGEPOINTE,DR,,39.00366276,-84.44562515,0.111,1/11/2022 0:00,835,2,2,0,0,O,CLEAR,DRY,0,1 VEHICLE PARKED POSITION (NOT PARKING LOT/DRIVEWAY),REAR END,STRAIGHT & LEVEL,DAYLIGHT,0,0,0,1
29573408,CAMPBELL,,OTHR,536,LEXINGTON,AVE,,39.09720121,-84.48963891,0.082,1/11/2022 0:00,1024,2,2,0,0,O,CLEAR,DRY,0,1 VEHICLE PARKED POSITION (NOT PARKING LOT/DRIVEWAY),SIDESWIPE-SAME DIRECTION,STRAIGHT & LEVEL,DAYLIGHT,0,0,0,1
29599149,CAMPBELL,US0027,USRoute,1972,ALEXANDRIA,PIKE,,39.04623185,-84.44558392,17.545,1/11/2022 0:00,1435,2,2,0,2,B,CLEAR,DRY,0,REAR END IN TRAFFIC LANES BOTH VEHICLES MOVING,REAR END,STRAIGHT & HILLCREST,DAYLIGHT,0,0,0,1
29576415,CAMPBELL,,OTHR,,DEAD TIMBER,RD,,38.93090387,-84.30765589,,1/11/2022 0:00,847,1,1,0,0,O,CLEAR,DRY,0,COLLISION WITH ANIMAL NON INTERSECTION,SINGLE VEHICLE,STRAIGHT & LEVEL,DAYLIGHT,0,0,0,1
29576831,CAMPBELL,KY1892,StateRoute,,GRAND,AVE,N,39.07858537,-84.46505791,1.265,1/11/2022 0:00,925,2,2,0,4,B,CLEAR,DRY,0,OTHER ROADWAY OR MID-BLOCK COLLISION,OPPOSING LEFT TURN,STRAIGHT & GRADE,DAYLIGHT,0,0,0,1
29614924,CAMPBELL,KY0008,StateRoute,,WASHINGTON,AVE,,39.09662811,-84.49420078,0.9,1/12/2022 0:00,1648,2,1,0,0,O,CLEAR,DRY,0,REAR END IN TRAFFIC LANES BOTH VEHICLES MOVING,REAR END,STRAIGHT & GRADE,DAYLIGHT,0,0,0,1
29606553,CAMPBELL,,OTHR,,6TH,AVE,,39.1134746,-84.46533567,0.252,1/12/2022 0:00,1948,4,4,0,0,O,CLEAR,DRY,1,1 VEHICLE PARKED POSITION (NOT PARKING LOT/DRIVEWAY),SIDESWIPE-SAME DIRECTION,STRAIGHT & GRADE,DARK-HWY LIGHTED/ON,0,0,0,1
29589517,CAMPBELL,KY0008,StateRoute,,MARY INGLES,HWY,,39.01276553,-84.32428261,14.778,1/12/2022 0:00,1910,2,2,0,0,O,CLEAR,DRY,0,VEHICLE BACKING NON INTERSECTION,BACKING,STRAIGHT & LEVEL,DARK-HWY NOT LIGHTED,0,0,0,1
29581906,CAMPBELL,I 0275,Interstate,,I275 E,,,39.02265177,-84.48924458,77.573,1/12/2022 0:00,1801,2,2,0,0,O,,,1,SIDESWIPE COLLISION - SAME DIRECTION,SIDESWIPE-SAME DIRECTION,STRAIGHT & LEVEL,,0,0,0,1
29584720,CAMPBELL,US0027,USRoute,,ALEXANDRIA,PIKE,,39.03689858,-84.45416243,16.725,1/12/2022 0:00,2056,2,2,0,0,O,CLEAR,DRY,0,SIDESWIPE COLLISION - SAME DIRECTION,SIDESWIPE-SAME DIRECTION,STRAIGHT & LEVEL,DARK-HWY LIGHTED/ON,0,0,0,1
29584864,CAMPBELL,,OTHR,,10TH,ST,W,39.08622011,-84.49079082,0.518,1/13/2022 0:00,2025,3,3,0,0,O,CLEAR,DRY,0,ANGLE COLLISION - OTHER,ANGLE,CURVE & LEVEL,DARK-HWY LIGHTED/ON,0,0,0,1
29583430,CAMPBELL,,OTHR,,PATTERSON,ST,,39.08199901,-84.49494298,0.068,1/13/2022 0:00,1445,2,2,0,0,O,CLEAR,DRY,1,OTHER INTERSECTION COLLISIONS,REAR END,STRAIGHT & LEVEL,DAYLIGHT,1,0,0,1
29855367,CAMPBELL,,OTHR,1001,DAYTON,AVE,,39.11045612,-84.47018809,0.016,1/13/2022 0:00,1630,2,2,0,0,O,CLEAR,DRY,0,1 VEHICLE PARKED POSITION (NOT PARKING LOT/DRIVEWAY),SIDESWIPE-SAME DIRECTION,STRAIGHT & GRADE,DAYLIGHT,0,0,0,1
29584724,CAMPBELL,,OTHR,,SUNSET,DR,,39.03698332,-84.45442506,0.664,1/13/2022 0:00,1219,2,2,0,0,O,CLEAR,DRY,0,REAR END IN TRAFFIC LANES BOTH VEHICLES MOVING,REAR END,STRAIGHT & GRADE,DAYLIGHT,0,0,0,1
29590895,CAMPBELL,,OTHR,,DAYTON,ST,,39.11292626,-84.47281125,0.133,1/14/2022 0:00,2343,2,2,0,0,O,CLEAR,DRY,0,REAR END IN TRAFFIC LANES BOTH VEHICLES MOVING,REAR END,STRAIGHT & LEVEL,DARK-HWY LIGHTED/ON,0,0,0,1
29597873,CAMPBELL,US0027,USRoute,,ALEXANDRIA,PIKE,,38.98225664,-84.3977628,11.864,1/14/2022 0:00,653,2,2,0,0,O,CLEAR,DRY,0,OTHER INTERSECTION COLLISIONS,REAR END,STRAIGHT & LEVEL,DARK-HWY LIGHTED/ON,1,0,0,1
29592834,CAMPBELL,,OTHR,,7TH,AVE,,39.11303837,-84.47008652,0.021,1/14/2022 0:00,1700,2,2,0,0,O,,,1,COLLISION WITH PARKED VEHICLE,BACKING,STRAIGHT & LEVEL,,0,0,0,1
29593920,CAMPBELL,US0027,USRoute,,ALEXANDRIA,PIKE,,39.07083324,-84.46979878,20.001,1/14/2022 0:00,2018,2,2,0,2,C,CLEAR,DRY,0,OPPOSING LEFT TURN,OPPOSING LEFT TURN,STRAIGHT & HILLCREST,DARK-HWY LIGHTED/ON,0,0,0,1
29622694,CAMPBELL,US0027,USRoute,,ALEXANDRIA,PIKE,,38.98331894,-84.40008855,12.008,1/14/2022 0:00,1503,3,3,0,1,C,CLOUDY,DRY,0,OTHER ROADWAY OR MID-BLOCK COLLISION,REAR TO REAR,STRAIGHT & HILLCREST,DAYLIGHT,0,0,0,1
29598017,CAMPBELL,KY0445,StateRoute,,RIVER,RD,,39.05634564,-84.44017335,0.326,1/15/2022 0:00,2122,1,1,0,1,B,CLEAR,ICE,0,OTHER ROADWAY OR MID-BLOCK COLLISION,SINGLE VEHICLE,CURVE & GRADE,DARK-HWY NOT LIGHTED,0,0,0,1
29592225,CAMPBELL,US0027,USRoute,,MONMOUTH,ST,,39.08384392,-84.4838292,21.209,1/15/2022 0:00,1636,2,2,0,0,O,CLEAR,DRY,1,OTHER INTERSECTION COLLISIONS,REAR END,,DAYLIGHT,1,0,0,1
29591624,CAMPBELL,KY0009,StateRoute,,AA,HWY,,39.00220666,-84.42686071,14.205,1/15/2022 0:00,918,1,1,0,0,O,CLOUDY,DRY,0,COLLISION WITH ANIMAL NON INTERSECTION,SINGLE VEHICLE,STRAIGHT & HILLCREST,DAYLIGHT,0,0,0,1
29593701,CAMPBELL,KY0915,StateRoute,8818,LICKING,PIKE,,38.95751234,-84.41697838,3.4,1/15/2022 0:00,22,1,1,0,1,A,CLEAR,DRY,0,OTHER COLLISIONS ON SHOULDER,SINGLE VEHICLE,CURVE & GRADE,DARK-HWY LIGHTED/OFF,0,0,0,1
29608422,CAMPBELL,KY0009,StateRoute,,AA,HWY,,39.00968982,-84.4691002,16.537,1/15/2022 0:00,2152,2,2,0,0,O,CLOUDY,DRY,0,1 VEHICLE ENTERING/LEAVING ENTRANCE,ANGLE,STRAIGHT & LEVEL,DARK-HWY LIGHTED/ON,0,0,0,1
29595444,CAMPBELL,,OTHR,,SARATOGA,ST,,39.09331422,-84.49318006,0.581,1/16/2022 0:00,2050,3,3,0,0,O,SNOWING,SNOW/SLUSH,1,1 VEHICLE PARKED POSITION (NOT PARKING LOT/DRIVEWAY),SIDESWIPE-SAME DIRECTION,STRAIGHT & LEVEL,DUSK,0,0,0,1
29599106,CAMPBELL,,OTHR,,RENSHAW,AVE,,39.04306974,-84.44848092,0.015,1/16/2022 0:00,1216,2,2,0,0,O,CLEAR,DRY,0,REAR END IN TRAFFIC LANES BOTH VEHICLES MOVING,REAR END,STRAIGHT & GRADE,DAYLIGHT,0,0,0,1
29598018,CAMPBELL,KY0445,StateRoute,50,GRANDVIEW,AVE,,39.06279108,-84.45124233,1.187,1/16/2022 0:00,2104,2,1,0,0,O,SNOWING,SNOW/SLUSH,0,COLLISION WITH PEDESTRIAN NON - INTERSECTION,SINGLE VEHICLE,STRAIGHT & GRADE,DARK-HWY LIGHTED/ON,0,0,1,0
29597882,CAMPBELL,US0027,USRoute,,ALEXANDRIA,PIKE,,38.94980286,-84.39366202,9.502,1/16/2022 0:00,2121,2,2,0,1,C,SNOWING,SNOW/SLUSH,0,ANGLE COLLISION - OTHER,ANGLE,STRAIGHT & LEVEL,DARK-HWY LIGHTED/ON,0,0,0,1
29595285,CAMPBELL,KY0009,StateRoute,,LICKING,PIKE,,39.0657807,-84.48693488,20.932,1/16/2022 0:00,1924,2,2,0,0,O,SNOWING,SNOW/SLUSH,0,ANGLE COLLISION - OTHER,ANGLE,STRAIGHT & LEVEL,DARK-HWY LIGHTED/ON,0,0,0,1
29592349,CAMPBELL,I 0275,Interstate,,I275 E,,,39.02759566,-84.47312793,76.58,1/16/2022 0:00,905,1,1,0,0,O,CLOUDY,DRY,0,OTHER ROADWAY OR MID-BLOCK COLLISION,SINGLE VEHICLE,STRAIGHT & GRADE,DAYLIGHT,0,0,0,1
29593715,CAMPBELL,KY1892,StateRoute,,CAROTHERS,RD,,39.08473621,-84.48137553,2.415,1/16/2022 0:00,1825,2,2,0,0,O,SNOWING,SNOW/SLUSH,0,OTHER ROADWAY OR MID-BLOCK COLLISION,REAR END,STRAIGHT & GRADE,DARK-HWY LIGHTED/ON,0,0,0,1
29595568,CAMPBELL,I 0275,Interstate,,I275 W,,,39.02285092,-84.48485904,77.322,1/17/2022 0:00,1207,2,2,0,0,O,CLOUDY,DRY,0,SIDESWIPE-SAME DIRECTION,SIDESWIPE-SAME DIRECTION,STRAIGHT & LEVEL,DAYLIGHT,0,0,0,1
29599159,CAMPBELL,,OTHR,,DAYTON,PIKE,,39.10723674,-84.46139262,0.134,1/17/2022 0:00,1430,1,1,0,0,O,CLOUDY,SNOW/SLUSH,0,COLLISION WITH FIXED OBJECT NON - INTERSECTION - FIRST EVENT COLLISION 09 - 32 EXCLUDING 16,SINGLE VEHICLE,CURVE & GRADE,DAYLIGHT,0,0,0,1
29598021,CAMPBELL,,OTHR,,GREGORY,LN,,39.10514455,-84.45870547,0.119,1/17/2022 0:00,1710,1,1,0,0,O,CLOUDY,WET,0,COLLISION WITH FIXED OBJECT NON - INTERSECTION - FIRST EVENT COLLISION 09 - 32 EXCLUDING 16,SINGLE VEHICLE,STRAIGHT & GRADE,DUSK,0,0,0,1
29593714,CAMPBELL,I 0471,Interstate,,I471 N,,,39.09510573,-84.48082826,4.071,1/17/2022 0:00,56,1,1,0,0,O,SNOWING,WET,0,COLLISION WITH FIXED OBJECT NON - INTERSECTION - FIRST EVENT COLLISION 09 - 32 EXCLUDING 16,SINGLE VEHICLE,STRAIGHT & GRADE,DARK-HWY LIGHTED/ON,0,0,0,1
29644951,CAMPBELL,US0027,USRoute,,ALEXANDRIA,PIKE,,39.03693652,-84.45393937,16.732,1/17/2022 0:00,1411,2,2,0,0,O,CLEAR,WET,0,OTHER INTERSECTION COLLISIONS,REAR END,STRAIGHT & LEVEL,DAYLIGHT,1,0,0,1
29595447,CAMPBELL,,OTHR,100 BLOCK,MAYO,RD,,39.07531106,-84.48008235,0.078,1/17/2022 0:00,1227,2,2,0,0,O,CLEAR,SNOW/SLUSH,0,1 VEHICLE PARKED POSITION (NOT PARKING LOT/DRIVEWAY),BACKING,STRAIGHT & LEVEL,DAYLIGHT,0,0,0,1
29599138,CAMPBELL,US0027,USRoute,,ALEXANDRIA,PIKE,,39.03517526,-84.45395819,16.627,1/18/2022 0:00,1311,2,2,0,0,O,CLOUDY,WET,0,ANGLE COLLISION - OTHER,ANGLE,STRAIGHT & LEVEL,DAYLIGHT,0,0,0,1
29599447,CAMPBELL,US0027,USRoute,,MONMOUTH,ST,,39.08003546,-84.48130169,20.912,1/18/2022 0:00,1454,2,2,0,0,O,CLEAR,DRY,0,OPPOSITE DIRECTION - BOTH VEHICLES GOING STRAIGHT AHEAD,SIDESWIPE-OPPOSITE DIRECTION,STRAIGHT & HILLCREST,DAYLIGHT,0,0,0,1
29613786,CAMPBELL,I 0471,Interstate,,,,,39.09299708,-84.47886994,0.18,1/18/2022 0:00,1720,2,2,0,0,O,CLEAR,DRY,0,OTHER RAMP RELATED COLLISIONS NOT LISTED ABOVE,REAR END,STRAIGHT & HILLCREST,DAYLIGHT,0,0,0,1
29605136,CAMPBELL,US0027,USRoute,,MONMOUTH,ST,,39.08409205,-84.48462119,21.254,1/19/2022 0:00,1759,3,3,0,0,O,CLOUDY,DRY,0,REAR END IN TRAFFIC LANES BOTH VEHICLES MOVING,REAR END,STRAIGHT & LEVEL,DARK-HWY LIGHTED/ON,0,0,0,1
29614586,CAMPBELL,US0027,USRoute,2626,ALEXANDRIA,PIKE,,39.03563774,-84.45422916,16.657,1/19/2022 0:00,1300,2,2,0,0,O,CLEAR,DRY,0,1 VEHICLE PARKED POSITION (NOT PARKING LOT/DRIVEWAY),BACKING,STRAIGHT & LEVEL,DAYLIGHT,0,0,0,1
29605339,CAMPBELL,US0027,USRoute,,ALEXANDRIA,PIKE,,38.84337653,-84.37478854,1.651,1/19/2022 0:00,142,1,1,0,0,O,CLEAR,DRY,0,COLLISION WITH ANIMAL NON INTERSECTION,SINGLE VEHICLE,STRAIGHT & LEVEL,DARK-HWY NOT LIGHTED,0,0,0,1
29603115,CAMPBELL,,OTHR,1022,5TH,AVE,,39.11423033,-84.46588115,0.283,1/19/2022 0:00,850,1,1,0,0,O,CLEAR,DRY,0,COLLISION WITH FIXED OBJECT NON - INTERSECTION - FIRST EVENT COLLISION 09 - 32 EXCLUDING 16,SINGLE VEHICLE,STRAIGHT & LEVEL,DAYLIGHT,0,0,0,1