IncidentID,County,RdwyNumber,RdwyType,Street,RoadwayName,StreetSfx,StreetDir,Latitude,Longitude,Milepoint,CollisionDate,CollisionTime,UnitsInvolved,MotorVehiclesInvolved,NumberKilled,NumberInjured,KABCO,Weather,RdwyConditionCode,HitandRun,DirAnalysisCode,MannerofCollision,RdwyCharacter,LightCondition,Intersection Crash,Bicyclist,Pedestrian,Motor Vehicles
29614588,CAMPBELL,US0027,USRoute,,ALEXANDRIA,PIKE,,39.03140899,-84.45204696,16.326,1/19/2022 0:00,1817,2,2,0,0,O,CLEAR,DRY,0,ANGLE COLLISION - OTHER,ANGLE,STRAIGHT & LEVEL,DARK-HWY LIGHTED/ON,0,0,0,1
29606824,CAMPBELL,US0027,USRoute,,,,,39.00328167,-84.42335057,0.567,1/20/2022 0:00,925,2,2,0,0,O,CLEAR,DRY,0,OTHER RAMP RELATED COLLISIONS NOT LISTED ABOVE,REAR END,STRAIGHT & LEVEL,DAYLIGHT,0,0,0,1
29618552,CAMPBELL,US0027,USRoute,7807,ALEXANDRIA,PIKE,,38.97294678,-84.39232854,11.118,1/20/2022 0:00,1644,2,2,0,0,O,CLOUDY,DRY,0,SIDESWIPE-SAME DIRECTION,SIDESWIPE-SAME DIRECTION,STRAIGHT & LEVEL,DAYLIGHT,0,0,0,1
29606823,CAMPBELL,US0027,USRoute,,ALEXANDRIA,PIKE,,39.01058977,-84.43048827,14.46,1/20/2022 0:00,646,2,2,0,0,O,CLEAR,DRY,0,OTHER INTERSECTION COLLISIONS,REAR END,STRAIGHT & LEVEL,DARK-HWY NOT LIGHTED,1,0,0,1
29643096,CAMPBELL,US0027,USRoute,,ALEXANDRIA,PIKE,,39.03691234,-84.45399329,16.731,1/20/2022 0:00,2207,2,1,0,0,O,CLEAR,DRY,0,OTHER INTERSECTION COLLISIONS,REAR END,STRAIGHT & LEVEL,DARK-HWY LIGHTED/ON,1,0,0,1
29614589,CAMPBELL,,OTHR,50,HIDDEN VALLEY,DR,,39.03610243,-84.45299262,0.048,1/20/2022 0:00,1825,2,2,0,0,O,CLEAR,DRY,0,HEAD-ON COLLISION,HEAD ON,CURVE & LEVEL,DARK-HWY NOT LIGHTED,0,0,0,1
29644948,CAMPBELL,US0027,USRoute,2369,ALEXANDRIA,PIKE,,39.03972608,-84.44927882,17.04,1/20/2022 0:00,1611,2,2,0,0,O,CLEAR,DRY,0,REAR END IN TRAFFIC LANES BOTH VEHICLES MOVING,REAR END,CURVE & LEVEL,DAYLIGHT,0,0,0,1
29610566,CAMPBELL,I 0471,Interstate,,I471 N,,,39.09954331,-84.49258748,4.792,1/21/2022 0:00,817,2,2,0,0,O,CLEAR,DRY,0,SIDESWIPE COLLISION - SAME DIRECTION,SIDESWIPE-SAME DIRECTION,STRAIGHT & LEVEL,DAYLIGHT,0,0,0,1
29638813,CAMPBELL,KY1892,StateRoute,100,CAROTHERS,RD,,39.08640055,-84.4776476,2.174,1/21/2022 0:00,1700,2,2,0,0,O,CLEAR,DRY,0,HEAD-ON COLLISION,HEAD ON,STRAIGHT & LEVEL,DAYLIGHT,0,0,0,1
29624414,CAMPBELL,,OTHR,300,6TH,ST,E,39.09334651,-84.49019774,0.45,1/21/2022 0:00,1400,2,2,0,0,O,CLEAR,DRY,0,1 VEHICLE ENTERING/LEAVING ENTRANCE,ANGLE,STRAIGHT & LEVEL,DAYLIGHT,0,0,0,1
29609163,CAMPBELL,I 0471,Interstate,,I471 N,,,39.09866243,-84.49077351,4.677,1/21/2022 0:00,18,1,1,0,0,O,CLEAR,DRY,0,COLLISION WITH FIXED OBJECT NON - INTERSECTION - FIRST EVENT COLLISION 09 - 32 EXCLUDING 16,SINGLE VEHICLE,CURVE & GRADE,DARK-HWY LIGHTED/ON,0,0,0,1
29628264,CAMPBELL,KY0445,StateRoute,,GRANDVIEW,AVE,,39.06283745,-84.4529395,1.276,1/21/2022 0:00,745,2,2,0,0,O,CLEAR,DRY,0,OTHER INTERSECTION COLLISIONS,REAR END,STRAIGHT & GRADE,DAYLIGHT,1,0,0,1
29645108,CAMPBELL,KY0536,StateRoute,,CREEKTRACE,RD,,38.94032942,-84.39830028,3.22,1/21/2022 0:00,657,1,1,0,0,O,CLEAR,DRY,0,COLLISION WITH ANIMAL NON INTERSECTION,SINGLE VEHICLE,STRAIGHT & LEVEL,DAYLIGHT,0,0,0,1
29645972,CAMPBELL,KY0536,StateRoute,,CREEKTRACE,RD,,38.92387357,-84.43986893,0.544,1/21/2022 0:00,826,1,1,0,0,O,CLEAR,DRY,0,COLLISION WITH ANIMAL NON INTERSECTION,SINGLE VEHICLE,STRAIGHT & LEVEL,DAWN,0,0,0,1
29635729,CAMPBELL,KY0009,StateRoute,,AA,HWY,,38.95951387,-84.34276576,8.561,1/21/2022 0:00,1005,2,2,0,0,O,CLEAR,DRY,0,VEHICLE BACKING IN INTERSECTION,BACKING,STRAIGHT & LEVEL,DAYLIGHT,1,0,0,1
29622214,CAMPBELL,US0027,USRoute,,ALEXANDRIA,PIKE,,38.921372,-84.3910264,7.527,1/21/2022 0:00,652,2,2,0,0,O,CLEAR,DRY,0,OTHER ROADWAY OR MID-BLOCK COLLISION,REAR END,STRAIGHT & LEVEL,DARK-HWY NOT LIGHTED,0,0,0,1
29614590,CAMPBELL,US0027,USRoute,,ALEXANDRIA,PIKE,,39.02683526,-84.44865591,15.922,1/22/2022 0:00,1308,2,2,0,0,O,CLOUDY,DRY,0,OTHER ROADWAY OR MID-BLOCK COLLISION,REAR END,STRAIGHT & LEVEL,DAYLIGHT,0,0,0,1
29706275,CAMPBELL,,OTHR,1016,DAVJO,DR,,39.0069324,-84.42647413,0.041,1/22/2022 0:00,800,2,2,0,0,O,CLEAR,DRY,0,1 VEHICLE PARKED POSITION (NOT PARKING LOT/DRIVEWAY),REAR END,STRAIGHT & GRADE,DAWN,0,0,0,1
29644916,CAMPBELL,,OTHR,37,SCENIC VIEW,DR,,39.09781432,-84.46015857,0.131,1/22/2022 0:00,1010,2,2,0,0,O,CLEAR,DRY,0,1 VEHICLE PARKED POSITION (NOT PARKING LOT/DRIVEWAY),BACKING,STRAIGHT & GRADE,DAYLIGHT,0,0,0,1
29617402,CAMPBELL,US0027,USRoute,,YORK,ST,,39.08862766,-84.49292892,21.914,1/23/2022 0:00,2205,2,2,0,0,O,CLEAR,DRY,1,SIDESWIPE-SAME DIRECTION,SIDESWIPE-SAME DIRECTION,STRAIGHT & LEVEL,DARK-HWY LIGHTED/ON,0,0,0,1
29664278,CAMPBELL,US0027,USRoute,,ALEXANDRIA,PIKE,,39.03040018,-84.45134232,16.256,1/24/2022 0:00,1800,3,3,0,0,O,RAINING,WET,1,OTHER ROADWAY OR MID-BLOCK COLLISION,REAR END,STRAIGHT & LEVEL,DARK-HWY LIGHTED/ON,0,0,0,1
29634637,CAMPBELL,US0027,USRoute,,ALEXANDRIA,PIKE,,39.03357054,-84.45331605,16.498,1/24/2022 0:00,1745,2,2,0,0,O,RAINING,WET,0,OTHER ROADWAY OR MID-BLOCK COLLISION,REAR END,STRAIGHT & LEVEL,DARK-HWY LIGHTED/ON,0,0,0,1
29622570,CAMPBELL,US0027,USRoute,3614,ALEXANDRIA,PIKE,,39.02805695,-84.44981988,16.076,1/24/2022 0:00,1748,1,1,0,0,O,CLEAR,DRY,0,COLLISION WITH FIXED OBJECT NON - INTERSECTION - FIRST EVENT COLLISION 09 - 32 EXCLUDING 16,SINGLE VEHICLE,CURVE & LEVEL,DUSK,0,0,0,1
29628010,CAMPBELL,US0027,USRoute,,ALEXANDRIA,PIKE,,39.02899983,-84.45046954,16.147,1/24/2022 0:00,1020,2,2,0,0,O,CLOUDY,WET,0,REAR END IN TRAFFIC LANES BOTH VEHICLES MOVING,REAR END,STRAIGHT & LEVEL,DAYLIGHT,0,0,0,1
29653507,CAMPBELL,US0027,USRoute,,ALEXANDRIA,PIKE,,38.98317116,-84.39975821,11.99,1/24/2022 0:00,846,2,2,0,0,O,CLEAR,DRY,1,REAR END IN TRAFFIC LANES BOTH VEHICLES MOVING,REAR END,STRAIGHT & GRADE,DAYLIGHT,0,0,0,1
29628246,CAMPBELL,I 0471,Interstate,,I471 N,,,39.06118935,-84.46890193,1.321,1/24/2022 0:00,2050,2,2,0,0,O,CLEAR,DRY,0,1 VEHICLE ENTERING/LEAVING ENTRANCE,ANGLE,CURVE & LEVEL,DARK-HWY LIGHTED/ON,0,0,0,1
29619752,CAMPBELL,KY1892,StateRoute,10,CAROTHERS,RD,,39.08428422,-84.48311343,2.516,1/24/2022 0:00,1230,2,2,0,0,O,CLOUDY,DRY,0,SIDESWIPE COLLISION - SAME DIRECTION,SIDESWIPE-SAME DIRECTION,CURVE & LEVEL,DAYLIGHT,0,0,0,1
29621001,CAMPBELL,US0027,USRoute,,MONMOUTH,ST,,39.08547247,-84.48666383,21.401,1/24/2022 0:00,1700,2,2,0,1,C,RAINING,WET,0,SIDESWIPE COLLISION - SAME DIRECTION,SIDESWIPE-SAME DIRECTION,STRAIGHT & GRADE,DAYLIGHT,0,0,0,1
29622657,CAMPBELL,I 0275,Interstate,,I275 E,,,39.02440402,-84.47898426,76.966,1/24/2022 0:00,842,2,2,0,0,O,CLOUDY,DRY,0,SIDESWIPE COLLISION - SAME DIRECTION,SIDESWIPE-SAME DIRECTION,STRAIGHT & GRADE,DAYLIGHT,0,0,0,1
29636301,CAMPBELL,,OTHR,204,RETREAT,ST,,39.10048529,-84.48082286,0.177,1/25/2022 0:00,749,2,2,0,0,O,CLEAR,DRY,1,1 VEHICLE PARKED POSITION (NOT PARKING LOT/DRIVEWAY),SIDESWIPE-SAME DIRECTION,STRAIGHT & LEVEL,DAYLIGHT,0,0,0,1
29624494,CAMPBELL,KY0009,StateRoute,,LICKING,PIKE,,39.02529448,-84.48067734,17.947,1/25/2022 0:00,1431,2,2,0,0,O,CLOUDY,DRY,0,ANGLE COLLISION - ONE VEHICLE TURNING LEFT,ANGLE,STRAIGHT & LEVEL,DAYLIGHT,0,0,0,1
29628075,CAMPBELL,KY1120,StateRoute,,10TH,ST,E,39.08957309,-84.48461903,1.083,1/25/2022 0:00,1632,2,2,0,0,O,CLEAR,DRY,0,OTHER INTERSECTION COLLISIONS,REAR END,STRAIGHT & LEVEL,DAYLIGHT,1,0,0,1
29628242,CAMPBELL,,OTHR,630,COLFAX,ST,,39.09657035,-84.47911099,0.131,1/25/2022 0:00,1012,1,1,0,0,O,CLEAR,DRY,0,OTHER ROADWAY OR MID-BLOCK COLLISION,SINGLE VEHICLE,STRAIGHT & LEVEL,DAYLIGHT,0,0,0,1
29622656,CAMPBELL,KY0009,StateRoute,,LICKING,PIKE,,39.02307829,-84.4808869,17.77,1/25/2022 0:00,750,2,2,0,0,O,CLOUDY,DRY,0,OTHER ROADWAY OR MID-BLOCK COLLISION,REAR END,STRAIGHT & LEVEL,DAYLIGHT,0,0,0,1
29648473,CAMPBELL,KY1120,StateRoute,1017,FT THOMAS,AVE,S,39.06525831,-84.44623056,5.29,1/26/2022 0:00,2007,2,2,0,0,O,CLOUDY,DRY,0,SIDESWIPE COLLISION - OPPOSITE DIRECTION,SIDESWIPE-OPPOSITE DIRECTION,CURVE & LEVEL,DUSK,0,0,0,1
29645307,CAMPBELL,KY0445,StateRoute,,GRANDVIEW,AVE,,39.06289276,-84.45146739,1.199,1/26/2022 0:00,129,2,2,0,0,O,CLEAR,DRY,0,1 VEHICLE PARKED POSITION (NOT PARKING LOT/DRIVEWAY),ANGLE,CURVE & GRADE,DARK-HWY LIGHTED/ON,0,0,0,1
29639277,CAMPBELL,,OTHR,300,PARK,AVE,,39.09794526,-84.49279562,0.347,1/26/2022 0:00,1547,2,2,0,0,O,CLEAR,DRY,0,REAR END IN TRAFFIC LANES BOTH VEHICLES MOVING,REAR END,STRAIGHT & LEVEL,DAYLIGHT,0,0,0,1
29805785,CAMPBELL,KY2238,StateRoute,,THREE MILE,RD,,39.05135953,-84.48692877,2.43,1/27/2022 0:00,2130,1,1,0,1,C,SNOWING,WET,0,RAN OFF ROADWAY (1 VEHICLE WITH/EARTH EMBANKMENT/DITCH),SINGLE VEHICLE,CURVE & LEVEL,DARK-HWY LIGHTED/ON,0,0,0,1
29633315,CAMPBELL,KY1120,StateRoute,10,10TH,ST,E,39.08649503,-84.49030772,0.696,1/27/2022 0:00,1012,2,2,0,0,O,CLEAR,DRY,0,1 VEHICLE PARKED POSITION (NOT PARKING LOT/DRIVEWAY),BACKING,STRAIGHT & LEVEL,DAYLIGHT,0,0,0,1
29648632,CAMPBELL,KY1120,StateRoute,1210,FT THOMAS,AVE,S,39.06315106,-84.448295,5.469,1/27/2022 0:00,2030,2,2,0,0,O,SNOWING,SNOW/SLUSH,0,1 VEHICLE PARKED POSITION (NOT PARKING LOT/DRIVEWAY),REAR END,STRAIGHT & LEVEL,UNKNOWN,0,0,0,1
29644028,CAMPBELL,I 0471,Interstate,,I471 S,,,39.05537996,-84.46948507,0.892,1/27/2022 0:00,1406,2,2,0,0,O,CLOUDY,DRY,0,SIDESWIPE COLLISION - SAME DIRECTION,SIDESWIPE-SAME DIRECTION,CURVE & LEVEL,DAYLIGHT,0,0,0,1
29640152,CAMPBELL,,OTHR,,BRIGHTON,ST,,39.08735648,-84.50233042,0.635,1/27/2022 0:00,200,2,2,0,1,B,CLEAR,DRY,1,1 VEHICLE ENTERING/LEAVING ENTRANCE,ANGLE,STRAIGHT & LEVEL,DARK-HWY LIGHTED/ON,0,0,0,1
29638654,CAMPBELL,KY1632,StateRoute,,MOOCK,RD,,39.05455194,-84.4826871,0.262,1/28/2022 0:00,2025,1,1,0,0,O,CLEAR,SNOW/SLUSH,0,OTHER ROADWAY OR MID-BLOCK COLLISION,SINGLE VEHICLE,CURVE & LEVEL,DARK-HWY NOT LIGHTED,0,0,0,1
29641276,CAMPBELL,US0027,USRoute,,,,,38.99964744,-84.42256869,0.393,1/28/2022 0:00,741,1,1,0,0,O,SNOWING,SNOW/SLUSH,0,COLLISION WITH FIXED OBJECT NOT IN GORE ,SINGLE VEHICLE,CURVE & LEVEL,DAWN,0,0,0,1
29805786,CAMPBELL,I 0275,Interstate,,,,,39.02400343,-84.48122073,0.211,1/28/2022 0:00,46,1,1,0,0,O,SNOWING,WET,0,OTHER RAMP RELATED COLLISIONS NOT LISTED ABOVE,SINGLE VEHICLE,CURVE & GRADE,DARK-HWY LIGHTED/ON,0,0,0,1
29660328,CAMPBELL,KY0010,StateRoute,,MAIN,ST,E,38.95499348,-84.37590129,2.427,1/28/2022 0:00,1633,2,2,0,0,O,SNOWING,SNOW/SLUSH,0,SIDESWIPE COLLISION - OPPOSITE DIRECTION,SIDESWIPE-OPPOSITE DIRECTION,STRAIGHT & GRADE,DAYLIGHT,0,0,0,1
29645973,CAMPBELL,,OTHR,,REDSTONE,RD,,38.94538884,-84.35998652,0.063,1/28/2022 0:00,1559,1,1,0,1,B,SNOWING,SNOW/SLUSH,0,OTHER COLLISIONS ON SHOULDER,SINGLE VEHICLE,STRAIGHT & GRADE,DAYLIGHT,0,0,0,1
29636634,CAMPBELL,,OTHR,100,5TH,AVE,,39.11034034,-84.47892398,1.086,1/28/2022 0:00,1016,2,2,0,0,O,SNOWING,SNOW/SLUSH,0,1 VEHICLE PARKED POSITION (NOT PARKING LOT/DRIVEWAY),OPPOSING LEFT TURN,STRAIGHT & LEVEL,DAYLIGHT,0,0,0,1
29651335,CAMPBELL,KY0008,StateRoute,333,6TH,AVE,,39.11151153,-84.47590685,2.399,1/28/2022 0:00,2010,3,3,0,0,O,SNOWING,SNOW/SLUSH,0,1 VEHICLE PARKED POSITION (NOT PARKING LOT/DRIVEWAY),REAR END,CURVE & LEVEL,DARK-HWY LIGHTED/ON,0,0,0,1
29649171,CAMPBELL,KY1120,StateRoute,402,10TH,ST,E,39.08941308,-84.48493207,1.069,1/28/2022 0:00,1635,3,3,0,0,O,SNOWING,SNOW/SLUSH,0,1 VEHICLE PARKED POSITION (NOT PARKING LOT/DRIVEWAY),REAR END,STRAIGHT & LEVEL,DAYLIGHT,0,0,0,1
29668635,CAMPBELL,KY0009S,StateRoute,,KY9 SPUR,,,39.08842938,-84.50053477,0.822,1/28/2022 0:00,1630,2,2,0,0,O,SNOWING,SNOW/SLUSH,0,REAR END IN TRAFFIC LANES BOTH VEHICLES MOVING,REAR END,CURVE & LEVEL,DAYLIGHT,0,0,0,1
29637154,CAMPBELL,KY1120,StateRoute,502,11TH,ST,W,39.08126561,-84.49631759,0.23,1/28/2022 0:00,1415,2,2,0,0,O,SNOWING,SNOW/SLUSH,0,REAR END IN TRAFFIC LANES BOTH VEHICLES MOVING,REAR END,STRAIGHT & GRADE,DAYLIGHT,0,0,0,1
29638653,CAMPBELL,KY0009,StateRoute,,AA,HWY,,39.00981481,-84.46955507,16.563,1/28/2022 0:00,1730,2,2,0,0,O,SNOWING,SNOW/SLUSH,0,REAR END IN TRAFFIC LANES BOTH VEHICLES MOVING,REAR END,STRAIGHT & LEVEL,DAYLIGHT,0,0,0,1
29639255,CAMPBELL,US0027,USRoute,610,MONMOUTH,ST,,39.09151644,-84.49344761,21.957,1/28/2022 0:00,1620,2,2,0,0,O,SNOWING,SNOW/SLUSH,0,REAR END IN TRAFFIC LANES BOTH VEHICLES MOVING,REAR END,STRAIGHT & LEVEL,DAYLIGHT,0,0,0,1
29637187,CAMPBELL,KY0008,StateRoute,,4TH,ST,W,39.0922275,-84.49637159,0.535,1/28/2022 0:00,1410,2,2,0,0,O,SNOWING,SNOW/SLUSH,0,SIDESWIPE-SAME DIRECTION,SIDESWIPE-SAME DIRECTION,STRAIGHT & LEVEL,DAYLIGHT,0,0,0,1
29639256,CAMPBELL,US0027,USRoute,,YORK,ST,,39.09192928,-84.4959134,22.193,1/28/2022 0:00,1524,2,2,0,0,O,SNOWING,SNOW/SLUSH,1,ANGLE COLLISION - OTHER,ANGLE,STRAIGHT & LEVEL,DAYLIGHT,0,0,0,1
29635118,CAMPBELL,I 0275,Interstate,,I275 W,,,39.05174319,-84.44338474,73.98,1/28/2022 0:00,120,1,1,0,0,O,SNOWING,SNOW/SLUSH,0,RAN OFF ROADWAY (1 VEHICLE WITH/EARTH EMBANKMENT/DITCH),SINGLE VEHICLE,STRAIGHT & GRADE,DARK-HWY LIGHTED/ON,0,0,0,1
29637976,CAMPBELL,KY1566,StateRoute,,ONEONTA,RD,,38.95993513,-84.32718838,0.155,1/28/2022 0:00,1634,1,1,0,0,O,SNOWING,SNOW/SLUSH,0,RAN OFF ROADWAY (1 VEHICLE WITH/EARTH EMBANKMENT/DITCH),SINGLE VEHICLE,CURVE & LEVEL,DAYLIGHT,0,0,0,1
29638007,CAMPBELL,,OTHR,,5TH,ST,E,39.09305316,-84.49307388,0.079,1/28/2022 0:00,1725,2,2,0,0,O,SNOWING,SNOW/SLUSH,0,OTHER INTERSECTION COLLISIONS,REAR END,STRAIGHT & LEVEL,DAYLIGHT,1,0,0,1
29640681,CAMPBELL,,OTHR,,FENDER,RD,,38.97769129,-84.34502005,,1/28/2022 0:00,1645,1,1,0,0,O,SNOWING,SNOW/SLUSH,0,OTHER INTERSECTION COLLISIONS,SINGLE VEHICLE,CURVE & GRADE,DAYLIGHT,1,0,0,1
29653130,CAMPBELL,US0027,USRoute,2410,ALEXANDRIA,PIKE,,39.07358565,-84.47264867,20.252,1/28/2022 0:00,1528,1,1,0,1,B,SNOWING,SNOW/SLUSH,0,COLLISION WITH FIXED OBJECT NON - INTERSECTION - FIRST EVENT COLLISION 09 - 32 EXCLUDING 16,SINGLE VEHICLE,STRAIGHT & GRADE,DAYLIGHT,0,0,0,1
29642717,CAMPBELL,,OTHR,,MICHAEL,DR,,38.91004765,-84.38771926,0.081,1/28/2022 0:00,1447,1,1,0,0,O,SNOWING,SNOW/SLUSH,0,COLLISION WITH FIXED OBJECT NON - INTERSECTION - FIRST EVENT COLLISION 09 - 32 EXCLUDING 16,SINGLE VEHICLE,STRAIGHT & GRADE,DAYLIGHT,0,0,0,1
29653796,CAMPBELL,KY1998,StateRoute,,POOLES CREEK,RD,,39.02316344,-84.44749645,1.54,1/29/2022 0:00,1614,2,2,0,0,O,CLEAR,DRY,0,ANGLE COLLISION - OTHER,ANGLE,CURVE & GRADE,DAYLIGHT,0,0,0,1
29653526,CAMPBELL,US0027,USRoute,,ALEXANDRIA,PIKE,,38.98224103,-84.3977316,11.862,1/29/2022 0:00,2230,2,2,0,1,C,CLEAR,SNOW/SLUSH,0,ANGLE COLLISION - OTHER,ANGLE,STRAIGHT & LEVEL,DARK-HWY LIGHTED/ON,0,0,0,1
29639276,CAMPBELL,US0027,USRoute,,MONMOUTH,ST,,39.08711484,-84.48867357,21.56,1/29/2022 0:00,1210,2,2,0,0,O,CLEAR,DRY,0,SIDESWIPE-SAME DIRECTION,SIDESWIPE-SAME DIRECTION,STRAIGHT & LEVEL,DAYLIGHT,0,0,0,1
29639893,CAMPBELL,,OTHR,,ERVIN,TER,,39.11097685,-84.47522545,0.296,1/29/2022 0:00,1119,2,2,0,0,O,CLEAR,SNOW/SLUSH,0,1 VEHICLE PARKED POSITION (NOT PARKING LOT/DRIVEWAY),BACKING,STRAIGHT & GRADE,DAYLIGHT,0,0,0,1
29641082,CAMPBELL,KY0008,StateRoute,,4TH,ST,W,39.0882407,-84.50372898,0.053,1/29/2022 0:00,1740,2,2,0,0,O,CLEAR,DRY,0,1 VEHICLE ENTERING/LEAVING ENTRANCE,ANGLE,STRAIGHT & HILLCREST,DAYLIGHT,0,0,0,1
29650842,CAMPBELL,,OTHR,,CLAY RIDGE,RD,,38.86017581,-84.39451924,0.149,1/29/2022 0:00,1115,2,2,0,0,O,CLEAR,ICE,0,SIDESWIPE COLLISION - OPPOSITE DIRECTION,SIDESWIPE-OPPOSITE DIRECTION,CURVE & GRADE,DAYLIGHT,0,0,0,1
29669518,CAMPBELL,KY1120,StateRoute,,MEMORIAL,PKWY,,39.09569382,-84.47291924,1.898,1/29/2022 0:00,640,1,1,0,0,O,CLEAR,SNOW/SLUSH,0,OTHER ROADWAY OR MID-BLOCK COLLISION,SINGLE VEHICLE,CURVE & GRADE,DARK-HWY LIGHTED/ON,0,0,0,1
29645889,CAMPBELL,,OTHR,13431,PEACH GROVE,,,38.84615964,-84.35450091,,1/30/2022 0:00,1200,2,2,0,0,O,CLEAR,DRY,0,1 VEHICLE ENTERING/LEAVING ENTRANCE,ANGLE,CURVE & HILLCREST,DAYLIGHT,0,0,0,1
29643229,CAMPBELL,KY1892,StateRoute,,GRAND,AVE,,39.08585511,-84.47573549,2.041,1/30/2022 0:00,2039,2,2,0,0,O,CLEAR,DRY,0,REAR END IN TRAFFIC LANES BOTH VEHICLES MOVING,REAR END,STRAIGHT & LEVEL,DARK-HWY LIGHTED/ON,0,0,0,1
29653724,CAMPBELL,US0027,USRoute,,ALEXANDRIA,PIKE,,39.01812405,-84.43558886,15.022,1/30/2022 0:00,1854,2,2,0,0,O,CLEAR,DRY,0,REAR END IN TRAFFIC LANES BOTH VEHICLES MOVING,REAR END,STRAIGHT & LEVEL,DARK-HWY LIGHTED/ON,0,0,0,1
29642373,CAMPBELL,,OTHR,843,MONROE,ST,,39.09218685,-84.48687842,0.218,1/30/2022 0:00,1855,2,2,0,0,O,CLEAR,DRY,0,1 VEHICLE PARKED POSITION (NOT PARKING LOT/DRIVEWAY),SIDESWIPE-SAME DIRECTION,STRAIGHT & LEVEL,DARK-HWY LIGHTED/ON,0,0,0,1
29648601,CAMPBELL,US0027,USRoute,,ALEXANDRIA,PIKE,,39.07071297,-84.4696435,19.995,1/30/2022 0:00,,2,2,0,0,O,CLOUDY,DRY,1,OTHER INTERSECTION COLLISIONS,REAR END,STRAIGHT & GRADE,DUSK,1,0,0,1
29677308,CAMPBELL,KY1892,StateRoute,,GRAND,AVE,,39.08526682,-84.47425541,1.961,1/30/2022 0:00,2039,2,2,0,0,O,CLEAR,DRY,0,ANGLE COLLISION - ONE VEHICLE TURNING LEFT,ANGLE,STRAIGHT & GRADE,DARK-HWY LIGHTED/ON,0,0,0,1
29653525,CAMPBELL,KY0010,StateRoute,,MAIN,ST,E,38.95103943,-84.37107414,2.805,1/31/2022 0:00,1728,1,1,0,0,O,CLEAR,DRY,0,OTHER INTERSECTION COLLISIONS,SINGLE VEHICLE,STRAIGHT & GRADE,DUSK,1,0,0,1
29650847,CAMPBELL,KY0010,StateRoute,,FLAGG SPRINGS,PIKE,,38.90785688,-84.30304318,8.925,1/31/2022 0:00,558,1,1,0,0,O,CLEAR,DRY,0,COLLISION WITH ANIMAL NON INTERSECTION,SINGLE VEHICLE,STRAIGHT & LEVEL,DARK-HWY NOT LIGHTED,0,0,0,1
29674773,CAMPBELL,,OTHR,160,NEWPORT PAVILION,,,39.08940033,-84.47580617,0.361,1/31/2022 0:00,1700,2,2,0,0,O,CLEAR,DRY,1,1 VEHICLE PARKED POSITION (NOT PARKING LOT/DRIVEWAY),SIDESWIPE-SAME DIRECTION,STRAIGHT & LEVEL,DAYLIGHT,0,0,0,1
29678295,CAMPBELL,,OTHR,,3RD,ST,W,39.09326211,-84.4971529,,1/31/2022 0:00,1142,2,2,0,0,O,CLEAR,DRY,0,SIDESWIPE-SAME DIRECTION,SIDESWIPE-SAME DIRECTION,CURVE & LEVEL,DAYLIGHT,0,0,0,1
29646076,CAMPBELL,KY0009,StateRoute,,LICKING,PIKE,,39.02144807,-84.48116121,17.642,1/31/2022 0:00,717,2,2,0,0,O,CLOUDY,DRY,0,REAR END IN TRAFFIC LANES BOTH VEHICLES MOVING,REAR END,STRAIGHT & LEVEL,DARK-HWY LIGHTED/ON,0,0,0,1
29653524,CAMPBELL,US0027,USRoute,,ALEXANDRIA,PIKE,,38.97303551,-84.39220976,11.123,1/31/2022 0:00,1547,2,2,0,0,O,CLEAR,DRY,0,REAR END IN TRAFFIC LANES BOTH VEHICLES MOVING,REAR END,STRAIGHT & LEVEL,DAYLIGHT,0,0,0,1
29646077,CAMPBELL,I 0275,Interstate,,I275 E,,,39.02580847,-84.47641419,76.79,1/31/2022 0:00,903,2,2,0,0,O,CLOUDY,DRY,0,SIDESWIPE COLLISION - SAME DIRECTION,SIDESWIPE-SAME DIRECTION,CURVE & GRADE,DAYLIGHT,0,0,0,1
29656052,CAMPBELL,KY0008,StateRoute,6840,MARY INGLES,HWY,,39.01391239,-84.32548081,14.676,1/31/2022 0:00,1848,1,1,0,0,O,CLOUDY,DRY,0,OTHER COLLISIONS ON SHOULDER,SINGLE VEHICLE,STRAIGHT & LEVEL,DARK-HWY NOT LIGHTED,0,0,0,1
29646465,CAMPBELL,I 0471,Interstate,,,,,39.08541664,-84.47458593,0.214,1/31/2022 0:00,1344,2,2,0,0,O,CLEAR,DRY,0,OTHER RAMP RELATED COLLISIONS NOT LISTED ABOVE,REAR END,CURVE & LEVEL,DAYLIGHT,0,0,0,1
29653959,CAMPBELL,US0027,USRoute,,MONMOUTH,ST,,39.084109,-84.48469537,21.255,2/1/2022 0:00,1701,2,2,0,0,O,CLEAR,DRY,0,OTHER ROADWAY OR MID-BLOCK COLLISION,OPPOSING LEFT TURN,STRAIGHT & GRADE,DAYLIGHT,0,0,0,1
29653212,CAMPBELL,US0027,USRoute,,ALEXANDRIA,PIKE,,39.06468585,-84.46102523,19.324,2/1/2022 0:00,1830,2,2,0,0,O,CLEAR,DRY,1,SIDESWIPE COLLISION - OPPOSITE DIRECTION,SIDESWIPE-OPPOSITE DIRECTION,CURVE & GRADE,DARK-HWY NOT LIGHTED,0,0,0,1
29653100,CAMPBELL,US0027,USRoute,1500,MONMOUTH,ST,,39.0839839,-84.48430172,21.236,2/1/2022 0:00,1715,2,2,0,0,O,CLEAR,DRY,0,1 VEHICLE ENTERING/LEAVING ENTRANCE,ANGLE,STRAIGHT & HILLCREST,DAYLIGHT,0,0,0,1