IncidentID,County,RdwyNumber,RdwyType,Street,RoadwayName,StreetSfx,StreetDir,Latitude,Longitude,Milepoint,CollisionDate,CollisionTime,UnitsInvolved,MotorVehiclesInvolved,NumberKilled,NumberInjured,KABCO,Weather,RdwyConditionCode,HitandRun,DirAnalysisCode,MannerofCollision,RdwyCharacter,LightCondition,Intersection Crash,Bicyclist,Pedestrian,Motor Vehicles
29655336,CAMPBELL,,OTHR,,VINE,ST,,39.11083935,-84.47713316,0.172,2/1/2022 0:00,1621,2,2,0,0,O,CLEAR,DRY,0,HEAD-ON COLLISION,HEAD ON,STRAIGHT & LEVEL,DAYLIGHT,0,0,0,1
29653722,CAMPBELL,,OTHR,,CROSSROADS,BLVD,,39.00436617,-84.42451206,0.009,2/1/2022 0:00,1536,2,2,0,0,O,CLOUDY,DRY,0,SIDESWIPE COLLISION - SAME DIRECTION,SIDESWIPE-SAME DIRECTION,STRAIGHT & LEVEL,DAYLIGHT,0,0,0,1
29653129,CAMPBELL,,OTHR,407,SARATOGA,ST,,39.09364091,-84.4933486,0.603,2/1/2022 0:00,1100,2,2,0,0,O,CLEAR,DRY,0,1 VEHICLE PARKED POSITION (NOT PARKING LOT/DRIVEWAY),SIDESWIPE-SAME DIRECTION,STRAIGHT & LEVEL,DAYLIGHT,0,0,0,1
29651012,CAMPBELL,I 0471,Interstate,,I471 N,,,39.09475704,-84.4803284,4.035,2/1/2022 0:00,1630,2,2,0,0,O,CLOUDY,DRY,0,REAR END IN TRAFFIC LANES BOTH VEHICLES MOVING,REAR END,STRAIGHT & LEVEL,DAYLIGHT,0,0,0,1
29656436,CAMPBELL,KY0009,StateRoute,,AA,HWY,,39.00836816,-84.46190137,16.143,2/1/2022 0:00,1928,2,2,0,0,O,CLEAR,DRY,0,REAR END IN TRAFFIC LANES BOTH VEHICLES MOVING,REAR END,STRAIGHT & GRADE,DARK-HWY LIGHTED/ON,0,0,0,1
29653723,CAMPBELL,US0027,USRoute,,ALEXANDRIA,PIKE,,39.01984288,-84.43787244,15.208,2/1/2022 0:00,1636,3,3,0,0,O,CLEAR,DRY,0,REAR END IN TRAFFIC LANES BOTH VEHICLES MOVING,REAR END,STRAIGHT & LEVEL,DAYLIGHT,0,0,0,1
29653801,CAMPBELL,US0027,USRoute,,ALEXANDRIA,PIKE,,39.00377901,-84.42399579,13.892,2/1/2022 0:00,1249,2,2,0,0,O,CLEAR,DRY,0,REAR END IN TRAFFIC LANES BOTH VEHICLES MOVING,REAR END,STRAIGHT & GRADE,DAYLIGHT,0,0,0,1
29650258,CAMPBELL,US0027,USRoute,,ALEXANDRIA,PIKE,,39.00291145,-84.42293345,13.812,2/1/2022 0:00,1105,2,2,0,0,O,CLEAR,DRY,0,REAR END IN TRAFFIC LANES BOTH VEHICLES MOVING,REAR END,STRAIGHT & LEVEL,DAYLIGHT,0,0,0,1
29649217,CAMPBELL,US0027,USRoute,1922,MONMOUTH,ST,,39.07943947,-84.48084906,20.867,2/1/2022 0:00,850,2,2,0,0,O,CLOUDY,WET,0,REAR END IN TRAFFIC LANES BOTH VEHICLES MOVING,REAR END,STRAIGHT & HILLCREST,DAYLIGHT,0,0,0,1
29649218,CAMPBELL,I 0471,Interstate,,I471 N,,,39.09531256,-84.48116158,4.094,2/1/2022 0:00,640,3,3,0,0,O,CLEAR,DRY,0,REAR END IN TRAFFIC LANES BOTH VEHICLES MOVING,REAR END,STRAIGHT & LEVEL,DARK-HWY LIGHTED/ON,0,0,0,1
29662949,CAMPBELL,KY0547,StateRoute,,FOUR MILE,RD,,39.00727845,-84.36702768,,2/1/2022 0:00,1341,1,1,0,0,O,CLEAR,DRY,0,OTHER COLLISIONS ON SHOULDER,SINGLE VEHICLE,CURVE & LEVEL,DAYLIGHT,0,0,0,1
29655334,CAMPBELL,KY0008,StateRoute,,6TH,AVE,,39.11077682,-84.47714554,2.319,2/1/2022 0:00,744,2,2,0,0,O,CLOUDY,DRY,0,ANGLE COLLISION - OTHER,ANGLE,STRAIGHT & LEVEL,DAYLIGHT,0,0,0,1
29649173,CAMPBELL,I 0471,Interstate,,I471 S,,,39.09285204,-84.47780678,3.853,2/1/2022 0:00,716,1,1,0,0,O,CLEAR,DRY,0,COLLISION WITH FIXED OBJECT NON - INTERSECTION - FIRST EVENT COLLISION 09 - 32 EXCLUDING 16,SINGLE VEHICLE,STRAIGHT & LEVEL,DAYLIGHT,0,0,0,1
29653726,CAMPBELL,KY1998,StateRoute,,POOLES CREEK,RD,,39.02360565,-84.44658516,1.601,2/2/2022 0:00,422,1,1,0,0,O,CLEAR,DRY,0,RAN OFF ROADWAY (1 VEHICLE WITH/EARTH EMBANKMENT/DITCH),SINGLE VEHICLE,CURVE & GRADE,DARK-HWY NOT LIGHTED,0,0,0,1
29680316,CAMPBELL,,OTHR,1033,OFALLON,AVE,,39.10482289,-84.47551343,0.127,2/2/2022 0:00,837,2,1,0,1,A,CLEAR,ICE,0,COLLISION WITH PEDESTRIAN NON - INTERSECTION,SINGLE VEHICLE,STRAIGHT & GRADE,DAYLIGHT,0,0,1,0
29672856,CAMPBELL,KY0009,StateRoute,,AA,HWY,,39.00380956,-84.43945837,14.894,2/2/2022 0:00,1722,2,2,0,1,A,FOG WITH RAIN,WET,0,ANGLE COLLISION - OTHER,ANGLE,STRAIGHT & LEVEL,DARK-HWY NOT LIGHTED,0,0,0,1
29656051,CAMPBELL,,OTHR,,3RD,ST,W,39.09240174,-84.49841733,0.092,2/2/2022 0:00,1827,1,1,0,0,O,RAINING,WET,0,COLLISION WITH FIXED OBJECT IN INTERSECTION - FIRST EVENT COLLISION 09 - 32,SINGLE VEHICLE,STRAIGHT & LEVEL,DARK-HWY LIGHTED/ON,1,0,0,1
29662945,CAMPBELL,US0027,USRoute,,ALEXANDRIA,PIKE,,38.94033366,-84.39420785,8.85,2/2/2022 0:00,1845,2,2,0,0,O,RAINING,WET,0,HEAD-ON COLLISION,HEAD ON,STRAIGHT & LEVEL,DARK-HWY LIGHTED/ON,0,0,0,1
29744875,CAMPBELL,,OTHR,,I 275 E,,,39.0457708,-84.4559,,2/2/2022 0:00,1420,1,1,0,0,O,"SLEET, HAIL, FREEZING RAIN",ICE,0,OTHER COLLISIONS ON SHOULDER,SINGLE VEHICLE,CURVE & GRADE,DAYLIGHT,0,0,0,1
29655371,CAMPBELL,KY1120,StateRoute,,MEMORIAL,PKWY,,39.09248991,-84.4776822,1.535,2/2/2022 0:00,735,2,2,0,0,O,RAINING,WET,1,SIDESWIPE COLLISION - OPPOSITE DIRECTION,SIDESWIPE-OPPOSITE DIRECTION,STRAIGHT & LEVEL,DAYLIGHT,0,0,0,1
29655057,CAMPBELL,I 0471,Interstate,,,,,39.08616196,-84.47422332,0.149,2/2/2022 0:00,1500,2,2,0,0,O,RAINING,WET,0,OTHER RAMP RELATED COLLISIONS NOT LISTED ABOVE,REAR END,CURVE & LEVEL,DAYLIGHT,0,0,0,1
29660605,CAMPBELL,I 0471,Interstate,,I471 S,,,39.09694166,-84.48415696,4.297,2/3/2022 0:00,1029,2,2,0,0,O,"SLEET, HAIL, FREEZING RAIN",ICE,0,1 VEHICLE ENTERING/LEAVING ENTRANCE,ANGLE,STRAIGHT & LEVEL,DAYLIGHT,0,0,0,1
29678296,CAMPBELL,I 0471,Interstate,4,I471 S,,,39.09502657,-84.48106886,4.085,2/3/2022 0:00,1700,2,2,0,0,O,SNOWING,SNOW/SLUSH,1,SIDESWIPE COLLISION - SAME DIRECTION,SIDESWIPE-SAME DIRECTION,STRAIGHT & LEVEL,DAYLIGHT,0,0,0,1
29662823,CAMPBELL,,OTHR,130,NEWPORT PAVILION,,,39.09124421,-84.4776934,0.196,2/3/2022 0:00,1930,2,2,0,0,O,SNOWING,SNOW/SLUSH,0,REAR END IN TRAFFIC LANES BOTH VEHICLES MOVING,REAR END,STRAIGHT & LEVEL,DARK-HWY LIGHTED/ON,0,0,0,1
29660428,CAMPBELL,,OTHR,,FT THOMAS,AVE,N,39.09440866,-84.45049046,0.882,2/3/2022 0:00,1015,2,2,0,0,O,"SLEET, HAIL, FREEZING RAIN",SNOW/SLUSH,0,1 VEHICLE PARKED POSITION (NOT PARKING LOT/DRIVEWAY),SIDESWIPE-SAME DIRECTION,CURVE & HILLCREST,DAYLIGHT,0,0,0,1
29678744,CAMPBELL,KY2345,StateRoute,,JOHNS HILL,RD,,39.02885513,-84.46949753,1.163,2/3/2022 0:00,1408,1,1,0,0,O,"SLEET, HAIL, FREEZING RAIN",SNOW/SLUSH,0,COLLISION WITH FIXED OBJECT NON - INTERSECTION - FIRST EVENT COLLISION 09 - 32 EXCLUDING 16,SINGLE VEHICLE,STRAIGHT & GRADE,DAYLIGHT,0,0,0,1
29660336,CAMPBELL,US0027,USRoute,,ALEXANDRIA,PIKE,,39.07361741,-84.47264812,20.254,2/3/2022 0:00,1208,1,1,0,0,O,"SLEET, HAIL, FREEZING RAIN",SNOW/SLUSH,0,COLLISION WITH FIXED OBJECT NON - INTERSECTION - FIRST EVENT COLLISION 09 - 32 EXCLUDING 16,SINGLE VEHICLE,CURVE & GRADE,DAYLIGHT,0,0,0,1
29664279,CAMPBELL,I 0275,Interstate,,I275 E,,,39.04616943,-84.45863847,74.889,2/3/2022 0:00,1035,1,1,0,0,O,"SLEET, HAIL, FREEZING RAIN",ICE,0,COLLISION WITH FIXED OBJECT NON - INTERSECTION - FIRST EVENT COLLISION 09 - 32 EXCLUDING 16,SINGLE VEHICLE,STRAIGHT & LEVEL,DAYLIGHT,0,0,0,1
29666774,CAMPBELL,,OTHR,,CLARK,ST,,39.1144303,-84.46180053,0.035,2/3/2022 0:00,1803,2,2,0,0,O,"SLEET, HAIL, FREEZING RAIN",SNOW/SLUSH,0,1 VEHICLE PARKED POSITION (NOT PARKING LOT/DRIVEWAY),HEAD ON,STRAIGHT & GRADE,DAYLIGHT,0,0,0,1
29672472,CAMPBELL,,OTHR,,PAT FANNING,WAY,,38.98301681,-84.39979636,,2/4/2022 0:00,1638,2,2,0,0,O,CLEAR,SNOW/SLUSH,0,ANGLE COLLISION - OTHER,ANGLE,STRAIGHT & LEVEL,DAYLIGHT,0,0,0,1
29662309,CAMPBELL,KY1120,StateRoute,,11TH,ST,W,39.08479546,-84.48987898,0.647,2/4/2022 0:00,1905,2,2,0,0,O,CLOUDY,SNOW/SLUSH,0,REAR END IN TRAFFIC LANES BOTH VEHICLES MOVING,REAR END,STRAIGHT & LEVEL,DARK-HWY LIGHTED/ON,0,0,0,1
29770002,CAMPBELL,,OTHR,,I275 EB,,,39.05753164,-84.42957519,,2/4/2022 0:00,1150,2,2,0,0,O,CLOUDY,SNOW/SLUSH,0,1 VEHICLE ENTERING/LEAVING ENTRANCE,ANGLE,STRAIGHT & LEVEL,DAYLIGHT,0,0,0,1
31190914,CAMPBELL,KY1892,StateRoute,1405,CAROTHERS,RD,,39.08640562,-84.47753342,2.168,2/4/2022 0:00,1016,2,2,0,0,O,CLEAR,DRY,0,VEHICLE BACKING NON INTERSECTION,BACKING,STRAIGHT & LEVEL,DAYLIGHT,0,0,0,1
29661976,CAMPBELL,I 0275,Interstate,,,,,39.04884312,-84.46025284,0.226,2/4/2022 0:00,1403,2,2,0,0,O,CLEAR,SNOW/SLUSH,0,OTHER RAMP RELATED COLLISIONS NOT LISTED ABOVE,SIDESWIPE-SAME DIRECTION,CURVE & GRADE,DAYLIGHT,0,0,0,1
29668015,CAMPBELL,,OTHR,248,LINDEN,RD,,39.07433402,-84.47214713,0.43,2/5/2022 0:00,939,2,2,0,0,O,CLEAR,SNOW/SLUSH,0,1 VEHICLE PARKED POSITION (NOT PARKING LOT/DRIVEWAY),SIDESWIPE-OPPOSITE DIRECTION,STRAIGHT & LEVEL,DAYLIGHT,0,0,0,1
29670822,CAMPBELL,,OTHR,759,WIGEON,DR,,38.92000365,-84.40448199,0.236,2/5/2022 0:00,2309,2,2,0,0,O,CLOUDY,SNOW/SLUSH,1,1 VEHICLE PARKED POSITION (NOT PARKING LOT/DRIVEWAY),SIDESWIPE-OPPOSITE DIRECTION,STRAIGHT & LEVEL,DARK-HWY LIGHTED/ON,0,0,0,1
29672470,CAMPBELL,US0027,USRoute,,ALEXANDRIA,PIKE,,38.96138704,-84.39297454,10.331,2/5/2022 0:00,1315,2,2,0,0,O,CLEAR,SNOW/SLUSH,0,SIDESWIPE-SAME DIRECTION,SIDESWIPE-SAME DIRECTION,STRAIGHT & LEVEL,DAYLIGHT,0,0,0,1
29670821,CAMPBELL,I 0275,Interstate,,I275 E,,,39.04461568,-84.46617232,75.305,2/5/2022 0:00,1822,1,1,0,0,O,CLEAR,SNOW/SLUSH,1,COLLISION WITH FIXED OBJECT NON - INTERSECTION - FIRST EVENT COLLISION 09 - 32 EXCLUDING 16,SINGLE VEHICLE,STRAIGHT & GRADE,DUSK,0,0,0,1
29670136,CAMPBELL,,OTHR,,10TH,ST,W,39.08618505,-84.49068206,0.524,2/6/2022 0:00,1655,2,2,0,0,O,CLEAR,WET,0,ANGLE COLLISION - OTHER,ANGLE,STRAIGHT & LEVEL,DAYLIGHT,0,0,0,1
29671773,CAMPBELL,KY0471,StateRoute,,KY471,,,39.03706585,-84.45409766,0.01,2/6/2022 0:00,1240,2,2,0,0,O,CLEAR,DRY,1,REAR END IN TRAFFIC LANES BOTH VEHICLES MOVING,REAR END,STRAIGHT & LEVEL,DAYLIGHT,0,0,0,1
29665111,CAMPBELL,,OTHR,300,10TH,ST,W,39.08369151,-84.49516924,0.227,2/6/2022 0:00,932,2,2,0,0,O,CLEAR,DRY,0,REAR END IN TRAFFIC LANES BOTH VEHICLES MOVING,REAR END,STRAIGHT & LEVEL,DAYLIGHT,0,0,0,1
29664623,CAMPBELL,,OTHR,522,10TH,ST,W,39.08243946,-84.49748566,0.076,2/6/2022 0:00,107,2,2,0,0,O,CLEAR,SNOW/SLUSH,1,1 VEHICLE PARKED POSITION (NOT PARKING LOT/DRIVEWAY),SIDESWIPE-OPPOSITE DIRECTION,STRAIGHT & LEVEL,DARK-HWY NOT LIGHTED,0,0,0,1
29668069,CAMPBELL,,OTHR,,KYLES,LN,,39.08855709,-84.46307567,0.165,2/6/2022 0:00,955,2,2,0,0,O,CLEAR,SNOW/SLUSH,0,HEAD-ON COLLISION,HEAD ON,CURVE & HILLCREST,DAYLIGHT,0,0,0,1
29664632,CAMPBELL,I 0471,Interstate,,,,,39.09838546,-84.49229764,0.01,2/6/2022 0:00,330,1,1,0,0,O,CLEAR,ICE,0,COLLISION WITH FIXED OBJECT NOT IN GORE ,SINGLE VEHICLE,CURVE & LEVEL,DARK-HWY LIGHTED/ON,0,0,0,1
29668481,CAMPBELL,US0027,USRoute,900,YORK,ST,,39.08684049,-84.49128174,21.762,2/7/2022 0:00,1010,2,2,0,0,O,CLEAR,WET,0,SIDESWIPE COLLISION - SAME DIRECTION,SIDESWIPE-SAME DIRECTION,STRAIGHT & LEVEL,DAYLIGHT,0,0,0,1
29669273,CAMPBELL,,OTHR,30,WOODLAND HILLS,DR,,39.05718367,-84.47858455,0.481,2/7/2022 0:00,720,2,2,0,0,O,CLEAR,ICE,0,1 VEHICLE ENTERING/LEAVING ENTRANCE,ANGLE,STRAIGHT & LEVEL,DAWN,0,0,0,1
29674708,CAMPBELL,,OTHR,,ASPEN,CT,,39.06756362,-84.48409261,0.068,2/7/2022 0:00,1658,2,2,0,0,O,CLOUDY,WET,0,SIDESWIPE COLLISION - OPPOSITE DIRECTION,SIDESWIPE-OPPOSITE DIRECTION,CURVE & GRADE,DAYLIGHT,0,0,0,1
29677306,CAMPBELL,,OTHR,,ROBSON,AVE,,39.06825015,-84.45141287,0.198,2/7/2022 0:00,,2,2,0,0,O,CLEAR,DRY,1,1 VEHICLE PARKED POSITION (NOT PARKING LOT/DRIVEWAY),BACKING,STRAIGHT & LEVEL,DUSK,0,0,0,1
29696977,CAMPBELL,,OTHR,,FOOTE,AVE,,39.10223127,-84.47668228,0.604,2/7/2022 0:00,1530,2,2,0,0,O,CLEAR,SNOW/SLUSH,0,1 VEHICLE PARKED POSITION (NOT PARKING LOT/DRIVEWAY),BACKING,STRAIGHT & GRADE,DAYLIGHT,0,0,0,1
29838892,CAMPBELL,,OTHR,,JOYCE,AVE,,39.07537295,-84.47168127,0.046,2/7/2022 0:00,1718,2,2,0,0,O,CLEAR,DRY,0,1 VEHICLE PARKED POSITION (NOT PARKING LOT/DRIVEWAY),SIDESWIPE-SAME DIRECTION,STRAIGHT & GRADE,DUSK,0,0,0,1
29683861,CAMPBELL,I 0471,Interstate,,I471 N,,,39.0956829,-84.48175316,4.135,2/7/2022 0:00,1719,2,2,0,0,O,CLOUDY,WET,0,REAR END IN TRAFFIC LANES BOTH VEHICLES MOVING,REAR END,STRAIGHT & LEVEL,DAYLIGHT,0,0,0,1
29670130,CAMPBELL,I 0471,Interstate,900,I471 N,,,39.09509488,-84.48081784,4.07,2/7/2022 0:00,831,1,1,0,0,O,CLEAR,WET,0,COLLISION WITH FIXED OBJECT NON - INTERSECTION - FIRST EVENT COLLISION 09 - 32 EXCLUDING 16,SINGLE VEHICLE,STRAIGHT & LEVEL,DAYLIGHT,0,0,0,1
29669672,CAMPBELL,KY2238,StateRoute,,LOUIE B NUNN,DR,,39.03504675,-84.45413136,0.012,2/7/2022 0:00,1235,2,2,0,0,O,CLEAR,DRY,0,ANGLE COLLISION - OTHER,ANGLE,STRAIGHT & LEVEL,DAYLIGHT,0,0,0,1
29677305,CAMPBELL,KY1120,StateRoute,,MEMORIAL,PKWY,,39.09084472,-84.45697071,2.871,2/8/2022 0:00,1831,2,2,0,0,O,CLEAR,WET,0,OPPOSING LEFT TURN,OPPOSING LEFT TURN,STRAIGHT & LEVEL,DARK-HWY LIGHTED/ON,0,0,0,1
29678297,CAMPBELL,US0027,USRoute,,MONMOUTH,ST,,39.07913123,-84.480572,20.841,2/8/2022 0:00,1343,2,2,0,0,O,CLEAR,WET,0,ANGLE COLLISION - ONE VEHICLE TURNING LEFT,ANGLE,STRAIGHT & LEVEL,DAYLIGHT,0,0,0,1
29678976,CAMPBELL,US0027,USRoute,,ALEXANDRIA,PIKE,,38.97925628,-84.39376479,11.553,2/8/2022 0:00,1440,2,2,0,0,O,CLEAR,DRY,0,ANGLE COLLISION - OTHER,ANGLE,CURVE & LEVEL,DAYLIGHT,0,0,0,1
29687848,CAMPBELL,KY3490,StateRoute,,JOHNS HILL,RD,,39.03141056,-84.45206031,0.534,2/8/2022 0:00,630,2,2,0,0,O,CLEAR,DRY,0,ANGLE COLLISION - OTHER,ANGLE,STRAIGHT & GRADE,DARK-HWY LIGHTED/ON,0,0,0,1
29676516,CAMPBELL,US0027,USRoute,,ALEXANDRIA,PIKE,,38.91241597,-84.38658764,6.857,2/8/2022 0:00,54,1,1,0,0,O,CLOUDY,WET,0,COLLISION WITH ANIMAL NON INTERSECTION,SINGLE VEHICLE,STRAIGHT & LEVEL,DARK-HWY NOT LIGHTED,0,0,0,1
29677312,CAMPBELL,KY1120,StateRoute,,FT THOMAS,AVE,S,39.0763541,-84.44702831,4.404,2/8/2022 0:00,1100,2,2,0,0,O,CLEAR,DRY,0,1 VEHICLE PARKED POSITION (NOT PARKING LOT/DRIVEWAY),SIDESWIPE-SAME DIRECTION,STRAIGHT & LEVEL,DAYLIGHT,0,0,0,1
29677649,CAMPBELL,KY2345,StateRoute,70,MARTHA L COLLINS,BLVD,,39.02660037,-84.45358278,0.223,2/8/2022 0:00,1311,2,2,0,0,O,CLEAR,SNOW/SLUSH,0,1 VEHICLE PARKED POSITION (NOT PARKING LOT/DRIVEWAY),SIDESWIPE-SAME DIRECTION,STRAIGHT & LEVEL,DAYLIGHT,0,0,0,1
29674777,CAMPBELL,KY1120,StateRoute,700 BLOCK,10TH,ST,E,39.09252835,-84.48095877,1.353,2/8/2022 0:00,806,2,2,0,0,O,CLEAR,SNOW/SLUSH,0,1 VEHICLE ENTERING/LEAVING ENTRANCE,ANGLE,STRAIGHT & LEVEL,DAYLIGHT,0,0,0,1
29700529,CAMPBELL,KY0008,StateRoute,,DAVE COWENS,DR,,39.09905949,-84.49165117,1.174,2/8/2022 0:00,2156,2,2,0,0,O,CLOUDY,WET,0,SIDESWIPE COLLISION - SAME DIRECTION,SIDESWIPE-SAME DIRECTION,CURVE & GRADE,DARK-HWY LIGHTED/ON,0,0,0,1
29674775,CAMPBELL,US0027,USRoute,10,11TH,ST,E,39.08521865,-84.48906344,21.569,2/8/2022 0:00,1105,2,2,0,0,O,CLEAR,DRY,0,SIDESWIPE COLLISION - SAME DIRECTION,SIDESWIPE-SAME DIRECTION,STRAIGHT & LEVEL,DAYLIGHT,0,0,0,1
29674771,CAMPBELL,I 0471,Interstate,,I471 S,,,39.09594536,-84.48244618,4.182,2/8/2022 0:00,958,2,2,0,0,O,CLEAR,DRY,0,SIDESWIPE COLLISION - SAME DIRECTION,SIDESWIPE-SAME DIRECTION,STRAIGHT & LEVEL,DAYLIGHT,0,0,0,1
29674769,CAMPBELL,I 0471,Interstate,3,I471 N,,,39.08783984,-84.4743165,3.443,2/8/2022 0:00,900,1,1,0,0,O,CLEAR,DRY,0,OTHER COLLISIONS ON SHOULDER,SINGLE VEHICLE,STRAIGHT & GRADE,DAYLIGHT,0,0,0,1
29677568,CAMPBELL,,OTHR,,PINTAIL,CT,,38.91892581,-84.40052075,0.001,2/8/2022 0:00,720,2,2,0,0,O,CLEAR,SNOW/SLUSH,0,HEAD-ON COLLISION,HEAD ON,STRAIGHT & LEVEL,DAWN,0,0,0,1
29677650,CAMPBELL,KY2345,StateRoute,,MARTHA L COLLINS,BLVD,,39.02776442,-84.4521368,0.114,2/8/2022 0:00,1623,2,2,0,0,O,CLEAR,WET,0,OTHER ROADWAY OR MID-BLOCK COLLISION,REAR END,STRAIGHT & LEVEL,DAYLIGHT,0,0,0,1
29679734,CAMPBELL,US0027,USRoute,4113,ALEXANDRIA,PIKE,,39.0214429,-84.43940927,15.349,2/9/2022 0:00,834,2,2,0,0,O,CLOUDY,DRY,0,OTHER ROADWAY OR MID-BLOCK COLLISION,REAR END,STRAIGHT & LEVEL,DAYLIGHT,0,0,0,1
29679884,CAMPBELL,KY1892,StateRoute,30,CAROTHERS,RD,,39.08498188,-84.48083188,2.38,2/9/2022 0:00,1939,2,2,0,0,O,CLEAR,WET,0,OTHER ROADWAY OR MID-BLOCK COLLISION,OPPOSING LEFT TURN,STRAIGHT & LEVEL,DARK-HWY LIGHTED/ON,0,0,0,1
29693972,CAMPBELL,KY1892,StateRoute,75,CAROTHERS,RD,,39.08614992,-84.47875513,2.237,2/9/2022 0:00,1430,2,2,0,0,O,CLEAR,DRY,0,1 VEHICLE ENTERING/LEAVING ENTRANCE,ANGLE,STRAIGHT & LEVEL,DAYLIGHT,0,0,0,1
29687851,CAMPBELL,,OTHR,2440,MAIN,AVE,S,39.03917232,-84.45695614,0.156,2/9/2022 0:00,800,2,2,0,0,O,CLEAR,DRY,0,1 VEHICLE PARKED POSITION (NOT PARKING LOT/DRIVEWAY),BACKING,STRAIGHT & LEVEL,DAWN,0,0,0,1
29681536,CAMPBELL,KY1120,StateRoute,,MEMORIAL,PKWY,,39.09086005,-84.45690688,2.868,2/9/2022 0:00,1615,2,2,0,1,B,CLEAR,DRY,0,OPPOSING LEFT TURN,OPPOSING LEFT TURN,STRAIGHT & LEVEL,DAYLIGHT,0,0,0,1
29683862,CAMPBELL,US0027,USRoute,,3RD,ST,E,39.09365797,-84.49681954,22.253,2/10/2022 0:00,952,2,2,0,0,O,CLEAR,WET,0,SIDESWIPE-SAME DIRECTION,SIDESWIPE-SAME DIRECTION,CURVE & LEVEL,DAYLIGHT,0,0,0,1
29692762,CAMPBELL,US0027,USRoute,,ALEXANDRIA,PIKE,,39.01827235,-84.43574297,15.031,2/10/2022 0:00,1900,2,2,0,0,O,CLOUDY,DRY,0,SIDESWIPE-SAME DIRECTION,SIDESWIPE-SAME DIRECTION,STRAIGHT & LEVEL,DARK-HWY NOT LIGHTED,0,0,0,1
29684377,CAMPBELL,KY2924,StateRoute,,TOLLGATE,,,38.97759926,-84.41175581,,2/10/2022 0:00,630,1,1,0,0,O,CLEAR,ICE,0,COLLISION WITH FIXED OBJECT NON - INTERSECTION - FIRST EVENT COLLISION 09 - 32 EXCLUDING 16,SINGLE VEHICLE,CURVE & LEVEL,DARK-HWY NOT LIGHTED,0,0,0,1
29687645,CAMPBELL,KY1892,StateRoute,,GRAND,AVE,,39.08637004,-84.47723648,2.152,2/10/2022 0:00,1707,2,2,0,0,O,CLOUDY,DRY,0,OTHER INTERSECTION COLLISIONS,REAR END,STRAIGHT & GRADE,DAYLIGHT,1,0,0,1
29700095,CAMPBELL,KY2345,StateRoute,,MARTHA L COLLINS,BLVD,,39.02627163,-84.45726383,0.449,2/10/2022 0:00,1733,2,1,0,0,O,CLEAR,DRY,0,COLLISION WITH PEDESTRIAN NON - INTERSECTION,SINGLE VEHICLE,STRAIGHT & LEVEL,DAYLIGHT,0,0,1,0
29686897,CAMPBELL,US0027,USRoute,,ALEXANDRIA,PIKE,,39.02018611,-84.4379621,15.229,2/10/2022 0:00,1837,3,3,0,0,O,CLEAR,DRY,0,REAR END IN TRAFFIC LANES BOTH VEHICLES MOVING,REAR END,STRAIGHT & LEVEL,DARK-HWY LIGHTED/ON,0,0,0,1
29690643,CAMPBELL,KY0009,StateRoute,,,,,39.06578769,-84.48692607,,2/10/2022 0:00,744,3,3,0,0,O,CLOUDY,OTHER,0,REAR END IN TRAFFIC LANES BOTH VEHICLES MOVING,REAR END,CURVE & LEVEL,DAYLIGHT,0,0,0,1
29686347,CAMPBELL,US0027,USRoute,,ALEXANDRIA,PIKE,,39.06731265,-84.46571187,19.653,2/10/2022 0:00,1618,2,2,0,0,O,CLEAR,DRY,0,1 VEHICLE ENTERING/LEAVING ENTRANCE,ANGLE,STRAIGHT & LEVEL,DAYLIGHT,0,0,0,1
29711340,CAMPBELL,US0027,USRoute,,ALEXANDRIA,PIKE,,39.0693634,-84.46803457,19.855,2/10/2022 0:00,815,1,1,0,0,O,CLEAR,ICE,0,OTHER ROADWAY OR MID-BLOCK COLLISION,SINGLE VEHICLE,CURVE & LEVEL,DAYLIGHT,0,0,0,1
29684544,CAMPBELL,US0027,USRoute,,,,,39.00233995,-84.42010877,0.316,2/10/2022 0:00,934,1,1,0,0,O,CLEAR,ICE,0,COLLISION WITH FIXED OBJECT NOT IN GORE ,SINGLE VEHICLE,CURVE & LEVEL,DAYLIGHT,0,0,0,1
29690648,CAMPBELL,KY0009,StateRoute,,LICKING,PIKE,,39.02324761,-84.48089006,17.783,2/11/2022 0:00,1922,2,2,0,0,O,CLOUDY,WET,0,OTHER ROADWAY OR MID-BLOCK COLLISION,REAR END,STRAIGHT & LEVEL,DARK-HWY LIGHTED/OFF,0,0,0,1
29689461,CAMPBELL,I 0471,Interstate,,,,,39.09984089,-84.48808698,0.44,2/11/2022 0:00,1828,2,2,0,0,O,CLOUDY,WET,0,OTHER RAMP RELATED COLLISIONS NOT LISTED ABOVE,REAR END,STRAIGHT & LEVEL,DARK-HWY LIGHTED/ON,0,0,0,1
29687853,CAMPBELL,,OTHR,,MILLER,AVE,,39.04367083,-84.45108288,0.016,2/11/2022 0:00,238,2,2,0,0,O,CLEAR,DRY,0,1 VEHICLE PARKED POSITION (NOT PARKING LOT/DRIVEWAY),BACKING,CURVE & LEVEL,DARK-HWY LIGHTED/ON,0,0,0,1
29687647,CAMPBELL,KY0008,StateRoute,34,5TH,ST,W,39.09123051,-84.49639627,0.496,2/11/2022 0:00,754,2,2,0,0,O,CLEAR,DRY,1,1 VEHICLE PARKED POSITION (NOT PARKING LOT/DRIVEWAY),SIDESWIPE-SAME DIRECTION,STRAIGHT & LEVEL,DAYLIGHT,0,0,0,1