IncidentID,County,RdwyNumber,RdwyType,Street,RoadwayName,StreetSfx,StreetDir,Latitude,Longitude,Milepoint,CollisionDate,CollisionTime,UnitsInvolved,MotorVehiclesInvolved,NumberKilled,NumberInjured,KABCO,Weather,RdwyConditionCode,HitandRun,DirAnalysisCode,MannerofCollision,RdwyCharacter,LightCondition,Intersection Crash,Bicyclist,Pedestrian,Motor Vehicles
29692763,CAMPBELL,,OTHR,,ANDREW,CIR,,39.02741907,-84.42136998,0.146,2/11/2022 0:00,2140,2,2,0,0,O,RAINING,WET,0,1 VEHICLE PARKED POSITION (NOT PARKING LOT/DRIVEWAY),BACKING,STRAIGHT & LEVEL,DARK (UNKNOWN ROADWAY LIGHTING),0,0,0,1
29690647,CAMPBELL,I 0275,Interstate,,I275 W,,,39.03050937,-84.47104376,76.403,2/11/2022 0:00,1418,2,2,0,0,O,CLOUDY,DRY,0,REAR END IN TRAFFIC LANES BOTH VEHICLES MOVING,REAR END,CURVE & GRADE,DAYLIGHT,0,0,0,1
29689498,CAMPBELL,,OTHR,,PARK,AVE,,39.09797929,-84.492839,0.35,2/11/2022 0:00,1849,2,2,0,0,O,RAINING,WET,0,SIDESWIPE-SAME DIRECTION,SIDESWIPE-SAME DIRECTION,STRAIGHT & LEVEL,DARK-HWY LIGHTED/ON,0,0,0,1
29689643,CAMPBELL,US0027,USRoute,,MONMOUTH,ST,,39.08392631,-84.48410742,21.225,2/11/2022 0:00,1736,2,2,0,0,O,RAINING,WET,0,SIDESWIPE-SAME DIRECTION,SIDESWIPE-SAME DIRECTION,STRAIGHT & LEVEL,DUSK,0,0,0,1
29692298,CAMPBELL,,OTHR,,ANN,ST,,39.08629928,-84.49386736,0.205,2/12/2022 0:00,2015,2,2,0,0,O,CLEAR,DRY,1,COLLISION WITH PARKED VEHICLE,BACKING,STRAIGHT & LEVEL,DARK-HWY LIGHTED/ON,0,0,0,1
29696979,CAMPBELL,KY0008,StateRoute,,FAIRFIELD,AVE,,39.10873274,-84.4802961,2.101,2/12/2022 0:00,1224,2,2,0,0,O,CLEAR,WET,0,VEHICLE BACKING NON INTERSECTION,BACKING,STRAIGHT & LEVEL,DAYLIGHT,0,0,0,1
29693282,CAMPBELL,,OTHR,,6TH,AVE,,39.11337575,-84.46471517,0.286,2/12/2022 0:00,900,2,2,0,0,O,CLOUDY,ICE,0,1 VEHICLE PARKED POSITION (NOT PARKING LOT/DRIVEWAY),BACKING,STRAIGHT & GRADE,DAYLIGHT,0,0,0,1
29697804,CAMPBELL,,OTHR,49,GRANT,ST,,39.05747068,-84.45251902,0.114,2/12/2022 0:00,1000,3,3,0,0,O,CLEAR,DRY,0,1 VEHICLE PARKED POSITION (NOT PARKING LOT/DRIVEWAY),BACKING,STRAIGHT & LEVEL,DAYLIGHT,0,0,0,1
29865008,CAMPBELL,KY0471,StateRoute,,KY471,,,39.03784858,-84.45417972,0.062,2/12/2022 0:00,1221,2,2,0,0,O,CLOUDY,DRY,1,OTHER ROADWAY OR MID-BLOCK COLLISION,REAR END,STRAIGHT & LEVEL,DAYLIGHT,0,0,0,1
29718043,CAMPBELL,I 0275,Interstate,,,,,39.04687456,-84.45775994,0.077,2/13/2022 0:00,1825,1,1,0,0,O,SNOWING,WET,0,COLLISION WITH FIXED OBJECT NOT IN GORE ,SINGLE VEHICLE,CURVE & GRADE,DARK-HWY LIGHTED/ON,0,0,0,1
29696978,CAMPBELL,,OTHR,319,WASHINGTON,AVE,,39.10469457,-84.48037794,0.322,2/13/2022 0:00,1251,2,2,0,0,O,CLEAR,DRY,0,1 VEHICLE PARKED POSITION (NOT PARKING LOT/DRIVEWAY),SIDESWIPE-SAME DIRECTION,STRAIGHT & LEVEL,DAYLIGHT,0,0,0,1
29693975,CAMPBELL,,OTHR,1100 BLOCK,WATERWORKS,RD,,39.09428188,-84.47189517,0.311,2/13/2022 0:00,1058,4,4,0,0,O,CLEAR,DRY,1,1 VEHICLE PARKED POSITION (NOT PARKING LOT/DRIVEWAY),SIDESWIPE-SAME DIRECTION,STRAIGHT & LEVEL,UNKNOWN,0,0,0,1
29707436,CAMPBELL,US0027,USRoute,,ALEXANDRIA,PIKE,,39.02832185,-84.45009579,16.099,2/13/2022 0:00,1335,2,2,0,1,C,CLOUDY,DRY,0,OTHER COLLISIONS ON SHOULDER,ANGLE,STRAIGHT & LEVEL,DAYLIGHT,0,0,0,1
29701028,CAMPBELL,KY2924,StateRoute,,TOLLGATE,RD,,38.97766913,-84.41165201,,2/13/2022 0:00,942,2,2,0,0,O,CLEAR,DRY,0,SIDESWIPE COLLISION - SAME DIRECTION,SIDESWIPE-SAME DIRECTION,CURVE & LEVEL,DAYLIGHT,0,0,0,1
29695633,CAMPBELL,KY1120,StateRoute,,11TH,ST,W,39.08127594,-84.49626906,0.228,2/13/2022 0:00,2103,2,2,0,0,O,CLOUDY,WET,1,OTHER INTERSECTION COLLISIONS,REAR END,STRAIGHT & HILLCREST,DARK-HWY LIGHTED/ON,1,0,0,1
29744870,CAMPBELL,,OTHR,10153,CENTER,ST,,38.92056761,-84.39522113,,2/13/2022 0:00,1357,1,1,0,0,O,CLEAR,DRY,0,COLLISION WITH FIXED OBJECT NON - INTERSECTION - FIRST EVENT COLLISION 09 - 32 EXCLUDING 16,SINGLE VEHICLE,STRAIGHT & LEVEL,DAYLIGHT,0,0,0,1
29695634,CAMPBELL,US0027,USRoute,,MONMOUTH,ST,,39.09304105,-84.49483817,22.085,2/13/2022 0:00,2240,2,2,0,0,O,CLEAR,DRY,1,SIDESWIPE-SAME DIRECTION,SIDESWIPE-SAME DIRECTION,STRAIGHT & LEVEL,DARK-HWY LIGHTED/ON,0,0,0,1
29698557,CAMPBELL,,OTHR,800,ISABELLA,ST,,39.08705801,-84.49760746,0.47,2/14/2022 0:00,305,2,2,0,0,O,CLEAR,DRY,1,1 VEHICLE PARKED POSITION (NOT PARKING LOT/DRIVEWAY),SIDESWIPE-SAME DIRECTION,STRAIGHT & LEVEL,DARK-HWY LIGHTED/ON,0,0,0,1
29715022,CAMPBELL,US0027,USRoute,,ALEXANDRIA,PIKE,,39.07076577,-84.46980453,20.005,2/15/2022 0:00,2024,2,2,0,1,C,CLEAR,DRY,0,OTHER ROADWAY OR MID-BLOCK COLLISION,OPPOSING LEFT TURN,STRAIGHT & HILLCREST,DARK-HWY LIGHTED/ON,0,0,0,1
29705894,CAMPBELL,I 0471,Interstate,,,,,39.09892965,-84.48647827,0.333,2/15/2022 0:00,1735,2,2,0,0,O,CLEAR,DRY,0,OTHER RAMP RELATED COLLISIONS NOT LISTED ABOVE,REAR END,STRAIGHT & LEVEL,DAYLIGHT,0,0,0,1
29733572,CAMPBELL,KY1996,StateRoute,,NEW RICHMOND,RD,,38.93629834,-84.30655244,,2/15/2022 0:00,2000,1,1,0,0,O,RAINING,WET,0,COLLISION WITH ANIMAL NON INTERSECTION,SINGLE VEHICLE,STRAIGHT & GRADE,DARK-HWY NOT LIGHTED,0,0,0,1
29705891,CAMPBELL,,OTHR,10,3RD,ST,W,39.09264995,-84.49794186,0.061,2/15/2022 0:00,1652,2,2,0,0,O,CLEAR,DRY,0,SIDESWIPE COLLISION - SAME DIRECTION,SIDESWIPE-SAME DIRECTION,STRAIGHT & LEVEL,DAYLIGHT,0,0,0,1
29707211,CAMPBELL,KY1892,StateRoute,30,CAROTHERS,RD,,39.08456313,-84.48199253,2.451,2/15/2022 0:00,1150,2,2,0,0,O,CLEAR,DRY,0,SIDESWIPE COLLISION - SAME DIRECTION,SIDESWIPE-SAME DIRECTION,CURVE & GRADE,DAYLIGHT,0,0,0,1
29705444,CAMPBELL,I 0275,Interstate,,I275 W,,,39.04508037,-84.46625675,75.32,2/15/2022 0:00,243,1,1,0,0,O,CLEAR,DRY,0,OTHER COLLISIONS ON SHOULDER,SINGLE VEHICLE,CURVE & GRADE,DARK-HWY LIGHTED/ON,0,0,0,1
29701895,CAMPBELL,I 0471,Interstate,,I471 N,,,39.09611626,-84.48243195,4.183,2/15/2022 0:00,650,2,2,0,0,O,CLEAR,DRY,0,REAR END IN TRAFFIC LANES BOTH VEHICLES MOVING,REAR END,STRAIGHT & LEVEL,DAWN,0,0,0,1
29705892,CAMPBELL,KY0008,StateRoute,400,DAVE COWENS,DR,,39.09919409,-84.49151789,1.192,2/15/2022 0:00,1730,2,2,0,0,O,CLEAR,DRY,0,REAR END IN TRAFFIC LANES BOTH VEHICLES MOVING,REAR END,STRAIGHT & LEVEL,DAYLIGHT,0,0,0,1
29731035,CAMPBELL,US0027,USRoute,,ALEXANDRIA,PIKE,,38.98414148,-84.40101278,12.085,2/15/2022 0:00,1304,2,2,0,0,O,CLEAR,DRY,0,REAR END IN TRAFFIC LANES BOTH VEHICLES MOVING,REAR END,STRAIGHT & GRADE,DAYLIGHT,0,0,0,1
29730564,CAMPBELL,KY0008,StateRoute,24,FAIRFIELD,AVE,,39.10258713,-84.48785212,1.515,2/15/2022 0:00,1418,2,2,0,0,O,CLEAR,DRY,1,REAR END IN TRAFFIC LANES BOTH VEHICLES MOVING,REAR END,STRAIGHT & LEVEL,DAYLIGHT,0,0,0,1
29708983,CAMPBELL,,OTHR,1001,WASHINGTON,AVE,,39.08862848,-84.48620124,0.6,2/16/2022 0:00,1619,2,2,0,0,O,CLEAR,DRY,0,REAR END IN TRAFFIC LANES BOTH VEHICLES MOVING,REAR END,STRAIGHT & LEVEL,DAYLIGHT,0,0,0,1
29710041,CAMPBELL,KY1892,StateRoute,,GRAND,AVE,,39.08513863,-84.47384924,1.938,2/16/2022 0:00,2132,2,2,0,0,O,CLEAR,DRY,0,REAR END IN TRAFFIC LANES BOTH VEHICLES MOVING,REAR END,STRAIGHT & GRADE,DARK-HWY LIGHTED/ON,0,0,0,1
29708452,CAMPBELL,US0027,USRoute,900,YORK,ST,,39.08520394,-84.48975435,21.619,2/16/2022 0:00,1030,2,2,0,0,O,CLEAR,DRY,0,SIDESWIPE COLLISION - SAME DIRECTION,SIDESWIPE-SAME DIRECTION,STRAIGHT & LEVEL,DAYLIGHT,0,0,0,1
29735880,CAMPBELL,,OTHR,,CROSSROADS,BLVD,,39.00505971,-84.42335782,0.094,2/16/2022 0:00,1140,2,2,0,0,O,CLEAR,DRY,0,1 VEHICLE ENTERING/LEAVING ENTRANCE,ANGLE,STRAIGHT & LEVEL,DAYLIGHT,0,0,0,1
29731041,CAMPBELL,US0027,USRoute,,ALEXANDRIA,PIKE,,38.98321327,-84.39955165,11.977,2/16/2022 0:00,626,2,2,0,0,O,CLEAR,DRY,0,OTHER INTERSECTION COLLISIONS,REAR END,STRAIGHT & HILLCREST,DAYLIGHT,1,0,0,1
29712359,CAMPBELL,KY2238,StateRoute,,THREE MILE,RD,,39.04848613,-84.47810262,1.872,2/17/2022 0:00,1027,1,1,0,0,O,RAINING,WATER (STANDING OR MOVING),0,COLLISION WITH FIXED OBJECT NON - INTERSECTION - FIRST EVENT COLLISION 09 - 32 EXCLUDING 16,SINGLE VEHICLE,STRAIGHT & LEVEL,DAYLIGHT,0,0,0,1
29725506,CAMPBELL,US0027,USRoute,,ALEXANDRIA,PIKE,,39.06914156,-84.46772129,19.83,2/17/2022 0:00,1938,2,2,0,0,O,RAINING,WET,0,SIDESWIPE COLLISION - SAME DIRECTION,SIDESWIPE-SAME DIRECTION,STRAIGHT & LEVEL,DARK (UNKNOWN ROADWAY LIGHTING),0,0,0,1
29715023,CAMPBELL,I 0471,Interstate,,I471 N,,,39.05333825,-84.46869374,0.776,2/17/2022 0:00,1628,2,2,0,1,C,RAINING,WET,0,SIDESWIPE COLLISION - SAME DIRECTION,SIDESWIPE-SAME DIRECTION,CURVE & LEVEL,DAYLIGHT,0,0,0,1
29715058,CAMPBELL,I 0471,Interstate,,I471 N,,,39.05431062,-84.46914421,0.845,2/17/2022 0:00,1446,2,2,0,0,O,RAINING,WET,0,SIDESWIPE COLLISION - SAME DIRECTION,SIDESWIPE-SAME DIRECTION,CURVE & GRADE,DAYLIGHT,0,0,0,1
29777814,CAMPBELL,I 0275,Interstate,,I275 E,,,39.02258258,-84.48930065,77.578,2/17/2022 0:00,1736,2,2,0,0,O,CLOUDY,WET,0,REAR END IN TRAFFIC LANES BOTH VEHICLES MOVING,REAR END,STRAIGHT & LEVEL,DAYLIGHT,0,0,0,1
29718815,CAMPBELL,I 0471,Interstate,,I471 N,,,39.09955869,-84.49261827,4.794,2/18/2022 0:00,1856,2,2,0,0,O,CLEAR,DRY,0,REAR END IN TRAFFIC LANES BOTH VEHICLES MOVING,REAR END,STRAIGHT & LEVEL,DARK-HWY LIGHTED/ON,0,0,0,1
29722520,CAMPBELL,,OTHR,,ST JOSEPH,,,39.0231764,-84.44155493,0.002,2/18/2022 0:00,818,2,2,0,0,O,CLEAR,DRY,0,REAR END IN TRAFFIC LANES BOTH VEHICLES MOVING,REAR END,STRAIGHT & LEVEL,DAYLIGHT,0,0,0,1
29722521,CAMPBELL,KY0009,StateRoute,,AA,HWY,,38.99978105,-84.40886965,13.194,2/18/2022 0:00,851,2,2,0,0,O,CLEAR,DRY,0,REAR END IN TRAFFIC LANES BOTH VEHICLES MOVING,REAR END,STRAIGHT & GRADE,DAYLIGHT,0,0,0,1
29715019,CAMPBELL,KY0009,StateRoute,,LICKING,PIKE,,39.0751802,-84.49452159,21.762,2/18/2022 0:00,,2,2,0,0,O,CLOUDY,ICE,1,REAR END IN TRAFFIC LANES BOTH VEHICLES MOVING,REAR END,STRAIGHT & GRADE,DAYLIGHT,0,0,0,1
29741072,CAMPBELL,,OTHR,227,CENTER,ST,,39.10233142,-84.48141453,0.155,2/18/2022 0:00,1507,2,2,0,0,O,CLEAR,DRY,0,SIDESWIPE COLLISION - SAME DIRECTION,SIDESWIPE-SAME DIRECTION,STRAIGHT & LEVEL,DAWN,0,0,0,1
29717282,CAMPBELL,US0027,USRoute,,YORK,ST,,39.08743183,-84.49181111,21.811,2/18/2022 0:00,1353,2,2,0,0,O,CLEAR,DRY,0,ANGLE COLLISION - OTHER,ANGLE,STRAIGHT & LEVEL,DAYLIGHT,0,0,0,1
29728049,CAMPBELL,KY0915,StateRoute,7989,LICKING,PIKE,,38.97644338,-84.42189771,5.256,2/18/2022 0:00,1530,1,1,0,0,O,CLEAR,WET,0,COLLISION WITH FIXED OBJECT NON - INTERSECTION - FIRST EVENT COLLISION 09 - 32 EXCLUDING 16,SINGLE VEHICLE,STRAIGHT & LEVEL,DAYLIGHT,0,0,0,1
29717163,CAMPBELL,KY1120,StateRoute,,MEMORIAL,PKWY,,39.09597317,-84.47171048,1.96,2/18/2022 0:00,1214,1,1,0,0,O,CLEAR,DRY,0,RAN OFF ROADWAY (1 VEHICLE WITH/EARTH EMBANKMENT/DITCH),SINGLE VEHICLE,CURVE & LEVEL,DAYLIGHT,0,0,0,1
29726260,CAMPBELL,KY0445,StateRoute,,RIVER,RD,,39.05665065,-84.44080179,0.364,2/18/2022 0:00,2120,1,1,0,0,O,CLEAR,ICE,0,OTHER ROADWAY OR MID-BLOCK COLLISION,SINGLE VEHICLE,CURVE & GRADE,DARK-HWY LIGHTED/ON,0,0,0,1
29718437,CAMPBELL,US0027,USRoute,,MONMOUTH,ST,,39.08608802,-84.48738861,21.458,2/18/2022 0:00,1931,2,2,0,0,O,CLEAR,DRY,0,OTHER ROADWAY OR MID-BLOCK COLLISION,REAR END,CURVE & HILLCREST,DARK-HWY LIGHTED/ON,0,0,0,1
29725508,CAMPBELL,,OTHR,2335,ALEXANDRIA PIKE,,,39.07471665,-84.47498535,,2/18/2022 0:00,1159,1,1,0,0,O,CLEAR,DRY,0,OTHER ROADWAY OR MID-BLOCK COLLISION,SINGLE VEHICLE,STRAIGHT & GRADE,DAYLIGHT,0,0,0,1
29741217,CAMPBELL,US0027,USRoute,,ALEXANDRIA,PIKE,,38.96597599,-84.39311401,10.63,2/18/2022 0:00,1440,2,2,0,0,O,CLEAR,DRY,0,OTHER ROADWAY OR MID-BLOCK COLLISION,REAR END,STRAIGHT & LEVEL,DAYLIGHT,0,0,0,1
29734722,CAMPBELL,US0027,USRoute,,ALEXANDRIA,PIKE,,39.03156503,-84.45200485,16.343,2/18/2022 0:00,1445,2,2,0,0,O,CLEAR,DRY,0,OTHER ROADWAY OR MID-BLOCK COLLISION,REAR END,STRAIGHT & GRADE,DAYLIGHT,0,0,0,1
29733540,CAMPBELL,US0027,USRoute,,ALEXANDRIA,PIKE,,38.92129203,-84.39088787,7.513,2/19/2022 0:00,1103,2,2,0,4,C,CLEAR,DRY,0,OPPOSING LEFT TURN,OPPOSING LEFT TURN,STRAIGHT & LEVEL,DAYLIGHT,0,0,0,1
29723189,CAMPBELL,I 0471,Interstate,,I471 N,,,39.09971334,-84.49292296,4.814,2/19/2022 0:00,1114,2,2,0,0,O,CLEAR,DRY,0,REAR END IN TRAFFIC LANES BOTH VEHICLES MOVING,REAR END,STRAIGHT & LEVEL,DAYLIGHT,0,0,0,1
29727971,CAMPBELL,US0027,USRoute,4800,ALEXANDRIA,PIKE,,39.00856256,-84.42898297,14.304,2/20/2022 0:00,1140,2,2,0,0,O,CLEAR,DRY,0,1 VEHICLE ENTERING/LEAVING ENTRANCE,ANGLE,STRAIGHT & LEVEL,DAYLIGHT,0,0,0,1
29725509,CAMPBELL,I 0471,Interstate,,I471 S,,,39.06265864,-84.46827778,1.433,2/20/2022 0:00,1814,1,1,0,1,C,CLOUDY,DRY,0,OTHER COLLISIONS ON SHOULDER,SINGLE VEHICLE,CURVE & LEVEL,DAYLIGHT,0,0,0,1
29758607,CAMPBELL,US0027,USRoute,2395,ALEXANDRIA,PIKE,,39.07419559,-84.4738691,20.331,2/20/2022 0:00,808,1,1,0,0,O,CLEAR,DRY,0,COLLISION WITH FIXED OBJECT NON - INTERSECTION - FIRST EVENT COLLISION 09 - 32 EXCLUDING 16,SINGLE VEHICLE,STRAIGHT & GRADE,DAYLIGHT,0,0,0,1
29741222,CAMPBELL,US0027,USRoute,,ALEXANDRIA,PIKE,,38.94035855,-84.39400346,8.85,2/20/2022 0:00,925,2,2,0,0,O,CLEAR,DRY,0,OTHER INTERSECTION COLLISIONS,REAR END,STRAIGHT & LEVEL,DAYLIGHT,1,0,0,1
29730567,CAMPBELL,,OTHR,,WARD,AVE,,39.10461471,-84.47782717,0.214,2/20/2022 0:00,1430,2,2,0,0,O,CLEAR,DRY,0,SIDESWIPE-SAME DIRECTION,SIDESWIPE-SAME DIRECTION,STRAIGHT & GRADE,DAYLIGHT,0,0,0,1
29758987,CAMPBELL,US0027,USRoute,,ALEXANDRIA,PIKE,,38.98218157,-84.39783724,11.861,2/20/2022 0:00,1547,2,2,0,0,O,CLEAR,DRY,0,OTHER INTERSECTION COLLISIONS,REAR END,STRAIGHT & LEVEL,DAYLIGHT,1,0,0,1
29726258,CAMPBELL,KY0445,StateRoute,,RIVER,RD,,39.05676085,-84.44097371,0.375,2/20/2022 0:00,151,1,1,0,0,O,CLEAR,ICE,0,OTHER ROADWAY OR MID-BLOCK COLLISION,SINGLE VEHICLE,CURVE & GRADE,DARK-HWY LIGHTED/ON,0,0,0,1
29735876,CAMPBELL,US0027,USRoute,5400,ALEXANDRIA,PIKE,,39.00054298,-84.42024587,13.599,2/21/2022 0:00,1552,2,2,0,0,O,CLEAR,DRY,0,REAR END IN TRAFFIC LANES BOTH VEHICLES MOVING,REAR END,STRAIGHT & LEVEL,DAYLIGHT,0,0,0,1
29755730,CAMPBELL,,OTHR,,TAYLOR,AVE,,39.10198602,-84.47988056,0.437,2/21/2022 0:00,915,2,2,0,0,O,CLEAR,DRY,1,1 VEHICLE PARKED POSITION (NOT PARKING LOT/DRIVEWAY),SIDESWIPE-SAME DIRECTION,STRAIGHT & LEVEL,DAYLIGHT,0,0,0,1
29744324,CAMPBELL,KY0009,StateRoute,,AA,HWY,,38.98987315,-84.39684133,12.251,2/21/2022 0:00,944,2,2,0,1,B,CLEAR,DRY,0,SIDESWIPE COLLISION - SAME DIRECTION,SIDESWIPE-SAME DIRECTION,STRAIGHT & GRADE,DAYLIGHT,0,0,0,1
29735214,CAMPBELL,I 0471,Interstate,,I471 N,,,39.05113706,-84.46610693,0.584,2/22/2022 0:00,1143,1,1,0,1,C,RAINING,WET,0,COLLISION WITH FIXED OBJECT NON - INTERSECTION - FIRST EVENT COLLISION 09 - 32 EXCLUDING 16,SINGLE VEHICLE,CURVE & LEVEL,DAYLIGHT,0,0,0,1
29734121,CAMPBELL,KY1120,StateRoute,215,11TH,ST,W,39.08363102,-84.49201701,0.507,2/22/2022 0:00,2006,3,3,0,0,O,CLEAR,WET,1,SIDESWIPE COLLISION - OPPOSITE DIRECTION,SIDESWIPE-OPPOSITE DIRECTION,STRAIGHT & LEVEL,DARK-HWY NOT LIGHTED,0,0,0,1
29735879,CAMPBELL,US0027,USRoute,,ALEXANDRIA,PIKE,,39.02339519,-84.44174643,15.54,2/22/2022 0:00,735,2,2,0,0,O,RAINING,WET,0,REAR END IN TRAFFIC LANES BOTH VEHICLES MOVING,REAR END,STRAIGHT & LEVEL,DAYLIGHT,0,0,0,1
29736153,CAMPBELL,I 0471,Interstate,,,,,39.08537504,-84.47417598,0.017,2/22/2022 0:00,1619,2,2,0,0,O,CLEAR,WET,0,OTHER RAMP RELATED COLLISIONS NOT LISTED ABOVE,REAR END,STRAIGHT & LEVEL,DAYLIGHT,0,0,0,1
29736068,CAMPBELL,I 0471,Interstate,,I471 N,,,39.06466571,-84.46657842,1.605,2/22/2022 0:00,752,2,2,0,0,O,RAINING,WET,0,OTHER ROADWAY OR MID-BLOCK COLLISION,REAR END,STRAIGHT & LEVEL,DAYLIGHT,0,0,0,1
29749523,CAMPBELL,,OTHR,,6TH,ST,E,39.09189415,-84.49281862,0.629,2/23/2022 0:00,2310,2,2,0,0,O,CLOUDY,DRY,0,1 VEHICLE PARKED POSITION (NOT PARKING LOT/DRIVEWAY),SIDESWIPE-SAME DIRECTION,STRAIGHT & LEVEL,DARK-HWY LIGHTED/ON,0,0,0,1
29754911,CAMPBELL,KY1120,StateRoute,1029,FT THOMAS,AVE,S,39.06563158,-84.44610974,5.263,2/23/2022 0:00,1204,2,2,0,0,O,CLOUDY,DRY,0,1 VEHICLE PARKED POSITION (NOT PARKING LOT/DRIVEWAY),SIDESWIPE-SAME DIRECTION,STRAIGHT & LEVEL,DAYLIGHT,0,0,0,1
29747876,CAMPBELL,KY1120,StateRoute,100,MEMORIAL,PKWY,,39.09591723,-84.47231713,1.93,2/23/2022 0:00,1600,2,2,0,0,O,CLEAR,DRY,0,SIDESWIPE COLLISION - SAME DIRECTION,SIDESWIPE-SAME DIRECTION,STRAIGHT & LEVEL,DAYLIGHT,0,0,0,1
29785121,CAMPBELL,,OTHR,,LAFAYETTE,AVE,,39.10420554,-84.48447751,0.155,2/23/2022 0:00,2005,2,2,0,0,O,CLEAR,DRY,0,ANGLE COLLISION - OTHER,ANGLE,STRAIGHT & LEVEL,DARK-HWY NOT LIGHTED,0,0,0,1
29747875,CAMPBELL,US0027,USRoute,,MONMOUTH,ST,,39.07848583,-84.47998081,20.786,2/23/2022 0:00,1654,2,2,0,0,O,CLEAR,DRY,0,ANGLE COLLISION - OTHER,ANGLE,STRAIGHT & LEVEL,DAYLIGHT,0,0,0,1
29744867,CAMPBELL,KY1936,StateRoute,,KENTON STATION,RD,,38.86777857,-84.42415303,2.363,2/23/2022 0:00,1300,1,1,0,0,O,CLOUDY,DRY,0,RAN OFF ROADWAY (1 VEHICLE WITH/EARTH EMBANKMENT/DITCH),SINGLE VEHICLE,CURVE & LEVEL,UNKNOWN,0,0,0,1
29741234,CAMPBELL,US0027,USRoute,,ALEXANDRIA,PIKE,,38.98570338,-84.40279955,12.239,2/23/2022 0:00,1840,2,2,0,0,O,CLOUDY,DRY,0,OTHER INTERSECTION COLLISIONS,REAR END,STRAIGHT & GRADE,DARK-HWY LIGHTED/ON,1,0,0,1
29755727,CAMPBELL,,OTHR,442,TAYLOR,AVE,,39.10182901,-84.47984869,0.465,2/24/2022 0:00,1122,1,1,0,0,O,CLOUDY,WET,0,COLLISION WITH FIXED OBJECT NON - INTERSECTION - FIRST EVENT COLLISION 09 - 32 EXCLUDING 16,SINGLE VEHICLE,STRAIGHT & LEVEL,DAYLIGHT,0,0,0,1
29754913,CAMPBELL,I 0471,Interstate,,I471 N,,,39.06733079,-84.46444551,1.824,2/24/2022 0:00,405,1,1,0,1,B,"SLEET, HAIL, FREEZING RAIN",ICE,0,COLLISION WITH FIXED OBJECT NON - INTERSECTION - FIRST EVENT COLLISION 09 - 32 EXCLUDING 16,SINGLE VEHICLE,STRAIGHT & LEVEL,DARK-HWY LIGHTED/ON,0,0,0,1
29766165,CAMPBELL,,OTHR,828,VINE,ST,,39.10946015,-84.47566484,0.295,2/24/2022 0:00,1335,2,2,0,0,O,CLEAR,DRY,0,1 VEHICLE PARKED POSITION (NOT PARKING LOT/DRIVEWAY),BACKING,STRAIGHT & LEVEL,DAYLIGHT,0,0,0,1
29742515,CAMPBELL,US0027,USRoute,,MONMOUTH,ST,,39.08388616,-84.48396131,21.217,2/24/2022 0:00,1842,3,3,0,0,O,RAINING,WET,0,SIDESWIPE-SAME DIRECTION,SIDESWIPE-SAME DIRECTION,STRAIGHT & LEVEL,DARK-HWY LIGHTED/ON,0,0,0,1
29755393,CAMPBELL,I 0275,Interstate,,I275 W,,,39.04683599,-84.46355883,75.1,2/24/2022 0:00,415,2,2,0,0,O,RAINING,ICE,0,SIDESWIPE COLLISION - SAME DIRECTION,SIDESWIPE-SAME DIRECTION,CURVE & LEVEL,DARK-HWY LIGHTED/ON,0,0,0,1
29754920,CAMPBELL,KY1892,StateRoute,85,GRAND,AVE,N,39.07836278,-84.46530228,1.278,2/24/2022 0:00,1230,2,2,0,0,O,RAINING,WET,1,1 VEHICLE PARKED POSITION (NOT PARKING LOT/DRIVEWAY),ANGLE,STRAIGHT & LEVEL,DAWN,0,0,0,1
29740794,CAMPBELL,KY0009,StateRoute,,,,,39.00981993,-84.46904986,,2/24/2022 0:00,904,3,3,0,0,O,CLOUDY,WET,0,OTHER ROADWAY OR MID-BLOCK COLLISION,REAR END,STRAIGHT & GRADE,DAYLIGHT,0,0,0,1
29758800,CAMPBELL,I 0471,Interstate,,I471 S,,,39.06572759,-84.46606276,1.706,2/24/2022 0:00,408,1,1,1,0,K,"SLEET, HAIL, FREEZING RAIN",ICE,0,OTHER ROADWAY OR MID-BLOCK COLLISION,SINGLE VEHICLE,STRAIGHT & LEVEL,DARK-HWY LIGHTED/ON,0,0,0,1
29742693,CAMPBELL,I 0275,Interstate,,,,,39.04645751,-84.46276731,0.32,2/24/2022 0:00,359,1,1,0,1,B,"SLEET, HAIL, FREEZING RAIN",ICE,0,COLLISION WITH FIXED OBJECT NOT IN GORE ,SINGLE VEHICLE,CURVE & GRADE,DARK-HWY LIGHTED/ON,0,0,0,1
29744868,CAMPBELL,I 0275,Interstate,,,,,39.04759852,-84.4625278,0.383,2/24/2022 0:00,430,2,2,0,1,C,"SLEET, HAIL, FREEZING RAIN",ICE,0,OTHER RAMP RELATED COLLISIONS NOT LISTED ABOVE,REAR END,CURVE & GRADE,DARK-HWY LIGHTED/ON,0,0,0,1
29744872,CAMPBELL,I 0275,Interstate,,,,,39.04726071,-84.46252985,0.365,2/24/2022 0:00,427,2,2,0,0,O,"SLEET, HAIL, FREEZING RAIN",ICE,0,OTHER RAMP RELATED COLLISIONS NOT LISTED ABOVE,SIDESWIPE-SAME DIRECTION,CURVE & GRADE,DARK-HWY LIGHTED/ON,0,0,0,1