IncidentID,County,RdwyNumber,RdwyType,Street,RoadwayName,StreetSfx,StreetDir,Latitude,Longitude,Milepoint,CollisionDate,CollisionTime,UnitsInvolved,MotorVehiclesInvolved,NumberKilled,NumberInjured,KABCO,Weather,RdwyConditionCode,HitandRun,DirAnalysisCode,MannerofCollision,RdwyCharacter,LightCondition,Intersection Crash,Bicyclist,Pedestrian,Motor Vehicles
29801701,CAMPBELL,US0027,USRoute,,ALEXANDRIA,PIKE,,39.01981465,-84.43773642,15.192,2/25/2022 0:00,1927,2,2,0,0,O,CLEAR,DRY,0,1 VEHICLE ENTERING/LEAVING ENTRANCE,ANGLE,STRAIGHT & LEVEL,DARK-HWY LIGHTED/ON,0,0,0,1
29745952,CAMPBELL,,OTHR,,SARATOGA,ST,,39.08905011,-84.48915496,0.199,2/25/2022 0:00,1730,2,2,0,0,O,CLOUDY,DRY,1,COLLISION WITH PARKED VEHICLE,SIDESWIPE-SAME DIRECTION,STRAIGHT & LEVEL,DAYLIGHT,0,0,0,1
29755318,CAMPBELL,,OTHR,129,STEELMAN,AVE,,39.04398386,-84.44407996,0.115,2/25/2022 0:00,1602,2,2,0,0,O,CLOUDY,DRY,0,1 VEHICLE PARKED POSITION (NOT PARKING LOT/DRIVEWAY),SIDESWIPE-SAME DIRECTION,STRAIGHT & GRADE,DAYLIGHT,0,0,0,1
29746202,CAMPBELL,,OTHR,,AMELIA,ST,,39.07744385,-84.48707766,0.089,2/25/2022 0:00,2100,2,2,0,0,O,CLEAR,DRY,1,1 VEHICLE PARKED POSITION (NOT PARKING LOT/DRIVEWAY),SIDESWIPE-SAME DIRECTION,STRAIGHT & HILLCREST,DARK-HWY LIGHTED/ON,0,0,0,1
29753537,CAMPBELL,,OTHR,,EVERGREEN,AVE,,39.07184056,-84.47249223,0.173,2/25/2022 0:00,2258,1,1,0,0,O,CLEAR,WET,0,COLLISION WITH FIXED OBJECT NON - INTERSECTION - FIRST EVENT COLLISION 09 - 32 EXCLUDING 16,SINGLE VEHICLE,STRAIGHT & LEVEL,DARK-HWY NOT LIGHTED,0,0,0,1
29755323,CAMPBELL,KY0009,StateRoute,,AA,HWY,,39.01425342,-84.47626392,17.051,2/25/2022 0:00,1850,2,2,0,0,O,CLEAR,DRY,0,OTHER INTERSECTION COLLISIONS,REAR END,STRAIGHT & LEVEL,DARK-HWY NOT LIGHTED,1,0,0,1
29770208,CAMPBELL,,OTHR,29,THATCHER,AVE,,38.95656152,-84.38412765,0.168,2/26/2022 0:00,813,1,1,0,0,O,CLEAR,DRY,1,COLLISION WITH FIXED OBJECT NON - INTERSECTION - FIRST EVENT COLLISION 09 - 32 EXCLUDING 16,SINGLE VEHICLE,STRAIGHT & LEVEL,DAYLIGHT,0,0,0,1
29801052,CAMPBELL,,OTHR,,VINE,ST,,39.11199801,-84.47839078,0.067,2/26/2022 0:00,456,2,2,0,1,B,CLEAR,DRY,0,1 VEHICLE PARKED POSITION (NOT PARKING LOT/DRIVEWAY),SIDESWIPE-SAME DIRECTION,STRAIGHT & LEVEL,DARK-HWY LIGHTED/ON,0,0,0,1
29761198,CAMPBELL,,OTHR,,FAIRLANE,RD,,38.81566479,-84.39811263,2.55,2/26/2022 0:00,1759,2,2,0,0,O,CLOUDY,DRY,0,OPPOSITE DIRECTION - BOTH VEHICLES GOING STRAIGHT AHEAD,SIDESWIPE-OPPOSITE DIRECTION,STRAIGHT & GRADE,DAYLIGHT,0,0,0,1
29755729,CAMPBELL,,OTHR,,POPLAR,ST,,39.10614201,-84.47943438,0.102,2/26/2022 0:00,1254,2,2,0,0,O,CLEAR,DRY,0,OPPOSITE DIRECTION - BOTH VEHICLES GOING STRAIGHT AHEAD,SIDESWIPE-OPPOSITE DIRECTION,STRAIGHT & LEVEL,DAYLIGHT,0,0,0,1
29750256,CAMPBELL,,OTHR,130,NEWPORT PAVILION,,,39.08998343,-84.47622559,0.316,2/26/2022 0:00,1319,2,2,0,0,O,CLOUDY,DRY,0,1 VEHICLE ENTERING/LEAVING ENTRANCE,ANGLE,STRAIGHT & LEVEL,DAYLIGHT,0,0,0,1
29747872,CAMPBELL,I 0471,Interstate,,I471 N,,,39.10105082,-84.49545676,4.979,2/26/2022 0:00,1300,2,2,0,0,O,CLEAR,DRY,0,OTHER ROADWAY OR MID-BLOCK COLLISION,REAR TO REAR,STRAIGHT & LEVEL,DAYLIGHT,0,0,0,1
29751896,CAMPBELL,I 0471,Interstate,,,,,39.09292203,-84.47861743,0.179,2/27/2022 0:00,2214,2,2,0,0,O,CLEAR,DRY,0,OTHER RAMP RELATED COLLISIONS NOT LISTED ABOVE,REAR END,STRAIGHT & HILLCREST,DARK-HWY LIGHTED/ON,0,0,0,1
29754921,CAMPBELL,,OTHR,,SUMMIT,AVE,,39.07082576,-84.45640079,0.153,2/27/2022 0:00,1634,2,2,0,0,O,OTHER,DRY,0,SIDESWIPE COLLISION - OPPOSITE DIRECTION,SIDESWIPE-OPPOSITE DIRECTION,STRAIGHT & GRADE,DAYLIGHT,0,0,0,1
29765485,CAMPBELL,US0027,USRoute,78,11TH,ST,E,39.08596619,-84.48775744,21.482,2/27/2022 0:00,1243,1,1,0,0,O,CLEAR,DRY,1,OTHER ROADWAY OR MID-BLOCK COLLISION,SINGLE VEHICLE,STRAIGHT & LEVEL,DAYLIGHT,0,0,0,1
30386380,CAMPBELL,,OTHR,46,ST NICHOLAS,PL,,39.07683001,-84.44975963,0.115,2/27/2022 0:00,1919,2,2,1,0,K,CLEAR,DRY,0,1 VEHICLE PARKED POSITION (NOT PARKING LOT/DRIVEWAY),ANGLE,STRAIGHT & GRADE,DARK-HWY NOT LIGHTED,0,0,0,1
29761201,CAMPBELL,US0027,USRoute,,ALEXANDRIA,PIKE,,38.92550072,-84.39233965,7.818,2/27/2022 0:00,1530,2,2,0,0,O,CLEAR,DRY,0,OTHER INTERSECTION COLLISIONS,REAR END,STRAIGHT & LEVEL,DAYLIGHT,1,0,0,1
29755325,CAMPBELL,KY0009,StateRoute,,AA,HWY,,39.01426249,-84.47620217,17.039,2/27/2022 0:00,2350,1,1,0,0,O,CLEAR,DRY,0,COLLISION WITH ANIMAL NON INTERSECTION,SINGLE VEHICLE,STRAIGHT & LEVEL,DARK-HWY NOT LIGHTED,0,0,0,1
29763760,CAMPBELL,,OTHR,,WASHINGTON,ST,,38.96187694,-84.38992249,0.247,2/28/2022 0:00,926,2,2,0,0,O,CLEAR,DRY,0,VEHICLE BACKING IN INTERSECTION,BACKING,STRAIGHT & LEVEL,DAYLIGHT,1,0,0,1
29761199,CAMPBELL,KY0009,StateRoute,,AA,HWY,,38.93842162,-84.32068569,6.631,2/28/2022 0:00,1210,2,2,0,1,B,CLEAR,DRY,0,SIDESWIPE COLLISION - SAME DIRECTION,SIDESWIPE-SAME DIRECTION,STRAIGHT & LEVEL,DAYLIGHT,0,0,0,1
29761194,CAMPBELL,,OTHR,,BOONE SMITH,RD,,38.85923406,-84.41267618,0.49,2/28/2022 0:00,832,2,2,0,1,C,CLEAR,DRY,0,HEAD-ON COLLISION,HEAD ON,STRAIGHT & LEVEL,DAYLIGHT,0,0,0,1
29762218,CAMPBELL,US0027,USRoute,,ALEXANDRIA,PIKE,,38.9209231,-84.3904875,7.481,2/28/2022 0:00,2005,2,2,0,0,O,CLEAR,DRY,0,SIDESWIPE COLLISION - OPPOSITE DIRECTION,SIDESWIPE-OPPOSITE DIRECTION,STRAIGHT & LEVEL,DARK-HWY NOT LIGHTED,0,0,0,1
29764828,CAMPBELL,US0027,USRoute,,ALEXANDRIA,PIKE,,39.00419136,-84.4245088,13.931,3/1/2022 0:00,1714,2,2,0,0,O,CLEAR,DRY,0,OTHER ROADWAY OR MID-BLOCK COLLISION,REAR END,STRAIGHT & GRADE,DAYLIGHT,0,0,0,1
29763735,CAMPBELL,,OTHR,709,HIGHLAND,AVE,,39.07554466,-84.46292581,0.497,3/1/2022 0:00,1908,2,2,0,0,O,CLEAR,DRY,0,HEAD-ON COLLISION,HEAD ON,STRAIGHT & LEVEL,DARK-HWY LIGHTED/ON,0,0,0,1
29762812,CAMPBELL,KY1120,StateRoute,750,10TH,ST,E,39.09160766,-84.48219059,1.261,3/1/2022 0:00,957,2,2,0,0,O,CLEAR,DRY,0,SIDESWIPE COLLISION - SAME DIRECTION,SIDESWIPE-SAME DIRECTION,STRAIGHT & LEVEL,DAYLIGHT,0,0,0,1
29768225,CAMPBELL,,OTHR,822,HIGHLAND,AVE,,39.07421318,-84.46478973,0.36,3/1/2022 0:00,912,2,2,0,0,O,CLEAR,DRY,0,1 VEHICLE PARKED POSITION (NOT PARKING LOT/DRIVEWAY),BACKING,STRAIGHT & LEVEL,DAYLIGHT,0,0,0,1
29763299,CAMPBELL,KY1632,StateRoute,,MOOCK,RD,,39.06831358,-84.46675182,1.621,3/1/2022 0:00,1738,2,2,0,0,O,CLEAR,DRY,0,REAR END IN TRAFFIC LANES BOTH VEHICLES MOVING,REAR END,CURVE & GRADE,DAYLIGHT,0,0,0,1
29769428,CAMPBELL,,OTHR,,KENTON,DR,,39.02892765,-84.46734389,0.064,3/1/2022 0:00,1432,2,2,0,0,O,CLEAR,DRY,0,COLLISION WITH PARKED VEHICLE,ANGLE,STRAIGHT & LEVEL,DAYLIGHT,0,0,0,1
29766663,CAMPBELL,KY1998,StateRoute,,INDUSTRIAL,RD,,39.04356091,-84.42075471,3.897,3/2/2022 0:00,1407,2,2,0,0,O,CLEAR,DRY,0,ANGLE COLLISION - OTHER,ANGLE,STRAIGHT & GRADE,DAYLIGHT,0,0,0,1
29780795,CAMPBELL,,OTHR,59,15TH,ST,,39.08304771,-84.48604805,0.104,3/2/2022 0:00,825,2,2,0,0,O,CLEAR,DRY,0,1 VEHICLE PARKED POSITION (NOT PARKING LOT/DRIVEWAY),SIDESWIPE-SAME DIRECTION,STRAIGHT & HILLCREST,DAYLIGHT,0,0,0,1
29808027,CAMPBELL,,OTHR,135,4TH,AVE,,39.11066971,-84.47980529,0.109,3/2/2022 0:00,758,2,1,0,0,O,CLOUDY,DRY,0,1 VEHICLE PARKED POSITION (NOT PARKING LOT/DRIVEWAY),SIDESWIPE-SAME DIRECTION,STRAIGHT & LEVEL,DAYLIGHT,0,0,0,1
29765627,CAMPBELL,KY1120,StateRoute,101,10TH,ST,E,39.08736346,-84.48860275,0.809,3/2/2022 0:00,904,2,2,0,0,O,CLEAR,DRY,0,VEHICLE BACKING NON INTERSECTION,BACKING,STRAIGHT & LEVEL,DAYLIGHT,0,0,0,1
29785128,CAMPBELL,KY0008,StateRoute,,FAIRFIELD,AVE,,39.10255816,-84.48781593,1.515,3/2/2022 0:00,1335,2,2,0,0,O,CLEAR,DRY,0,OTHER ROADWAY OR MID-BLOCK COLLISION,REAR END,STRAIGHT & LEVEL,DAYLIGHT,0,0,0,1
29769492,CAMPBELL,I 0471,Interstate,,I471 N,,,39.09871494,-84.49088438,4.684,3/3/2022 0:00,752,2,2,0,0,O,CLOUDY,DRY,0,OTHER ROADWAY OR MID-BLOCK COLLISION,REAR TO REAR,STRAIGHT & LEVEL,DAYLIGHT,0,0,0,1
29769493,CAMPBELL,I 0471,Interstate,,I471 N,,,39.08457473,-84.4726551,3.199,3/3/2022 0:00,805,2,2,0,0,O,CLOUDY,DRY,0,OTHER ROADWAY OR MID-BLOCK COLLISION,REAR TO REAR,STRAIGHT & LEVEL,DAYLIGHT,0,0,0,1
29774701,CAMPBELL,,OTHR,900,SARATOGA,ST,,39.08887831,-84.48911944,0.204,3/3/2022 0:00,1500,2,2,0,0,O,CLEAR,DRY,1,1 VEHICLE PARKED POSITION (NOT PARKING LOT/DRIVEWAY),REAR END,STRAIGHT & LEVEL,DAYLIGHT,0,0,0,1
29776487,CAMPBELL,,OTHR,104,CREEKSTONE,CT,,39.02025945,-84.44051695,0.048,3/3/2022 0:00,1120,2,2,0,0,O,CLOUDY,DRY,0,1 VEHICLE PARKED POSITION (NOT PARKING LOT/DRIVEWAY),BACKING,STRAIGHT & LEVEL,DAYLIGHT,0,0,0,1
29785267,CAMPBELL,KY0008,StateRoute,145,FAIRFIELD,AVE,,39.10390132,-84.48615118,1.642,3/3/2022 0:00,858,3,3,0,0,O,CLOUDY,DRY,0,OTHER ROADWAY OR MID-BLOCK COLLISION,REAR END,STRAIGHT & LEVEL,DAWN,0,0,0,1
29785123,CAMPBELL,KY0008,StateRoute,,FAIRFIELD,AVE,,39.10577304,-84.48388893,1.822,3/3/2022 0:00,1632,2,2,0,0,O,CLEAR,DRY,1,1 VEHICLE PARKED POSITION (NOT PARKING LOT/DRIVEWAY),SIDESWIPE-SAME DIRECTION,STRAIGHT & LEVEL,DAYLIGHT,0,0,0,1
29783777,CAMPBELL,US0027,USRoute,2335,ALEXANDRIA,PIKE,,39.07478625,-84.47503172,20.383,3/3/2022 0:00,1408,2,2,0,0,O,CLOUDY,DRY,0,1 VEHICLE PARKED POSITION (NOT PARKING LOT/DRIVEWAY),BACKING,STRAIGHT & LEVEL,DAYLIGHT,0,0,0,1
29786106,CAMPBELL,KY0009,StateRoute,,AA,HWY,,38.96649632,-84.35055981,9.205,3/3/2022 0:00,1625,2,2,0,2,B,CLEAR,DRY,0,ANGLE COLLISION - OTHER,ANGLE,STRAIGHT & LEVEL,DAYLIGHT,0,0,0,1
29786108,CAMPBELL,KY0009,StateRoute,,AA,HWY,,38.98079569,-84.37454813,10.877,3/4/2022 0:00,736,2,2,0,1,C,CLEAR,DRY,0,OTHER INTERSECTION COLLISIONS,REAR END,STRAIGHT & HILLCREST,DAYLIGHT,1,0,0,1
29789919,CAMPBELL,,OTHR,,ISABELLA,ST,,39.08241874,-84.49335551,0.077,3/4/2022 0:00,1548,2,2,0,0,O,CLEAR,DRY,0,ANGLE COLLISION - OTHER,ANGLE,STRAIGHT & LEVEL,DAYLIGHT,0,0,0,1
29774411,CAMPBELL,,OTHR,511,PARK,AVE,,39.09496973,-84.48876183,0.047,3/4/2022 0:00,1114,2,2,0,0,O,CLEAR,DRY,0,1 VEHICLE PARKED POSITION (NOT PARKING LOT/DRIVEWAY),ANGLE,STRAIGHT & LEVEL,DAYLIGHT,0,0,0,1
29789922,CAMPBELL,US0027,USRoute,920,YORK,ST,,39.08704435,-84.4914342,21.778,3/4/2022 0:00,1456,2,2,0,0,O,CLOUDY,DRY,0,1 VEHICLE PARKED POSITION (NOT PARKING LOT/DRIVEWAY),REAR TO REAR,STRAIGHT & LEVEL,DAYLIGHT,0,0,0,1
29795272,CAMPBELL,US0027,USRoute,900,YORK,ST,,39.08631133,-84.49077129,21.698,3/4/2022 0:00,1000,2,2,0,0,O,CLEAR,DRY,0,SIDESWIPE COLLISION - SAME DIRECTION,SIDESWIPE-SAME DIRECTION,STRAIGHT & LEVEL,DAYLIGHT,0,0,0,1
29777815,CAMPBELL,,OTHR,,TIMBER RIDGE,DR,,39.05397016,-84.47881362,0.115,3/4/2022 0:00,1502,2,2,0,0,O,CLEAR,DRY,0,SIDESWIPE COLLISION - OPPOSITE DIRECTION,SIDESWIPE-OPPOSITE DIRECTION,CURVE & GRADE,DAYLIGHT,0,0,0,1
29784221,CAMPBELL,,OTHR,,CHESAPEAKE,AVE,,39.08840259,-84.46810247,0.158,3/4/2022 0:00,915,2,2,0,0,O,CLEAR,DRY,0,REAR END IN TRAFFIC LANES BOTH VEHICLES MOVING,REAR END,STRAIGHT & HILLCREST,DAYLIGHT,0,0,0,1
29783779,CAMPBELL,US0027,USRoute,,ALEXANDRIA,PIKE,,39.0741845,-84.47385525,20.33,3/5/2022 0:00,1405,2,2,0,0,O,CLEAR,DRY,0,SIDESWIPE COLLISION - OPPOSITE DIRECTION,SIDESWIPE-OPPOSITE DIRECTION,STRAIGHT & GRADE,DAYLIGHT,0,0,0,1
29780794,CAMPBELL,US0027,USRoute,1602,MONMOUTH,ST,,39.08380668,-84.48366212,21.216,3/5/2022 0:00,1730,2,2,0,0,O,CLEAR,DRY,0,OTHER ROADWAY OR MID-BLOCK COLLISION,REAR END,STRAIGHT & LEVEL,DAYLIGHT,0,0,0,1
29785130,CAMPBELL,KY0008,StateRoute,,FAIRFIELD,AVE,,39.10445077,-84.48552576,1.675,3/5/2022 0:00,1546,2,2,0,0,O,CLEAR,DRY,0,OTHER ROADWAY OR MID-BLOCK COLLISION,REAR END,STRAIGHT & LEVEL,DAYLIGHT,0,0,0,1
29785132,CAMPBELL,KY0008,StateRoute,145,FAIRFIELD,AVE,,39.10314993,-84.4869984,1.574,3/5/2022 0:00,,2,2,0,0,O,CLEAR,DRY,1,OTHER ROADWAY OR MID-BLOCK COLLISION,REAR TO REAR,STRAIGHT & LEVEL,DUSK,0,0,0,1
29779732,CAMPBELL,US0027,USRoute,,MONMOUTH,ST,,39.08364999,-84.48314619,21.172,3/5/2022 0:00,1917,2,2,0,1,B,CLOUDY,DRY,0,HEAD-ON COLLISION,HEAD ON,CURVE & HILLCREST,DARK-HWY LIGHTED/ON,0,0,0,1
30385772,CAMPBELL,KY0008,StateRoute,414,CLAY,ST,,39.11477281,-84.46978636,2.818,3/5/2022 0:00,2116,2,2,0,0,O,CLEAR,DRY,1,1 VEHICLE PARKED POSITION (NOT PARKING LOT/DRIVEWAY),REAR END,STRAIGHT & LEVEL,DARK-HWY LIGHTED/ON,0,0,0,1
29785280,CAMPBELL,US0027,USRoute,,ALEXANDRIA,PIKE,,38.95776162,-84.3932233,10.057,3/5/2022 0:00,1527,2,2,0,0,O,CLEAR,DRY,1,SIDESWIPE-SAME DIRECTION,SIDESWIPE-SAME DIRECTION,STRAIGHT & LEVEL,DAYLIGHT,0,0,0,1
29786109,CAMPBELL,US0027,USRoute,,ALEXANDRIA,PIKE,,38.96585518,-84.39291401,10.619,3/5/2022 0:00,1206,2,2,0,0,O,CLEAR,DRY,0,OTHER INTERSECTION COLLISIONS,REAR END,STRAIGHT & LEVEL,DAYLIGHT,1,0,0,1
29779942,CAMPBELL,KY1892,StateRoute,,GRAND,AVE,,39.08544331,-84.47473523,1.992,3/5/2022 0:00,1842,2,2,0,1,B,CLEAR,DRY,0,OTHER INTERSECTION COLLISIONS,REAR END,STRAIGHT & LEVEL,DARK-HWY LIGHTED/ON,1,0,0,1
29784227,CAMPBELL,KY1120,StateRoute,2317,MEMORIAL,PKWY,,39.08546229,-84.45064397,3.689,3/6/2022 0:00,202,2,2,0,0,O,CLEAR,DRY,1,1 VEHICLE PARKED POSITION (NOT PARKING LOT/DRIVEWAY),SIDESWIPE-SAME DIRECTION,CURVE & LEVEL,DARK-HWY LIGHTED/ON,0,0,0,1
29782718,CAMPBELL,I 0471,Interstate,,I471 N,,,39.08919555,-84.47505621,3.513,3/6/2022 0:00,1900,2,2,0,0,O,CLOUDY,WET,1,SIDESWIPE COLLISION - SAME DIRECTION,SIDESWIPE-SAME DIRECTION,STRAIGHT & LEVEL,DARK-HWY LIGHTED/ON,0,0,0,1
29784270,CAMPBELL,US0027,USRoute,,ALEXANDRIA,PIKE,,39.00071303,-84.42038713,13.618,3/6/2022 0:00,1825,2,2,0,2,C,RAINING,WET,0,1 VEHICLE ENTERING/LEAVING ENTRANCE,ANGLE,STRAIGHT & LEVEL,DUSK,0,0,0,1
29784129,CAMPBELL,I 0471,Interstate,,,,,39.0930367,-84.47668212,0.064,3/7/2022 0:00,840,1,1,0,0,O,RAINING,WET,0,OTHER RAMP RELATED COLLISIONS NOT LISTED ABOVE,SINGLE VEHICLE,CURVE & HILLCREST,DAYLIGHT,0,0,0,1
29789763,CAMPBELL,US0027,USRoute,7914,ALEXANDRIA,PIKE,,38.97234291,-84.39226036,11.072,3/7/2022 0:00,1555,2,2,0,1,B,CLOUDY,DRY,0,1 VEHICLE ENTERING/LEAVING ENTRANCE,ANGLE,STRAIGHT & LEVEL,DAYLIGHT,0,0,0,1
29787163,CAMPBELL,I 0471,Interstate,4.0 MP,I471 S,,,39.09528158,-84.48146181,4.112,3/7/2022 0:00,1741,2,2,0,0,O,CLEAR,DRY,1,SIDESWIPE COLLISION - SAME DIRECTION,SIDESWIPE-SAME DIRECTION,STRAIGHT & LEVEL,DARK-HWY LIGHTED/ON,0,0,0,1
29802945,CAMPBELL,,OTHR,100,7TH,ST,E,39.09049643,-84.49204936,0.54,3/7/2022 0:00,1651,2,2,0,0,O,CLEAR,DRY,1,1 VEHICLE PARKED POSITION (NOT PARKING LOT/DRIVEWAY),SIDESWIPE-SAME DIRECTION,STRAIGHT & LEVEL,DAYLIGHT,0,0,0,1
29789790,CAMPBELL,KY1632,StateRoute,,MOOCK,RD,,39.06845055,-84.46677811,1.653,3/7/2022 0:00,745,2,2,0,0,O,RAINING,WET,0,REAR END - ONE VEHICLE TURNING LEFT,REAR END,STRAIGHT & HILLCREST,DAYLIGHT,0,0,0,1
29787743,CAMPBELL,KY1892,StateRoute,,GRAND,AVE,,39.08637333,-84.47718201,2.149,3/7/2022 0:00,1845,2,2,0,0,O,CLOUDY,WET,0,OTHER INTERSECTION COLLISIONS,REAR END,STRAIGHT & LEVEL,DARK-HWY LIGHTED/ON,1,0,0,1
29807555,CAMPBELL,I 0471,Interstate,,I471 N,,,39.07602957,-84.46837422,2.556,3/7/2022 0:00,144,1,1,0,0,O,CLOUDY,WET,0,COLLISION WITH ANIMAL NON INTERSECTION,SINGLE VEHICLE,STRAIGHT & LEVEL,DARK-HWY LIGHTED/ON,0,0,0,1
29861424,CAMPBELL,,OTHR,413,CLARK,ST,,39.10013498,-84.48314921,0.059,3/7/2022 0:00,1006,2,2,0,0,O,CLOUDY,WET,1,1 VEHICLE PARKED POSITION (NOT PARKING LOT/DRIVEWAY),BACKING,STRAIGHT & LEVEL,DAYLIGHT,0,0,0,1
29782493,CAMPBELL,KY1120,StateRoute,772,10TH,ST,E,39.09236716,-84.48127357,1.333,3/7/2022 0:00,3,2,2,0,0,O,RAINING,WET,0,1 VEHICLE PARKED POSITION (NOT PARKING LOT/DRIVEWAY),BACKING,STRAIGHT & LEVEL,DARK-HWY LIGHTED/OFF,0,0,0,1
29826810,CAMPBELL,,OTHR,,WILLOW,ST,,39.07420698,-84.47391103,0.081,3/8/2022 0:00,245,1,1,0,0,O,CLOUDY,DRY,1,COLLISION WITH FIXED OBJECT NON - INTERSECTION - FIRST EVENT COLLISION 09 - 32 EXCLUDING 16,SINGLE VEHICLE,,DUSK,0,0,0,1
29811837,CAMPBELL,US0027,USRoute,,ALEXANDRIA,PIKE,,38.92156355,-84.39111825,7.538,3/8/2022 0:00,710,2,2,0,0,O,CLOUDY,DRY,0,OTHER INTERSECTION COLLISIONS,REAR END,STRAIGHT & LEVEL,DAWN,1,0,0,1
29792231,CAMPBELL,US0027,USRoute,,MONMOUTH,ST,,39.07916618,-84.48068507,20.836,3/8/2022 0:00,1900,2,2,0,0,O,CLEAR,DRY,0,OPPOSING LEFT TURN,OPPOSING LEFT TURN,STRAIGHT & LEVEL,DARK-HWY LIGHTED/ON,0,0,0,1
29798630,CAMPBELL,,OTHR,,CHURCHILL,DR,,39.08187865,-84.46382542,0.001,3/8/2022 0:00,1405,2,2,0,0,O,CLOUDY,DRY,0,SIDESWIPE-SAME DIRECTION,SIDESWIPE-SAME DIRECTION,STRAIGHT & LEVEL,DAYLIGHT,0,0,0,1
29801119,CAMPBELL,KY0008,StateRoute,4988,MARY INGLES,HWY,,39.0390671,-84.40146007,10.15,3/8/2022 0:00,13,2,2,0,0,O,CLEAR,DRY,0,SIDESWIPE COLLISION - SAME DIRECTION,SIDESWIPE-SAME DIRECTION,STRAIGHT & LEVEL,DARK (UNKNOWN ROADWAY LIGHTING),0,0,0,1
29794106,CAMPBELL,US0027,USRoute,7807,ALEXANDRIA,PIKE,,38.9731736,-84.39221156,11.132,3/8/2022 0:00,1715,2,2,0,0,O,CLOUDY,DRY,0,OTHER ROADWAY OR MID-BLOCK COLLISION,REAR END,STRAIGHT & LEVEL,DAYLIGHT,0,0,0,1
29807569,CAMPBELL,KY0008,StateRoute,119,FAIRFIELD,AVE,,39.10328578,-84.48686209,1.586,3/8/2022 0:00,1950,2,2,0,0,O,CLEAR,DRY,0,SIDESWIPE COLLISION - OPPOSITE DIRECTION,SIDESWIPE-OPPOSITE DIRECTION,STRAIGHT & GRADE,DARK-HWY LIGHTED/ON,0,0,0,1
29792630,CAMPBELL,US0027,USRoute,2001,MONMOUTH,ST,,39.07858638,-84.4800944,20.795,3/8/2022 0:00,2139,2,2,0,0,O,CLOUDY,DRY,0,OTHER ROADWAY OR MID-BLOCK COLLISION,OPPOSING LEFT TURN,STRAIGHT & LEVEL,DARK-HWY LIGHTED/ON,0,0,0,1
29795276,CAMPBELL,I 0471,Interstate,,,,,39.09290516,-84.47898874,0.188,3/8/2022 0:00,1625,2,2,0,0,O,CLOUDY,DRY,0,OTHER RAMP RELATED COLLISIONS NOT LISTED ABOVE,REAR END,CURVE & LEVEL,DAYLIGHT,0,0,0,1
29795274,CAMPBELL,,OTHR,416,10TH,ST,W,39.08298962,-84.49658429,0.137,3/9/2022 0:00,743,2,2,0,0,O,RAINING,WET,0,SIDESWIPE COLLISION - SAME DIRECTION,SIDESWIPE-SAME DIRECTION,STRAIGHT & LEVEL,DAYLIGHT,0,0,0,1
29798632,CAMPBELL,,OTHR,,CARMEL MANOR,DR,,39.06397069,-84.44625318,0.01,3/9/2022 0:00,752,2,2,0,0,O,SNOWING,WET,0,HEAD-ON COLLISION,HEAD ON,CURVE & GRADE,DAYLIGHT,0,0,0,1
29795309,CAMPBELL,I 0471,Interstate,,I471 S,,,39.09946314,-84.49283491,4.801,3/9/2022 0:00,1002,2,2,0,0,O,CLEAR,DRY,0,SIDESWIPE COLLISION - SAME DIRECTION,SIDESWIPE-SAME DIRECTION,STRAIGHT & LEVEL,DAYLIGHT,0,0,0,1
29796986,CAMPBELL,KY0008,StateRoute,136,3RD,ST,E,39.09471218,-84.49474554,0.705,3/9/2022 0:00,2239,3,3,0,0,O,CLEAR,DRY,1,1 VEHICLE PARKED POSITION (NOT PARKING LOT/DRIVEWAY),BACKING,STRAIGHT & LEVEL,DARK-HWY LIGHTED/OFF,0,0,0,1
29796988,CAMPBELL,KY0008,StateRoute,,DAVE COWENS,DR,,39.1009184,-84.48967349,1.357,3/9/2022 0:00,2133,2,2,0,0,O,CLOUDY,DRY,0,OTHER INTERSECTION COLLISIONS,REAR END,STRAIGHT & LEVEL,DARK-HWY LIGHTED/ON,1,0,0,1
29797334,CAMPBELL,,OTHR,413,SARATOGA,ST,,39.09349931,-84.49331124,0.595,3/9/2022 0:00,1824,2,2,0,0,O,CLEAR,DRY,1,1 VEHICLE PARKED POSITION (NOT PARKING LOT/DRIVEWAY),BACKING,STRAIGHT & LEVEL,DAYLIGHT,0,0,0,1
29797726,CAMPBELL,,OTHR,42,WOODLAND HILLS,DR,,39.05918778,-84.47755517,0.331,3/9/2022 0:00,1052,2,2,0,1,C,CLEAR,DRY,0,1 VEHICLE PARKED POSITION (NOT PARKING LOT/DRIVEWAY),ANGLE,STRAIGHT & LEVEL,DAYLIGHT,0,0,0,1
29797528,CAMPBELL,,OTHR,9624,ECHO,HLS,,38.92729626,-84.39605846,0.307,3/9/2022 0:00,2214,1,1,0,0,O,CLEAR,DRY,0,COLLISION WITH FIXED OBJECT NON - INTERSECTION - FIRST EVENT COLLISION 09 - 32 EXCLUDING 16,SINGLE VEHICLE,CURVE & GRADE,DARK-HWY NOT LIGHTED,0,0,0,1
29817290,CAMPBELL,,OTHR,100,LOUIE B NUNN,DR,,39.03204119,-84.46324462,0.204,3/10/2022 0:00,1247,1,1,0,0,O,CLEAR,DRY,0,COLLISION WITH FIXED OBJECT NON - INTERSECTION - FIRST EVENT COLLISION 09 - 32 EXCLUDING 16,SINGLE VEHICLE,STRAIGHT & LEVEL,DAYLIGHT,0,0,0,1