IncidentID,County,RdwyNumber,RdwyType,Street,RoadwayName,StreetSfx,StreetDir,Latitude,Longitude,Milepoint,CollisionDate,CollisionTime,UnitsInvolved,MotorVehiclesInvolved,NumberKilled,NumberInjured,KABCO,Weather,RdwyConditionCode,HitandRun,DirAnalysisCode,MannerofCollision,RdwyCharacter,LightCondition,Intersection Crash,Bicyclist,Pedestrian,Motor Vehicles
29802679,CAMPBELL,KY1120,StateRoute,323,FT THOMAS,AVE,S,39.0747877,-84.44722366,4.512,3/10/2022 0:00,1125,2,2,0,0,O,CLEAR,DRY,0,1 VEHICLE PARKED POSITION (NOT PARKING LOT/DRIVEWAY),SIDESWIPE-SAME DIRECTION,STRAIGHT & LEVEL,DAYLIGHT,0,0,0,1
29814079,CAMPBELL,KY0010,StateRoute,,MAIN,ST,E,38.95944177,-84.38790506,1.625,3/10/2022 0:00,1428,2,2,0,0,O,CLEAR,DRY,0,ANGLE COLLISION - OTHER,ANGLE,STRAIGHT & LEVEL,DAYLIGHT,0,0,0,1
29829154,CAMPBELL,KY1120,StateRoute,,MEMORIAL,PKWY,,39.09545074,-84.47322799,1.877,3/10/2022 0:00,1053,2,2,0,0,O,CLEAR,DRY,0,REAR END IN TRAFFIC LANES BOTH VEHICLES MOVING,REAR END,CURVE & LEVEL,DAYLIGHT,0,0,0,1
29799120,CAMPBELL,,OTHR,2233,JOYCE,AVE,,39.07696388,-84.47424365,0.226,3/10/2022 0:00,740,2,2,0,0,O,CLEAR,DRY,0,VEHICLE BACKING NON INTERSECTION,BACKING,STRAIGHT & HILLCREST,DAYLIGHT,0,0,0,1
29800207,CAMPBELL,US0027,USRoute,1100,MONMOUTH,ST,,39.08610365,-84.48739995,21.459,3/10/2022 0:00,800,2,2,0,0,O,CLEAR,DRY,0,OTHER ROADWAY OR MID-BLOCK COLLISION,REAR END,STRAIGHT & HILLCREST,DAYLIGHT,0,0,0,1
29808319,CAMPBELL,US0027,USRoute,2800,ALEXANDRIA,PIKE,,39.03160918,-84.45197017,16.345,3/10/2022 0:00,725,3,3,0,0,O,CLEAR,DRY,0,OTHER ROADWAY OR MID-BLOCK COLLISION,REAR END,STRAIGHT & GRADE,DAYLIGHT,0,0,0,1
29805784,CAMPBELL,KY0009,StateRoute,,LICKING,PIKE,,39.05519195,-84.48729412,20.178,3/11/2022 0:00,2032,2,2,0,0,O,SNOWING,WET,0,REAR END IN TRAFFIC LANES BOTH VEHICLES MOVING,REAR END,STRAIGHT & LEVEL,DARK-HWY LIGHTED/ON,0,0,0,1
29808310,CAMPBELL,I 0275,Interstate,,I275 E,,,39.04838925,-84.45058046,74.43,3/11/2022 0:00,1451,2,2,0,1,C,CLOUDY,DRY,0,REAR END IN TRAFFIC LANES BOTH VEHICLES MOVING,REAR END,CURVE & GRADE,DAYLIGHT,0,0,0,1
29805857,CAMPBELL,KY0009,StateRoute,,AA,HWY,,39.01334056,-84.47510916,16.96,3/11/2022 0:00,803,1,1,0,0,O,CLEAR,DRY,0,COLLISION WITH ANIMAL NON INTERSECTION,SINGLE VEHICLE,STRAIGHT & LEVEL,DAYLIGHT,0,0,0,1
29807546,CAMPBELL,KY1998,StateRoute,970,POOLES CREEK,RD,,39.02421144,-84.44607573,1.651,3/11/2022 0:00,2204,1,1,0,0,O,SNOWING,WET,0,COLLISION WITH FIXED OBJECT NON - INTERSECTION - FIRST EVENT COLLISION 09 - 32 EXCLUDING 16,SINGLE VEHICLE,STRAIGHT & HILLCREST,DARK-HWY NOT LIGHTED,0,0,0,1
29830297,CAMPBELL,US0027,USRoute,,3RD,ST,E,39.09353318,-84.49719301,22.243,3/12/2022 0:00,1955,2,2,0,0,O,CLEAR,DRY,0,OTHER ROADWAY OR MID-BLOCK COLLISION,REAR END,STRAIGHT & LEVEL,DARK-HWY LIGHTED/ON,0,0,0,1
29811276,CAMPBELL,KY0009,StateRoute,,AA,HWY,,38.92705337,-84.30235662,5.364,3/12/2022 0:00,650,1,1,0,0,O,CLOUDY,ICE,0,OTHER ROADWAY OR MID-BLOCK COLLISION,SINGLE VEHICLE,STRAIGHT & GRADE,DAYLIGHT,0,0,0,1
29806578,CAMPBELL,I 0471,Interstate,,,,,39.10079425,-84.48975011,0.551,3/12/2022 0:00,1040,2,2,0,0,O,CLOUDY,DRY,0,OTHER RAMP RELATED COLLISIONS NOT LISTED ABOVE,REAR END,STRAIGHT & LEVEL,DAYLIGHT,0,0,0,1
29815909,CAMPBELL,,OTHR,407,SARATOGA,ST,,39.09369768,-84.49357101,0.613,3/12/2022 0:00,2042,3,3,0,0,O,CLEAR,DRY,0,1 VEHICLE PARKED POSITION (NOT PARKING LOT/DRIVEWAY),SIDESWIPE-SAME DIRECTION,STRAIGHT & LEVEL,DARK-HWY LIGHTED/ON,0,0,0,1
29808300,CAMPBELL,KY0009,StateRoute,,12TH,ST,W,39.08000009,-84.49520552,22.081,3/12/2022 0:00,2022,2,2,0,1,C,CLEAR,DRY,0,SIDESWIPE COLLISION - OPPOSITE DIRECTION,SIDESWIPE-OPPOSITE DIRECTION,STRAIGHT & LEVEL,DARK-HWY LIGHTED/ON,0,0,0,1
29812829,CAMPBELL,KY1892,StateRoute,82,CAROTHERS,RD,,39.08557676,-84.47986909,2.312,3/12/2022 0:00,2055,2,2,0,0,O,CLEAR,DRY,1,REAR END IN TRAFFIC LANES BOTH VEHICLES MOVING,REAR END,STRAIGHT & GRADE,DARK-HWY LIGHTED/ON,0,0,0,1
29806579,CAMPBELL,,OTHR,402,GRANDVIEW,AVE,,39.072004,-84.48883749,0.718,3/12/2022 0:00,1227,2,2,0,0,O,CLEAR,DRY,1,1 VEHICLE PARKED POSITION (NOT PARKING LOT/DRIVEWAY),SIDESWIPE-SAME DIRECTION,STRAIGHT & GRADE,DAYLIGHT,0,0,0,1
29809438,CAMPBELL,,OTHR,300 BLOCK,POPLAR,ST,,39.07668273,-84.47223394,0.023,3/12/2022 0:00,1430,2,2,0,0,O,CLEAR,DRY,0,1 VEHICLE PARKED POSITION (NOT PARKING LOT/DRIVEWAY),SIDESWIPE-SAME DIRECTION,STRAIGHT & LEVEL,DAYLIGHT,0,0,0,1
29808298,CAMPBELL,US0027,USRoute,,MONMOUTH,ST,,39.0934385,-84.4952577,22.123,3/13/2022 0:00,24,2,2,0,0,O,CLEAR,DRY,0,SIDESWIPE COLLISION - SAME DIRECTION,SIDESWIPE-SAME DIRECTION,STRAIGHT & GRADE,DARK-HWY LIGHTED/ON,0,0,0,1
29813314,CAMPBELL,,OTHR,,PARK,AVE,,39.09800615,-84.49288478,0.353,3/13/2022 0:00,1113,2,2,0,0,O,CLEAR,DRY,0,OTHER INTERSECTION COLLISIONS,REAR END,STRAIGHT & LEVEL,DAYLIGHT,1,0,0,1
29809781,CAMPBELL,,OTHR,323,2ND,ST,E,39.09673169,-84.49286651,0.063,3/13/2022 0:00,312,3,3,0,0,O,CLEAR,DRY,1,1 VEHICLE PARKED POSITION (NOT PARKING LOT/DRIVEWAY),SIDESWIPE-SAME DIRECTION,STRAIGHT & LEVEL,DARK-HWY NOT LIGHTED,0,0,0,1
29855368,CAMPBELL,,OTHR,623,8TH,AVE,,39.11221322,-84.4709688,0.063,3/13/2022 0:00,1730,1,1,0,0,O,CLEAR,DRY,1,OTHER ROADWAY OR MID-BLOCK COLLISION,SINGLE VEHICLE,STRAIGHT & LEVEL,DAYLIGHT,0,0,0,1
29858698,CAMPBELL,KY1120,StateRoute,,MEMORIAL,PKWY,,39.09595118,-84.47220222,1.936,3/14/2022 0:00,1906,2,1,0,0,O,CLEAR,DRY,0,OPPOSING LEFT TURN,OPPOSING LEFT TURN,STRAIGHT & LEVEL,DAYLIGHT,0,0,0,1
29814289,CAMPBELL,KY0008,StateRoute,,DAVE COWENS,DR,,39.10080423,-84.48977691,1.347,3/14/2022 0:00,735,5,5,0,3,B,CLOUDY,DRY,0,HEAD-ON COLLISION,HEAD ON,STRAIGHT & LEVEL,DAYLIGHT,0,0,0,1
29824554,CAMPBELL,,OTHR,355,LAUREN,LN,,38.92505866,-84.44280788,0.206,3/15/2022 0:00,1355,2,2,0,0,O,CLEAR,DRY,0,VEHICLE BACKING NON INTERSECTION,BACKING,STRAIGHT & LEVEL,DAYLIGHT,0,0,0,1
29823953,CAMPBELL,,OTHR,160,NEWPORT PAVILION,,,39.08752665,-84.47666077,0.514,3/15/2022 0:00,1230,2,2,0,0,O,CLOUDY,DRY,0,SIDESWIPE COLLISION - SAME DIRECTION,SIDESWIPE-SAME DIRECTION,CURVE & LEVEL,DAYLIGHT,0,0,0,1
29822723,CAMPBELL,KY0709,StateRoute,,ALEXANDRIA,PIKE,E,38.98535894,-84.39787935,0.21,3/15/2022 0:00,1630,2,2,0,0,O,CLOUDY,DRY,0,REAR END IN TRAFFIC LANES BOTH VEHICLES MOVING,REAR END,STRAIGHT & GRADE,DAYLIGHT,0,0,0,1
29836133,CAMPBELL,KY0471,StateRoute,,KY471,,,39.0421314,-84.45664053,0.366,3/15/2022 0:00,1730,2,2,0,0,O,CLEAR,DRY,1,REAR END IN TRAFFIC LANES BOTH VEHICLES MOVING,REAR END,STRAIGHT & LEVEL,DAYLIGHT,0,0,0,1
29824712,CAMPBELL,,OTHR,306,FOOTE,AVE,,39.1054399,-84.48000194,0.322,3/15/2022 0:00,1800,2,2,0,0,O,CLEAR,DRY,0,COLLISION WITH PARKED VEHICLE,SIDESWIPE-SAME DIRECTION,STRAIGHT & LEVEL,DAYLIGHT,0,0,0,1
29827315,CAMPBELL,KY0009,StateRoute,,AA,HWY,,39.01363027,-84.47541553,16.987,3/15/2022 0:00,1508,1,1,0,1,B,CLEAR,DRY,0,COLLISION WITH FIXED OBJECT NON - INTERSECTION - FIRST EVENT COLLISION 09 - 32 EXCLUDING 16,SINGLE VEHICLE,CURVE & LEVEL,DAYLIGHT,0,0,0,1
29822319,CAMPBELL,,OTHR,,NKU DORM,,,39.03639478,-84.46708706,0.045,3/15/2022 0:00,2132,1,1,0,0,O,CLEAR,DRY,0,COLLISION WITH ANIMAL NON INTERSECTION,SINGLE VEHICLE,STRAIGHT & LEVEL,DARK-HWY LIGHTED/ON,0,0,0,1
29831646,CAMPBELL,,OTHR,1,OHIO,AVE,,39.08587001,-84.45347151,0.009,3/16/2022 0:00,1514,2,2,0,0,O,CLEAR,DRY,1,1 VEHICLE PARKED POSITION (NOT PARKING LOT/DRIVEWAY),SIDESWIPE-SAME DIRECTION,STRAIGHT & LEVEL,DAYLIGHT,0,0,0,1
29830314,CAMPBELL,,OTHR,,TOWN,DR,,39.01773865,-84.48080058,0.04,3/16/2022 0:00,2004,2,2,0,0,O,CLEAR,DRY,0,HEAD-ON COLLISION,HEAD ON,STRAIGHT & GRADE,DARK-HWY LIGHTED/ON,0,0,0,1
29836135,CAMPBELL,,OTHR,,GREY STABLE,LN,,39.02916914,-84.45798061,0.001,3/16/2022 0:00,2043,2,2,0,0,O,CLEAR,DRY,0,SIDESWIPE COLLISION - OPPOSITE DIRECTION,SIDESWIPE-OPPOSITE DIRECTION,STRAIGHT & HILLCREST,DARK-HWY LIGHTED/ON,0,0,0,1
29855414,CAMPBELL,I 0471,Interstate,,I471 S,,,39.06955662,-84.4637552,2.014,3/17/2022 0:00,2300,1,1,0,0,O,CLEAR,DRY,0,COLLISION WITH FIXED OBJECT IN INTERSECTION - FIRST EVENT COLLISION 09 - 32,SINGLE VEHICLE,STRAIGHT & LEVEL,DARK-HWY LIGHTED/ON,1,0,0,1
29848308,CAMPBELL,I 0471,Interstate,4,I471 S,,,39.09509514,-84.4812292,4.094,3/17/2022 0:00,1315,2,2,0,0,O,CLEAR,DRY,0,SIDESWIPE COLLISION - SAME DIRECTION,SIDESWIPE-SAME DIRECTION,STRAIGHT & LEVEL,DAYLIGHT,0,0,0,1
29831039,CAMPBELL,US0027,USRoute,,ALEXANDRIA,PIKE,,39.06857794,-84.46685555,19.763,3/17/2022 0:00,1633,2,2,0,0,O,CLEAR,DRY,0,SIDESWIPE COLLISION - SAME DIRECTION,SIDESWIPE-SAME DIRECTION,STRAIGHT & LEVEL,DAYLIGHT,0,0,0,1
29837216,CAMPBELL,I 0275,Interstate,,I275 E,,,39.04553265,-84.46154576,75.052,3/17/2022 0:00,1805,2,2,0,0,O,CLEAR,DRY,0,SIDESWIPE COLLISION - SAME DIRECTION,SIDESWIPE-SAME DIRECTION,STRAIGHT & LEVEL,DAYLIGHT,0,0,0,1
29837217,CAMPBELL,I 0275,Interstate,,I275 E,,,39.03360056,-84.4703484,76.137,3/17/2022 0:00,1417,2,2,0,1,C,CLEAR,DRY,0,REAR END IN TRAFFIC LANES BOTH VEHICLES MOVING,REAR END,STRAIGHT & LEVEL,DAYLIGHT,0,0,0,1
29830052,CAMPBELL,I 0275,Interstate,,I275 E,,,39.05619498,-84.4320979,73.299,3/17/2022 0:00,1733,2,2,0,0,O,CLEAR,DRY,0,REAR END IN TRAFFIC LANES BOTH VEHICLES MOVING,REAR END,STRAIGHT & LEVEL,DAYLIGHT,0,0,0,1
29836137,CAMPBELL,I 0275,Interstate,,I275 E,,,39.03837362,-84.47001532,75.795,3/17/2022 0:00,1040,2,2,0,0,O,CLEAR,DRY,0,REAR END IN TRAFFIC LANES BOTH VEHICLES MOVING,REAR END,STRAIGHT & GRADE,DAYLIGHT,0,0,0,1
29829156,CAMPBELL,KY0008,StateRoute,,FAIRFIELD,AVE,,39.10708172,-84.48232483,1.943,3/17/2022 0:00,1303,2,2,0,0,O,CLEAR,DRY,0,OTHER ROADWAY OR MID-BLOCK COLLISION,REAR END,STRAIGHT & LEVEL,DAYLIGHT,0,0,0,1
29837218,CAMPBELL,I 0275,Interstate,,I275 E,,,39.04078347,-84.46981425,75.633,3/17/2022 0:00,1859,2,2,0,0,O,CLEAR,DRY,0,OTHER ROADWAY OR MID-BLOCK COLLISION,REAR TO REAR,STRAIGHT & LEVEL,DAYLIGHT,0,0,0,1
29865011,CAMPBELL,I 0275,Interstate,,I275 E,,,39.04413571,-84.46658948,75.339,3/18/2022 0:00,558,2,2,0,0,O,CLEAR,DRY,0,SIDESWIPE COLLISION - SAME DIRECTION,SIDESWIPE-SAME DIRECTION,CURVE & GRADE,DARK-HWY LIGHTED/ON,0,0,0,1
29836608,CAMPBELL,US0027,USRoute,,ALEXANDRIA,PIKE,,38.99587352,-84.41567957,13.21,3/18/2022 0:00,1732,2,2,0,0,O,CLEAR,WET,0,SIDESWIPE COLLISION - SAME DIRECTION,SIDESWIPE-SAME DIRECTION,STRAIGHT & GRADE,DAYLIGHT,0,0,0,1
29835155,CAMPBELL,KY0009,StateRoute,,LICKING,PIKE,,39.02494331,-84.48052947,17.917,3/18/2022 0:00,1748,2,2,0,0,O,CLOUDY,WET,0,SIDESWIPE COLLISION - SAME DIRECTION,SIDESWIPE-SAME DIRECTION,STRAIGHT & LEVEL,DUSK,0,0,0,1
29855415,CAMPBELL,KY1892,StateRoute,,GRAND,AVE,N,39.07967519,-84.46665823,1.366,3/18/2022 0:00,2130,1,1,0,0,O,CLOUDY,DRY,0,COLLISION WITH ANIMAL NON INTERSECTION,SINGLE VEHICLE,STRAIGHT & GRADE,DARK-HWY NOT LIGHTED,0,0,0,1
29855413,CAMPBELL,KY1892,StateRoute,85,GRAND,AVE,N,39.07905089,-84.46575976,1.311,3/18/2022 0:00,1620,1,1,0,0,O,CLOUDY,DRY,0,COLLISION WITH FIXED OBJECT NON - INTERSECTION - FIRST EVENT COLLISION 09 - 32 EXCLUDING 16,SINGLE VEHICLE,STRAIGHT & GRADE,DAYLIGHT,0,0,0,1
29835604,CAMPBELL,KY0009,StateRoute,,LICKING,PIKE,,39.02529757,-84.48067738,17.947,3/19/2022 0:00,1443,2,2,0,1,B,RAINING,WET,0,ANGLE COLLISION - OTHER,ANGLE,STRAIGHT & LEVEL,DAYLIGHT,0,0,0,1
29837223,CAMPBELL,US0027,USRoute,,ALEXANDRIA,PIKE,,39.03145012,-84.45190956,16.333,3/19/2022 0:00,2311,2,2,0,0,O,CLEAR,WET,0,1 VEHICLE ENTERING/LEAVING ENTRANCE,ANGLE,STRAIGHT & LEVEL,DARK-HWY LIGHTED/ON,0,0,0,1
29836939,CAMPBELL,,OTHR,10,8TH,ST,E,39.08924016,-84.49176465,0.075,3/19/2022 0:00,2315,3,3,0,0,O,RAINING,WET,1,OTHER ROADWAY OR MID-BLOCK COLLISION,REAR END,STRAIGHT & LEVEL,DARK-HWY LIGHTED/ON,0,0,0,1
29836490,CAMPBELL,I 0471,Interstate,,I471 N EXIT3 OFF RAMP TO KY1892,,,39.08181723,-84.46958497,0.34,3/19/2022 0:00,1742,2,2,0,2,C,CLOUDY,DRY,0,OTHER RAMP RELATED COLLISIONS NOT LISTED ABOVE,REAR END,STRAIGHT & LEVEL,DAYLIGHT,0,0,0,1
29842366,CAMPBELL,US0027,USRoute,2047,ALEXANDRIA,PIKE,,39.04427749,-84.4466773,17.383,3/20/2022 0:00,1749,2,2,0,0,O,CLEAR,DRY,0,1 VEHICLE ENTERING/LEAVING ENTRANCE,ANGLE,STRAIGHT & LEVEL,DAYLIGHT,0,0,0,1
29839796,CAMPBELL,KY1120,StateRoute,776,10TH,ST,E,39.09031352,-84.48353669,1.146,3/20/2022 0:00,1410,2,2,0,0,O,CLEAR,DRY,0,1 VEHICLE ENTERING/LEAVING ENTRANCE,ANGLE,CURVE & GRADE,DAYLIGHT,0,0,0,1
29841561,CAMPBELL,KY0008,StateRoute,,KY8,,,39.0905264,-84.50002263,0.388,3/20/2022 0:00,1706,2,2,0,0,O,CLEAR,DRY,0,1 VEHICLE ENTERING/LEAVING ENTRANCE,ANGLE,STRAIGHT & LEVEL,DAYLIGHT,0,0,0,1
29842373,CAMPBELL,US0027,USRoute,2369,ALEXANDRIA,PIKE,,39.03914198,-84.44971923,16.997,3/20/2022 0:00,1759,2,2,0,0,O,CLEAR,DRY,0,REAR END IN TRAFFIC LANES BOTH VEHICLES MOVING,REAR END,CURVE & LEVEL,DAYLIGHT,0,0,0,1
29843248,CAMPBELL,,OTHR,39,BIEHL,ST,,39.07971305,-84.48959288,0.095,3/20/2022 0:00,2230,2,2,0,0,O,CLEAR,DRY,0,1 VEHICLE PARKED POSITION (NOT PARKING LOT/DRIVEWAY),SIDESWIPE-SAME DIRECTION,STRAIGHT & GRADE,DARK (UNKNOWN ROADWAY LIGHTING),0,0,0,1
29843249,CAMPBELL,US0027,USRoute,735,MONMOUTH,ST,,39.0904986,-84.49242787,21.847,3/21/2022 0:00,1603,2,2,0,0,O,CLEAR,DRY,0,1 VEHICLE PARKED POSITION (NOT PARKING LOT/DRIVEWAY),BACKING,STRAIGHT & LEVEL,DAYLIGHT,0,0,0,1
29841562,CAMPBELL,,OTHR,,BRIGHTON,ST,,39.08188707,-84.49682288,0.156,3/21/2022 0:00,836,2,2,0,0,O,CLEAR,DRY,0,ANGLE COLLISION - OTHER,ANGLE,STRAIGHT & LEVEL,DAYLIGHT,0,0,0,1
29877285,CAMPBELL,US0027,USRoute,,ALEXANDRIA,PIKE,,39.03493762,-84.45390839,16.608,3/21/2022 0:00,1730,2,2,0,0,O,CLEAR,DRY,0,SIDESWIPE-SAME DIRECTION,SIDESWIPE-SAME DIRECTION,STRAIGHT & LEVEL,DAYLIGHT,0,0,0,1
29861315,CAMPBELL,US0027,USRoute,,MONMOUTH,ST,,39.08389787,-84.48376119,21.213,3/21/2022 0:00,1656,2,2,0,0,O,CLEAR,DRY,1,SIDESWIPE COLLISION - SAME DIRECTION,SIDESWIPE-SAME DIRECTION,STRAIGHT & LEVEL,DAYLIGHT,0,0,0,1
29842107,CAMPBELL,KY1120,StateRoute,101,10TH,ST,E,39.08726807,-84.48874336,0.795,3/21/2022 0:00,1106,2,2,0,0,O,CLEAR,DRY,0,VEHICLE BACKING NON INTERSECTION,BACKING,STRAIGHT & LEVEL,DAYLIGHT,0,0,0,1
29847755,CAMPBELL,,OTHR,,POPLAR RIDGE,RD,,38.97360126,-84.3920122,0.012,3/21/2022 0:00,1643,1,1,0,0,O,CLEAR,DRY,0,OTHER ROADWAY OR MID-BLOCK COLLISION,SINGLE VEHICLE,STRAIGHT & LEVEL,DAYLIGHT,0,0,0,1
29863619,CAMPBELL,I 0275,Interstate,,,,,39.02518048,-84.48140927,0.304,3/22/2022 0:00,1658,2,2,0,0,O,CLOUDY,DRY,1,OTHER RAMP RELATED COLLISIONS NOT LISTED ABOVE,SIDESWIPE-SAME DIRECTION,CURVE & LEVEL,DAYLIGHT,0,0,0,1
29875162,CAMPBELL,KY0471,StateRoute,,KY471,,,39.03724684,-84.45417181,0.023,3/22/2022 0:00,1040,3,3,0,0,O,CLEAR,DRY,0,REAR END IN TRAFFIC LANES BOTH VEHICLES MOVING,REAR END,STRAIGHT & LEVEL,DAYLIGHT,0,0,0,1
29861634,CAMPBELL,,OTHR,,CROWELL,AVE,,39.05289717,-84.45245026,0.044,3/22/2022 0:00,1548,2,2,0,0,O,CLEAR,DRY,0,SIDESWIPE COLLISION - SAME DIRECTION,SIDESWIPE-SAME DIRECTION,STRAIGHT & LEVEL,DAYLIGHT,0,0,0,1
29847534,CAMPBELL,KY0915,StateRoute,,LICKING,PIKE,,38.94262897,-84.4080651,2.152,3/22/2022 0:00,1137,1,1,0,1,B,CLEAR,DRY,0,OTHER COLLISIONS ON SHOULDER,SINGLE VEHICLE,STRAIGHT & GRADE,DAYLIGHT,0,0,0,1
29849020,CAMPBELL,,OTHR,,KY9,,,38.94372529,-84.33061941,,3/22/2022 0:00,1624,2,2,0,0,O,CLOUDY,DRY,0,SIDESWIPE COLLISION - SAME DIRECTION,SIDESWIPE-SAME DIRECTION,CURVE & GRADE,DAYLIGHT,0,0,0,1
29849021,CAMPBELL,I 0275,Interstate,,I275 W,,,39.0515683,-84.44406327,74.018,3/22/2022 0:00,1801,1,1,0,0,O,CLEAR,DRY,0,COLLISION WITH ANIMAL NON INTERSECTION,SINGLE VEHICLE,STRAIGHT & LEVEL,DAYLIGHT,0,0,0,1
29849022,CAMPBELL,,OTHR,,WASHINGTON TRACE,RD,,38.89647684,-84.26994379,3.855,3/22/2022 0:00,739,1,1,0,0,O,CLOUDY,DRY,0,RAN OFF ROADWAY (1 VEHICLE WITH/EARTH EMBANKMENT/DITCH),SINGLE VEHICLE,STRAIGHT & LEVEL,DAWN,0,0,0,1
29863618,CAMPBELL,I 0275,Interstate,,I275 E,,,39.02621803,-84.47549617,76.734,3/22/2022 0:00,1634,1,1,0,1,B,CLOUDY,DRY,0,RAN OFF ROADWAY (1 VEHICLE WITH/EARTH EMBANKMENT/DITCH),SINGLE VEHICLE,STRAIGHT & GRADE,DAYLIGHT,0,0,0,1
29859752,CAMPBELL,,OTHR,,WASHINGTON,ST,,38.96082724,-84.38907071,0.333,3/23/2022 0:00,1606,2,2,0,0,O,CLEAR,DRY,0,OPPOSING LEFT TURN,OPPOSING LEFT TURN,STRAIGHT & LEVEL,DAYLIGHT,0,0,0,1
29861635,CAMPBELL,KY0008,StateRoute,,MARY INGLES,HWY,,39.02976483,-84.36420804,12.269,3/23/2022 0:00,1555,2,2,0,0,O,CLEAR,DRY,0,ANGLE COLLISION - OTHER,ANGLE,STRAIGHT & LEVEL,DAYLIGHT,0,0,0,1
29914277,CAMPBELL,,OTHR,,LAFAYETTE,AVE,,39.10003097,-84.48012775,0.54,3/23/2022 0:00,700,2,2,0,0,O,CLEAR,DRY,1,1 VEHICLE PARKED POSITION (NOT PARKING LOT/DRIVEWAY),SIDESWIPE-SAME DIRECTION,STRAIGHT & GRADE,UNKNOWN,0,0,0,1
29869215,CAMPBELL,US0027,USRoute,,ALEXANDRIA,PIKE,,38.9721673,-84.3921574,11.063,3/23/2022 0:00,753,2,2,0,1,B,CLEAR,DRY,0,OTHER INTERSECTION COLLISIONS,REAR END,STRAIGHT & LEVEL,DAYLIGHT,1,0,0,1
29859753,CAMPBELL,US0027,USRoute,,ALEXANDRIA,PIKE,,38.97324839,-84.39223096,11.138,3/23/2022 0:00,1705,2,2,0,0,O,CLOUDY,DRY,0,SIDESWIPE COLLISION - SAME DIRECTION,SIDESWIPE-SAME DIRECTION,STRAIGHT & LEVEL,DAYLIGHT,0,0,0,1
29868505,CAMPBELL,KY0915,StateRoute,7389,LICKING,PIKE,,38.99075946,-84.42251083,6.352,3/23/2022 0:00,2039,2,2,0,0,O,CLOUDY,DRY,1,REAR END IN TRAFFIC LANES BOTH VEHICLES MOVING,REAR END,CURVE & GRADE,DARK-HWY NOT LIGHTED,0,0,0,1
29863628,CAMPBELL,KY0009,StateRoute,,AA,HWY,,39.01640931,-84.47826048,17.236,3/23/2022 0:00,834,2,2,0,0,O,CLEAR,DRY,0,OTHER ROADWAY OR MID-BLOCK COLLISION,REAR END,STRAIGHT & LEVEL,DAYLIGHT,0,0,0,1
29855238,CAMPBELL,I 0471,Interstate,,I471 N,,,39.05431139,-84.46921613,0.846,3/23/2022 0:00,2110,1,1,0,0,O,CLEAR,DRY,0,OTHER ROADWAY OR MID-BLOCK COLLISION,SINGLE VEHICLE,CURVE & LEVEL,DARK-HWY LIGHTED/ON,0,0,0,1
29858918,CAMPBELL,I 0471,Interstate,,I471 N,,,39.10058507,-84.49406656,4.898,3/24/2022 0:00,903,2,2,0,0,O,CLEAR,DRY,0,REAR END IN TRAFFIC LANES BOTH VEHICLES MOVING,REAR END,STRAIGHT & LEVEL,DAYLIGHT,0,0,0,1
29861790,CAMPBELL,I 0275,Interstate,,I275 W,,,39.04817297,-84.45301453,74.555,3/24/2022 0:00,1305,1,1,0,0,O,CLEAR,DRY,0,OTHER COLLISIONS ON SHOULDER,SINGLE VEHICLE,CURVE & LEVEL,DAYLIGHT,0,0,0,1
29878217,CAMPBELL,KY0008,StateRoute,5316,MARY INGLES,HWY,,39.03333659,-84.38119127,11.318,3/24/2022 0:00,1254,2,2,0,0,O,CLEAR,DRY,1,1 VEHICLE PARKED POSITION (NOT PARKING LOT/DRIVEWAY),SIDESWIPE-SAME DIRECTION,STRAIGHT & LEVEL,UNKNOWN,0,0,0,1
29859754,CAMPBELL,,OTHR,317,BROOKWOOD,DR,,38.95385861,-84.36422675,0.44,3/24/2022 0:00,1623,2,2,0,0,O,CLOUDY,DRY,0,VEHICLE BACKING NON INTERSECTION,BACKING,STRAIGHT & GRADE,DAYLIGHT,0,0,0,1
29875031,CAMPBELL,KY0471,StateRoute,,KY471,,,39.0369666,-84.45414637,0.009,3/24/2022 0:00,2027,2,2,0,0,O,CLEAR,DRY,0,OTHER INTERSECTION COLLISIONS,REAR END,STRAIGHT & LEVEL,DARK-HWY LIGHTED/ON,1,0,0,1
29895461,CAMPBELL,,OTHR,307,PROSPECT,ST,,39.10516364,-84.48298249,0.104,3/24/2022 0:00,1700,2,1,0,0,O,CLEAR,DRY,1,1 VEHICLE PARKED POSITION (NOT PARKING LOT/DRIVEWAY),SIDESWIPE-SAME DIRECTION,STRAIGHT & GRADE,DAYLIGHT,0,0,0,1
29897613,CAMPBELL,US0027,USRoute,,YORK,ST,,39.08743329,-84.49181498,21.811,3/24/2022 0:00,1029,2,1,0,0,O,CLOUDY,DRY,1,COLLISION WITH PEDESTRIAN IN INTERSECTION,SINGLE VEHICLE,STRAIGHT & LEVEL,DAYLIGHT,1,0,1,0
29859747,CAMPBELL,,OTHR,,ST MICHAEL,DR,,39.02310897,-84.44170085,0.136,3/24/2022 0:00,1742,2,2,0,0,O,CLOUDY,DRY,0,ANGLE COLLISION - ONE VEHICLE TURNING RIGHT,ANGLE,STRAIGHT & LEVEL,DAYLIGHT,0,0,0,1
29858919,CAMPBELL,,OTHR,,11TH,ST,E,39.08620606,-84.48736113,0.008,3/24/2022 0:00,1454,2,2,0,0,O,CLEAR,DRY,0,SIDESWIPE-SAME DIRECTION,SIDESWIPE-SAME DIRECTION,STRAIGHT & HILLCREST,DAYLIGHT,0,0,0,1