IncidentID,County,RdwyNumber,RdwyType,Street,RoadwayName,StreetSfx,StreetDir,Latitude,Longitude,Milepoint,CollisionDate,CollisionTime,UnitsInvolved,MotorVehiclesInvolved,NumberKilled,NumberInjured,KABCO,Weather,RdwyConditionCode,HitandRun,DirAnalysisCode,MannerofCollision,RdwyCharacter,LightCondition,Intersection Crash,Bicyclist,Pedestrian,Motor Vehicles
29875034,CAMPBELL,US0027,USRoute,,ALEXANDRIA,PIKE,,39.03137451,-84.45206829,16.332,3/25/2022 0:00,1659,2,2,0,0,O,CLEAR,DRY,0,OTHER INTERSECTION COLLISIONS,REAR END,STRAIGHT & LEVEL,DAYLIGHT,1,0,0,1
29869945,CAMPBELL,KY1120,StateRoute,,MEMORIAL,PKWY,,39.09075174,-84.45711191,2.863,3/25/2022 0:00,1500,1,1,0,0,O,CLOUDY,DRY,0,COLLISION WITH ANIMAL NON INTERSECTION,SINGLE VEHICLE,STRAIGHT & LEVEL,DAYLIGHT,0,0,0,1
29869009,CAMPBELL,US0027,USRoute,,MONMOUTH,ST,,39.08615543,-84.48742111,21.46,3/25/2022 0:00,2116,1,1,0,0,O,CLOUDY,WET,0,COLLISION WITH FIXED OBJECT NON - INTERSECTION - FIRST EVENT COLLISION 09 - 32 EXCLUDING 16,SINGLE VEHICLE,STRAIGHT & LEVEL,DARK-HWY LIGHTED/ON,0,0,0,1
29888692,CAMPBELL,KY0915,StateRoute,,CAMEL,XING,,38.91967699,-84.39485778,0.244,3/25/2022 0:00,1422,2,2,0,0,O,CLEAR,DRY,0,SIDESWIPE COLLISION - SAME DIRECTION,SIDESWIPE-SAME DIRECTION,STRAIGHT & LEVEL,DAYLIGHT,0,0,0,1
29862946,CAMPBELL,US0027,USRoute,,ALEXANDRIA,PIKE,,39.07076843,-84.46980491,20.005,3/25/2022 0:00,2138,2,2,0,0,O,CLOUDY,DRY,0,1 VEHICLE ENTERING/LEAVING ENTRANCE,ANGLE,STRAIGHT & HILLCREST,DARK-HWY LIGHTED/ON,0,0,0,1
29875166,CAMPBELL,I 0275,Interstate,,I275 E,,,39.03213098,-84.47052617,76.242,3/25/2022 0:00,814,2,2,0,0,O,CLOUDY,DRY,0,REAR END IN TRAFFIC LANES BOTH VEHICLES MOVING,REAR END,STRAIGHT & GRADE,DAYLIGHT,0,0,0,1
29883131,CAMPBELL,I 0275,Interstate,,I275 E,,,39.03416695,-84.47031952,76.095,3/25/2022 0:00,752,2,2,0,0,O,CLOUDY,DRY,0,OTHER ROADWAY OR MID-BLOCK COLLISION,REAR END,STRAIGHT & LEVEL,DAWN,0,0,0,1
29865877,CAMPBELL,KY0009,StateRoute,,AA,HWY,,39.01419455,-84.47620663,17.046,3/26/2022 0:00,1806,2,2,0,0,O,CLEAR,DRY,0,1 VEHICLE ENTERING/LEAVING ENTRANCE,ANGLE,STRAIGHT & LEVEL,DAYLIGHT,0,0,0,1
29865878,CAMPBELL,KY0009,StateRoute,,LICKING,PIKE,,39.02529936,-84.4806805,17.947,3/26/2022 0:00,2128,2,2,0,2,B,CLEAR,DRY,0,1 VEHICLE ENTERING/LEAVING ENTRANCE,ANGLE,STRAIGHT & LEVEL,DARK-HWY LIGHTED/ON,0,0,0,1
29869260,CAMPBELL,KY0547,StateRoute,,FOUR MILE,RD,,39.01932709,-84.37893157,5.074,3/26/2022 0:00,907,1,1,0,0,O,"SLEET, HAIL, FREEZING RAIN",WET,0,OTHER COLLISIONS ON SHOULDER,SINGLE VEHICLE,CURVE & LEVEL,DAYLIGHT,0,0,0,1
29873852,CAMPBELL,,OTHR,15,SADYE,CT,,39.08900829,-84.44931609,0.021,3/26/2022 0:00,1015,2,2,0,0,O,SNOWING,SNOW/SLUSH,0,1 VEHICLE PARKED POSITION (NOT PARKING LOT/DRIVEWAY),BACKING,STRAIGHT & GRADE,DAYLIGHT,0,0,0,1
29867529,CAMPBELL,,OTHR,405,HODGE,ST,,39.08258845,-84.49562517,0.093,3/27/2022 0:00,1914,2,2,0,0,O,CLEAR,DRY,1,1 VEHICLE PARKED POSITION (NOT PARKING LOT/DRIVEWAY),SIDESWIPE-SAME DIRECTION,STRAIGHT & LEVEL,DAYLIGHT,0,0,0,1
29871263,CAMPBELL,US0027,USRoute,7300,ALEXANDRIA,PIKE,,38.98362796,-84.40036954,12.034,3/27/2022 0:00,1723,3,3,0,0,O,CLEAR,DRY,0,REAR END IN TRAFFIC LANES BOTH VEHICLES MOVING,REAR END,STRAIGHT & GRADE,DAYLIGHT,0,0,0,1
29866759,CAMPBELL,KY1120,StateRoute,402,10TH,ST,E,39.08940261,-84.4849213,1.069,3/27/2022 0:00,1350,2,2,0,0,O,CLEAR,DRY,1,1 VEHICLE ENTERING/LEAVING ENTRANCE,ANGLE,STRAIGHT & LEVEL,DAYLIGHT,0,0,0,1
29871389,CAMPBELL,I 0471,Interstate,,I471 N,,,39.10122643,-84.49590605,5.007,3/27/2022 0:00,1453,3,3,0,1,C,CLOUDY,DRY,0,OTHER ROADWAY OR MID-BLOCK COLLISION,REAR END,STRAIGHT & LEVEL,DAYLIGHT,0,0,0,1
29884148,CAMPBELL,,OTHR,300,3RD,ST,W,39.09171448,-84.50038929,0.055,3/28/2022 0:00,1000,2,2,0,0,O,CLEAR,DRY,0,1 VEHICLE ENTERING/LEAVING ENTRANCE,ANGLE,STRAIGHT & LEVEL,DAYLIGHT,0,0,0,1
29887342,CAMPBELL,US0027,USRoute,,ALEXANDRIA,PIKE,,38.92381797,-84.39199726,7.695,3/28/2022 0:00,708,2,2,0,0,O,CLEAR,DRY,0,REAR END IN TRAFFIC LANES BOTH VEHICLES MOVING,REAR END,STRAIGHT & LEVEL,DAWN,0,0,0,1
29871390,CAMPBELL,,OTHR,200 BLOCK,8TH,ST,W,39.08696083,-84.49592096,0.243,3/28/2022 0:00,1450,2,2,0,0,O,CLEAR,DRY,1,1 VEHICLE PARKED POSITION (NOT PARKING LOT/DRIVEWAY),SIDESWIPE-SAME DIRECTION,STRAIGHT & LEVEL,DAYLIGHT,0,0,0,1
29871391,CAMPBELL,KY1892,StateRoute,13,CAROTHERS,RD,,39.08525992,-84.48038329,2.348,3/28/2022 0:00,1422,2,2,0,0,O,CLEAR,DRY,0,1 VEHICLE PARKED POSITION (NOT PARKING LOT/DRIVEWAY),SIDESWIPE-SAME DIRECTION,STRAIGHT & LEVEL,DAYLIGHT,0,0,0,1
29871388,CAMPBELL,I 0471,Interstate,,I471 S,,,39.09522461,-84.48133344,4.104,3/28/2022 0:00,844,2,2,0,0,O,CLEAR,DRY,1,SIDESWIPE-SAME DIRECTION,SIDESWIPE-SAME DIRECTION,STRAIGHT & LEVEL,DAYLIGHT,0,0,0,1
29875306,CAMPBELL,KY0009,StateRoute,,AA,HWY,,39.00972583,-84.46912137,16.531,3/28/2022 0:00,717,2,2,0,0,O,CLEAR,DRY,0,ANGLE COLLISION - ONE VEHICLE TURNING LEFT,ANGLE,STRAIGHT & LEVEL,DAYLIGHT,0,0,0,1
29875040,CAMPBELL,KY0471,StateRoute,,KY471,,,39.03732627,-84.45411467,0.026,3/28/2022 0:00,1146,2,2,0,0,O,CLEAR,DRY,0,OTHER INTERSECTION COLLISIONS,REAR END,STRAIGHT & LEVEL,DAYLIGHT,1,0,0,1
29880126,CAMPBELL,US0027,USRoute,,ALEXANDRIA,PIKE,,39.02313456,-84.44151752,15.52,3/29/2022 0:00,945,2,2,0,0,O,CLOUDY,DRY,0,OTHER ROADWAY OR MID-BLOCK COLLISION,REAR END,STRAIGHT & LEVEL,DAYLIGHT,0,0,0,1
29880553,CAMPBELL,KY0008,StateRoute,201,6TH,AVE,,39.11017803,-84.47836662,2.225,3/29/2022 0:00,1540,2,2,0,0,O,CLOUDY,DRY,0,1 VEHICLE PARKED POSITION (NOT PARKING LOT/DRIVEWAY),SIDESWIPE-SAME DIRECTION,STRAIGHT & LEVEL,DAYLIGHT,0,0,0,1
29875160,CAMPBELL,US0027,USRoute,,ALEXANDRIA,PIKE,,39.03673327,-84.45400874,16.721,3/29/2022 0:00,958,2,2,0,0,O,CLOUDY,DRY,0,OTHER INTERSECTION COLLISIONS,REAR END,STRAIGHT & LEVEL,DAYLIGHT,1,0,0,1
29887341,CAMPBELL,KY0009,StateRoute,,AA,HWY,,38.9860275,-84.39068107,11.824,3/29/2022 0:00,1128,2,2,0,0,O,CLEAR,DRY,0,SIDESWIPE COLLISION - SAME DIRECTION,SIDESWIPE-SAME DIRECTION,STRAIGHT & LEVEL,DAYLIGHT,0,0,0,1
29878157,CAMPBELL,KY0547,StateRoute,5939,FOUR MILE,RD,,39.01604663,-84.37277172,4.668,3/29/2022 0:00,645,1,1,0,0,O,CLOUDY,DRY,0,OTHER COLLISIONS ON SHOULDER,SINGLE VEHICLE,STRAIGHT & LEVEL,DAYLIGHT,0,0,0,1
29882469,CAMPBELL,US0027,USRoute,,ALEXANDRIA,PIKE,,39.07417723,-84.4738877,20.33,3/30/2022 0:00,2124,2,2,0,0,O,SEVERE CROSSWINDS,DRY,0,1 VEHICLE ENTERING/LEAVING ENTRANCE,ANGLE,STRAIGHT & LEVEL,DARK-HWY LIGHTED/ON,0,0,0,1
29897622,CAMPBELL,KY1892,StateRoute,57,CAROTHERS,RD,,39.08523127,-84.48043791,2.352,3/30/2022 0:00,1714,2,2,0,0,O,CLOUDY,DRY,0,1 VEHICLE ENTERING/LEAVING ENTRANCE,ANGLE,CURVE & GRADE,DAYLIGHT,0,0,0,1
29880269,CAMPBELL,US0027,USRoute,,YORK,ST,,39.0886175,-84.49290566,21.913,3/30/2022 0:00,1520,2,2,0,0,O,CLOUDY,DRY,0,ANGLE COLLISION - OTHER,ANGLE,STRAIGHT & LEVEL,DAYLIGHT,0,0,0,1
29880311,CAMPBELL,US0027,USRoute,,MONMOUTH,ST,,39.08612797,-84.48746792,21.463,3/30/2022 0:00,1603,2,2,0,0,O,CLOUDY,DRY,1,SIDESWIPE-SAME DIRECTION,SIDESWIPE-SAME DIRECTION,STRAIGHT & LEVEL,DAYLIGHT,0,0,0,1
29885996,CAMPBELL,,OTHR,,SPRINGHILL,DR,,39.00895617,-84.43614495,0.006,3/30/2022 0:00,1130,1,1,0,0,O,CLEAR,DRY,0,COLLISION WITH FIXED OBJECT NON - INTERSECTION - FIRST EVENT COLLISION 09 - 32 EXCLUDING 16,SINGLE VEHICLE,STRAIGHT & LEVEL,DAYLIGHT,0,0,0,1
29893807,CAMPBELL,KY0009,StateRoute,,LICKING,PIKE,,39.02455688,-84.48066595,17.886,3/30/2022 0:00,631,2,2,0,0,O,CLEAR,DRY,0,OTHER INTERSECTION COLLISIONS,REAR END,STRAIGHT & LEVEL,DARK-HWY LIGHTED/ON,1,0,0,1
29914276,CAMPBELL,KY1120,StateRoute,,MEMORIAL,PKWY,,39.09597618,-84.47196018,1.926,3/30/2022 0:00,1048,1,1,0,0,O,CLEAR,DRY,0,COLLISION WITH ANIMAL NON INTERSECTION,SINGLE VEHICLE,STRAIGHT & LEVEL,DAYLIGHT,0,0,0,1
29882468,CAMPBELL,I 0471,Interstate,,,,,39.06741427,-84.46622283,0.028,3/30/2022 0:00,1741,2,2,0,0,O,CLOUDY,DRY,0,OTHER RAMP RELATED COLLISIONS NOT LISTED ABOVE,REAR END,CURVE & GRADE,DAYLIGHT,0,0,0,1
29915324,CAMPBELL,KY0009,StateRoute,,AA,HWY,,38.98870899,-84.39519524,12.122,3/31/2022 0:00,638,2,2,0,2,B,CLEAR,DRY,0,ANGLE COLLISION - ONE VEHICLE TURNING LEFT,ANGLE,STRAIGHT & LEVEL,DARK-HWY NOT LIGHTED,0,0,0,1
29896789,CAMPBELL,US0027,USRoute,7634,ALEXANDRIA,PIKE,,38.97721826,-84.39291685,11.41,3/31/2022 0:00,804,2,2,0,0,O,RAINING,WET,0,REAR END IN TRAFFIC LANES BOTH VEHICLES MOVING,REAR END,STRAIGHT & LEVEL,DAYLIGHT,0,0,0,1
29906270,CAMPBELL,KY0709,StateRoute,,ALEXANDRIA,PIKE,E,38.98577678,-84.39782768,0.237,3/31/2022 0:00,1835,2,2,0,1,C,CLOUDY,WET,0,REAR END IN TRAFFIC LANES BOTH VEHICLES MOVING,REAR END,CURVE & GRADE,DAYLIGHT,0,0,0,1
29886832,CAMPBELL,US0027,USRoute,,ALEXANDRIA,PIKE,,39.07405269,-84.47355567,20.311,3/31/2022 0:00,1750,2,2,0,0,O,CLEAR,DRY,0,1 VEHICLE ENTERING/LEAVING ENTRANCE,ANGLE,STRAIGHT & LEVEL,DAYLIGHT,0,0,0,1
29888506,CAMPBELL,,OTHR,130,NEWPORT PAVILION,,,39.09108248,-84.47745927,0.214,3/31/2022 0:00,1730,2,2,0,0,O,CLEAR,DRY,0,VEHICLE BACKING NON INTERSECTION,BACKING,STRAIGHT & LEVEL,DAYLIGHT,0,0,0,1
29917198,CAMPBELL,I 0275,Interstate,,I275 W,,,39.04932908,-84.44891115,74.32,3/31/2022 0:00,638,1,1,0,0,O,CLOUDY,DRY,0,OTHER COLLISIONS ON SHOULDER,SINGLE VEHICLE,STRAIGHT & GRADE,DARK-HWY LIGHTED/ON,0,0,0,1
29886520,CAMPBELL,KY0008,StateRoute,,5TH,ST,W,39.08895145,-84.50062455,0.244,3/31/2022 0:00,1559,2,2,0,0,O,CLEAR,DRY,0,SIDESWIPE COLLISION - SAME DIRECTION,SIDESWIPE-SAME DIRECTION,CURVE & LEVEL,DAYLIGHT,0,0,0,1
29886523,CAMPBELL,I 0471,Interstate,,I471 N,,,39.09979263,-84.49287336,4.815,3/31/2022 0:00,1557,2,2,0,0,O,CLOUDY,DRY,1,SIDESWIPE COLLISION - SAME DIRECTION,SIDESWIPE-SAME DIRECTION,STRAIGHT & LEVEL,DAYLIGHT,0,0,0,1
29895003,CAMPBELL,KY0008,StateRoute,,MARY INGLES,HWY,,39.04143103,-84.41221257,9.548,4/1/2022 0:00,1353,2,2,0,0,O,CLEAR,DRY,0,SIDESWIPE COLLISION - OPPOSITE DIRECTION,SIDESWIPE-OPPOSITE DIRECTION,STRAIGHT & LEVEL,DAYLIGHT,0,0,0,1
29896336,CAMPBELL,KY1632,StateRoute,,MOOCK,RD,,39.05523745,-84.48153186,0.341,4/1/2022 0:00,1858,2,2,0,0,O,CLEAR,DRY,0,REAR END IN TRAFFIC LANES BOTH VEHICLES MOVING,REAR END,STRAIGHT & LEVEL,DAYLIGHT,0,0,0,1
29921084,CAMPBELL,,OTHR,3060,DANIELS,RD,,38.87490057,-84.28381941,1.589,4/1/2022 0:00,2311,4,4,0,0,O,CLEAR,DRY,1,1 VEHICLE PARKED POSITION (NOT PARKING LOT/DRIVEWAY),ANGLE,CURVE & LEVEL,DARK (UNKNOWN ROADWAY LIGHTING),0,0,0,1
29903240,CAMPBELL,US0027,USRoute,,ALEXANDRIA,PIKE,,38.98216563,-84.39739698,11.843,4/1/2022 0:00,1443,2,2,0,0,O,CLOUDY,DRY,1,OTHER INTERSECTION COLLISIONS,REAR END,STRAIGHT & LEVEL,DAYLIGHT,1,0,0,1
29889450,CAMPBELL,,OTHR,,NEWPORT PAVILION,,,39.09261242,-84.48055137,0.003,4/1/2022 0:00,1801,2,2,0,0,O,CLEAR,DRY,0,REAR END - ONE VEHICLE TURNING RIGHT,REAR END,STRAIGHT & LEVEL,DAYLIGHT,0,0,0,1
30033796,CAMPBELL,US0027,USRoute,703,MONMOUTH,ST,,39.09012,-84.4921934,21.84,4/1/2022 0:00,2250,2,2,0,0,O,CLEAR,DRY,0,1 VEHICLE PARKED POSITION (NOT PARKING LOT/DRIVEWAY),BACKING,STRAIGHT & LEVEL,DARK-HWY LIGHTED/OFF,0,0,0,1
29889449,CAMPBELL,KY1120,StateRoute,,11TH,ST,W,39.08363758,-84.49197678,0.509,4/1/2022 0:00,1909,2,2,0,0,O,CLEAR,DRY,0,OTHER ROADWAY OR MID-BLOCK COLLISION,REAR END,STRAIGHT & LEVEL,DAYLIGHT,0,0,0,1
29893379,CAMPBELL,,OTHR,15,13TH,ST,W,39.0834427,-84.48738643,0.079,4/2/2022 0:00,1637,2,2,0,0,O,CLOUDY,DRY,0,1 VEHICLE PARKED POSITION (NOT PARKING LOT/DRIVEWAY),BACKING,STRAIGHT & LEVEL,DAYLIGHT,0,0,0,1
29896337,CAMPBELL,,OTHR,,RAVINE,CIR,,39.06441357,-84.46978521,0.009,4/2/2022 0:00,1717,1,1,0,0,O,CLOUDY,DRY,0,COLLISION WITH FIXED OBJECT NON - INTERSECTION - FIRST EVENT COLLISION 09 - 32 EXCLUDING 16,SINGLE VEHICLE,STRAIGHT & GRADE,DAYLIGHT,0,0,0,1
29890951,CAMPBELL,,OTHR,,6TH,ST,E,39.09079217,-84.49489115,0.762,4/2/2022 0:00,1028,2,2,0,0,O,CLOUDY,DRY,0,VEHICLE BACKING IN INTERSECTION,BACKING,STRAIGHT & LEVEL,DAYLIGHT,1,0,0,1
29894669,CAMPBELL,US0027,USRoute,,ALEXANDRIA,PIKE,,38.93676742,-84.3944437,8.6,4/2/2022 0:00,1,1,1,0,0,O,CLEAR,DRY,1,OTHER COLLISIONS ON SHOULDER,SINGLE VEHICLE,STRAIGHT & LEVEL,DARK (UNKNOWN ROADWAY LIGHTING),0,0,0,1
29894976,CAMPBELL,US0027,USRoute,700,YORK,ST,,39.08877739,-84.49303316,21.926,4/3/2022 0:00,2018,2,2,0,0,O,CLEAR,DRY,0,SIDESWIPE COLLISION - SAME DIRECTION,SIDESWIPE-SAME DIRECTION,STRAIGHT & LEVEL,DUSK,0,0,0,1
29925650,CAMPBELL,KY0009,StateRoute,,AA,HWY,,38.99607709,-84.40448836,12.845,4/3/2022 0:00,1817,2,2,0,0,O,CLEAR,DRY,0,1 VEHICLE PARKED POSITION (NOT PARKING LOT/DRIVEWAY),REAR END,STRAIGHT & LEVEL,DAYLIGHT,0,0,0,1
29897959,CAMPBELL,,OTHR,,ANN,ST,,39.08623496,-84.49379776,0.211,4/4/2022 0:00,1216,2,2,0,0,O,CLOUDY,DRY,0,COLLISION WITH PARKED VEHICLE,SIDESWIPE-SAME DIRECTION,STRAIGHT & LEVEL,DAYLIGHT,0,0,0,1
29903839,CAMPBELL,KY0008,StateRoute,,6TH,AVE,,39.11104378,-84.47669282,2.349,4/4/2022 0:00,1859,2,2,0,0,O,CLEAR,DRY,0,SIDESWIPE COLLISION - SAME DIRECTION,SIDESWIPE-SAME DIRECTION,STRAIGHT & LEVEL,DAYLIGHT,0,0,0,1
29905713,CAMPBELL,I 0471,Interstate,,I471 S,,,39.06463147,-84.4670037,1.607,4/5/2022 0:00,956,1,1,0,0,O,RAINING,WET,0,OTHER ROADWAY OR MID-BLOCK COLLISION,SINGLE VEHICLE,STRAIGHT & LEVEL,DAYLIGHT,0,0,0,1
29904289,CAMPBELL,US0027,USRoute,,ALEXANDRIA,PIKE,,38.871054,-84.39412936,3.876,4/5/2022 0:00,1916,2,2,0,0,O,RAINING,WET,1,SIDESWIPE COLLISION - SAME DIRECTION,SIDESWIPE-SAME DIRECTION,CURVE & LEVEL,DAYLIGHT,0,0,0,1
29905714,CAMPBELL,US0027,USRoute,2301,ALEXANDRIA,PIKE,,39.07551576,-84.47689262,20.502,4/5/2022 0:00,1627,2,2,0,0,O,RAINING,WET,0,1 VEHICLE ENTERING/LEAVING ENTRANCE,ANGLE,STRAIGHT & GRADE,DAYLIGHT,0,0,0,1
29905395,CAMPBELL,I 0275,Interstate,,I275 E,,,39.02258349,-84.48892114,77.556,4/5/2022 0:00,1414,2,2,0,0,O,RAINING,WET,0,REAR END IN TRAFFIC LANES BOTH VEHICLES MOVING,REAR END,STRAIGHT & LEVEL,DAYLIGHT,0,0,0,1
29905925,CAMPBELL,I 0275,Interstate,,I275 E,,,39.02258974,-84.48884608,77.551,4/5/2022 0:00,1444,2,2,0,0,O,RAINING,WET,0,REAR END IN TRAFFIC LANES BOTH VEHICLES MOVING,REAR END,STRAIGHT & LEVEL,DAYLIGHT,0,0,0,1
29948086,CAMPBELL,,OTHR,143,TRACEY,LN,,39.05341013,-84.46562798,0.124,4/5/2022 0:00,415,2,2,0,0,O,CLEAR,DRY,0,1 VEHICLE PARKED POSITION (NOT PARKING LOT/DRIVEWAY),SIDESWIPE-OPPOSITE DIRECTION,STRAIGHT & GRADE,DARK-HWY LIGHTED/ON,0,0,0,1
29926594,CAMPBELL,,OTHR,,WASHINGTON TRACE,RD,,38.91890079,-84.28199865,2.072,4/5/2022 0:00,640,1,1,0,0,O,CLOUDY,DRY,0,RAN OFF ROADWAY (1 VEHICLE WITH/EARTH EMBANKMENT/DITCH),SINGLE VEHICLE,STRAIGHT & GRADE,DAWN,0,0,0,1
29903398,CAMPBELL,,OTHR,,PATTERSON,ST,,39.08137178,-84.49435418,0.05,4/5/2022 0:00,1424,2,2,0,0,O,RAINING,WET,0,COLLISION WITH PARKED VEHICLE,SIDESWIPE-OPPOSITE DIRECTION,STRAIGHT & LEVEL,DAYLIGHT,0,0,0,1
29905938,CAMPBELL,KY0009,StateRoute,,LICKING,PIKE,,39.02567439,-84.48063512,17.906,4/5/2022 0:00,1854,2,2,0,0,O,RAINING,WET,0,OTHER INTERSECTION COLLISIONS,REAR END,STRAIGHT & LEVEL,DAYLIGHT,1,0,0,1
29914273,CAMPBELL,,OTHR,,RIVIERA,DR,,39.0994747,-84.48605221,0.211,4/6/2022 0:00,1037,2,2,0,0,O,RAINING,WET,0,OTHER INTERSECTION COLLISIONS,REAR END,STRAIGHT & LEVEL,DAYLIGHT,1,0,0,1
29907225,CAMPBELL,,OTHR,300,6TH,ST,E,39.09323446,-84.49043278,0.472,4/6/2022 0:00,1046,2,2,0,0,O,RAINING,WET,0,1 VEHICLE PARKED POSITION (NOT PARKING LOT/DRIVEWAY),SIDESWIPE-SAME DIRECTION,STRAIGHT & LEVEL,DAYLIGHT,0,0,0,1
29915325,CAMPBELL,US0027,USRoute,,ALEXANDRIA,PIKE,,38.98374503,-84.40057698,12.048,4/6/2022 0:00,1851,2,2,0,0,O,CLOUDY,WET,0,REAR END IN TRAFFIC LANES BOTH VEHICLES MOVING,REAR END,STRAIGHT & HILLCREST,DAYLIGHT,0,0,0,1
29917961,CAMPBELL,KY1120,StateRoute,500,11TH,ST,W,39.08127447,-84.496273,0.228,4/6/2022 0:00,1652,3,3,0,0,O,RAINING,WET,1,REAR END IN TRAFFIC LANES BOTH VEHICLES MOVING,REAR END,STRAIGHT & GRADE,DAYLIGHT,0,0,0,1
29917962,CAMPBELL,I 0471,Interstate,,I471 N,,,39.0954252,-84.48139705,4.109,4/6/2022 0:00,1632,2,2,0,0,O,CLOUDY,WET,0,REAR END IN TRAFFIC LANES BOTH VEHICLES MOVING,REAR END,STRAIGHT & LEVEL,DAYLIGHT,0,0,0,1
29917960,CAMPBELL,US0027,USRoute,100,3RD,ST,E,39.09404419,-84.49641005,22.217,4/6/2022 0:00,1658,2,2,0,0,O,CLEAR,WET,0,SIDESWIPE COLLISION - SAME DIRECTION,SIDESWIPE-SAME DIRECTION,CURVE & LEVEL,DAYLIGHT,0,0,0,1
29912481,CAMPBELL,KY0547,StateRoute,5734,FOUR MILE,RD,,39.01893368,-84.37926267,4.961,4/7/2022 0:00,1900,1,1,0,0,O,CLOUDY,WET,0,OTHER ROADWAY OR MID-BLOCK COLLISION,SINGLE VEHICLE,CURVE & LEVEL,DAYLIGHT,0,0,0,1
29924709,CAMPBELL,KY0009,StateRoute,,AA,HWY,,39.01977628,-84.48146076,17.525,4/7/2022 0:00,1552,2,2,0,0,O,CLEAR,DRY,0,REAR END IN TRAFFIC LANES BOTH VEHICLES MOVING,REAR END,CURVE & GRADE,DAYLIGHT,0,0,0,1
29915326,CAMPBELL,,OTHR,172,RIDGEWOOD,DR,,38.95660952,-84.34666049,1.108,4/7/2022 0:00,623,2,2,0,0,O,CLEAR,DRY,0,1 VEHICLE PARKED POSITION (NOT PARKING LOT/DRIVEWAY),REAR END,STRAIGHT & LEVEL,DAWN,0,0,0,1
29962194,CAMPBELL,KY0547,StateRoute,,FOUR MILE,RD,,38.98429855,-84.36356225,2.328,4/7/2022 0:00,45,1,1,1,1,K,FOG,WET,0,RAN OFF ROADWAY (1 VEHICLE WITH/EARTH EMBANKMENT/DITCH),SINGLE VEHICLE,CURVE & GRADE,DARK-HWY NOT LIGHTED,0,0,0,1
29924710,CAMPBELL,I 0275,Interstate,,I275 E,,,39.02255987,-84.48616895,77.392,4/7/2022 0:00,2132,1,1,0,0,O,CLEAR,WET,0,COLLISION WITH NON-FIXED OBJECT ,SINGLE VEHICLE,STRAIGHT & LEVEL,DARK-HWY LIGHTED/ON,0,0,0,1
30006322,CAMPBELL,US0027,USRoute,2625,ALEXANDRIA,PIKE,,39.0354665,-84.45402552,16.612,4/7/2022 0:00,730,2,2,0,0,O,CLEAR,DRY,0,1 VEHICLE PARKED POSITION (NOT PARKING LOT/DRIVEWAY),BACKING,STRAIGHT & LEVEL,DAWN,0,0,0,1
29915327,CAMPBELL,US0027,USRoute,,ALEXANDRIA,PIKE,,38.98578535,-84.40287905,12.246,4/7/2022 0:00,830,2,2,0,0,O,CLEAR,DRY,0,OTHER INTERSECTION COLLISIONS,REAR END,STRAIGHT & HILLCREST,DAYLIGHT,1,0,0,1
29931823,CAMPBELL,KY0008,StateRoute,,DAVE COWENS,DR,,39.09877737,-84.49198995,1.128,4/8/2022 0:00,1834,4,4,0,0,O,RAINING,WET,0,ANGLE COLLISION - OTHER,ANGLE,STRAIGHT & LEVEL,DAYLIGHT,0,0,0,1
29928911,CAMPBELL,KY0009,StateRoute,,12TH,ST,W,39.07929935,-84.49628525,22.005,4/8/2022 0:00,1251,2,2,0,0,O,RAINING,WET,0,ANGLE COLLISION - OTHER,ANGLE,CURVE & GRADE,DAYLIGHT,0,0,0,1
29921086,CAMPBELL,KY1121,StateRoute,9866,PERSIMMON GROVE,PIKE,,38.91779807,-84.35566865,6.751,4/8/2022 0:00,2020,1,1,0,1,B,CLOUDY,WET,0,RAN OFF ROADWAY (1 VEHICLE WITH/EARTH EMBANKMENT/DITCH),SINGLE VEHICLE,CURVE & GRADE,DARK (UNKNOWN ROADWAY LIGHTING),0,0,0,1
29926595,CAMPBELL,KY0009,StateRoute,,AA,HWY,,38.90502659,-84.27938027,,4/8/2022 0:00,620,2,2,0,0,O,CLOUDY,DRY,0,REAR END IN TRAFFIC LANES BOTH VEHICLES MOVING,REAR END,STRAIGHT & GRADE,DAWN,0,0,0,1
29924183,CAMPBELL,,OTHR,,FT THOMAS,AVE,N,39.08692115,-84.44927632,0.47,4/8/2022 0:00,1247,2,2,0,0,O,CLOUDY,DRY,0,1 VEHICLE ENTERING/LEAVING ENTRANCE,ANGLE,STRAIGHT & GRADE,DAYLIGHT,0,0,0,1
29915387,CAMPBELL,US0027,USRoute,2100,MONMOUTH,ST,,39.07828556,-84.47976401,20.797,4/8/2022 0:00,1425,2,2,0,0,O,CLOUDY,DRY,0,1 VEHICLE ENTERING/LEAVING ENTRANCE,ANGLE,CURVE & GRADE,DAYLIGHT,0,0,0,1
29917959,CAMPBELL,,OTHR,200,3RD,ST,W,39.0916048,-84.50055334,0.043,4/9/2022 0:00,913,2,2,0,0,O,RAINING,WET,0,1 VEHICLE ENTERING/LEAVING ENTRANCE,ANGLE,CURVE & LEVEL,DAYLIGHT,0,0,0,1
29919337,CAMPBELL,,OTHR,917,PARK,AVE,,39.09114292,-84.48469048,0.299,4/9/2022 0:00,1938,2,2,0,0,O,CLEAR,DRY,1,1 VEHICLE PARKED POSITION (NOT PARKING LOT/DRIVEWAY),SIDESWIPE-SAME DIRECTION,STRAIGHT & LEVEL,DAYLIGHT,0,0,0,1