IncidentID,County,RdwyNumber,RdwyType,Street,RoadwayName,StreetSfx,StreetDir,Latitude,Longitude,Milepoint,CollisionDate,CollisionTime,UnitsInvolved,MotorVehiclesInvolved,NumberKilled,NumberInjured,KABCO,Weather,RdwyConditionCode,HitandRun,DirAnalysisCode,MannerofCollision,RdwyCharacter,LightCondition,Intersection Crash,Bicyclist,Pedestrian,Motor Vehicles
29924182,CAMPBELL,I 0471,Interstate,,I471 S,,,39.09532052,-84.4814119,4.112,4/9/2022 0:00,2255,2,2,0,0,O,CLEAR,DRY,0,REAR END IN TRAFFIC LANES BOTH VEHICLES MOVING,REAR END,CURVE & LEVEL,DARK-HWY LIGHTED/ON,0,0,0,1
29924714,CAMPBELL,US0027,USRoute,,ALEXANDRIA,PIKE,,39.00410687,-84.42436471,13.92,4/9/2022 0:00,1421,2,2,0,1,C,CLOUDY,DRY,0,REAR END IN TRAFFIC LANES BOTH VEHICLES MOVING,REAR END,STRAIGHT & LEVEL,DAYLIGHT,0,0,0,1
29918780,CAMPBELL,,OTHR,,NEWPORT PAVILION,,,39.0880992,-84.4760191,0.462,4/9/2022 0:00,1903,2,2,0,0,O,CLOUDY,DRY,0,REAR END IN TRAFFIC LANES BOTH VEHICLES MOVING,REAR END,STRAIGHT & LEVEL,DAYLIGHT,0,0,0,1
29920162,CAMPBELL,KY0009,StateRoute,,AA,HWY,,39.00751061,-84.45763691,15.906,4/9/2022 0:00,748,1,1,0,0,O,CLOUDY,WET,0,COLLISION WITH ANIMAL NON INTERSECTION,SINGLE VEHICLE,STRAIGHT & GRADE,DAYLIGHT,0,0,0,1
29924169,CAMPBELL,KY0009,StateRoute,,AA,HWY,,38.99924344,-84.40836349,13.147,4/9/2022 0:00,1113,1,1,0,0,O,CLOUDY,DRY,0,COLLISION WITH ANIMAL IN INTERSECTION,SINGLE VEHICLE,STRAIGHT & GRADE,DAYLIGHT,1,0,0,1
29919339,CAMPBELL,KY0008,StateRoute,,DAVE COWENS,DR,,39.09952343,-84.49121928,1.231,4/9/2022 0:00,2129,2,2,0,0,O,CLEAR,DRY,0,SIDESWIPE-SAME DIRECTION,SIDESWIPE-SAME DIRECTION,STRAIGHT & LEVEL,DARK-HWY NOT LIGHTED,0,0,0,1
29928248,CAMPBELL,US0027,USRoute,2301,ALEXANDRIA,PIKE,,39.07546373,-84.47679277,20.499,4/10/2022 0:00,1950,1,1,0,0,O,CLOUDY,DRY,0,COLLISION WITH FIXED OBJECT NON - INTERSECTION - FIRST EVENT COLLISION 09 - 32 EXCLUDING 16,SINGLE VEHICLE,STRAIGHT & LEVEL,DAYLIGHT,0,0,0,1
29925708,CAMPBELL,US0027,USRoute,300,MONMOUTH,ST,,39.09397008,-84.49570032,22.17,4/10/2022 0:00,200,2,2,0,0,O,CLOUDY,DRY,1,1 VEHICLE PARKED POSITION (NOT PARKING LOT/DRIVEWAY),SIDESWIPE-SAME DIRECTION,STRAIGHT & GRADE,DARK-HWY LIGHTED/ON,0,0,0,1
29920431,CAMPBELL,,OTHR,323,KETURAH,ST,,39.08556149,-84.49712597,0.133,4/10/2022 0:00,730,2,2,0,0,O,CLEAR,DRY,1,1 VEHICLE PARKED POSITION (NOT PARKING LOT/DRIVEWAY),SIDESWIPE-SAME DIRECTION,STRAIGHT & LEVEL,UNKNOWN,0,0,0,1
29920509,CAMPBELL,,OTHR,200,7TH,ST,W,39.08853743,-84.49635569,0.155,4/10/2022 0:00,1540,2,2,0,0,O,CLEAR,DRY,0,1 VEHICLE PARKED POSITION (NOT PARKING LOT/DRIVEWAY),REAR END,STRAIGHT & LEVEL,DAYLIGHT,0,0,0,1
29937765,CAMPBELL,KY1120,StateRoute,,FT THOMAS,AVE,S,39.07701816,-84.44747316,4.353,4/10/2022 0:00,1807,2,2,0,0,O,CLEAR,DRY,0,SIDESWIPE COLLISION - SAME DIRECTION,SIDESWIPE-SAME DIRECTION,STRAIGHT & LEVEL,DAYLIGHT,0,0,0,1
29926561,CAMPBELL,KY1892,StateRoute,,GRAND,AVE,,39.08637452,-84.47718696,2.149,4/11/2022 0:00,1943,2,2,0,2,C,RAINING,WET,0,1 VEHICLE ENTERING/LEAVING ENTRANCE,ANGLE,STRAIGHT & GRADE,DUSK,0,0,0,1
29925662,CAMPBELL,I 0471,Interstate,,I471 N,,,39.09969899,-84.49289899,4.812,4/11/2022 0:00,1415,2,2,0,0,O,RAINING,WET,0,REAR END IN TRAFFIC LANES BOTH VEHICLES MOVING,REAR END,STRAIGHT & LEVEL,DAYLIGHT,0,0,0,1
29927836,CAMPBELL,,OTHR,91,STRATHMORE,AVE,,39.09261516,-84.45177451,0.058,4/11/2022 0:00,702,2,2,0,0,O,CLOUDY,DRY,0,1 VEHICLE PARKED POSITION (NOT PARKING LOT/DRIVEWAY),HEAD ON,CURVE & HILLCREST,DAWN,0,0,0,1
31461207,CAMPBELL,,OTHR,,LAFAYETTE,AVE,,39.10196518,-84.482168,0.354,4/11/2022 0:00,1102,2,2,0,0,O,RAINING,WET,0,SIDESWIPE-SAME DIRECTION,SIDESWIPE-SAME DIRECTION,STRAIGHT & HILLCREST,DAYLIGHT,0,0,0,1
29925706,CAMPBELL,KY0008,StateRoute,,4TH,ST,W,39.09153372,-84.49754131,0.451,4/11/2022 0:00,1127,2,2,0,0,O,CLOUDY,DRY,0,ANGLE COLLISION - ONE VEHICLE TURNING LEFT,ANGLE,STRAIGHT & LEVEL,DAYLIGHT,0,0,0,1
29935799,CAMPBELL,KY0010,StateRoute,9241,FLAGG SPRINGS,PIKE,,38.94531376,-84.34819715,,4/12/2022 0:00,1500,1,1,0,0,O,CLOUDY,DRY,0,COLLISION WITH FIXED OBJECT NON - INTERSECTION - FIRST EVENT COLLISION 09 - 32 EXCLUDING 16,SINGLE VEHICLE,STRAIGHT & LEVEL,DAYLIGHT,0,0,0,1
29931824,CAMPBELL,KY1120,StateRoute,101,10TH,ST,E,39.08723068,-84.48881929,0.788,4/12/2022 0:00,1746,2,2,0,0,O,CLEAR,DRY,0,VEHICLE BACKING IN INTERSECTION,BACKING,STRAIGHT & LEVEL,DAYLIGHT,1,0,0,1
29935374,CAMPBELL,US0027,USRoute,,ALEXANDRIA,PIKE,,39.03696827,-84.45394886,16.733,4/12/2022 0:00,1559,2,2,0,0,O,CLOUDY,DRY,0,OTHER INTERSECTION COLLISIONS,REAR END,STRAIGHT & LEVEL,DAYLIGHT,1,0,0,1
29948694,CAMPBELL,KY0009,StateRoute,,AA,HWY,,39.01530475,-84.47705151,17.135,4/12/2022 0:00,1752,2,2,0,0,O,CLEAR,DRY,0,REAR END IN TRAFFIC LANES BOTH VEHICLES MOVING,REAR END,STRAIGHT & LEVEL,DAYLIGHT,0,0,0,1
29936084,CAMPBELL,US0027,USRoute,13455,ALEXANDRIA,PIKE,,38.84047797,-84.37203693,1.401,4/12/2022 0:00,2039,4,4,0,1,B,CLEAR,DRY,0,REAR END IN TRAFFIC LANES BOTH VEHICLES MOVING,REAR END,STRAIGHT & LEVEL,DARK-HWY NOT LIGHTED,0,0,0,1
29932096,CAMPBELL,I 0471,Interstate,,I471 N,,,39.09976845,-84.49301081,4.82,4/12/2022 0:00,730,3,3,0,0,O,CLOUDY,DRY,0,REAR END IN TRAFFIC LANES BOTH VEHICLES MOVING,REAR END,STRAIGHT & LEVEL,DAYLIGHT,0,0,0,1
29931839,CAMPBELL,,OTHR,,DAVE COWENS,DR,,39.09683335,-84.49423688,0.001,4/12/2022 0:00,2213,2,2,0,0,O,CLEAR,DRY,0,SIDESWIPE COLLISION - SAME DIRECTION,SIDESWIPE-SAME DIRECTION,STRAIGHT & LEVEL,DARK-HWY LIGHTED/ON,0,0,0,1
29952634,CAMPBELL,US0027,USRoute,,ALEXANDRIA,PIKE,,39.02526507,-84.44546893,15.767,4/12/2022 0:00,1704,2,1,0,0,O,CLEAR,DRY,1,SIDESWIPE COLLISION - SAME DIRECTION,SIDESWIPE-SAME DIRECTION,STRAIGHT & LEVEL,DAYLIGHT,0,0,0,1
29935420,CAMPBELL,US0027,USRoute,,ALEXANDRIA,PIKE,,39.01978862,-84.43773972,15.199,4/12/2022 0:00,1704,2,2,0,1,B,CLEAR,DRY,0,HEAD-ON COLLISION,HEAD ON,STRAIGHT & LEVEL,DAYLIGHT,0,0,0,1
29935798,CAMPBELL,I 0275,Interstate,,,,,39.04704882,-84.46470077,0.273,4/12/2022 0:00,1845,1,1,0,0,O,CLEAR,DRY,0,OTHER RAMP RELATED COLLISIONS NOT LISTED ABOVE,SINGLE VEHICLE,CURVE & GRADE,DAYLIGHT,0,0,0,1
29935796,CAMPBELL,KY1998,StateRoute,,INDUSTRIAL,RD,,39.04396956,-84.42054671,3.891,4/13/2022 0:00,1616,2,2,0,0,O,RAINING,WATER (STANDING OR MOVING),0,REAR END IN TRAFFIC LANES BOTH VEHICLES MOVING,REAR END,CURVE & LEVEL,DAYLIGHT,0,0,0,1
29948968,CAMPBELL,,OTHR,342,DIVISION,ST,,39.10434682,-84.48021358,0.007,4/13/2022 0:00,1310,1,1,0,0,O,CLEAR,WET,1,1 VEHICLE PARKED POSITION (NOT PARKING LOT/DRIVEWAY),SINGLE VEHICLE,STRAIGHT & LEVEL,UNKNOWN,0,0,0,1
29978888,CAMPBELL,,OTHR,,5TH,AVE,,39.11435519,-84.46700579,0.344,4/13/2022 0:00,700,2,1,0,0,O,CLOUDY,DRY,1,1 VEHICLE PARKED POSITION (NOT PARKING LOT/DRIVEWAY),SIDESWIPE-SAME DIRECTION,STRAIGHT & LEVEL,DAYLIGHT,0,0,0,1
29958078,CAMPBELL,I 0471,Interstate,,,,,39.10037426,-84.48904673,0.504,4/14/2022 0:00,1530,2,2,0,0,O,CLEAR,DRY,0,OTHER RAMP RELATED COLLISIONS NOT LISTED ABOVE,REAR END,STRAIGHT & LEVEL,DAYLIGHT,0,0,0,1
29940467,CAMPBELL,,OTHR,,PARK,AVE,,39.09799281,-84.492863,0.352,4/14/2022 0:00,2315,2,2,0,0,O,CLEAR,DRY,0,OTHER ROADWAY OR MID-BLOCK COLLISION,REAR END,STRAIGHT & LEVEL,DARK-HWY LIGHTED/ON,0,0,0,1
29941635,CAMPBELL,US0027,USRoute,,ALEXANDRIA,PIKE,,39.07076064,-84.46984608,20.003,4/14/2022 0:00,1534,1,1,0,0,O,CLEAR,DRY,0,COLLISION WITH FIXED OBJECT NON - INTERSECTION - FIRST EVENT COLLISION 09 - 32 EXCLUDING 16,SINGLE VEHICLE,STRAIGHT & HILLCREST,DAYLIGHT,0,0,0,1
29937097,CAMPBELL,,OTHR,,MARIE,DR,,38.92740154,-84.41130506,0.096,4/14/2022 0:00,106,1,1,0,0,O,RAINING,WET,0,OTHER COLLISIONS ON SHOULDER,SINGLE VEHICLE,STRAIGHT & GRADE,DARK-HWY NOT LIGHTED,0,0,0,1
29942321,CAMPBELL,I 0471,Interstate,,I471 N,,,39.10034037,-84.49412995,4.893,4/14/2022 0:00,1549,2,2,0,0,O,CLEAR,DRY,0,REAR END IN TRAFFIC LANES BOTH VEHICLES MOVING,REAR END,STRAIGHT & LEVEL,DAYLIGHT,0,0,0,1
29948979,CAMPBELL,,OTHR,,RIVIERA,DR,,39.10086964,-84.48775421,0.082,4/15/2022 0:00,1634,2,2,0,0,O,CLEAR,DRY,0,1 VEHICLE ENTERING/LEAVING ENTRANCE,ANGLE,STRAIGHT & LEVEL,DAYLIGHT,0,0,0,1
29944991,CAMPBELL,KY0471,StateRoute,,KY471,,,39.03702971,-84.45413104,0.004,4/15/2022 0:00,1319,2,2,0,0,O,CLOUDY,DRY,0,SIDESWIPE COLLISION - SAME DIRECTION,SIDESWIPE-SAME DIRECTION,STRAIGHT & LEVEL,DAYLIGHT,0,0,0,1
29957520,CAMPBELL,US0027,USRoute,,3RD,ST,E,39.09414019,-84.49601117,22.194,4/15/2022 0:00,1634,2,2,0,0,O,CLEAR,DRY,0,OTHER INTERSECTION COLLISIONS,REAR END,STRAIGHT & LEVEL,DAYLIGHT,1,0,0,1
29942715,CAMPBELL,,OTHR,,BRIGHTON,ST,,39.0830897,-84.49790115,0.257,4/15/2022 0:00,1306,2,2,0,0,O,CLEAR,DRY,0,SIDESWIPE-SAME DIRECTION,SIDESWIPE-SAME DIRECTION,STRAIGHT & LEVEL,DAYLIGHT,0,0,0,1
29946849,CAMPBELL,US0027,USRoute,,ALEXANDRIA,PIKE,,38.89171998,-84.38580255,5.397,4/15/2022 0:00,1722,1,1,0,0,O,CLOUDY,DRY,0,COLLISION WITH ANIMAL NON INTERSECTION,SINGLE VEHICLE,STRAIGHT & LEVEL,DAYLIGHT,0,0,0,1
29946087,CAMPBELL,,OTHR,,PARK,AVE,,39.09800525,-84.49288317,0.353,4/16/2022 0:00,1318,2,2,0,0,O,CLOUDY,DRY,0,REAR END - ONE VEHICLE TURNING RIGHT,REAR END,STRAIGHT & GRADE,DAYLIGHT,0,0,0,1
29985620,CAMPBELL,,OTHR,,POPLAR RIDGE,RD,,38.97494206,-84.38589075,0.357,4/16/2022 0:00,2313,1,1,0,0,O,CLEAR,DRY,1,COLLISION WITH FIXED OBJECT IN INTERSECTION - FIRST EVENT COLLISION 09 - 32,SINGLE VEHICLE,STRAIGHT & LEVEL,DARK-HWY LIGHTED/ON,1,0,0,1
29947352,CAMPBELL,KY1892,StateRoute,,GRAND,AVE,,39.08541491,-84.47466724,1.988,4/16/2022 0:00,1935,2,2,0,0,O,CLEAR,DRY,0,OTHER INTERSECTION COLLISIONS,REAR END,STRAIGHT & LEVEL,DAYLIGHT,1,0,0,1
29948976,CAMPBELL,,OTHR,,WALNUT,ST,,39.10262697,-84.47924974,0.15,4/16/2022 0:00,904,2,2,0,0,O,CLEAR,DRY,0,1 VEHICLE PARKED POSITION (NOT PARKING LOT/DRIVEWAY),BACKING,STRAIGHT & LEVEL,DAYLIGHT,0,0,0,1
29953365,CAMPBELL,,OTHR,312,9TH,ST,W,39.08505965,-84.49619899,0.288,4/16/2022 0:00,1442,2,2,0,0,O,CLEAR,DRY,1,1 VEHICLE PARKED POSITION (NOT PARKING LOT/DRIVEWAY),SIDESWIPE-SAME DIRECTION,STRAIGHT & LEVEL,DAYLIGHT,0,0,0,1
29948087,CAMPBELL,US0027,USRoute,2431,ALEXANDRIA,PIKE,,39.07336024,-84.47228655,20.228,4/16/2022 0:00,1915,2,2,0,0,O,CLEAR,DRY,0,1 VEHICLE ENTERING/LEAVING ENTRANCE,ANGLE,STRAIGHT & HILLCREST,DAYLIGHT,0,0,0,1
29950489,CAMPBELL,US0027,USRoute,,ALEXANDRIA,PIKE,,39.02462347,-84.44359585,15.658,4/17/2022 0:00,2309,2,2,0,0,O,CLEAR,DRY,0,1 VEHICLE ENTERING/LEAVING ENTRANCE,ANGLE,STRAIGHT & LEVEL,DARK-HWY LIGHTED/ON,0,0,0,1
29951914,CAMPBELL,,OTHR,,HIGHLAND,AVE,,39.0759378,-84.46103742,0.603,4/17/2022 0:00,1736,2,2,0,0,O,CLEAR,DRY,0,SIDESWIPE COLLISION - OPPOSITE DIRECTION,SIDESWIPE-OPPOSITE DIRECTION,STRAIGHT & LEVEL,DAYLIGHT,0,0,0,1
29949301,CAMPBELL,,OTHR,312,9TH,ST,W,39.0849801,-84.49630691,0.256,4/17/2022 0:00,2026,2,2,0,0,O,CLEAR,DRY,0,1 VEHICLE PARKED POSITION (NOT PARKING LOT/DRIVEWAY),SIDESWIPE-SAME DIRECTION,STRAIGHT & LEVEL,DUSK,0,0,0,1
29950396,CAMPBELL,KY1996,StateRoute,,STEVENS BRANCH,RD,,38.91714284,-84.35249759,0.085,4/17/2022 0:00,959,2,2,0,0,O,CLEAR,DRY,0,OPPOSITE DIRECTION - BOTH VEHICLES GOING STRAIGHT AHEAD,SIDESWIPE-OPPOSITE DIRECTION,STRAIGHT & LEVEL,DAYLIGHT,0,0,0,1
29954693,CAMPBELL,,OTHR,,LAFAYETTE,AVE,,39.1006265,-84.48077114,0.473,4/17/2022 0:00,1214,2,2,0,0,O,CLEAR,DRY,0,COLLISION WITH PARKED VEHICLE,SIDESWIPE-SAME DIRECTION,STRAIGHT & LEVEL,DAYLIGHT,0,0,0,1
29953362,CAMPBELL,,OTHR,,9TH,ST,W,39.08556587,-84.49520773,0.223,4/17/2022 0:00,1335,2,2,0,1,C,CLOUDY,DRY,0,ANGLE COLLISION - OTHER,ANGLE,STRAIGHT & LEVEL,DAYLIGHT,0,0,0,1
29950267,CAMPBELL,,OTHR,,7TH,ST,E,39.08973967,-84.49342995,0.631,4/17/2022 0:00,1215,3,3,0,0,O,CLEAR,DRY,0,1 VEHICLE PARKED POSITION (NOT PARKING LOT/DRIVEWAY),SIDESWIPE-SAME DIRECTION,STRAIGHT & LEVEL,DAYLIGHT,0,0,0,1
29949374,CAMPBELL,KY0009,StateRoute,,AA,HWY,,38.92330069,-84.2957396,4.921,4/17/2022 0:00,625,1,1,0,0,O,CLEAR,DRY,0,COLLISION WITH ANIMAL NON INTERSECTION,SINGLE VEHICLE,CURVE & LEVEL,DAWN,0,0,0,1
29954460,CAMPBELL,KY0009,StateRoute,,AA,HWY,,38.93743275,-84.31902259,6.517,4/17/2022 0:00,519,1,1,0,0,O,CLEAR,DRY,0,COLLISION WITH ANIMAL NON INTERSECTION,SINGLE VEHICLE,STRAIGHT & LEVEL,DAWN,0,0,0,1
29954454,CAMPBELL,US0027,USRoute,,ALEXANDRIA,PIKE,,38.85802929,-84.38744039,2.873,4/18/2022 0:00,538,2,2,0,0,O,RAINING,WET,0,1 VEHICLE PARKED POSITION (NOT PARKING LOT/DRIVEWAY),REAR END,STRAIGHT & LEVEL,DARK-HWY NOT LIGHTED,0,0,0,1
29965735,CAMPBELL,KY0009,StateRoute,,AA,HWY,,38.98874482,-84.3949393,12.122,4/18/2022 0:00,802,2,2,0,0,O,RAINING,WET,0,OTHER INTERSECTION COLLISIONS,REAR END,STRAIGHT & GRADE,DAYLIGHT,1,0,0,1
29952923,CAMPBELL,,OTHR,,NEWPORT PAVILION,,,39.08837102,-84.47572692,0.427,4/18/2022 0:00,1406,2,2,0,0,O,CLEAR,DRY,0,SIDESWIPE-SAME DIRECTION,SIDESWIPE-SAME DIRECTION,STRAIGHT & LEVEL,DAYLIGHT,0,0,0,1
29953364,CAMPBELL,,OTHR,939,ANN,ST,,39.08573387,-84.49328942,0.255,4/18/2022 0:00,1223,2,2,0,0,O,RAINING,WET,1,1 VEHICLE PARKED POSITION (NOT PARKING LOT/DRIVEWAY),SIDESWIPE-SAME DIRECTION,STRAIGHT & LEVEL,DAYLIGHT,0,0,0,1
29955000,CAMPBELL,US0027,USRoute,811,MONMOUTH,ST,,39.08912203,-84.49119615,21.752,4/18/2022 0:00,2212,2,2,0,0,O,RAINING,WET,1,SIDESWIPE COLLISION - OPPOSITE DIRECTION,SIDESWIPE-OPPOSITE DIRECTION,STRAIGHT & LEVEL,DARK-HWY LIGHTED/ON,0,0,0,1
29966444,CAMPBELL,,OTHR,909,CAMEL CROSSING,,,38.91827078,-84.39469282,,4/18/2022 0:00,715,2,2,0,0,O,RAINING,WET,0,VEHICLE BACKING NON INTERSECTION,BACKING,STRAIGHT & LEVEL,DAWN,0,0,0,1
29961868,CAMPBELL,US0027,USRoute,,,,,39.00350878,-84.42291808,0.536,4/18/2022 0:00,1341,2,2,0,0,O,CLOUDY,DRY,0,OTHER RAMP RELATED COLLISIONS NOT LISTED ABOVE,REAR END,STRAIGHT & LEVEL,DAYLIGHT,0,0,0,1
29989915,CAMPBELL,US0027,USRoute,,ALEXANDRIA,PIKE,,38.9831132,-84.39966126,11.984,4/19/2022 0:00,951,2,2,0,1,C,CLOUDY,DRY,0,ANGLE COLLISION - ONE VEHICLE TURNING LEFT,ANGLE,STRAIGHT & GRADE,DAYLIGHT,0,0,0,1
29957165,CAMPBELL,KY2345,StateRoute,,JOHNS HILL,RD,,39.04043526,-84.47769553,2.155,4/19/2022 0:00,938,1,1,0,1,C,CLOUDY,DRY,0,COLLISION WITH FIXED OBJECT NON - INTERSECTION - FIRST EVENT COLLISION 09 - 32 EXCLUDING 16,SINGLE VEHICLE,STRAIGHT & LEVEL,DAYLIGHT,0,0,0,1
29962553,CAMPBELL,I 0471,Interstate,,I471 N,,,39.09869729,-84.49083782,4.679,4/20/2022 0:00,810,2,2,0,0,O,CLOUDY,DRY,0,OTHER ROADWAY OR MID-BLOCK COLLISION,REAR END,STRAIGHT & LEVEL,DAYLIGHT,0,0,0,1
29966209,CAMPBELL,KY1120,StateRoute,,FT THOMAS,AVE,S,39.06407171,-84.44720746,5.392,4/20/2022 0:00,1900,2,2,0,0,O,CLOUDY,DRY,0,ANGLE COLLISION - OTHER,ANGLE,STRAIGHT & LEVEL,DAYLIGHT,0,0,0,1
29964658,CAMPBELL,,OTHR,100,10TH,ST,W,39.08491932,-84.49301409,0.371,4/20/2022 0:00,1717,2,2,0,0,O,CLEAR,DRY,0,SIDESWIPE COLLISION - OPPOSITE DIRECTION,SIDESWIPE-OPPOSITE DIRECTION,STRAIGHT & LEVEL,DAYLIGHT,0,0,0,1
29964525,CAMPBELL,US0027,USRoute,,ALEXANDRIA,PIKE,,39.01711484,-84.43486789,14.954,4/20/2022 0:00,1650,2,2,0,4,B,CLOUDY,DRY,0,1 VEHICLE ENTERING/LEAVING ENTRANCE,ANGLE,STRAIGHT & LEVEL,DAYLIGHT,0,0,0,1
29972125,CAMPBELL,KY0009,StateRoute,,LICKING,PIKE,,39.02341905,-84.48081009,17.797,4/20/2022 0:00,628,2,2,0,0,O,CLEAR,DRY,0,REAR END IN TRAFFIC LANES BOTH VEHICLES MOVING,REAR END,CURVE & LEVEL,DAWN,0,0,0,1
29972126,CAMPBELL,KY0009,StateRoute,,LICKING,PIKE,,39.02161766,-84.48110297,17.656,4/20/2022 0:00,1802,2,2,0,0,O,CLEAR,DRY,0,REAR END IN TRAFFIC LANES BOTH VEHICLES MOVING,REAR END,STRAIGHT & LEVEL,DAYLIGHT,0,0,0,1
29966818,CAMPBELL,US0027,USRoute,,ALEXANDRIA,PIKE,,38.84188157,-84.37347605,1.525,4/21/2022 0:00,50,1,1,0,0,O,CLOUDY,DRY,0,COLLISION WITH ANIMAL IN INTERSECTION,SINGLE VEHICLE,STRAIGHT & GRADE,DARK-HWY NOT LIGHTED,1,0,0,1
29970607,CAMPBELL,KY1120,StateRoute,1,FT THOMAS,AVE,N,39.07857068,-84.44855528,4.231,4/21/2022 0:00,1228,2,2,0,0,O,CLOUDY,MUD-DIRT,0,1 VEHICLE PARKED POSITION (NOT PARKING LOT/DRIVEWAY),SIDESWIPE-SAME DIRECTION,STRAIGHT & LEVEL,DAYLIGHT,0,0,0,1
29966211,CAMPBELL,,OTHR,931,FT THOMAS,AVE,N,39.08813031,-84.44827592,0.341,4/21/2022 0:00,847,2,2,0,0,O,RAINING,WET,0,1 VEHICLE PARKED POSITION (NOT PARKING LOT/DRIVEWAY),REAR END,STRAIGHT & GRADE,DAYLIGHT,0,0,0,1
29970064,CAMPBELL,I 0471,Interstate,,,,,39.08554991,-84.47475007,0.16,4/21/2022 0:00,1642,2,2,0,0,O,CLEAR,DRY,0,OTHER RAMP RELATED COLLISIONS NOT LISTED ABOVE,REAR END,CURVE & LEVEL,DAYLIGHT,0,0,0,1
29969735,CAMPBELL,I 0275,Interstate,,,,,39.02141106,-84.48135587,0.014,4/21/2022 0:00,2310,1,1,0,0,O,CLOUDY,DRY,0,COLLISION WITH FIXED OBJECT NOT IN GORE ,SINGLE VEHICLE,STRAIGHT & LEVEL,DARK-HWY LIGHTED/ON,0,0,0,1
29971843,CAMPBELL,,OTHR,822,ROBERT,ST,,39.0900585,-84.48910867,0.168,4/22/2022 0:00,500,2,2,0,0,O,FOG,DRY,1,1 VEHICLE PARKED POSITION (NOT PARKING LOT/DRIVEWAY),BACKING,STRAIGHT & LEVEL,DARK-HWY LIGHTED/ON,0,0,0,1
29970876,CAMPBELL,KY0009,StateRoute,,AA,HWY,,38.99978105,-84.40886965,13.194,4/22/2022 0:00,0,1,1,0,0,O,CLEAR,DRY,0,COLLISION WITH FIXED OBJECT NON - INTERSECTION - FIRST EVENT COLLISION 09 - 32 EXCLUDING 16,SINGLE VEHICLE,STRAIGHT & LEVEL,DARK-HWY LIGHTED/ON,0,0,0,1
30004138,CAMPBELL,,OTHR,,GORMAN,ALY,,39.10910753,-84.48069817,0.026,4/22/2022 0:00,1921,2,2,0,0,O,CLEAR,DRY,0,ANGLE COLLISION - OTHER,ANGLE,STRAIGHT & LEVEL,DAYLIGHT,0,0,0,1
29986528,CAMPBELL,KY0009,StateRoute,,AA,HWY,,38.9888299,-84.39512208,12.129,4/22/2022 0:00,1509,2,2,0,1,B,CLEAR,DRY,0,ANGLE COLLISION - OTHER,ANGLE,STRAIGHT & HILLCREST,DAYLIGHT,0,0,0,1
29971845,CAMPBELL,US0027,USRoute,900,MONMOUTH,ST,,39.08843367,-84.49031598,21.668,4/22/2022 0:00,720,2,2,0,0,O,FOG,DRY,0,ANGLE COLLISION - OTHER,ANGLE,STRAIGHT & LEVEL,DAWN,0,0,0,1
29975776,CAMPBELL,,OTHR,7,JILLIAN,CT,,39.0237278,-84.4664543,0.025,4/22/2022 0:00,1807,2,2,0,0,O,CLEAR,DRY,0,1 VEHICLE PARKED POSITION (NOT PARKING LOT/DRIVEWAY),BACKING,STRAIGHT & HILLCREST,DAYLIGHT,0,0,0,1
29975629,CAMPBELL,US0027,USRoute,,ALEXANDRIA,PIKE,,39.03040161,-84.45131107,16.256,4/22/2022 0:00,747,2,2,0,0,O,FOG,DRY,0,REAR END IN TRAFFIC LANES BOTH VEHICLES MOVING,REAR END,STRAIGHT & LEVEL,DAWN,0,0,0,1
29992860,CAMPBELL,US0027,USRoute,,ALEXANDRIA,PIKE,,39.03046634,-84.45153973,16.267,4/22/2022 0:00,1703,2,2,0,1,C,CLEAR,DRY,0,REAR END IN TRAFFIC LANES BOTH VEHICLES MOVING,REAR END,STRAIGHT & LEVEL,DAYLIGHT,0,0,0,1
29977109,CAMPBELL,,OTHR,1094,LICKERT,RD,,38.92201791,-84.38889004,1.574,4/22/2022 0:00,650,1,1,0,0,O,CLEAR,DRY,1,OTHER COLLISIONS ON SHOULDER,SINGLE VEHICLE,STRAIGHT & GRADE,DAWN,0,0,0,1
29972951,CAMPBELL,I 0471,Interstate,,I471 N,,,39.09969122,-84.49287953,4.811,4/22/2022 0:00,1803,2,2,0,0,O,CLEAR,DRY,0,REAR END IN TRAFFIC LANES BOTH VEHICLES MOVING,REAR END,STRAIGHT & LEVEL,DAYLIGHT,0,0,0,1
29973272,CAMPBELL,I 0471,Interstate,I471,I471 N,,,39.09199947,-84.4766783,3.759,4/22/2022 0:00,2330,2,2,0,0,O,CLEAR,DRY,0,SIDESWIPE COLLISION - SAME DIRECTION,SIDESWIPE-SAME DIRECTION,STRAIGHT & LEVEL,DARK-HWY LIGHTED/ON,0,0,0,1
29987401,CAMPBELL,KY2921,StateRoute,,PAINTER,RD,,38.95457591,-84.31737309,0.733,4/22/2022 0:00,1100,2,2,0,0,O,CLEAR,DRY,0,SIDESWIPE COLLISION - OPPOSITE DIRECTION,SIDESWIPE-OPPOSITE DIRECTION,STRAIGHT & GRADE,DAYLIGHT,0,0,0,1
29975015,CAMPBELL,KY1936,StateRoute,,POND CREEK,RD,,38.90846722,-84.43703209,6.756,4/23/2022 0:00,1443,1,1,0,1,A,CLEAR,DRY,0,OTHER COLLISIONS ON SHOULDER,SINGLE VEHICLE,CURVE & GRADE,DAYLIGHT,0,0,0,1
29975812,CAMPBELL,US0027,USRoute,,ALEXANDRIA,PIKE,,38.99948775,-84.4190045,13.505,4/23/2022 0:00,1230,2,2,0,1,B,CLEAR,DRY,0,SIDESWIPE COLLISION - SAME DIRECTION,SIDESWIPE-SAME DIRECTION,STRAIGHT & LEVEL,DAYLIGHT,0,0,0,1