IncidentID,County,RdwyNumber,RdwyType,Street,RoadwayName,StreetSfx,StreetDir,Latitude,Longitude,Milepoint,CollisionDate,CollisionTime,UnitsInvolved,MotorVehiclesInvolved,NumberKilled,NumberInjured,KABCO,Weather,RdwyConditionCode,HitandRun,DirAnalysisCode,MannerofCollision,RdwyCharacter,LightCondition,Intersection Crash,Bicyclist,Pedestrian,Motor Vehicles
29977429,CAMPBELL,I 0471,Interstate,,I471 N,,,39.09983195,-84.49311852,4.827,4/23/2022 0:00,1434,2,2,0,0,O,CLEAR,DRY,0,REAR END IN TRAFFIC LANES BOTH VEHICLES MOVING,REAR END,STRAIGHT & LEVEL,DAYLIGHT,0,0,0,1
29977482,CAMPBELL,I 0471,Interstate,,I471 N,,,39.0951911,-84.48097864,4.081,4/23/2022 0:00,1541,2,2,0,0,O,CLEAR,DRY,0,REAR END IN TRAFFIC LANES BOTH VEHICLES MOVING,REAR END,STRAIGHT & LEVEL,DAYLIGHT,0,0,0,1
29987400,CAMPBELL,KY0008,StateRoute,5134,MARY INGLES,HWY,,39.03682865,-84.39076217,10.748,4/23/2022 0:00,2130,2,2,0,0,O,CLEAR,DRY,1,1 VEHICLE PARKED POSITION (NOT PARKING LOT/DRIVEWAY),SIDESWIPE-SAME DIRECTION,STRAIGHT & LEVEL,DARK-HWY NOT LIGHTED,0,0,0,1
29980979,CAMPBELL,,OTHR,720,HIGHLAND,AVE,,39.07522845,-84.46362864,0.444,4/23/2022 0:00,100,2,2,0,0,O,CLEAR,DRY,0,1 VEHICLE PARKED POSITION (NOT PARKING LOT/DRIVEWAY),BACKING,STRAIGHT & LEVEL,DAYLIGHT,0,0,0,1
29987402,CAMPBELL,I 0275,Interstate,,I275 E,,,39.0560918,-84.43261692,,4/23/2022 0:00,1835,2,2,0,0,O,CLEAR,DRY,0,OTHER ROADWAY OR MID-BLOCK COLLISION,REAR END,CURVE & GRADE,DAYLIGHT,0,0,0,1
29978566,CAMPBELL,,OTHR,,PARK,AVE,,39.09800158,-84.49283636,0.35,4/24/2022 0:00,2040,2,2,0,1,B,CLEAR,DRY,0,OTHER ROADWAY OR MID-BLOCK COLLISION,REAR END,STRAIGHT & LEVEL,DARK-HWY LIGHTED/ON,0,0,0,1
29983956,CAMPBELL,I 0471,Interstate,,I471 N,,,39.09965813,-84.4925853,,4/24/2022 0:00,1641,2,2,0,0,O,BLOWING SAND/SOIL/DIRT/SNOW,DRY,0,REAR END IN TRAFFIC LANES BOTH VEHICLES MOVING,REAR END,STRAIGHT & LEVEL,DAYLIGHT,0,0,0,1
29984304,CAMPBELL,,OTHR,3845,CANYON,CT,,39.06402329,-84.47074253,0.048,4/24/2022 0:00,1616,2,2,0,0,O,CLEAR,DRY,0,VEHICLE BACKING NON INTERSECTION,BACKING,STRAIGHT & GRADE,DAYLIGHT,0,0,0,1
29993870,CAMPBELL,,OTHR,115,SUMMIT,DR,,39.06911664,-84.45758552,0.041,4/25/2022 0:00,1450,2,2,0,0,O,CLEAR,DRY,0,SIDESWIPE COLLISION - SAME DIRECTION,SIDESWIPE-SAME DIRECTION,CURVE & GRADE,DAYLIGHT,0,0,0,1
30029236,CAMPBELL,,OTHR,10 BLOCK,3RD STREET ROUND-ABOUT,,,39.09353079,-84.49714726,,4/25/2022 0:00,1004,2,2,0,0,O,CLEAR,DRY,0,SIDESWIPE COLLISION - SAME DIRECTION,SIDESWIPE-SAME DIRECTION,CURVE & LEVEL,DAYLIGHT,0,0,0,1
29985466,CAMPBELL,US0027,USRoute,,ALEXANDRIA,PIKE,,39.02429952,-84.44305963,15.622,4/25/2022 0:00,1701,2,2,0,0,O,CLOUDY,DRY,1,REAR END IN TRAFFIC LANES BOTH VEHICLES MOVING,REAR END,STRAIGHT & LEVEL,DAYLIGHT,0,0,0,1
29989485,CAMPBELL,KY0009,StateRoute,,LICKING,PIKE,,39.02847073,-84.47993561,18.133,4/25/2022 0:00,1205,1,1,0,1,B,CLOUDY,DRY,0,RAN OFF ROADWAY (1 VEHICLE WITH/EARTH EMBANKMENT/DITCH),SINGLE VEHICLE,CURVE & LEVEL,DAYLIGHT,0,0,0,1
29989459,CAMPBELL,,OTHR,,GLORIA TERRELL,DR,,39.00965066,-84.47116357,0.782,4/25/2022 0:00,1352,2,2,0,0,O,CLEAR,DRY,0,OTHER INTERSECTION COLLISIONS,REAR END,STRAIGHT & LEVEL,DAYLIGHT,1,0,0,1
29982278,CAMPBELL,KY0008,StateRoute,,5TH,ST,W,39.09011718,-84.49838104,0.362,4/25/2022 0:00,1022,2,2,0,0,O,CLOUDY,DRY,0,ANGLE COLLISION - OTHER,ANGLE,STRAIGHT & LEVEL,DAYLIGHT,0,0,0,1
29994642,CAMPBELL,I 0471,Interstate,,,,,39.08222118,-84.47062443,0.161,4/25/2022 0:00,1607,1,1,0,0,O,CLOUDY,DRY,0,OTHER RAMP RELATED COLLISIONS NOT LISTED ABOVE,SINGLE VEHICLE,CURVE & LEVEL,DAYLIGHT,0,0,0,1
30035788,CAMPBELL,,OTHR,,WATERWORKS,RD,,39.08945243,-84.45015133,0.132,4/26/2022 0:00,,3,3,0,0,O,CLOUDY,DRY,1,OTHER INTERSECTION COLLISIONS,REAR END,STRAIGHT & GRADE,DAYLIGHT,1,0,0,1
30005018,CAMPBELL,KY0008,StateRoute,,KY8,,,39.09350889,-84.49704476,0.677,4/26/2022 0:00,1300,2,2,0,0,O,CLEAR,DRY,0,SIDESWIPE-SAME DIRECTION,SIDESWIPE-SAME DIRECTION,CURVE & LEVEL,DAYLIGHT,0,0,0,1
29988638,CAMPBELL,,OTHR,337,WASHINGTON,AVE,,39.09477845,-84.49248376,0.072,4/26/2022 0:00,730,2,2,0,0,O,CLEAR,DRY,1,1 VEHICLE PARKED POSITION (NOT PARKING LOT/DRIVEWAY),SIDESWIPE-SAME DIRECTION,STRAIGHT & LEVEL,UNKNOWN,0,0,0,1
29997611,CAMPBELL,I 0275,Interstate,,I275 E,,,39.05709908,-84.43060791,,4/26/2022 0:00,1723,3,3,0,1,C,CLEAR,DRY,0,REAR END IN TRAFFIC LANES BOTH VEHICLES MOVING,REAR END,STRAIGHT & LEVEL,DAYLIGHT,0,0,0,1
29988641,CAMPBELL,I 0471,Interstate,,I471 N,,,39.10072074,-84.49484127,4.939,4/26/2022 0:00,610,2,2,0,0,O,CLEAR,DRY,0,REAR END IN TRAFFIC LANES BOTH VEHICLES MOVING,REAR END,STRAIGHT & LEVEL,DAYLIGHT,0,0,0,1
29989460,CAMPBELL,KY0009,StateRoute,,LICKING,PIKE,,39.03257948,-84.48034373,18.424,4/26/2022 0:00,1717,3,3,0,0,O,CLEAR,DRY,0,REAR END IN TRAFFIC LANES BOTH VEHICLES MOVING,REAR END,STRAIGHT & LEVEL,DAYLIGHT,0,0,0,1
29990841,CAMPBELL,I 0471,Interstate,,I471 N,,,39.09979501,-84.4931156,4.826,4/26/2022 0:00,820,2,2,0,0,O,CLEAR,DRY,1,SIDESWIPE COLLISION - SAME DIRECTION,SIDESWIPE-SAME DIRECTION,STRAIGHT & LEVEL,DAYLIGHT,0,0,0,1
29992546,CAMPBELL,US0027,USRoute,,ALEXANDRIA,PIKE,,39.00608983,-84.42665888,14.096,4/26/2022 0:00,1717,2,2,0,0,O,CLEAR,DRY,0,HEAD-ON COLLISION,HEAD ON,STRAIGHT & LEVEL,DAYLIGHT,0,0,0,1
29993011,CAMPBELL,US0027,USRoute,,ALEXANDRIA,PIKE,,39.07117565,-84.4700425,19.987,4/27/2022 0:00,1552,2,2,0,0,O,CLEAR,DRY,0,1 VEHICLE ENTERING/LEAVING ENTRANCE,ANGLE,STRAIGHT & GRADE,DAYLIGHT,0,0,0,1
29994001,CAMPBELL,KY0008,StateRoute,,6TH,AVE,,39.10952918,-84.47915956,2.184,4/27/2022 0:00,1423,2,2,0,0,O,CLEAR,DRY,0,SIDESWIPE COLLISION - SAME DIRECTION,SIDESWIPE-SAME DIRECTION,STRAIGHT & LEVEL,DAYLIGHT,0,0,0,1
29997757,CAMPBELL,KY0009,StateRoute,,AA,HWY,,39.0004005,-84.40984275,13.263,4/27/2022 0:00,1406,2,2,0,3,B,CLEAR,DRY,0,REAR END IN TRAFFIC LANES BOTH VEHICLES MOVING,REAR END,CURVE & GRADE,DAYLIGHT,0,0,0,1
29992549,CAMPBELL,US0027,USRoute,5400,ALEXANDRIA,PIKE,,38.99916397,-84.41862845,13.47,4/27/2022 0:00,1619,2,2,0,0,O,CLEAR,DRY,0,REAR END IN TRAFFIC LANES BOTH VEHICLES MOVING,REAR END,STRAIGHT & LEVEL,DAYLIGHT,0,0,0,1
29989288,CAMPBELL,I 0471,Interstate,2.9,I471 N,,,39.07964182,-84.47067556,2.839,4/27/2022 0:00,744,2,2,0,0,O,CLEAR,DRY,0,REAR END IN TRAFFIC LANES BOTH VEHICLES MOVING,REAR END,STRAIGHT & LEVEL,DAYLIGHT,0,0,0,1
29993874,CAMPBELL,I 0471,Interstate,,I471 N,,,39.07220241,-84.46348176,2.18,4/27/2022 0:00,745,2,2,0,1,A,CLEAR,DRY,0,REAR END IN TRAFFIC LANES BOTH VEHICLES MOVING,REAR END,CURVE & LEVEL,DAYLIGHT,0,0,0,1
29993012,CAMPBELL,KY1632,StateRoute,,MOOCK,RD,,39.06431543,-84.46964995,1.317,4/27/2022 0:00,2247,1,1,0,0,O,CLEAR,DRY,0,RAN OFF ROADWAY (1 VEHICLE WITH/EARTH EMBANKMENT/DITCH),SINGLE VEHICLE,STRAIGHT & GRADE,DARK-HWY NOT LIGHTED,0,0,0,1
30038093,CAMPBELL,,OTHR,,BROOKWOOD,DR,,38.95145979,-84.37060121,0.031,4/27/2022 0:00,800,2,1,0,0,O,CLEAR,DRY,1,OPPOSITE DIRECTION - BOTH VEHICLES GOING STRAIGHT AHEAD,SIDESWIPE-OPPOSITE DIRECTION,STRAIGHT & LEVEL,UNKNOWN,0,0,0,1
30003319,CAMPBELL,US0027,USRoute,,ALEXANDRIA,PIKE,,39.03038146,-84.45148109,16.259,4/27/2022 0:00,1602,2,2,0,0,O,CLEAR,DRY,0,OTHER INTERSECTION COLLISIONS,REAR END,STRAIGHT & LEVEL,DAYLIGHT,1,0,0,1
29991279,CAMPBELL,,OTHR,,HILLVIEW,RD,,38.88223542,-84.39401553,0.327,4/27/2022 0:00,1727,2,2,0,0,O,CLEAR,DRY,0,ANGLE COLLISION - ONE VEHICLE TURNING RIGHT,ANGLE,CURVE & GRADE,DAYLIGHT,0,0,0,1
29989487,CAMPBELL,KY0009,StateRoute,,AA,HWY,,39.00912947,-84.4656499,16.35,4/27/2022 0:00,806,2,2,0,0,O,CLEAR,DRY,0,OTHER ROADWAY OR MID-BLOCK COLLISION,REAR END,STRAIGHT & GRADE,DAYLIGHT,0,0,0,1
29998013,CAMPBELL,US0027,USRoute,,ALEXANDRIA,PIKE,,38.88280518,-84.3877164,4.774,4/28/2022 0:00,1815,2,2,0,2,C,CLEAR,DRY,0,ANGLE COLLISION - OTHER,ANGLE,STRAIGHT & LEVEL,DAYLIGHT,0,0,0,1
30009604,CAMPBELL,US0027,USRoute,,ALEXANDRIA,PIKE,,38.95314938,-84.39346027,9.733,4/28/2022 0:00,1145,2,2,0,1,B,CLEAR,DRY,0,SIDESWIPE-SAME DIRECTION,SIDESWIPE-SAME DIRECTION,STRAIGHT & LEVEL,DAYLIGHT,0,0,0,1
29997925,CAMPBELL,,OTHR,117,WESSEX,PL,,39.09176915,-84.45981797,0.102,4/28/2022 0:00,1520,1,1,0,0,O,CLOUDY,DRY,0,COLLISION WITH FIXED OBJECT NON - INTERSECTION - FIRST EVENT COLLISION 09 - 32 EXCLUDING 16,SINGLE VEHICLE,STRAIGHT & GRADE,DAYLIGHT,0,0,0,1
30008919,CAMPBELL,KY0009,StateRoute,,LICKING,PIKE,,39.05207892,-84.48935314,19.939,4/28/2022 0:00,609,1,1,0,0,O,CLEAR,DRY,0,COLLISION WITH ANIMAL NON INTERSECTION,SINGLE VEHICLE,STRAIGHT & LEVEL,DARK-HWY NOT LIGHTED,0,0,0,1
30101892,CAMPBELL,,OTHR,1373,POPLAR RIDGE,RD,,38.97591914,-84.37518333,0.947,4/28/2022 0:00,2155,3,3,0,0,O,CLEAR,DRY,0,1 VEHICLE PARKED POSITION (NOT PARKING LOT/DRIVEWAY),BACKING,STRAIGHT & LEVEL,DARK-HWY LIGHTED/ON,0,0,0,1
30059929,CAMPBELL,KY0008,StateRoute,,6TH,AVE,,39.11261958,-84.47349399,2.555,4/28/2022 0:00,1400,2,1,0,0,O,CLEAR,DRY,0,1 VEHICLE PARKED POSITION (NOT PARKING LOT/DRIVEWAY),REAR END,STRAIGHT & LEVEL,DAYLIGHT,0,0,0,1
29994643,CAMPBELL,,OTHR,100 BLOCK,9TH,ST,E,39.08846024,-84.48996669,0.623,4/28/2022 0:00,1308,2,2,0,0,O,CLEAR,DRY,0,1 VEHICLE PARKED POSITION (NOT PARKING LOT/DRIVEWAY),BACKING,STRAIGHT & LEVEL,DAYLIGHT,0,0,0,1
30008466,CAMPBELL,KY1120,StateRoute,2400,MEMORIAL,PKWY,,39.08348877,-84.45080404,3.847,4/28/2022 0:00,1010,2,2,0,0,O,CLEAR,DRY,0,1 VEHICLE PARKED POSITION (NOT PARKING LOT/DRIVEWAY),BACKING,CURVE & GRADE,DAYLIGHT,0,0,0,1
29995271,CAMPBELL,I 0471,Interstate,5,I471 N,,,39.09984013,-84.49306512,4.825,4/28/2022 0:00,1600,3,3,0,0,O,CLEAR,DRY,0,REAR END IN TRAFFIC LANES BOTH VEHICLES MOVING,REAR END,STRAIGHT & LEVEL,DAYLIGHT,0,0,0,1
29997570,CAMPBELL,US0027,USRoute,,ALEXANDRIA,PIKE,,39.06705525,-84.46559163,19.638,4/28/2022 0:00,1525,2,2,0,0,O,CLEAR,DRY,0,REAR END IN TRAFFIC LANES BOTH VEHICLES MOVING,REAR END,STRAIGHT & LEVEL,DAYLIGHT,0,0,0,1
29999160,CAMPBELL,I 0471,Interstate,ON BRIDGE,I471 N,,,39.10017665,-84.49381026,4.872,4/28/2022 0:00,1608,3,3,0,0,O,CLEAR,DRY,0,REAR END IN TRAFFIC LANES BOTH VEHICLES MOVING,REAR END,STRAIGHT & LEVEL,DAYLIGHT,0,0,0,1
30008920,CAMPBELL,,OTHR,,CREEKWOOD,DR,,39.05381643,-84.48477132,0.239,4/28/2022 0:00,919,2,2,0,0,O,CLEAR,DRY,0,VEHICLE BACKING NON INTERSECTION,BACKING,STRAIGHT & LEVEL,DAYLIGHT,0,0,0,1
30009850,CAMPBELL,I 0275,Interstate,,I275 W,,,39.0228445,-84.48887905,77.554,4/29/2022 0:00,716,1,1,0,0,O,CLEAR,DRY,0,OTHER ROADWAY OR MID-BLOCK COLLISION,SINGLE VEHICLE,STRAIGHT & LEVEL,DAYLIGHT,0,0,0,1
30003627,CAMPBELL,US0027,USRoute,,ALEXANDRIA,PIKE,,39.00200794,-84.42180421,13.728,4/29/2022 0:00,1457,2,2,0,0,O,CLEAR,DRY,0,REAR END IN TRAFFIC LANES BOTH VEHICLES MOVING,REAR END,STRAIGHT & LEVEL,DAYLIGHT,0,0,0,1
29999240,CAMPBELL,,OTHR,160,NEWPORT PAVILION,,,39.08881993,-84.47720327,0.342,4/29/2022 0:00,900,2,2,0,0,O,CLEAR,DRY,1,1 VEHICLE PARKED POSITION (NOT PARKING LOT/DRIVEWAY),ANGLE,STRAIGHT & LEVEL,DAYLIGHT,0,0,0,1
30004134,CAMPBELL,,OTHR,,BONNIE LESLIE,AVE,,39.09439387,-84.47693563,0.36,4/29/2022 0:00,741,1,1,0,0,O,CLOUDY,DRY,1,COLLISION WITH PARKED VEHICLE,SINGLE VEHICLE,,DAYLIGHT,0,0,0,1
30004133,CAMPBELL,,OTHR,,GRANDVIEW,AVE,,39.09997283,-84.48002685,0.002,4/29/2022 0:00,725,1,1,0,0,O,CLOUDY,DRY,0,COLLISION WITH FIXED OBJECT IN INTERSECTION - FIRST EVENT COLLISION 09 - 32,SINGLE VEHICLE,STRAIGHT & HILLCREST,DAYLIGHT,1,0,0,1
30124177,CAMPBELL,,OTHR,,TAYLOR,AVE,,39.10321403,-84.48118956,0.346,4/30/2022 0:00,400,2,2,0,0,O,RAINING,WET,1,1 VEHICLE PARKED POSITION (NOT PARKING LOT/DRIVEWAY),SIDESWIPE-SAME DIRECTION,STRAIGHT & LEVEL,DARK-HWY LIGHTED/ON,0,0,0,1
30008630,CAMPBELL,US0027,USRoute,,ALEXANDRIA,PIKE,,39.05186156,-84.44735117,17.955,4/30/2022 0:00,1838,1,1,0,0,O,CLOUDY,DRY,0,COLLISION WITH FIXED OBJECT NON - INTERSECTION - FIRST EVENT COLLISION 09 - 32 EXCLUDING 16,SINGLE VEHICLE,STRAIGHT & LEVEL,DAYLIGHT,0,0,0,1
30002443,CAMPBELL,,OTHR,,PARK,AVE,,39.09796409,-84.49283369,0.349,4/30/2022 0:00,1554,2,2,0,0,O,CLEAR,DRY,0,OTHER INTERSECTION COLLISIONS,REAR END,STRAIGHT & LEVEL,DAYLIGHT,1,0,0,1
30004902,CAMPBELL,,OTHR,1000,ISABELLA,ST,,39.08394596,-84.49478749,0.204,4/30/2022 0:00,2345,3,3,0,0,O,CLEAR,DRY,1,COLLISION WITH PARKED VEHICLE,SIDESWIPE-SAME DIRECTION,STRAIGHT & LEVEL,UNKNOWN,0,0,0,1
30002407,CAMPBELL,KY1120,StateRoute,325,11TH,ST,W,39.08233179,-84.49434009,0.352,4/30/2022 0:00,1500,2,2,0,0,O,CLOUDY,DRY,0,REAR END IN TRAFFIC LANES BOTH VEHICLES MOVING,REAR END,STRAIGHT & LEVEL,DAYLIGHT,0,0,0,1
30006326,CAMPBELL,I 0275,Interstate,,I275 E,,,39.03256235,-84.4704097,76.211,4/30/2022 0:00,1530,3,3,0,0,O,CLOUDY,DRY,0,REAR END IN TRAFFIC LANES BOTH VEHICLES MOVING,REAR END,STRAIGHT & LEVEL,DAYLIGHT,0,0,0,1
30003493,CAMPBELL,KY0008,StateRoute,,4TH,ST,W,39.08821355,-84.50364092,0.057,4/30/2022 0:00,2122,2,2,0,0,O,CLEAR,DRY,0,REAR END IN TRAFFIC LANES BOTH VEHICLES MOVING,REAR END,STRAIGHT & LEVEL,DARK-HWY LIGHTED/ON,0,0,0,1
30003628,CAMPBELL,KY1998,StateRoute,,INDUSTRIAL,RD,,39.02723706,-84.44478977,1.884,4/30/2022 0:00,2107,2,2,0,2,C,CLEAR,DRY,0,1 VEHICLE ENTERING/LEAVING ENTRANCE,ANGLE,STRAIGHT & LEVEL,DARK-HWY NOT LIGHTED,0,0,0,1
30002441,CAMPBELL,I 0471,Interstate,,I471 N,,,39.09982289,-84.49315982,4.829,4/30/2022 0:00,1359,2,2,0,0,O,CLEAR,DRY,0,OTHER ROADWAY OR MID-BLOCK COLLISION,REAR END,STRAIGHT & LEVEL,DAYLIGHT,0,0,0,1
30016818,CAMPBELL,KY1892,StateRoute,85,GRAND,AVE,N,39.07855976,-84.46503221,1.263,5/1/2022 0:00,1241,2,2,0,0,O,CLEAR,DRY,0,OTHER ROADWAY OR MID-BLOCK COLLISION,REAR END,STRAIGHT & GRADE,DAYLIGHT,0,0,0,1
30006445,CAMPBELL,I 0275,Interstate,,I275 E,,,39.03248344,-84.47041663,76.216,5/1/2022 0:00,1551,2,2,0,0,O,CLEAR,DRY,0,REAR END IN TRAFFIC LANES BOTH VEHICLES MOVING,REAR END,STRAIGHT & LEVEL,DAYLIGHT,0,0,0,1
30009528,CAMPBELL,I 0471,Interstate,,I471 N,,,39.09960656,-84.49270178,4.8,5/1/2022 0:00,1536,2,2,0,0,O,CLEAR,DRY,0,REAR END IN TRAFFIC LANES BOTH VEHICLES MOVING,REAR END,STRAIGHT & LEVEL,DAYLIGHT,0,0,0,1
30009533,CAMPBELL,US0027,USRoute,,MONMOUTH,ST,,39.08723026,-84.48882914,21.57,5/1/2022 0:00,1158,2,2,0,0,O,CLEAR,DRY,0,ANGLE COLLISION - OTHER,ANGLE,STRAIGHT & LEVEL,DAYLIGHT,0,0,0,1
30005920,CAMPBELL,KY0008,StateRoute,,MARY INGLES,HWY,,39.05374541,-84.43227962,8.133,5/1/2022 0:00,1525,2,2,0,0,O,CLEAR,DRY,0,OPPOSING LEFT TURN,ANGLE,STRAIGHT & LEVEL,DAYLIGHT,0,0,0,1
30010800,CAMPBELL,,OTHR,1125,ANN,ST,,39.08565696,-84.49312041,0.264,5/1/2022 0:00,2230,2,2,0,0,O,CLEAR,DRY,1,1 VEHICLE PARKED POSITION (NOT PARKING LOT/DRIVEWAY),SIDESWIPE-SAME DIRECTION,STRAIGHT & LEVEL,DARK-HWY NOT LIGHTED,0,0,0,1
30013618,CAMPBELL,US0027,USRoute,,ALEXANDRIA,PIKE,,38.95768519,-84.39303412,10.045,5/2/2022 0:00,733,2,2,0,0,O,CLEAR,DRY,0,OTHER INTERSECTION COLLISIONS,REAR END,STRAIGHT & HILLCREST,DAYLIGHT,1,0,0,1
30017746,CAMPBELL,US0027,USRoute,,ALEXANDRIA,PIKE,,38.95748399,-84.3930341,10.034,5/2/2022 0:00,1335,2,2,0,0,O,CLEAR,DRY,0,OTHER INTERSECTION COLLISIONS,REAR END,STRAIGHT & LEVEL,DAYLIGHT,1,0,0,1
30009790,CAMPBELL,KY1892,StateRoute,,GRAND,AVE,,39.08041034,-84.46736879,1.432,5/2/2022 0:00,822,2,2,0,0,O,CLEAR,DRY,0,ANGLE COLLISION - OTHER,ANGLE,STRAIGHT & LEVEL,DAYLIGHT,0,0,0,1
30009830,CAMPBELL,,OTHR,,6TH,ST,E,39.09295973,-84.49082952,0.497,5/2/2022 0:00,1549,2,1,0,0,O,CLEAR,DRY,0,COLLISION WITH BICYCLE IN INTERSECTION,SINGLE VEHICLE,STRAIGHT & LEVEL,DAYLIGHT,1,1,0,0
30047289,CAMPBELL,,OTHR,,WILSON,RD,,39.09354326,-84.47613941,0.072,5/2/2022 0:00,1816,2,2,0,0,O,CLEAR,DRY,0,SIDESWIPE COLLISION - OPPOSITE DIRECTION,SIDESWIPE-OPPOSITE DIRECTION,STRAIGHT & LEVEL,DAYLIGHT,0,0,0,1
30009672,CAMPBELL,,OTHR,,FOOTE,AVE,S,39.10072585,-84.4749309,0.071,5/2/2022 0:00,1356,2,2,0,0,O,CLEAR,DRY,0,VEHICLE BACKING NON INTERSECTION,BACKING,STRAIGHT & GRADE,DAYLIGHT,0,0,0,1
30010426,CAMPBELL,US0027,USRoute,,ALEXANDRIA,PIKE,,38.86809816,-84.39453436,3.67,5/2/2022 0:00,1330,2,2,0,3,C,CLEAR,DRY,0,OTHER COLLISIONS ON SHOULDER,SIDESWIPE-SAME DIRECTION,CURVE & LEVEL,DAYLIGHT,0,0,0,1
30009829,CAMPBELL,I 0471,Interstate,,,,,39.08558279,-84.47432935,0.179,5/2/2022 0:00,1258,2,2,0,0,O,CLEAR,DRY,0,OTHER RAMP RELATED COLLISIONS NOT LISTED ABOVE,REAR END,STRAIGHT & GRADE,DAYLIGHT,0,0,0,1
30012333,CAMPBELL,US0027,USRoute,,ALEXANDRIA,PIKE,,38.99925826,-84.41871498,13.485,5/2/2022 0:00,1125,2,2,0,0,O,CLEAR,DRY,0,OTHER ROADWAY OR MID-BLOCK COLLISION,REAR END,STRAIGHT & LEVEL,DAYLIGHT,0,0,0,1
30019406,CAMPBELL,,OTHR,,AAHWY/KY9,,,38.96417893,-84.34777554,,5/3/2022 0:00,1520,1,1,0,0,O,RAINING,WATER (STANDING OR MOVING),0,OTHER ROADWAY OR MID-BLOCK COLLISION,SINGLE VEHICLE,CURVE & GRADE,DAYLIGHT,0,0,0,1
30019407,CAMPBELL,,OTHR,,AA HWY/KY9,,,38.96674781,-84.35061797,,5/3/2022 0:00,1710,2,2,0,0,O,RAINING,WET,0,REAR END IN TRAFFIC LANES BOTH VEHICLES MOVING,REAR END,CURVE & GRADE,DAYLIGHT,0,0,0,1
30016012,CAMPBELL,US0027,USRoute,,ALEXANDRIA,PIKE,,39.03172005,-84.45223766,16.358,5/3/2022 0:00,1601,2,2,0,0,O,CLOUDY,DRY,0,REAR END IN TRAFFIC LANES BOTH VEHICLES MOVING,REAR END,STRAIGHT & LEVEL,DAYLIGHT,0,0,0,1
30018020,CAMPBELL,,OTHR,900,COLUMBIA,ST,,39.08658663,-84.49313018,0.302,5/3/2022 0:00,1600,2,2,0,0,O,CLEAR,DRY,1,1 VEHICLE ENTERING/LEAVING ENTRANCE,ANGLE,STRAIGHT & LEVEL,DAYLIGHT,0,0,0,1
30024982,CAMPBELL,,OTHR,,FT THOMAS,AVE,N,39.0948467,-84.4509953,0.924,5/3/2022 0:00,1545,2,2,0,0,O,CLEAR,DRY,0,1 VEHICLE ENTERING/LEAVING ENTRANCE,ANGLE,CURVE & GRADE,DAYLIGHT,0,0,0,1
30016816,CAMPBELL,,OTHR,,FT THOMAS,AVE,N,39.09455056,-84.45075456,1.14,5/3/2022 0:00,1508,2,2,0,0,O,RAINING,WET,0,SIDESWIPE COLLISION - SAME DIRECTION,SIDESWIPE-SAME DIRECTION,CURVE & GRADE,DAYLIGHT,0,0,0,1
30016817,CAMPBELL,KY1120,StateRoute,,MEMORIAL,PKWY,,39.09135381,-84.45541666,2.96,5/3/2022 0:00,1459,2,2,0,0,O,RAINING,WET,0,SIDESWIPE-SAME DIRECTION,SIDESWIPE-SAME DIRECTION,STRAIGHT & GRADE,DAYLIGHT,0,0,0,1
30038961,CAMPBELL,KY0008,StateRoute,,MARY INGLES,HWY,,39.03354364,-84.38147846,11.298,5/3/2022 0:00,1849,1,1,0,0,O,CLEAR,WET,0,COLLISION WITH FIXED OBJECT NON - INTERSECTION - FIRST EVENT COLLISION 09 - 32 EXCLUDING 16,SINGLE VEHICLE,CURVE & LEVEL,DAYLIGHT,0,0,0,1
30016825,CAMPBELL,I 0471,Interstate,,I471 N,,,39.05138837,-84.46642619,0.589,5/3/2022 0:00,1020,1,1,0,0,O,RAINING,WET,0,COLLISION WITH FIXED OBJECT NON - INTERSECTION - FIRST EVENT COLLISION 09 - 32 EXCLUDING 16,SINGLE VEHICLE,CURVE & GRADE,DAYLIGHT,0,0,0,1
30019572,CAMPBELL,KY0547,StateRoute,5300,FOUR MILE,RD,,39.0299336,-84.38854517,,5/3/2022 0:00,119,1,1,0,0,O,CLEAR,DRY,0,COLLISION WITH FIXED OBJECT NON - INTERSECTION - FIRST EVENT COLLISION 09 - 32 EXCLUDING 16,SINGLE VEHICLE,CURVE & LEVEL,DARK-HWY NOT LIGHTED,0,0,0,1
30024014,CAMPBELL,US0027,USRoute,,ALEXANDRIA,PIKE,,39.00435845,-84.4246423,13.938,5/4/2022 0:00,1145,2,2,0,1,B,CLOUDY,DRY,0,SIDESWIPE-SAME DIRECTION,SIDESWIPE-SAME DIRECTION,STRAIGHT & GRADE,DAYLIGHT,0,0,0,1
30017591,CAMPBELL,US0027,USRoute,,MONMOUTH,ST,,39.08099098,-84.48174174,20.978,5/4/2022 0:00,747,2,2,0,0,O,CLOUDY,DRY,0,ANGLE COLLISION - OTHER,ANGLE,STRAIGHT & LEVEL,DAYLIGHT,0,0,0,1
30019409,CAMPBELL,I 0275,Interstate,,I275 W,,,39.03979734,-84.4702767,75.764,5/4/2022 0:00,910,2,2,0,0,O,CLOUDY,DRY,0,1 VEHICLE ENTERING/LEAVING ENTRANCE,ANGLE,CURVE & LEVEL,DAYLIGHT,0,0,0,1
30032936,CAMPBELL,KY0471,StateRoute,,KY471,,,39.03791774,-84.45405649,0.062,5/4/2022 0:00,1506,2,2,0,0,O,CLOUDY,DRY,0,REAR END IN TRAFFIC LANES BOTH VEHICLES MOVING,REAR END,STRAIGHT & GRADE,DAYLIGHT,0,0,0,1