IncidentID,County,RdwyNumber,RdwyType,Street,RoadwayName,StreetSfx,StreetDir,Latitude,Longitude,Milepoint,CollisionDate,CollisionTime,UnitsInvolved,MotorVehiclesInvolved,NumberKilled,NumberInjured,KABCO,Weather,RdwyConditionCode,HitandRun,DirAnalysisCode,MannerofCollision,RdwyCharacter,LightCondition,Intersection Crash,Bicyclist,Pedestrian,Motor Vehicles
30032937,CAMPBELL,I 0275,Interstate,,,,,39.04513598,-84.4559758,0.108,5/5/2022 0:00,541,1,1,0,0,O,CLOUDY,DRY,0,OTHER RAMP RELATED COLLISIONS NOT LISTED ABOVE,SINGLE VEHICLE,CURVE & LEVEL,DARK-HWY NOT LIGHTED,0,0,0,1
30023484,CAMPBELL,KY1120,StateRoute,,MEMORIAL,PKWY,,39.09268512,-84.48057066,1.377,5/5/2022 0:00,1750,2,2,0,0,O,RAINING,WET,0,OTHER ROADWAY OR MID-BLOCK COLLISION,REAR END,CURVE & LEVEL,DUSK,0,0,0,1
30026571,CAMPBELL,KY0008,StateRoute,,DAVE COWENS,DR,,39.09915457,-84.4915537,1.187,5/5/2022 0:00,1437,4,4,0,0,O,CLEAR,DRY,0,REAR END IN TRAFFIC LANES BOTH VEHICLES MOVING,REAR END,STRAIGHT & LEVEL,DAYLIGHT,0,0,0,1
30025475,CAMPBELL,,OTHR,,PETE NEISER,ST,,38.96184499,-84.39096418,0.1,5/5/2022 0:00,1418,2,2,0,0,O,CLOUDY,DRY,0,1 VEHICLE ENTERING/LEAVING ENTRANCE,ANGLE,STRAIGHT & LEVEL,DAYLIGHT,0,0,0,1
30024981,CAMPBELL,,OTHR,,CLIFFVIEW,AVE,,39.09245962,-84.44660991,0.036,5/5/2022 0:00,1300,2,2,0,0,O,CLOUDY,DRY,1,1 VEHICLE PARKED POSITION (NOT PARKING LOT/DRIVEWAY),BACKING,STRAIGHT & GRADE,DAYLIGHT,0,0,0,1
30023563,CAMPBELL,,OTHR,,9TH,ST,E,39.08963669,-84.48785955,0.485,5/5/2022 0:00,1822,2,2,0,1,B,CLOUDY,WET,0,COLLISION WITH PARKED VEHICLE,ANGLE,STRAIGHT & LEVEL,DUSK,0,0,0,1
30034670,CAMPBELL,,OTHR,,UPPER LICK BRANCH,RD,,38.96638253,-84.35068377,0.02,5/5/2022 0:00,1355,1,1,0,0,O,CLOUDY,DRY,0,COLLISION WITH FIXED OBJECT IN INTERSECTION - FIRST EVENT COLLISION 09 - 32,SINGLE VEHICLE,STRAIGHT & LEVEL,DAYLIGHT,1,0,0,1
30023495,CAMPBELL,,OTHR,,CHESAPEAKE,AVE,,39.08843731,-84.47561297,0.207,5/5/2022 0:00,1813,1,1,0,0,O,CLOUDY,WET,0,NON-COLLISION OBJECT COLLISION,SINGLE VEHICLE,STRAIGHT & LEVEL,DAYLIGHT,0,0,0,1
30023485,CAMPBELL,,OTHR,,NEWPORT PAVILION,,,39.09267307,-84.48060163,0.004,5/5/2022 0:00,2004,2,2,0,0,O,CLOUDY,WET,0,OTHER INTERSECTION COLLISIONS,REAR END,STRAIGHT & LEVEL,DUSK,1,0,0,1
30031122,CAMPBELL,US0027,USRoute,,ALEXANDRIA,PIKE,,39.0707553,-84.4697876,20.004,5/6/2022 0:00,856,2,2,0,0,O,CLOUDY,WET,0,ANGLE COLLISION - ONE VEHICLE TURNING LEFT,ANGLE,STRAIGHT & HILLCREST,DAYLIGHT,0,0,0,1
30027278,CAMPBELL,KY1120,StateRoute,,MEMORIAL,PKWY,,39.09230793,-84.47621051,1.605,5/6/2022 0:00,1800,2,2,0,0,O,CLOUDY,WET,0,ANGLE COLLISION - OTHER,ANGLE,STRAIGHT & LEVEL,DUSK,0,0,0,1
30040505,CAMPBELL,,OTHR,,PAT FANNING,WAY,,38.98286139,-84.40028336,,5/6/2022 0:00,1824,2,2,0,0,O,RAINING,WET,0,ANGLE COLLISION - OTHER,ANGLE,STRAIGHT & LEVEL,DAYLIGHT,0,0,0,1
30035799,CAMPBELL,,OTHR,,HIGHLAND,AVE,,39.07649618,-84.45349507,1.082,5/6/2022 0:00,1740,2,2,0,0,O,CLOUDY,DRY,0,1 VEHICLE PARKED POSITION (NOT PARKING LOT/DRIVEWAY),SIDESWIPE-SAME DIRECTION,STRAIGHT & LEVEL,DAYLIGHT,0,0,0,1
30025570,CAMPBELL,US0027,USRoute,1709,MONMOUTH,ST,,39.08313708,-84.48251397,21.125,5/6/2022 0:00,801,2,2,0,0,O,CLOUDY,DRY,0,SIDESWIPE COLLISION - OPPOSITE DIRECTION,SIDESWIPE-OPPOSITE DIRECTION,CURVE & HILLCREST,DAYLIGHT,0,0,0,1
30062253,CAMPBELL,US0027,USRoute,,ALEXANDRIA,PIKE,,38.937497,-84.39414866,8.65,5/6/2022 0:00,2023,2,2,0,0,O,CLOUDY,WET,0,1 VEHICLE ENTERING/LEAVING ENTRANCE,ANGLE,STRAIGHT & LEVEL,DUSK,0,0,0,1
30035347,CAMPBELL,,OTHR,,POPLAR,ST,,39.104485,-84.48206023,0.285,5/6/2022 0:00,1022,2,2,0,0,O,CLOUDY,WET,0,1 VEHICLE PARKED POSITION (NOT PARKING LOT/DRIVEWAY),REAR END,STRAIGHT & LEVEL,DAYLIGHT,0,0,0,1
30027904,CAMPBELL,KY1892,StateRoute,,CAROTHERS,RD,,39.08572264,-84.47972169,2.299,5/6/2022 0:00,2112,2,2,0,0,O,CLOUDY,WET,1,REAR END IN TRAFFIC LANES BOTH VEHICLES MOVING,REAR END,STRAIGHT & LEVEL,DARK-HWY LIGHTED/ON,0,0,0,1
30026918,CAMPBELL,,OTHR,,I 275 WB,,,39.02287609,-84.48446014,,5/6/2022 0:00,1431,2,2,0,0,O,RAINING,WET,0,REAR END IN TRAFFIC LANES BOTH VEHICLES MOVING,REAR END,CURVE & GRADE,DAYLIGHT,0,0,0,1
30031121,CAMPBELL,I 0471,Interstate,,I471 S,,,39.05977158,-84.46956405,1.208,5/6/2022 0:00,643,1,1,0,0,O,RAINING,WATER (STANDING OR MOVING),0,OTHER ROADWAY OR MID-BLOCK COLLISION,SINGLE VEHICLE,CURVE & LEVEL,DAWN,0,0,0,1
30069068,CAMPBELL,KY0009,StateRoute,,,,,38.97526679,-84.36263246,0.019,5/6/2022 0:00,1519,2,2,0,0,O,RAINING,WET,0,OTHER RAMP RELATED COLLISIONS NOT LISTED ABOVE,REAR END,STRAIGHT & LEVEL,DAYLIGHT,0,0,0,1
30033107,CAMPBELL,I 0471,Interstate,,I471 N,,,39.0513528,-84.46669964,0.6,5/6/2022 0:00,600,1,1,0,0,O,RAINING,WET,0,OTHER ROADWAY OR MID-BLOCK COLLISION,SINGLE VEHICLE,CURVE & GRADE,DARK-HWY LIGHTED/ON,0,0,0,1
30079104,CAMPBELL,KY0009,StateRoute,,AA,HWY,,38.9549129,-84.33882066,,5/7/2022 0:00,2304,1,1,0,1,C,CLEAR,DRY,1,OTHER ROADWAY OR MID-BLOCK COLLISION,SINGLE VEHICLE,STRAIGHT & LEVEL,DARK (UNKNOWN ROADWAY LIGHTING),0,0,0,1
30038280,CAMPBELL,,OTHR,100,3RD,ST,W,39.09284671,-84.49764559,0.04,5/7/2022 0:00,2307,2,2,0,0,O,CLEAR,DRY,0,OTHER ROADWAY OR MID-BLOCK COLLISION,OPPOSING LEFT TURN,STRAIGHT & LEVEL,DARK-HWY LIGHTED/OFF,0,0,0,1
30030008,CAMPBELL,,OTHR,,PATTERSON,ST,,39.08204496,-84.49499885,0.101,5/7/2022 0:00,2144,2,2,0,0,O,CLEAR,DRY,1,1 VEHICLE PARKED POSITION (NOT PARKING LOT/DRIVEWAY),SIDESWIPE-SAME DIRECTION,STRAIGHT & LEVEL,DARK-HWY LIGHTED/ON,0,0,0,1
30033953,CAMPBELL,,OTHR,597,MADDOX,RD,,38.91343531,-84.41364086,0.57,5/7/2022 0:00,1640,1,1,0,0,O,CLOUDY,WET,0,OTHER COLLISIONS ON SHOULDER,SINGLE VEHICLE,CURVE & GRADE,DAYLIGHT,0,0,0,1
30046919,CAMPBELL,US0027,USRoute,,ALEXANDRIA,PIKE,,38.99681998,-84.41641301,13.283,5/7/2022 0:00,1300,2,2,0,0,O,CLEAR,DRY,0,SIDESWIPE COLLISION - SAME DIRECTION,SIDESWIPE-SAME DIRECTION,STRAIGHT & GRADE,DAYLIGHT,0,0,0,1
30029688,CAMPBELL,KY1120,StateRoute,,10TH,ST,E,39.08626158,-84.49059322,0.675,5/7/2022 0:00,1826,2,2,0,0,O,CLEAR,DRY,0,SIDESWIPE COLLISION - SAME DIRECTION,SIDESWIPE-SAME DIRECTION,STRAIGHT & LEVEL,DAYLIGHT,0,0,0,1
30031124,CAMPBELL,,OTHR,720,RAVINE,CIR,,39.06543917,-84.47045415,0.262,5/7/2022 0:00,1209,2,2,0,0,O,CLOUDY,WET,0,1 VEHICLE ENTERING/LEAVING ENTRANCE,ANGLE,STRAIGHT & LEVEL,DAYLIGHT,0,0,0,1
30029233,CAMPBELL,KY0008,StateRoute,200,3RD,ST,E,39.09521138,-84.49401087,0.761,5/7/2022 0:00,1404,2,2,0,0,O,CLOUDY,DRY,0,1 VEHICLE ENTERING/LEAVING ENTRANCE,ANGLE,STRAIGHT & LEVEL,DAYLIGHT,0,0,0,1
30029234,CAMPBELL,,OTHR,610,9TH,ST,E,39.09138692,-84.48468306,0.275,5/7/2022 0:00,930,2,2,0,0,O,CLEAR,DRY,0,1 VEHICLE ENTERING/LEAVING ENTRANCE,ANGLE,STRAIGHT & LEVEL,DAYLIGHT,0,0,0,1
30035790,CAMPBELL,,OTHR,,FT THOMAS,AVE,N,39.09379072,-84.44830402,0.997,5/7/2022 0:00,1058,2,2,0,0,O,CLEAR,DRY,0,SIDESWIPE COLLISION - OPPOSITE DIRECTION,SIDESWIPE-OPPOSITE DIRECTION,CURVE & LEVEL,DAYLIGHT,0,0,0,1
30037109,CAMPBELL,,OTHR,122,4TH,AVE,,39.11046713,-84.48020294,0.084,5/7/2022 0:00,1700,2,2,0,0,O,CLOUDY,DRY,1,1 VEHICLE PARKED POSITION (NOT PARKING LOT/DRIVEWAY),SIDESWIPE-SAME DIRECTION,STRAIGHT & LEVEL,UNKNOWN,0,0,0,1
31699255,CAMPBELL,,OTHR,409,LAFAYETTE,AVE,,39.10162334,-84.48181211,0.384,5/7/2022 0:00,1802,2,2,0,0,O,CLEAR,DRY,0,1 VEHICLE PARKED POSITION (NOT PARKING LOT/DRIVEWAY),SIDESWIPE-SAME DIRECTION,STRAIGHT & LEVEL,DAYLIGHT,0,0,0,1
30035348,CAMPBELL,KY0008,StateRoute,,FAIRFIELD,AVE,,39.1027733,-84.4875351,1.536,5/7/2022 0:00,1626,2,2,0,0,O,CLOUDY,DRY,0,OTHER INTERSECTION COLLISIONS,REAR END,STRAIGHT & LEVEL,DAYLIGHT,1,0,0,1
30035803,CAMPBELL,KY1892,StateRoute,,GRAND,AVE,N,39.07848829,-84.46494303,1.256,5/8/2022 0:00,1951,2,2,0,0,O,CLEAR,DRY,0,OTHER INTERSECTION COLLISIONS,REAR END,STRAIGHT & LEVEL,DAYLIGHT,1,0,0,1
30033029,CAMPBELL,,OTHR,,RIVERBOAT,ROW,,39.0940379,-84.49982406,0.84,5/8/2022 0:00,1943,2,2,0,0,O,CLEAR,DRY,0,OTHER INTERSECTION COLLISIONS,REAR END,STRAIGHT & LEVEL,DAYLIGHT,1,0,0,1
30034261,CAMPBELL,KY2345,StateRoute,,JOHNS HILL,RD,,39.02795457,-84.46720878,1.019,5/8/2022 0:00,2136,2,2,0,0,O,CLEAR,DRY,0,COLLISION WITH FIXED OBJECT IN INTERSECTION - FIRST EVENT COLLISION 09 - 32,ANGLE,CURVE & LEVEL,DARK-HWY LIGHTED/ON,1,0,0,1
30035797,CAMPBELL,,OTHR,1314,FT THOMAS,AVE,N,39.09369419,-84.44790512,0.976,5/8/2022 0:00,1104,2,2,0,0,O,CLEAR,DRY,0,1 VEHICLE PARKED POSITION (NOT PARKING LOT/DRIVEWAY),SIDESWIPE-SAME DIRECTION,CURVE & LEVEL,DAYLIGHT,0,0,0,1
30045484,CAMPBELL,,OTHR,23,EDWARDS,CT,,39.07633246,-84.45745137,0.079,5/8/2022 0:00,1200,2,2,0,0,O,CLOUDY,DRY,1,1 VEHICLE PARKED POSITION (NOT PARKING LOT/DRIVEWAY),SIDESWIPE-SAME DIRECTION,STRAIGHT & LEVEL,DAYLIGHT,0,0,0,1
30033954,CAMPBELL,KY0008,StateRoute,12324,MARY INGLES,HWY,,38.87506857,-84.24245652,25.417,5/8/2022 0:00,2245,1,1,0,0,O,CLEAR,DRY,0,OTHER COLLISIONS ON SHOULDER,SINGLE VEHICLE,CURVE & GRADE,DARK-HWY NOT LIGHTED,0,0,0,1
30031725,CAMPBELL,KY0009,StateRoute,,LICKING,PIKE,,39.02301737,-84.48088773,17.765,5/8/2022 0:00,1252,4,4,0,0,O,CLEAR,DRY,0,OTHER ROADWAY OR MID-BLOCK COLLISION,REAR END,STRAIGHT & LEVEL,DAYLIGHT,0,0,0,1
30055401,CAMPBELL,I 0471,Interstate,,I471 N,,,39.10030538,-84.49405106,4.888,5/9/2022 0:00,902,3,3,0,0,O,CLEAR,DRY,0,OTHER ROADWAY OR MID-BLOCK COLLISION,REAR END,STRAIGHT & LEVEL,DAYLIGHT,0,0,0,1
30050653,CAMPBELL,US0027,USRoute,,ALEXANDRIA,PIKE,,39.02478315,-84.4438759,15.677,5/9/2022 0:00,1415,2,2,0,0,O,CLEAR,DRY,0,OTHER ROADWAY OR MID-BLOCK COLLISION,REAR END,STRAIGHT & LEVEL,DAYLIGHT,0,0,0,1
30162991,CAMPBELL,,OTHR,,HIGHLAND,AVE,,39.07089862,-84.4695496,0.016,5/9/2022 0:00,1411,2,2,0,0,O,CLEAR,DRY,0,OTHER ROADWAY OR MID-BLOCK COLLISION,OPPOSING LEFT TURN,STRAIGHT & LEVEL,DAYLIGHT,0,0,0,1
30036793,CAMPBELL,I 0275,Interstate,,I275 E,,,39.02259574,-84.4875905,77.476,5/9/2022 0:00,1346,2,2,0,0,O,CLEAR,DRY,0,SIDESWIPE COLLISION - SAME DIRECTION,SIDESWIPE-SAME DIRECTION,STRAIGHT & GRADE,DAYLIGHT,0,0,0,1
30047288,CAMPBELL,KY0008,StateRoute,,FAIRFIELD,AVE,,39.10392847,-84.48614336,1.644,5/9/2022 0:00,1145,2,2,0,0,O,CLEAR,DRY,0,HEAD-ON COLLISION,HEAD ON,STRAIGHT & LEVEL,DAYLIGHT,0,0,0,1
30045485,CAMPBELL,KY1120,StateRoute,,MEMORIAL,PKWY,,39.09148473,-84.45463799,3.005,5/9/2022 0:00,1530,2,2,0,0,O,CLEAR,DRY,0,REAR END IN TRAFFIC LANES BOTH VEHICLES MOVING,REAR END,STRAIGHT & LEVEL,DAYLIGHT,0,0,0,1
30054349,CAMPBELL,I 0471,Interstate,,I471 S,,,39.07471254,-84.46695236,2.457,5/9/2022 0:00,1614,2,2,0,2,C,CLEAR,DRY,0,REAR END IN TRAFFIC LANES BOTH VEHICLES MOVING,REAR END,STRAIGHT & LEVEL,DAYLIGHT,0,0,0,1
30037427,CAMPBELL,KY0009,StateRoute,1220,LICKING,PIKE,,39.07872609,-84.49610115,21.963,5/9/2022 0:00,1813,1,1,0,0,O,CLEAR,DRY,0,COLLISION WITH FIXED OBJECT NON - INTERSECTION - FIRST EVENT COLLISION 09 - 32 EXCLUDING 16,SINGLE VEHICLE,CURVE & LEVEL,DAYLIGHT,0,0,0,1
30073878,CAMPBELL,,OTHR,320,PEGGY ANN,LN,,38.97625652,-84.37028525,0.113,5/9/2022 0:00,1457,2,2,0,0,O,CLEAR,DRY,0,1 VEHICLE PARKED POSITION (NOT PARKING LOT/DRIVEWAY),SIDESWIPE-SAME DIRECTION,CURVE & LEVEL,DAYLIGHT,0,0,0,1
30036007,CAMPBELL,,OTHR,300 BLOCK,FLORENCE,CIR,,39.0753249,-84.47038176,0.052,5/9/2022 0:00,1311,2,2,0,0,O,CLEAR,DRY,1,1 VEHICLE PARKED POSITION (NOT PARKING LOT/DRIVEWAY),ANGLE,STRAIGHT & LEVEL,DAYLIGHT,0,0,0,1
30037777,CAMPBELL,I 0275,Interstate,,I275 E,,,39.05064647,-84.44511663,74.098,5/9/2022 0:00,1106,2,2,0,0,O,CLEAR,DRY,0,1 VEHICLE PARKED POSITION (NOT PARKING LOT/DRIVEWAY),SIDESWIPE-SAME DIRECTION,STRAIGHT & GRADE,DAYLIGHT,0,0,0,1
30038963,CAMPBELL,KY0824,StateRoute,,RACE TRACK,RD,,38.88731971,-84.36756993,,5/9/2022 0:00,1100,1,1,0,0,O,CLEAR,WATER (STANDING OR MOVING),0,RAN OFF ROADWAY (1 VEHICLE WITH/EARTH EMBANKMENT/DITCH),SINGLE VEHICLE,STRAIGHT & GRADE,DAYLIGHT,0,0,0,1
30043951,CAMPBELL,KY0008,StateRoute,,6TH,AVE,,39.1107772,-84.47713446,2.32,5/9/2022 0:00,1542,2,2,0,0,O,CLEAR,DRY,0,ANGLE COLLISION - OTHER,ANGLE,STRAIGHT & LEVEL,DAYLIGHT,0,0,0,1
30050469,CAMPBELL,US0027,USRoute,,ALEXANDRIA,PIKE,,38.96641529,-84.39302087,10.658,5/9/2022 0:00,731,2,2,0,0,O,CLEAR,DRY,0,OTHER INTERSECTION COLLISIONS,REAR END,STRAIGHT & LEVEL,DAYLIGHT,1,0,0,1
30050471,CAMPBELL,KY0010,StateRoute,,MAIN,ST,E,38.96009193,-84.38556833,1.768,5/10/2022 0:00,730,2,2,0,0,O,CLEAR,DRY,1,OTHER INTERSECTION COLLISIONS,REAR END,STRAIGHT & LEVEL,DAYLIGHT,1,0,0,1
30051202,CAMPBELL,,OTHR,,LAFAYETTE,AVE,,39.10264186,-84.48287089,0.291,5/10/2022 0:00,924,2,2,0,0,O,CLEAR,DRY,0,COLLISION WITH PARKED VEHICLE,ANGLE,STRAIGHT & LEVEL,DAYLIGHT,0,0,0,1
30042428,CAMPBELL,US0027,USRoute,,ALEXANDRIA,PIKE,,38.83479831,-84.36693751,0.92,5/10/2022 0:00,350,1,1,0,0,O,CLEAR,DRY,0,COLLISION WITH ANIMAL NON INTERSECTION,SINGLE VEHICLE,STRAIGHT & GRADE,DARK-HWY NOT LIGHTED,0,0,0,1
30054351,CAMPBELL,KY1120,StateRoute,,FT THOMAS,AVE,S,39.07041695,-84.44781037,4.909,5/10/2022 0:00,1136,1,1,0,0,O,CLEAR,DRY,0,COLLISION WITH FIXED OBJECT NON - INTERSECTION - FIRST EVENT COLLISION 09 - 32 EXCLUDING 16,SINGLE VEHICLE,STRAIGHT & LEVEL,DAYLIGHT,0,0,0,1
30045486,CAMPBELL,,OTHR,39,KIMBERLY,DR,E,39.1013449,-84.45872553,0.102,5/10/2022 0:00,1815,2,2,0,0,O,CLEAR,DRY,0,SIDESWIPE COLLISION - SAME DIRECTION,SIDESWIPE-SAME DIRECTION,STRAIGHT & GRADE,DAYLIGHT,0,0,0,1
30043155,CAMPBELL,I 0471,Interstate,,I471 S,,,39.09518926,-84.48130375,4.102,5/10/2022 0:00,1306,2,2,0,0,O,CLEAR,DRY,1,SIDESWIPE COLLISION - SAME DIRECTION,SIDESWIPE-SAME DIRECTION,STRAIGHT & LEVEL,DAYLIGHT,0,0,0,1
30069900,CAMPBELL,KY1892,StateRoute,59,CAROTHERS,RD,,39.08547563,-84.48008048,2.325,5/10/2022 0:00,1544,2,2,0,0,O,CLEAR,DRY,0,1 VEHICLE ENTERING/LEAVING ENTRANCE,ANGLE,STRAIGHT & LEVEL,DAYLIGHT,0,0,0,1
30043158,CAMPBELL,KY1892,StateRoute,57,CAROTHERS,RD,,39.08526989,-84.48031597,2.345,5/10/2022 0:00,1424,2,2,0,0,O,CLEAR,DRY,0,OTHER ROADWAY OR MID-BLOCK COLLISION,REAR END,STRAIGHT & LEVEL,DAYLIGHT,0,0,0,1
30053362,CAMPBELL,KY0009,StateRoute,,AA,HWY,,39.02103959,-84.48141852,17.615,5/11/2022 0:00,1624,2,2,0,0,O,CLEAR,DRY,0,OTHER ROADWAY OR MID-BLOCK COLLISION,REAR END,STRAIGHT & LEVEL,DAYLIGHT,0,0,0,1
30050522,CAMPBELL,I 0471,Interstate,,,,,39.06507242,-84.46479332,0.223,5/11/2022 0:00,1455,2,2,0,0,O,CLEAR,DRY,0,OTHER RAMP RELATED COLLISIONS NOT LISTED ABOVE,REAR END,STRAIGHT & GRADE,DAYLIGHT,0,0,0,1
30054348,CAMPBELL,KY1120,StateRoute,18,FT THOMAS,AVE,N,39.07931742,-84.44843473,4.146,5/11/2022 0:00,1245,2,2,0,0,O,CLEAR,DRY,0,SIDESWIPE COLLISION - SAME DIRECTION,SIDESWIPE-SAME DIRECTION,STRAIGHT & LEVEL,DAYLIGHT,0,0,0,1
30047574,CAMPBELL,US0027,USRoute,1100,MONMOUTH,ST,,39.08555521,-84.48683522,21.411,5/11/2022 0:00,1655,2,2,0,0,O,CLEAR,DRY,0,SIDESWIPE COLLISION - SAME DIRECTION,SIDESWIPE-SAME DIRECTION,STRAIGHT & GRADE,DAYLIGHT,0,0,0,1
30074598,CAMPBELL,,OTHR,1180,FT THOMAS,AVE,N,39.09166645,-84.44733911,0.592,5/11/2022 0:00,955,1,1,0,0,O,CLEAR,DRY,0,COLLISION WITH FIXED OBJECT IN INTERSECTION - FIRST EVENT COLLISION 09 - 32,SINGLE VEHICLE,STRAIGHT & GRADE,DAYLIGHT,1,0,0,1
30047364,CAMPBELL,KY1120,StateRoute,,11TH,ST,W,39.08346302,-84.49230716,0.488,5/11/2022 0:00,1600,2,2,0,0,O,CLEAR,DRY,0,OTHER INTERSECTION COLLISIONS,REAR END,STRAIGHT & LEVEL,DAYLIGHT,1,0,0,1
30074599,CAMPBELL,,OTHR,,COCHRAN,AVE,,39.06418994,-84.44515682,0.013,5/12/2022 0:00,1931,2,2,0,0,O,CLEAR,DRY,0,1 VEHICLE PARKED POSITION (NOT PARKING LOT/DRIVEWAY),BACKING,STRAIGHT & LEVEL,DAYLIGHT,0,0,0,1
30053540,CAMPBELL,US0027,USRoute,998,MONMOUTH,ST,,39.0886111,-84.49069036,21.707,5/12/2022 0:00,2000,1,1,0,0,O,CLEAR,DRY,0,COLLISION WITH FIXED OBJECT NON - INTERSECTION - FIRST EVENT COLLISION 09 - 32 EXCLUDING 16,SINGLE VEHICLE,STRAIGHT & LEVEL,DAYLIGHT,0,0,0,1
30053363,CAMPBELL,KY1998,StateRoute,,POOLES CREEK,RD,,39.01134718,-84.46816041,0.107,5/12/2022 0:00,1143,2,1,0,1,B,CLEAR,DRY,0,COLLISION WITH PEDESTRIAN NON - INTERSECTION,SINGLE VEHICLE,STRAIGHT & LEVEL,DAYLIGHT,0,0,1,0
30054267,CAMPBELL,US0027,USRoute,,ALEXANDRIA,PIKE,,39.0182461,-84.43573506,15.031,5/12/2022 0:00,1727,2,2,0,0,O,CLEAR,DRY,0,OTHER INTERSECTION COLLISIONS,REAR END,STRAIGHT & LEVEL,DAYLIGHT,1,0,0,1
30079015,CAMPBELL,US0027,USRoute,,ALEXANDRIA,PIKE,,38.96463325,-84.39282876,10.525,5/12/2022 0:00,1529,2,2,0,2,C,CLEAR,DRY,0,ANGLE COLLISION - ONE VEHICLE TURNING LEFT,ANGLE,STRAIGHT & LEVEL,DAYLIGHT,0,0,0,1
30087554,CAMPBELL,KY0008,StateRoute,,DAVE COWENS,DR,,39.09812744,-84.49275303,1.041,5/12/2022 0:00,1750,2,2,0,0,O,CLEAR,DRY,0,REAR END IN TRAFFIC LANES BOTH VEHICLES MOVING,REAR END,STRAIGHT & LEVEL,DAYLIGHT,0,0,0,1
30079016,CAMPBELL,,OTHR,,JEFFERSON,ST,S,38.95768199,-84.38803617,0.097,5/12/2022 0:00,1357,2,2,0,0,O,CLEAR,DRY,0,1 VEHICLE ENTERING/LEAVING ENTRANCE,ANGLE,STRAIGHT & LEVEL,DAYLIGHT,0,0,0,1
30051649,CAMPBELL,KY1892,StateRoute,100,GRAND,AVE,,39.08541571,-84.47467494,1.986,5/12/2022 0:00,1320,2,2,0,0,O,CLEAR,DRY,0,OTHER ROADWAY OR MID-BLOCK COLLISION,REAR END,STRAIGHT & LEVEL,DAYLIGHT,0,0,0,1
30055403,CAMPBELL,I 0471,Interstate,,,,,39.0854397,-84.47440732,0.204,5/13/2022 0:00,905,2,2,0,0,O,CLEAR,DRY,0,OTHER RAMP RELATED COLLISIONS NOT LISTED ABOVE,REAR END,CURVE & LEVEL,DAYLIGHT,0,0,0,1
30057097,CAMPBELL,KY1120,StateRoute,101,10TH,ST,E,39.08734813,-84.48863951,0.805,5/13/2022 0:00,2320,2,2,0,0,O,CLEAR,DRY,1,VEHICLE BACKING NON INTERSECTION,BACKING,STRAIGHT & LEVEL,DARK-HWY LIGHTED/ON,0,0,0,1
30095153,CAMPBELL,KY0008,StateRoute,145,FAIRFIELD,AVE,,39.10406211,-84.48595572,1.657,5/13/2022 0:00,1152,3,1,0,0,O,CLEAR,DRY,0,REAR END IN TRAFFIC LANES BOTH VEHICLES MOVING,REAR END,STRAIGHT & LEVEL,DAYLIGHT,0,0,0,1
30059604,CAMPBELL,US0027,USRoute,,ALEXANDRIA,PIKE,,38.86978628,-84.39473367,3.783,5/13/2022 0:00,2120,2,2,0,0,O,CLEAR,DRY,0,REAR END IN TRAFFIC LANES BOTH VEHICLES MOVING,REAR END,CURVE & LEVEL,DARK-HWY NOT LIGHTED,0,0,0,1
30064834,CAMPBELL,US0027,USRoute,,ALEXANDRIA,PIKE,,39.0007268,-84.42047698,13.616,5/13/2022 0:00,1255,2,2,0,0,O,CLEAR,DRY,0,ANGLE COLLISION - OTHER,ANGLE,STRAIGHT & LEVEL,DAYLIGHT,0,0,0,1
30064835,CAMPBELL,US0027,USRoute,,ALEXANDRIA,PIKE,,39.00431086,-84.42469284,13.948,5/13/2022 0:00,1719,2,2,0,0,O,CLEAR,DRY,0,ANGLE COLLISION - ONE VEHICLE TURNING LEFT,ANGLE,STRAIGHT & GRADE,DAYLIGHT,0,0,0,1
30074600,CAMPBELL,,OTHR,,WATERWORKS,RD,,39.08951636,-84.45006386,0.125,5/13/2022 0:00,1414,2,2,0,0,O,CLEAR,DRY,0,ANGLE COLLISION - ONE VEHICLE TURNING LEFT,ANGLE,STRAIGHT & GRADE,DAYLIGHT,0,0,0,1
30064752,CAMPBELL,US0027,USRoute,,ALEXANDRIA,PIKE,,38.98373381,-84.400563,12.047,5/13/2022 0:00,1909,2,2,0,0,O,CLEAR,DRY,0,OTHER INTERSECTION COLLISIONS,REAR END,STRAIGHT & GRADE,DAYLIGHT,1,0,0,1
30060239,CAMPBELL,KY0008,StateRoute,5140,MARY INGLES,HWY,,39.0369224,-84.39108839,10.73,5/13/2022 0:00,2123,2,2,0,0,O,CLEAR,DRY,0,1 VEHICLE PARKED POSITION (NOT PARKING LOT/DRIVEWAY),SIDESWIPE-SAME DIRECTION,STRAIGHT & LEVEL,DARK-HWY NOT LIGHTED,0,0,0,1
30071044,CAMPBELL,,OTHR,19,WESLEY,DR,,39.03946352,-84.47418353,0.123,5/14/2022 0:00,1315,1,1,0,0,O,CLEAR,DRY,0,COLLISION WITH FIXED OBJECT NON - INTERSECTION - FIRST EVENT COLLISION 09 - 32 EXCLUDING 16,SINGLE VEHICLE,STRAIGHT & LEVEL,DAYLIGHT,0,0,0,1
30062034,CAMPBELL,,OTHR,,SUNSET,DR,,39.0369429,-84.45735248,0.49,5/14/2022 0:00,2237,3,3,0,0,O,CLEAR,DRY,0,1 VEHICLE PARKED POSITION (NOT PARKING LOT/DRIVEWAY),SIDESWIPE-SAME DIRECTION,STRAIGHT & LEVEL,DARK-HWY LIGHTED/ON,0,0,0,1