IncidentID,County,RdwyNumber,RdwyType,Street,RoadwayName,StreetSfx,StreetDir,Latitude,Longitude,Milepoint,CollisionDate,CollisionTime,UnitsInvolved,MotorVehiclesInvolved,NumberKilled,NumberInjured,KABCO,Weather,RdwyConditionCode,HitandRun,DirAnalysisCode,MannerofCollision,RdwyCharacter,LightCondition,Intersection Crash,Bicyclist,Pedestrian,Motor Vehicles
30068640,CAMPBELL,,OTHR,145,STONEGATE,DR,,38.93972942,-84.38817812,0.405,5/14/2022 0:00,1122,2,2,0,0,O,CLEAR,DRY,0,1 VEHICLE PARKED POSITION (NOT PARKING LOT/DRIVEWAY),SIDESWIPE-SAME DIRECTION,STRAIGHT & HILLCREST,DAYLIGHT,0,0,0,1
30064077,CAMPBELL,,OTHR,108,RIDGE HILL,DR,,39.02230724,-84.46105652,0.102,5/14/2022 0:00,1255,2,2,0,0,O,CLOUDY,DRY,1,1 VEHICLE PARKED POSITION (NOT PARKING LOT/DRIVEWAY),SIDESWIPE-SAME DIRECTION,STRAIGHT & LEVEL,UNKNOWN,0,0,0,1
30062032,CAMPBELL,I 0275,Interstate,,I275 E,,,39.05020588,-84.44585648,74.147,5/14/2022 0:00,1249,1,1,0,0,O,RAINING,WET,0,RAN OFF ROADWAY (1 VEHICLE WITH/EARTH EMBANKMENT/DITCH),SINGLE VEHICLE,STRAIGHT & GRADE,DAYLIGHT,0,0,0,1
30059638,CAMPBELL,,OTHR,,4TH,ST,E,39.09376525,-84.49348356,0.377,5/14/2022 0:00,1837,2,2,0,0,O,CLOUDY,DRY,0,ANGLE COLLISION - OTHER,ANGLE,STRAIGHT & LEVEL,DAYLIGHT,0,0,0,1
30065408,CAMPBELL,US0027,USRoute,900,MONMOUTH,ST,,39.08820066,-84.49000397,21.661,5/14/2022 0:00,1421,2,2,0,0,O,CLEAR,DRY,0,SIDESWIPE COLLISION - SAME DIRECTION,SIDESWIPE-SAME DIRECTION,STRAIGHT & LEVEL,DAYLIGHT,0,0,0,1
30069901,CAMPBELL,I 0471,Interstate,,I471 N,,,39.09977447,-84.4930109,4.82,5/14/2022 0:00,1219,4,4,0,0,O,CLOUDY,DRY,0,SIDESWIPE COLLISION - SAME DIRECTION,SIDESWIPE-SAME DIRECTION,STRAIGHT & LEVEL,DAYLIGHT,0,0,0,1
30071043,CAMPBELL,I 0275,Interstate,,,,,39.02337313,-84.48290984,0.225,5/14/2022 0:00,1104,1,1,0,0,O,CLEAR,DRY,0,COLLISION WITH FIXED OBJECT NOT IN GORE ,SINGLE VEHICLE,STRAIGHT & GRADE,DAYLIGHT,0,0,0,1
30177541,CAMPBELL,,OTHR,,MAYFIELD,AVE,,39.07766679,-84.45107203,0.011,5/15/2022 0:00,1120,2,2,0,0,O,CLEAR,DRY,0,COLLISION WITH PARKED VEHICLE,SIDESWIPE-SAME DIRECTION,STRAIGHT & LEVEL,DAYLIGHT,0,0,0,1
30066235,CAMPBELL,,OTHR,400,SARATOGA,ST,,39.0935885,-84.49332154,0.6,5/15/2022 0:00,2200,2,2,0,0,O,CLEAR,DRY,1,1 VEHICLE PARKED POSITION (NOT PARKING LOT/DRIVEWAY),SIDESWIPE-SAME DIRECTION,STRAIGHT & LEVEL,UNKNOWN,0,0,0,1
30063283,CAMPBELL,KY0009,StateRoute,,AA,HWY,,38.98188826,-84.38046017,11.2,5/15/2022 0:00,2139,2,1,0,1,C,CLEAR,DRY,0,COLLISION WITH PEDESTRIAN NON - INTERSECTION,SINGLE VEHICLE,STRAIGHT & LEVEL,DARK-HWY NOT LIGHTED,0,0,1,0
30067189,CAMPBELL,,OTHR,,FLATWOODS,RD,,38.88838603,-84.35815599,0.169,5/16/2022 0:00,805,2,2,0,0,O,CLEAR,DRY,0,SIDESWIPE COLLISION - OPPOSITE DIRECTION,SIDESWIPE-OPPOSITE DIRECTION,CURVE & GRADE,DAWN,0,0,0,1
30065409,CAMPBELL,I 0471,Interstate,,I471 N,,,39.09967531,-84.49282114,4.808,5/16/2022 0:00,633,2,2,0,0,O,CLEAR,DRY,0,REAR END IN TRAFFIC LANES BOTH VEHICLES MOVING,REAR END,STRAIGHT & LEVEL,DAWN,0,0,0,1
30066271,CAMPBELL,,OTHR,,9TH,ST,E,39.08770368,-84.49130718,0.713,5/16/2022 0:00,1625,2,2,0,0,O,CLEAR,DRY,0,1 VEHICLE PARKED POSITION (NOT PARKING LOT/DRIVEWAY),SIDESWIPE-SAME DIRECTION,STRAIGHT & LEVEL,DAYLIGHT,0,0,0,1
30068266,CAMPBELL,,OTHR,243,RIDGEWAY,AVE,,39.07288814,-84.47559278,0.149,5/16/2022 0:00,1018,2,2,0,0,O,CLEAR,DRY,0,1 VEHICLE PARKED POSITION (NOT PARKING LOT/DRIVEWAY),SIDESWIPE-OPPOSITE DIRECTION,STRAIGHT & LEVEL,DAYLIGHT,0,0,0,1
30077169,CAMPBELL,,OTHR,40,HIDDEN VALLEY,DR,,39.03650069,-84.45229619,0.09,5/16/2022 0:00,1012,2,2,0,0,O,CLEAR,DRY,1,1 VEHICLE PARKED POSITION (NOT PARKING LOT/DRIVEWAY),BACKING,STRAIGHT & LEVEL,UNKNOWN,0,0,0,1
30063198,CAMPBELL,,OTHR,2124,LINDEN,RD,,39.07812237,-84.47696246,0.054,5/16/2022 0:00,239,2,2,0,0,O,CLOUDY,WET,1,1 VEHICLE PARKED POSITION (NOT PARKING LOT/DRIVEWAY),BACKING,STRAIGHT & GRADE,DUSK,0,0,0,1
30068536,CAMPBELL,,OTHR,24,ROCK HILL,LN,,39.09808671,-84.4634774,0.046,5/16/2022 0:00,1635,2,2,0,0,O,CLEAR,DRY,0,1 VEHICLE PARKED POSITION (NOT PARKING LOT/DRIVEWAY),BACKING,STRAIGHT & LEVEL,DAYLIGHT,0,0,0,1
30098777,CAMPBELL,,OTHR,,EDEN,AVE,,39.10795752,-84.48385781,0.22,5/16/2022 0:00,1340,2,2,0,0,O,CLEAR,DRY,0,REAR END - ONE VEHICLE TURNING RIGHT,REAR END,STRAIGHT & LEVEL,DAYLIGHT,0,0,0,1
30071035,CAMPBELL,KY0009,StateRoute,,LICKING,PIKE,,39.02266306,-84.48095391,17.738,5/17/2022 0:00,1538,3,3,0,0,O,CLEAR,DRY,0,OTHER ROADWAY OR MID-BLOCK COLLISION,REAR END,STRAIGHT & LEVEL,DAYLIGHT,0,0,0,1
30217919,CAMPBELL,US0027,USRoute,,ALEXANDRIA,PIKE,,39.02606119,-84.44767378,15.896,5/17/2022 0:00,815,2,2,0,0,O,CLEAR,DRY,0,OTHER ROADWAY OR MID-BLOCK COLLISION,REAR END,STRAIGHT & LEVEL,DAYLIGHT,0,0,0,1
30069906,CAMPBELL,,OTHR,,LOUIE B NUNN,DR,,39.02958752,-84.46412999,0.216,5/17/2022 0:00,830,1,1,0,0,O,CLEAR,DRY,0,OTHER ROADWAY OR MID-BLOCK COLLISION,SINGLE VEHICLE,STRAIGHT & LEVEL,DAYLIGHT,0,0,0,1
30070589,CAMPBELL,I 0471,Interstate,,GRAND,AVE,,39.09286342,-84.47902583,0.192,5/17/2022 0:00,1432,2,2,0,0,O,CLEAR,DRY,0,OTHER RAMP RELATED COLLISIONS NOT LISTED ABOVE,REAR END,CURVE & LEVEL,DAYLIGHT,0,0,0,1
30093803,CAMPBELL,,OTHR,,FT THOMAS,AVE,N,39.10726022,-84.45855316,2.099,5/17/2022 0:00,1420,1,1,0,0,O,CLEAR,DRY,0,COLLISION WITH FIXED OBJECT IN INTERSECTION - FIRST EVENT COLLISION 09 - 32,SINGLE VEHICLE,CURVE & GRADE,DAYLIGHT,1,0,0,1
30101460,CAMPBELL,KY1120,StateRoute,138,FT THOMAS,AVE,S,39.07682821,-84.44716779,4.371,5/17/2022 0:00,1224,2,2,0,0,O,CLEAR,DRY,0,1 VEHICLE PARKED POSITION (NOT PARKING LOT/DRIVEWAY),SIDESWIPE-SAME DIRECTION,STRAIGHT & LEVEL,DAYLIGHT,0,0,0,1
30074444,CAMPBELL,,OTHR,46,18TH,ST,,39.08057256,-84.48313025,0.082,5/17/2022 0:00,2330,2,2,0,0,O,CLOUDY,DRY,1,1 VEHICLE PARKED POSITION (NOT PARKING LOT/DRIVEWAY),SIDESWIPE-SAME DIRECTION,STRAIGHT & HILLCREST,DARK (UNKNOWN ROADWAY LIGHTING),0,0,0,1
30075310,CAMPBELL,KY0008,StateRoute,,FAIRFIELD,AVE,,39.10876674,-84.48030329,2.103,5/17/2022 0:00,1423,2,2,0,1,A,CLEAR,DRY,0,1 VEHICLE PARKED POSITION (NOT PARKING LOT/DRIVEWAY),REAR END,STRAIGHT & LEVEL,DAYLIGHT,0,0,0,1
30074602,CAMPBELL,KY1120,StateRoute,2350,MEMORIAL,PKWY,,39.08518411,-84.4512378,3.721,5/17/2022 0:00,1420,2,2,0,0,O,CLEAR,DRY,0,SIDESWIPE COLLISION - SAME DIRECTION,SIDESWIPE-SAME DIRECTION,CURVE & GRADE,DAYLIGHT,0,0,0,1
30068538,CAMPBELL,I 0471,Interstate,,I471 S,,,39.05278543,-84.46866975,0.704,5/17/2022 0:00,644,1,1,0,0,O,CLEAR,DRY,0,OTHER COLLISIONS ON SHOULDER,SINGLE VEHICLE,CURVE & LEVEL,DAYLIGHT,0,0,0,1
30076166,CAMPBELL,I 0471,Interstate,,I471 N,,,39.09959488,-84.49272867,4.801,5/18/2022 0:00,1839,5,5,0,0,O,RAINING,WET,0,REAR END IN TRAFFIC LANES BOTH VEHICLES MOVING,REAR END,STRAIGHT & LEVEL,DUSK,0,0,0,1
30080494,CAMPBELL,,OTHR,,UPPER TUG FORK,RD,,38.99509047,-84.38952693,,5/18/2022 0:00,1728,2,2,0,0,O,RAINING,WET,0,SIDESWIPE COLLISION - OPPOSITE DIRECTION,SIDESWIPE-OPPOSITE DIRECTION,CURVE & GRADE,DAYLIGHT,0,0,0,1
30082218,CAMPBELL,,OTHR,,CONSTABLE,DR,,38.95211019,-84.3931652,0.704,5/18/2022 0:00,1744,2,2,0,0,O,RAINING,WET,0,SIDESWIPE-SAME DIRECTION,SIDESWIPE-SAME DIRECTION,STRAIGHT & LEVEL,DAYLIGHT,0,0,0,1
30075108,CAMPBELL,US0027,USRoute,,ALEXANDRIA,PIKE,,38.86439041,-84.39240033,3.393,5/18/2022 0:00,810,2,2,0,2,A,CLEAR,DRY,0,OPPOSING LEFT TURN,OPPOSING LEFT TURN,STRAIGHT & GRADE,DAYLIGHT,0,0,0,1
30109228,CAMPBELL,,OTHR,,TIPPENHAUER,RD,,38.99515536,-84.44724281,0.008,5/18/2022 0:00,700,1,1,0,0,O,CLEAR,DRY,0,OTHER INTERSECTION COLLISIONS,SINGLE VEHICLE,STRAIGHT & GRADE,DAWN,1,0,0,1
30079463,CAMPBELL,KY0009,StateRoute,,AA,HWY,,39.00808765,-84.4615652,16.107,5/18/2022 0:00,1055,2,2,0,0,O,CLEAR,DRY,1,ANGLE COLLISION - OTHER,ANGLE,STRAIGHT & GRADE,DAYLIGHT,0,0,0,1
30075204,CAMPBELL,KY0008,StateRoute,,FAIRFIELD,AVE,,39.10189847,-84.48859384,1.453,5/18/2022 0:00,1142,2,2,0,0,O,CLEAR,DRY,0,OTHER ROADWAY OR MID-BLOCK COLLISION,REAR TO REAR,STRAIGHT & LEVEL,DAYLIGHT,0,0,0,1
30093369,CAMPBELL,,OTHR,12,PANORAMA,DR,,38.97271341,-84.39536119,0.168,5/19/2022 0:00,2119,1,1,0,0,O,SEVERE CROSSWINDS,WET,0,OTHER ROADWAY OR MID-BLOCK COLLISION,SINGLE VEHICLE,STRAIGHT & LEVEL,DARK-HWY LIGHTED/ON,0,0,0,1
30093364,CAMPBELL,US0027,USRoute,,ALEXANDRIA,PIKE,,38.98306318,-84.39967701,11.982,5/19/2022 0:00,1244,2,2,0,0,O,CLEAR,DRY,0,OTHER INTERSECTION COLLISIONS,REAR END,STRAIGHT & HILLCREST,DAYLIGHT,1,0,0,1
30087081,CAMPBELL,US0027,USRoute,,ALEXANDRIA,PIKE,,39.00209574,-84.42257005,13.752,5/19/2022 0:00,1439,2,2,0,0,O,CLEAR,DRY,0,VEHICLE BACKING IN INTERSECTION,BACKING,STRAIGHT & LEVEL,DAYLIGHT,1,0,0,1
30086638,CAMPBELL,,OTHR,15,ORCHARD,TER,,39.03270158,-84.43584991,0.157,5/19/2022 0:00,1845,2,2,0,0,O,CLOUDY,DRY,0,1 VEHICLE PARKED POSITION (NOT PARKING LOT/DRIVEWAY),ANGLE,STRAIGHT & GRADE,DAYLIGHT,0,0,0,1
30085952,CAMPBELL,KY0009,StateRoute,,LICKING,PIKE,,39.02284436,-84.48092383,17.752,5/19/2022 0:00,741,2,2,0,0,O,CLOUDY,DRY,0,REAR END IN TRAFFIC LANES BOTH VEHICLES MOVING,REAR END,STRAIGHT & LEVEL,DAYLIGHT,0,0,0,1
30092245,CAMPBELL,I 0275,Interstate,,I275 W,,,39.0338315,-84.47067378,76.189,5/20/2022 0:00,504,1,1,0,0,O,RAINING,WET,0,COLLISION WITH FIXED OBJECT NON - INTERSECTION - FIRST EVENT COLLISION 09 - 32 EXCLUDING 16,SINGLE VEHICLE,CURVE & LEVEL,DARK-HWY LIGHTED/ON,0,0,0,1
30092246,CAMPBELL,I 0471,Interstate,,I471 S,,,39.07582144,-84.46836857,2.565,5/20/2022 0:00,1240,1,1,0,0,O,CLEAR,DRY,0,COLLISION WITH FIXED OBJECT NON - INTERSECTION - FIRST EVENT COLLISION 09 - 32 EXCLUDING 16,SINGLE VEHICLE,STRAIGHT & HILLCREST,DAYLIGHT,0,0,0,1
30092249,CAMPBELL,KY1120,StateRoute,1011,FT THOMAS,AVE,S,39.06551187,-84.4461522,5.271,5/20/2022 0:00,2127,2,2,0,0,O,CLEAR,DRY,1,1 VEHICLE PARKED POSITION (NOT PARKING LOT/DRIVEWAY),SIDESWIPE-SAME DIRECTION,CURVE & LEVEL,DARK-HWY LIGHTED/ON,0,0,0,1
30094989,CAMPBELL,,OTHR,,SUNSET,DR,,39.03695686,-84.45713078,0.501,5/20/2022 0:00,2149,2,2,0,0,O,CLEAR,DRY,0,1 VEHICLE PARKED POSITION (NOT PARKING LOT/DRIVEWAY),SIDESWIPE-OPPOSITE DIRECTION,STRAIGHT & LEVEL,DARK-HWY LIGHTED/ON,0,0,0,1
30083603,CAMPBELL,KY1120,StateRoute,,11TH,ST,W,39.084235,-84.49092276,0.577,5/20/2022 0:00,1225,2,2,0,0,O,CLEAR,DRY,0,OTHER INTERSECTION COLLISIONS,REAR END,STRAIGHT & LEVEL,DAYLIGHT,1,0,0,1
30195425,CAMPBELL,KY0008,StateRoute,,FAIRFIELD,AVE,,39.10288361,-84.48739998,1.546,5/20/2022 0:00,1656,2,2,0,0,O,CLEAR,DRY,0,ANGLE COLLISION - OTHER,ANGLE,STRAIGHT & LEVEL,DAYLIGHT,0,0,0,1
30087814,CAMPBELL,I 0275,Interstate,,,,,39.04659216,-84.46497083,0.305,5/20/2022 0:00,143,1,1,0,0,O,CLOUDY,WET,0,OTHER RAMP RELATED COLLISIONS NOT LISTED ABOVE,SINGLE VEHICLE,STRAIGHT & LEVEL,DARK-HWY LIGHTED/ON,0,0,0,1
30089521,CAMPBELL,I 0275,Interstate,,,,,39.04780894,-84.46293886,0.081,5/20/2022 0:00,1530,2,2,0,0,O,CLEAR,DRY,1,OTHER RAMP RELATED COLLISIONS NOT LISTED ABOVE,SIDESWIPE-SAME DIRECTION,STRAIGHT & LEVEL,DAYLIGHT,0,0,0,1
30094990,CAMPBELL,,OTHR,257,SUNSET,DR,,39.03806631,-84.46099928,0.264,5/21/2022 0:00,1618,1,1,0,0,O,CLEAR,DRY,0,OTHER ROADWAY OR MID-BLOCK COLLISION,SINGLE VEHICLE,STRAIGHT & LEVEL,DAYLIGHT,0,0,0,1
30086640,CAMPBELL,US0027,USRoute,,ALEXANDRIA,PIKE,,39.02654126,-84.44836008,15.933,5/21/2022 0:00,1240,2,2,0,0,O,CLEAR,DRY,0,1 VEHICLE ENTERING/LEAVING ENTRANCE,ANGLE,STRAIGHT & LEVEL,DAYLIGHT,0,0,0,1
30086091,CAMPBELL,KY1892,StateRoute,57,CAROTHERS,RD,,39.085225,-84.48058145,2.358,5/21/2022 0:00,1429,2,2,0,0,O,RAINING,WET,1,SIDESWIPE COLLISION - SAME DIRECTION,SIDESWIPE-SAME DIRECTION,STRAIGHT & HILLCREST,OTHER,0,0,0,1
30109408,CAMPBELL,US0027,USRoute,,ALEXANDRIA,PIKE,,38.91328646,-84.38676567,6.918,5/21/2022 0:00,1459,2,1,0,2,C,RAINING,WET,0,ANGLE COLLISION - OTHER,ANGLE,STRAIGHT & LEVEL,DAYLIGHT,0,0,0,1
30243373,CAMPBELL,KY0008,StateRoute,,FAIRFIELD,AVE,,39.10575444,-84.48391488,1.82,5/21/2022 0:00,1600,2,2,0,0,O,CLEAR,DRY,1,OTHER INTERSECTION COLLISIONS,REAR END,STRAIGHT & LEVEL,DAYLIGHT,1,0,0,1
30092251,CAMPBELL,KY1120,StateRoute,1175,FT THOMAS,AVE,S,39.06323138,-84.44818895,5.473,5/21/2022 0:00,2041,2,2,0,0,O,CLEAR,DRY,0,1 VEHICLE PARKED POSITION (NOT PARKING LOT/DRIVEWAY),BACKING,STRAIGHT & LEVEL,DAYLIGHT,0,0,0,1
30087816,CAMPBELL,,OTHR,2689,NINE MILE,RD,,39.00340795,-84.36177616,2.334,5/21/2022 0:00,601,1,1,0,1,A,CLEAR,DRY,0,COLLISION WITH FIXED OBJECT NON - INTERSECTION - FIRST EVENT COLLISION 09 - 32 EXCLUDING 16,SINGLE VEHICLE,STRAIGHT & LEVEL,DAWN,0,0,0,1
30088512,CAMPBELL,,OTHR,208,OHIO,AVE,,39.08775162,-84.47064824,0.058,5/22/2022 0:00,905,1,1,0,0,O,CLOUDY,WET,1,COLLISION WITH FIXED OBJECT NON - INTERSECTION - FIRST EVENT COLLISION 09 - 32 EXCLUDING 16,SINGLE VEHICLE,STRAIGHT & GRADE,UNKNOWN,0,0,0,1
30092252,CAMPBELL,,OTHR,,CARMEL MANOR,DR,,39.06426933,-84.44354365,0.453,5/22/2022 0:00,1801,2,2,0,0,O,CLEAR,DRY,0,1 VEHICLE PARKED POSITION (NOT PARKING LOT/DRIVEWAY),BACKING,STRAIGHT & LEVEL,DAYLIGHT,0,0,0,1
30089983,CAMPBELL,US0027,USRoute,,3RD,ST,E,39.09408076,-84.49589892,22.194,5/22/2022 0:00,148,3,1,0,2,B,CLEAR,WET,1,COLLISION WITH PEDESTRIAN IN INTERSECTION,SINGLE VEHICLE,STRAIGHT & LEVEL,DARK-HWY LIGHTED/ON,1,0,1,0
30096194,CAMPBELL,KY0009,StateRoute,,LICKING,PIKE,,39.02291398,-84.48090567,17.757,5/22/2022 0:00,1325,3,3,0,0,O,CLEAR,DRY,0,REAR END IN TRAFFIC LANES BOTH VEHICLES MOVING,REAR END,STRAIGHT & LEVEL,DAYLIGHT,0,0,0,1
30090030,CAMPBELL,,OTHR,,SARATOGA,ST,,39.09438954,-84.49415809,0.671,5/22/2022 0:00,2325,2,2,0,0,O,CLEAR,DRY,1,OTHER ROADWAY OR MID-BLOCK COLLISION,REAR END,STRAIGHT & LEVEL,DARK-HWY LIGHTED/OFF,0,0,0,1
30094480,CAMPBELL,I 0471,Interstate,,I471 S,,,39.09987595,-84.49328209,4.837,5/23/2022 0:00,2210,1,1,0,0,O,CLEAR,DRY,0,OTHER ROADWAY OR MID-BLOCK COLLISION,SINGLE VEHICLE,STRAIGHT & LEVEL,DARK-HWY LIGHTED/ON,0,0,0,1
30096196,CAMPBELL,KY0009,StateRoute,,LICKING,PIKE,,39.02386001,-84.48072773,17.832,5/23/2022 0:00,729,3,3,0,0,O,CLOUDY,DRY,0,REAR END IN TRAFFIC LANES BOTH VEHICLES MOVING,REAR END,STRAIGHT & LEVEL,DAYLIGHT,0,0,0,1
30105186,CAMPBELL,I 0471,Interstate,,I471 S,,,39.05891409,-84.46962459,1.146,5/23/2022 0:00,2242,2,2,0,0,O,CLOUDY,DRY,0,REAR END IN TRAFFIC LANES BOTH VEHICLES MOVING,REAR END,CURVE & LEVEL,DUSK,0,0,0,1
30102266,CAMPBELL,KY0547,StateRoute,,FOUR MILE,RD,,38.98544915,-84.36343673,2.408,5/23/2022 0:00,1552,1,1,0,0,O,CLOUDY,WET,0,OTHER COLLISIONS ON SHOULDER,SINGLE VEHICLE,CURVE & GRADE,DAYLIGHT,0,0,0,1
30109227,CAMPBELL,US0027,USRoute,,ALEXANDRIA,PIKE,,38.92531341,-84.39252951,7.803,5/23/2022 0:00,1405,2,2,0,0,O,CLEAR,DRY,1,1 VEHICLE ENTERING/LEAVING ENTRANCE,ANGLE,STRAIGHT & LEVEL,DAYLIGHT,0,0,0,1
30093119,CAMPBELL,,OTHR,612,MONROE,ST,,39.09388207,-84.48852041,0.363,5/23/2022 0:00,1130,2,2,0,0,O,CLOUDY,DRY,0,1 VEHICLE PARKED POSITION (NOT PARKING LOT/DRIVEWAY),SIDESWIPE-SAME DIRECTION,STRAIGHT & LEVEL,DAYLIGHT,0,0,0,1
30097850,CAMPBELL,US0027,USRoute,7711,ALEXANDRIA,PIKE,,38.97511882,-84.39234043,11.264,5/23/2022 0:00,1325,1,1,0,0,O,CLOUDY,DRY,0,COLLISION WITH ANIMAL NON INTERSECTION,SINGLE VEHICLE,STRAIGHT & LEVEL,DAYLIGHT,0,0,0,1
30096389,CAMPBELL,KY0009,StateRoute,,AA,HWY,,39.00977703,-84.46882013,16.525,5/24/2022 0:00,725,1,1,0,0,O,CLEAR,DRY,0,COLLISION WITH ANIMAL NON INTERSECTION,SINGLE VEHICLE,STRAIGHT & LEVEL,DAYLIGHT,0,0,0,1
30123291,CAMPBELL,,OTHR,16,SOUTHVIEW,AVE,,39.06314219,-84.44862526,0.022,5/24/2022 0:00,1441,2,2,0,0,O,CLEAR,DRY,0,1 VEHICLE PARKED POSITION (NOT PARKING LOT/DRIVEWAY),BACKING,STRAIGHT & LEVEL,DAYLIGHT,0,0,0,1
30100793,CAMPBELL,,OTHR,,EVERGREEN,AVE,,39.0736928,-84.47442242,0.009,5/24/2022 0:00,1152,2,2,0,0,O,CLEAR,DRY,1,1 VEHICLE PARKED POSITION (NOT PARKING LOT/DRIVEWAY),SIDESWIPE-OPPOSITE DIRECTION,STRAIGHT & LEVEL,DAYLIGHT,0,0,0,1
30109212,CAMPBELL,KY0008,StateRoute,,MARY INGLES,HWY,,39.04405765,-84.42053833,9.062,5/24/2022 0:00,1146,2,2,0,3,B,CLEAR,DRY,0,OPPOSING LEFT TURN,OPPOSING LEFT TURN,STRAIGHT & LEVEL,DAYLIGHT,0,0,0,1
30101628,CAMPBELL,US0027,USRoute,3920,ALEXANDRIA,PIKE,,39.02364941,-84.44229431,15.568,5/24/2022 0:00,1800,2,2,0,0,O,CLEAR,DRY,0,SIDESWIPE COLLISION - SAME DIRECTION,SIDESWIPE-SAME DIRECTION,STRAIGHT & LEVEL,DAYLIGHT,0,0,0,1
30102764,CAMPBELL,KY0008,StateRoute,,DAVE COWENS,DR,,39.10105963,-84.48949989,1.372,5/24/2022 0:00,1613,2,2,0,0,O,CLEAR,DRY,1,SIDESWIPE COLLISION - SAME DIRECTION,SIDESWIPE-SAME DIRECTION,STRAIGHT & LEVEL,DAYLIGHT,0,0,0,1
30097890,CAMPBELL,US0027,USRoute,300,MONMOUTH,ST,,39.09343016,-84.4951331,22.118,5/24/2022 0:00,1050,2,2,0,0,O,CLEAR,DRY,0,SIDESWIPE COLLISION - SAME DIRECTION,SIDESWIPE-SAME DIRECTION,STRAIGHT & LEVEL,DAYLIGHT,0,0,0,1
30101142,CAMPBELL,,OTHR,118,HIGHLAND,AVE,,39.07740881,-84.45127203,1.217,5/24/2022 0:00,853,2,2,0,0,O,CLEAR,DRY,0,1 VEHICLE ENTERING/LEAVING ENTRANCE,ANGLE,STRAIGHT & LEVEL,DAYLIGHT,0,0,0,1
30099780,CAMPBELL,US0027,USRoute,,3RD,ST,E,39.093453,-84.49687111,22.247,5/24/2022 0:00,2237,2,2,0,0,O,CLEAR,DRY,0,1 VEHICLE ENTERING/LEAVING ENTRANCE,ANGLE,CURVE & LEVEL,DARK-HWY LIGHTED/ON,0,0,0,1
30107795,CAMPBELL,US0027,USRoute,,ALEXANDRIA,PIKE,,39.01827999,-84.43604279,15.044,5/24/2022 0:00,1435,2,2,0,0,O,CLEAR,DRY,0,REAR END IN TRAFFIC LANES BOTH VEHICLES MOVING,REAR END,STRAIGHT & LEVEL,DAYLIGHT,0,0,0,1
30100792,CAMPBELL,I 0471,Interstate,,,,,39.06520105,-84.46441115,0.25,5/24/2022 0:00,1027,2,2,0,0,O,CLEAR,DRY,0,OTHER RAMP RELATED COLLISIONS NOT LISTED ABOVE,REAR END,CURVE & GRADE,DAYLIGHT,0,0,0,1
30110911,CAMPBELL,US0027,USRoute,,ALEXANDRIA,PIKE,,38.98314703,-84.39956706,11.98,5/25/2022 0:00,2029,2,2,0,2,A,CLOUDY,DRY,0,OPPOSING LEFT TURN,OPPOSING LEFT TURN,STRAIGHT & GRADE,DAYLIGHT,0,0,0,1
30102763,CAMPBELL,KY0008,StateRoute,,DAVE COWENS,DR,,39.09801074,-84.49288543,1.024,5/25/2022 0:00,1010,2,2,0,0,O,CLOUDY,DRY,0,ANGLE COLLISION - ONE VEHICLE TURNING RIGHT,ANGLE,STRAIGHT & LEVEL,DAYLIGHT,0,0,0,1
30105509,CAMPBELL,,OTHR,,WILLIAMS,LN,,39.02953243,-84.34408444,0.238,5/25/2022 0:00,1958,2,2,0,0,O,RAINING,WET,0,1 VEHICLE PARKED POSITION (NOT PARKING LOT/DRIVEWAY),SIDESWIPE-SAME DIRECTION,STRAIGHT & LEVEL,DUSK,0,0,0,1
30103294,CAMPBELL,,OTHR,15,6TH,ST,W,39.09062712,-84.49526111,0.023,5/25/2022 0:00,1630,2,2,0,0,O,CLOUDY,DRY,1,1 VEHICLE PARKED POSITION (NOT PARKING LOT/DRIVEWAY),SIDESWIPE-OPPOSITE DIRECTION,STRAIGHT & LEVEL,DAYLIGHT,0,0,0,1
30107796,CAMPBELL,,OTHR,,ST MICHAEL,DR,,39.02311486,-84.44174138,0.133,5/25/2022 0:00,2127,1,1,0,0,O,CLEAR,DRY,0,COLLISION WITH ANIMAL NON INTERSECTION,SINGLE VEHICLE,STRAIGHT & LEVEL,DARK-HWY LIGHTED/ON,0,0,0,1
30105185,CAMPBELL,KY0009,StateRoute,,LICKING,PIKE,,39.06925393,-84.4892738,21.203,5/25/2022 0:00,1925,1,1,0,0,O,CLOUDY,DRY,0,COLLISION WITH ANIMAL NON INTERSECTION,SINGLE VEHICLE,STRAIGHT & HILLCREST,DAYLIGHT,0,0,0,1
30104488,CAMPBELL,US0027,USRoute,,MONMOUTH,ST,,39.08602921,-84.48747678,21.456,5/25/2022 0:00,2244,2,2,0,0,O,CLEAR,DRY,1,OTHER INTERSECTION COLLISIONS,REAR END,STRAIGHT & HILLCREST,DARK-HWY LIGHTED/ON,1,0,0,1
30109706,CAMPBELL,US0027,USRoute,8117,ALEXANDRIA,PIKE,,38.95944315,-84.39310907,10.182,5/26/2022 0:00,1301,2,2,0,0,O,CLOUDY,DRY,0,1 VEHICLE ENTERING/LEAVING ENTRANCE,ANGLE,STRAIGHT & GRADE,DAYLIGHT,0,0,0,1
30125275,CAMPBELL,,OTHR,,ROUTE 9,,,39.00982112,-84.46905741,,5/26/2022 0:00,1524,2,2,0,0,O,CLOUDY,WET,0,1 VEHICLE ENTERING/LEAVING ENTRANCE,ANGLE,STRAIGHT & GRADE,DAYLIGHT,0,0,0,1