IncidentID,County,RdwyNumber,RdwyType,Street,RoadwayName,StreetSfx,StreetDir,Latitude,Longitude,Milepoint,CollisionDate,CollisionTime,UnitsInvolved,MotorVehiclesInvolved,NumberKilled,NumberInjured,KABCO,Weather,RdwyConditionCode,HitandRun,DirAnalysisCode,MannerofCollision,RdwyCharacter,LightCondition,Intersection Crash,Bicyclist,Pedestrian,Motor Vehicles
30108096,CAMPBELL,KY0010,StateRoute,,MAIN,ST,W,38.9509859,-84.39955215,,5/26/2022 0:00,210,1,1,0,1,A,CLOUDY,OIL,0,OTHER COLLISIONS ON SHOULDER,SINGLE VEHICLE,STRAIGHT & GRADE,DARK-HWY NOT LIGHTED,0,0,0,1
30108097,CAMPBELL,KY0009,StateRoute,,AA,HWY,,38.93350126,-84.31366149,6.119,5/26/2022 0:00,719,1,1,0,0,O,RAINING,WET,0,COLLISION WITH ANIMAL NON INTERSECTION,SINGLE VEHICLE,STRAIGHT & LEVEL,DAYLIGHT,0,0,0,1
30109648,CAMPBELL,,OTHR,10,7TH,ST,E,39.09004695,-84.49287341,0.594,5/26/2022 0:00,1233,2,2,0,0,O,CLOUDY,DRY,0,1 VEHICLE PARKED POSITION (NOT PARKING LOT/DRIVEWAY),SIDESWIPE-SAME DIRECTION,STRAIGHT & LEVEL,DAYLIGHT,0,0,0,1
30121489,CAMPBELL,US0027,USRoute,,ALEXANDRIA,PIKE,,39.03696983,-84.45396163,16.733,5/26/2022 0:00,1335,2,2,0,0,O,CLOUDY,DRY,0,ANGLE COLLISION - ONE VEHICLE TURNING LEFT,ANGLE,STRAIGHT & LEVEL,DAYLIGHT,0,0,0,1
30115950,CAMPBELL,US0027,USRoute,,ALEXANDRIA,PIKE,,39.00316273,-84.42344605,13.834,5/26/2022 0:00,1658,2,2,0,0,O,CLOUDY,WET,0,ANGLE COLLISION - OTHER,ANGLE,STRAIGHT & LEVEL,DAYLIGHT,0,0,0,1
30109348,CAMPBELL,,OTHR,,HIGHLAND,AVE,,39.07610103,-84.46059134,0.628,5/26/2022 0:00,1330,2,2,0,0,O,CLEAR,WET,0,ANGLE COLLISION - OTHER,ANGLE,STRAIGHT & LEVEL,DAYLIGHT,0,0,0,1
30107098,CAMPBELL,I 0471,Interstate,,,,,39.09283655,-84.47908584,0.196,5/26/2022 0:00,1503,2,2,0,0,O,CLOUDY,WET,0,OTHER INTERSECTION COLLISIONS,REAR END,CURVE & LEVEL,DAYLIGHT,1,0,0,1
30125274,CAMPBELL,KY0009,StateRoute,,AA,HWY,,39.01439001,-84.47639628,17.063,5/26/2022 0:00,851,2,2,0,0,O,RAINING,WET,0,OTHER ROADWAY OR MID-BLOCK COLLISION,REAR END,STRAIGHT & LEVEL,DAYLIGHT,0,0,0,1
30108675,CAMPBELL,I 0471,Interstate,,,,,39.09291749,-84.47891599,0.185,5/26/2022 0:00,2026,2,2,0,0,O,CLOUDY,WET,1,OTHER RAMP RELATED COLLISIONS NOT LISTED ABOVE,ANGLE,CURVE & LEVEL,DARK-HWY LIGHTED/ON,0,0,0,1
30111105,CAMPBELL,US0027,USRoute,,,,,39.00339329,-84.42313959,0.552,5/26/2022 0:00,1117,2,2,0,0,O,CLOUDY,WET,0,OTHER RAMP RELATED COLLISIONS NOT LISTED ABOVE,REAR END,STRAIGHT & LEVEL,DAYLIGHT,0,0,0,1
30111091,CAMPBELL,,OTHR,,NEWPORT PAVILION,,,39.08644336,-84.47726258,0.595,5/27/2022 0:00,1400,2,2,0,0,O,RAINING,WET,0,OTHER INTERSECTION COLLISIONS,REAR END,STRAIGHT & LEVEL,DAYLIGHT,1,0,0,1
30110870,CAMPBELL,KY1892,StateRoute,,CAROTHERS,RD,,39.08637059,-84.47723844,2.152,5/27/2022 0:00,826,2,2,0,0,O,CLEAR,DRY,0,ANGLE COLLISION - OTHER,ANGLE,CURVE & GRADE,DAYLIGHT,0,0,0,1
30123669,CAMPBELL,,OTHR,,BOYD,RD,,38.86094385,-84.39422678,0.259,5/27/2022 0:00,2323,1,1,0,0,O,CLOUDY,WET,0,COLLISION WITH FIXED OBJECT IN INTERSECTION - FIRST EVENT COLLISION 09 - 32,SINGLE VEHICLE,STRAIGHT & LEVEL,DARK-HWY NOT LIGHTED,1,0,0,1
30112644,CAMPBELL,,OTHR,500,TAYLOR,AVE,,39.10210562,-84.48004036,0.445,5/27/2022 0:00,2326,2,2,0,0,O,CLOUDY,WET,0,1 VEHICLE PARKED POSITION (NOT PARKING LOT/DRIVEWAY),SIDESWIPE-SAME DIRECTION,STRAIGHT & LEVEL,DARK (UNKNOWN ROADWAY LIGHTING),0,0,0,1
30125329,CAMPBELL,KY0009,StateRoute,,LICKING,PIKE,,39.02848662,-84.48012374,18.133,5/27/2022 0:00,1131,1,1,0,0,O,CLOUDY,WET,0,COLLISION WITH ANIMAL NON INTERSECTION,SINGLE VEHICLE,STRAIGHT & LEVEL,DAYLIGHT,0,0,0,1
30116778,CAMPBELL,,OTHR,,POPLAR RIDGE,RD,,38.97484295,-84.3818982,,5/27/2022 0:00,2328,1,1,0,0,O,CLOUDY,DRY,0,COLLISION WITH FIXED OBJECT NON - INTERSECTION - FIRST EVENT COLLISION 09 - 32 EXCLUDING 16,SINGLE VEHICLE,CURVE & GRADE,DARK-HWY NOT LIGHTED,0,0,0,1
30112691,CAMPBELL,KY1892,StateRoute,35,CAROTHERS,RD,,39.08500276,-84.48079275,2.377,5/27/2022 0:00,2200,2,2,0,0,O,RAINING,WET,0,1 VEHICLE ENTERING/LEAVING ENTRANCE,ANGLE,STRAIGHT & GRADE,DARK-HWY LIGHTED/ON,0,0,0,1
30112661,CAMPBELL,,OTHR,,3RD,ST,W,39.09119516,-84.50051531,0.031,5/27/2022 0:00,2234,2,2,0,0,O,CLEAR,WET,0,1 VEHICLE ENTERING/LEAVING ENTRANCE,ANGLE,CURVE & LEVEL,DARK-HWY LIGHTED/ON,0,0,0,1
30118819,CAMPBELL,KY1632,StateRoute,,MOOCK,RD,,39.06477286,-84.46936287,1.353,5/27/2022 0:00,2237,2,2,0,0,O,CLOUDY,WET,0,SIDESWIPE COLLISION - OPPOSITE DIRECTION,SIDESWIPE-OPPOSITE DIRECTION,CURVE & GRADE,DARK-HWY NOT LIGHTED,0,0,0,1
30110862,CAMPBELL,I 0471,Interstate,ON BRIDGE,I471 N,,,39.10016431,-84.49378775,4.87,5/27/2022 0:00,754,4,4,0,0,O,CLEAR,DRY,0,REAR END IN TRAFFIC LANES BOTH VEHICLES MOVING,REAR END,STRAIGHT & LEVEL,DAYLIGHT,0,0,0,1
30113925,CAMPBELL,I 0471,Interstate,,I471 N,,,39.0999267,-84.49306275,,5/28/2022 0:00,1530,2,2,0,0,O,CLEAR,DRY,0,REAR END IN TRAFFIC LANES BOTH VEHICLES MOVING,REAR END,STRAIGHT & LEVEL,DAYLIGHT,0,0,0,1
30113970,CAMPBELL,US0027,USRoute,,MONMOUTH,ST,,39.07988084,-84.48122868,20.903,5/28/2022 0:00,1203,2,2,0,2,B,CLEAR,DRY,0,1 VEHICLE ENTERING/LEAVING ENTRANCE,ANGLE,STRAIGHT & LEVEL,DAYLIGHT,0,0,0,1
30126069,CAMPBELL,KY0008,StateRoute,217,6TH,AVE,,39.11027207,-84.47805367,2.261,5/28/2022 0:00,2102,3,3,0,0,O,CLEAR,DRY,0,1 VEHICLE PARKED POSITION (NOT PARKING LOT/DRIVEWAY),SIDESWIPE-SAME DIRECTION,STRAIGHT & LEVEL,DAYLIGHT,0,0,0,1
30115711,CAMPBELL,KY0915,StateRoute,,LICKING,PIKE,,38.92245726,-84.39774336,0.531,5/28/2022 0:00,1300,1,1,0,1,C,CLEAR,DRY,0,RAN OFF ROADWAY (1 VEHICLE WITH/EARTH EMBANKMENT/DITCH),SINGLE VEHICLE,STRAIGHT & LEVEL,DAYLIGHT,0,0,0,1
30113924,CAMPBELL,,OTHR,,NEWPORT PAVILION,,,39.09267027,-84.48060152,0.004,5/28/2022 0:00,1435,2,2,0,0,O,BLOWING SAND/SOIL/DIRT/SNOW,DRY,0,OTHER INTERSECTION COLLISIONS,REAR END,CURVE & GRADE,DAYLIGHT,1,0,0,1
30128940,CAMPBELL,,OTHR,51,PAUL,LN,,38.95056855,-84.39835977,0.321,5/28/2022 0:00,302,1,1,0,0,O,CLOUDY,WET,0,OTHER ROADWAY OR MID-BLOCK COLLISION,SINGLE VEHICLE,STRAIGHT & HILLCREST,DARK-HWY NOT LIGHTED,0,0,0,1
30116794,CAMPBELL,US0027,USRoute,,MONMOUTH,ST,,39.08383616,-84.48397703,21.217,5/29/2022 0:00,1250,2,2,0,0,O,CLEAR,DRY,1,OTHER INTERSECTION COLLISIONS,REAR END,STRAIGHT & LEVEL,DAYLIGHT,1,0,0,1
30162012,CAMPBELL,,OTHR,,5TH,AVE,,39.11428122,-84.46615061,0.298,5/29/2022 0:00,0,2,1,0,0,O,CLEAR,DRY,1,1 VEHICLE PARKED POSITION (NOT PARKING LOT/DRIVEWAY),SIDESWIPE-SAME DIRECTION,STRAIGHT & LEVEL,DARK-HWY LIGHTED/ON,0,0,0,1
30126075,CAMPBELL,,OTHR,1108,DAYTON,AVE,,39.10984776,-84.46955301,0.07,5/29/2022 0:00,147,4,4,0,0,O,CLEAR,DRY,1,1 VEHICLE PARKED POSITION (NOT PARKING LOT/DRIVEWAY),SIDESWIPE-SAME DIRECTION,STRAIGHT & GRADE,DARK-HWY NOT LIGHTED,0,0,0,1
30117991,CAMPBELL,I 0471,Interstate,,I471 S,,,39.10013652,-84.49414461,4.885,5/29/2022 0:00,143,4,4,0,4,A,CLEAR,DRY,0,REAR END IN TRAFFIC LANES BOTH VEHICLES MOVING,REAR END,STRAIGHT & LEVEL,DARK-HWY LIGHTED/ON,0,0,0,1
30385776,CAMPBELL,,OTHR,820,ERVIN,TER,,39.11040848,-84.47466264,0.246,5/29/2022 0:00,1633,1,1,0,0,O,CLEAR,DRY,1,1 VEHICLE PARKED POSITION (NOT PARKING LOT/DRIVEWAY),SINGLE VEHICLE,STRAIGHT & GRADE,DAYLIGHT,0,0,0,1
30172966,CAMPBELL,,OTHR,,COVERT RUN,PIKE,,39.10119808,-84.45469968,0.174,5/30/2022 0:00,2001,1,1,0,2,B,CLEAR,DRY,0,OTHER ROADWAY OR MID-BLOCK COLLISION,SINGLE VEHICLE,CURVE & GRADE,DAYLIGHT,0,0,0,1
30123294,CAMPBELL,I 0471,Interstate,,,,,39.08185217,-84.46968537,0.345,5/30/2022 0:00,1448,2,2,0,0,O,CLEAR,DRY,0,OTHER RAMP RELATED COLLISIONS NOT LISTED ABOVE,SIDESWIPE-SAME DIRECTION,STRAIGHT & HILLCREST,DAYLIGHT,0,0,0,1
30121054,CAMPBELL,I 0275,Interstate,,I275 E,,,39.02553467,-84.47729775,76.84,5/30/2022 0:00,2145,2,2,0,0,O,CLEAR,DRY,0,COLLISION WITH ANIMAL NON INTERSECTION,HEAD ON,STRAIGHT & GRADE,DARK-HWY LIGHTED/ON,0,0,0,1
30160509,CAMPBELL,,OTHR,,5TH,AVE,,39.11412463,-84.46440843,0.203,5/30/2022 0:00,0,2,2,0,0,O,CLEAR,DRY,1,1 VEHICLE PARKED POSITION (NOT PARKING LOT/DRIVEWAY),SIDESWIPE-SAME DIRECTION,STRAIGHT & LEVEL,DUSK,0,0,0,1
30123290,CAMPBELL,,OTHR,70,STERLING,AVE,,39.08540516,-84.44655801,0.165,5/30/2022 0:00,130,2,2,0,0,O,CLEAR,DRY,1,1 VEHICLE PARKED POSITION (NOT PARKING LOT/DRIVEWAY),BACKING,STRAIGHT & LEVEL,DARK-HWY LIGHTED/ON,0,0,0,1
30166246,CAMPBELL,,OTHR,,ERVIN,TER,,39.11160709,-84.47578429,0.349,5/30/2022 0:00,1430,2,1,0,0,O,CLEAR,DRY,0,1 VEHICLE PARKED POSITION (NOT PARKING LOT/DRIVEWAY),BACKING,STRAIGHT & LEVEL,DAYLIGHT,0,0,0,1
30125041,CAMPBELL,KY0009,StateRoute,,LICKING,PIKE,,39.06579258,-84.48692731,20.933,5/30/2022 0:00,1422,2,2,0,0,O,CLEAR,DRY,0,ANGLE COLLISION - OTHER,ANGLE,STRAIGHT & LEVEL,DAYLIGHT,0,0,0,1
30128395,CAMPBELL,I 0471,Interstate,,I471 N,,,39.07716107,-84.46936018,2.652,5/31/2022 0:00,1700,2,2,0,0,O,CLEAR,DRY,0,SIDESWIPE COLLISION - SAME DIRECTION,SIDESWIPE-SAME DIRECTION,STRAIGHT & LEVEL,DAYLIGHT,0,0,0,1
30125042,CAMPBELL,KY2345,StateRoute,835,JOHNS HILL,RD,,39.03843875,-84.47629762,1.963,5/31/2022 0:00,1343,2,2,0,0,O,CLEAR,DRY,0,VEHICLE BACKING NON INTERSECTION,BACKING,STRAIGHT & LEVEL,DAYLIGHT,0,0,0,1
30128405,CAMPBELL,US0027,USRoute,,ALEXANDRIA,PIKE,,39.06475736,-84.46094764,19.32,5/31/2022 0:00,1408,2,2,0,1,B,CLEAR,DRY,0,REAR END IN TRAFFIC LANES BOTH VEHICLES MOVING,REAR END,CURVE & LEVEL,DAYLIGHT,0,0,0,1
30140297,CAMPBELL,US0027,USRoute,,ALEXANDRIA,PIKE,,38.985305,-84.40238552,12.201,5/31/2022 0:00,1756,3,3,0,0,O,CLEAR,DRY,1,REAR END IN TRAFFIC LANES BOTH VEHICLES MOVING,REAR END,STRAIGHT & GRADE,DAYLIGHT,0,0,0,1
30129804,CAMPBELL,I 0471,Interstate,,I471 N,,,39.10111658,-84.49567866,4.992,5/31/2022 0:00,1544,2,2,0,0,O,CLEAR,DRY,0,REAR END IN TRAFFIC LANES BOTH VEHICLES MOVING,REAR END,STRAIGHT & LEVEL,DAYLIGHT,0,0,0,1
30128816,CAMPBELL,,OTHR,70,STERLING,AVE,,39.08533101,-84.44643532,0.173,5/31/2022 0:00,1733,2,2,0,0,O,CLOUDY,DRY,1,1 VEHICLE PARKED POSITION (NOT PARKING LOT/DRIVEWAY),ANGLE,STRAIGHT & LEVEL,DAYLIGHT,0,0,0,1
30134084,CAMPBELL,I 0275,Interstate,,I275 E,,,39.04827914,-84.45086865,74.447,5/31/2022 0:00,2156,2,1,0,2,B,CLEAR,DRY,0,RAN OFF ROADWAY (1 VEHICLE WITH/EARTH EMBANKMENT/DITCH),SINGLE VEHICLE,STRAIGHT & GRADE,DARK-HWY LIGHTED/ON,0,0,0,1
30125633,CAMPBELL,,OTHR,1787,MONMOUTH,ST,,39.08874094,-84.48765645,,5/31/2022 0:00,802,1,1,0,0,O,CLEAR,DRY,0,COLLISION WITH FIXED OBJECT NON - INTERSECTION - FIRST EVENT COLLISION 09 - 32 EXCLUDING 16,SINGLE VEHICLE,STRAIGHT & LEVEL,DAYLIGHT,0,0,0,1
30124011,CAMPBELL,I 0275,Interstate,,I275 W,,,39.05033432,-84.44658772,74.178,5/31/2022 0:00,735,1,1,0,1,B,CLEAR,DRY,0,OCCUPANT FELL FROM MOVING VEHICLE,SINGLE VEHICLE,STRAIGHT & LEVEL,DAYLIGHT,0,0,0,1
30129886,CAMPBELL,I 0471,Interstate,,I471 N,,,39.10094038,-84.49523854,4.965,6/1/2022 0:00,1059,1,1,0,0,O,CLEAR,DRY,0,OTHER ROADWAY OR MID-BLOCK COLLISION,SINGLE VEHICLE,STRAIGHT & LEVEL,DAYLIGHT,0,0,0,1
30139588,CAMPBELL,KY2238,StateRoute,,UNIVERSITY,DR,,39.03481256,-84.46077378,0.424,6/1/2022 0:00,1750,2,2,0,0,O,CLEAR,DRY,0,OTHER INTERSECTION COLLISIONS,REAR END,STRAIGHT & LEVEL,DAYLIGHT,1,0,0,1
30132056,CAMPBELL,US0027,USRoute,,MONMOUTH,ST,,39.09028689,-84.49242731,21.853,6/1/2022 0:00,1825,2,2,0,0,O,CLEAR,DRY,0,COLLISION WITH PARKED VEHICLE,SIDESWIPE-SAME DIRECTION,STRAIGHT & LEVEL,DAYLIGHT,0,0,0,1
30143367,CAMPBELL,,OTHR,,3RD,ST,W,39.09253713,-84.49833981,0.081,6/1/2022 0:00,1455,2,2,0,0,O,CLEAR,DRY,0,ANGLE COLLISION - OTHER,ANGLE,STRAIGHT & LEVEL,DAYLIGHT,0,0,0,1
30143051,CAMPBELL,,OTHR,1630,CRAFT,RD,,38.90447361,-84.37288995,1.025,6/1/2022 0:00,1405,2,2,0,1,A,CLEAR,DRY,0,SIDESWIPE COLLISION - OPPOSITE DIRECTION,SIDESWIPE-OPPOSITE DIRECTION,STRAIGHT & HILLCREST,DAYLIGHT,0,0,0,1
30132125,CAMPBELL,KY0009,StateRoute,,AA,HWY,,39.01853557,-84.48055776,17.366,6/1/2022 0:00,2345,2,2,0,0,O,CLOUDY,WET,0,SIDESWIPE COLLISION - SAME DIRECTION,SIDESWIPE-SAME DIRECTION,STRAIGHT & LEVEL,DARK-HWY LIGHTED/ON,0,0,0,1
30136860,CAMPBELL,KY0008,StateRoute,5750,MARY INGLES,HWY,,39.0296299,-84.3626111,12.357,6/1/2022 0:00,2000,2,2,0,0,O,CLEAR,DRY,0,SIDESWIPE COLLISION - SAME DIRECTION,SIDESWIPE-SAME DIRECTION,STRAIGHT & LEVEL,DUSK,0,0,0,1
30140463,CAMPBELL,KY0008,StateRoute,100,DAVE COWENS,DR,,39.10023353,-84.49038411,1.298,6/2/2022 0:00,1634,2,2,0,0,O,CLEAR,DRY,0,REAR END IN TRAFFIC LANES BOTH VEHICLES MOVING,REAR END,STRAIGHT & LEVEL,DAYLIGHT,0,0,0,1
30135856,CAMPBELL,I 0471,Interstate,,I471 N,,,39.07650673,-84.46880227,2.597,6/2/2022 0:00,1541,2,2,0,0,O,CLEAR,DRY,0,SIDESWIPE COLLISION - SAME DIRECTION,SIDESWIPE-SAME DIRECTION,STRAIGHT & LEVEL,DAYLIGHT,0,0,0,1
30140744,CAMPBELL,KY0009,StateRoute,503,12TH,ST,W,39.08111574,-84.49333581,22.209,6/2/2022 0:00,1707,2,1,0,0,O,CLEAR,DRY,1,SIDESWIPE COLLISION - OPPOSITE DIRECTION,SIDESWIPE-OPPOSITE DIRECTION,STRAIGHT & GRADE,DAYLIGHT,0,0,0,1
30136573,CAMPBELL,,OTHR,73,18TH,ST,,39.08055365,-84.48569826,0.222,6/2/2022 0:00,1733,2,2,0,0,O,CLEAR,DRY,1,1 VEHICLE PARKED POSITION (NOT PARKING LOT/DRIVEWAY),REAR END,STRAIGHT & GRADE,DAYLIGHT,0,0,0,1
30149278,CAMPBELL,,OTHR,,NEWMAN,AVE,,39.08186248,-84.46380893,0.435,6/2/2022 0:00,1732,2,2,0,1,C,CLEAR,DRY,0,OTHER INTERSECTION COLLISIONS,REAR END,STRAIGHT & LEVEL,DAYLIGHT,1,0,0,1
30141821,CAMPBELL,US0027,USRoute,,ALEXANDRIA,PIKE,,39.00327849,-84.423359,13.845,6/3/2022 0:00,1200,2,2,0,0,O,CLEAR,DRY,0,ANGLE COLLISION - OTHER,ANGLE,STRAIGHT & LEVEL,DAYLIGHT,0,0,0,1
30137819,CAMPBELL,,OTHR,,9TH,ST,E,39.08965429,-84.48777746,0.482,6/3/2022 0:00,147,3,3,0,0,O,CLOUDY,DRY,0,COLLISION WITH PARKED VEHICLE,ANGLE,STRAIGHT & LEVEL,DARK-HWY LIGHTED/ON,0,0,0,1
30154509,CAMPBELL,US0027,USRoute,,ALEXANDRIA,PIKE,,38.96184612,-84.39290865,10.334,6/3/2022 0:00,2216,1,1,0,0,O,CLEAR,DRY,0,COLLISION WITH ANIMAL IN INTERSECTION,SINGLE VEHICLE,STRAIGHT & LEVEL,DARK-HWY LIGHTED/ON,1,0,0,1
30140953,CAMPBELL,KY1120,StateRoute,,11TH,ST,W,39.08264726,-84.49375157,0.392,6/3/2022 0:00,1710,2,2,0,0,O,CLEAR,DRY,0,OTHER INTERSECTION COLLISIONS,REAR END,STRAIGHT & LEVEL,DAYLIGHT,1,0,0,1
30149825,CAMPBELL,US0027,USRoute,2626,ALEXANDRIA,PIKE,,39.03521423,-84.45412801,16.627,6/3/2022 0:00,1139,2,2,0,0,O,CLEAR,DRY,0,OTHER INTERSECTION COLLISIONS,REAR END,STRAIGHT & LEVEL,DAYLIGHT,1,0,0,1
30164497,CAMPBELL,,OTHR,942,BRIGHTON,ST,,39.08297365,-84.4978123,0.247,6/3/2022 0:00,2000,2,2,0,0,O,CLEAR,DRY,0,1 VEHICLE PARKED POSITION (NOT PARKING LOT/DRIVEWAY),SIDESWIPE-OPPOSITE DIRECTION,STRAIGHT & LEVEL,DARK-HWY LIGHTED/ON,0,0,0,1
30154506,CAMPBELL,,OTHR,415,BROOKWOOD,DR,,38.95185033,-84.36138079,0.692,6/3/2022 0:00,1411,2,2,0,0,O,CLEAR,DRY,0,1 VEHICLE PARKED POSITION (NOT PARKING LOT/DRIVEWAY),BACKING,STRAIGHT & LEVEL,DAYLIGHT,0,0,0,1
30149279,CAMPBELL,KY1120,StateRoute,,FT THOMAS,AVE,S,39.0638772,-84.44746146,5.412,6/3/2022 0:00,1536,2,2,0,0,O,CLEAR,DRY,0,REAR END IN TRAFFIC LANES BOTH VEHICLES MOVING,REAR END,STRAIGHT & LEVEL,DAYLIGHT,0,0,0,1
30154390,CAMPBELL,,OTHR,,VAN VOAST,AVE,,39.10843799,-84.48066929,0.176,6/4/2022 0:00,1237,2,2,0,0,O,CLEAR,DRY,0,1 VEHICLE ENTERING/LEAVING ENTRANCE,ANGLE,STRAIGHT & LEVEL,DAYLIGHT,0,0,0,1
30145995,CAMPBELL,,OTHR,600,PATTERSON,ST,,39.08724217,-84.49976339,0.551,6/4/2022 0:00,1552,2,2,0,0,O,CLEAR,DRY,0,SIDESWIPE COLLISION - SAME DIRECTION,SIDESWIPE-SAME DIRECTION,STRAIGHT & LEVEL,DAWN,0,0,0,1
30147107,CAMPBELL,I 0275,Interstate,,I275 E,,,39.05646577,-84.43192803,,6/4/2022 0:00,1000,3,3,0,0,O,CLEAR,DRY,0,REAR END IN TRAFFIC LANES BOTH VEHICLES MOVING,REAR END,STRAIGHT & LEVEL,DAYLIGHT,0,0,0,1
30143366,CAMPBELL,,OTHR,100,AQUA,WAY,,39.07605566,-84.46915901,,6/4/2022 0:00,1217,2,2,0,0,O,CLEAR,DRY,0,REAR END IN TRAFFIC LANES BOTH VEHICLES MOVING,REAR END,STRAIGHT & LEVEL,DAYLIGHT,0,0,0,1
30145326,CAMPBELL,,OTHR,,ASPEN PINES,DR,,39.06056915,-84.48399223,0.351,6/4/2022 0:00,1756,2,2,0,0,O,CLEAR,DRY,0,1 VEHICLE PARKED POSITION (NOT PARKING LOT/DRIVEWAY),BACKING,STRAIGHT & LEVEL,DAYLIGHT,0,0,0,1
30147987,CAMPBELL,,OTHR,,ISABELLA,ST,,39.08413554,-84.49493919,0.223,6/4/2022 0:00,2015,3,3,0,0,O,CLEAR,DRY,0,COLLISION WITH PARKED VEHICLE,SIDESWIPE-SAME DIRECTION,STRAIGHT & LEVEL,DAYLIGHT,0,0,0,1
30142350,CAMPBELL,US0027,USRoute,,TAYLOR SOUTHGATE,BRG,,39.09440068,-84.49961064,22.425,6/4/2022 0:00,222,2,2,0,0,O,CLEAR,DRY,0,ANGLE COLLISION - OTHER,ANGLE,STRAIGHT & GRADE,DARK-HWY LIGHTED/ON,0,0,0,1
30164495,CAMPBELL,US0027,USRoute,,MONMOUTH,ST,,39.08734652,-84.48880876,21.564,6/4/2022 0:00,657,2,2,0,0,O,CLEAR,DRY,0,ANGLE COLLISION - OTHER,ANGLE,STRAIGHT & LEVEL,DAYLIGHT,0,0,0,1
30145961,CAMPBELL,KY1892,StateRoute,,CAROTHERS,RD,,39.08636877,-84.47727912,2.154,6/4/2022 0:00,1533,2,2,0,0,O,CLEAR,DRY,0,OTHER ROADWAY OR MID-BLOCK COLLISION,REAR END,CURVE & LEVEL,DAYLIGHT,0,0,0,1
30149282,CAMPBELL,KY1120,StateRoute,,MEMORIAL,PKWY,,39.09145455,-84.45214788,3.141,6/5/2022 0:00,2239,1,1,0,0,O,CLEAR,DRY,0,COLLISION WITH ANIMAL IN INTERSECTION,SINGLE VEHICLE,CURVE & LEVEL,DARK-HWY NOT LIGHTED,1,0,0,1
30149285,CAMPBELL,I 0275,Interstate,,I275 E,,,39.05363492,-84.43813644,73.669,6/5/2022 0:00,350,1,1,0,0,O,CLEAR,DRY,0,COLLISION WITH FIXED OBJECT NON - INTERSECTION - FIRST EVENT COLLISION 09 - 32 EXCLUDING 16,SINGLE VEHICLE,STRAIGHT & GRADE,DARK-HWY LIGHTED/ON,0,0,0,1
30148650,CAMPBELL,KY1936,StateRoute,11730,POND CREEK,RD,,38.88552859,-84.44045237,5.034,6/5/2022 0:00,1411,1,1,0,0,O,CLEAR,DRY,0,RAN OFF ROADWAY (1 VEHICLE WITH/EARTH EMBANKMENT/DITCH),SINGLE VEHICLE,STRAIGHT & LEVEL,DAYLIGHT,0,0,0,1
30148649,CAMPBELL,KY1566,StateRoute,3304,ONEONTA,RD,,38.95991392,-84.32498592,0.264,6/5/2022 0:00,1108,2,2,0,0,O,CLEAR,DRY,0,SIDESWIPE COLLISION - OPPOSITE DIRECTION,SIDESWIPE-OPPOSITE DIRECTION,CURVE & LEVEL,DAYLIGHT,0,0,0,1
30151036,CAMPBELL,US0027,USRoute,1801,MONMOUTH,ST,,39.08043522,-84.48151367,20.942,6/6/2022 0:00,1613,2,2,0,0,O,RAINING,WET,0,1 VEHICLE PARKED POSITION (NOT PARKING LOT/DRIVEWAY),BACKING,STRAIGHT & LEVEL,DAYLIGHT,0,0,0,1
30161949,CAMPBELL,,OTHR,,NELTNER,RD,,38.97702858,-84.38514161,0.15,6/6/2022 0:00,2320,1,1,0,0,O,RAINING,WET,0,COLLISION WITH FIXED OBJECT NON - INTERSECTION - FIRST EVENT COLLISION 09 - 32 EXCLUDING 16,SINGLE VEHICLE,CURVE & GRADE,DARK-HWY NOT LIGHTED,0,0,0,1
30148646,CAMPBELL,US0027,USRoute,,ALEXANDRIA,PIKE,,38.91886205,-84.38973929,7.334,6/6/2022 0:00,620,1,1,0,0,O,CLOUDY,DRY,0,COLLISION WITH ANIMAL NON INTERSECTION,SINGLE VEHICLE,STRAIGHT & LEVEL,DAWN,0,0,0,1
30152017,CAMPBELL,I 0471,Interstate,,I471 N,,,39.07748909,-84.46955652,2.678,6/6/2022 0:00,1956,1,1,0,0,O,CLOUDY,DRY,0,COLLISION WITH ANIMAL NON INTERSECTION,SINGLE VEHICLE,CURVE & LEVEL,DAYLIGHT,0,0,0,1
30186178,CAMPBELL,,OTHR,,5TH,ST,E,39.09239037,-84.49427286,,6/6/2022 0:00,1626,2,2,0,0,O,RAINING,WET,0,ANGLE COLLISION - OTHER,ANGLE,STRAIGHT & LEVEL,DAYLIGHT,0,0,0,1
30156531,CAMPBELL,,OTHR,,NEWPORT PAVILION,,,39.08649368,-84.47719785,0.591,6/7/2022 0:00,1856,2,2,0,0,O,CLEAR,DRY,0,OTHER INTERSECTION COLLISIONS,REAR END,STRAIGHT & LEVEL,DAYLIGHT,1,0,0,1
30163007,CAMPBELL,I 0471,Interstate,,,,,39.08546091,-84.47434703,0.201,6/7/2022 0:00,1809,2,2,0,0,O,CLOUDY,DRY,0,OTHER INTERSECTION COLLISIONS,REAR END,CURVE & GRADE,DAYLIGHT,1,0,0,1
30205253,CAMPBELL,KY1120,StateRoute,,10TH,ST,E,39.09267312,-84.48060372,1.375,6/7/2022 0:00,1622,2,2,0,2,C,CLEAR,DRY,0,ANGLE COLLISION - OTHER,ANGLE,STRAIGHT & LEVEL,DAYLIGHT,0,0,0,1
30160263,CAMPBELL,,OTHR,748,COLUMBIA,ST,,39.08804708,-84.49444884,0.505,6/7/2022 0:00,1230,2,2,0,0,O,CLEAR,DRY,1,1 VEHICLE PARKED POSITION (NOT PARKING LOT/DRIVEWAY),SIDESWIPE-SAME DIRECTION,STRAIGHT & LEVEL,DAYLIGHT,0,0,0,1