IncidentID,County,RdwyNumber,RdwyType,Street,RoadwayName,StreetSfx,StreetDir,Latitude,Longitude,Milepoint,CollisionDate,CollisionTime,UnitsInvolved,MotorVehiclesInvolved,NumberKilled,NumberInjured,KABCO,Weather,RdwyConditionCode,HitandRun,DirAnalysisCode,MannerofCollision,RdwyCharacter,LightCondition,Intersection Crash,Bicyclist,Pedestrian,Motor Vehicles
30160285,CAMPBELL,,OTHR,234,8TH,ST,E,39.09073624,-84.48907178,0.254,6/7/2022 0:00,1557,2,2,0,0,O,CLOUDY,DRY,0,1 VEHICLE PARKED POSITION (NOT PARKING LOT/DRIVEWAY),SIDESWIPE-SAME DIRECTION,STRAIGHT & LEVEL,DAYLIGHT,0,0,0,1
30157930,CAMPBELL,I 0471,Interstate,,I471 SB,,,39.05719937,-84.46958659,1.022,6/7/2022 0:00,1115,2,2,0,0,O,CLOUDY,DRY,0,SIDESWIPE COLLISION - SAME DIRECTION,SIDESWIPE-SAME DIRECTION,CURVE & LEVEL,DAYLIGHT,0,0,0,1
30174229,CAMPBELL,KY1892,StateRoute,14,CAROTHERS,RD,,39.0844762,-84.48233555,2.471,6/8/2022 0:00,1226,2,2,0,0,O,CLOUDY,DRY,0,1 VEHICLE ENTERING/LEAVING ENTRANCE,ANGLE,CURVE & GRADE,DAYLIGHT,0,0,0,1
30164050,CAMPBELL,US0027,USRoute,5020,ALEXANDRIA,PIKE,,39.00541807,-84.42613408,14.048,6/8/2022 0:00,1929,2,2,0,0,O,RAINING,WET,0,VEHICLE BACKING NON INTERSECTION,BACKING,STRAIGHT & LEVEL,DAYLIGHT,0,0,0,1
30174223,CAMPBELL,I 0471,Interstate,,I471 N,,,39.0811125,-84.47116041,2.945,6/8/2022 0:00,1647,2,2,0,0,O,RAINING,WET,0,SIDESWIPE COLLISION - SAME DIRECTION,SIDESWIPE-SAME DIRECTION,STRAIGHT & LEVEL,DAYLIGHT,0,0,0,1
30163008,CAMPBELL,,OTHR,,FT THOMAS,AVE,N,39.090236,-84.44772872,0.49,6/8/2022 0:00,1101,2,2,0,0,O,CLEAR,DRY,0,SIDESWIPE COLLISION - SAME DIRECTION,SIDESWIPE-SAME DIRECTION,STRAIGHT & HILLCREST,DAYLIGHT,0,0,0,1
30164172,CAMPBELL,I 0275,Interstate,,I275 E,,,39.05614316,-84.43272177,73.33,6/8/2022 0:00,1734,2,2,0,0,O,CLOUDY,WET,0,SIDESWIPE COLLISION - SAME DIRECTION,SIDESWIPE-SAME DIRECTION,STRAIGHT & LEVEL,DAYLIGHT,0,0,0,1
30160273,CAMPBELL,KY1120,StateRoute,,MEMORIAL,PKWY,,39.09240136,-84.47585111,1.635,6/8/2022 0:00,649,2,2,0,3,B,CLEAR,DRY,0,HEAD-ON COLLISION,HEAD ON,STRAIGHT & LEVEL,DAYLIGHT,0,0,0,1
30182714,CAMPBELL,,OTHR,,LAFAYETTE,AVE,,39.10475794,-84.4850724,0.106,6/8/2022 0:00,245,1,1,0,0,O,CLEAR,DRY,0,COLLISION WITH FIXED OBJECT NON - INTERSECTION - FIRST EVENT COLLISION 09 - 32 EXCLUDING 16,SINGLE VEHICLE,STRAIGHT & GRADE,DARK-HWY LIGHTED/ON,0,0,0,1
30162135,CAMPBELL,US0027,USRoute,613,MONMOUTH,ST,,39.09097306,-84.49280399,21.834,6/8/2022 0:00,2044,2,2,0,0,O,CLOUDY,WET,1,1 VEHICLE PARKED POSITION (NOT PARKING LOT/DRIVEWAY),BACKING,STRAIGHT & LEVEL,DAYLIGHT,0,0,0,1
30162729,CAMPBELL,,OTHR,1,FOX CHASE,DR,,39.06036332,-84.47024939,0.136,6/8/2022 0:00,1330,2,2,0,0,O,CLOUDY,DRY,0,1 VEHICLE PARKED POSITION (NOT PARKING LOT/DRIVEWAY),ANGLE,STRAIGHT & LEVEL,DAYLIGHT,0,0,0,1
30161844,CAMPBELL,,OTHR,,LOWELL,ST,,39.07912989,-84.4963101,0.311,6/8/2022 0:00,2140,2,2,0,0,O,CLOUDY,WET,1,OTHER INTERSECTION COLLISIONS,REAR END,STRAIGHT & LEVEL,DARK-HWY LIGHTED/ON,1,0,0,1
30161815,CAMPBELL,US0027,USRoute,,TAYLOR SOUTHGATE,BRG,,39.09352786,-84.49787194,22.315,6/8/2022 0:00,1808,2,2,0,1,C,RAINING,WET,0,OTHER INTERSECTION COLLISIONS,REAR END,CURVE & GRADE,DAYLIGHT,1,0,0,1
30161816,CAMPBELL,KY1120,StateRoute,,11TH,ST,W,39.08344212,-84.49228779,0.487,6/8/2022 0:00,2215,2,2,0,0,O,CLOUDY,DRY,0,OTHER INTERSECTION COLLISIONS,REAR END,STRAIGHT & LEVEL,DARK-HWY LIGHTED/ON,1,0,0,1
30171072,CAMPBELL,US0027,USRoute,,ALEXANDRIA,PIKE,,39.0330671,-84.45303999,16.46,6/8/2022 0:00,1209,2,2,0,0,O,CLOUDY,DRY,0,OTHER ROADWAY OR MID-BLOCK COLLISION,REAR END,STRAIGHT & GRADE,DAYLIGHT,0,0,0,1
30181028,CAMPBELL,US0027,USRoute,,ALEXANDRIA,PIKE,,38.96962891,-84.39270403,10.884,6/8/2022 0:00,1649,1,1,0,0,O,CLOUDY,DRY,0,OTHER ROADWAY OR MID-BLOCK COLLISION,SINGLE VEHICLE,STRAIGHT & LEVEL,DAYLIGHT,0,0,0,1
30164049,CAMPBELL,US0027,USRoute,4130,ALEXANDRIA,PIKE,,39.02025051,-84.43820963,15.243,6/8/2022 0:00,1517,2,2,0,0,O,CLOUDY,DRY,0,OTHER ROADWAY OR MID-BLOCK COLLISION,REAR END,STRAIGHT & LEVEL,DAYLIGHT,0,0,0,1
30178019,CAMPBELL,I 0275,Interstate,,,,,39.02095685,-84.4815912,0.293,6/8/2022 0:00,1052,1,1,0,1,A,CLOUDY,DRY,0,OVERTURNED ON RAMP,SINGLE VEHICLE,CURVE & LEVEL,DAYLIGHT,0,0,0,1
30171073,CAMPBELL,KY0471,StateRoute,,KY471,,,39.03772899,-84.45411674,0.054,6/9/2022 0:00,1752,3,3,0,0,O,CLEAR,DRY,0,OTHER ROADWAY OR MID-BLOCK COLLISION,REAR END,STRAIGHT & LEVEL,DAYLIGHT,0,0,0,1
30166371,CAMPBELL,KY1120,StateRoute,,11TH,ST,W,39.08497148,-84.48961263,0.665,6/9/2022 0:00,1815,2,2,0,0,O,CLEAR,DRY,0,OTHER INTERSECTION COLLISIONS,REAR END,STRAIGHT & LEVEL,DAYLIGHT,1,0,0,1
30166938,CAMPBELL,,OTHR,134,VALLEY VIEW,DR,,39.05475379,-84.46371444,0.098,6/9/2022 0:00,1600,2,2,0,0,O,CLEAR,DRY,0,1 VEHICLE PARKED POSITION (NOT PARKING LOT/DRIVEWAY),BACKING,STRAIGHT & HILLCREST,DAYLIGHT,0,0,0,1
30167119,CAMPBELL,,OTHR,22,SHAW,LN,,39.08176858,-84.44378314,0.014,6/9/2022 0:00,1100,2,2,0,0,O,CLEAR,DRY,1,1 VEHICLE PARKED POSITION (NOT PARKING LOT/DRIVEWAY),BACKING,STRAIGHT & LEVEL,DAYLIGHT,0,0,0,1
30168068,CAMPBELL,,OTHR,116,HARVARD,AVE,,39.07125792,-84.47710371,0.063,6/9/2022 0:00,845,2,2,0,0,O,CLOUDY,WET,1,1 VEHICLE PARKED POSITION (NOT PARKING LOT/DRIVEWAY),SIDESWIPE-SAME DIRECTION,CURVE & GRADE,DARK-HWY LIGHTED/ON,0,0,0,1
30177034,CAMPBELL,,OTHR,18,BELLAIRE,PL,,39.09410711,-84.44769932,0.038,6/9/2022 0:00,2100,1,1,0,0,O,CLEAR,DRY,0,COLLISION WITH FIXED OBJECT NON - INTERSECTION - FIRST EVENT COLLISION 09 - 32 EXCLUDING 16,SINGLE VEHICLE,STRAIGHT & LEVEL,DUSK,0,0,0,1
30170521,CAMPBELL,KY0008,StateRoute,5134,MARY INGLES,HWY,,39.03686433,-84.39069328,10.751,6/9/2022 0:00,2020,2,2,0,0,O,CLEAR,DRY,0,1 VEHICLE ENTERING/LEAVING ENTRANCE,ANGLE,STRAIGHT & LEVEL,DAYLIGHT,0,0,0,1
30169390,CAMPBELL,KY0009,StateRoute,,LICKING,PIKE,,39.02359554,-84.48077152,17.811,6/10/2022 0:00,1835,3,3,0,0,O,CLOUDY,DRY,0,REAR END IN TRAFFIC LANES BOTH VEHICLES MOVING,REAR END,STRAIGHT & LEVEL,DAYLIGHT,0,0,0,1
30171075,CAMPBELL,KY0471,StateRoute,,KY471,,,39.03751032,-84.45406658,0.038,6/10/2022 0:00,1300,2,2,0,0,O,CLEAR,DRY,0,REAR END IN TRAFFIC LANES BOTH VEHICLES MOVING,REAR END,STRAIGHT & LEVEL,DAYLIGHT,0,0,0,1
30176438,CAMPBELL,KY1632,StateRoute,,MOOCK,RD,,39.06430268,-84.46961361,1.324,6/10/2022 0:00,1637,2,2,0,2,C,RAINING,WET,0,REAR END IN TRAFFIC LANES BOTH VEHICLES MOVING,REAR END,STRAIGHT & LEVEL,DAYLIGHT,0,0,0,1
30181030,CAMPBELL,US0027,USRoute,,ALEXANDRIA,PIKE,,38.96398778,-84.39269234,10.494,6/10/2022 0:00,1208,2,2,0,0,O,CLOUDY,DRY,1,SIDESWIPE COLLISION - SAME DIRECTION,SIDESWIPE-SAME DIRECTION,STRAIGHT & LEVEL,DAYLIGHT,0,0,0,1
30170520,CAMPBELL,KY0536,StateRoute,,CREEKTRACE,RD,,38.92127022,-84.44356451,0.265,6/10/2022 0:00,2154,2,2,0,0,O,RAINING,WET,0,ANGLE COLLISION - OTHER,ANGLE,STRAIGHT & LEVEL,DARK-HWY NOT LIGHTED,0,0,0,1
30195426,CAMPBELL,,OTHR,,TAYLOR,AVE,,39.09597369,-84.47360104,0.992,6/10/2022 0:00,1328,1,1,0,0,O,CLOUDY,DRY,0,COLLISION WITH FIXED OBJECT IN INTERSECTION - FIRST EVENT COLLISION 09 - 32,SINGLE VEHICLE,STRAIGHT & LEVEL,DAYLIGHT,1,0,0,1
30174222,CAMPBELL,,OTHR,,NEWPORT PAVILION,,,39.09260463,-84.48046353,0.002,6/11/2022 0:00,1113,2,2,0,0,O,CLOUDY,DRY,0,OTHER INTERSECTION COLLISIONS,REAR TO REAR,STRAIGHT & LEVEL,DAYLIGHT,1,0,0,1
30174218,CAMPBELL,KY0008,StateRoute,,4TH,ST,W,39.08890593,-84.50147148,0.196,6/11/2022 0:00,1610,2,2,0,0,O,CLOUDY,DRY,0,ANGLE COLLISION - OTHER,ANGLE,CURVE & LEVEL,DAYLIGHT,0,0,0,1
30174143,CAMPBELL,US0027,USRoute,998,MONMOUTH,ST,,39.08989327,-84.49191431,21.819,6/11/2022 0:00,1651,2,2,0,0,O,CLEAR,DRY,0,SIDESWIPE COLLISION - SAME DIRECTION,SIDESWIPE-SAME DIRECTION,STRAIGHT & LEVEL,DAYLIGHT,0,0,0,1
30176362,CAMPBELL,,OTHR,,BORDEAUX,DR,,39.03813427,-84.44974761,0.05,6/11/2022 0:00,1645,2,2,0,0,O,CLOUDY,DRY,0,VEHICLE BACKING NON INTERSECTION,BACKING,STRAIGHT & GRADE,DAYLIGHT,0,0,0,1
30173134,CAMPBELL,US0027,USRoute,,3RD,ST,E,39.09351692,-84.49762424,22.239,6/11/2022 0:00,2232,2,2,0,0,O,CLEAR,DRY,1,REAR END IN TRAFFIC LANES BOTH VEHICLES MOVING,REAR END,CURVE & LEVEL,DARK-HWY LIGHTED/ON,0,0,0,1
30179416,CAMPBELL,KY0824,StateRoute,,RACE TRACK,RD,,38.88874853,-84.36578382,,6/12/2022 0:00,100,1,1,0,0,O,RAINING,WET,0,RAN OFF ROADWAY (1 VEHICLE WITH/EARTH EMBANKMENT/DITCH),SINGLE VEHICLE,CURVE & GRADE,DARK-HWY LIGHTED/ON,0,0,0,1
30177040,CAMPBELL,KY1120,StateRoute,,FT THOMAS,AVE,S,39.06558713,-84.44611325,5.266,6/12/2022 0:00,1330,2,2,0,0,O,CLEAR,DRY,0,1 VEHICLE PARKED POSITION (NOT PARKING LOT/DRIVEWAY),SIDESWIPE-SAME DIRECTION,CURVE & LEVEL,DAYLIGHT,0,0,0,1
30178498,CAMPBELL,KY1120,StateRoute,,11TH,ST,W,39.08421882,-84.49095492,0.577,6/12/2022 0:00,1050,2,2,0,0,O,CLOUDY,DRY,0,OTHER INTERSECTION COLLISIONS,REAR END,STRAIGHT & LEVEL,DAYLIGHT,1,0,0,1
30192352,CAMPBELL,US0027,USRoute,,MONMOUTH,ST,,39.08416286,-84.48477084,21.252,6/13/2022 0:00,1620,2,2,0,0,O,CLOUDY,DRY,0,OTHER ROADWAY OR MID-BLOCK COLLISION,OPPOSING LEFT TURN,STRAIGHT & HILLCREST,DAYLIGHT,0,0,0,1
30200652,CAMPBELL,US0027,USRoute,,ALEXANDRIA,PIKE,,39.03349116,-84.45310211,16.489,6/13/2022 0:00,934,3,3,0,1,C,CLEAR,DRY,0,OTHER ROADWAY OR MID-BLOCK COLLISION,REAR END,STRAIGHT & GRADE,DAYLIGHT,0,0,0,1
30179980,CAMPBELL,KY1120,StateRoute,,10TH,ST,E,39.08959703,-84.48464688,1.082,6/13/2022 0:00,1848,2,2,0,0,O,RAINING,WET,0,ANGLE COLLISION - ONE VEHICLE TURNING LEFT,ANGLE,STRAIGHT & LEVEL,DUSK,0,0,0,1
30179417,CAMPBELL,US0027,USRoute,,ALEXANDRIA,PIKE,,38.9403189,-84.39410098,8.845,6/13/2022 0:00,1333,2,2,0,0,O,CLEAR,DRY,0,ANGLE COLLISION - ONE VEHICLE TURNING LEFT,ANGLE,STRAIGHT & LEVEL,DAYLIGHT,0,0,0,1
30195188,CAMPBELL,,OTHR,224,HIGHLAND,AVE,,39.0766827,-84.45327804,1.098,6/13/2022 0:00,2300,2,2,0,0,O,CLEAR,DRY,0,COLLISION WITH PARKED VEHICLE,BACKING,STRAIGHT & LEVEL,DARK-HWY LIGHTED/ON,0,0,0,1
30179535,CAMPBELL,,OTHR,2892,UHL,RD,,39.02635448,-84.39819809,1.346,6/13/2022 0:00,1629,1,1,0,0,O,CLEAR,WET,0,RAN OFF ROADWAY (1 VEHICLE WITH/EARTH EMBANKMENT/DITCH),SINGLE VEHICLE,CURVE & GRADE,DAYLIGHT,0,0,0,1
30177041,CAMPBELL,I 0275,Interstate,,I275 E,,,39.05406086,-84.43763033,73.631,6/13/2022 0:00,202,1,1,0,0,O,CLEAR,DRY,0,COLLISION WITH ANIMAL NON INTERSECTION,SINGLE VEHICLE,STRAIGHT & GRADE,DARK-HWY LIGHTED/ON,0,0,0,1
30178494,CAMPBELL,I 0471,Interstate,,I471 N,,,39.10085254,-84.4951461,4.958,6/13/2022 0:00,750,2,2,0,0,O,CLEAR,DRY,0,REAR END IN TRAFFIC LANES BOTH VEHICLES MOVING,REAR END,STRAIGHT & LEVEL,DAYLIGHT,0,0,0,1
30293921,CAMPBELL,I 0471,Interstate,,I471 N,,,39.1009267,-84.49525362,4.966,6/13/2022 0:00,645,3,3,0,0,O,CLEAR,DRY,0,SIDESWIPE COLLISION - SAME DIRECTION,SIDESWIPE-SAME DIRECTION,STRAIGHT & LEVEL,DAWN,0,0,0,1
30197797,CAMPBELL,KY0010,StateRoute,12884,FLAGG SPRINGS,PIKE,,38.8645373,-84.26793642,13.223,6/14/2022 0:00,2058,1,1,0,1,B,CLEAR,DRY,0,OTHER COLLISIONS ON SHOULDER,SINGLE VEHICLE,STRAIGHT & LEVEL,DUSK,0,0,0,1
30187620,CAMPBELL,,OTHR,900,BRIGHTON,ST,,39.0831748,-84.49799068,0.255,6/14/2022 0:00,1446,2,2,0,0,O,CLEAR,DRY,0,1 VEHICLE PARKED POSITION (NOT PARKING LOT/DRIVEWAY),HEAD ON,STRAIGHT & LEVEL,DAYLIGHT,0,0,0,1
30182715,CAMPBELL,KY0008,StateRoute,711,FAIRFIELD,AVE,,39.10892748,-84.48005907,2.12,6/14/2022 0:00,1200,2,2,0,0,O,CLEAR,DRY,1,1 VEHICLE PARKED POSITION (NOT PARKING LOT/DRIVEWAY),SIDESWIPE-SAME DIRECTION,STRAIGHT & LEVEL,DUSK,0,0,0,1
30182929,CAMPBELL,,OTHR,817,ISABELLA,ST,,39.08566106,-84.49627277,0.333,6/14/2022 0:00,803,2,2,0,0,O,CLOUDY,DRY,1,1 VEHICLE PARKED POSITION (NOT PARKING LOT/DRIVEWAY),SIDESWIPE-OPPOSITE DIRECTION,STRAIGHT & LEVEL,DAYLIGHT,0,0,0,1
30184994,CAMPBELL,,OTHR,160,NEWPORT PAVILION,,,39.08883669,-84.47575278,0.402,6/14/2022 0:00,2140,2,2,0,0,O,CLEAR,DRY,1,1 VEHICLE PARKED POSITION (NOT PARKING LOT/DRIVEWAY),BACKING,STRAIGHT & LEVEL,DARK-HWY LIGHTED/ON,0,0,0,1
30186182,CAMPBELL,,OTHR,,NEWPORT PAVILION,,,39.08825976,-84.47583654,0.447,6/14/2022 0:00,1343,2,2,0,2,C,CLEAR,DRY,0,OTHER INTERSECTION COLLISIONS,REAR END,STRAIGHT & LEVEL,DAYLIGHT,1,0,0,1
30183187,CAMPBELL,US0027,USRoute,,MONMOUTH,ST,,39.08609642,-84.4874669,21.46,6/14/2022 0:00,1019,2,1,0,1,B,CLEAR,DRY,1,OTHER INTERSECTION COLLISIONS,SINGLE VEHICLE,STRAIGHT & HILLCREST,DAYLIGHT,1,0,0,1
30200653,CAMPBELL,US0027,USRoute,,ALEXANDRIA,PIKE,,39.03369263,-84.4531913,16.504,6/14/2022 0:00,1040,2,2,0,0,O,CLEAR,DRY,0,OTHER ROADWAY OR MID-BLOCK COLLISION,OPPOSING LEFT TURN,STRAIGHT & LEVEL,DAYLIGHT,0,0,0,1
30183243,CAMPBELL,I 0471,Interstate,,,,,39.08542538,-84.47447933,0.208,6/14/2022 0:00,1534,2,2,0,0,O,CLEAR,DRY,0,OTHER RAMP RELATED COLLISIONS NOT LISTED ABOVE,REAR END,CURVE & LEVEL,DAYLIGHT,0,0,0,1
30187619,CAMPBELL,I 0471,Interstate,,,,,39.09283728,-84.47904978,0.194,6/15/2022 0:00,1247,2,2,0,0,O,CLEAR,DRY,0,OTHER RAMP RELATED COLLISIONS NOT LISTED ABOVE,REAR END,CURVE & LEVEL,DAYLIGHT,0,0,0,1
30189639,CAMPBELL,,OTHR,114,NEWPORT PAVILION,,,39.09168107,-84.4786436,0.136,6/15/2022 0:00,2114,2,2,0,0,O,CLEAR,DRY,0,SIDESWIPE COLLISION - SAME DIRECTION,SIDESWIPE-SAME DIRECTION,STRAIGHT & LEVEL,DARK-HWY LIGHTED/ON,0,0,0,1
30193455,CAMPBELL,US0027,USRoute,,ALEXANDRIA,PIKE,,39.02533873,-84.44570523,15.781,6/15/2022 0:00,1900,2,2,0,0,O,CLEAR,DRY,0,SIDESWIPE COLLISION - SAME DIRECTION,SIDESWIPE-SAME DIRECTION,STRAIGHT & LEVEL,DAYLIGHT,0,0,0,1
30195184,CAMPBELL,,OTHR,2124,FT THOMAS,AVE,N,39.10213238,-84.45017533,1.704,6/15/2022 0:00,1041,2,2,0,0,O,CLEAR,DRY,0,REAR END IN TRAFFIC LANES BOTH VEHICLES MOVING,REAR END,STRAIGHT & LEVEL,DAYLIGHT,0,0,0,1
30186179,CAMPBELL,I 0471,Interstate,,I471 N,,,39.10074938,-84.49497269,4.946,6/15/2022 0:00,649,2,2,0,0,O,CLEAR,DRY,0,REAR END IN TRAFFIC LANES BOTH VEHICLES MOVING,REAR END,STRAIGHT & LEVEL,DAYLIGHT,0,0,0,1
30200656,CAMPBELL,US0027,USRoute,,ALEXANDRIA,PIKE,,39.0369456,-84.45396986,16.733,6/16/2022 0:00,1046,2,2,0,0,O,CLEAR,DRY,0,ANGLE COLLISION - ONE VEHICLE TURNING LEFT,ANGLE,CURVE & LEVEL,DAYLIGHT,0,0,0,1
30215254,CAMPBELL,,OTHR,,9TH,ST,E,39.08781752,-84.49112471,0.7,6/16/2022 0:00,1129,2,2,0,0,O,CLOUDY,DRY,0,ANGLE COLLISION - OTHER,ANGLE,STRAIGHT & LEVEL,DAYLIGHT,0,0,0,1
30195190,CAMPBELL,,OTHR,1080,HIGHLAND,AVE,,39.0715937,-84.46843465,0.093,6/16/2022 0:00,1445,2,2,0,0,O,CLEAR,DRY,0,1 VEHICLE PARKED POSITION (NOT PARKING LOT/DRIVEWAY),SIDESWIPE-SAME DIRECTION,STRAIGHT & GRADE,DAYLIGHT,0,0,0,1
30198887,CAMPBELL,,OTHR,,5TH,AVE,,39.1142668,-84.46591107,0.285,6/16/2022 0:00,1853,2,2,0,0,O,CLEAR,DRY,1,1 VEHICLE PARKED POSITION (NOT PARKING LOT/DRIVEWAY),REAR END,STRAIGHT & LEVEL,DAYLIGHT,0,0,0,1
30191854,CAMPBELL,KY0009,StateRoute,,AA,HWY,,38.97351273,-84.35989467,9.898,6/16/2022 0:00,1119,1,1,0,0,O,CLEAR,DRY,0,COLLISION WITH ANIMAL NON INTERSECTION,SINGLE VEHICLE,STRAIGHT & GRADE,DAYLIGHT,0,0,0,1
30216640,CAMPBELL,I 0275,Interstate,,I275 W,,,39.03061117,-84.47112549,76.399,6/16/2022 0:00,451,1,1,0,0,O,CLEAR,DRY,0,OTHER COLLISIONS ON SHOULDER,SINGLE VEHICLE,STRAIGHT & HILLCREST,DARK-HWY LIGHTED/ON,0,0,0,1
30200658,CAMPBELL,I 0275,Interstate,,I275 E,,,39.03415479,-84.47025556,76.096,6/16/2022 0:00,1410,2,2,0,0,O,CLEAR,DRY,0,REAR END IN TRAFFIC LANES BOTH VEHICLES MOVING,REAR END,STRAIGHT & LEVEL,DAYLIGHT,0,0,0,1
30203785,CAMPBELL,I 0471,Interstate,,I471 S,,,39.06759529,-84.46470936,1.863,6/16/2022 0:00,1636,2,2,0,0,O,CLEAR,DRY,0,SIDESWIPE COLLISION - SAME DIRECTION,SIDESWIPE-SAME DIRECTION,STRAIGHT & LEVEL,DAYLIGHT,0,0,0,1
30195191,CAMPBELL,I 0471,Interstate,,I471 S,,,39.07258955,-84.46418636,2.208,6/16/2022 0:00,1735,2,2,0,0,O,CLEAR,DRY,0,SIDESWIPE COLLISION - SAME DIRECTION,SIDESWIPE-SAME DIRECTION,CURVE & LEVEL,DAYLIGHT,0,0,0,1
30200659,CAMPBELL,I 0275,Interstate,,I275 E,,,39.03271732,-84.47047585,76.201,6/16/2022 0:00,1546,1,1,0,0,O,CLEAR,DRY,0,OTHER ROADWAY OR MID-BLOCK COLLISION,SINGLE VEHICLE,STRAIGHT & LEVEL,DAYLIGHT,0,0,0,1
30194864,CAMPBELL,I 0471,Interstate,,,,,39.06752349,-84.46621415,0.02,6/16/2022 0:00,1715,2,2,0,0,O,CLEAR,DRY,0,OTHER RAMP RELATED COLLISIONS NOT LISTED ABOVE,REAR END,CURVE & LEVEL,DAYLIGHT,0,0,0,1
30205332,CAMPBELL,US0027,USRoute,,ALEXANDRIA,PIKE,,38.97433015,-84.39243178,11.213,6/17/2022 0:00,912,2,2,0,0,O,CLEAR,DRY,0,SIDESWIPE COLLISION - SAME DIRECTION,SIDESWIPE-SAME DIRECTION,STRAIGHT & LEVEL,DAYLIGHT,0,0,0,1
30197746,CAMPBELL,I 0471,Interstate,,I471 N,,,39.09744931,-84.48495186,4.349,6/17/2022 0:00,2329,2,2,0,0,O,CLEAR,DRY,1,REAR END IN TRAFFIC LANES BOTH VEHICLES MOVING,REAR END,STRAIGHT & LEVEL,DARK-HWY LIGHTED/ON,0,0,0,1
30216641,CAMPBELL,KY0009,StateRoute,,AA,HWY,,39.00979232,-84.46890421,16.53,6/17/2022 0:00,607,2,2,0,0,O,CLEAR,DRY,0,OTHER INTERSECTION COLLISIONS,REAR END,STRAIGHT & GRADE,DAYLIGHT,1,0,0,1
30197744,CAMPBELL,,OTHR,,NEWPORT PAVILION,,,39.08638619,-84.47723762,0.599,6/17/2022 0:00,2226,2,2,0,0,O,CLOUDY,DRY,1,OTHER INTERSECTION COLLISIONS,REAR END,STRAIGHT & LEVEL,DARK-HWY LIGHTED/ON,1,0,0,1
30197747,CAMPBELL,,OTHR,,WASHINGTON,AVE,,39.09598198,-84.49359932,0.009,6/17/2022 0:00,2321,2,2,0,0,O,CLEAR,DRY,0,OTHER INTERSECTION COLLISIONS,REAR END,STRAIGHT & GRADE,DARK-HWY LIGHTED/ON,1,0,0,1
30200379,CAMPBELL,KY0009,StateRoute,44,LICKING,PIKE,,39.07355326,-84.49294289,21.559,6/18/2022 0:00,2301,2,1,0,0,O,CLEAR,DRY,0,COLLISION WITH PEDESTRIAN NON - INTERSECTION,SINGLE VEHICLE,STRAIGHT & LEVEL,DARK-HWY LIGHTED/ON,0,0,1,0
30232640,CAMPBELL,,OTHR,,HIGHLAND,AVE,,39.07582424,-84.46165776,0.569,6/18/2022 0:00,1200,2,2,0,0,O,CLEAR,DRY,0,1 VEHICLE PARKED POSITION (NOT PARKING LOT/DRIVEWAY),SIDESWIPE-SAME DIRECTION,STRAIGHT & LEVEL,DAYLIGHT,0,0,0,1
30295177,CAMPBELL,,OTHR,,6TH,AVE,,39.11314666,-84.46186104,0.441,6/18/2022 0:00,130,2,2,0,0,O,CLEAR,DRY,1,1 VEHICLE PARKED POSITION (NOT PARKING LOT/DRIVEWAY),BACKING,STRAIGHT & GRADE,DARK-HWY LIGHTED/ON,0,0,0,1
30202321,CAMPBELL,,OTHR,740,ISABELLA,ST,,39.0867319,-84.4972836,0.442,6/18/2022 0:00,1756,2,2,0,0,O,CLEAR,DRY,1,VEHICLE BACKING NON INTERSECTION,BACKING,STRAIGHT & LEVEL,DAYLIGHT,0,0,0,1
30251177,CAMPBELL,,OTHR,230,MAIN,ST,,39.077197,-84.49095079,0.058,6/18/2022 0:00,725,2,2,0,0,O,CLEAR,DRY,0,VEHICLE BACKING NON INTERSECTION,BACKING,STRAIGHT & LEVEL,DAYLIGHT,0,0,0,1
30232634,CAMPBELL,I 0471,Interstate,,I471 N,,,39.06631642,-84.46540949,1.738,6/18/2022 0:00,1450,1,1,0,0,O,CLEAR,DRY,0,OTHER ROADWAY OR MID-BLOCK COLLISION,SINGLE VEHICLE,STRAIGHT & LEVEL,DAYLIGHT,0,0,0,1
30203767,CAMPBELL,I 0275,Interstate,,I275 E,,,39.0357417,-84.47019925,75.981,6/18/2022 0:00,1700,2,2,0,0,O,CLEAR,DRY,0,OTHER ROADWAY OR MID-BLOCK COLLISION,REAR TO REAR,STRAIGHT & LEVEL,DAYLIGHT,0,0,0,1
30216979,CAMPBELL,,OTHR,,LICKERT,RD,,38.92742995,-84.37340837,0.452,6/19/2022 0:00,1629,2,2,0,0,O,CLEAR,DRY,1,SIDESWIPE COLLISION - OPPOSITE DIRECTION,SIDESWIPE-OPPOSITE DIRECTION,CURVE & LEVEL,DAYLIGHT,0,0,0,1
30202117,CAMPBELL,KY0009,StateRoute,,AA,HWY,,39.01455873,-84.47653053,17.077,6/19/2022 0:00,1620,2,2,0,0,O,CLEAR,DRY,0,REAR END IN TRAFFIC LANES BOTH VEHICLES MOVING,REAR END,STRAIGHT & LEVEL,DAYLIGHT,0,0,0,1
30209969,CAMPBELL,US0027,USRoute,3600,ALEXANDRIA,PIKE,,39.02884101,-84.45051163,16.14,6/19/2022 0:00,515,1,1,0,0,O,CLEAR,DRY,0,COLLISION WITH FIXED OBJECT NON - INTERSECTION - FIRST EVENT COLLISION 09 - 32 EXCLUDING 16,SINGLE VEHICLE,STRAIGHT & LEVEL,DAYLIGHT,0,0,0,1