IncidentID,County,RdwyNumber,RdwyType,Street,RoadwayName,StreetSfx,StreetDir,Latitude,Longitude,Milepoint,CollisionDate,CollisionTime,UnitsInvolved,MotorVehiclesInvolved,NumberKilled,NumberInjured,KABCO,Weather,RdwyConditionCode,HitandRun,DirAnalysisCode,MannerofCollision,RdwyCharacter,LightCondition,Intersection Crash,Bicyclist,Pedestrian,Motor Vehicles
30201663,CAMPBELL,,OTHR,,TAYLOR,AVE,,39.09803695,-84.47574054,0.807,6/19/2022 0:00,1250,2,2,0,0,O,CLEAR,DRY,0,SIDESWIPE-SAME DIRECTION,SIDESWIPE-SAME DIRECTION,STRAIGHT & GRADE,DAYLIGHT,0,0,0,1
30232644,CAMPBELL,KY1120,StateRoute,,MEMORIAL,PKWY,,39.08724805,-84.44879134,3.49,6/19/2022 0:00,400,3,3,0,0,O,CLEAR,DRY,1,COLLISION WITH PARKED VEHICLE,HEAD ON,CURVE & GRADE,DARK-HWY LIGHTED/ON,0,0,0,1
30209973,CAMPBELL,KY0009,StateRoute,,AA,HWY,,39.00376387,-84.43893748,14.867,6/20/2022 0:00,333,2,2,0,1,B,CLEAR,DRY,0,1 VEHICLE PARKED POSITION (NOT PARKING LOT/DRIVEWAY),REAR END,STRAIGHT & LEVEL,DARK-HWY LIGHTED/OFF,0,0,0,1
30206563,CAMPBELL,US0027,USRoute,998,MONMOUTH,ST,,39.08721978,-84.4889263,21.565,6/20/2022 0:00,2050,1,1,0,0,O,CLEAR,DRY,0,COLLISION WITH FIXED OBJECT NON - INTERSECTION - FIRST EVENT COLLISION 09 - 32 EXCLUDING 16,SINGLE VEHICLE,STRAIGHT & LEVEL,DAYLIGHT,0,0,0,1
30205771,CAMPBELL,,OTHR,616,POPLAR,ST,,39.1065972,-84.47873505,0.051,6/20/2022 0:00,330,1,1,0,0,O,CLEAR,DRY,0,COLLISION WITH FIXED OBJECT NON - INTERSECTION - FIRST EVENT COLLISION 09 - 32 EXCLUDING 16,SINGLE VEHICLE,STRAIGHT & LEVEL,DARK-HWY LIGHTED/ON,0,0,0,1
30213423,CAMPBELL,KY1120,StateRoute,,FT THOMAS,AVE,S,39.07452212,-84.44711575,4.531,6/20/2022 0:00,1050,2,2,0,0,O,CLEAR,DRY,0,SIDESWIPE COLLISION - SAME DIRECTION,SIDESWIPE-SAME DIRECTION,STRAIGHT & LEVEL,DAYLIGHT,0,0,0,1
30240279,CAMPBELL,KY1892,StateRoute,92,CAROTHERS,RD,,39.08509752,-84.48064444,2.366,6/20/2022 0:00,1753,2,2,0,0,O,CLEAR,DRY,0,1 VEHICLE ENTERING/LEAVING ENTRANCE,ANGLE,STRAIGHT & LEVEL,DAYLIGHT,0,0,0,1
30229975,CAMPBELL,US0027,USRoute,,ALEXANDRIA,PIKE,,39.03712711,-84.45424062,16.721,6/20/2022 0:00,1905,3,3,0,0,O,CLEAR,DRY,0,OTHER ROADWAY OR MID-BLOCK COLLISION,REAR TO REAR,STRAIGHT & LEVEL,DAYLIGHT,0,0,0,1
30217916,CAMPBELL,US0027,USRoute,,,,,39.00335866,-84.42321634,0.557,6/20/2022 0:00,1515,2,2,0,0,O,CLEAR,DRY,0,OTHER RAMP RELATED COLLISIONS NOT LISTED ABOVE,REAR END,STRAIGHT & LEVEL,DAYLIGHT,0,0,0,1
30210427,CAMPBELL,,OTHR,,RIVERBOAT,ROW,,39.09568997,-84.49715193,,6/21/2022 0:00,1243,1,1,0,0,O,CLEAR,DRY,0,OTHER ROADWAY OR MID-BLOCK COLLISION,SINGLE VEHICLE,STRAIGHT & LEVEL,DAYLIGHT,0,0,0,1
30209492,CAMPBELL,KY0009,StateRoute,,AA,HWY,,39.01814956,-84.48027408,17.392,6/21/2022 0:00,1415,2,2,0,1,B,CLEAR,DRY,0,OTHER INTERSECTION COLLISIONS,REAR END,STRAIGHT & LEVEL,DAYLIGHT,1,0,0,1
30237555,CAMPBELL,US0027,USRoute,,ALEXANDRIA,PIKE,,38.96444134,-84.39269684,10.521,6/21/2022 0:00,1138,2,2,0,0,O,CLEAR,DRY,0,OTHER INTERSECTION COLLISIONS,REAR END,STRAIGHT & LEVEL,DAYLIGHT,1,0,0,1
30215258,CAMPBELL,,OTHR,9,16TH,ST,,39.08360429,-84.48412075,0.234,6/21/2022 0:00,1622,2,2,0,0,O,CLEAR,DRY,1,1 VEHICLE PARKED POSITION (NOT PARKING LOT/DRIVEWAY),SIDESWIPE-OPPOSITE DIRECTION,STRAIGHT & GRADE,DAYLIGHT,0,0,0,1
30210428,CAMPBELL,,OTHR,17,RIDGE,PL,E,39.08177522,-84.47583442,0.126,6/21/2022 0:00,520,2,2,0,0,O,CLEAR,DRY,0,1 VEHICLE PARKED POSITION (NOT PARKING LOT/DRIVEWAY),SIDESWIPE-SAME DIRECTION,STRAIGHT & HILLCREST,DAWN,0,0,0,1
30212272,CAMPBELL,KY0009,StateRoute,1011,CENTRAL,AVE,,39.08434916,-84.49303612,22.523,6/21/2022 0:00,2211,2,2,0,0,O,CLEAR,DRY,1,1 VEHICLE ENTERING OR LEAVING PARKED POSITION (NOT PARKING LOT),SIDESWIPE-SAME DIRECTION,STRAIGHT & LEVEL,DARK-HWY LIGHTED/ON,0,0,0,1
30247560,CAMPBELL,,OTHR,130,NEWPORT PAVILION,,,39.08988867,-84.47618639,0.322,6/22/2022 0:00,1618,2,2,0,0,O,CLEAR,DRY,0,1 VEHICLE PARKED POSITION (NOT PARKING LOT/DRIVEWAY),SIDESWIPE-SAME DIRECTION,STRAIGHT & LEVEL,DAYLIGHT,0,0,0,1
30261308,CAMPBELL,I 0471,Interstate,,I471 S,,,39.05070516,-84.46641904,0.498,6/22/2022 0:00,1813,2,2,0,0,O,CLOUDY,WET,0,OTHER INTERSECTION COLLISIONS,REAR END,STRAIGHT & LEVEL,DAYLIGHT,1,0,0,1
30215257,CAMPBELL,,OTHR,95,KENTUCKY,DR,,39.07437072,-84.47889372,0.637,6/22/2022 0:00,1250,2,2,0,0,O,CLEAR,DRY,0,1 VEHICLE ENTERING/LEAVING ENTRANCE,ANGLE,STRAIGHT & LEVEL,DAYLIGHT,0,0,0,1
30616715,CAMPBELL,,OTHR,,WASHINGTON TRACE,RD,,38.94118521,-84.31126473,,6/22/2022 0:00,1215,2,1,0,0,O,CLEAR,DRY,1,SIDESWIPE COLLISION - OPPOSITE DIRECTION,SIDESWIPE-OPPOSITE DIRECTION,CURVE & GRADE,DAYLIGHT,0,0,0,1
30232643,CAMPBELL,I 0275,Interstate,,I275 E,,,39.0552631,-84.43428619,73.433,6/22/2022 0:00,1310,2,2,0,0,O,CLOUDY,DRY,0,SIDESWIPE COLLISION - SAME DIRECTION,SIDESWIPE-SAME DIRECTION,STRAIGHT & GRADE,DAYLIGHT,0,0,0,1
30215255,CAMPBELL,I 0471,Interstate,,I471 N,,,39.09987964,-84.49318499,4.832,6/22/2022 0:00,723,2,2,0,0,O,CLEAR,DRY,0,REAR END IN TRAFFIC LANES BOTH VEHICLES MOVING,REAR END,STRAIGHT & LEVEL,DAYLIGHT,0,0,0,1
30216642,CAMPBELL,KY0009,StateRoute,,,,,39.02349003,-84.48079674,,6/22/2022 0:00,842,2,2,0,0,O,CLEAR,DRY,0,REAR END IN TRAFFIC LANES BOTH VEHICLES MOVING,REAR END,STRAIGHT & LEVEL,DAYLIGHT,0,0,0,1
30216981,CAMPBELL,KY0008,StateRoute,,MARY INGLES,HWY,,38.96988212,-84.30243867,18.028,6/22/2022 0:00,1453,1,1,0,1,B,CLEAR,DRY,0,OTHER COLLISIONS ON SHOULDER,SINGLE VEHICLE,STRAIGHT & LEVEL,DAYLIGHT,0,0,0,1
30219151,CAMPBELL,US0027,USRoute,,ALEXANDRIA,PIKE,,38.96026561,-84.39303944,10.245,6/22/2022 0:00,1710,1,1,0,0,O,SEVERE CROSSWINDS,WET,0,OTHER ROADWAY OR MID-BLOCK COLLISION,SINGLE VEHICLE,STRAIGHT & LEVEL,DAYLIGHT,0,0,0,1
30216092,CAMPBELL,I 0275,Interstate,,,,,39.04837907,-84.46472896,0.187,6/22/2022 0:00,1435,1,1,0,0,O,RAINING,WET,0,COLLISION WITH FIXED OBJECT NOT IN GORE ,SINGLE VEHICLE,CURVE & LEVEL,DUSK,0,0,0,1
30229976,CAMPBELL,US0027,USRoute,2700,ALEXANDRIA,PIKE,,39.0336751,-84.45320594,16.503,6/23/2022 0:00,1438,3,3,0,0,O,CLEAR,DRY,0,OTHER ROADWAY OR MID-BLOCK COLLISION,REAR END,STRAIGHT & GRADE,DAYLIGHT,0,0,0,1
30229977,CAMPBELL,I 0275,Interstate,,I275 E,,,39.05065539,-84.44503032,74.093,6/23/2022 0:00,1531,2,2,0,0,O,CLEAR,DRY,0,OTHER ROADWAY OR MID-BLOCK COLLISION,REAR TO REAR,STRAIGHT & GRADE,DAYLIGHT,0,0,0,1
30216993,CAMPBELL,I 0471,Interstate,,I471 N,,,39.09930684,-84.49212156,4.762,6/23/2022 0:00,335,1,1,0,0,O,CLEAR,DRY,0,OTHER ROADWAY OR MID-BLOCK COLLISION,SINGLE VEHICLE,CURVE & LEVEL,DARK-HWY LIGHTED/ON,0,0,0,1
30222416,CAMPBELL,US0027,USRoute,,ALEXANDRIA,PIKE,,39.07420162,-84.47381954,20.328,6/23/2022 0:00,1415,2,2,0,1,C,CLEAR,DRY,0,1 VEHICLE ENTERING/LEAVING ENTRANCE,ANGLE,STRAIGHT & LEVEL,DAYLIGHT,0,0,0,1
30374175,CAMPBELL,,OTHR,,COLUMBIA,ST,,39.08433276,-84.49098889,0.094,6/23/2022 0:00,1724,2,2,0,0,O,CLEAR,DRY,0,VEHICLE BACKING IN INTERSECTION,BACKING,STRAIGHT & LEVEL,DAYLIGHT,1,0,0,1
30224064,CAMPBELL,,OTHR,,MURNAN,RD,,39.01719592,-84.43495015,2.63,6/23/2022 0:00,1127,2,2,0,0,O,CLEAR,DRY,0,VEHICLE BACKING IN INTERSECTION,BACKING,STRAIGHT & GRADE,DAYLIGHT,1,0,0,1
30229979,CAMPBELL,US0027,USRoute,,ALEXANDRIA,PIKE,,39.03356365,-84.4531027,16.494,6/23/2022 0:00,1436,2,2,0,0,O,CLEAR,DRY,0,OTHER INTERSECTION COLLISIONS,REAR END,STRAIGHT & LEVEL,DAYLIGHT,1,0,0,1
30234840,CAMPBELL,KY1120,StateRoute,,MEMORIAL,PKWY,,39.09445527,-84.47414485,1.802,6/23/2022 0:00,1554,1,1,0,0,O,CLEAR,DRY,0,COLLISION WITH ANIMAL NON INTERSECTION,SINGLE VEHICLE,CURVE & LEVEL,DAYLIGHT,0,0,0,1
30227711,CAMPBELL,KY0008,StateRoute,4690,MARY INGLES,HWY,,39.04182655,-84.41369074,9.464,6/23/2022 0:00,2315,1,1,0,0,O,CLEAR,DRY,0,COLLISION WITH ANIMAL NON INTERSECTION,SINGLE VEHICLE,STRAIGHT & LEVEL,DARK-HWY NOT LIGHTED,0,0,0,1
30218561,CAMPBELL,,OTHR,523,MAPLE,AVE,,39.09558487,-84.48736698,0.32,6/23/2022 0:00,1030,2,2,0,0,O,CLEAR,DRY,1,1 VEHICLE PARKED POSITION (NOT PARKING LOT/DRIVEWAY),SIDESWIPE-SAME DIRECTION,STRAIGHT & LEVEL,DAYLIGHT,0,0,0,1
30229980,CAMPBELL,US0027,USRoute,,ALEXANDRIA,PIKE,,39.04271867,-84.44836068,17.238,6/24/2022 0:00,2056,1,1,0,0,O,CLOUDY,DRY,0,COLLISION WITH ANIMAL NON INTERSECTION,SINGLE VEHICLE,CURVE & LEVEL,DAYLIGHT,0,0,0,1
30232385,CAMPBELL,US0027,USRoute,,ALEXANDRIA,PIKE,,39.0252049,-84.44543032,15.773,6/24/2022 0:00,1510,2,2,0,1,B,CLEAR,DRY,0,ANGLE COLLISION - OTHER,ANGLE,STRAIGHT & LEVEL,DAYLIGHT,0,0,0,1
30311677,CAMPBELL,US0027,USRoute,,ALEXANDRIA,PIKE,,39.01825987,-84.4357432,15.032,6/24/2022 0:00,1503,2,2,0,0,O,CLEAR,DRY,0,SIDESWIPE-SAME DIRECTION,SIDESWIPE-SAME DIRECTION,STRAIGHT & LEVEL,DAYLIGHT,0,0,0,1
30231150,CAMPBELL,KY1998,StateRoute,,INDUSTRIAL,RD,,39.04364934,-84.42065008,3.907,6/24/2022 0:00,1211,2,2,0,0,O,CLEAR,DRY,0,1 VEHICLE ENTERING/LEAVING ENTRANCE,ANGLE,STRAIGHT & GRADE,DAYLIGHT,0,0,0,1
30223547,CAMPBELL,I 0471,Interstate,,GRAND,AVE,,39.08543518,-84.47454219,0.211,6/24/2022 0:00,1008,2,2,0,0,O,CLEAR,DRY,0,OTHER RAMP RELATED COLLISIONS NOT LISTED ABOVE,REAR END,CURVE & LEVEL,DAYLIGHT,0,0,0,1
30231681,CAMPBELL,KY0009,StateRoute,,LICKING,PIKE,,39.02494766,-84.48077268,17.917,6/25/2022 0:00,1640,2,2,0,0,O,CLEAR,DRY,0,OTHER ROADWAY OR MID-BLOCK COLLISION,OPPOSING LEFT TURN,STRAIGHT & LEVEL,DAYLIGHT,0,0,0,1
30226731,CAMPBELL,US0027,USRoute,,MONMOUTH,ST,,39.07917749,-84.48060553,20.838,6/25/2022 0:00,1241,2,2,0,0,O,CLEAR,DRY,0,OTHER ROADWAY OR MID-BLOCK COLLISION,REAR END,STRAIGHT & LEVEL,DAYLIGHT,0,0,0,1
30227549,CAMPBELL,,OTHR,12206,BURNS,RD,,38.87243643,-84.3516732,2.038,6/25/2022 0:00,1615,1,1,0,0,O,CLEAR,DRY,0,OTHER ROADWAY OR MID-BLOCK COLLISION,SINGLE VEHICLE,CURVE & HILLCREST,DAYLIGHT,0,0,0,1
30257327,CAMPBELL,KY0008,StateRoute,136,6TH,AVE,,39.10987858,-84.47887367,2.21,6/25/2022 0:00,1453,2,2,0,0,O,CLEAR,DRY,0,1 VEHICLE ENTERING/LEAVING ENTRANCE,ANGLE,STRAIGHT & LEVEL,DAYLIGHT,0,0,0,1
30488492,CAMPBELL,,OTHR,,OFALLON,AVE,,39.1065732,-84.47734439,0.283,6/25/2022 0:00,1658,2,2,0,0,O,CLEAR,DRY,0,1 VEHICLE PARKED POSITION (NOT PARKING LOT/DRIVEWAY),BACKING,STRAIGHT & GRADE,DAYLIGHT,0,0,0,1
30226730,CAMPBELL,KY0008,StateRoute,,5TH,ST,W,39.09163097,-84.49564556,0.543,6/25/2022 0:00,832,2,2,0,0,O,CLEAR,DRY,0,ANGLE COLLISION - OTHER,ANGLE,STRAIGHT & LEVEL,DAYLIGHT,0,0,0,1
30291351,CAMPBELL,KY0547,StateRoute,6645,FOUR MILE,RD,,38.99770718,-84.3632937,3.271,6/25/2022 0:00,27,1,1,0,0,O,CLEAR,DRY,1,COLLISION WITH FIXED OBJECT NON - INTERSECTION - FIRST EVENT COLLISION 09 - 32 EXCLUDING 16,SINGLE VEHICLE,CURVE & LEVEL,DARK-HWY NOT LIGHTED,0,0,0,1
30235577,CAMPBELL,,OTHR,,NEWPORT PAVILION,,,39.08743713,-84.47670486,0.52,6/27/2022 0:00,1937,2,2,0,0,O,CLEAR,DRY,0,SIDESWIPE-SAME DIRECTION,SIDESWIPE-SAME DIRECTION,STRAIGHT & LEVEL,DAYLIGHT,0,0,0,1
30233844,CAMPBELL,,OTHR,,6TH,ST,W,39.08866325,-84.49797798,0.144,6/27/2022 0:00,1010,2,2,0,0,O,CLEAR,DRY,0,VEHICLE BACKING IN INTERSECTION,BACKING,STRAIGHT & LEVEL,DAYLIGHT,1,0,0,1
30238000,CAMPBELL,KY1892,StateRoute,,GRAND,AVE,,39.08272034,-84.47070568,1.689,6/27/2022 0:00,1508,2,2,0,0,O,CLEAR,DRY,0,SIDESWIPE COLLISION - SAME DIRECTION,SIDESWIPE-SAME DIRECTION,STRAIGHT & GRADE,DAYLIGHT,0,0,0,1
30245864,CAMPBELL,I 0471,Interstate,,I471 SB,,,39.06709991,-84.46501264,1.823,6/27/2022 0:00,840,2,2,0,0,O,CLEAR,DRY,0,SIDESWIPE COLLISION - SAME DIRECTION,SIDESWIPE-SAME DIRECTION,STRAIGHT & LEVEL,DAYLIGHT,0,0,0,1
30259770,CAMPBELL,I 0275,Interstate,,,,,39.04604747,-84.46310949,0.293,6/27/2022 0:00,1545,2,2,0,0,O,CLEAR,DRY,0,OTHER RAMP RELATED COLLISIONS NOT LISTED ABOVE,REAR END,STRAIGHT & LEVEL,DAYLIGHT,0,0,0,1
30240770,CAMPBELL,KY1632,StateRoute,,MOOCK,RD,,39.06434949,-84.46990129,1.334,6/28/2022 0:00,1723,2,2,0,0,O,CLEAR,DRY,0,1 VEHICLE ENTERING/LEAVING ENTRANCE,ANGLE,STRAIGHT & GRADE,DAYLIGHT,0,0,0,1
30240310,CAMPBELL,I 0471,Interstate,,,,,39.08612421,-84.47420719,0.152,6/28/2022 0:00,1815,2,2,0,0,O,CLEAR,DRY,0,REAR END IN TRAFFIC LANES BOTH VEHICLES MOVING,REAR END,STRAIGHT & HILLCREST,DAYLIGHT,0,0,0,1
30242045,CAMPBELL,,OTHR,410,ROSSFORD,AVE,,39.09954619,-84.45961642,0.299,6/28/2022 0:00,1800,2,2,0,0,O,CLEAR,DRY,0,1 VEHICLE PARKED POSITION (NOT PARKING LOT/DRIVEWAY),BACKING,STRAIGHT & LEVEL,DAYLIGHT,0,0,0,1
30238001,CAMPBELL,US0027,USRoute,,YORK,ST,,39.08863501,-84.49292123,21.914,6/28/2022 0:00,738,2,2,0,0,O,CLEAR,DRY,0,SIDESWIPE-SAME DIRECTION,SIDESWIPE-SAME DIRECTION,STRAIGHT & LEVEL,DAYLIGHT,0,0,0,1
30242343,CAMPBELL,KY1892,StateRoute,100,CAROTHERS,RD,,39.08649763,-84.47742427,2.165,6/29/2022 0:00,1215,3,3,0,0,O,CLEAR,DRY,0,OTHER ROADWAY OR MID-BLOCK COLLISION,OPPOSING LEFT TURN,STRAIGHT & GRADE,DAYLIGHT,0,0,0,1
30243098,CAMPBELL,I 0471,Interstate,,,,,39.08541611,-84.474645,0.217,6/29/2022 0:00,1606,2,2,0,0,O,CLEAR,DRY,0,OTHER RAMP RELATED COLLISIONS NOT LISTED ABOVE,REAR END,STRAIGHT & GRADE,DAYLIGHT,0,0,0,1
30263487,CAMPBELL,,OTHR,,HIGHLAND,AVE,,39.07570096,-84.46220187,0.538,6/29/2022 0:00,656,1,1,0,0,O,CLEAR,DRY,0,COLLISION WITH ANIMAL IN INTERSECTION,SINGLE VEHICLE,STRAIGHT & LEVEL,DAYLIGHT,1,0,0,1
30274860,CAMPBELL,,OTHR,,11TH,ST,E,39.08613244,-84.48747324,,6/29/2022 0:00,913,1,1,0,1,C,CLEAR,DRY,0,COLLISION WITH FIXED OBJECT IN INTERSECTION - FIRST EVENT COLLISION 09 - 32,SINGLE VEHICLE,STRAIGHT & LEVEL,DAYLIGHT,1,0,0,1
33584023,CAMPBELL,,OTHR,119,8TH,AVE,,39.10840865,-84.47875074,0.563,6/29/2022 0:00,1200,2,1,0,0,O,CLEAR,DRY,1,1 VEHICLE PARKED POSITION (NOT PARKING LOT/DRIVEWAY),REAR END,STRAIGHT & LEVEL,UNKNOWN,0,0,0,1
30248724,CAMPBELL,I 0275,Interstate,,I275 E,,,39.05688453,-84.43078975,73.215,6/29/2022 0:00,1638,2,2,0,0,O,CLEAR,DRY,0,REAR END IN TRAFFIC LANES BOTH VEHICLES MOVING,REAR END,STRAIGHT & LEVEL,DAYLIGHT,0,0,0,1
30248727,CAMPBELL,I 0275,Interstate,,I275 E,,,39.05688453,-84.43078975,73.215,6/29/2022 0:00,1751,2,2,0,0,O,CLEAR,DRY,1,REAR END IN TRAFFIC LANES BOTH VEHICLES MOVING,REAR END,STRAIGHT & LEVEL,DAYLIGHT,0,0,0,1
30254581,CAMPBELL,,OTHR,1200,LOWELL,ST,,39.07932539,-84.49628839,0.316,6/29/2022 0:00,1730,2,2,0,0,O,CLEAR,DRY,0,1 VEHICLE ENTERING/LEAVING ENTRANCE,ANGLE,STRAIGHT & LEVEL,DAYLIGHT,0,0,0,1
30251188,CAMPBELL,,OTHR,361,RIDDLE,PL,,39.0806971,-84.47264927,0.228,6/30/2022 0:00,1704,2,2,0,0,O,CLOUDY,DRY,0,VEHICLE BACKING NON INTERSECTION,BACKING,STRAIGHT & GRADE,DAYLIGHT,0,0,0,1
30247559,CAMPBELL,KY0008,StateRoute,,5TH,ST,W,39.09084703,-84.49714493,0.448,6/30/2022 0:00,1009,2,2,0,0,O,CLEAR,DRY,0,SIDESWIPE COLLISION - SAME DIRECTION,SIDESWIPE-SAME DIRECTION,STRAIGHT & LEVEL,DAYLIGHT,0,0,0,1
30250359,CAMPBELL,I 0471,Interstate,,I471 SB,,,39.05562782,-84.46956259,0.91,6/30/2022 0:00,1610,2,2,0,0,O,CLEAR,DRY,0,SIDESWIPE COLLISION - SAME DIRECTION,SIDESWIPE-SAME DIRECTION,CURVE & LEVEL,DAYLIGHT,0,0,0,1
30248908,CAMPBELL,US0027,USRoute,,3RD,ST,E,39.09372583,-84.49669899,22.244,6/30/2022 0:00,1930,2,2,0,0,O,CLEAR,DRY,0,SIDESWIPE COLLISION - SAME DIRECTION,SIDESWIPE-SAME DIRECTION,CURVE & GRADE,DAYLIGHT,0,0,0,1
30287283,CAMPBELL,,OTHR,,ASPEN PINES,DR,,39.06346857,-84.48456951,0.118,6/30/2022 0:00,1235,2,2,0,0,O,CLEAR,DRY,0,1 VEHICLE PARKED POSITION (NOT PARKING LOT/DRIVEWAY),BACKING,STRAIGHT & LEVEL,DAYLIGHT,0,0,0,1
30247703,CAMPBELL,,OTHR,1116,WATERWORKS,RD,,39.0913892,-84.47401294,0.069,6/30/2022 0:00,1550,2,2,0,0,O,CLEAR,DRY,0,1 VEHICLE PARKED POSITION (NOT PARKING LOT/DRIVEWAY),REAR END,STRAIGHT & LEVEL,DAYLIGHT,0,0,0,1
30249683,CAMPBELL,,OTHR,407,FORREST,ST,,39.08883049,-84.48508301,0.147,6/30/2022 0:00,2118,2,2,0,0,O,CLEAR,DRY,1,1 VEHICLE PARKED POSITION (NOT PARKING LOT/DRIVEWAY),SIDESWIPE-OPPOSITE DIRECTION,STRAIGHT & LEVEL,DUSK,0,0,0,1
30420750,CAMPBELL,,OTHR,688,BOONE SMITH,RD,,38.86118053,-84.41640615,0.696,6/30/2022 0:00,1836,1,1,0,0,O,CLEAR,DRY,0,COLLISION WITH FIXED OBJECT NON - INTERSECTION - FIRST EVENT COLLISION 09 - 32 EXCLUDING 16,SINGLE VEHICLE,STRAIGHT & LEVEL,DAYLIGHT,0,0,0,1
30261307,CAMPBELL,KY0471,StateRoute,,KY471,,,39.03698329,-84.45412493,0.008,6/30/2022 0:00,1734,2,2,0,0,O,CLEAR,DRY,0,OTHER INTERSECTION COLLISIONS,REAR END,STRAIGHT & LEVEL,DAYLIGHT,1,0,0,1
30265685,CAMPBELL,US0027,USRoute,,ALEXANDRIA,PIKE,,38.98217946,-84.39801677,11.877,7/1/2022 0:00,1443,2,2,0,0,O,CLOUDY,DRY,0,OTHER INTERSECTION COLLISIONS,REAR END,STRAIGHT & GRADE,DAYLIGHT,1,0,0,1
30276082,CAMPBELL,KY0008,StateRoute,,FAIRFIELD,AVE,,39.10290105,-84.48737494,1.544,7/1/2022 0:00,1337,2,2,0,0,O,CLEAR,DRY,0,OTHER INTERSECTION COLLISIONS,REAR END,STRAIGHT & LEVEL,DAYLIGHT,1,0,0,1
30253400,CAMPBELL,KY0008,StateRoute,,DAVE COWENS,DR,,39.09950954,-84.49117425,1.234,7/1/2022 0:00,2215,2,2,0,0,O,CLEAR,DRY,1,OTHER INTERSECTION COLLISIONS,REAR TO REAR,STRAIGHT & LEVEL,DARK-HWY LIGHTED/ON,1,0,0,1
30254938,CAMPBELL,US0027,USRoute,,ALEXANDRIA,PIKE,,39.00328872,-84.42336996,13.837,7/1/2022 0:00,1124,2,2,0,1,C,CLEAR,DRY,0,ANGLE COLLISION - OTHER,ANGLE,STRAIGHT & LEVEL,DAYLIGHT,0,0,0,1
30265692,CAMPBELL,US0027,USRoute,,ALEXANDRIA,PIKE,,38.96742656,-84.39341822,10.729,7/1/2022 0:00,1213,2,2,0,1,B,CLEAR,DRY,0,ANGLE COLLISION - OTHER,ANGLE,STRAIGHT & LEVEL,DAYLIGHT,0,0,0,1
30263502,CAMPBELL,,OTHR,7,CARRIAGE,CT,,39.09733645,-84.46166958,0.023,7/1/2022 0:00,1940,2,2,0,0,O,CLEAR,DRY,0,1 VEHICLE PARKED POSITION (NOT PARKING LOT/DRIVEWAY),BACKING,STRAIGHT & LEVEL,DAYLIGHT,0,0,0,1
30263492,CAMPBELL,KY0445,StateRoute,,RIVER,RD,,39.05596922,-84.43800471,0.212,7/1/2022 0:00,1700,2,2,0,0,O,CLEAR,DRY,0,REAR END IN TRAFFIC LANES BOTH VEHICLES MOVING,REAR END,STRAIGHT & GRADE,DAYLIGHT,0,0,0,1
30261304,CAMPBELL,I 0275,Interstate,,I275 E,,,39.03362479,-84.47030836,76.135,7/1/2022 0:00,1337,2,2,0,0,O,CLOUDY,DRY,0,REAR END IN TRAFFIC LANES BOTH VEHICLES MOVING,REAR END,STRAIGHT & HILLCREST,DAYLIGHT,0,0,0,1
30251192,CAMPBELL,,OTHR,115,NEWPORT PAVILION,,,39.0915981,-84.47833475,0.153,7/1/2022 0:00,1220,2,2,0,0,O,CLOUDY,DRY,1,REAR END IN TRAFFIC LANES BOTH VEHICLES MOVING,REAR END,CURVE & LEVEL,DAYLIGHT,0,0,0,1
30265161,CAMPBELL,KY1632,StateRoute,,MOOCK,RD,,39.05952732,-84.47723279,0.699,7/1/2022 0:00,1151,3,3,0,0,O,CLOUDY,DRY,0,REAR END IN TRAFFIC LANES BOTH VEHICLES MOVING,REAR END,STRAIGHT & GRADE,DAYLIGHT,0,0,0,1
30315532,CAMPBELL,,OTHR,,ST. ELIZABETH EAST HOSPITAL,,,39.07854509,-84.46642129,0.153,7/1/2022 0:00,1016,2,2,0,0,O,CLEAR,DRY,0,1 VEHICLE PARKED POSITION (NOT PARKING LOT/DRIVEWAY),BACKING,STRAIGHT & LEVEL,DAYLIGHT,0,0,0,1
30287534,CAMPBELL,,OTHR,10,SADYE,CT,,39.08914384,-84.44927514,0.011,7/1/2022 0:00,100,2,2,0,0,O,CLEAR,DRY,0,1 VEHICLE PARKED POSITION (NOT PARKING LOT/DRIVEWAY),BACKING,STRAIGHT & GRADE,DARK (UNKNOWN ROADWAY LIGHTING),0,0,0,1
30263496,CAMPBELL,KY1892,StateRoute,,GRAND,AVE,N,39.07854713,-84.46504325,1.263,7/1/2022 0:00,1750,2,2,0,0,O,CLEAR,DRY,0,1 VEHICLE ENTERING/LEAVING ENTRANCE,ANGLE,STRAIGHT & GRADE,DAYLIGHT,0,0,0,1
30264535,CAMPBELL,KY1997,StateRoute,,STONEHOUSE,RD,,38.95320419,-84.33696123,,7/2/2022 0:00,1540,2,2,0,0,O,CLEAR,DRY,0,SIDESWIPE COLLISION - SAME DIRECTION,SIDESWIPE-SAME DIRECTION,STRAIGHT & LEVEL,DAYLIGHT,0,0,0,1
30254579,CAMPBELL,KY1120,StateRoute,,11TH,ST,W,39.08249662,-84.49426815,0.362,7/2/2022 0:00,1252,3,3,0,2,B,CLOUDY,DRY,0,REAR END IN TRAFFIC LANES BOTH VEHICLES MOVING,REAR END,STRAIGHT & LEVEL,DAYLIGHT,0,0,0,1
30254578,CAMPBELL,I 0471,Interstate,,I471 N,,,39.09250693,-84.47715726,3.802,7/2/2022 0:00,837,2,2,0,1,B,CLOUDY,WET,0,REAR END IN TRAFFIC LANES BOTH VEHICLES MOVING,REAR END,CURVE & LEVEL,DAYLIGHT,0,0,0,1