IncidentID,County,RdwyNumber,RdwyType,Street,RoadwayName,StreetSfx,StreetDir,Latitude,Longitude,Milepoint,CollisionDate,CollisionTime,UnitsInvolved,MotorVehiclesInvolved,NumberKilled,NumberInjured,KABCO,Weather,RdwyConditionCode,HitandRun,DirAnalysisCode,MannerofCollision,RdwyCharacter,LightCondition,Intersection Crash,Bicyclist,Pedestrian,Motor Vehicles
30254580,CAMPBELL,KY1892,StateRoute,,CAROTHERS,RD,,39.08637197,-84.47724388,2.152,7/2/2022 0:00,1203,2,2,0,0,O,CLEAR,DRY,0,OTHER INTERSECTION COLLISIONS,REAR END,STRAIGHT & LEVEL,DAYLIGHT,1,0,0,1
30264533,CAMPBELL,KY0009,StateRoute,,AA,HWY,,38.93842835,-84.32042872,6.619,7/2/2022 0:00,625,1,1,0,0,O,RAINING,WET,0,OTHER ROADWAY OR MID-BLOCK COLLISION,SINGLE VEHICLE,STRAIGHT & GRADE,DAWN,0,0,0,1
30258906,CAMPBELL,,OTHR,28,10TH,ST,W,39.08562529,-84.49170825,0.457,7/3/2022 0:00,346,3,3,0,0,O,CLEAR,DRY,0,1 VEHICLE PARKED POSITION (NOT PARKING LOT/DRIVEWAY),SIDESWIPE-SAME DIRECTION,STRAIGHT & LEVEL,DARK-HWY LIGHTED/ON,0,0,0,1
30740203,CAMPBELL,,OTHR,,MAPLE,ST,,39.10805734,-84.47505206,0.048,7/3/2022 0:00,1551,2,1,0,0,O,CLEAR,DRY,0,1 VEHICLE PARKED POSITION (NOT PARKING LOT/DRIVEWAY),SIDESWIPE-SAME DIRECTION,STRAIGHT & LEVEL,DAYLIGHT,0,0,0,1
30263503,CAMPBELL,KY1120,StateRoute,,MEMORIAL,PKWY,,39.0946065,-84.46242573,2.418,7/3/2022 0:00,2106,1,1,0,1,C,CLEAR,DRY,0,COLLISION WITH FIXED OBJECT NON - INTERSECTION - FIRST EVENT COLLISION 09 - 32 EXCLUDING 16,SINGLE VEHICLE,CURVE & GRADE,DUSK,0,0,0,1
30262332,CAMPBELL,US0027,USRoute,,ALEXANDRIA,PIKE,,38.88702881,-84.3866445,5.075,7/3/2022 0:00,1635,2,2,0,2,B,CLEAR,DRY,0,ANGLE COLLISION - OTHER,ANGLE,STRAIGHT & LEVEL,DAYLIGHT,0,0,0,1
30314969,CAMPBELL,KY1632,StateRoute,,MOOCK,RD,,39.05441377,-84.48310198,0.238,7/3/2022 0:00,1616,2,2,1,0,K,CLEAR,DRY,0,HEAD-ON COLLISION,HEAD ON,CURVE & LEVEL,DAYLIGHT,0,0,0,1
30276078,CAMPBELL,KY0008,StateRoute,,FAIRFIELD,AVE,,39.10578031,-84.48389678,1.821,7/4/2022 0:00,943,2,2,0,2,B,CLEAR,DRY,0,OTHER INTERSECTION COLLISIONS,REAR END,STRAIGHT & LEVEL,DAYLIGHT,1,0,0,1
30260144,CAMPBELL,US0027,USRoute,2102,MONMOUTH,ST,,39.07760321,-84.47912735,20.704,7/4/2022 0:00,1209,1,1,0,1,B,CLEAR,DRY,0,OCCUPANT FELL FROM MOVING VEHICLE,SINGLE VEHICLE,STRAIGHT & HILLCREST,DAYLIGHT,0,0,0,1
30260177,CAMPBELL,,OTHR,1040,WASHINGTON,AVE,,39.08749774,-84.48573994,0.683,7/4/2022 0:00,1354,2,2,0,0,O,CLEAR,DRY,0,1 VEHICLE PARKED POSITION (NOT PARKING LOT/DRIVEWAY),SIDESWIPE-SAME DIRECTION,STRAIGHT & LEVEL,DAYLIGHT,0,0,0,1
30265185,CAMPBELL,,OTHR,,NEWPORT PAVILION,,,39.08849592,-84.4757798,0.425,7/5/2022 0:00,1127,2,2,0,0,O,CLOUDY,DRY,0,1 VEHICLE ENTERING/LEAVING ENTRANCE,ANGLE,STRAIGHT & LEVEL,DAYLIGHT,0,0,0,1
31506060,CAMPBELL,I 0471,Interstate,,I471 NB,,,39.0652712,-84.46607332,1.656,7/5/2022 0:00,1658,2,2,0,0,O,CLEAR,DRY,0,SIDESWIPE COLLISION - SAME DIRECTION,SIDESWIPE-SAME DIRECTION,STRAIGHT & LEVEL,DAYLIGHT,0,0,0,1
30285077,CAMPBELL,KY0009,StateRoute,,LICKING,PIKE,,39.02362598,-84.48077812,17.813,7/5/2022 0:00,1528,3,3,0,0,O,CLOUDY,WET,0,REAR END IN TRAFFIC LANES BOTH VEHICLES MOVING,REAR END,STRAIGHT & LEVEL,DAYLIGHT,0,0,0,1
30275225,CAMPBELL,US0027,USRoute,,ALEXANDRIA,PIKE,,38.94169008,-84.39417764,8.94,7/5/2022 0:00,1538,2,2,0,0,O,CLEAR,DRY,0,REAR END IN TRAFFIC LANES BOTH VEHICLES MOVING,REAR END,STRAIGHT & LEVEL,DAYLIGHT,0,0,0,1
30266104,CAMPBELL,,OTHR,,7TH,ST,W,39.08786313,-84.49762442,0.238,7/5/2022 0:00,1038,2,2,0,0,O,CLEAR,DRY,1,1 VEHICLE PARKED POSITION (NOT PARKING LOT/DRIVEWAY),SIDESWIPE-SAME DIRECTION,STRAIGHT & LEVEL,UNKNOWN,0,0,0,1
30275224,CAMPBELL,US0027,USRoute,6711,ALEXANDRIA,PIKE,,38.98697705,-84.4043121,12.314,7/5/2022 0:00,1638,2,2,0,0,O,CLOUDY,DRY,0,REAR END - ONE VEHICLE TURNING RIGHT,REAR END,STRAIGHT & LEVEL,DAYLIGHT,0,0,0,1
30275213,CAMPBELL,US0027,USRoute,,ALEXANDRIA,PIKE,,39.02902162,-84.45049488,16.151,7/5/2022 0:00,1513,2,2,0,0,O,CLOUDY,WET,0,OTHER INTERSECTION COLLISIONS,REAR END,STRAIGHT & LEVEL,DAYLIGHT,1,0,0,1
30289272,CAMPBELL,KY0009,StateRoute,,AA,HWY,,38.93354835,-84.31395094,6.072,7/5/2022 0:00,721,2,2,0,0,O,CLEAR,DRY,0,SIDESWIPE-SAME DIRECTION,SIDESWIPE-SAME DIRECTION,STRAIGHT & GRADE,DAYLIGHT,0,0,0,1
30275965,CAMPBELL,KY1121,StateRoute,,PERSIMMON GROVE,PIKE,,38.92773312,-84.36694352,7.761,7/6/2022 0:00,534,1,1,0,0,O,CLEAR,DRY,0,COLLISION WITH ANIMAL NON INTERSECTION,SINGLE VEHICLE,STRAIGHT & LEVEL,DARK-HWY NOT LIGHTED,0,0,0,1
30285078,CAMPBELL,KY0009,StateRoute,,AA,HWY,,39.01425369,-84.47603651,17.043,7/6/2022 0:00,1703,2,2,0,0,O,CLOUDY,WET,0,OTHER INTERSECTION COLLISIONS,REAR END,STRAIGHT & LEVEL,DAYLIGHT,1,0,0,1
30286735,CAMPBELL,KY1892,StateRoute,,CAROTHERS,RD,,39.08634652,-84.47720611,2.154,7/6/2022 0:00,1602,3,3,0,0,O,CLOUDY,WET,0,OTHER INTERSECTION COLLISIONS,REAR END,STRAIGHT & LEVEL,DAYLIGHT,1,0,0,1
30281821,CAMPBELL,KY0008,StateRoute,,5TH,ST,W,39.09012032,-84.49838342,0.362,7/6/2022 0:00,1601,2,2,0,0,O,CLOUDY,WET,0,ANGLE COLLISION - ONE VEHICLE TURNING LEFT,ANGLE,STRAIGHT & LEVEL,DAYLIGHT,0,0,0,1
30279119,CAMPBELL,KY0008,StateRoute,,4TH,AVE,,39.11532908,-84.46891927,2.894,7/6/2022 0:00,1617,2,2,0,0,O,CLOUDY,DRY,0,1 VEHICLE PARKED POSITION (NOT PARKING LOT/DRIVEWAY),SIDESWIPE-SAME DIRECTION,STRAIGHT & LEVEL,DAYLIGHT,0,0,0,1
30285093,CAMPBELL,KY0009,StateRoute,,AA,HWY,,39.01443789,-84.4764136,17.067,7/6/2022 0:00,1812,2,2,0,0,O,CLOUDY,DRY,0,REAR END IN TRAFFIC LANES BOTH VEHICLES MOVING,REAR END,STRAIGHT & LEVEL,DAYLIGHT,0,0,0,1
30315927,CAMPBELL,,OTHR,100,VINE,RD,,39.0268199,-84.48121828,0.164,7/6/2022 0:00,708,2,2,0,0,O,CLEAR,DRY,0,SIDESWIPE COLLISION - OPPOSITE DIRECTION,SIDESWIPE-OPPOSITE DIRECTION,CURVE & GRADE,DAYLIGHT,0,0,0,1
30270942,CAMPBELL,I 0471,Interstate,,,,,39.08541224,-84.4746282,0.216,7/6/2022 0:00,1340,2,2,0,0,O,CLEAR,DRY,0,OTHER RAMP RELATED COLLISIONS NOT LISTED ABOVE,REAR END,STRAIGHT & LEVEL,DAYLIGHT,0,0,0,1
30291500,CAMPBELL,,OTHR,,LINDEN,ST,,39.03323033,-84.38618101,0.061,7/6/2022 0:00,1530,1,1,0,0,O,SEVERE CROSSWINDS,WET,0,OTHER ROADWAY OR MID-BLOCK COLLISION,SINGLE VEHICLE,STRAIGHT & LEVEL,DAYLIGHT,0,0,0,1
30275215,CAMPBELL,US0027,USRoute,,ALEXANDRIA,PIKE,,39.00286231,-84.42284525,13.806,7/6/2022 0:00,1100,2,2,0,0,O,RAINING,WET,0,OTHER ROADWAY OR MID-BLOCK COLLISION,REAR END,STRAIGHT & LEVEL,DAYLIGHT,0,0,0,1
30288405,CAMPBELL,KY0009,StateRoute,,LICKING,PIKE,,39.02207645,-84.48101445,17.692,7/7/2022 0:00,1933,2,2,0,0,O,CLOUDY,DRY,0,1 VEHICLE ENTERING/LEAVING ENTRANCE,ANGLE,STRAIGHT & LEVEL,DAYLIGHT,0,0,0,1
30289729,CAMPBELL,US0027,USRoute,7010,ALEXANDRIA,PIKE,,38.98443818,-84.4015481,12.122,7/7/2022 0:00,1118,2,2,0,0,O,CLOUDY,WET,0,REAR END IN TRAFFIC LANES BOTH VEHICLES MOVING,REAR END,STRAIGHT & LEVEL,DAYLIGHT,0,0,0,1
30281923,CAMPBELL,,OTHR,613,OFALLON,AVE,,39.10882515,-84.47974393,0.484,7/7/2022 0:00,2355,3,3,0,0,O,CLEAR,DRY,1,1 VEHICLE PARKED POSITION (NOT PARKING LOT/DRIVEWAY),SIDESWIPE-SAME DIRECTION,STRAIGHT & LEVEL,DARK-HWY LIGHTED/ON,0,0,0,1
30278285,CAMPBELL,,OTHR,629,TALUS,WAY,,38.97139857,-84.40547034,,7/7/2022 0:00,1830,2,2,0,0,O,CLOUDY,DRY,0,1 VEHICLE PARKED POSITION (NOT PARKING LOT/DRIVEWAY),BACKING,STRAIGHT & LEVEL,DAYLIGHT,0,0,0,1
30275309,CAMPBELL,US0027,USRoute,,ALEXANDRIA,PIKE,,39.01832159,-84.43575886,15.029,7/7/2022 0:00,1438,2,2,0,0,O,CLEAR,DRY,0,OTHER INTERSECTION COLLISIONS,REAR END,STRAIGHT & LEVEL,DAYLIGHT,1,0,0,1
30277128,CAMPBELL,KY1120,StateRoute,,10TH,ST,E,39.08724844,-84.48882264,0.787,7/7/2022 0:00,1825,2,2,0,0,O,CLEAR,DRY,1,VEHICLE BACKING IN INTERSECTION,BACKING,STRAIGHT & LEVEL,DAYLIGHT,1,0,0,1
30275086,CAMPBELL,,OTHR,,BROADWAY,ST,W,39.07581517,-84.49159015,0.06,7/7/2022 0:00,1400,2,2,0,0,O,CLOUDY,DRY,0,OPPOSING LEFT TURN,OPPOSING LEFT TURN,STRAIGHT & GRADE,DAYLIGHT,0,0,0,1
30275964,CAMPBELL,US0027,USRoute,,ALEXANDRIA,PIKE,,38.92466674,-84.39223777,,7/7/2022 0:00,,1,1,0,0,O,CLEAR,DRY,1,COLLISION WITH FIXED OBJECT NON - INTERSECTION - FIRST EVENT COLLISION 09 - 32 EXCLUDING 16,SINGLE VEHICLE,CURVE & GRADE,DAYLIGHT,0,0,0,1
30279377,CAMPBELL,I 0471,Interstate,,I471 N,,,39.09868337,-84.49080573,4.679,7/8/2022 0:00,1258,2,2,0,0,O,RAINING,WET,0,OTHER INTERSECTION COLLISIONS,REAR END,STRAIGHT & LEVEL,DAYLIGHT,1,0,0,1
30291013,CAMPBELL,,OTHR,53,DONNERMEYER,BLVD,,39.0986926,-84.48064401,0.176,7/8/2022 0:00,1217,2,2,0,0,O,RAINING,WET,0,REAR END IN TRAFFIC LANES BOTH VEHICLES MOVING,REAR END,STRAIGHT & LEVEL,DAYLIGHT,0,0,0,1
30289800,CAMPBELL,I 0275,Interstate,,I275 W,,,39.02598204,-84.47724004,76.852,7/8/2022 0:00,1121,2,2,0,0,O,RAINING,WET,1,1 VEHICLE ENTERING/LEAVING ENTRANCE,ANGLE,STRAIGHT & GRADE,DAYLIGHT,0,0,0,1
30293926,CAMPBELL,KY0008,StateRoute,200,WASHINGTON,AVE,,39.09586697,-84.49347634,0.834,7/8/2022 0:00,1202,2,2,0,0,O,RAINING,WET,0,OTHER ROADWAY OR MID-BLOCK COLLISION,REAR END,STRAIGHT & GRADE,DAYLIGHT,0,0,0,1
30279556,CAMPBELL,US0027,USRoute,,MONMOUTH,ST,,39.08584531,-84.48707715,21.434,7/8/2022 0:00,1201,2,2,0,0,O,RAINING,WET,1,OTHER ROADWAY OR MID-BLOCK COLLISION,REAR END,STRAIGHT & GRADE,DAYLIGHT,0,0,0,1
30313178,CAMPBELL,I 0471,Interstate,,,,,39.08539264,-84.47423854,0.173,7/9/2022 0:00,1942,2,2,0,0,O,CLEAR,DRY,0,OTHER RAMP RELATED COLLISIONS NOT LISTED ABOVE,REAR END,STRAIGHT & GRADE,DAYLIGHT,0,0,0,1
30288060,CAMPBELL,US0027,USRoute,,ALEXANDRIA,PIKE,,39.03195493,-84.45231647,16.375,7/9/2022 0:00,1102,2,2,0,0,O,RAINING,WET,0,OTHER ROADWAY OR MID-BLOCK COLLISION,REAR END,STRAIGHT & GRADE,DAYLIGHT,0,0,0,1
30288061,CAMPBELL,US0027,USRoute,,ALEXANDRIA,PIKE,,39.03951417,-84.44927881,17.028,7/9/2022 0:00,1240,2,2,0,0,O,RAINING,WET,0,OTHER ROADWAY OR MID-BLOCK COLLISION,REAR END,STRAIGHT & LEVEL,DAYLIGHT,0,0,0,1
30282518,CAMPBELL,I 0471,Interstate,,,,,39.08480059,-84.47254627,0.384,7/9/2022 0:00,1328,1,1,0,0,O,RAINING,WET,0,COLLISION WITH FIXED OBJECT NOT IN GORE ,SINGLE VEHICLE,CURVE & GRADE,DAYLIGHT,0,0,0,1
30289728,CAMPBELL,,OTHR,,GRANDVIEW,RD,,38.95704198,-84.37110636,0.421,7/9/2022 0:00,1146,2,2,0,0,O,CLOUDY,WET,0,SIDESWIPE COLLISION - OPPOSITE DIRECTION,SIDESWIPE-OPPOSITE DIRECTION,CURVE & LEVEL,DAYLIGHT,0,0,0,1
30282055,CAMPBELL,US0027,USRoute,,MONMOUTH,ST,,39.0787119,-84.48013845,20.804,7/9/2022 0:00,1221,2,2,0,0,O,RAINING,WET,0,SIDESWIPE COLLISION - SAME DIRECTION,SIDESWIPE-SAME DIRECTION,STRAIGHT & LEVEL,DAYLIGHT,0,0,0,1
30288062,CAMPBELL,US0027,USRoute,,ALEXANDRIA,PIKE,,39.03856192,-84.45050881,16.942,7/9/2022 0:00,1734,2,2,0,0,O,CLEAR,DRY,0,REAR END IN TRAFFIC LANES BOTH VEHICLES MOVING,REAR END,STRAIGHT & LEVEL,DAYLIGHT,0,0,0,1
30283606,CAMPBELL,,OTHR,,LOW GAP,RD,W,38.98394234,-84.41706427,,7/9/2022 0:00,230,1,1,0,0,O,CLOUDY,DRY,0,OTHER INTERSECTION COLLISIONS,SINGLE VEHICLE,STRAIGHT & GRADE,DARK-HWY NOT LIGHTED,1,0,0,1
30283703,CAMPBELL,KY1120,StateRoute,,10TH,ST,E,39.08623023,-84.49072767,0.671,7/9/2022 0:00,2257,2,2,0,0,O,CLEAR,DRY,1,SIDESWIPE-SAME DIRECTION,SIDESWIPE-SAME DIRECTION,STRAIGHT & LEVEL,DARK-HWY LIGHTED/ON,0,0,0,1
30284581,CAMPBELL,I 0471,Interstate,,I471 N,,,39.10116677,-84.49576182,4.998,7/10/2022 0:00,1240,3,3,0,0,O,CLEAR,DRY,0,REAR END IN TRAFFIC LANES BOTH VEHICLES MOVING,REAR END,STRAIGHT & LEVEL,DAYLIGHT,0,0,0,1
30284879,CAMPBELL,US0027,USRoute,,MONMOUTH,ST,,39.08018459,-84.48145282,20.926,7/10/2022 0:00,1616,2,2,0,0,O,CLEAR,DRY,0,1 VEHICLE PARKED POSITION (NOT PARKING LOT/DRIVEWAY),REAR END,STRAIGHT & LEVEL,DAYLIGHT,0,0,0,1
30286549,CAMPBELL,KY1120,StateRoute,125,11TH,ST,W,39.08378239,-84.49170944,0.527,7/10/2022 0:00,1821,2,2,0,0,O,CLEAR,DRY,0,SIDESWIPE COLLISION - OPPOSITE DIRECTION,SIDESWIPE-OPPOSITE DIRECTION,STRAIGHT & LEVEL,DAYLIGHT,0,0,0,1
30286563,CAMPBELL,KY0008,StateRoute,,3RD,ST,E,39.09521811,-84.49420614,0.753,7/10/2022 0:00,1845,2,2,0,0,O,CLEAR,DRY,0,VEHICLE BACKING NON INTERSECTION,BACKING,STRAIGHT & LEVEL,DAYLIGHT,0,0,0,1
30298786,CAMPBELL,US0027,USRoute,,ALEXANDRIA,PIKE,,39.01989892,-84.4378394,15.209,7/10/2022 0:00,1250,2,2,0,2,C,CLEAR,DRY,0,1 VEHICLE ENTERING/LEAVING ENTRANCE,ANGLE,STRAIGHT & LEVEL,DAYLIGHT,0,0,0,1
30287674,CAMPBELL,US0027,USRoute,,ALEXANDRIA,PIKE,,39.06533303,-84.46440421,19.498,7/10/2022 0:00,2036,2,2,0,0,O,CLEAR,DRY,0,1 VEHICLE ENTERING/LEAVING ENTRANCE,ANGLE,STRAIGHT & LEVEL,DUSK,0,0,0,1
30296275,CAMPBELL,KY1120,StateRoute,,MEMORIAL,PKWY,,39.09116738,-84.46103137,2.65,7/11/2022 0:00,1737,1,1,0,0,O,CLOUDY,DRY,0,COLLISION WITH ANIMAL IN INTERSECTION,SINGLE VEHICLE,CURVE & LEVEL,DAYLIGHT,1,0,0,1
30289063,CAMPBELL,KY1892,StateRoute,,GRAND,AVE,,39.08541,-84.47465352,1.987,7/11/2022 0:00,1103,2,2,0,0,O,CLEAR,DRY,0,OTHER INTERSECTION COLLISIONS,REAR END,STRAIGHT & HILLCREST,DAYLIGHT,1,0,0,1
30297146,CAMPBELL,,OTHR,8034,RILEY,RD,,38.97496664,-84.36510866,0.402,7/11/2022 0:00,747,1,1,0,0,O,CLEAR,DRY,0,COLLISION WITH ANIMAL NON INTERSECTION,SINGLE VEHICLE,STRAIGHT & LEVEL,DAYLIGHT,0,0,0,1
30293472,CAMPBELL,KY0010,StateRoute,,MAIN,ST,E,38.95365291,-84.37428632,2.554,7/11/2022 0:00,1426,1,1,0,0,O,CLEAR,DRY,0,COLLISION WITH ANIMAL NON INTERSECTION,SINGLE VEHICLE,STRAIGHT & GRADE,DAYLIGHT,0,0,0,1
30291637,CAMPBELL,,OTHR,22,HIGHLAND MEADOWS,CIR,,39.024769,-84.4585953,0.076,7/11/2022 0:00,1645,2,2,0,0,O,CLEAR,DRY,0,VEHICLE BACKING NON INTERSECTION,BACKING,STRAIGHT & LEVEL,DAYLIGHT,0,0,0,1
30291508,CAMPBELL,,OTHR,,NINE MILE,RD,,39.00427224,-84.3511964,1.669,7/11/2022 0:00,2000,2,2,0,0,O,CLEAR,DRY,0,SIDESWIPE COLLISION - OPPOSITE DIRECTION,SIDESWIPE-OPPOSITE DIRECTION,CURVE & LEVEL,DAYLIGHT,0,0,0,1
30291636,CAMPBELL,US0027,USRoute,2600,ALEXANDRIA,PIKE,,39.0365271,-84.45418462,16.707,7/11/2022 0:00,1146,2,2,0,0,O,CLEAR,DRY,0,REAR END IN TRAFFIC LANES BOTH VEHICLES MOVING,REAR END,STRAIGHT & LEVEL,DAYLIGHT,0,0,0,1
30296000,CAMPBELL,,OTHR,,WALNUT,ST,,39.07066665,-84.47498752,0.331,7/12/2022 0:00,1139,2,2,0,0,O,CLEAR,DRY,0,VEHICLE BACKING NON INTERSECTION,BACKING,STRAIGHT & LEVEL,DAYLIGHT,0,0,0,1
30314974,CAMPBELL,KY0009,StateRoute,120,LICKING,PIKE,,39.07103909,-84.49068571,21.348,7/12/2022 0:00,828,1,1,0,0,O,CLOUDY,DRY,0,COLLISION WITH ANIMAL NON INTERSECTION,SINGLE VEHICLE,STRAIGHT & LEVEL,DAYLIGHT,0,0,0,1
30296271,CAMPBELL,KY1892,StateRoute,,GRAND,AVE,N,39.07856075,-84.46503129,1.263,7/12/2022 0:00,1815,2,2,0,0,O,CLEAR,DRY,0,ANGLE COLLISION - OTHER,ANGLE,STRAIGHT & GRADE,DAYLIGHT,0,0,0,1
30315535,CAMPBELL,KY1892,StateRoute,20,GRAND,AVE,N,39.07649436,-84.46325528,1.09,7/12/2022 0:00,739,2,2,0,0,O,CLEAR,DRY,0,OTHER ROADWAY OR MID-BLOCK COLLISION,REAR END,STRAIGHT & GRADE,DAYLIGHT,0,0,0,1
30298279,CAMPBELL,KY0008,StateRoute,,4TH,ST,E,39.092282,-84.49622676,0.543,7/13/2022 0:00,1307,2,2,0,0,O,CLEAR,DRY,0,OTHER INTERSECTION COLLISIONS,REAR END,STRAIGHT & LEVEL,DAYLIGHT,1,0,0,1
30350714,CAMPBELL,KY0010,StateRoute,8341,MAIN,ST,E,38.95998345,-84.38680579,1.699,7/13/2022 0:00,1614,2,2,0,0,O,CLEAR,DRY,1,1 VEHICLE ENTERING OR LEAVING PARKED POSITION (NOT PARKING LOT),BACKING,CURVE & LEVEL,DAYLIGHT,0,0,0,1
30314992,CAMPBELL,US0027,USRoute,7647,ALEXANDRIA,PIKE,,38.97588285,-84.39257851,11.309,7/13/2022 0:00,1051,1,1,0,0,O,CLEAR,DRY,0,COLLISION WITH ANIMAL NON INTERSECTION,SINGLE VEHICLE,STRAIGHT & LEVEL,DAYLIGHT,0,0,0,1
30314977,CAMPBELL,I 0275,Interstate,,I275 W,,,39.04699796,-84.46325731,75.12,7/13/2022 0:00,1505,2,2,0,0,O,CLEAR,DRY,0,SIDESWIPE COLLISION - SAME DIRECTION,SIDESWIPE-SAME DIRECTION,STRAIGHT & LEVEL,DAYLIGHT,0,0,0,1
30298103,CAMPBELL,US0027,USRoute,,3RD,ST,E,39.09358954,-84.49696926,22.25,7/13/2022 0:00,1036,2,2,0,0,O,CLEAR,DRY,0,1 VEHICLE ENTERING/LEAVING ENTRANCE,ANGLE,STRAIGHT & LEVEL,DAYLIGHT,0,0,0,1
30300056,CAMPBELL,US0027,USRoute,,MONMOUTH,ST,,39.0877642,-84.489499,21.622,7/13/2022 0:00,1744,2,2,0,0,O,CLEAR,DRY,0,1 VEHICLE ENTERING/LEAVING ENTRANCE,ANGLE,STRAIGHT & LEVEL,DAYLIGHT,0,0,0,1
30300179,CAMPBELL,KY1936,StateRoute,12208,POND CREEK,RD,,38.8743413,-84.44550936,4.163,7/13/2022 0:00,1525,2,2,0,0,O,CLEAR,DRY,0,VEHICLE BACKING NON INTERSECTION,BACKING,STRAIGHT & LEVEL,DAYLIGHT,0,0,0,1
30298104,CAMPBELL,,OTHR,514,SARATOGA,ST,,39.09330213,-84.49313824,0.579,7/13/2022 0:00,635,2,2,0,0,O,CLEAR,FLOODED,1,1 VEHICLE PARKED POSITION (NOT PARKING LOT/DRIVEWAY),SIDESWIPE-SAME DIRECTION,STRAIGHT & LEVEL,UNKNOWN,0,0,0,1
30298101,CAMPBELL,,OTHR,215,11TH,ST,E,39.08661165,-84.48666165,0.055,7/13/2022 0:00,1436,2,2,0,0,O,CLEAR,DRY,1,1 VEHICLE PARKED POSITION (NOT PARKING LOT/DRIVEWAY),SIDESWIPE-SAME DIRECTION,STRAIGHT & LEVEL,DAYLIGHT,0,0,0,1
30301933,CAMPBELL,,OTHR,,WATERWORKS,RD,,39.09098643,-84.47482043,0.017,7/14/2022 0:00,825,1,1,0,1,B,CLEAR,DRY,0,OTHER ROADWAY OR MID-BLOCK COLLISION,SINGLE VEHICLE,STRAIGHT & HILLCREST,DAYLIGHT,0,0,0,1
30307598,CAMPBELL,US0027,USRoute,,ALEXANDRIA,PIKE,,39.02422952,-84.44292109,15.614,7/14/2022 0:00,1433,2,2,0,3,C,CLEAR,DRY,0,HEAD-ON COLLISION,HEAD ON,STRAIGHT & LEVEL,DAYLIGHT,0,0,0,1
30300937,CAMPBELL,US0027,USRoute,,MONMOUTH,ST,,39.09402261,-84.49570056,22.184,7/14/2022 0:00,628,2,2,0,0,O,CLEAR,DRY,0,ANGLE COLLISION - ONE VEHICLE TURNING LEFT,ANGLE,STRAIGHT & LEVEL,DAYLIGHT,0,0,0,1
30489834,CAMPBELL,US0027,USRoute,,ALEXANDRIA,PIKE,,39.03701493,-84.45400372,16.73,7/14/2022 0:00,2257,2,2,0,2,C,CLEAR,DRY,0,ANGLE COLLISION - ONE VEHICLE TURNING LEFT,ANGLE,STRAIGHT & LEVEL,DARK-HWY LIGHTED/ON,0,0,0,1
30314995,CAMPBELL,,OTHR,,POPLAR RIDGE,RD,,38.98066895,-84.37444062,1.055,7/14/2022 0:00,48,1,1,0,1,B,CLEAR,WET,0,COLLISION WITH FIXED OBJECT IN INTERSECTION - FIRST EVENT COLLISION 09 - 32,SINGLE VEHICLE,STRAIGHT & LEVEL,DARK (UNKNOWN ROADWAY LIGHTING),1,0,0,1
30501063,CAMPBELL,KY1120,StateRoute,,10TH,ST,E,39.0913645,-84.48244471,1.239,7/15/2022 0:00,1750,2,2,0,0,O,CLEAR,DRY,1,1 VEHICLE PARKED POSITION (NOT PARKING LOT/DRIVEWAY),SIDESWIPE-SAME DIRECTION,STRAIGHT & LEVEL,DAYLIGHT,0,0,0,1
30306858,CAMPBELL,KY1120,StateRoute,,11TH,ST,W,39.08127623,-84.49626854,0.228,7/15/2022 0:00,1535,2,2,0,0,O,CLOUDY,DRY,0,OTHER INTERSECTION COLLISIONS,REAR END,STRAIGHT & LEVEL,DAYLIGHT,1,0,0,1
30315951,CAMPBELL,I 0275,Interstate,,I275 W,,,39.02281987,-84.48622803,77.401,7/15/2022 0:00,950,3,3,0,0,O,CLEAR,DRY,0,OTHER INTERSECTION COLLISIONS,REAR END,CURVE & LEVEL,DAYLIGHT,1,0,0,1
30312725,CAMPBELL,KY0010,StateRoute,10585,FLAGG SPRINGS,PIKE,,38.91910049,-84.3260424,7.069,7/15/2022 0:00,2327,1,1,0,0,O,CLEAR,DRY,0,OTHER COLLISIONS ON SHOULDER,SINGLE VEHICLE,STRAIGHT & LEVEL,DARK-HWY NOT LIGHTED,0,0,0,1
30360128,CAMPBELL,,OTHR,,MAIN,ST,,39.08009629,-84.48772337,0.325,7/15/2022 0:00,1639,2,2,0,0,O,CLEAR,DRY,0,SIDESWIPE COLLISION - OPPOSITE DIRECTION,SIDESWIPE-OPPOSITE DIRECTION,CURVE & LEVEL,DAYLIGHT,0,0,0,1
30308449,CAMPBELL,US0027,USRoute,732,MONMOUTH,ST,,39.08977185,-84.49186635,21.81,7/15/2022 0:00,1910,2,2,0,0,O,CLOUDY,DRY,0,1 VEHICLE PARKED POSITION (NOT PARKING LOT/DRIVEWAY),BACKING,STRAIGHT & LEVEL,DAYLIGHT,0,0,0,1
30308450,CAMPBELL,,OTHR,2,PARKVIEW,AVE,,39.0837474,-84.48380787,0.006,7/15/2022 0:00,2350,2,2,0,0,O,CLEAR,DRY,1,1 VEHICLE PARKED POSITION (NOT PARKING LOT/DRIVEWAY),SIDESWIPE-SAME DIRECTION,STRAIGHT & HILLCREST,DARK-HWY LIGHTED/ON,0,0,0,1
30308999,CAMPBELL,,OTHR,135,4TH,AVE,,39.11052555,-84.47988218,0.099,7/15/2022 0:00,1017,2,2,0,0,O,CLEAR,DRY,0,1 VEHICLE PARKED POSITION (NOT PARKING LOT/DRIVEWAY),SIDESWIPE-SAME DIRECTION,STRAIGHT & LEVEL,DAYLIGHT,0,0,0,1