IncidentID,County,RdwyNumber,RdwyType,Street,RoadwayName,StreetSfx,StreetDir,Latitude,Longitude,Milepoint,CollisionDate,CollisionTime,UnitsInvolved,MotorVehiclesInvolved,NumberKilled,NumberInjured,KABCO,Weather,RdwyConditionCode,HitandRun,DirAnalysisCode,MannerofCollision,RdwyCharacter,LightCondition,Intersection Crash,Bicyclist,Pedestrian,Motor Vehicles
30307599,CAMPBELL,,OTHR,,ALEXANDRIA PIKE,,,38.93395802,-84.39401478,,7/15/2022 0:00,1442,2,2,0,0,O,CLEAR,DRY,0,REAR END IN TRAFFIC LANES BOTH VEHICLES MOVING,REAR END,STRAIGHT & GRADE,DAYLIGHT,0,0,0,1
30306790,CAMPBELL,I 0471,Interstate,,,,,39.08202268,-84.47071648,0.147,7/15/2022 0:00,1407,2,2,0,0,O,CLEAR,DRY,0,OTHER RAMP RELATED COLLISIONS NOT LISTED ABOVE,REAR END,CURVE & LEVEL,DAYLIGHT,0,0,0,1
30306791,CAMPBELL,I 0471,Interstate,,,,,39.08548315,-84.47435497,0.175,7/15/2022 0:00,1325,2,2,0,0,O,CLOUDY,DRY,1,OTHER RAMP RELATED COLLISIONS NOT LISTED ABOVE,REAR END,CURVE & HILLCREST,DAYLIGHT,0,0,0,1
30315970,CAMPBELL,KY1632,StateRoute,65,MOOCK,RD,,39.05779605,-84.47982571,0.543,7/16/2022 0:00,1119,2,2,0,1,B,CLEAR,DRY,0,HEAD-ON COLLISION,HEAD ON,STRAIGHT & LEVEL,DAYLIGHT,0,0,0,1
30312723,CAMPBELL,,OTHR,,PLEASANT RIDGE,RD,,38.86678453,-84.428643,1.843,7/16/2022 0:00,2056,1,1,0,0,O,CLEAR,DRY,0,COLLISION WITH ANIMAL NON INTERSECTION,SINGLE VEHICLE,STRAIGHT & GRADE,DUSK,0,0,0,1
30311679,CAMPBELL,KY0009,StateRoute,,AA,HWY,,39.00782986,-84.45991114,16.03,7/16/2022 0:00,954,1,1,0,0,O,CLEAR,DRY,0,COLLISION WITH ANIMAL NON INTERSECTION,SINGLE VEHICLE,STRAIGHT & GRADE,DAYLIGHT,0,0,0,1
30324387,CAMPBELL,KY0010,StateRoute,,MAIN,ST,E,38.95895885,-84.38366459,1.883,7/17/2022 0:00,1511,2,2,0,0,O,RAINING,WET,0,OPPOSITE DIRECTION - BOTH VEHICLES GOING STRAIGHT AHEAD,SIDESWIPE-OPPOSITE DIRECTION,CURVE & LEVEL,DAYLIGHT,0,0,0,1
30315359,CAMPBELL,KY0009,StateRoute,,AA,HWY,,39.0181679,-84.48028733,17.385,7/17/2022 0:00,1406,2,2,0,0,O,RAINING,WET,0,SIDESWIPE-SAME DIRECTION,SIDESWIPE-SAME DIRECTION,STRAIGHT & LEVEL,DAYLIGHT,0,0,0,1
30311906,CAMPBELL,,OTHR,,PARK,AVE,,39.09800033,-84.4928784,0.353,7/17/2022 0:00,1130,2,2,0,0,O,RAINING,WET,1,OTHER INTERSECTION COLLISIONS,REAR END,STRAIGHT & GRADE,DAYLIGHT,1,0,0,1
30315935,CAMPBELL,,OTHR,337,WASHINGTON,AVE,,39.09470753,-84.49241798,0.078,7/17/2022 0:00,100,2,2,0,0,O,OTHER,OTHER,1,1 VEHICLE PARKED POSITION (NOT PARKING LOT/DRIVEWAY),SIDESWIPE-SAME DIRECTION,STRAIGHT & LEVEL,DARK-HWY LIGHTED/ON,0,0,0,1
30311162,CAMPBELL,KY0009,StateRoute,120,LICKING,PIKE,,39.07073548,-84.49043872,21.323,7/17/2022 0:00,100,2,2,0,1,C,CLEAR,DRY,0,REAR END IN TRAFFIC LANES BOTH VEHICLES MOVING,REAR END,STRAIGHT & LEVEL,DARK-HWY LIGHTED/ON,0,0,0,1
30311907,CAMPBELL,KY0008,StateRoute,,4TH,ST,W,39.08888057,-84.50150153,0.193,7/17/2022 0:00,1109,2,2,0,0,O,RAINING,WET,0,SIDESWIPE COLLISION - SAME DIRECTION,SIDESWIPE-SAME DIRECTION,STRAIGHT & LEVEL,DAYLIGHT,0,0,0,1
30314205,CAMPBELL,I 0471,Interstate,,I471 SB,,,39.06195641,-84.46887328,1.375,7/17/2022 0:00,1508,1,1,0,1,C,RAINING,WATER (STANDING OR MOVING),0,OTHER COLLISIONS ON SHOULDER,SINGLE VEHICLE,CURVE & LEVEL,DAYLIGHT,0,0,0,1
30329361,CAMPBELL,,OTHR,,TOWER HILL,RD,,39.09561454,-84.44745639,0.195,7/17/2022 0:00,1408,2,2,0,0,O,RAINING,WET,0,SIDESWIPE COLLISION - OPPOSITE DIRECTION,SIDESWIPE-OPPOSITE DIRECTION,CURVE & GRADE,DAYLIGHT,0,0,0,1
30320331,CAMPBELL,I 0471,Interstate,,I471 S,,,39.06897196,-84.46361462,1.973,7/17/2022 0:00,1733,2,2,0,0,O,RAINING,WET,0,1 VEHICLE ENTERING/LEAVING ENTRANCE,ANGLE,CURVE & LEVEL,DAYLIGHT,0,0,0,1
30315538,CAMPBELL,,OTHR,54,ALTAMONT,CT,,39.06974367,-84.44402142,0.128,7/17/2022 0:00,805,1,1,0,0,O,CLOUDY,WET,0,OTHER ROADWAY OR MID-BLOCK COLLISION,SINGLE VEHICLE,STRAIGHT & HILLCREST,DAYLIGHT,0,0,0,1
30316526,CAMPBELL,I 0471,Interstate,3,I471,HWY,N,39.08182581,-84.47080743,0.134,7/18/2022 0:00,900,1,1,0,0,O,RAINING,WET,0,COLLISION WITH FIXED OBJECT NOT IN GORE ,SINGLE VEHICLE,CURVE & LEVEL,DAYLIGHT,0,0,0,1
30320916,CAMPBELL,US0027,USRoute,7930,ALEXANDRIA,PIKE,,38.96950009,-84.39276262,10.825,7/18/2022 0:00,1003,2,2,0,0,O,RAINING,WET,0,REAR END IN TRAFFIC LANES BOTH VEHICLES MOVING,REAR END,STRAIGHT & LEVEL,DAYLIGHT,0,0,0,1
30317303,CAMPBELL,,OTHR,,DANIELS,RD,,38.87341049,-84.2735464,0.852,7/18/2022 0:00,10,1,1,0,0,O,RAINING,WET,0,COLLISION WITH FIXED OBJECT NON - INTERSECTION - FIRST EVENT COLLISION 09 - 32 EXCLUDING 16,SINGLE VEHICLE,STRAIGHT & GRADE,DARK-HWY NOT LIGHTED,0,0,0,1
30330938,CAMPBELL,,OTHR,,DRY CREEK,RD,,39.01163889,-84.44577579,0.861,7/18/2022 0:00,1403,1,1,0,0,O,CLOUDY,WET,0,COLLISION WITH FIXED OBJECT NON - INTERSECTION - FIRST EVENT COLLISION 09 - 32 EXCLUDING 16,SINGLE VEHICLE,CURVE & LEVEL,DAYLIGHT,0,0,0,1
30329707,CAMPBELL,,OTHR,,3RD,ST,W,39.09242643,-84.49838949,0.089,7/18/2022 0:00,1608,2,2,0,0,O,CLOUDY,DRY,0,OPPOSING LEFT TURN,OPPOSING LEFT TURN,STRAIGHT & LEVEL,DAYLIGHT,0,0,0,1
30318499,CAMPBELL,,OTHR,,NEWPORT PAVILION,,,39.08851146,-84.47573251,0.426,7/18/2022 0:00,1647,2,2,0,0,O,CLOUDY,DRY,0,ANGLE COLLISION - OTHER,ANGLE,STRAIGHT & LEVEL,DAYLIGHT,0,0,0,1
30328315,CAMPBELL,KY0915,StateRoute,,LICKING,PIKE,,38.99403029,-84.43093373,6.933,7/19/2022 0:00,200,1,1,0,0,O,CLOUDY,WET,0,OTHER INTERSECTION COLLISIONS,SINGLE VEHICLE,CURVE & GRADE,DARK-HWY NOT LIGHTED,1,0,0,1
30324728,CAMPBELL,KY1120,StateRoute,,MEMORIAL,PKWY,,39.0926696,-84.47524243,1.676,7/19/2022 0:00,1725,2,2,0,0,O,CLEAR,DRY,0,OTHER INTERSECTION COLLISIONS,REAR END,STRAIGHT & LEVEL,DAYLIGHT,1,0,0,1
30352592,CAMPBELL,I 0275,Interstate,,I275 W,,,39.04799835,-84.45582139,74.707,7/19/2022 0:00,1623,2,2,0,0,O,CLEAR,DRY,0,SIDESWIPE-SAME DIRECTION,SIDESWIPE-SAME DIRECTION,STRAIGHT & LEVEL,DAYLIGHT,0,0,0,1
30323060,CAMPBELL,KY1120,StateRoute,,MEMORIAL,PKWY,,39.09238509,-84.47655274,1.59,7/19/2022 0:00,1827,1,1,0,0,O,CLEAR,DRY,0,COLLISION WITH FIXED OBJECT NON - INTERSECTION - FIRST EVENT COLLISION 09 - 32 EXCLUDING 16,SINGLE VEHICLE,STRAIGHT & LEVEL,DAYLIGHT,0,0,0,1
30323374,CAMPBELL,KY0009,StateRoute,513,12TH,ST,W,39.07974704,-84.49569321,22.05,7/19/2022 0:00,2143,2,2,0,0,O,CLEAR,DRY,1,1 VEHICLE PARKED POSITION (NOT PARKING LOT/DRIVEWAY),SIDESWIPE-SAME DIRECTION,STRAIGHT & LEVEL,DARK-HWY LIGHTED/ON,0,0,0,1
30324523,CAMPBELL,,OTHR,,ALYSHEBA,DR,,38.92537105,-84.40317676,0.242,7/19/2022 0:00,736,2,2,0,0,O,CLEAR,DRY,0,1 VEHICLE PARKED POSITION (NOT PARKING LOT/DRIVEWAY),HEAD ON,STRAIGHT & LEVEL,DAYLIGHT,0,0,0,1
30320924,CAMPBELL,KY1892,StateRoute,30,CAROTHERS,RD,,39.08510957,-84.48068042,2.368,7/19/2022 0:00,1140,2,2,0,0,O,CLEAR,DRY,0,SIDESWIPE COLLISION - SAME DIRECTION,SIDESWIPE-SAME DIRECTION,STRAIGHT & LEVEL,DAYLIGHT,0,0,0,1
30341084,CAMPBELL,KY0009,StateRoute,,LICKING,PIKE,,39.05059815,-84.49005911,19.812,7/19/2022 0:00,1820,1,1,0,0,O,CLEAR,DRY,0,OTHER ROADWAY OR MID-BLOCK COLLISION,SINGLE VEHICLE,CURVE & LEVEL,DAYLIGHT,0,0,0,1
30330943,CAMPBELL,,OTHR,,UPPER LICK BRANCH,RD,,38.96307695,-84.35945819,,7/20/2022 0:00,1505,2,2,0,0,O,CLEAR,DRY,0,SIDESWIPE COLLISION - OPPOSITE DIRECTION,SIDESWIPE-OPPOSITE DIRECTION,STRAIGHT & HILLCREST,DAYLIGHT,0,0,0,1
30330239,CAMPBELL,US0027,USRoute,,ALEXANDRIA,PIKE,,39.06432444,-84.45830797,19.174,7/20/2022 0:00,1053,2,2,0,0,O,CLEAR,DRY,0,SIDESWIPE COLLISION - SAME DIRECTION,SIDESWIPE-SAME DIRECTION,CURVE & LEVEL,DAYLIGHT,0,0,0,1
30326585,CAMPBELL,KY1892,StateRoute,57,CAROTHERS,RD,,39.08508844,-84.480665,2.368,7/20/2022 0:00,1315,2,2,0,0,O,CLOUDY,DRY,1,1 VEHICLE PARKED POSITION (NOT PARKING LOT/DRIVEWAY),REAR TO REAR,STRAIGHT & LEVEL,DAYLIGHT,0,0,0,1
30354887,CAMPBELL,,OTHR,,CLEVELAND,AVE,,39.09856538,-84.47638478,0.132,7/20/2022 0:00,1845,2,2,0,0,O,CLEAR,DRY,0,1 VEHICLE PARKED POSITION (NOT PARKING LOT/DRIVEWAY),REAR END,STRAIGHT & LEVEL,DAYLIGHT,0,0,0,1
30341110,CAMPBELL,KY0009,StateRoute,,AA,HWY,,39.01816679,-84.4800849,17.393,7/20/2022 0:00,2143,2,2,0,0,O,CLEAR,DRY,0,OTHER INTERSECTION COLLISIONS,REAR END,STRAIGHT & LEVEL,DARK-HWY NOT LIGHTED,1,0,0,1
30329052,CAMPBELL,US0027,USRoute,,ALEXANDRIA,PIKE,,39.03696344,-84.45397794,16.734,7/20/2022 0:00,1545,2,2,0,0,O,CLEAR,DRY,0,ANGLE COLLISION - ONE VEHICLE TURNING LEFT,ANGLE,STRAIGHT & LEVEL,DAYLIGHT,0,0,0,1
30330941,CAMPBELL,US0027,USRoute,,ALEXANDRIA,PIKE,,38.86105432,-84.39029498,3.131,7/21/2022 0:00,135,1,1,0,0,O,CLOUDY,WET,0,COLLISION WITH ANIMAL NON INTERSECTION,SINGLE VEHICLE,STRAIGHT & LEVEL,DARK-HWY LIGHTED/ON,0,0,0,1
30331367,CAMPBELL,US0027,USRoute,,YORK,ST,,39.08743144,-84.4918186,21.811,7/21/2022 0:00,1411,2,2,0,0,O,CLEAR,DRY,0,SIDESWIPE-SAME DIRECTION,SIDESWIPE-SAME DIRECTION,STRAIGHT & LEVEL,DAYLIGHT,0,0,0,1
30332542,CAMPBELL,US0027,USRoute,,MONMOUTH,ST,,39.09160593,-84.4935235,21.956,7/21/2022 0:00,1819,2,2,0,0,O,CLEAR,DRY,0,SIDESWIPE-SAME DIRECTION,SIDESWIPE-SAME DIRECTION,STRAIGHT & LEVEL,DAYLIGHT,0,0,0,1
30330241,CAMPBELL,,OTHR,3845,CANYON,CT,,39.06373759,-84.47095409,0.073,7/21/2022 0:00,826,2,2,0,0,O,CLEAR,DRY,0,VEHICLE BACKING NON INTERSECTION,BACKING,STRAIGHT & GRADE,DAYLIGHT,0,0,0,1
30333879,CAMPBELL,US0027,USRoute,,ALEXANDRIA,PIKE,,39.0707839,-84.46978018,19.926,7/21/2022 0:00,1956,2,2,0,0,O,CLEAR,DRY,0,OTHER ROADWAY OR MID-BLOCK COLLISION,OPPOSING LEFT TURN,STRAIGHT & LEVEL,DAYLIGHT,0,0,0,1
30335526,CAMPBELL,I 0471,Interstate,,I471 N,,,39.10049339,-84.49432544,4.907,7/22/2022 0:00,1233,2,2,0,0,O,CLOUDY,DRY,0,OTHER ROADWAY OR MID-BLOCK COLLISION,REAR END,STRAIGHT & LEVEL,DAYLIGHT,0,0,0,1
30369247,CAMPBELL,KY1120,StateRoute,100,MEMORIAL,PKWY,,39.09271337,-84.47518383,1.673,7/22/2022 0:00,1600,2,2,0,0,O,CLEAR,DRY,0,OTHER ROADWAY OR MID-BLOCK COLLISION,REAR END,STRAIGHT & LEVEL,DAYLIGHT,0,0,0,1
30336219,CAMPBELL,US0027,USRoute,,,,,39.00328972,-84.42335073,0.014,7/22/2022 0:00,655,2,2,0,0,O,CLEAR,DRY,0,OTHER RAMP RELATED COLLISIONS NOT LISTED ABOVE,REAR END,STRAIGHT & LEVEL,DAYLIGHT,0,0,0,1
30350019,CAMPBELL,US0027,USRoute,5710,ALEXANDRIA,PIKE,,38.99719165,-84.41687266,13.319,7/22/2022 0:00,1702,2,2,0,0,O,CLEAR,DRY,0,1 VEHICLE ENTERING/LEAVING ENTRANCE,ANGLE,STRAIGHT & LEVEL,DAYLIGHT,0,0,0,1
30336395,CAMPBELL,,OTHR,207,13TH,ST,W,39.08083267,-84.49089571,0.34,7/22/2022 0:00,2000,2,2,0,0,O,CLEAR,DRY,0,1 VEHICLE PARKED POSITION (NOT PARKING LOT/DRIVEWAY),SIDESWIPE-OPPOSITE DIRECTION,STRAIGHT & LEVEL,DAYLIGHT,0,0,0,1
30335529,CAMPBELL,,OTHR,,PARK,AVE,,39.09795172,-84.49280597,0.347,7/22/2022 0:00,1236,2,2,0,0,O,CLEAR,DRY,0,REAR END IN TRAFFIC LANES BOTH VEHICLES MOVING,REAR END,STRAIGHT & LEVEL,DAYLIGHT,0,0,0,1
30335528,CAMPBELL,KY0008,StateRoute,,DAVE COWENS,DR,,39.09876142,-84.49202017,1.129,7/22/2022 0:00,1454,2,2,0,0,O,CLEAR,DRY,0,OTHER INTERSECTION COLLISIONS,REAR END,STRAIGHT & LEVEL,DAYLIGHT,1,0,0,1
30336221,CAMPBELL,US0027,USRoute,,ALEXANDRIA,PIKE,,39.00432173,-84.4246406,13.94,7/22/2022 0:00,1200,2,2,0,0,O,CLEAR,DRY,0,OTHER INTERSECTION COLLISIONS,REAR END,STRAIGHT & GRADE,DAYLIGHT,1,0,0,1
30337470,CAMPBELL,,OTHR,,PARK,AVE,,39.09800354,-84.49285052,0.351,7/22/2022 0:00,1404,3,3,0,1,C,CLOUDY,DRY,0,OTHER INTERSECTION COLLISIONS,REAR END,STRAIGHT & LEVEL,DAYLIGHT,1,0,0,1
30339393,CAMPBELL,,OTHR,,TAYLOR,AVE,,39.10080652,-84.47871164,0.558,7/22/2022 0:00,1754,2,2,0,0,O,CLEAR,DRY,0,ANGLE COLLISION - OTHER,ANGLE,STRAIGHT & LEVEL,DAYLIGHT,0,0,0,1
30344306,CAMPBELL,KY0009,StateRoute,,AA,HWY,,39.02117339,-84.48114244,17.621,7/22/2022 0:00,1603,1,1,0,1,B,CLEAR,DRY,0,NON-COLLISION OBJECT COLLISION,SINGLE VEHICLE,CURVE & LEVEL,DAYLIGHT,0,0,0,1
30339390,CAMPBELL,,OTHR,,LANDMARK,DR,,39.09986369,-84.48552024,0.039,7/22/2022 0:00,1904,1,1,0,0,O,CLEAR,DRY,0,COLLISION WITH FIXED OBJECT NON - INTERSECTION - FIRST EVENT COLLISION 09 - 32 EXCLUDING 16,SINGLE VEHICLE,STRAIGHT & LEVEL,DAYLIGHT,0,0,0,1
30339866,CAMPBELL,KY0008,StateRoute,,3RD,ST,E,39.09418137,-84.4958836,0.633,7/23/2022 0:00,2354,2,2,0,0,O,CLEAR,DRY,1,OTHER INTERSECTION COLLISIONS,REAR END,STRAIGHT & LEVEL,DARK-HWY LIGHTED/ON,1,0,0,1
30362224,CAMPBELL,KY1632,StateRoute,,MOOCK,RD,,39.06828779,-84.46667117,1.618,7/23/2022 0:00,2145,2,2,0,0,O,CLEAR,DRY,0,OTHER INTERSECTION COLLISIONS,REAR END,CURVE & LEVEL,DARK-HWY LIGHTED/ON,1,0,0,1
30348310,CAMPBELL,KY1121,StateRoute,12480,WESLEY CHAPEL,RD,,38.88346578,-84.3074545,2.564,7/23/2022 0:00,348,1,1,0,0,O,CLEAR,DRY,1,OTHER COLLISIONS ON SHOULDER,SINGLE VEHICLE,CURVE & GRADE,DARK-HWY NOT LIGHTED,0,0,0,1
30408405,CAMPBELL,KY0008,StateRoute,,FAIRFIELD,AVE,,39.10181922,-84.48867132,1.447,7/23/2022 0:00,1245,2,2,0,0,O,CLEAR,DRY,0,SIDESWIPE COLLISION - SAME DIRECTION,SIDESWIPE-SAME DIRECTION,STRAIGHT & LEVEL,DAYLIGHT,0,0,0,1
30344001,CAMPBELL,US0027,USRoute,,ALEXANDRIA,PIKE,,39.03355156,-84.45309905,16.493,7/23/2022 0:00,1716,2,2,0,0,O,CLEAR,DRY,0,OTHER ROADWAY OR MID-BLOCK COLLISION,REAR END,STRAIGHT & GRADE,DAYLIGHT,0,0,0,1
30354883,CAMPBELL,KY0008,StateRoute,,FAIRFIELD,AVE,,39.10203288,-84.48846767,1.465,7/23/2022 0:00,2129,3,3,0,0,O,CLEAR,DRY,0,OTHER ROADWAY OR MID-BLOCK COLLISION,REAR END,STRAIGHT & LEVEL,DARK-HWY LIGHTED/ON,0,0,0,1
30341804,CAMPBELL,,OTHR,,CENTRAL,AVE,,39.09182266,-84.49991486,0.089,7/24/2022 0:00,1746,2,2,0,0,O,CLEAR,DRY,0,HEAD-ON COLLISION,HEAD ON,STRAIGHT & LEVEL,DAYLIGHT,0,0,0,1
30341120,CAMPBELL,,OTHR,403,13TH,ST,W,39.07889819,-84.49357066,0.536,7/24/2022 0:00,200,2,2,0,0,O,CLOUDY,DRY,1,1 VEHICLE PARKED POSITION (NOT PARKING LOT/DRIVEWAY),SIDESWIPE-SAME DIRECTION,STRAIGHT & LEVEL,DARK (UNKNOWN ROADWAY LIGHTING),0,0,0,1
30342700,CAMPBELL,KY1120,StateRoute,,10TH,ST,E,39.08766108,-84.48801545,0.861,7/24/2022 0:00,2212,2,2,0,0,O,RAINING,WET,0,OTHER INTERSECTION COLLISIONS,REAR END,STRAIGHT & LEVEL,DARK-HWY LIGHTED/ON,1,0,0,1
30353768,CAMPBELL,,OTHR,,TEMPLE,PL,,39.07132117,-84.47044782,0.063,7/24/2022 0:00,557,1,1,0,0,O,CLEAR,DRY,0,COLLISION WITH FIXED OBJECT NON - INTERSECTION - FIRST EVENT COLLISION 09 - 32 EXCLUDING 16,SINGLE VEHICLE,STRAIGHT & GRADE,DARK-HWY LIGHTED/ON,0,0,0,1
30350025,CAMPBELL,KY0009,StateRoute,,AA,HWY,,38.99967317,-84.40847559,13.172,7/24/2022 0:00,357,1,1,0,0,O,CLEAR,DRY,0,COLLISION WITH ANIMAL NON INTERSECTION,SINGLE VEHICLE,STRAIGHT & LEVEL,DARK-HWY NOT LIGHTED,0,0,0,1
30370174,CAMPBELL,KY2345,StateRoute,,MARTHA L COLLINS,BLVD,,39.02587504,-84.4564928,0.399,7/25/2022 0:00,1804,2,2,0,0,O,CLEAR,DRY,0,OTHER INTERSECTION COLLISIONS,REAR END,STRAIGHT & LEVEL,DAYLIGHT,1,0,0,1
30352284,CAMPBELL,KY0009,StateRoute,,AA,HWY,,38.86913835,-84.26122569,0.489,7/25/2022 0:00,1807,2,2,0,0,O,CLOUDY,OTHER,1,SIDESWIPE-SAME DIRECTION,SIDESWIPE-SAME DIRECTION,STRAIGHT & LEVEL,DAYLIGHT,0,0,0,1
30346464,CAMPBELL,I 0471,Interstate,,I471 S,,,39.09161758,-84.47667531,3.75,7/25/2022 0:00,940,2,2,0,0,O,CLOUDY,DRY,1,REAR END IN TRAFFIC LANES BOTH VEHICLES MOVING,REAR END,STRAIGHT & LEVEL,DAYLIGHT,0,0,0,1
30356411,CAMPBELL,,OTHR,402,DAYTON,ST,,39.11417162,-84.47414001,0.207,7/25/2022 0:00,1600,2,2,0,0,O,CLOUDY,DRY,1,1 VEHICLE PARKED POSITION (NOT PARKING LOT/DRIVEWAY),SIDESWIPE-SAME DIRECTION,STRAIGHT & LEVEL,DAYLIGHT,0,0,0,1
30358347,CAMPBELL,,OTHR,250,BEECH,RD,,39.07277359,-84.47607246,0.099,7/25/2022 0:00,2112,2,2,0,0,O,CLEAR,DRY,1,SIDESWIPE COLLISION - SAME DIRECTION,SIDESWIPE-SAME DIRECTION,STRAIGHT & GRADE,DAYLIGHT,0,0,0,1
30350022,CAMPBELL,US0027,USRoute,,ALEXANDRIA,PIKE,,39.01722879,-84.43489973,14.953,7/25/2022 0:00,1954,2,2,0,0,O,CLEAR,DRY,0,1 VEHICLE ENTERING/LEAVING ENTRANCE,ANGLE,STRAIGHT & LEVEL,DAYLIGHT,0,0,0,1
30396752,CAMPBELL,,OTHR,,RIVIERA,DR,,39.09832959,-84.48470825,0.322,7/26/2022 0:00,1159,2,1,0,0,O,RAINING,WET,0,OTHER ROADWAY OR MID-BLOCK COLLISION,REAR END,STRAIGHT & LEVEL,DAYLIGHT,0,0,0,1
30352596,CAMPBELL,US0027,USRoute,,ALEXANDRIA,PIKE,,39.03700817,-84.45329541,16.768,7/26/2022 0:00,1252,2,2,0,0,O,RAINING,WET,0,REAR END IN TRAFFIC LANES BOTH VEHICLES MOVING,REAR END,STRAIGHT & GRADE,DAYLIGHT,0,0,0,1
30353770,CAMPBELL,US0027,USRoute,,ALEXANDRIA,PIKE,,39.0707758,-84.46981271,20.004,7/26/2022 0:00,1912,2,2,0,0,O,CLEAR,DRY,0,ANGLE COLLISION - OTHER,ANGLE,STRAIGHT & LEVEL,DAYLIGHT,0,0,0,1
30384496,CAMPBELL,,OTHR,125,CREEKSTONE,CT,,39.02059215,-84.43978097,0.094,7/26/2022 0:00,1721,1,1,0,0,O,CLEAR,DRY,0,RAN OFF ROADWAY (1 VEHICLE WITH/EARTH EMBANKMENT/DITCH),SINGLE VEHICLE,STRAIGHT & GRADE,DAYLIGHT,0,0,0,1
30370172,CAMPBELL,I 0275,Interstate,,I275 E,,,39.04989187,-84.44669321,74.197,7/26/2022 0:00,1518,1,1,0,1,B,CLEAR,DRY,0,COLLISION WITH FIXED OBJECT NON - INTERSECTION - FIRST EVENT COLLISION 09 - 32 EXCLUDING 16,SINGLE VEHICLE,STRAIGHT & LEVEL,DAYLIGHT,0,0,0,1
30354982,CAMPBELL,I 0471,Interstate,,I471 NB,,,39.05252855,-84.46783893,0.704,7/27/2022 0:00,1031,1,1,0,0,O,RAINING,WATER (STANDING OR MOVING),0,RAN OFF ROADWAY (1 VEHICLE WITH/EARTH EMBANKMENT/DITCH),SINGLE VEHICLE,CURVE & GRADE,DAYLIGHT,0,0,0,1
30356017,CAMPBELL,,OTHR,,NEWPORT PAVILION,,,39.08844549,-84.47571073,0.431,7/27/2022 0:00,1223,2,2,0,0,O,CLOUDY,WET,0,ANGLE COLLISION - ONE VEHICLE TURNING LEFT,ANGLE,STRAIGHT & LEVEL,DAYLIGHT,0,0,0,1
30363430,CAMPBELL,US0027,USRoute,7674,ALEXANDRIA,PIKE,,38.97646508,-84.39284852,11.361,7/27/2022 0:00,1931,2,2,0,0,O,CLOUDY,DRY,0,SIDESWIPE COLLISION - SAME DIRECTION,SIDESWIPE-SAME DIRECTION,STRAIGHT & LEVEL,DAYLIGHT,0,0,0,1
30365926,CAMPBELL,I 0471,Interstate,,I471 N,,,39.09949447,-84.49249283,4.786,7/27/2022 0:00,1642,3,3,0,0,O,CLEAR,DRY,1,REAR END IN TRAFFIC LANES BOTH VEHICLES MOVING,REAR END,STRAIGHT & LEVEL,DAYLIGHT,0,0,0,1
30365925,CAMPBELL,KY1120,StateRoute,,MEMORIAL,PKWY,,39.09277595,-84.48054845,1.381,7/27/2022 0:00,1617,2,2,0,0,O,CLEAR,DRY,0,OTHER ROADWAY OR MID-BLOCK COLLISION,REAR END,STRAIGHT & LEVEL,DAYLIGHT,0,0,0,1
30374319,CAMPBELL,US0027,USRoute,,,,,38.99999579,-84.42185747,0.437,7/27/2022 0:00,1640,2,2,0,0,O,CLEAR,DRY,0,OTHER RAMP RELATED COLLISIONS NOT LISTED ABOVE,REAR END,STRAIGHT & LEVEL,DAYLIGHT,0,0,0,1
30364176,CAMPBELL,,OTHR,200,4TH,ST,E,39.09414143,-84.49286752,0.337,7/28/2022 0:00,1728,2,2,0,0,O,CLEAR,DRY,0,1 VEHICLE PARKED POSITION (NOT PARKING LOT/DRIVEWAY),SIDESWIPE-SAME DIRECTION,STRAIGHT & LEVEL,DUSK,0,0,0,1
30370170,CAMPBELL,US0027,USRoute,,ALEXANDRIA,PIKE,,39.03297868,-84.45279031,16.45,7/28/2022 0:00,700,2,2,0,0,O,CLEAR,DRY,0,REAR END IN TRAFFIC LANES BOTH VEHICLES MOVING,REAR END,STRAIGHT & LEVEL,DAWN,0,0,0,1
30360127,CAMPBELL,US0027,USRoute,,YORK,ST,,39.0929528,-84.4968985,22.261,7/28/2022 0:00,1450,2,2,0,0,O,CLEAR,DRY,0,SIDESWIPE COLLISION - SAME DIRECTION,SIDESWIPE-SAME DIRECTION,STRAIGHT & LEVEL,DAYLIGHT,0,0,0,1
30362223,CAMPBELL,I 0471,Interstate,,I471 NB,,,39.05213838,-84.46772807,0.679,7/28/2022 0:00,1039,2,2,0,0,O,CLEAR,DRY,0,SIDESWIPE COLLISION - SAME DIRECTION,SIDESWIPE-SAME DIRECTION,CURVE & LEVEL,DAYLIGHT,0,0,0,1
30364894,CAMPBELL,US0027,USRoute,,ALEXANDRIA,PIKE,,38.86439562,-84.39269596,3.396,7/28/2022 0:00,2120,2,2,0,0,O,RAINING,WET,0,1 VEHICLE ENTERING/LEAVING ENTRANCE,ANGLE,STRAIGHT & LEVEL,DARK-HWY LIGHTED/ON,0,0,0,1
30361981,CAMPBELL,KY1120,StateRoute,,MEMORIAL,PKWY,,39.09412613,-84.46205781,2.452,7/28/2022 0:00,2051,1,1,0,0,O,RAINING,WET,0,COLLISION WITH ANIMAL NON INTERSECTION,SINGLE VEHICLE,CURVE & LEVEL,DARK-HWY LIGHTED/ON,0,0,0,1
30388509,CAMPBELL,KY0915,StateRoute,,LICKING,PIKE,,38.99602041,-84.44716038,8.075,7/29/2022 0:00,755,1,1,0,0,O,CLEAR,DRY,0,COLLISION WITH FIXED OBJECT NON - INTERSECTION - FIRST EVENT COLLISION 09 - 32 EXCLUDING 16,SINGLE VEHICLE,CURVE & GRADE,DAYLIGHT,0,0,0,1