IncidentID,County,RdwyNumber,RdwyType,Street,RoadwayName,StreetSfx,StreetDir,Latitude,Longitude,Milepoint,CollisionDate,CollisionTime,UnitsInvolved,MotorVehiclesInvolved,NumberKilled,NumberInjured,KABCO,Weather,RdwyConditionCode,HitandRun,DirAnalysisCode,MannerofCollision,RdwyCharacter,LightCondition,Intersection Crash,Bicyclist,Pedestrian,Motor Vehicles
30373241,CAMPBELL,,OTHR,,POPLAR RIDGE,RD,,38.97367855,-84.39186007,0.021,7/29/2022 0:00,1818,2,2,0,0,O,CLEAR,DRY,0,OPPOSING LEFT TURN,OPPOSING LEFT TURN,STRAIGHT & LEVEL,DAYLIGHT,0,0,0,1
30364181,CAMPBELL,KY0008,StateRoute,,DAVE COWENS,DR,,39.09958049,-84.49114433,1.228,7/29/2022 0:00,1557,2,2,0,0,O,CLEAR,DRY,0,OTHER INTERSECTION COLLISIONS,REAR END,STRAIGHT & LEVEL,DAYLIGHT,1,0,0,1
30374321,CAMPBELL,US0027,USRoute,,ALEXANDRIA,PIKE,,39.00924961,-84.42938236,14.354,7/29/2022 0:00,1206,2,2,0,0,O,CLEAR,DRY,0,1 VEHICLE ENTERING/LEAVING ENTRANCE,ANGLE,STRAIGHT & LEVEL,DAYLIGHT,0,0,0,1
30363304,CAMPBELL,I 0471,Interstate,,I471 S,,,39.07324076,-84.46474688,2.3,7/29/2022 0:00,1133,2,2,0,0,O,CLEAR,DRY,0,SIDESWIPE COLLISION - SAME DIRECTION,SIDESWIPE-SAME DIRECTION,STRAIGHT & LEVEL,DAYLIGHT,0,0,0,1
30372660,CAMPBELL,,OTHR,26,SHERMAN,AVE,,39.05873915,-84.45469859,0.025,7/29/2022 0:00,1623,2,2,0,0,O,CLEAR,DRY,1,1 VEHICLE PARKED POSITION (NOT PARKING LOT/DRIVEWAY),SIDESWIPE-SAME DIRECTION,STRAIGHT & LEVEL,DAYLIGHT,0,0,0,1
30365535,CAMPBELL,KY0008,StateRoute,,DAVE COWENS,DR,,39.09905965,-84.49165029,1.174,7/29/2022 0:00,2134,2,2,0,0,O,CLEAR,DRY,0,OTHER ROADWAY OR MID-BLOCK COLLISION,REAR END,STRAIGHT & LEVEL,DARK-HWY LIGHTED/ON,0,0,0,1
30373836,CAMPBELL,I 0275,Interstate,,I275 E,,,39.05040987,-84.44554658,74.126,7/29/2022 0:00,1835,1,1,0,0,O,CLEAR,DRY,0,OTHER ROADWAY OR MID-BLOCK COLLISION,SINGLE VEHICLE,STRAIGHT & GRADE,DAYLIGHT,0,0,0,1
30369103,CAMPBELL,I 0471,Interstate,,I471 S,,,39.09976408,-84.49344163,4.84,7/30/2022 0:00,1724,2,2,0,0,O,CLEAR,DRY,0,REAR END IN TRAFFIC LANES BOTH VEHICLES MOVING,REAR END,STRAIGHT & LEVEL,DAYLIGHT,0,0,0,1
30374173,CAMPBELL,,OTHR,723,PARK,AVE,,39.09279287,-84.48618199,0.157,7/30/2022 0:00,0,2,2,0,0,O,CLOUDY,DRY,1,1 VEHICLE PARKED POSITION (NOT PARKING LOT/DRIVEWAY),SIDESWIPE-SAME DIRECTION,STRAIGHT & LEVEL,DARK (UNKNOWN ROADWAY LIGHTING),0,0,0,1
30367741,CAMPBELL,,OTHR,,3RD,ST,W,39.0932893,-84.49715713,0.002,7/30/2022 0:00,2232,2,2,0,0,O,CLEAR,DRY,0,SIDESWIPE COLLISION - SAME DIRECTION,SIDESWIPE-SAME DIRECTION,CURVE & GRADE,DARK-HWY LIGHTED/ON,0,0,0,1
30369248,CAMPBELL,,OTHR,1,2ND,ST,W,39.09379711,-84.49821127,0.066,7/30/2022 0:00,1500,2,2,0,0,O,CLEAR,DRY,1,1 VEHICLE ENTERING/LEAVING ENTRANCE,ANGLE,STRAIGHT & LEVEL,DAYLIGHT,0,0,0,1
30374322,CAMPBELL,US0027,USRoute,,ALEXANDRIA,PIKE,,39.02320694,-84.44159155,15.524,7/30/2022 0:00,1340,2,2,0,0,O,CLEAR,DRY,0,SIDESWIPE-SAME DIRECTION,SIDESWIPE-SAME DIRECTION,STRAIGHT & LEVEL,DAYLIGHT,0,0,0,1
30399584,CAMPBELL,,OTHR,,BOONE SMITH,RD,,38.86132015,-84.41675569,0.717,7/30/2022 0:00,200,1,1,0,1,A,CLEAR,DRY,1,COLLISION WITH FIXED OBJECT NON - INTERSECTION - FIRST EVENT COLLISION 09 - 32 EXCLUDING 16,SINGLE VEHICLE,CURVE & GRADE,DARK-HWY NOT LIGHTED,0,0,0,1
30376665,CAMPBELL,KY1120,StateRoute,1013,FT THOMAS,AVE,S,39.06533998,-84.44618766,5.284,7/31/2022 0:00,1215,2,2,0,0,O,CLEAR,DRY,0,1 VEHICLE PARKED POSITION (NOT PARKING LOT/DRIVEWAY),BACKING,STRAIGHT & LEVEL,DAYLIGHT,0,0,0,1
30377303,CAMPBELL,,OTHR,1140,SUMMERLAKE,DR,,38.92797637,-84.38933689,0.32,7/31/2022 0:00,2013,2,2,0,0,O,CLEAR,DRY,0,COLLISION WITH FIXED OBJECT NON - INTERSECTION - FIRST EVENT COLLISION 09 - 32 EXCLUDING 16,ANGLE,CURVE & LEVEL,DAYLIGHT,0,0,0,1
30372547,CAMPBELL,KY1120,StateRoute,,MEMORIAL,PKWY,,39.092673,-84.47523169,1.677,7/31/2022 0:00,1655,2,2,0,0,O,CLEAR,DRY,0,ANGLE COLLISION - OTHER,ANGLE,STRAIGHT & LEVEL,DAYLIGHT,0,0,0,1
30369439,CAMPBELL,I 0275,Interstate,,I275 W,,,39.04822329,-84.45268669,74.537,7/31/2022 0:00,915,2,2,0,0,O,RAINING,WET,0,SIDESWIPE COLLISION - SAME DIRECTION,SIDESWIPE-SAME DIRECTION,STRAIGHT & GRADE,DAYLIGHT,0,0,0,1
30369356,CAMPBELL,KY1120,StateRoute,300 BLOCK,11TH,ST,W,39.08204339,-84.49487628,0.317,7/31/2022 0:00,1414,4,4,0,0,O,CLEAR,DRY,0,1 VEHICLE PARKED POSITION (NOT PARKING LOT/DRIVEWAY),SIDESWIPE-SAME DIRECTION,STRAIGHT & LEVEL,DAYLIGHT,0,0,0,1
30370470,CAMPBELL,,OTHR,,WILSON,RD,,39.09405075,-84.47667201,0.027,7/31/2022 0:00,1843,2,2,0,0,O,CLEAR,DRY,0,1 VEHICLE PARKED POSITION (NOT PARKING LOT/DRIVEWAY),SIDESWIPE-SAME DIRECTION,STRAIGHT & GRADE,DAYLIGHT,0,0,0,1
30376289,CAMPBELL,I 0275,Interstate,,I275 E,,,39.05736261,-84.429961,,7/31/2022 0:00,1835,2,2,0,0,O,CLEAR,DRY,0,REAR END IN TRAFFIC LANES BOTH VEHICLES MOVING,REAR END,STRAIGHT & LEVEL,DAYLIGHT,0,0,0,1
30376288,CAMPBELL,I 0275,Interstate,,I275 E,,,39.05707532,-84.43052157,,7/31/2022 0:00,1835,2,2,0,0,O,CLEAR,DRY,0,OTHER ROADWAY OR MID-BLOCK COLLISION,REAR END,STRAIGHT & LEVEL,DAYLIGHT,0,0,0,1
30373968,CAMPBELL,KY0009,StateRoute,,AA,HWY,,39.02053537,-84.48151623,17.58,7/31/2022 0:00,1802,2,2,0,0,O,CLEAR,DRY,0,OTHER ROADWAY OR MID-BLOCK COLLISION,REAR END,CURVE & LEVEL,DAYLIGHT,0,0,0,1
30375405,CAMPBELL,I 0471,Interstate,,,,,39.09219346,-84.4761841,0.231,8/1/2022 0:00,1913,2,2,0,0,O,CLOUDY,WET,0,OTHER RAMP RELATED COLLISIONS NOT LISTED ABOVE,REAR END,STRAIGHT & GRADE,DAYLIGHT,0,0,0,1
30395503,CAMPBELL,,OTHR,200,TAYLOR,AVE,,39.10572291,-84.48383622,0.114,8/1/2022 0:00,700,2,2,0,0,O,CLEAR,DRY,1,1 VEHICLE PARKED POSITION (NOT PARKING LOT/DRIVEWAY),SIDESWIPE-SAME DIRECTION,STRAIGHT & LEVEL,DAYLIGHT,0,0,0,1
30376062,CAMPBELL,KY0009,StateRoute,727,CENTRAL,AVE,,39.08762786,-84.49612343,22.804,8/1/2022 0:00,2012,3,3,0,0,O,CLEAR,DRY,0,SIDESWIPE COLLISION - SAME DIRECTION,SIDESWIPE-SAME DIRECTION,STRAIGHT & GRADE,DAYLIGHT,0,0,0,1
30377304,CAMPBELL,,OTHR,,PAT FANNING,WAY,,38.98291994,-84.39994399,,8/1/2022 0:00,1640,2,2,0,0,O,CLEAR,DRY,0,ANGLE COLLISION - OTHER,ANGLE,STRAIGHT & LEVEL,DAYLIGHT,0,0,0,1
30388207,CAMPBELL,US0027,USRoute,,MONMOUTH,ST,,39.0850577,-84.48610715,21.359,8/1/2022 0:00,1731,3,3,0,0,O,CLOUDY,WET,0,OTHER INTERSECTION COLLISIONS,REAR END,STRAIGHT & HILLCREST,DAYLIGHT,1,0,0,1
30388214,CAMPBELL,,OTHR,319,5TH,ST,E,39.09405616,-84.49120398,0.201,8/1/2022 0:00,1200,2,2,0,0,O,CLEAR,DRY,1,1 VEHICLE PARKED POSITION (NOT PARKING LOT/DRIVEWAY),HEAD ON,STRAIGHT & LEVEL,DAYLIGHT,0,0,0,1
30396138,CAMPBELL,,OTHR,,LAFAYETTE,AVE,,39.10193347,-84.48214692,0.356,8/2/2022 0:00,1011,2,2,0,0,O,CLEAR,DRY,0,COLLISION WITH PARKED VEHICLE,SIDESWIPE-SAME DIRECTION,STRAIGHT & LEVEL,DAYLIGHT,0,0,0,1
30380312,CAMPBELL,,OTHR,,BAUM,ST,,39.0887189,-84.47413237,0.008,8/2/2022 0:00,2127,2,2,0,0,O,CLEAR,DRY,0,COLLISION WITH PARKED VEHICLE,SIDESWIPE-SAME DIRECTION,STRAIGHT & LEVEL,DARK-HWY LIGHTED/ON,0,0,0,1
30384635,CAMPBELL,US0027,USRoute,2626,ALEXANDRIA,PIKE,,39.03672811,-84.45417723,16.718,8/2/2022 0:00,857,2,2,0,0,O,CLEAR,DRY,0,VEHICLE BACKING NON INTERSECTION,BACKING,STRAIGHT & LEVEL,DAYLIGHT,0,0,0,1
30376968,CAMPBELL,KY0009,StateRoute,,LICKING,PIKE,,39.02264957,-84.48094074,17.737,8/2/2022 0:00,711,2,2,0,0,O,CLOUDY,DRY,0,REAR END IN TRAFFIC LANES BOTH VEHICLES MOVING,REAR END,STRAIGHT & LEVEL,DAYLIGHT,0,0,0,1
30389005,CAMPBELL,KY0008,StateRoute,528,6TH,AVE,,39.11276851,-84.47313566,2.577,8/2/2022 0:00,1900,2,2,0,0,O,CLEAR,DRY,0,REAR END IN TRAFFIC LANES BOTH VEHICLES MOVING,REAR END,STRAIGHT & LEVEL,DAYLIGHT,0,0,0,1
30381049,CAMPBELL,I 0275,Interstate,,I275 W,,,39.05422003,-84.43802368,73.644,8/2/2022 0:00,2240,2,2,0,0,O,CLEAR,DRY,0,REAR END IN TRAFFIC LANES BOTH VEHICLES MOVING,REAR END,STRAIGHT & LEVEL,DARK-HWY LIGHTED/ON,0,0,0,1
30416664,CAMPBELL,,OTHR,7674,ARCADIA,BLVD,,38.97543217,-84.40738096,,8/2/2022 0:00,1315,2,2,0,0,O,CLOUDY,DRY,0,1 VEHICLE PARKED POSITION (NOT PARKING LOT/DRIVEWAY),BACKING,STRAIGHT & LEVEL,DAYLIGHT,0,0,0,1
30381058,CAMPBELL,I 0275,Interstate,,I275 W,,,39.05617172,-84.4333172,73.357,8/2/2022 0:00,2314,2,2,0,0,O,CLEAR,DRY,1,OTHER ROADWAY OR MID-BLOCK COLLISION,REAR END,STRAIGHT & LEVEL,DARK-HWY LIGHTED/ON,0,0,0,1
30386377,CAMPBELL,I 0471,Interstate,,,,,39.0679745,-84.4661329,0.395,8/3/2022 0:00,1157,2,2,0,0,O,CLEAR,DRY,0,OTHER RAMP RELATED COLLISIONS NOT LISTED ABOVE,REAR END,CURVE & LEVEL,DAYLIGHT,0,0,0,1
30383110,CAMPBELL,KY1892,StateRoute,,GRAND,AVE,,39.08512627,-84.47428538,1.952,8/3/2022 0:00,1151,2,2,0,0,O,CLEAR,DRY,0,1 VEHICLE ENTERING/LEAVING ENTRANCE,ANGLE,STRAIGHT & LEVEL,DAYLIGHT,0,0,0,1
30384500,CAMPBELL,KY1998,StateRoute,,POOLES CREEK,RD,,39.02314175,-84.44748069,1.541,8/3/2022 0:00,1325,2,2,0,0,O,CLEAR,DRY,0,COLLISION WITH FIXED OBJECT NON - INTERSECTION - FIRST EVENT COLLISION 09 - 32 EXCLUDING 16,ANGLE,STRAIGHT & GRADE,DAYLIGHT,0,0,0,1
30390977,CAMPBELL,KY1892,StateRoute,,GRAND,AVE,,39.08037875,-84.46734648,1.43,8/4/2022 0:00,1631,2,2,0,0,O,CLOUDY,DRY,0,ANGLE COLLISION - ONE VEHICLE TURNING LEFT,ANGLE,STRAIGHT & HILLCREST,DAYLIGHT,0,0,0,1
30396987,CAMPBELL,US0027,USRoute,,ALEXANDRIA,PIKE,,39.00322367,-84.42332885,13.84,8/4/2022 0:00,759,2,2,0,0,O,CLOUDY,DRY,0,ANGLE COLLISION - ONE VEHICLE TURNING LEFT,ANGLE,STRAIGHT & GRADE,DAYLIGHT,0,0,0,1
30401075,CAMPBELL,,OTHR,7908,TRILLIUM,CT,,38.96790394,-84.40184051,,8/4/2022 0:00,911,2,2,0,0,O,CLEAR,DRY,0,1 VEHICLE PARKED POSITION (NOT PARKING LOT/DRIVEWAY),BACKING,STRAIGHT & HILLCREST,DAYLIGHT,0,0,0,1
30420679,CAMPBELL,KY0008,StateRoute,,MARY INGLES,HWY,,39.02521402,-84.34504111,,8/4/2022 0:00,650,1,1,0,0,O,CLEAR,DRY,0,COLLISION WITH ANIMAL NON INTERSECTION,SINGLE VEHICLE,STRAIGHT & LEVEL,DAYLIGHT,0,0,0,1
30410280,CAMPBELL,US0027,USRoute,,MONMOUTH,ST,,39.08604784,-84.48739532,21.456,8/4/2022 0:00,1832,2,2,0,0,O,CLEAR,DRY,1,SIDESWIPE COLLISION - OPPOSITE DIRECTION,SIDESWIPE-OPPOSITE DIRECTION,STRAIGHT & HILLCREST,DAYLIGHT,0,0,0,1
30408627,CAMPBELL,I 0471,Interstate,3.2,I471 N,,,39.09263833,-84.47724047,3.812,8/4/2022 0:00,1500,1,1,0,0,O,RAINING,WET,0,OTHER ROADWAY OR MID-BLOCK COLLISION,SINGLE VEHICLE,STRAIGHT & LEVEL,DAYLIGHT,0,0,0,1
30391735,CAMPBELL,US0027,USRoute,1900,MONMOUTH,ST,,39.07915177,-84.4805953,20.843,8/5/2022 0:00,1017,1,1,0,0,O,RAINING,WET,0,OTHER ROADWAY OR MID-BLOCK COLLISION,SINGLE VEHICLE,STRAIGHT & GRADE,DAYLIGHT,0,0,0,1
30391876,CAMPBELL,I 0471,Interstate,,I471 N,,,39.09855302,-84.49045793,4.658,8/5/2022 0:00,1009,1,1,0,2,C,RAINING,WET,0,OTHER ROADWAY OR MID-BLOCK COLLISION,SINGLE VEHICLE,STRAIGHT & LEVEL,DAYLIGHT,0,0,0,1
30391677,CAMPBELL,I 0471,Interstate,,,,,39.1007762,-84.48969045,0.548,8/5/2022 0:00,1020,2,2,0,0,O,RAINING,WET,0,OTHER RAMP RELATED COLLISIONS NOT LISTED ABOVE,REAR END,STRAIGHT & LEVEL,DAYLIGHT,0,0,0,1
30396988,CAMPBELL,US0027,USRoute,,ALEXANDRIA,PIKE,,39.02407861,-84.44293452,15.607,8/5/2022 0:00,1334,2,2,0,0,O,CLOUDY,DRY,0,REAR END IN TRAFFIC LANES BOTH VEHICLES MOVING,REAR END,STRAIGHT & LEVEL,DAYLIGHT,0,0,0,1
30411482,CAMPBELL,KY0008,StateRoute,,MARY INGLES,HWY,,39.0374038,-84.39307094,10.617,8/5/2022 0:00,600,2,2,0,0,O,CLOUDY,DRY,0,SIDESWIPE COLLISION - OPPOSITE DIRECTION,SIDESWIPE-OPPOSITE DIRECTION,STRAIGHT & LEVEL,DAWN,0,0,0,1
30391875,CAMPBELL,US0027,USRoute,733,MONMOUTH,ST,,39.08950528,-84.49161157,21.787,8/5/2022 0:00,1218,2,2,0,0,O,CLOUDY,WET,0,SIDESWIPE COLLISION - SAME DIRECTION,SIDESWIPE-SAME DIRECTION,STRAIGHT & LEVEL,DAYLIGHT,0,0,0,1
30391678,CAMPBELL,I 0471,Interstate,,I471 SB,,,39.05983402,-84.46930659,1.215,8/5/2022 0:00,934,1,1,0,0,O,RAINING,WET,0,OTHER COLLISIONS ON SHOULDER,SINGLE VEHICLE,CURVE & LEVEL,DAYLIGHT,0,0,0,1
30392282,CAMPBELL,,OTHR,234,8TH,ST,E,39.09071907,-84.48915049,0.25,8/5/2022 0:00,1439,2,2,0,0,O,CLOUDY,DRY,0,1 VEHICLE PARKED POSITION (NOT PARKING LOT/DRIVEWAY),SIDESWIPE-SAME DIRECTION,STRAIGHT & LEVEL,DAYLIGHT,0,0,0,1
30865580,CAMPBELL,,OTHR,214,LINDEN,RD,,39.07615257,-84.47479486,0.235,8/5/2022 0:00,1508,2,2,0,0,O,CLOUDY,DRY,0,1 VEHICLE PARKED POSITION (NOT PARKING LOT/DRIVEWAY),SIDESWIPE-SAME DIRECTION,STRAIGHT & LEVEL,DAYLIGHT,0,0,0,1
30391679,CAMPBELL,,OTHR,,3RD,ST,W,39.09251108,-84.49834837,0.083,8/5/2022 0:00,1154,2,2,0,0,O,RAINING,WET,0,ANGLE COLLISION - OTHER,ANGLE,STRAIGHT & LEVEL,DAYLIGHT,0,0,0,1
30395074,CAMPBELL,,OTHR,,NEWPORT PAVILION,,,39.08863144,-84.4756394,0.417,8/6/2022 0:00,1524,2,2,0,0,O,CLOUDY,DRY,0,OTHER INTERSECTION COLLISIONS,REAR END,STRAIGHT & LEVEL,DAYLIGHT,1,0,0,1
30394564,CAMPBELL,,OTHR,,WASHINGTON,AVE,,39.08945552,-84.48764282,0.522,8/6/2022 0:00,902,2,2,0,0,O,RAINING,WET,0,1 VEHICLE PARKED POSITION (NOT PARKING LOT/DRIVEWAY),BACKING,STRAIGHT & LEVEL,DAYLIGHT,0,0,0,1
30420676,CAMPBELL,KY0915,StateRoute,,LICKING,PIKE,,38.92713294,-84.40040232,0.886,8/6/2022 0:00,2225,1,1,0,1,C,CLEAR,DRY,0,COLLISION WITH FIXED OBJECT NON - INTERSECTION - FIRST EVENT COLLISION 09 - 32 EXCLUDING 16,SINGLE VEHICLE,CURVE & LEVEL,DARK-HWY NOT LIGHTED,0,0,0,1
30395198,CAMPBELL,,OTHR,900,PATTERSON,ST,,39.0846102,-84.49730093,0.307,8/6/2022 0:00,1037,2,2,0,1,C,CLEAR,WET,0,COLLISION WITH FIXED OBJECT NON - INTERSECTION - FIRST EVENT COLLISION 09 - 32 EXCLUDING 16,ANGLE,STRAIGHT & LEVEL,DAYLIGHT,0,0,0,1
30396140,CAMPBELL,,OTHR,131,CENTER,ST,,39.1010268,-84.48343415,0.014,8/6/2022 0:00,1931,2,2,0,0,O,CLEAR,DRY,1,1 VEHICLE PARKED POSITION (NOT PARKING LOT/DRIVEWAY),BACKING,CURVE & LEVEL,DAYLIGHT,0,0,0,1
30401783,CAMPBELL,I 0471,Interstate,,I471 N,,,39.07104499,-84.46299234,2.095,8/6/2022 0:00,901,1,1,0,2,C,RAINING,WET,0,OTHER ROADWAY OR MID-BLOCK COLLISION,SINGLE VEHICLE,CURVE & LEVEL,DAYLIGHT,0,0,0,1
30396809,CAMPBELL,US0027,USRoute,626,MONMOUTH,ST,,39.09111905,-84.49310585,21.924,8/7/2022 0:00,11,2,2,0,0,O,CLEAR,DRY,0,1 VEHICLE ENTERING/LEAVING ENTRANCE,ANGLE,STRAIGHT & LEVEL,DARK-HWY LIGHTED/ON,0,0,0,1
30403389,CAMPBELL,,OTHR,,DAVE COWENS,DR,,39.09642205,-84.49466843,0.038,8/7/2022 0:00,1440,3,2,0,0,O,CLEAR,DRY,0,1 VEHICLE PARKED POSITION (NOT PARKING LOT/DRIVEWAY),BACKING,STRAIGHT & LEVEL,DAYLIGHT,0,0,0,1
30406871,CAMPBELL,KY0009,StateRoute,,AA,HWY,,39.00276368,-84.43442028,14.615,8/7/2022 0:00,1112,1,1,0,0,O,CLEAR,DRY,0,RAN OFF ROADWAY (1 VEHICLE WITH/EARTH EMBANKMENT/DITCH),SINGLE VEHICLE,STRAIGHT & LEVEL,DAYLIGHT,0,0,0,1
30533771,CAMPBELL,,OTHR,,10TH,ST,W,39.08435675,-84.49396889,0.295,8/7/2022 0:00,139,2,1,0,0,O,CLEAR,DRY,1,COLLISION WITH PARKED VEHICLE,SIDESWIPE-SAME DIRECTION,STRAIGHT & LEVEL,DARK-HWY LIGHTED/ON,0,0,0,1
30420681,CAMPBELL,,OTHR,7706,HELEN,DR,,38.97584569,-84.3924652,0.009,8/8/2022 0:00,928,1,1,0,1,B,CLEAR,DRY,0,OTHER INTERSECTION COLLISIONS,SINGLE VEHICLE,STRAIGHT & LEVEL,DAYLIGHT,1,0,0,1
30422159,CAMPBELL,KY0471,StateRoute,,KY471,,,39.03708426,-84.4541047,0.008,8/8/2022 0:00,2048,2,2,0,0,O,CLEAR,DRY,0,VEHICLE BACKING IN INTERSECTION,BACKING,STRAIGHT & LEVEL,DUSK,1,0,0,1
30405073,CAMPBELL,,OTHR,,12TH,ST,W,39.08262762,-84.49059955,0.136,8/8/2022 0:00,1827,2,1,0,1,B,CLEAR,DRY,0,COLLISION WITH BICYCLE IN INTERSECTION,SINGLE VEHICLE,STRAIGHT & LEVEL,DAYLIGHT,1,1,0,0
30412632,CAMPBELL,,OTHR,9826,MAN O WAR,CIR,,38.92428275,-84.40204082,0.103,8/8/2022 0:00,1542,2,2,0,0,O,CLEAR,DRY,0,1 VEHICLE PARKED POSITION (NOT PARKING LOT/DRIVEWAY),BACKING,STRAIGHT & LEVEL,DAYLIGHT,0,0,0,1
30402877,CAMPBELL,,OTHR,,6TH,ST,E,39.09477394,-84.48765959,0.31,8/8/2022 0:00,1135,2,2,0,0,O,CLEAR,DRY,1,1 VEHICLE PARKED POSITION (NOT PARKING LOT/DRIVEWAY),SIDESWIPE-SAME DIRECTION,STRAIGHT & LEVEL,DAYLIGHT,0,0,0,1
30416655,CAMPBELL,KY0709,StateRoute,,ALEXANDRIA,PIKE,E,38.98407124,-84.39773686,0.125,8/8/2022 0:00,1323,2,2,0,0,O,CLEAR,DRY,0,1 VEHICLE ENTERING/LEAVING ENTRANCE,ANGLE,STRAIGHT & GRADE,DAYLIGHT,0,0,0,1
30402875,CAMPBELL,US0027,USRoute,,MONMOUTH,ST,,39.08489199,-84.48595477,21.345,8/8/2022 0:00,1226,2,2,0,0,O,CLEAR,DRY,0,1 VEHICLE ENTERING/LEAVING ENTRANCE,ANGLE,STRAIGHT & LEVEL,DAYLIGHT,0,0,0,1
30403391,CAMPBELL,I 0471,Interstate,,I471 S,,,39.09406877,-84.4797443,3.986,8/8/2022 0:00,1246,2,2,0,0,O,CLEAR,DRY,1,SIDESWIPE COLLISION - SAME DIRECTION,SIDESWIPE-SAME DIRECTION,STRAIGHT & LEVEL,DAYLIGHT,0,0,0,1
30433812,CAMPBELL,KY0009,StateRoute,,AA,HWY,,39.00653123,-84.45385813,15.691,8/8/2022 0:00,905,2,2,0,1,A,CLEAR,DRY,0,REAR END IN TRAFFIC LANES BOTH VEHICLES MOVING,REAR END,STRAIGHT & GRADE,DAYLIGHT,0,0,0,1
30416041,CAMPBELL,I 0471,Interstate,,I471 N,,,39.10025795,-84.49396858,4.882,8/8/2022 0:00,1226,2,2,0,0,O,CLOUDY,DRY,0,REAR END IN TRAFFIC LANES BOTH VEHICLES MOVING,REAR END,STRAIGHT & LEVEL,DAYLIGHT,0,0,0,1
30420242,CAMPBELL,KY0009,StateRoute,,AA,HWY,,38.99978105,-84.40886965,13.194,8/8/2022 0:00,1741,2,2,0,1,B,CLEAR,DRY,0,REAR END IN TRAFFIC LANES BOTH VEHICLES MOVING,REAR END,STRAIGHT & LEVEL,DAYLIGHT,0,0,0,1
30403976,CAMPBELL,,OTHR,,RIVIERA,DR,,39.10182384,-84.48867864,0.001,8/8/2022 0:00,1738,2,2,0,0,O,CLEAR,DRY,0,OTHER ROADWAY OR MID-BLOCK COLLISION,REAR END,STRAIGHT & LEVEL,DAYLIGHT,0,0,0,1
30411269,CAMPBELL,I 0275,Interstate,,I275 E,,,39.02255333,-84.48645527,77.401,8/9/2022 0:00,1747,1,1,0,0,O,RAINING,WET,0,OTHER ROADWAY OR MID-BLOCK COLLISION,SINGLE VEHICLE,STRAIGHT & LEVEL,DAYLIGHT,0,0,0,1
30434669,CAMPBELL,US0027,USRoute,,ALEXANDRIA,PIKE,,39.02316212,-84.44176306,15.529,8/9/2022 0:00,1100,3,3,0,0,O,CLEAR,DRY,0,OTHER ROADWAY OR MID-BLOCK COLLISION,REAR TO REAR,STRAIGHT & LEVEL,DAYLIGHT,0,0,0,1
30416369,CAMPBELL,,OTHR,,CROWN,AVE,,39.07081216,-84.44324217,0.05,8/9/2022 0:00,1320,2,2,0,0,O,CLEAR,DRY,0,1 VEHICLE PARKED POSITION (NOT PARKING LOT/DRIVEWAY),BACKING,STRAIGHT & HILLCREST,DAYLIGHT,0,0,0,1
30416370,CAMPBELL,,OTHR,,CARMEL MANOR,DR,,39.06406846,-84.44024352,0.056,8/9/2022 0:00,736,2,2,0,0,O,CLEAR,DRY,0,1 VEHICLE PARKED POSITION (NOT PARKING LOT/DRIVEWAY),SIDESWIPE-SAME DIRECTION,STRAIGHT & LEVEL,DAYLIGHT,0,0,0,1
30407267,CAMPBELL,I 0471,Interstate,,I471 N,,,39.10096372,-84.49537645,4.973,8/9/2022 0:00,744,2,2,0,0,O,CLEAR,DRY,0,REAR END IN TRAFFIC LANES BOTH VEHICLES MOVING,REAR END,STRAIGHT & LEVEL,DAYLIGHT,0,0,0,1
30408630,CAMPBELL,US0027,USRoute,,MONMOUTH,ST,,39.09245154,-84.49429972,22.037,8/9/2022 0:00,1453,2,2,0,2,C,CLEAR,DRY,0,1 VEHICLE ENTERING/LEAVING ENTRANCE,ANGLE,STRAIGHT & LEVEL,DAYLIGHT,0,0,0,1
30416368,CAMPBELL,KY1120,StateRoute,1175,FT THOMAS,AVE,S,39.06334,-84.44842019,5.377,8/9/2022 0:00,1127,2,2,0,0,O,CLEAR,DRY,0,VEHICLE BACKING NON INTERSECTION,BACKING,STRAIGHT & HILLCREST,DAYLIGHT,0,0,0,1
30410328,CAMPBELL,,OTHR,,8TH,ST,E,39.09051501,-84.4894753,0.22,8/9/2022 0:00,1800,2,2,0,0,O,CLEAR,DRY,0,ANGLE COLLISION - OTHER,ANGLE,STRAIGHT & LEVEL,DAYLIGHT,0,0,0,1
30476216,CAMPBELL,,OTHR,,TAYLOR,AVE,,39.1050624,-84.48313867,0.182,8/9/2022 0:00,1740,2,2,0,3,B,CLEAR,DRY,0,ANGLE COLLISION - OTHER,ANGLE,STRAIGHT & GRADE,DAYLIGHT,0,0,0,1
30408668,CAMPBELL,US0027,USRoute,,YORK,ST,,39.08619103,-84.49067969,21.707,8/9/2022 0:00,1358,2,2,0,0,O,CLOUDY,DRY,0,ANGLE COLLISION - OTHER,ANGLE,STRAIGHT & LEVEL,DAYLIGHT,0,0,0,1
30408362,CAMPBELL,KY0009,StateRoute,,AA,HWY,,39.00970259,-84.46913168,16.539,8/9/2022 0:00,941,2,2,0,0,O,CLOUDY,DRY,0,OTHER INTERSECTION COLLISIONS,REAR END,STRAIGHT & LEVEL,DAYLIGHT,1,0,0,1
30408628,CAMPBELL,KY1892,StateRoute,,CAROTHERS,RD,,39.08641567,-84.47727708,2.156,8/9/2022 0:00,1317,2,2,0,0,O,CLEAR,DRY,0,OTHER INTERSECTION COLLISIONS,REAR END,STRAIGHT & LEVEL,DAYLIGHT,1,0,0,1