IncidentID,County,RdwyNumber,RdwyType,Street,RoadwayName,StreetSfx,StreetDir,Latitude,Longitude,Milepoint,CollisionDate,CollisionTime,UnitsInvolved,MotorVehiclesInvolved,NumberKilled,NumberInjured,KABCO,Weather,RdwyConditionCode,HitandRun,DirAnalysisCode,MannerofCollision,RdwyCharacter,LightCondition,Intersection Crash,Bicyclist,Pedestrian,Motor Vehicles
30415468,CAMPBELL,KY1120,StateRoute,,11TH,ST,W,39.08128119,-84.4962952,0.229,8/10/2022 0:00,2037,2,2,0,0,O,CLEAR,DRY,0,OTHER INTERSECTION COLLISIONS,REAR END,STRAIGHT & GRADE,DAYLIGHT,1,0,0,1
30413607,CAMPBELL,KY0009,StateRoute,,12TH,ST,W,39.08001379,-84.49524216,22.08,8/10/2022 0:00,1510,2,2,0,0,O,CLEAR,DRY,0,COLLISION WITH PARKED VEHICLE,BACKING,STRAIGHT & LEVEL,DAYLIGHT,0,0,0,1
30446665,CAMPBELL,,OTHR,219,MULBERRY,CT,,39.05620338,-84.4600242,0.073,8/10/2022 0:00,1612,2,2,0,0,O,CLEAR,DRY,0,1 VEHICLE PARKED POSITION (NOT PARKING LOT/DRIVEWAY),BACKING,STRAIGHT & LEVEL,DAYLIGHT,0,0,0,1
30412769,CAMPBELL,KY0008,StateRoute,,MARY INGLES,HWY,,39.03288226,-84.38004499,,8/10/2022 0:00,609,1,1,0,0,O,CLEAR,WET,0,COLLISION WITH FIXED OBJECT NON - INTERSECTION - FIRST EVENT COLLISION 09 - 32 EXCLUDING 16,SINGLE VEHICLE,CURVE & LEVEL,DARK-HWY LIGHTED/ON,0,0,0,1
30422165,CAMPBELL,I 0275,Interstate,,I275 E,,,39.05715256,-84.43068335,73.201,8/10/2022 0:00,1634,2,2,0,0,O,CLEAR,DRY,0,REAR END IN TRAFFIC LANES BOTH VEHICLES MOVING,REAR END,STRAIGHT & LEVEL,DAYLIGHT,0,0,0,1
30428644,CAMPBELL,US0027,USRoute,100,3RD,ST,E,39.09381938,-84.49653767,22.233,8/10/2022 0:00,1525,2,2,0,0,O,CLEAR,DRY,1,1 VEHICLE PARKED POSITION (NOT PARKING LOT/DRIVEWAY),SIDESWIPE-SAME DIRECTION,STRAIGHT & LEVEL,DAYLIGHT,0,0,0,1
30414183,CAMPBELL,I 0275,Interstate,,I275 E,,,39.0563967,-84.43206847,73.291,8/10/2022 0:00,1634,3,3,0,0,O,CLOUDY,DRY,0,OTHER ROADWAY OR MID-BLOCK COLLISION,REAR END,STRAIGHT & LEVEL,DAYLIGHT,0,0,0,1
30462657,CAMPBELL,I 0275,Interstate,,I275 E,,,39.05701587,-84.43067128,,8/11/2022 0:00,1715,2,2,0,0,O,CLEAR,DRY,0,OTHER ROADWAY OR MID-BLOCK COLLISION,REAR END,STRAIGHT & LEVEL,DAYLIGHT,0,0,0,1
30420704,CAMPBELL,I 0471,Interstate,,,,,39.0925576,-84.47901264,0.027,8/11/2022 0:00,1708,2,2,0,0,O,CLEAR,DRY,0,OTHER RAMP RELATED COLLISIONS NOT LISTED ABOVE,SIDESWIPE-SAME DIRECTION,CURVE & LEVEL,DAYLIGHT,0,0,0,1
30431740,CAMPBELL,I 0275,Interstate,,I275 E,,,39.02980664,-84.47102375,76.4,8/11/2022 0:00,1755,2,2,0,0,O,CLOUDY,DRY,0,REAR END IN TRAFFIC LANES BOTH VEHICLES MOVING,REAR END,CURVE & GRADE,DAYLIGHT,0,0,0,1
30420743,CAMPBELL,I 0275,Interstate,,I275 E,,,39.05670424,-84.43134296,,8/11/2022 0:00,1723,3,3,0,1,B,CLEAR,DRY,0,REAR END IN TRAFFIC LANES BOTH VEHICLES MOVING,REAR END,STRAIGHT & LEVEL,DAYLIGHT,0,0,0,1
30420742,CAMPBELL,I 0275,Interstate,,I275 W,,,39.04806249,-84.45409675,,8/11/2022 0:00,831,2,2,0,0,O,CLEAR,DRY,0,SIDESWIPE COLLISION - SAME DIRECTION,SIDESWIPE-SAME DIRECTION,STRAIGHT & LEVEL,DAYLIGHT,0,0,0,1
30417763,CAMPBELL,KY1892,StateRoute,,GRAND,AVE,,39.08638674,-84.47724645,2.151,8/11/2022 0:00,1115,2,2,0,0,O,CLEAR,DRY,0,OTHER INTERSECTION COLLISIONS,REAR END,STRAIGHT & LEVEL,DAYLIGHT,1,0,0,1
30451515,CAMPBELL,KY0009,StateRoute,,AA,HWY,,38.98879657,-84.39529742,12.12,8/11/2022 0:00,1557,2,2,0,0,O,CLEAR,DRY,0,OTHER INTERSECTION COLLISIONS,REAR END,STRAIGHT & LEVEL,DAYLIGHT,1,0,0,1
30424215,CAMPBELL,,OTHR,,8TH,ST,E,39.09150401,-84.48759791,0.337,8/12/2022 0:00,247,2,2,0,0,O,CLEAR,DRY,1,COLLISION WITH PARKED VEHICLE,SIDESWIPE-SAME DIRECTION,STRAIGHT & LEVEL,DARK-HWY LIGHTED/ON,0,0,0,1
30424217,CAMPBELL,,OTHR,,10TH,ST,W,39.0853179,-84.49231049,0.418,8/12/2022 0:00,2014,2,2,0,0,O,CLEAR,DRY,1,COLLISION WITH PARKED VEHICLE,BACKING,STRAIGHT & LEVEL,DAYLIGHT,0,0,0,1
30424925,CAMPBELL,US0027,USRoute,,3RD,ST,E,39.09364403,-84.49685192,22.255,8/12/2022 0:00,2355,2,2,0,0,O,CLEAR,DRY,0,1 VEHICLE ENTERING/LEAVING ENTRANCE,ANGLE,CURVE & LEVEL,DARK-HWY LIGHTED/ON,0,0,0,1
30424218,CAMPBELL,,OTHR,,PARK,AVE,,39.09784947,-84.49267559,0.338,8/12/2022 0:00,2218,2,2,0,0,O,CLEAR,DRY,0,REAR END IN TRAFFIC LANES BOTH VEHICLES MOVING,REAR END,STRAIGHT & GRADE,DARK-HWY LIGHTED/ON,0,0,0,1
30437254,CAMPBELL,KY1120,StateRoute,400,10TH,ST,E,39.08892992,-84.48575826,1.03,8/12/2022 0:00,1659,2,2,0,0,O,CLEAR,DRY,0,OTHER ROADWAY OR MID-BLOCK COLLISION,OPPOSING LEFT TURN,STRAIGHT & LEVEL,DAYLIGHT,0,0,0,1
30422064,CAMPBELL,,OTHR,105,NEWPORT PAVILION,,,39.09218514,-84.48028516,0.041,8/12/2022 0:00,1140,2,2,0,0,O,CLEAR,DRY,0,OTHER ROADWAY OR MID-BLOCK COLLISION,REAR END,STRAIGHT & LEVEL,DAYLIGHT,0,0,0,1
30429936,CAMPBELL,I 0471,Interstate,,I471 S,,,39.09932716,-84.4925852,4.769,8/13/2022 0:00,1851,3,3,0,0,O,CLOUDY,DRY,0,REAR END IN TRAFFIC LANES BOTH VEHICLES MOVING,REAR END,STRAIGHT & LEVEL,DAYLIGHT,0,0,0,1
30428646,CAMPBELL,I 0471,Interstate,,I471 N,,,39.10001964,-84.49344725,4.849,8/13/2022 0:00,1540,3,3,0,0,O,CLEAR,DRY,0,REAR END IN TRAFFIC LANES BOTH VEHICLES MOVING,REAR END,STRAIGHT & LEVEL,DAYLIGHT,0,0,0,1
30440052,CAMPBELL,KY0008,StateRoute,,MARY INGLES,HWY,,39.01165926,-84.32292681,14.883,8/13/2022 0:00,1112,2,2,0,0,O,CLEAR,DRY,0,SIDESWIPE COLLISION - SAME DIRECTION,SIDESWIPE-SAME DIRECTION,STRAIGHT & LEVEL,DAYLIGHT,0,0,0,1
30428643,CAMPBELL,,OTHR,403,13TH,ST,W,39.07893518,-84.49350452,0.532,8/13/2022 0:00,1,2,2,0,0,O,CLEAR,DRY,1,1 VEHICLE PARKED POSITION (NOT PARKING LOT/DRIVEWAY),BACKING,STRAIGHT & LEVEL,DARK-HWY LIGHTED/ON,0,0,0,1
30468724,CAMPBELL,KY1120,StateRoute,,11TH,ST,W,39.08388144,-84.491734,0.527,8/13/2022 0:00,1713,2,2,0,1,B,CLEAR,DRY,0,ANGLE COLLISION - OTHER,ANGLE,STRAIGHT & LEVEL,DAYLIGHT,0,0,0,1
30426020,CAMPBELL,KY0008,StateRoute,,5TH,ST,W,39.09089901,-84.49707861,0.452,8/13/2022 0:00,845,2,2,0,0,O,CLEAR,DRY,1,SIDESWIPE-SAME DIRECTION,SIDESWIPE-SAME DIRECTION,STRAIGHT & LEVEL,DAYLIGHT,0,0,0,1
30429937,CAMPBELL,,OTHR,,PARK,AVE,,39.09800686,-84.49288764,0.353,8/13/2022 0:00,1907,2,2,0,0,O,CLEAR,DRY,1,SIDESWIPE-SAME DIRECTION,SIDESWIPE-SAME DIRECTION,STRAIGHT & GRADE,DAYLIGHT,0,0,0,1
30434180,CAMPBELL,KY1892,StateRoute,,CAROTHERS,RD,,39.08436435,-84.48303577,2.511,8/14/2022 0:00,1340,2,2,0,0,O,CLEAR,DRY,0,ANGLE COLLISION - ONE VEHICLE TURNING LEFT,ANGLE,STRAIGHT & LEVEL,DAYLIGHT,0,0,0,1
30431744,CAMPBELL,US0027,USRoute,,ALEXANDRIA,PIKE,,39.0314543,-84.45191565,16.334,8/14/2022 0:00,1459,2,2,0,0,O,CLOUDY,DRY,0,ANGLE COLLISION - ONE VEHICLE TURNING LEFT,ANGLE,STRAIGHT & LEVEL,DAYLIGHT,0,0,0,1
30448430,CAMPBELL,KY0008,StateRoute,314,6TH,AVE,,39.11127847,-84.47639472,2.37,8/14/2022 0:00,1450,2,2,0,0,O,CLOUDY,DRY,0,1 VEHICLE PARKED POSITION (NOT PARKING LOT/DRIVEWAY),SIDESWIPE-SAME DIRECTION,STRAIGHT & LEVEL,DUSK,0,0,0,1
30432040,CAMPBELL,I 0275,Interstate,,I275 E,,,39.05498146,-84.43525606,73.488,8/14/2022 0:00,2315,1,1,0,0,O,CLEAR,DRY,0,COLLISION WITH FIXED OBJECT NON - INTERSECTION - FIRST EVENT COLLISION 09 - 32 EXCLUDING 16,SINGLE VEHICLE,STRAIGHT & LEVEL,DARK-HWY LIGHTED/ON,0,0,0,1
30433362,CAMPBELL,KY0735,StateRoute,3667,SMITH,RD,,38.88652258,-84.25741325,0.419,8/14/2022 0:00,500,2,2,0,0,O,FOG,WET,0,1 VEHICLE PARKED POSITION (NOT PARKING LOT/DRIVEWAY),HEAD ON,STRAIGHT & LEVEL,DARK (UNKNOWN ROADWAY LIGHTING),0,0,0,1
30444309,CAMPBELL,KY0009,StateRoute,,AA,HWY,,38.99978105,-84.40886965,13.194,8/14/2022 0:00,1646,2,2,0,0,O,CLOUDY,DRY,0,REAR END IN TRAFFIC LANES BOTH VEHICLES MOVING,REAR END,STRAIGHT & GRADE,DAYLIGHT,0,0,0,1
30432039,CAMPBELL,I 0471,Interstate,,I471 N,,,39.07276846,-84.46389781,2.225,8/14/2022 0:00,2347,1,1,0,0,O,CLOUDY,WET,0,OTHER ROADWAY OR MID-BLOCK COLLISION,SINGLE VEHICLE,CURVE & LEVEL,DARK-HWY LIGHTED/ON,0,0,0,1
30446827,CAMPBELL,US0027,USRoute,,ALEXANDRIA,PIKE,,38.95454705,-84.39342024,9.831,8/15/2022 0:00,1402,2,2,0,0,O,CLOUDY,DRY,0,REAR END IN TRAFFIC LANES BOTH VEHICLES MOVING,REAR END,STRAIGHT & GRADE,DAYLIGHT,0,0,0,1
30435282,CAMPBELL,I 0275,Interstate,,I275 W,,,39.04816047,-84.45313579,74.562,8/15/2022 0:00,1730,2,2,0,0,O,CLOUDY,DRY,0,SIDESWIPE COLLISION - SAME DIRECTION,SIDESWIPE-SAME DIRECTION,STRAIGHT & GRADE,DAYLIGHT,0,0,0,1
30468720,CAMPBELL,,OTHR,,GRANDVIEW,AVE,,39.07642133,-84.4908616,0.393,8/15/2022 0:00,1715,2,2,0,0,O,CLOUDY,DRY,0,HEAD-ON COLLISION,HEAD ON,CURVE & HILLCREST,DAYLIGHT,0,0,0,1
30434303,CAMPBELL,,OTHR,,LOWELL,ST,,39.07930029,-84.49628635,0.318,8/15/2022 0:00,1422,2,2,0,0,O,CLOUDY,DRY,0,ANGLE COLLISION - OTHER,ANGLE,CURVE & LEVEL,DAYLIGHT,0,0,0,1
30438467,CAMPBELL,US0027,USRoute,,ALEXANDRIA,PIKE,,38.95746193,-84.39297958,10.033,8/15/2022 0:00,1745,2,2,0,0,O,CLOUDY,DRY,0,OTHER INTERSECTION COLLISIONS,REAR END,STRAIGHT & LEVEL,DAYLIGHT,1,0,0,1
30439671,CAMPBELL,KY1120,StateRoute,,MEMORIAL,PKWY,,39.09273491,-84.4751482,1.671,8/15/2022 0:00,1716,2,2,0,0,O,CLEAR,DRY,0,OPPOSING LEFT TURN,OPPOSING LEFT TURN,CURVE & LEVEL,DAYLIGHT,0,0,0,1
30439164,CAMPBELL,,OTHR,,WASHINGTON,AVE,,39.09162825,-84.4896353,0.338,8/16/2022 0:00,1228,1,1,0,0,O,CLEAR,DRY,0,COLLISION WITH FIXED OBJECT NON - INTERSECTION - FIRST EVENT COLLISION 09 - 32 EXCLUDING 16,SINGLE VEHICLE,CURVE & LEVEL,DAYLIGHT,0,0,0,1
30538910,CAMPBELL,KY1120,StateRoute,102,10TH,ST,E,39.0874182,-84.48850524,0.817,8/16/2022 0:00,800,2,2,0,0,O,CLEAR,DRY,1,1 VEHICLE PARKED POSITION (NOT PARKING LOT/DRIVEWAY),BACKING,STRAIGHT & LEVEL,DARK-HWY LIGHTED/ON,0,0,0,1
30441675,CAMPBELL,,OTHR,37,CRESCENT,AVE,N,39.0691963,-84.44952944,0.101,8/16/2022 0:00,1314,2,2,0,0,O,CLEAR,DRY,0,1 VEHICLE PARKED POSITION (NOT PARKING LOT/DRIVEWAY),SIDESWIPE-SAME DIRECTION,STRAIGHT & GRADE,DAYLIGHT,0,0,0,1
30446849,CAMPBELL,,OTHR,100,LOUIE B NUNN,DR,,39.03206421,-84.46321128,0.203,8/16/2022 0:00,328,1,1,0,0,O,CLEAR,DRY,0,COLLISION WITH FIXED OBJECT NON - INTERSECTION - FIRST EVENT COLLISION 09 - 32 EXCLUDING 16,SINGLE VEHICLE,STRAIGHT & GRADE,DARK-HWY LIGHTED/ON,0,0,0,1
30439253,CAMPBELL,KY1892,StateRoute,,GRAND,AVE,,39.0854541,-84.47440271,1.947,8/16/2022 0:00,1515,2,2,0,0,O,CLEAR,DRY,0,OTHER INTERSECTION COLLISIONS,REAR END,CURVE & LEVEL,DAYLIGHT,1,0,0,1
30436838,CAMPBELL,KY0009,StateRoute,,LICKING,PIKE,,39.05634706,-84.48675959,20.273,8/16/2022 0:00,644,2,2,0,0,O,CLEAR,DRY,0,ANGLE COLLISION - OTHER,ANGLE,STRAIGHT & LEVEL,DAYLIGHT,0,0,0,1
30444312,CAMPBELL,KY0009,StateRoute,,AA,HWY,,38.99978105,-84.40886965,13.194,8/16/2022 0:00,1608,2,2,0,0,O,CLEAR,DRY,0,REAR END IN TRAFFIC LANES BOTH VEHICLES MOVING,REAR END,STRAIGHT & LEVEL,DAYLIGHT,0,0,0,1
30439165,CAMPBELL,KY1120,StateRoute,,10TH,ST,E,39.09127819,-84.48252633,1.232,8/16/2022 0:00,1553,2,2,0,0,O,CLEAR,DRY,0,REAR END IN TRAFFIC LANES BOTH VEHICLES MOVING,REAR END,STRAIGHT & LEVEL,DAYLIGHT,0,0,0,1
30441401,CAMPBELL,I 0471,Interstate,,,,,39.09865459,-84.49189785,0.071,8/16/2022 0:00,1614,2,2,0,0,O,CLEAR,DRY,0,OTHER RAMP RELATED COLLISIONS NOT LISTED ABOVE,REAR END,CURVE & LEVEL,DAYLIGHT,0,0,0,1
30496229,CAMPBELL,I 0275,Interstate,,I275 E,,,39.05685702,-84.43095222,,8/17/2022 0:00,2053,2,2,0,0,O,CLEAR,DRY,0,OTHER ROADWAY OR MID-BLOCK COLLISION,REAR END,STRAIGHT & LEVEL,DARK (UNKNOWN ROADWAY LIGHTING),0,0,0,1
30443394,CAMPBELL,,OTHR,,18TH,ST,,39.0808916,-84.48199085,0.015,8/17/2022 0:00,946,1,1,0,0,O,CLEAR,DRY,0,OTHER ROADWAY OR MID-BLOCK COLLISION,SINGLE VEHICLE,STRAIGHT & LEVEL,DAYLIGHT,0,0,0,1
30446662,CAMPBELL,I 0471,Interstate,,,,,39.06798921,-84.46614743,0.396,8/17/2022 0:00,1435,2,2,0,0,O,CLEAR,DRY,0,OTHER RAMP RELATED COLLISIONS NOT LISTED ABOVE,REAR END,CURVE & LEVEL,DAYLIGHT,0,0,0,1
30444223,CAMPBELL,KY0008,StateRoute,,4TH,ST,W,39.08894158,-84.50135287,0.204,8/17/2022 0:00,1703,2,2,0,0,O,CLEAR,DRY,0,SIDESWIPE COLLISION - SAME DIRECTION,SIDESWIPE-SAME DIRECTION,CURVE & LEVEL,DAYLIGHT,0,0,0,1
30450342,CAMPBELL,US0027,USRoute,,ALEXANDRIA,PIKE,,39.00432448,-84.42488605,13.951,8/17/2022 0:00,2330,2,2,0,0,O,CLEAR,DRY,0,1 VEHICLE ENTERING/LEAVING ENTRANCE,ANGLE,STRAIGHT & LEVEL,DARK-HWY LIGHTED/ON,0,0,0,1
30462878,CAMPBELL,US0027,USRoute,,ALEXANDRIA,PIKE,,39.02553957,-84.4463473,15.818,8/17/2022 0:00,1732,2,2,0,0,O,CLEAR,DRY,0,1 VEHICLE ENTERING/LEAVING ENTRANCE,ANGLE,STRAIGHT & LEVEL,DAYLIGHT,0,0,0,1
30445799,CAMPBELL,,OTHR,1126,BRIGHTON,ST,,39.08017917,-84.49526379,0.011,8/17/2022 0:00,1758,2,2,0,0,O,CLOUDY,DRY,0,VEHICLE BACKING NON INTERSECTION,BACKING,STRAIGHT & LEVEL,DAYLIGHT,0,0,0,1
30461057,CAMPBELL,I 0275,Interstate,,I275 E,,,39.05748647,-84.42969249,,8/17/2022 0:00,1900,2,2,0,0,O,CLEAR,DRY,0,REAR END IN TRAFFIC LANES BOTH VEHICLES MOVING,REAR END,STRAIGHT & LEVEL,DAYLIGHT,0,0,0,1
30457205,CAMPBELL,,OTHR,301,THORNTON,ST,,39.0820823,-84.49312351,0.254,8/17/2022 0:00,1600,2,2,0,0,O,CLEAR,DRY,1,1 VEHICLE PARKED POSITION (NOT PARKING LOT/DRIVEWAY),SIDESWIPE-SAME DIRECTION,STRAIGHT & LEVEL,DARK (UNKNOWN ROADWAY LIGHTING),0,0,0,1
30446661,CAMPBELL,,OTHR,39,ARLINGTON,PL,,39.05749106,-84.44808202,0.101,8/17/2022 0:00,1017,2,2,0,0,O,CLEAR,DRY,0,1 VEHICLE PARKED POSITION (NOT PARKING LOT/DRIVEWAY),BACKING,STRAIGHT & HILLCREST,DAYLIGHT,0,0,0,1
30446666,CAMPBELL,KY1120,StateRoute,,FT THOMAS,AVE,N,39.07967142,-84.44835163,4.155,8/17/2022 0:00,1652,2,2,0,0,O,CLEAR,DRY,0,ANGLE COLLISION - OTHER,ANGLE,STRAIGHT & LEVEL,DAYLIGHT,0,0,0,1
30483257,CAMPBELL,KY0010,StateRoute,,MAIN,ST,W,38.95762662,-84.39326066,1.291,8/17/2022 0:00,1107,2,2,0,0,O,CLEAR,DRY,0,OTHER INTERSECTION COLLISIONS,REAR END,STRAIGHT & LEVEL,DAYLIGHT,1,0,0,1
30492407,CAMPBELL,US0027,USRoute,8928,ALEXANDRIA,PIKE,,38.94942988,-84.39369537,9.476,8/17/2022 0:00,1333,2,2,0,1,A,CLEAR,DRY,0,1 VEHICLE PARKED POSITION (NOT PARKING LOT/DRIVEWAY),REAR END,STRAIGHT & LEVEL,DAYLIGHT,0,0,0,1
30443803,CAMPBELL,,OTHR,1135,COLUMBIA,ST,,39.08366624,-84.49044963,0.055,8/17/2022 0:00,745,1,1,0,0,O,CLEAR,DRY,0,COLLISION WITH FIXED OBJECT NON - INTERSECTION - FIRST EVENT COLLISION 09 - 32 EXCLUDING 16,SINGLE VEHICLE,STRAIGHT & LEVEL,DAYLIGHT,0,0,0,1
30462047,CAMPBELL,,OTHR,1290,POPLAR RIDGE,RD,,38.97536968,-84.37904667,0.735,8/17/2022 0:00,1645,1,1,0,0,O,CLEAR,DRY,0,COLLISION WITH FIXED OBJECT NON - INTERSECTION - FIRST EVENT COLLISION 09 - 32 EXCLUDING 16,SINGLE VEHICLE,CURVE & HILLCREST,DAYLIGHT,0,0,0,1
30446663,CAMPBELL,,OTHR,709,HIGHLAND,AVE,,39.07557635,-84.46267539,0.511,8/17/2022 0:00,1515,1,1,0,0,O,CLOUDY,DRY,0,COLLISION WITH FIXED OBJECT NON - INTERSECTION - FIRST EVENT COLLISION 09 - 32 EXCLUDING 16,SINGLE VEHICLE,STRAIGHT & LEVEL,DAYLIGHT,0,0,0,1
30463710,CAMPBELL,KY0009,StateRoute,,LICKING,PIKE,,39.05252115,-84.48931946,19.964,8/18/2022 0:00,422,1,1,0,0,O,CLEAR,DRY,0,COLLISION WITH ANIMAL NON INTERSECTION,SINGLE VEHICLE,CURVE & GRADE,DARK-HWY LIGHTED/OFF,0,0,0,1
30451906,CAMPBELL,,OTHR,,BOONE,ST,,39.11443399,-84.46666418,0.061,8/18/2022 0:00,1340,1,1,0,0,O,CLEAR,DRY,1,COLLISION WITH PARKED VEHICLE,SINGLE VEHICLE,CURVE & LEVEL,DAYLIGHT,0,0,0,1
30461058,CAMPBELL,KY0009,StateRoute,,AA,HWY,,38.98665166,-84.39146527,,8/18/2022 0:00,808,2,2,0,0,O,CLEAR,DRY,0,REAR END IN TRAFFIC LANES BOTH VEHICLES MOVING,REAR END,STRAIGHT & GRADE,DAYLIGHT,0,0,0,1
30459524,CAMPBELL,,OTHR,,I 275 EAST,,,39.05630203,-84.43219067,,8/18/2022 0:00,1710,3,3,0,0,O,CLEAR,DRY,0,REAR END IN TRAFFIC LANES BOTH VEHICLES MOVING,REAR END,CURVE & GRADE,DAYLIGHT,0,0,0,1
30462875,CAMPBELL,US0027,USRoute,,ALEXANDRIA,PIKE,,39.00424214,-84.42477879,13.943,8/18/2022 0:00,1800,2,2,0,0,O,CLEAR,DRY,0,SIDESWIPE COLLISION - SAME DIRECTION,SIDESWIPE-SAME DIRECTION,STRAIGHT & GRADE,DAYLIGHT,0,0,0,1
30451561,CAMPBELL,US0027,USRoute,,ALEXANDRIA,PIKE,,39.06805516,-84.46634894,19.709,8/18/2022 0:00,1055,3,3,0,0,O,CLEAR,DRY,0,OTHER ROADWAY OR MID-BLOCK COLLISION,REAR END,STRAIGHT & LEVEL,DAYLIGHT,0,0,0,1
30471752,CAMPBELL,,OTHR,,POPLAR RIDGE,RD,,38.9736328,-84.39175672,0.026,8/19/2022 0:00,2050,2,2,0,0,O,CLEAR,DRY,0,OTHER ROADWAY OR MID-BLOCK COLLISION,OPPOSING LEFT TURN,STRAIGHT & GRADE,DARK-HWY LIGHTED/ON,0,0,0,1
30473783,CAMPBELL,KY0008,StateRoute,300,DAVE COWENS,DR,,39.10042211,-84.49020428,1.313,8/19/2022 0:00,1700,2,2,0,0,O,CLEAR,DRY,0,OTHER ROADWAY OR MID-BLOCK COLLISION,REAR END,STRAIGHT & LEVEL,DAYLIGHT,0,0,0,1
30461673,CAMPBELL,I 0275,Interstate,,I275 W,,,39.04808013,-84.45334427,74.574,8/19/2022 0:00,1902,2,2,0,0,O,CLEAR,DRY,0,SIDESWIPE COLLISION - SAME DIRECTION,SIDESWIPE-SAME DIRECTION,STRAIGHT & LEVEL,DAYLIGHT,0,0,0,1
30459017,CAMPBELL,I 0275,Interstate,,I275 E,,,39.0476659,-84.4531995,74.579,8/19/2022 0:00,1650,2,2,0,0,O,CLEAR,DRY,0,SIDESWIPE COLLISION - SAME DIRECTION,SIDESWIPE-SAME DIRECTION,STRAIGHT & LEVEL,DAYLIGHT,0,0,0,1
30453939,CAMPBELL,I 0471,Interstate,,I471 S,,,39.08862673,-84.4749829,3.472,8/19/2022 0:00,2206,2,2,0,2,B,CLEAR,DRY,0,REAR END IN TRAFFIC LANES BOTH VEHICLES MOVING,REAR END,STRAIGHT & LEVEL,DARK-HWY LIGHTED/ON,0,0,0,1
30454022,CAMPBELL,,OTHR,,NEWPORT PAVILION,,,39.09214085,-84.48024105,0.045,8/19/2022 0:00,1950,2,2,0,0,O,CLEAR,DRY,0,REAR END IN TRAFFIC LANES BOTH VEHICLES MOVING,REAR END,STRAIGHT & LEVEL,DAYLIGHT,0,0,0,1
30454834,CAMPBELL,,OTHR,326,6TH,ST,W,39.08764759,-84.49982391,0.264,8/19/2022 0:00,1917,2,2,0,0,O,CLEAR,DRY,0,1 VEHICLE PARKED POSITION (NOT PARKING LOT/DRIVEWAY),SIDESWIPE-SAME DIRECTION,STRAIGHT & LEVEL,DAYLIGHT,0,0,0,1
30454021,CAMPBELL,,OTHR,13,RIDGE,PL,E,39.08109007,-84.47660989,0.063,8/19/2022 0:00,2126,2,2,0,0,O,CLEAR,DRY,1,1 VEHICLE PARKED POSITION (NOT PARKING LOT/DRIVEWAY),SIDESWIPE-SAME DIRECTION,CURVE & GRADE,DAYLIGHT,0,0,0,1
33656338,CAMPBELL,KY1120,StateRoute,,11TH,ST,W,39.08037323,-84.49811307,0.105,8/20/2022 0:00,29,2,1,1,0,K,CLEAR,DRY,1,COLLISION WITH BICYCLIST NON INTERSECTION,SINGLE VEHICLE,STRAIGHT & GRADE,DARK-HWY LIGHTED/ON,0,1,0,0
30461056,CAMPBELL,KY2921,StateRoute,,WASHINGTON TRACE,RD,,38.96059037,-84.32405077,0.026,8/20/2022 0:00,1400,1,1,0,0,O,CLEAR,DRY,0,COLLISION WITH FIXED OBJECT NON - INTERSECTION - FIRST EVENT COLLISION 09 - 32 EXCLUDING 16,SINGLE VEHICLE,STRAIGHT & LEVEL,DAYLIGHT,0,0,0,1
30456263,CAMPBELL,US0027,USRoute,,ALEXANDRIA,PIKE,,39.00420097,-84.42481222,13.944,8/20/2022 0:00,1215,2,2,0,0,O,CLEAR,DRY,0,OTHER INTERSECTION COLLISIONS,REAR END,STRAIGHT & GRADE,DAYLIGHT,1,0,0,1
30464881,CAMPBELL,KY0915,StateRoute,8818,LICKING,PIKE,,38.95953327,-84.42340981,3.796,8/20/2022 0:00,900,1,1,0,0,O,CLEAR,DRY,0,OTHER COLLISIONS ON SHOULDER,SINGLE VEHICLE,CURVE & LEVEL,DAYLIGHT,0,0,0,1
30461055,CAMPBELL,KY0010,StateRoute,,MAIN,ST,E,38.95209364,-84.37264761,2.693,8/20/2022 0:00,1442,2,2,0,0,O,CLEAR,DRY,0,1 VEHICLE ENTERING/LEAVING ENTRANCE,ANGLE,STRAIGHT & LEVEL,DAYLIGHT,0,0,0,1
30463711,CAMPBELL,I 0275,Interstate,,I275 W,,,39.02275301,-84.48603889,77.391,8/20/2022 0:00,1622,2,2,0,0,O,CLEAR,WET,0,OTHER ROADWAY OR MID-BLOCK COLLISION,REAR END,STRAIGHT & GRADE,DAYLIGHT,0,0,0,1
30473285,CAMPBELL,KY0009,StateRoute,,LICKING,PIKE,,39.05041333,-84.49006694,19.799,8/21/2022 0:00,1818,2,2,0,1,B,CLOUDY,DRY,0,SIDESWIPE COLLISION - OPPOSITE DIRECTION,SIDESWIPE-OPPOSITE DIRECTION,CURVE & LEVEL,DAYLIGHT,0,0,0,1
30464882,CAMPBELL,KY0010,StateRoute,10525,FLAGG SPRINGS,PIKE,,38.8969438,-84.2808149,10.467,8/21/2022 0:00,1115,1,1,0,0,O,CLOUDY,WET,0,OTHER COLLISIONS ON SHOULDER,SINGLE VEHICLE,CURVE & LEVEL,DAYLIGHT,0,0,0,1
30479542,CAMPBELL,KY0009,StateRoute,,AA,HWY,,38.99978105,-84.40886965,13.194,8/21/2022 0:00,1406,2,2,0,0,O,CLOUDY,WET,0,REAR END IN TRAFFIC LANES BOTH VEHICLES MOVING,REAR END,STRAIGHT & LEVEL,DAYLIGHT,0,0,0,1