IncidentID,County,RdwyNumber,RdwyType,Street,RoadwayName,StreetSfx,StreetDir,Latitude,Longitude,Milepoint,CollisionDate,CollisionTime,UnitsInvolved,MotorVehiclesInvolved,NumberKilled,NumberInjured,KABCO,Weather,RdwyConditionCode,HitandRun,DirAnalysisCode,MannerofCollision,RdwyCharacter,LightCondition,Intersection Crash,Bicyclist,Pedestrian,Motor Vehicles
30466759,CAMPBELL,I 0471,Interstate,,I471 N,,,39.05879072,-84.46927293,1.15,8/21/2022 0:00,1552,1,1,0,0,O,CLOUDY,DRY,0,COLLISION WITH FIXED OBJECT NON - INTERSECTION - FIRST EVENT COLLISION 09 - 32 EXCLUDING 16,SINGLE VEHICLE,STRAIGHT & LEVEL,DAYLIGHT,0,0,0,1
30459618,CAMPBELL,I 0471,Interstate,,I471 S,,,39.09804659,-84.48862277,4.552,8/21/2022 0:00,1940,1,1,0,0,O,RAINING,WET,0,RAN OFF ROADWAY (1 VEHICLE WITH/EARTH EMBANKMENT/DITCH),SINGLE VEHICLE,CURVE & LEVEL,DAYLIGHT,0,0,0,1
30479373,CAMPBELL,,OTHR,,DAYTON,ST,,39.08996475,-84.49104092,0.165,8/21/2022 0:00,144,4,4,0,0,O,CLEAR,DRY,1,1 VEHICLE PARKED POSITION (NOT PARKING LOT/DRIVEWAY),ANGLE,STRAIGHT & LEVEL,DARK-HWY LIGHTED/ON,0,0,0,1
30470045,CAMPBELL,KY0915,StateRoute,,LICKING,PIKE,,38.94490866,-84.40732041,2.315,8/22/2022 0:00,1512,2,2,0,0,O,CLEAR,DRY,0,ANGLE COLLISION - OTHER,ANGLE,STRAIGHT & LEVEL,DAYLIGHT,0,0,0,1
30462693,CAMPBELL,KY1120,StateRoute,,FT THOMAS,AVE,S,39.06222055,-84.44848541,5.547,8/22/2022 0:00,745,2,2,0,0,O,CLOUDY,DRY,0,OTHER INTERSECTION COLLISIONS,REAR END,STRAIGHT & LEVEL,DAYLIGHT,1,0,0,1
30460220,CAMPBELL,KY0008,StateRoute,,3RD,ST,E,39.09490779,-84.49457732,0.725,8/22/2022 0:00,205,2,2,0,0,O,CLEAR,DRY,0,OTHER INTERSECTION COLLISIONS,REAR END,STRAIGHT & LEVEL,DARK-HWY LIGHTED/ON,1,0,0,1
30467320,CAMPBELL,US0027,USRoute,,ALEXANDRIA,PIKE,,39.0022122,-84.42202119,13.745,8/22/2022 0:00,740,2,2,0,0,O,CLEAR,DRY,0,REAR END IN TRAFFIC LANES BOTH VEHICLES MOVING,REAR END,STRAIGHT & LEVEL,DAYLIGHT,0,0,0,1
30479543,CAMPBELL,US0027,USRoute,,ALEXANDRIA,PIKE,,39.02759633,-84.44931785,16.048,8/22/2022 0:00,1713,2,2,0,0,O,CLEAR,DRY,0,SIDESWIPE COLLISION - SAME DIRECTION,SIDESWIPE-SAME DIRECTION,STRAIGHT & LEVEL,DAYLIGHT,0,0,0,1
30489830,CAMPBELL,US0027,USRoute,,ALEXANDRIA,PIKE,,39.03382486,-84.45341259,16.517,8/22/2022 0:00,1200,2,2,0,0,O,CLEAR,DRY,0,1 VEHICLE ENTERING/LEAVING ENTRANCE,ANGLE,STRAIGHT & LEVEL,DAYLIGHT,0,0,0,1
30467877,CAMPBELL,I 0275,Interstate,,,,,39.04003961,-84.46968285,0.379,8/23/2022 0:00,900,2,2,0,0,O,CLEAR,DRY,0,OTHER RAMP RELATED COLLISIONS NOT LISTED ABOVE,REAR END,STRAIGHT & LEVEL,DAYLIGHT,0,0,0,1
30474500,CAMPBELL,KY0008,StateRoute,727,6TH,AVE,,39.11382969,-84.47028315,2.747,8/23/2022 0:00,1517,2,2,0,1,C,CLEAR,DRY,0,OTHER ROADWAY OR MID-BLOCK COLLISION,OPPOSING LEFT TURN,STRAIGHT & LEVEL,DAYLIGHT,0,0,0,1
30471542,CAMPBELL,I 0471,Interstate,,I471 S,,,39.0580496,-84.46960916,1.083,8/23/2022 0:00,1935,2,2,0,0,O,CLEAR,DRY,0,SIDESWIPE COLLISION - SAME DIRECTION,SIDESWIPE-SAME DIRECTION,STRAIGHT & LEVEL,DUSK,0,0,0,1
30471540,CAMPBELL,I 0471,Interstate,,I471 SB,,,39.05917917,-84.46964546,1.165,8/23/2022 0:00,1645,2,2,0,0,O,CLOUDY,DRY,0,REAR END IN TRAFFIC LANES BOTH VEHICLES MOVING,REAR END,STRAIGHT & LEVEL,DAYLIGHT,0,0,0,1
30474337,CAMPBELL,,OTHR,116,CLEVELAND,AVE,,39.09818204,-84.47697958,0.091,8/23/2022 0:00,800,2,2,0,0,O,CLEAR,DRY,0,1 VEHICLE PARKED POSITION (NOT PARKING LOT/DRIVEWAY),REAR END,STRAIGHT & LEVEL,DAYLIGHT,0,0,0,1
30470534,CAMPBELL,,OTHR,,ORCHARD,ST,,39.0874191,-84.49072291,0.263,8/23/2022 0:00,2134,3,3,0,0,O,CLEAR,DRY,0,1 VEHICLE PARKED POSITION (NOT PARKING LOT/DRIVEWAY),SIDESWIPE-SAME DIRECTION,STRAIGHT & LEVEL,DARK-HWY LIGHTED/ON,0,0,0,1
30475899,CAMPBELL,,OTHR,,HOME,ST,,39.08066416,-84.48834954,0.216,8/23/2022 0:00,215,2,2,0,0,O,CLEAR,DRY,1,COLLISION WITH PARKED VEHICLE,SIDESWIPE-SAME DIRECTION,STRAIGHT & LEVEL,DARK-HWY LIGHTED/ON,0,0,0,1
30477647,CAMPBELL,I 0471,Interstate,,I471 NB,,,39.05902277,-84.46920513,1.166,8/24/2022 0:00,2110,1,1,0,0,O,CLEAR,DRY,0,COLLISION WITH FIXED OBJECT NON - INTERSECTION - FIRST EVENT COLLISION 09 - 32 EXCLUDING 16,SINGLE VEHICLE,STRAIGHT & LEVEL,DARK-HWY LIGHTED/ON,0,0,0,1
30684555,CAMPBELL,US0027,USRoute,,ALEXANDRIA,PIKE,,39.00432357,-84.42465907,13.949,8/24/2022 0:00,1542,4,4,0,0,O,CLEAR,DRY,0,ANGLE COLLISION - OTHER,ANGLE,STRAIGHT & GRADE,DAYLIGHT,0,0,0,1
30473715,CAMPBELL,US0027,USRoute,,MONMOUTH,ST,,39.09312257,-84.49480107,22.081,8/24/2022 0:00,1000,2,2,0,0,O,CLEAR,DRY,0,ANGLE COLLISION - OTHER,ANGLE,STRAIGHT & LEVEL,DAYLIGHT,0,0,0,1
30489837,CAMPBELL,US0027,USRoute,,ALEXANDRIA,PIKE,,39.03035557,-84.4513281,16.253,8/24/2022 0:00,1843,2,2,0,0,O,CLEAR,DRY,0,REAR END IN TRAFFIC LANES BOTH VEHICLES MOVING,REAR END,STRAIGHT & LEVEL,DAYLIGHT,0,0,0,1
30609260,CAMPBELL,KY0009,StateRoute,,LICKING,PIKE,,39.05826864,-84.48654689,20.407,8/24/2022 0:00,1731,2,2,0,1,C,CLEAR,DRY,0,REAR END IN TRAFFIC LANES BOTH VEHICLES MOVING,REAR END,STRAIGHT & LEVEL,DAYLIGHT,0,0,0,1
30494779,CAMPBELL,KY0008,StateRoute,300,4TH,ST,W,39.08815544,-84.50371574,0.052,8/24/2022 0:00,1700,2,2,0,0,O,CLEAR,DRY,0,SIDESWIPE COLLISION - SAME DIRECTION,SIDESWIPE-SAME DIRECTION,STRAIGHT & LEVEL,DAYLIGHT,0,0,0,1
30607499,CAMPBELL,KY1632,StateRoute,60,MOOCK,RD,,39.05955654,-84.47895302,0.671,8/25/2022 0:00,1053,1,1,0,0,O,CLEAR,DRY,0,OTHER ROADWAY OR MID-BLOCK COLLISION,SINGLE VEHICLE,STRAIGHT & LEVEL,DAYLIGHT,0,0,0,1
30479553,CAMPBELL,KY1892,StateRoute,35,CAROTHERS,RD,,39.08463442,-84.48171541,2.435,8/25/2022 0:00,1742,2,2,0,0,O,CLEAR,DRY,0,SIDESWIPE COLLISION - SAME DIRECTION,SIDESWIPE-SAME DIRECTION,STRAIGHT & HILLCREST,DAYLIGHT,0,0,0,1
30487294,CAMPBELL,US0027,USRoute,,ALEXANDRIA,PIKE,,39.00434925,-84.42491014,13.953,8/25/2022 0:00,1505,2,2,0,0,O,CLEAR,DRY,0,SIDESWIPE COLLISION - SAME DIRECTION,SIDESWIPE-SAME DIRECTION,STRAIGHT & GRADE,DAYLIGHT,0,0,0,1
30478994,CAMPBELL,US0027,USRoute,900,MONMOUTH,ST,,39.08803098,-84.48995739,21.651,8/25/2022 0:00,1130,2,2,0,0,O,CLEAR,DRY,0,SIDESWIPE COLLISION - SAME DIRECTION,SIDESWIPE-SAME DIRECTION,STRAIGHT & LEVEL,DAYLIGHT,0,0,0,1
30480008,CAMPBELL,,OTHR,,PINEHILL,DR,,39.02437321,-84.41625312,,8/25/2022 0:00,1735,2,2,0,0,O,CLEAR,DRY,0,VEHICLE BACKING NON INTERSECTION,BACKING,STRAIGHT & GRADE,DAYLIGHT,0,0,0,1
30491874,CAMPBELL,KY0009,StateRoute,,AA,HWY,,39.01638139,-84.47822678,17.233,8/25/2022 0:00,1526,3,3,0,0,O,CLEAR,DRY,0,REAR END IN TRAFFIC LANES BOTH VEHICLES MOVING,REAR END,STRAIGHT & LEVEL,DAYLIGHT,0,0,0,1
30485399,CAMPBELL,I 0275,Interstate,,I275 E,,,39.05586908,-84.43320968,,8/25/2022 0:00,1947,2,2,0,0,O,CLEAR,DRY,0,REAR END IN TRAFFIC LANES BOTH VEHICLES MOVING,REAR END,STRAIGHT & LEVEL,DUSK,0,0,0,1
30482583,CAMPBELL,KY1120,StateRoute,,11TH,ST,W,39.07977325,-84.49931116,0.024,8/25/2022 0:00,1725,2,2,0,0,O,CLEAR,DRY,0,REAR END IN TRAFFIC LANES BOTH VEHICLES MOVING,REAR END,STRAIGHT & GRADE,DAYLIGHT,0,0,0,1
30483171,CAMPBELL,,OTHR,,INTERSTATE 275 EAST,,,39.05670944,-84.43130378,,8/25/2022 0:00,2002,2,2,0,0,O,CLOUDY,DRY,0,REAR END IN TRAFFIC LANES BOTH VEHICLES MOVING,REAR END,CURVE & GRADE,DAYLIGHT,0,0,0,1
30524569,CAMPBELL,,OTHR,,CENTER,ST,,39.10367205,-84.47931067,0.302,8/25/2022 0:00,1639,2,2,0,0,O,CLEAR,DRY,0,ANGLE COLLISION - OTHER,ANGLE,STRAIGHT & LEVEL,DAYLIGHT,0,0,0,1
30492441,CAMPBELL,,OTHR,1136,FT THOMAS,AVE,N,39.08944266,-84.44780233,0.676,8/25/2022 0:00,1153,2,2,0,0,O,CLEAR,DRY,0,1 VEHICLE PARKED POSITION (NOT PARKING LOT/DRIVEWAY),SIDESWIPE-SAME DIRECTION,STRAIGHT & LEVEL,DAYLIGHT,0,0,0,1
30494346,CAMPBELL,,OTHR,821,BLUE STEM,RDG,,38.96853799,-84.39988793,,8/26/2022 0:00,1457,2,2,0,0,O,CLEAR,DRY,0,1 VEHICLE PARKED POSITION (NOT PARKING LOT/DRIVEWAY),BACKING,STRAIGHT & LEVEL,DAYLIGHT,0,0,0,1
30483866,CAMPBELL,KY1120,StateRoute,101,10TH,ST,E,39.08744368,-84.48845332,0.821,8/26/2022 0:00,956,2,2,0,0,O,CLEAR,DRY,1,1 VEHICLE PARKED POSITION (NOT PARKING LOT/DRIVEWAY),BACKING,STRAIGHT & LEVEL,DAYLIGHT,0,0,0,1
30488805,CAMPBELL,,OTHR,718,TAYLOR,AVE,,39.10041539,-84.47825036,0.596,8/26/2022 0:00,830,2,2,0,0,O,CLEAR,DRY,1,1 VEHICLE PARKED POSITION (NOT PARKING LOT/DRIVEWAY),SIDESWIPE-SAME DIRECTION,STRAIGHT & GRADE,DAYLIGHT,0,0,0,1
30497932,CAMPBELL,,OTHR,,19TH,ST,,39.08001874,-84.48129664,,8/26/2022 0:00,1321,2,2,0,2,C,CLOUDY,DRY,0,ANGLE COLLISION - ONE VEHICLE TURNING LEFT,ANGLE,STRAIGHT & GRADE,DAYLIGHT,0,0,0,1
30485059,CAMPBELL,US0027,USRoute,,MONMOUTH,ST,,39.08391005,-84.48406556,21.222,8/26/2022 0:00,2216,2,2,0,0,O,CLEAR,DRY,0,REAR END IN TRAFFIC LANES BOTH VEHICLES MOVING,REAR END,STRAIGHT & LEVEL,DARK-HWY LIGHTED/ON,0,0,0,1
30494776,CAMPBELL,US0027,USRoute,633,MONMOUTH,ST,,39.09083459,-84.49281273,21.9,8/26/2022 0:00,2200,2,2,0,0,O,CLEAR,DRY,1,1 VEHICLE PARKED POSITION (NOT PARKING LOT/DRIVEWAY),SIDESWIPE-SAME DIRECTION,STRAIGHT & LEVEL,UNKNOWN,0,0,0,1
30507982,CAMPBELL,KY0010,StateRoute,,MAIN,ST,E,38.95904477,-84.38863116,1.575,8/26/2022 0:00,1435,2,2,0,0,O,CLEAR,DRY,0,REAR END IN TRAFFIC LANES BOTH VEHICLES MOVING,REAR END,STRAIGHT & LEVEL,DAYLIGHT,0,0,0,1
30483764,CAMPBELL,,OTHR,,NEWPORT PAVILION,,,39.08745714,-84.47670834,0.519,8/26/2022 0:00,1645,2,2,0,0,O,CLOUDY,DRY,0,SIDESWIPE COLLISION - SAME DIRECTION,SIDESWIPE-SAME DIRECTION,STRAIGHT & LEVEL,DAYLIGHT,0,0,0,1
30496231,CAMPBELL,KY1121,StateRoute,,WESLEY CHAPEL,RD,,38.86327075,-84.29420448,0.764,8/27/2022 0:00,1725,1,1,0,0,O,CLEAR,DRY,0,OTHER ROADWAY OR MID-BLOCK COLLISION,SINGLE VEHICLE,STRAIGHT & GRADE,DAYLIGHT,0,0,0,1
30494784,CAMPBELL,I 0471,Interstate,100,I471 N,,,39.08437287,-84.4726382,3.185,8/27/2022 0:00,1648,2,2,0,0,O,CLEAR,DRY,0,OTHER ROADWAY OR MID-BLOCK COLLISION,REAR END,STRAIGHT & GRADE,DAYLIGHT,0,0,0,1
30488679,CAMPBELL,,OTHR,,MATINEE,BLVD,,39.01845894,-84.4370744,,8/27/2022 0:00,2134,2,2,0,0,O,CLEAR,DRY,0,1 VEHICLE ENTERING/LEAVING ENTRANCE,ANGLE,CURVE & GRADE,DARK-HWY LIGHTED/ON,0,0,0,1
30488699,CAMPBELL,I 0471,Interstate,,I471 N,,,39.1004433,-84.49414858,4.897,8/27/2022 0:00,1230,2,2,0,0,O,CLEAR,DRY,0,SIDESWIPE COLLISION - SAME DIRECTION,SIDESWIPE-SAME DIRECTION,STRAIGHT & LEVEL,DAYLIGHT,0,0,0,1
30485470,CAMPBELL,I 0471,Interstate,,I471 N,,,39.09959284,-84.49264109,4.797,8/27/2022 0:00,106,2,2,0,0,O,CLEAR,DRY,0,REAR END IN TRAFFIC LANES BOTH VEHICLES MOVING,REAR END,STRAIGHT & LEVEL,DARK-HWY LIGHTED/ON,0,0,0,1
30488211,CAMPBELL,KY0009,StateRoute,,LICKING,PIKE,,39.06582064,-84.48694133,20.931,8/27/2022 0:00,2035,2,2,0,1,C,CLEAR,DRY,0,REAR END IN TRAFFIC LANES BOTH VEHICLES MOVING,REAR END,STRAIGHT & LEVEL,DARK-HWY LIGHTED/ON,0,0,0,1
30492436,CAMPBELL,KY1120,StateRoute,,FT THOMAS,AVE,S,39.06639042,-84.4464841,5.207,8/27/2022 0:00,1839,2,2,0,0,O,CLOUDY,DRY,1,1 VEHICLE PARKED POSITION (NOT PARKING LOT/DRIVEWAY),SIDESWIPE-SAME DIRECTION,CURVE & LEVEL,DAYLIGHT,0,0,0,1
30488804,CAMPBELL,,OTHR,215,BONNIE LESLIE,AVE,,39.09627793,-84.47407169,0.159,8/27/2022 0:00,100,2,2,0,0,O,CLEAR,DRY,1,1 VEHICLE PARKED POSITION (NOT PARKING LOT/DRIVEWAY),SIDESWIPE-SAME DIRECTION,STRAIGHT & LEVEL,DARK-HWY LIGHTED/ON,0,0,0,1
30489839,CAMPBELL,KY0471,StateRoute,,KY471,,,39.03700925,-84.45412083,0.003,8/27/2022 0:00,25,2,2,0,0,O,CLEAR,DRY,0,REAR END IN TRAFFIC LANES BOTH VEHICLES MOVING,REAR END,STRAIGHT & LEVEL,DARK-HWY LIGHTED/ON,0,0,0,1
30488108,CAMPBELL,I 0471,Interstate,,I471 N,,,39.10019289,-84.4937847,4.871,8/27/2022 0:00,1754,3,3,0,0,O,CLEAR,DRY,0,REAR END IN TRAFFIC LANES BOTH VEHICLES MOVING,REAR END,STRAIGHT & LEVEL,DAYLIGHT,0,0,0,1
31201400,CAMPBELL,KY0009,StateRoute,,AA,HWY,,38.9594624,-84.34285284,8.557,8/27/2022 0:00,245,1,1,0,0,O,CLEAR,DRY,0,COLLISION WITH FIXED OBJECT IN INTERSECTION - FIRST EVENT COLLISION 09 - 32,SINGLE VEHICLE,STRAIGHT & LEVEL,DARK-HWY LIGHTED/ON,1,0,0,1
30496820,CAMPBELL,KY0008,StateRoute,7384,MARY INGLES,HWY,,38.98847021,-84.30656808,16.719,8/27/2022 0:00,744,1,1,0,0,O,CLEAR,DRY,0,COLLISION WITH ANIMAL NON INTERSECTION,SINGLE VEHICLE,STRAIGHT & LEVEL,DAWN,0,0,0,1
30489910,CAMPBELL,,OTHR,10,BON JAN,LN,,39.03062059,-84.45102074,0.021,8/27/2022 0:00,1637,2,2,0,0,O,CLEAR,DRY,1,1 VEHICLE PARKED POSITION (NOT PARKING LOT/DRIVEWAY),SIDESWIPE-SAME DIRECTION,STRAIGHT & LEVEL,DAYLIGHT,0,0,0,1
30507996,CAMPBELL,US0027,USRoute,,ALEXANDRIA,PIKE,,38.98576237,-84.40282056,12.243,8/28/2022 0:00,1546,2,2,0,0,O,CLEAR,DRY,0,SIDESWIPE-SAME DIRECTION,SIDESWIPE-SAME DIRECTION,STRAIGHT & GRADE,DAYLIGHT,0,0,0,1
30489987,CAMPBELL,KY0008,StateRoute,,3RD,ST,E,39.09480954,-84.49451201,0.723,8/28/2022 0:00,101,2,1,0,1,C,CLEAR,DRY,0,COLLISION WITH FIXED OBJECT IN INTERSECTION - FIRST EVENT COLLISION 09 - 32,SINGLE VEHICLE,CURVE & LEVEL,DARK-HWY LIGHTED/ON,1,0,0,1
30498594,CAMPBELL,,OTHR,,LAFAYETTE,AVE,,39.10186526,-84.48206858,0.362,8/28/2022 0:00,1200,2,2,0,0,O,CLEAR,DRY,1,1 VEHICLE PARKED POSITION (NOT PARKING LOT/DRIVEWAY),SIDESWIPE-SAME DIRECTION,STRAIGHT & LEVEL,UNKNOWN,0,0,0,1
30506912,CAMPBELL,I 0275,Interstate,,I275 E,,,39.0570292,-84.43070396,73.206,8/28/2022 0:00,1735,2,2,0,0,O,CLEAR,DRY,1,REAR END IN TRAFFIC LANES BOTH VEHICLES MOVING,REAR END,STRAIGHT & LEVEL,DAYLIGHT,0,0,0,1
30494347,CAMPBELL,,OTHR,,POPLAR RIDGE,RD,,38.97373102,-84.39098921,0.068,8/28/2022 0:00,1525,2,2,0,0,O,CLEAR,DRY,0,1 VEHICLE ENTERING/LEAVING ENTRANCE,ANGLE,STRAIGHT & LEVEL,DAYLIGHT,0,0,0,1
30496821,CAMPBELL,I 0275,Interstate,,I275 E,,,39.05670765,-84.43120169,73.24,8/28/2022 0:00,1919,2,2,0,1,B,CLEAR,DRY,0,OTHER ROADWAY OR MID-BLOCK COLLISION,REAR END,STRAIGHT & LEVEL,DAYLIGHT,0,0,0,1
30497531,CAMPBELL,US0027,USRoute,,AA TO 27 RAMP,,S,39.00066144,-84.42077351,0.025,8/29/2022 0:00,1245,2,2,0,1,C,CLEAR,DRY,0,OTHER RAMP RELATED COLLISIONS NOT LISTED ABOVE,REAR END,STRAIGHT & LEVEL,DAYLIGHT,0,0,0,1
30494271,CAMPBELL,I 0471,Interstate,,,,,39.08544497,-84.47460639,0.165,8/29/2022 0:00,1028,2,2,0,0,O,CLEAR,DRY,0,OTHER RAMP RELATED COLLISIONS NOT LISTED ABOVE,REAR END,CURVE & LEVEL,DAYLIGHT,0,0,0,1
30510392,CAMPBELL,KY0009,StateRoute,1220,LICKING,PIKE,,39.07830255,-84.49610513,21.935,8/29/2022 0:00,1144,2,2,0,1,B,CLEAR,DRY,0,OTHER ROADWAY OR MID-BLOCK COLLISION,OPPOSING LEFT TURN,STRAIGHT & LEVEL,DAYLIGHT,0,0,0,1
30528178,CAMPBELL,,OTHR,800,BRIGHTON,ST,,39.08424433,-84.49907651,0.358,8/29/2022 0:00,1700,2,2,0,0,O,CLEAR,DRY,1,1 VEHICLE PARKED POSITION (NOT PARKING LOT/DRIVEWAY),REAR END,STRAIGHT & LEVEL,DAYLIGHT,0,0,0,1
30621251,CAMPBELL,KY0008,StateRoute,,FAIRFIELD,AVE,,39.10575349,-84.48389703,1.821,8/29/2022 0:00,933,1,1,0,0,O,CLEAR,DRY,1,COLLISION WITH FIXED OBJECT IN INTERSECTION - FIRST EVENT COLLISION 09 - 32,SINGLE VEHICLE,STRAIGHT & LEVEL,DAWN,1,0,0,1
30502690,CAMPBELL,US0027,USRoute,,ALEXANDRIA,PIKE,,39.0304485,-84.45148638,16.256,8/29/2022 0:00,1247,2,2,0,0,O,CLEAR,DRY,0,OTHER INTERSECTION COLLISIONS,REAR END,STRAIGHT & LEVEL,DAYLIGHT,1,0,0,1
30494924,CAMPBELL,,OTHR,,12TH,ST,W,39.08381971,-84.488545,0.001,8/29/2022 0:00,1524,2,2,0,0,O,CLEAR,DRY,0,SIDESWIPE-SAME DIRECTION,SIDESWIPE-SAME DIRECTION,STRAIGHT & LEVEL,DAYLIGHT,0,0,0,1
30494269,CAMPBELL,,OTHR,,NEWPORT,PLZ,,39.08627389,-84.47726365,0.117,8/29/2022 0:00,1200,2,2,0,0,O,CLEAR,DRY,0,SIDESWIPE-SAME DIRECTION,SIDESWIPE-SAME DIRECTION,STRAIGHT & HILLCREST,DAYLIGHT,0,0,0,1
30507998,CAMPBELL,,OTHR,3750,PARK VIEW,DR,,38.97201814,-84.37375661,0.376,8/29/2022 0:00,713,3,3,0,0,O,CLEAR,DRY,0,COLLISION WITH FIXED OBJECT NON - INTERSECTION - FIRST EVENT COLLISION 09 - 32 EXCLUDING 16,SIDESWIPE-SAME DIRECTION,STRAIGHT & LEVEL,DAYLIGHT,0,0,0,1
30513225,CAMPBELL,,OTHR,,POPLAR RIDGE,RD,,38.97871163,-84.37277366,1.22,8/29/2022 0:00,2036,1,1,0,0,O,RAINING,WET,0,COLLISION WITH ANIMAL NON INTERSECTION,SINGLE VEHICLE,STRAIGHT & GRADE,DARK-HWY NOT LIGHTED,0,0,0,1
30496996,CAMPBELL,,OTHR,277,SERGEANT,AVE,,39.05817919,-84.43986871,0.38,8/29/2022 0:00,1649,1,1,0,0,O,CLOUDY,DRY,0,COLLISION WITH FIXED OBJECT NON - INTERSECTION - FIRST EVENT COLLISION 09 - 32 EXCLUDING 16,SINGLE VEHICLE,STRAIGHT & LEVEL,DAYLIGHT,0,0,0,1
30506056,CAMPBELL,I 0275,Interstate,,I275 E,,,39.03416154,-84.47021558,76.096,8/30/2022 0:00,903,2,2,0,0,O,CLEAR,DRY,0,REAR END IN TRAFFIC LANES BOTH VEHICLES MOVING,REAR END,STRAIGHT & LEVEL,DAYLIGHT,0,0,0,1
30502443,CAMPBELL,,OTHR,,CLOVER RIDGE,AVE,,39.09085766,-84.45696578,0.002,8/30/2022 0:00,2205,2,2,0,0,O,CLEAR,DRY,0,VEHICLE BACKING NON INTERSECTION,BACKING,STRAIGHT & HILLCREST,DARK-HWY LIGHTED/ON,0,0,0,1
30503660,CAMPBELL,I 0471,Interstate,,I471 NB,,,39.05445634,-84.46920652,0.855,8/31/2022 0:00,754,2,2,0,1,B,CLEAR,DRY,1,OTHER ROADWAY OR MID-BLOCK COLLISION,REAR END,CURVE & LEVEL,DAYLIGHT,0,0,0,1
30527483,CAMPBELL,KY0010,StateRoute,,MAIN,ST,E,38.96009499,-84.38558253,1.767,8/31/2022 0:00,1108,2,2,0,0,O,CLEAR,DRY,0,OTHER INTERSECTION COLLISIONS,REAR END,STRAIGHT & LEVEL,DAYLIGHT,1,0,0,1
30523392,CAMPBELL,,OTHR,,THORNTON,ST,,39.0806577,-84.49572189,0.083,8/31/2022 0:00,1230,2,2,0,0,O,CLEAR,DRY,0,ANGLE COLLISION - OTHER,ANGLE,STRAIGHT & LEVEL,DAYLIGHT,0,0,0,1
30607498,CAMPBELL,,OTHR,,TOWNE,DR,,39.01811377,-84.48023489,,8/31/2022 0:00,1323,2,2,0,0,O,CLEAR,DRY,0,1 VEHICLE ENTERING/LEAVING ENTRANCE,ANGLE,CURVE & GRADE,DAYLIGHT,0,0,0,1
30504506,CAMPBELL,,OTHR,800,PUTNAM,ST,,39.0878602,-84.49321852,0.112,8/31/2022 0:00,1510,2,2,0,0,O,CLEAR,DRY,0,VEHICLE BACKING NON INTERSECTION,BACKING,STRAIGHT & LEVEL,DAYLIGHT,0,0,0,1
30527066,CAMPBELL,,OTHR,193,CLOVER RIDGE,AVE,,39.0933388,-84.4572738,0.178,8/31/2022 0:00,1255,2,2,0,0,O,CLEAR,DRY,0,1 VEHICLE PARKED POSITION (NOT PARKING LOT/DRIVEWAY),SIDESWIPE-SAME DIRECTION,CURVE & GRADE,DAYLIGHT,0,0,0,1
30527062,CAMPBELL,I 0471,Interstate,,I471 N,,,39.07645949,-84.46867835,2.59,8/31/2022 0:00,828,2,2,0,0,O,CLEAR,DRY,0,REAR END IN TRAFFIC LANES BOTH VEHICLES MOVING,REAR END,STRAIGHT & LEVEL,DAYLIGHT,0,0,0,1
30510388,CAMPBELL,KY1120,StateRoute,,11TH,ST,W,39.07985798,-84.49923777,0.031,9/1/2022 0:00,1353,2,2,0,0,O,CLOUDY,DRY,0,REAR END IN TRAFFIC LANES BOTH VEHICLES MOVING,REAR END,STRAIGHT & GRADE,DAYLIGHT,0,0,0,1
30510394,CAMPBELL,I 0471,Interstate,4,I471 N,,,39.08876641,-84.47490323,3.514,9/1/2022 0:00,800,2,2,0,0,O,CLEAR,DRY,0,REAR END IN TRAFFIC LANES BOTH VEHICLES MOVING,REAR END,STRAIGHT & LEVEL,DAYLIGHT,0,0,0,1
30527073,CAMPBELL,,OTHR,64,EDWARDS,CT,,39.07722596,-84.45799509,0.146,9/1/2022 0:00,1450,2,2,0,0,O,CLEAR,DRY,0,1 VEHICLE PARKED POSITION (NOT PARKING LOT/DRIVEWAY),BACKING,STRAIGHT & LEVEL,DAYLIGHT,0,0,0,1
30515653,CAMPBELL,US0027,USRoute,1902,MONMOUTH,ST,,39.07994639,-84.48125903,20.908,9/1/2022 0:00,1830,2,2,0,0,O,CLEAR,DRY,0,SIDESWIPE COLLISION - OPPOSITE DIRECTION,SIDESWIPE-OPPOSITE DIRECTION,STRAIGHT & LEVEL,DAYLIGHT,0,0,0,1
30529201,CAMPBELL,,OTHR,95,RIVIERA,DR,,39.10101957,-84.48790205,0.069,9/1/2022 0:00,1254,4,4,0,1,C,CLEAR,DRY,0,SIDESWIPE COLLISION - OPPOSITE DIRECTION,SIDESWIPE-OPPOSITE DIRECTION,STRAIGHT & LEVEL,DAYLIGHT,0,0,0,1
30513277,CAMPBELL,US0027,USRoute,,YORK,ST,,39.08798293,-84.49222824,21.856,9/1/2022 0:00,1714,2,2,0,0,O,CLOUDY,DRY,1,SIDESWIPE COLLISION - OPPOSITE DIRECTION,SIDESWIPE-OPPOSITE DIRECTION,STRAIGHT & GRADE,DAYLIGHT,0,0,0,1
30527082,CAMPBELL,I 0275,Interstate,,I275 E,,,39.05435999,-84.43665783,73.575,9/1/2022 0:00,923,2,2,0,0,O,CLEAR,DRY,0,HEAD-ON COLLISION,HEAD ON,STRAIGHT & GRADE,DAYLIGHT,0,0,0,1
30527074,CAMPBELL,KY1120,StateRoute,,MEMORIAL,PKWY,,39.08484308,-84.45143841,3.742,9/1/2022 0:00,1457,2,2,0,0,O,CLEAR,DRY,0,SIDESWIPE COLLISION - SAME DIRECTION,SIDESWIPE-SAME DIRECTION,STRAIGHT & HILLCREST,DAYLIGHT,0,0,0,1