IncidentID,County,RdwyNumber,RdwyType,Street,RoadwayName,StreetSfx,StreetDir,Latitude,Longitude,Milepoint,CollisionDate,CollisionTime,UnitsInvolved,MotorVehiclesInvolved,NumberKilled,NumberInjured,KABCO,Weather,RdwyConditionCode,HitandRun,DirAnalysisCode,MannerofCollision,RdwyCharacter,LightCondition,Intersection Crash,Bicyclist,Pedestrian,Motor Vehicles
30527076,CAMPBELL,,OTHR,150,MANOR,LN,,39.07429527,-84.44385714,0.229,9/1/2022 0:00,1800,2,2,0,0,O,CLEAR,DRY,1,1 VEHICLE PARKED POSITION (NOT PARKING LOT/DRIVEWAY),ANGLE,STRAIGHT & LEVEL,DAYLIGHT,0,0,0,1
30512251,CAMPBELL,,OTHR,300,5TH,ST,W,39.0888387,-84.50062836,0.165,9/1/2022 0:00,2302,1,1,0,0,O,CLEAR,DRY,0,COLLISION WITH FIXED OBJECT NON - INTERSECTION - FIRST EVENT COLLISION 09 - 32 EXCLUDING 16,SINGLE VEHICLE,CURVE & LEVEL,DARK-HWY LIGHTED/ON,0,0,0,1
30517848,CAMPBELL,KY0009,StateRoute,,AA,HWY,,39.01441721,-84.47659187,17.072,9/1/2022 0:00,1801,2,2,0,0,O,CLEAR,DRY,0,OTHER ROADWAY OR MID-BLOCK COLLISION,REAR END,STRAIGHT & LEVEL,DAYLIGHT,0,0,0,1
30510385,CAMPBELL,I 0471,Interstate,,I471 N,,,39.10085178,-84.49505914,4.954,9/1/2022 0:00,749,3,3,0,0,O,CLEAR,DRY,0,OTHER ROADWAY OR MID-BLOCK COLLISION,REAR END,STRAIGHT & LEVEL,DAYLIGHT,0,0,0,1
30527370,CAMPBELL,US0027,USRoute,,ALEXANDRIA,PIKE,,38.9412373,-84.39419895,8.909,9/1/2022 0:00,1738,2,2,0,0,O,CLEAR,DRY,0,OTHER ROADWAY OR MID-BLOCK COLLISION,OPPOSING LEFT TURN,STRAIGHT & LEVEL,DAYLIGHT,0,0,0,1
30510391,CAMPBELL,I 0471,Interstate,,,,,39.08541326,-84.47461083,0.215,9/1/2022 0:00,1217,2,2,0,0,O,CLOUDY,DRY,0,OTHER RAMP RELATED COLLISIONS NOT LISTED ABOVE,REAR END,STRAIGHT & GRADE,DAYLIGHT,0,0,0,1
30514255,CAMPBELL,I 0471,Interstate,,,,,39.08540861,-84.47464864,0.217,9/2/2022 0:00,1434,2,2,0,0,O,CLEAR,DRY,0,OTHER RAMP RELATED COLLISIONS NOT LISTED ABOVE,REAR END,CURVE & LEVEL,DAYLIGHT,0,0,0,1
30553471,CAMPBELL,KY0008,StateRoute,119,FAIRFIELD,AVE,,39.10353752,-84.48659902,1.608,9/2/2022 0:00,1159,2,2,0,0,O,CLEAR,DRY,0,OTHER ROADWAY OR MID-BLOCK COLLISION,REAR END,STRAIGHT & GRADE,DAYLIGHT,0,0,0,1
30521421,CAMPBELL,,OTHR,,INTERSTATE 471 SOUTH,,,39.04916123,-84.46450138,,9/2/2022 0:00,1813,1,1,0,2,A,CLEAR,DRY,0,COLLISION WITH ANIMAL NON INTERSECTION,SINGLE VEHICLE,CURVE & GRADE,DAYLIGHT,0,0,0,1
30515650,CAMPBELL,,OTHR,,3RD,ST,W,39.09160526,-84.50056236,0.043,9/2/2022 0:00,2045,2,1,0,1,B,CLEAR,DRY,0,COLLISION WITH PEDESTRIAN NON - INTERSECTION,SINGLE VEHICLE,STRAIGHT & LEVEL,DARK-HWY LIGHTED/ON,0,0,1,0
30513978,CAMPBELL,US0027,USRoute,,MONMOUTH,ST,,39.08635023,-84.48774903,21.485,9/2/2022 0:00,1004,2,2,0,0,O,CLEAR,DRY,1,COLLISION WITH PARKED VEHICLE,SIDESWIPE-SAME DIRECTION,STRAIGHT & LEVEL,DAYLIGHT,0,0,0,1
30556045,CAMPBELL,KY1120,StateRoute,,FT THOMAS,AVE,S,39.07454928,-84.44709716,4.518,9/2/2022 0:00,1738,2,2,0,0,O,CLEAR,DRY,1,COLLISION WITH FIXED OBJECT IN INTERSECTION - FIRST EVENT COLLISION 09 - 32,ANGLE,CURVE & LEVEL,DAYLIGHT,1,0,0,1
30515652,CAMPBELL,,OTHR,,NEWPORT PAVILION,,,39.08641648,-84.47721989,0.597,9/2/2022 0:00,2116,2,2,0,0,O,CLEAR,DRY,0,OTHER INTERSECTION COLLISIONS,REAR END,STRAIGHT & LEVEL,DARK-HWY LIGHTED/ON,1,0,0,1
30516306,CAMPBELL,I 0471,Interstate,,I471 N,,,39.09968425,-84.4928578,4.81,9/2/2022 0:00,1734,2,2,0,1,A,CLEAR,DRY,0,REAR END IN TRAFFIC LANES BOTH VEHICLES MOVING,REAR END,STRAIGHT & LEVEL,DAYLIGHT,0,0,0,1
30573145,CAMPBELL,KY0915,StateRoute,,LICKERT,RD,,38.92107566,-84.39144027,0.042,9/2/2022 0:00,2150,2,2,0,1,C,CLEAR,DRY,0,REAR END IN TRAFFIC LANES BOTH VEHICLES MOVING,REAR END,STRAIGHT & LEVEL,DARK-HWY NOT LIGHTED,0,0,0,1
30516307,CAMPBELL,US0027,USRoute,,MONMOUTH,ST,,39.08938406,-84.49150958,21.778,9/3/2022 0:00,6,2,2,0,0,O,CLEAR,DRY,0,1 VEHICLE ENTERING/LEAVING ENTRANCE,ANGLE,STRAIGHT & LEVEL,DARK-HWY LIGHTED/ON,0,0,0,1
30523394,CAMPBELL,,OTHR,,NEWPORT PAVILION,,,39.08843923,-84.47568693,0.431,9/3/2022 0:00,1151,2,2,0,0,O,CLOUDY,WET,0,1 VEHICLE ENTERING/LEAVING ENTRANCE,ANGLE,STRAIGHT & LEVEL,DAYLIGHT,0,0,0,1
30529009,CAMPBELL,US0027,USRoute,,ALEXANDRIA,PIKE,,38.9819332,-84.39660501,11.798,9/3/2022 0:00,1304,2,2,0,0,O,RAINING,WET,0,REAR END IN TRAFFIC LANES BOTH VEHICLES MOVING,REAR END,STRAIGHT & LEVEL,DAYLIGHT,0,0,0,1
30538915,CAMPBELL,,OTHR,43,16TH,ST,,39.08260994,-84.48544883,0.135,9/3/2022 0:00,1436,2,2,0,0,O,CLEAR,DRY,0,1 VEHICLE PARKED POSITION (NOT PARKING LOT/DRIVEWAY),BACKING,STRAIGHT & GRADE,DAYLIGHT,0,0,0,1
30527089,CAMPBELL,,OTHR,233,HIGHLAND,AVE,,39.07633409,-84.45404512,1.051,9/3/2022 0:00,1105,2,2,0,0,O,CLOUDY,DRY,0,1 VEHICLE PARKED POSITION (NOT PARKING LOT/DRIVEWAY),SIDESWIPE-SAME DIRECTION,STRAIGHT & LEVEL,DAYLIGHT,0,0,0,1
30518067,CAMPBELL,KY0009,StateRoute,,AA,HWY,,39.00668606,-84.45347237,15.675,9/3/2022 0:00,1255,2,2,0,0,O,RAINING,WET,0,REAR END IN TRAFFIC LANES BOTH VEHICLES MOVING,REAR END,STRAIGHT & GRADE,DAYLIGHT,0,0,0,1
30524504,CAMPBELL,KY0008,StateRoute,,MARY INGLES,HWY,,39.04406191,-84.42049737,9.062,9/3/2022 0:00,1726,2,2,0,0,O,RAINING,WET,0,ANGLE COLLISION - OTHER,ANGLE,CURVE & LEVEL,DAYLIGHT,0,0,0,1
30519766,CAMPBELL,KY0010,StateRoute,,FLAGG SPRINGS,PIKE,,38.867225,-84.26609318,13.01,9/3/2022 0:00,1228,1,1,0,0,O,RAINING,WET,0,COLLISION WITH ANIMAL NON INTERSECTION,SINGLE VEHICLE,CURVE & GRADE,DAYLIGHT,0,0,0,1
30556767,CAMPBELL,US0027,USRoute,,ALEXANDRIA,PIKE,,39.02897356,-84.45044859,16.145,9/4/2022 0:00,1208,2,2,0,0,O,CLOUDY,DRY,1,OTHER ROADWAY OR MID-BLOCK COLLISION,REAR END,STRAIGHT & LEVEL,DAYLIGHT,0,0,0,1
30532795,CAMPBELL,KY0154,StateRoute,,PEACH GROVE,RD,,38.83610127,-84.340148,2.901,9/4/2022 0:00,545,1,1,0,0,O,CLOUDY,WET,0,COLLISION WITH FIXED OBJECT NON - INTERSECTION - FIRST EVENT COLLISION 09 - 32 EXCLUDING 16,SINGLE VEHICLE,CURVE & LEVEL,DAYLIGHT,0,0,0,1
30522390,CAMPBELL,I 0471,Interstate,,I471 NB,,,39.07496517,-84.46690787,2.447,9/4/2022 0:00,850,1,1,0,0,O,CLOUDY,DRY,0,COLLISION WITH FIXED OBJECT NON - INTERSECTION - FIRST EVENT COLLISION 09 - 32 EXCLUDING 16,SINGLE VEHICLE,CURVE & LEVEL,DAYLIGHT,0,0,0,1
30525279,CAMPBELL,,OTHR,1163,WATERWORKS,RD,,39.09420934,-84.46875952,0.456,9/4/2022 0:00,2200,2,2,0,0,O,RAINING,WET,1,1 VEHICLE PARKED POSITION (NOT PARKING LOT/DRIVEWAY),SIDESWIPE-SAME DIRECTION,STRAIGHT & LEVEL,UNKNOWN,0,0,0,1
30522391,CAMPBELL,US0027,USRoute,,ALEXANDRIA,PIKE,,39.06746257,-84.46585186,19.666,9/4/2022 0:00,1742,2,2,0,0,O,CLEAR,DRY,0,ANGLE COLLISION - ONE VEHICLE TURNING LEFT,ANGLE,STRAIGHT & LEVEL,DAYLIGHT,0,0,0,1
30521550,CAMPBELL,,OTHR,,ANN,ST,,39.08597907,-84.49355924,0.232,9/4/2022 0:00,2251,2,2,0,0,O,CLOUDY,DRY,0,1 VEHICLE PARKED POSITION (NOT PARKING LOT/DRIVEWAY),SIDESWIPE-SAME DIRECTION,STRAIGHT & LEVEL,DARK-HWY LIGHTED/OFF,0,0,0,1
30525139,CAMPBELL,US0027,USRoute,,ALEXANDRIA,PIKE,,39.03971212,-84.44922754,17.04,9/4/2022 0:00,1607,2,2,0,0,O,CLEAR,DRY,0,REAR END IN TRAFFIC LANES BOTH VEHICLES MOVING,REAR END,STRAIGHT & LEVEL,DAYLIGHT,0,0,0,1
30528215,CAMPBELL,I 0471,Interstate,,I471 N,,,39.1006014,-84.49466168,4.927,9/4/2022 0:00,2227,2,2,0,0,O,CLEAR,DRY,0,REAR END IN TRAFFIC LANES BOTH VEHICLES MOVING,REAR END,STRAIGHT & LEVEL,DARK-HWY LIGHTED/ON,0,0,0,1
30521357,CAMPBELL,US0027,USRoute,,YORK,ST,,39.08622267,-84.49071612,21.704,9/4/2022 0:00,1949,2,2,0,0,O,CLEAR,DRY,0,1 VEHICLE ENTERING/LEAVING ENTRANCE,ANGLE,STRAIGHT & LEVEL,DUSK,0,0,0,1
30552021,CAMPBELL,,OTHR,900,ISABELLA,ST,,39.08500685,-84.49571551,0.296,9/4/2022 0:00,2207,2,1,0,0,O,CLOUDY,DRY,0,VEHICLE BACKING NON INTERSECTION,BACKING,STRAIGHT & GRADE,DARK-HWY LIGHTED/ON,0,0,0,1
30525138,CAMPBELL,I 0275,Interstate,,I275 E,,,39.0372132,-84.47012565,75.877,9/4/2022 0:00,1457,2,2,0,0,O,CLEAR,DRY,0,SIDESWIPE COLLISION - SAME DIRECTION,SIDESWIPE-SAME DIRECTION,STRAIGHT & LEVEL,DAYLIGHT,0,0,0,1
30525137,CAMPBELL,I 0275,Interstate,,I275 E,,,39.03449857,-84.4703357,76.046,9/5/2022 0:00,1321,2,2,0,0,O,CLOUDY,DRY,1,REAR END IN TRAFFIC LANES BOTH VEHICLES MOVING,REAR END,STRAIGHT & GRADE,DAYLIGHT,0,0,0,1
30524250,CAMPBELL,US0027,USRoute,10,11TH,ST,E,39.08522218,-84.48910541,21.57,9/5/2022 0:00,1523,2,2,0,0,O,CLEAR,DRY,0,REAR END IN TRAFFIC LANES BOTH VEHICLES MOVING,REAR END,STRAIGHT & LEVEL,DAYLIGHT,0,0,0,1
30529199,CAMPBELL,,OTHR,200,LAFAYETTE,AVE,,39.10458222,-84.48488401,0.122,9/5/2022 0:00,0,2,2,0,0,O,CLOUDY,DRY,1,1 VEHICLE PARKED POSITION (NOT PARKING LOT/DRIVEWAY),SIDESWIPE-SAME DIRECTION,STRAIGHT & GRADE,DARK-HWY LIGHTED/ON,0,0,0,1
30532791,CAMPBELL,,OTHR,,CLAY RIDGE,RD,,38.84378623,-84.41127846,1.848,9/5/2022 0:00,2037,1,1,0,0,O,CLEAR,DRY,0,COLLISION WITH ANIMAL NON INTERSECTION,SINGLE VEHICLE,STRAIGHT & LEVEL,DARK-HWY NOT LIGHTED,0,0,0,1
30536731,CAMPBELL,I 0471,Interstate,,I471 S,,,39.06454177,-84.46700357,1.601,9/6/2022 0:00,1226,2,2,0,0,O,RAINING,WET,0,OTHER ROADWAY OR MID-BLOCK COLLISION,REAR END,STRAIGHT & LEVEL,DAYLIGHT,0,0,0,1
30535961,CAMPBELL,,OTHR,1301,KMART SHOPPING CENTER,,,39.08513428,-84.48387516,0.224,9/6/2022 0:00,1752,2,2,0,0,O,CLEAR,DRY,0,OTHER ROADWAY OR MID-BLOCK COLLISION,REAR TO REAR,STRAIGHT & LEVEL,DAYLIGHT,0,0,0,1
30528382,CAMPBELL,I 0471,Interstate,,I471 S,,,39.09933232,-84.49259288,4.769,9/6/2022 0:00,655,1,1,0,0,O,CLOUDY,WET,0,OTHER ROADWAY OR MID-BLOCK COLLISION,SINGLE VEHICLE,STRAIGHT & LEVEL,DAYLIGHT,0,0,0,1
30531797,CAMPBELL,I 0471,Interstate,,I471 SB,,,39.05594229,-84.46961905,0.932,9/6/2022 0:00,1158,1,1,0,0,O,RAINING,FLOODED,0,COLLISION WITH FIXED OBJECT NON - INTERSECTION - FIRST EVENT COLLISION 09 - 32 EXCLUDING 16,SINGLE VEHICLE,CURVE & LEVEL,DAYLIGHT,0,0,0,1
30531800,CAMPBELL,US0027,USRoute,25,ALEXANDRIA,PIKE,,39.06982881,-84.46884384,19.935,9/6/2022 0:00,1833,1,1,0,0,O,CLOUDY,DRY,0,COLLISION WITH FIXED OBJECT NON - INTERSECTION - FIRST EVENT COLLISION 09 - 32 EXCLUDING 16,SINGLE VEHICLE,STRAIGHT & GRADE,DAYLIGHT,0,0,0,1
30536730,CAMPBELL,,OTHR,121,CLOVER RIDGE,AVE,,39.09481952,-84.45616232,0.296,9/6/2022 0:00,820,2,2,0,0,O,CLOUDY,WET,0,1 VEHICLE PARKED POSITION (NOT PARKING LOT/DRIVEWAY),SIDESWIPE-SAME DIRECTION,STRAIGHT & GRADE,DAYLIGHT,0,0,0,1
30528379,CAMPBELL,I 0471,Interstate,,I471 S,,,39.09225969,-84.47723716,3.803,9/6/2022 0:00,1136,1,1,0,0,O,RAINING,WATER (STANDING OR MOVING),0,COLLISION WITH FIXED OBJECT NON - INTERSECTION - FIRST EVENT COLLISION 09 - 32 EXCLUDING 16,SINGLE VEHICLE,CURVE & LEVEL,DAYLIGHT,0,0,0,1
30538723,CAMPBELL,KY0009,StateRoute,,AA,HWY,,38.87173875,-84.2608083,0.69,9/6/2022 0:00,1315,2,2,0,2,A,CLOUDY,WET,0,ANGLE COLLISION - OTHER,ANGLE,STRAIGHT & LEVEL,DAYLIGHT,0,0,0,1
30529653,CAMPBELL,,OTHR,,3RD,AVE,,39.11620356,-84.46966739,0.433,9/6/2022 0:00,800,2,1,0,0,O,CLOUDY,DRY,0,COLLISION WITH PEDESTRIAN IN INTERSECTION,SINGLE VEHICLE,STRAIGHT & LEVEL,DAYLIGHT,1,0,1,0
30532976,CAMPBELL,KY1120,StateRoute,,10TH,ST,E,39.09266185,-84.48063796,1.373,9/6/2022 0:00,1502,2,2,0,0,O,CLOUDY,DRY,0,SIDESWIPE-SAME DIRECTION,SIDESWIPE-SAME DIRECTION,STRAIGHT & LEVEL,DAYLIGHT,0,0,0,1
30536710,CAMPBELL,I 0471,Interstate,,I471 SB,,,39.05956517,-84.46958925,1.193,9/6/2022 0:00,1208,2,2,0,0,O,RAINING,WATER (STANDING OR MOVING),0,1 VEHICLE ENTERING/LEAVING ENTRANCE,ANGLE,CURVE & LEVEL,DAYLIGHT,0,0,0,1
30553703,CAMPBELL,,OTHR,101,RIVERBOAT,ROW,,39.09364195,-84.50052961,0.889,9/7/2022 0:00,1430,2,2,0,0,O,CLEAR,DRY,0,1 VEHICLE PARKED POSITION (NOT PARKING LOT/DRIVEWAY),BACKING,STRAIGHT & LEVEL,DAYLIGHT,0,0,0,1
30549497,CAMPBELL,,OTHR,100,RIVIERA,DR,,39.09942671,-84.48601252,0.208,9/7/2022 0:00,1535,2,2,0,0,O,CLEAR,DRY,0,REAR END IN TRAFFIC LANES BOTH VEHICLES MOVING,REAR END,STRAIGHT & LEVEL,DAYLIGHT,0,0,0,1
30532793,CAMPBELL,KY0547,StateRoute,,FOUR MILE,RD,,39.01916637,-84.37771868,4.998,9/7/2022 0:00,600,2,2,0,0,O,CLEAR,DRY,0,SIDESWIPE COLLISION - SAME DIRECTION,SIDESWIPE-SAME DIRECTION,STRAIGHT & LEVEL,DARK (UNKNOWN ROADWAY LIGHTING),0,0,0,1
30532789,CAMPBELL,KY0536,StateRoute,,CREEKTRACE,RD,,38.92636029,-84.43552853,0.852,9/7/2022 0:00,645,1,1,0,0,O,CLEAR,DRY,0,COLLISION WITH ANIMAL NON INTERSECTION,SINGLE VEHICLE,CURVE & LEVEL,DAWN,0,0,0,1
30633900,CAMPBELL,I 0275,Interstate,,I275 E,,,39.05582418,-84.43331861,73.369,9/7/2022 0:00,1907,1,1,0,0,O,CLEAR,DRY,0,OTHER ROADWAY OR MID-BLOCK COLLISION,SINGLE VEHICLE,STRAIGHT & LEVEL,DAYLIGHT,0,0,0,1
30538851,CAMPBELL,I 0471,Interstate,,,,,39.08503508,-84.47443071,0.206,9/8/2022 0:00,1550,2,2,0,0,O,CLEAR,DRY,0,OTHER RAMP RELATED COLLISIONS NOT LISTED ABOVE,REAR END,CURVE & LEVEL,DAYLIGHT,0,0,0,1
30545749,CAMPBELL,KY0009,StateRoute,,AA,HWY,,39.01811421,-84.48015081,17.389,9/8/2022 0:00,1837,2,2,0,0,O,CLEAR,DRY,0,SIDESWIPE-SAME DIRECTION,SIDESWIPE-SAME DIRECTION,STRAIGHT & LEVEL,DAYLIGHT,0,0,0,1
30543093,CAMPBELL,I 0471,Interstate,,CAROTHERS,,,39.08529318,-84.47425174,0.202,9/8/2022 0:00,1311,2,2,0,0,O,CLEAR,DRY,0,REAR END - ONE VEHICLE TURNING RIGHT,REAR END,CURVE & LEVEL,DAYLIGHT,0,0,0,1
30540531,CAMPBELL,,OTHR,,8TH,ST,E,39.09068227,-84.48913469,0.249,9/8/2022 0:00,2115,2,2,0,0,O,CLEAR,DRY,0,SIDESWIPE COLLISION - SAME DIRECTION,SIDESWIPE-SAME DIRECTION,STRAIGHT & LEVEL,DARK-HWY LIGHTED/ON,0,0,0,1
30540663,CAMPBELL,I 0275,Interstate,,I275 W,,,39.02282964,-84.48572054,77.372,9/8/2022 0:00,1725,2,2,0,0,O,CLEAR,DRY,0,SIDESWIPE COLLISION - SAME DIRECTION,SIDESWIPE-SAME DIRECTION,STRAIGHT & LEVEL,DAYLIGHT,0,0,0,1
30538919,CAMPBELL,I 0471,Interstate,,I471 N,,,39.10032617,-84.49388066,,9/8/2022 0:00,1604,2,2,0,0,O,CLEAR,DRY,0,REAR END IN TRAFFIC LANES BOTH VEHICLES MOVING,REAR END,STRAIGHT & LEVEL,DAYLIGHT,0,0,0,1
30543929,CAMPBELL,US0027,USRoute,,ALEXANDRIA,PIKE,,39.00312816,-84.42317561,13.831,9/8/2022 0:00,1707,2,2,0,1,B,CLEAR,DRY,0,REAR END IN TRAFFIC LANES BOTH VEHICLES MOVING,REAR END,STRAIGHT & LEVEL,DAYLIGHT,0,0,0,1
30548352,CAMPBELL,,OTHR,23,SPRINGHOUSE,DR,,39.01957609,-84.44211936,0.152,9/9/2022 0:00,1850,2,2,0,0,O,CLEAR,DRY,0,1 VEHICLE PARKED POSITION (NOT PARKING LOT/DRIVEWAY),BACKING,STRAIGHT & LEVEL,DAYLIGHT,0,0,0,1
30551445,CAMPBELL,,OTHR,271,SERGEANT,AVE,,39.05820838,-84.44016545,0.385,9/9/2022 0:00,2220,2,2,0,0,O,CLEAR,DRY,1,1 VEHICLE PARKED POSITION (NOT PARKING LOT/DRIVEWAY),BACKING,STRAIGHT & LEVEL,DARK-HWY NOT LIGHTED,0,0,0,1
30556042,CAMPBELL,I 0471,Interstate,,I471 S,,,39.06173999,-84.46894116,1.359,9/9/2022 0:00,1601,1,1,0,0,O,CLEAR,DRY,0,COLLISION WITH FIXED OBJECT NON - INTERSECTION - FIRST EVENT COLLISION 09 - 32 EXCLUDING 16,SINGLE VEHICLE,STRAIGHT & LEVEL,DAYLIGHT,0,0,0,1
30544264,CAMPBELL,I 0471,Interstate,,I 471 NB RAMP TO GRAND,,,39.08185254,-84.47077715,0.135,9/9/2022 0:00,1735,1,1,0,0,O,CLEAR,DRY,0,COLLISION WITH FIXED OBJECT NOT IN GORE ,SINGLE VEHICLE,CURVE & LEVEL,DAYLIGHT,0,0,0,1
30545750,CAMPBELL,I 0275,Interstate,,I275 W,,,39.02606912,-84.47651145,76.818,9/9/2022 0:00,1833,1,1,0,0,O,CLEAR,DRY,0,OTHER ROADWAY OR MID-BLOCK COLLISION,SINGLE VEHICLE,STRAIGHT & GRADE,DAYLIGHT,0,0,0,1
30816583,CAMPBELL,US0027,USRoute,,ALEXANDRIA,PIKE,,39.0021047,-84.42177164,13.731,9/10/2022 0:00,1238,2,2,0,0,O,CLEAR,DRY,0,OTHER ROADWAY OR MID-BLOCK COLLISION,REAR END,STRAIGHT & LEVEL,DAYLIGHT,0,0,0,1
30545121,CAMPBELL,,OTHR,926,PATTERSON,ST,,39.08418995,-84.49694485,0.29,9/10/2022 0:00,21,2,2,0,0,O,CLEAR,DRY,1,1 VEHICLE PARKED POSITION (NOT PARKING LOT/DRIVEWAY),SIDESWIPE-OPPOSITE DIRECTION,STRAIGHT & LEVEL,DARK-HWY LIGHTED/ON,0,0,0,1
30556533,CAMPBELL,KY0009,StateRoute,,AA,HWY,,39.02120727,-84.48122619,17.623,9/10/2022 0:00,2209,2,2,0,0,O,CLEAR,DRY,0,REAR END IN TRAFFIC LANES BOTH VEHICLES MOVING,REAR END,STRAIGHT & LEVEL,DARK-HWY LIGHTED/ON,0,0,0,1
30564861,CAMPBELL,I 0275,Interstate,,I275 E,,,39.05002847,-84.446433,74.18,9/10/2022 0:00,2106,2,2,0,0,O,CLOUDY,DRY,0,SIDESWIPE COLLISION - SAME DIRECTION,SIDESWIPE-SAME DIRECTION,CURVE & GRADE,DARK-HWY LIGHTED/OFF,0,0,0,1
30546001,CAMPBELL,US0027,USRoute,,MONMOUTH,ST,,39.08023029,-84.48146311,20.929,9/10/2022 0:00,740,2,2,0,0,O,CLEAR,DRY,0,SIDESWIPE-SAME DIRECTION,SIDESWIPE-SAME DIRECTION,STRAIGHT & LEVEL,DAYLIGHT,0,0,0,1
30559625,CAMPBELL,KY0536,StateRoute,,CREEKTRACE,RD,,38.92601397,-84.43680948,0.779,9/10/2022 0:00,1810,2,2,0,1,B,CLEAR,DRY,0,OTHER INTERSECTION COLLISIONS,REAR END,STRAIGHT & LEVEL,DAYLIGHT,1,0,0,1
30582453,CAMPBELL,,OTHR,1107,FT THOMAS,AVE,N,39.09096613,-84.44758473,0.541,9/11/2022 0:00,1222,2,1,0,0,O,CLEAR,DRY,1,1 VEHICLE PARKED POSITION (NOT PARKING LOT/DRIVEWAY),SIDESWIPE-SAME DIRECTION,STRAIGHT & LEVEL,DAYLIGHT,0,0,0,1
30556048,CAMPBELL,,OTHR,,GARRISON,AVE,,39.063546,-84.44737282,0.02,9/11/2022 0:00,1242,2,2,0,0,O,CLEAR,DRY,1,1 VEHICLE PARKED POSITION (NOT PARKING LOT/DRIVEWAY),SIDESWIPE-SAME DIRECTION,STRAIGHT & GRADE,DAYLIGHT,0,0,0,1
30550405,CAMPBELL,US0027,USRoute,,MONMOUTH,ST,,39.09317971,-84.4949887,22.078,9/11/2022 0:00,2012,2,2,0,0,O,CLEAR,DRY,1,1 VEHICLE PARKED POSITION (NOT PARKING LOT/DRIVEWAY),SIDESWIPE-SAME DIRECTION,STRAIGHT & LEVEL,DAYLIGHT,0,0,0,1
30568546,CAMPBELL,KY1120,StateRoute,,10TH,ST,E,39.08656201,-84.49005328,0.71,9/12/2022 0:00,1321,2,2,0,0,O,CLEAR,DRY,1,VEHICLE BACKING NON INTERSECTION,BACKING,STRAIGHT & LEVEL,DAYLIGHT,0,0,0,1
30568547,CAMPBELL,KY1120,StateRoute,101,10TH,ST,E,39.08727493,-84.48872856,0.796,9/12/2022 0:00,949,2,2,0,0,O,CLEAR,DRY,0,VEHICLE BACKING NON INTERSECTION,BACKING,STRAIGHT & LEVEL,DAYLIGHT,0,0,0,1
30572892,CAMPBELL,,OTHR,,3RD,ST,W,39.09160859,-84.50049873,0.046,9/12/2022 0:00,1530,2,2,0,0,O,CLEAR,DRY,0,1 VEHICLE ENTERING/LEAVING ENTRANCE,ANGLE,STRAIGHT & LEVEL,DAYLIGHT,0,0,0,1
30557556,CAMPBELL,,OTHR,20,KENTON,DR,,39.03044936,-84.46700925,0.175,9/12/2022 0:00,1328,1,1,0,0,O,CLEAR,DRY,0,COLLISION WITH FIXED OBJECT NON - INTERSECTION - FIRST EVENT COLLISION 09 - 32 EXCLUDING 16,SINGLE VEHICLE,CURVE & LEVEL,DAYLIGHT,0,0,0,1
30564890,CAMPBELL,KY0536,StateRoute,,CREEKTRACE,RD,,38.93917687,-84.40647417,2.782,9/12/2022 0:00,950,1,1,0,0,O,CLEAR,DRY,0,COLLISION WITH ANIMAL NON INTERSECTION,SINGLE VEHICLE,STRAIGHT & LEVEL,DAYLIGHT,0,0,0,1
30558595,CAMPBELL,KY1892,StateRoute,82,CAROTHERS,RD,,39.08410167,-84.48338224,2.536,9/13/2022 0:00,1429,2,2,0,0,O,CLEAR,DRY,0,OTHER ROADWAY OR MID-BLOCK COLLISION,REAR END,STRAIGHT & LEVEL,DAYLIGHT,0,0,0,1
30562274,CAMPBELL,,OTHR,261,RIDGEPOINTE,DR,,39.00410541,-84.45135152,0.443,9/13/2022 0:00,630,2,2,0,0,O,CLEAR,DRY,1,1 VEHICLE PARKED POSITION (NOT PARKING LOT/DRIVEWAY),BACKING,CURVE & LEVEL,DARK-HWY NOT LIGHTED,0,0,0,1
30559652,CAMPBELL,,OTHR,1116,ANN,ST,,39.08319884,-84.49110993,0.466,9/13/2022 0:00,1816,2,2,0,0,O,CLEAR,DRY,0,1 VEHICLE PARKED POSITION (NOT PARKING LOT/DRIVEWAY),SIDESWIPE-SAME DIRECTION,STRAIGHT & LEVEL,DAYLIGHT,0,0,0,1
30562273,CAMPBELL,KY2925,StateRoute,5694,ALEXANDRIA,PIKE,E,39.01673814,-84.42507163,1.893,9/13/2022 0:00,956,1,1,0,0,O,CLEAR,DRY,0,RAN OFF ROADWAY (1 VEHICLE WITH/EARTH EMBANKMENT/DITCH),SINGLE VEHICLE,CURVE & GRADE,DAYLIGHT,0,0,0,1
30564884,CAMPBELL,US0027,USRoute,,ALEXANDRIA,PIKE,,38.91320614,-84.38695845,6.93,9/13/2022 0:00,1420,2,2,0,0,O,CLEAR,DRY,0,ANGLE COLLISION - OTHER,ANGLE,STRAIGHT & LEVEL,DAYLIGHT,0,0,0,1
30566329,CAMPBELL,KY1120,StateRoute,2000,MEMORIAL,PKWY,,39.09154846,-84.45484732,2.994,9/13/2022 0:00,1802,2,2,0,0,O,CLOUDY,DRY,1,1 VEHICLE PARKED POSITION (NOT PARKING LOT/DRIVEWAY),BACKING,STRAIGHT & LEVEL,DAYLIGHT,0,0,0,1