IncidentID,County,RdwyNumber,RdwyType,Street,RoadwayName,StreetSfx,StreetDir,Latitude,Longitude,Milepoint,CollisionDate,CollisionTime,UnitsInvolved,MotorVehiclesInvolved,NumberKilled,NumberInjured,KABCO,Weather,RdwyConditionCode,HitandRun,DirAnalysisCode,MannerofCollision,RdwyCharacter,LightCondition,Intersection Crash,Bicyclist,Pedestrian,Motor Vehicles
30566330,CAMPBELL,,OTHR,,HIGHLAND,AVE,,39.07730147,-84.45151229,1.202,9/13/2022 0:00,2147,2,2,0,0,O,CLEAR,DRY,1,1 VEHICLE PARKED POSITION (NOT PARKING LOT/DRIVEWAY),SIDESWIPE-SAME DIRECTION,STRAIGHT & LEVEL,DARK-HWY LIGHTED/ON,0,0,0,1
30558364,CAMPBELL,I 0275,Interstate,,I275 W,,,39.03018568,-84.47112926,76.423,9/13/2022 0:00,1617,2,2,0,0,O,CLEAR,DRY,1,REAR END IN TRAFFIC LANES BOTH VEHICLES MOVING,REAR END,CURVE & GRADE,DAYLIGHT,0,0,0,1
30558489,CAMPBELL,I 0471,Interstate,,I471 N,,,39.08186491,-84.47136887,2.998,9/13/2022 0:00,832,2,2,0,0,O,CLEAR,DRY,0,SIDESWIPE COLLISION - SAME DIRECTION,SIDESWIPE-SAME DIRECTION,STRAIGHT & LEVEL,DAYLIGHT,0,0,0,1
30565398,CAMPBELL,,OTHR,672,BOONE SMITH,RD,,38.85931919,-84.41180408,0.44,9/13/2022 0:00,1330,2,2,0,0,O,CLOUDY,DRY,0,SIDESWIPE COLLISION - OPPOSITE DIRECTION,SIDESWIPE-OPPOSITE DIRECTION,STRAIGHT & LEVEL,DAYLIGHT,0,0,0,1
30556535,CAMPBELL,,OTHR,,CENTER,ST,,39.05649079,-84.48688823,0.008,9/13/2022 0:00,815,2,2,0,0,O,CLOUDY,DRY,0,VEHICLE BACKING NON INTERSECTION,BACKING,STRAIGHT & LEVEL,DAYLIGHT,0,0,0,1
30565580,CAMPBELL,,OTHR,,3RD,ST,E,39.09688165,-84.4913566,0.084,9/14/2022 0:00,2129,2,2,0,0,O,CLEAR,DRY,0,HEAD-ON COLLISION,HEAD ON,STRAIGHT & LEVEL,DARK-HWY LIGHTED/ON,0,0,0,1
30563361,CAMPBELL,I 0471,Interstate,,I471 N,,,39.09892108,-84.4913321,4.712,9/14/2022 0:00,745,2,2,0,0,O,CLEAR,DRY,0,REAR END IN TRAFFIC LANES BOTH VEHICLES MOVING,REAR END,STRAIGHT & LEVEL,DAYLIGHT,0,0,0,1
30565631,CAMPBELL,I 0471,Interstate,,I471 N,,,39.09488114,-84.48048408,4.047,9/14/2022 0:00,1844,3,3,0,0,O,CLEAR,DRY,0,REAR END IN TRAFFIC LANES BOTH VEHICLES MOVING,REAR END,STRAIGHT & LEVEL,DAYLIGHT,0,0,0,1
30565397,CAMPBELL,I 0275,Interstate,,I275 E,,,39.05670097,-84.43104678,,9/14/2022 0:00,1701,4,4,0,1,C,CLEAR,DRY,0,REAR END IN TRAFFIC LANES BOTH VEHICLES MOVING,REAR END,STRAIGHT & LEVEL,DAYLIGHT,0,0,0,1
30566331,CAMPBELL,,OTHR,1015,HIGHLAND,AVE,,39.07261132,-84.46694813,0.195,9/14/2022 0:00,2117,2,2,0,0,O,CLEAR,DRY,0,1 VEHICLE PARKED POSITION (NOT PARKING LOT/DRIVEWAY),SIDESWIPE-SAME DIRECTION,STRAIGHT & LEVEL,DARK-HWY NOT LIGHTED,0,0,0,1
30586498,CAMPBELL,KY1892,StateRoute,,GRAND,AVE,N,39.07567844,-84.46251423,1.021,9/14/2022 0:00,1600,2,2,0,0,O,CLEAR,FLOODED,0,OTHER INTERSECTION COLLISIONS,REAR END,STRAIGHT & LEVEL,DAYLIGHT,1,0,0,1
30560349,CAMPBELL,KY1120,StateRoute,,11TH,ST,W,39.0820385,-84.4949423,0.31,9/14/2022 0:00,237,2,2,0,0,O,CLEAR,DRY,1,OTHER INTERSECTION COLLISIONS,REAR END,STRAIGHT & LEVEL,DARK-HWY LIGHTED/ON,1,0,0,1
30566328,CAMPBELL,,OTHR,75,CRESCENT,AVE,S,39.0684622,-84.4493056,0.06,9/14/2022 0:00,700,2,2,0,0,O,CLEAR,DRY,0,1 VEHICLE PARKED POSITION (NOT PARKING LOT/DRIVEWAY),BACKING,CURVE & LEVEL,DAWN,0,0,0,1
30581519,CAMPBELL,US0027,USRoute,,,,,39.00063934,-84.42062864,0.02,9/14/2022 0:00,1733,2,2,0,0,O,CLEAR,DRY,0,OTHER RAMP RELATED COLLISIONS NOT LISTED ABOVE,REAR END,STRAIGHT & LEVEL,DAYLIGHT,0,0,0,1
30563363,CAMPBELL,I 0471,Interstate,3.5,I471 N,,,39.08809801,-84.47449505,3.463,9/14/2022 0:00,800,2,2,0,0,O,CLEAR,DRY,0,OTHER ROADWAY OR MID-BLOCK COLLISION,REAR END,STRAIGHT & LEVEL,DAYLIGHT,0,0,0,1
30571138,CAMPBELL,US0027,USRoute,25,ALEXANDRIA,PIKE,,39.06947727,-84.4683485,19.875,9/14/2022 0:00,1634,2,2,0,0,O,CLEAR,DRY,0,OTHER ROADWAY OR MID-BLOCK COLLISION,REAR END,STRAIGHT & HILLCREST,DAYLIGHT,0,0,0,1
30583483,CAMPBELL,I 0471,Interstate,,I471 S,,,39.09964411,-84.49329032,4.828,9/14/2022 0:00,1724,3,3,0,0,O,CLEAR,DRY,0,OTHER ROADWAY OR MID-BLOCK COLLISION,REAR TO REAR,STRAIGHT & LEVEL,DAYLIGHT,0,0,0,1
30568543,CAMPBELL,,OTHR,1014,ANN,ST,,39.08466994,-84.49237347,0.343,9/15/2022 0:00,1008,2,2,0,0,O,CLEAR,DRY,0,1 VEHICLE PARKED POSITION (NOT PARKING LOT/DRIVEWAY),BACKING,STRAIGHT & LEVEL,DAYLIGHT,0,0,0,1
30572417,CAMPBELL,KY0536,StateRoute,,CREEKTRACE,RD,,38.9403381,-84.39474386,3.41,9/15/2022 0:00,2004,2,2,0,0,O,CLEAR,DRY,0,OTHER INTERSECTION COLLISIONS,REAR END,STRAIGHT & LEVEL,DARK-HWY NOT LIGHTED,1,0,0,1
30593286,CAMPBELL,KY1892,StateRoute,,CAROTHERS,RD,,39.08641989,-84.47738971,2.161,9/15/2022 0:00,1728,2,2,0,0,O,CLEAR,DRY,1,OTHER INTERSECTION COLLISIONS,REAR END,STRAIGHT & LEVEL,DAYLIGHT,1,0,0,1
30581556,CAMPBELL,KY2238,StateRoute,,LOUIE B NUNN,DR,,39.03326401,-84.45984389,0.324,9/15/2022 0:00,1905,1,1,0,0,O,CLEAR,DRY,0,COLLISION WITH FIXED OBJECT IN INTERSECTION - FIRST EVENT COLLISION 09 - 32,SINGLE VEHICLE,CURVE & LEVEL,DAYLIGHT,1,0,0,1
30573146,CAMPBELL,KY0009,StateRoute,,AA,HWY,,38.90124461,-84.27794053,,9/15/2022 0:00,945,1,1,0,0,O,CLEAR,DRY,0,OTHER COLLISIONS ON SHOULDER,SINGLE VEHICLE,STRAIGHT & GRADE,DAYLIGHT,0,0,0,1
30571288,CAMPBELL,,OTHR,2418,FT THOMAS,AVE,N,39.10702147,-84.45821715,2.076,9/15/2022 0:00,1439,2,2,0,0,O,CLEAR,DRY,0,SIDESWIPE COLLISION - OPPOSITE DIRECTION,SIDESWIPE-OPPOSITE DIRECTION,STRAIGHT & LEVEL,DAYLIGHT,0,0,0,1
30574750,CAMPBELL,I 0275,Interstate,,I275 W,,,39.02549494,-84.47751366,76.887,9/16/2022 0:00,1728,2,2,0,0,O,CLEAR,DRY,0,REAR END IN TRAFFIC LANES BOTH VEHICLES MOVING,REAR END,STRAIGHT & GRADE,DAYLIGHT,0,0,0,1
30575940,CAMPBELL,KY0009,StateRoute,,AA,HWY,,39.01560239,-84.47740914,17.163,9/16/2022 0:00,1453,2,2,0,0,O,CLEAR,DRY,0,REAR END IN TRAFFIC LANES BOTH VEHICLES MOVING,REAR END,STRAIGHT & LEVEL,DAYLIGHT,0,0,0,1
30581522,CAMPBELL,US0027,USRoute,,ALEXANDRIA,PIKE,,39.02899756,-84.45050366,16.148,9/16/2022 0:00,1938,2,2,0,0,O,CLEAR,DRY,1,REAR END IN TRAFFIC LANES BOTH VEHICLES MOVING,REAR END,STRAIGHT & LEVEL,DAYLIGHT,0,0,0,1
30580599,CAMPBELL,KY0008,StateRoute,,FAIRFIELD,AVE,,39.1057726,-84.48389196,1.822,9/16/2022 0:00,2040,2,2,0,1,C,CLEAR,DRY,0,OPPOSING LEFT TURN,OPPOSING LEFT TURN,STRAIGHT & LEVEL,DARK-HWY LIGHTED/ON,0,0,0,1
30581517,CAMPBELL,US0027,USRoute,4411,ALEXANDRIA,PIKE,,39.01698026,-84.43447984,,9/16/2022 0:00,2351,1,1,0,0,O,CLOUDY,DRY,0,COLLISION WITH FIXED OBJECT NON - INTERSECTION - FIRST EVENT COLLISION 09 - 32 EXCLUDING 16,SINGLE VEHICLE,STRAIGHT & HILLCREST,DARK-HWY LIGHTED/ON,0,0,0,1
30571293,CAMPBELL,,OTHR,,BLOSSOM,LN,,39.05995553,-84.46120846,0.293,9/16/2022 0:00,22,1,1,0,1,A,CLEAR,DRY,0,OTHER ROADWAY OR MID-BLOCK COLLISION,SINGLE VEHICLE,CURVE & GRADE,DARK (UNKNOWN ROADWAY LIGHTING),0,0,0,1
30581516,CAMPBELL,US0027,USRoute,,ALEXANDRIA,PIKE,,39.00326698,-84.42331706,13.839,9/16/2022 0:00,1017,1,1,0,0,O,CLEAR,DRY,0,OTHER ROADWAY OR MID-BLOCK COLLISION,SINGLE VEHICLE,STRAIGHT & HILLCREST,DAYLIGHT,0,0,0,1
30586289,CAMPBELL,US0027,USRoute,,ALEXANDRIA,PIKE,,39.00088112,-84.42041236,13.623,9/17/2022 0:00,1636,1,1,0,1,C,CLEAR,DRY,0,RAN OFF ROADWAY (1 VEHICLE WITH/EARTH EMBANKMENT/DITCH),SINGLE VEHICLE,STRAIGHT & LEVEL,DAYLIGHT,0,0,0,1
30586495,CAMPBELL,,OTHR,470,CHESAPEAKE,AVE,,39.0886894,-84.46939506,0.231,9/17/2022 0:00,2233,1,1,0,0,O,CLEAR,DRY,0,COLLISION WITH FIXED OBJECT NON - INTERSECTION - FIRST EVENT COLLISION 09 - 32 EXCLUDING 16,SINGLE VEHICLE,STRAIGHT & HILLCREST,DARK-HWY NOT LIGHTED,0,0,0,1
30575827,CAMPBELL,US0027,USRoute,2102,MONMOUTH,ST,,39.07832829,-84.47983392,20.771,9/17/2022 0:00,1100,1,1,0,0,O,CLEAR,DRY,0,COLLISION WITH FIXED OBJECT NON - INTERSECTION - FIRST EVENT COLLISION 09 - 32 EXCLUDING 16,SINGLE VEHICLE,CURVE & HILLCREST,DAYLIGHT,0,0,0,1
30577282,CAMPBELL,I 0471,Interstate,,I471 N,,,39.09872595,-84.49088306,4.676,9/17/2022 0:00,2305,1,1,0,1,B,CLEAR,DRY,1,OTHER INTERSECTION COLLISIONS,SINGLE VEHICLE,CURVE & LEVEL,DARK-HWY NOT LIGHTED,1,0,0,1
30584757,CAMPBELL,KY0008,StateRoute,432,6TH,AVE,,39.11205435,-84.47471168,2.476,9/17/2022 0:00,25,2,2,0,0,O,CLEAR,DRY,0,1 VEHICLE PARKED POSITION (NOT PARKING LOT/DRIVEWAY),SIDESWIPE-SAME DIRECTION,STRAIGHT & LEVEL,DARK-HWY LIGHTED/ON,0,0,0,1
30577751,CAMPBELL,US0027,USRoute,2100,MONMOUTH,ST,,39.07819748,-84.47971755,20.76,9/17/2022 0:00,1113,2,2,0,0,O,CLEAR,DRY,0,REAR END IN TRAFFIC LANES BOTH VEHICLES MOVING,REAR END,STRAIGHT & GRADE,DAYLIGHT,0,0,0,1
30608084,CAMPBELL,US0027,USRoute,,ALEXANDRIA,PIKE,,39.02749469,-84.44904603,16.058,9/17/2022 0:00,927,2,2,0,1,C,CLEAR,DRY,0,REAR END IN TRAFFIC LANES BOTH VEHICLES MOVING,REAR END,STRAIGHT & LEVEL,DAYLIGHT,0,0,0,1
30578325,CAMPBELL,,OTHR,37,8TH,ST,W,39.0877653,-84.49450954,0.337,9/18/2022 0:00,1020,2,2,0,0,O,CLEAR,DRY,1,1 VEHICLE PARKED POSITION (NOT PARKING LOT/DRIVEWAY),SIDESWIPE-SAME DIRECTION,STRAIGHT & LEVEL,,0,0,0,1
30581085,CAMPBELL,,OTHR,,MALLARD,DR,,38.92044949,-84.40066369,,9/18/2022 0:00,1500,2,2,0,0,O,CLEAR,DRY,1,1 VEHICLE PARKED POSITION (NOT PARKING LOT/DRIVEWAY),BACKING,CURVE & GRADE,DAYLIGHT,0,0,0,1
30586497,CAMPBELL,,OTHR,144,PARK,PL,,39.08778797,-84.46204752,0.125,9/18/2022 0:00,900,2,2,0,0,O,CLEAR,DRY,1,1 VEHICLE PARKED POSITION (NOT PARKING LOT/DRIVEWAY),BACKING,STRAIGHT & LEVEL,DAYLIGHT,0,0,0,1
30578327,CAMPBELL,I 0471,Interstate,,,,,39.08569531,-84.47580166,0.004,9/18/2022 0:00,1445,1,1,0,0,O,CLEAR,DRY,0,OTHER RAMP RELATED COLLISIONS NOT LISTED ABOVE,SINGLE VEHICLE,STRAIGHT & HILLCREST,DAYLIGHT,0,0,0,1
30586484,CAMPBELL,KY0547,StateRoute,8034,RILEY,RD,,38.96820616,-84.37464115,0.905,9/19/2022 0:00,732,1,1,0,0,O,RAINING,WET,0,RAN OFF ROADWAY (1 VEHICLE WITH/EARTH EMBANKMENT/DITCH),SINGLE VEHICLE,CURVE & HILLCREST,DARK-HWY NOT LIGHTED,0,0,0,1
30591387,CAMPBELL,I 0471,Interstate,,I471 N,,,39.07737787,-84.46931486,2.653,9/20/2022 0:00,1539,1,1,0,0,O,CLOUDY,DRY,0,COLLISION WITH FIXED OBJECT NON - INTERSECTION - FIRST EVENT COLLISION 09 - 32 EXCLUDING 16,SINGLE VEHICLE,STRAIGHT & GRADE,DAYLIGHT,0,0,0,1
30592594,CAMPBELL,KY0009,StateRoute,,AA,HWY,,38.98876252,-84.39513566,12.127,9/20/2022 0:00,1617,2,2,0,0,O,CLEAR,DRY,0,OPPOSING LEFT TURN,OPPOSING LEFT TURN,STRAIGHT & LEVEL,DAYLIGHT,0,0,0,1
30588708,CAMPBELL,KY0008,StateRoute,,DAVE COWENS,DR,,39.1006455,-84.48995818,1.342,9/20/2022 0:00,1450,2,2,0,0,O,CLEAR,DRY,0,OTHER INTERSECTION COLLISIONS,REAR END,STRAIGHT & LEVEL,DAYLIGHT,1,0,0,1
30592595,CAMPBELL,US0027,USRoute,,ALEXANDRIA,PIKE,,38.9688705,-84.39315868,10.829,9/20/2022 0:00,1616,2,2,0,0,O,CLEAR,DRY,0,REAR END IN TRAFFIC LANES BOTH VEHICLES MOVING,REAR END,STRAIGHT & LEVEL,DAYLIGHT,0,0,0,1
30590442,CAMPBELL,,OTHR,918,MONROE,ST,,39.09161403,-84.48650759,0.173,9/20/2022 0:00,1811,2,2,0,0,O,CLEAR,DRY,0,SIDESWIPE COLLISION - SAME DIRECTION,SIDESWIPE-SAME DIRECTION,STRAIGHT & LEVEL,DAYLIGHT,0,0,0,1
30591996,CAMPBELL,,OTHR,100,BEACON,DR,,39.0153879,-84.47964011,0.071,9/20/2022 0:00,815,2,2,0,0,O,FOG,DRY,0,VEHICLE BACKING NON INTERSECTION,BACKING,STRAIGHT & LEVEL,DAYLIGHT,0,0,0,1
30597781,CAMPBELL,,OTHR,100,LOUIE B NUNN,DR,,39.03216708,-84.46305001,0.193,9/21/2022 0:00,800,1,1,0,0,O,CLEAR,DRY,0,OTHER ROADWAY OR MID-BLOCK COLLISION,SINGLE VEHICLE,CURVE & LEVEL,DAYLIGHT,0,0,0,1
30593292,CAMPBELL,I 0471,Interstate,,I471 S,,,39.0956358,-84.48196693,4.149,9/21/2022 0:00,1311,3,3,0,0,O,CLEAR,DRY,0,SIDESWIPE COLLISION - SAME DIRECTION,SIDESWIPE-SAME DIRECTION,STRAIGHT & LEVEL,DAYLIGHT,0,0,0,1
30594409,CAMPBELL,KY1892,StateRoute,,GRAND,AVE,,39.08541933,-84.47468232,1.986,9/21/2022 0:00,1800,2,2,0,0,O,CLEAR,DRY,0,REAR END IN TRAFFIC LANES BOTH VEHICLES MOVING,REAR END,STRAIGHT & LEVEL,DAYLIGHT,0,0,0,1
30604262,CAMPBELL,KY1120,StateRoute,,MEMORIAL,PKWY,,39.0926891,-84.47520791,1.675,9/21/2022 0:00,1952,2,2,0,0,O,RAINING,WET,1,REAR END - ONE VEHICLE TURNING LEFT,REAR END,STRAIGHT & GRADE,DARK-HWY LIGHTED/ON,0,0,0,1
30609319,CAMPBELL,,OTHR,,MAIN,AVE,,39.04543946,-84.45118694,0.236,9/21/2022 0:00,1940,2,2,0,0,O,CLEAR,DRY,0,1 VEHICLE PARKED POSITION (NOT PARKING LOT/DRIVEWAY),SIDESWIPE-SAME DIRECTION,CURVE & LEVEL,DARK-HWY LIGHTED/ON,0,0,0,1
30606011,CAMPBELL,,OTHR,138,NEWPORT PAVILION,,,39.09111019,-84.47756267,0.208,9/21/2022 0:00,1400,1,1,0,0,O,CLEAR,DRY,0,COLLISION WITH FIXED OBJECT NON - INTERSECTION - FIRST EVENT COLLISION 09 - 32 EXCLUDING 16,SINGLE VEHICLE,STRAIGHT & LEVEL,DAYLIGHT,0,0,0,1
30622267,CAMPBELL,US0027,USRoute,,ALEXANDRIA,PIKE,,38.99916712,-84.41864952,13.469,9/22/2022 0:00,1414,2,2,0,0,O,CLEAR,DRY,0,REAR END IN TRAFFIC LANES BOTH VEHICLES MOVING,REAR END,STRAIGHT & LEVEL,DAYLIGHT,0,0,0,1
30602587,CAMPBELL,,OTHR,800,ISABELLA,ST,,39.08579966,-84.49643159,0.363,9/22/2022 0:00,1701,2,2,0,0,O,CLEAR,DRY,0,REAR END IN TRAFFIC LANES BOTH VEHICLES MOVING,REAR END,STRAIGHT & LEVEL,DAYLIGHT,0,0,0,1
30607501,CAMPBELL,,OTHR,,WATCHTOWER,DR,N,39.03723955,-84.47712161,0.054,9/22/2022 0:00,1,2,2,0,0,O,RAINING,WET,1,1 VEHICLE PARKED POSITION (NOT PARKING LOT/DRIVEWAY),BACKING,,DARK-HWY NOT LIGHTED,0,0,0,1
30598467,CAMPBELL,KY0008,StateRoute,,DAVE COWENS,DR,,39.09859258,-84.49214305,1.112,9/22/2022 0:00,1318,2,2,0,0,O,CLEAR,DRY,1,REAR END IN TRAFFIC LANES BOTH VEHICLES MOVING,REAR END,STRAIGHT & LEVEL,DAYLIGHT,0,0,0,1
30598443,CAMPBELL,,OTHR,,NEWPORT PAVILION,,,39.09263241,-84.4805557,0.003,9/22/2022 0:00,1316,2,2,0,0,O,CLEAR,DRY,0,SIDESWIPE COLLISION - SAME DIRECTION,SIDESWIPE-SAME DIRECTION,STRAIGHT & LEVEL,DAYLIGHT,0,0,0,1
30629225,CAMPBELL,KY0471,StateRoute,,KY471,,,39.04217227,-84.45666902,0.369,9/22/2022 0:00,,2,2,0,0,O,CLEAR,DRY,1,SIDESWIPE COLLISION - SAME DIRECTION,SIDESWIPE-SAME DIRECTION,STRAIGHT & GRADE,DAYLIGHT,0,0,0,1
30602338,CAMPBELL,US0027,USRoute,,ALEXANDRIA,PIKE,,38.88999494,-84.38634655,5.276,9/23/2022 0:00,725,1,1,0,0,O,CLEAR,DRY,0,COLLISION WITH ANIMAL IN INTERSECTION,SINGLE VEHICLE,STRAIGHT & LEVEL,DAWN,1,0,0,1
30638047,CAMPBELL,,OTHR,,MALLARD,DR,,38.91941654,-84.39814522,0.134,9/23/2022 0:00,1611,2,2,0,0,O,CLEAR,DRY,0,1 VEHICLE ENTERING/LEAVING ENTRANCE,ANGLE,STRAIGHT & GRADE,DAYLIGHT,0,0,0,1
30604669,CAMPBELL,US0027,USRoute,,3RD,ST,E,39.09409846,-84.4958612,22.193,9/23/2022 0:00,2209,2,2,0,0,O,RAINING,WET,0,REAR END IN TRAFFIC LANES BOTH VEHICLES MOVING,REAR END,STRAIGHT & LEVEL,DARK-HWY LIGHTED/ON,0,0,0,1
30618799,CAMPBELL,I 0471,Interstate,,I471 N,,,39.10022963,-84.4939003,4.878,9/23/2022 0:00,1715,2,2,0,0,O,CLOUDY,DRY,0,REAR END IN TRAFFIC LANES BOTH VEHICLES MOVING,REAR END,STRAIGHT & LEVEL,DAYLIGHT,0,0,0,1
30604728,CAMPBELL,,OTHR,204,7TH,ST,W,39.08793221,-84.49755794,0.216,9/24/2022 0:00,156,2,2,0,0,O,CLEAR,DRY,1,1 VEHICLE PARKED POSITION (NOT PARKING LOT/DRIVEWAY),SIDESWIPE-SAME DIRECTION,STRAIGHT & LEVEL,DARK-HWY NOT LIGHTED,0,0,0,1
30608090,CAMPBELL,US0027,USRoute,4210,ALEXANDRIA,PIKE,,39.01944093,-84.43732897,15.163,9/24/2022 0:00,1039,2,2,0,0,O,CLOUDY,DRY,1,SIDESWIPE COLLISION - SAME DIRECTION,SIDESWIPE-SAME DIRECTION,STRAIGHT & LEVEL,DAYLIGHT,0,0,0,1
30648155,CAMPBELL,I 0471,Interstate,,I471 N,,,39.10119728,-84.49585051,5.003,9/24/2022 0:00,1020,2,2,0,0,O,CLOUDY,WET,1,SIDESWIPE COLLISION - SAME DIRECTION,SIDESWIPE-SAME DIRECTION,STRAIGHT & LEVEL,DAYLIGHT,0,0,0,1
30611963,CAMPBELL,KY1120,StateRoute,,FT THOMAS,AVE,S,39.06442971,-84.44674093,5.351,9/24/2022 0:00,951,2,2,0,0,O,CLOUDY,DRY,0,SIDESWIPE COLLISION - SAME DIRECTION,SIDESWIPE-SAME DIRECTION,STRAIGHT & LEVEL,DAYLIGHT,0,0,0,1
30605503,CAMPBELL,KY0009,StateRoute,740,CENTRAL,AVE,,39.08744573,-84.49592998,22.788,9/24/2022 0:00,1111,2,2,0,0,O,CLOUDY,DRY,1,1 VEHICLE PARKED POSITION (NOT PARKING LOT/DRIVEWAY),SIDESWIPE-SAME DIRECTION,STRAIGHT & LEVEL,UNKNOWN,0,0,0,1
30605943,CAMPBELL,,OTHR,160,PAVILION,PKWY,,39.08876412,-84.47710018,,9/24/2022 0:00,1540,2,2,0,0,O,CLOUDY,DRY,0,1 VEHICLE PARKED POSITION (NOT PARKING LOT/DRIVEWAY),SIDESWIPE-SAME DIRECTION,STRAIGHT & LEVEL,DAYLIGHT,0,0,0,1
30608091,CAMPBELL,US0027,USRoute,,ALEXANDRIA,PIKE,,39.02897406,-84.45045453,16.145,9/24/2022 0:00,1918,2,2,0,0,O,CLEAR,DRY,0,OTHER ROADWAY OR MID-BLOCK COLLISION,REAR END,STRAIGHT & LEVEL,DAYLIGHT,0,0,0,1
30609524,CAMPBELL,,OTHR,765,TARVIN,RD,,38.88625279,-84.40316301,0.252,9/25/2022 0:00,1425,1,1,0,0,O,CLEAR,DRY,0,COLLISION WITH ANIMAL NON INTERSECTION,SINGLE VEHICLE,STRAIGHT & HILLCREST,DUSK,0,0,0,1
30608740,CAMPBELL,,OTHR,,13TH,ST,W,39.08128743,-84.49034799,0.293,9/25/2022 0:00,1521,2,2,0,0,O,CLEAR,DRY,0,OPPOSITE DIRECTION - BOTH VEHICLES GOING STRAIGHT AHEAD,SIDESWIPE-OPPOSITE DIRECTION,STRAIGHT & LEVEL,DAYLIGHT,0,0,0,1
30608741,CAMPBELL,,OTHR,,WASHINGTON,AVE,,39.08841984,-84.48667008,0.611,9/25/2022 0:00,929,2,2,0,0,O,CLOUDY,DRY,0,ANGLE COLLISION - OTHER,ANGLE,STRAIGHT & LEVEL,DAYLIGHT,0,0,0,1
30622242,CAMPBELL,KY1998,StateRoute,,INDUSTRIAL,RD,,39.02795782,-84.44482207,1.933,9/25/2022 0:00,600,2,2,0,0,O,CLEAR,DRY,0,HEAD-ON COLLISION,HEAD ON,STRAIGHT & LEVEL,DARK-HWY NOT LIGHTED,0,0,0,1
30610385,CAMPBELL,KY0008,StateRoute,,DAVE COWENS,DR,,39.1017724,-84.48872586,1.442,9/25/2022 0:00,2141,2,2,0,0,O,CLEAR,DRY,0,REAR END IN TRAFFIC LANES BOTH VEHICLES MOVING,REAR END,STRAIGHT & LEVEL,DARK-HWY LIGHTED/ON,0,0,0,1
30608739,CAMPBELL,I 0471,Interstate,5,I471 N,,,39.09990488,-84.49299703,4.825,9/25/2022 0:00,1200,2,2,0,0,O,CLEAR,DRY,0,REAR END IN TRAFFIC LANES BOTH VEHICLES MOVING,REAR END,STRAIGHT & LEVEL,DAYLIGHT,0,0,0,1
30616316,CAMPBELL,,OTHR,149,NEWMAN,AVE,,39.07965346,-84.46264138,0.269,9/26/2022 0:00,1958,2,2,0,0,O,CLOUDY,DRY,1,1 VEHICLE PARKED POSITION (NOT PARKING LOT/DRIVEWAY),SIDESWIPE-SAME DIRECTION,STRAIGHT & GRADE,DUSK,0,0,0,1
30614924,CAMPBELL,KY1892,StateRoute,,GRAND,AVE,,39.08559452,-84.47464436,1.98,9/26/2022 0:00,1929,2,2,0,0,O,CLEAR,DRY,1,REAR END IN TRAFFIC LANES BOTH VEHICLES MOVING,REAR END,CURVE & GRADE,DAYLIGHT,0,0,0,1
30627754,CAMPBELL,I 0275,Interstate,,I275 E,,,39.05652038,-84.43168624,,9/26/2022 0:00,1611,3,3,0,0,O,CLEAR,DRY,0,REAR END IN TRAFFIC LANES BOTH VEHICLES MOVING,REAR END,CURVE & GRADE,DAYLIGHT,0,0,0,1
30627736,CAMPBELL,US0027,USRoute,,MONMOUTH,ST,,39.09004226,-84.49208887,21.833,9/26/2022 0:00,1547,2,2,0,0,O,CLEAR,DRY,0,SIDESWIPE COLLISION - SAME DIRECTION,SIDESWIPE-SAME DIRECTION,STRAIGHT & LEVEL,DAYLIGHT,0,0,0,1
30633213,CAMPBELL,,OTHR,900,SARATOGA,ST,,39.08849683,-84.48880357,0.173,9/26/2022 0:00,1431,2,2,0,0,O,CLEAR,DRY,0,SIDESWIPE COLLISION - SAME DIRECTION,SIDESWIPE-SAME DIRECTION,STRAIGHT & LEVEL,DAYLIGHT,0,0,0,1
30626435,CAMPBELL,KY0009,StateRoute,,AA,HWY,,39.02142711,-84.48135411,17.641,9/26/2022 0:00,600,2,2,0,0,O,CLEAR,DRY,0,ANGLE COLLISION - OTHER,ANGLE,STRAIGHT & LEVEL,DARK-HWY LIGHTED/ON,0,0,0,1
30615480,CAMPBELL,,OTHR,,11TH,ST,E,39.08611782,-84.48744965,0.002,9/26/2022 0:00,1721,3,3,0,0,O,CLEAR,DRY,1,ANGLE COLLISION - OTHER,ANGLE,STRAIGHT & LEVEL,DAYLIGHT,0,0,0,1
30614494,CAMPBELL,KY0009,StateRoute,,AA,HWY,,39.00982111,-84.46905468,16.538,9/26/2022 0:00,738,2,2,0,1,C,CLEAR,DRY,1,OTHER INTERSECTION COLLISIONS,REAR END,STRAIGHT & LEVEL,DAYLIGHT,1,0,0,1
30622249,CAMPBELL,US0027,USRoute,,ALEXANDRIA,PIKE,,39.0187469,-84.43664318,15.11,9/26/2022 0:00,1556,2,2,0,0,O,CLEAR,DRY,0,OTHER INTERSECTION COLLISIONS,REAR END,STRAIGHT & LEVEL,DAYLIGHT,1,0,0,1
30616900,CAMPBELL,KY1892,StateRoute,,GRAND,AVE,N,39.07809387,-84.46439779,1.216,9/26/2022 0:00,1333,1,1,0,0,O,CLEAR,DRY,0,COLLISION WITH FIXED OBJECT NON - INTERSECTION - FIRST EVENT COLLISION 09 - 32 EXCLUDING 16,SINGLE VEHICLE,STRAIGHT & HILLCREST,DAYLIGHT,0,0,0,1