IncidentID,County,RdwyNumber,RdwyType,Street,RoadwayName,StreetSfx,StreetDir,Latitude,Longitude,Milepoint,CollisionDate,CollisionTime,UnitsInvolved,MotorVehiclesInvolved,NumberKilled,NumberInjured,KABCO,Weather,RdwyConditionCode,HitandRun,DirAnalysisCode,MannerofCollision,RdwyCharacter,LightCondition,Intersection Crash,Bicyclist,Pedestrian,Motor Vehicles
31045963,CAMPBELL,I 0471,Interstate,,I471 N,,,39.09990948,-84.49334854,4.841,10/17/2022 0:00,136,2,2,1,2,K,CLEAR,DRY,0,HEAD-ON COLLISION,HEAD ON,STRAIGHT & LEVEL,DARK-HWY LIGHTED/ON,0,0,0,1
30721432,CAMPBELL,,OTHR,,8TH,ST,E,39.08964793,-84.49123055,0.115,10/18/2022 0:00,1729,2,2,0,0,O,CLOUDY,DRY,0,1 VEHICLE PARKED POSITION (NOT PARKING LOT/DRIVEWAY),SIDESWIPE-SAME DIRECTION,STRAIGHT & LEVEL,DAYLIGHT,0,0,0,1
30704401,CAMPBELL,KY1892,StateRoute,,CAROTHERS,RD,,39.08642547,-84.47726218,2.156,10/18/2022 0:00,1048,2,2,0,0,O,CLOUDY,DRY,0,OTHER INTERSECTION COLLISIONS,REAR END,STRAIGHT & GRADE,DAYLIGHT,1,0,0,1
30707919,CAMPBELL,US0027,USRoute,,ALEXANDRIA,PIKE,,38.99805743,-84.41734951,13.378,10/18/2022 0:00,1745,2,2,0,0,O,CLEAR,DRY,0,OTHER INTERSECTION COLLISIONS,REAR END,STRAIGHT & LEVEL,DAYLIGHT,1,0,0,1
30727708,CAMPBELL,KY0009,StateRoute,,LICKING,PIKE,,39.0229825,-84.48088725,17.763,10/18/2022 0:00,1716,2,2,0,0,O,CLEAR,DRY,0,OTHER ROADWAY OR MID-BLOCK COLLISION,REAR END,STRAIGHT & LEVEL,DAYLIGHT,0,0,0,1
30706953,CAMPBELL,KY1892,StateRoute,40,GRAND,AVE,N,39.07680132,-84.46354952,1.117,10/18/2022 0:00,1622,2,2,0,0,O,CLOUDY,DRY,0,OTHER ROADWAY OR MID-BLOCK COLLISION,REAR END,STRAIGHT & GRADE,DAYLIGHT,0,0,0,1
30712423,CAMPBELL,I 0471,Interstate,,,,,39.06516103,-84.46462841,0.238,10/19/2022 0:00,1039,2,2,0,1,C,CLEAR,DRY,0,OTHER RAMP RELATED COLLISIONS NOT LISTED ABOVE,REAR END,STRAIGHT & LEVEL,DAYLIGHT,0,0,0,1
30712240,CAMPBELL,US0027,USRoute,1429,ALEXANDRIA,PIKE,,39.05457916,-84.4493473,18.175,10/19/2022 0:00,2025,1,1,0,0,O,CLEAR,DRY,0,COLLISION WITH FIXED OBJECT NON - INTERSECTION - FIRST EVENT COLLISION 09 - 32 EXCLUDING 16,SINGLE VEHICLE,CURVE & LEVEL,DARK-HWY LIGHTED/ON,0,0,0,1
30727226,CAMPBELL,KY0915,StateRoute,,LICKING,PIKE,,39.00814365,-84.46106633,9.291,10/19/2022 0:00,23,1,1,0,0,O,CLOUDY,DRY,0,COLLISION WITH ANIMAL NON INTERSECTION,SINGLE VEHICLE,STRAIGHT & GRADE,DARK-HWY LIGHTED/ON,0,0,0,1
30727839,CAMPBELL,US0027,USRoute,,ALEXANDRIA,PIKE,,39.03516069,-84.45395845,16.626,10/19/2022 0:00,725,2,2,0,0,O,CLOUDY,DRY,0,SIDESWIPE-SAME DIRECTION,SIDESWIPE-SAME DIRECTION,CURVE & LEVEL,DAWN,0,0,0,1
30712794,CAMPBELL,US0027,USRoute,7934,ALEXANDRIA,PIKE,,38.96888389,-84.39298166,10.831,10/19/2022 0:00,657,2,2,0,0,O,CLEAR,DRY,0,SIDESWIPE COLLISION - SAME DIRECTION,SIDESWIPE-SAME DIRECTION,STRAIGHT & LEVEL,DARK (UNKNOWN ROADWAY LIGHTING),0,0,0,1
30713086,CAMPBELL,KY2925,StateRoute,,ALEXANDRIA,PIKE,E,39.00662411,-84.4058518,,10/19/2022 0:00,1735,2,2,0,0,O,CLEAR,DRY,1,SIDESWIPE COLLISION - OPPOSITE DIRECTION,SIDESWIPE-OPPOSITE DIRECTION,CURVE & LEVEL,DAYLIGHT,0,0,0,1
30727077,CAMPBELL,KY1892,StateRoute,,GRAND,AVE,N,39.07723151,-84.46378879,1.149,10/20/2022 0:00,1612,3,3,0,0,O,CLEAR,DRY,0,REAR END IN TRAFFIC LANES BOTH VEHICLES MOVING,REAR END,STRAIGHT & HILLCREST,DAYLIGHT,0,0,0,1
30727911,CAMPBELL,I 0275,Interstate,,I275 E,,,39.0364741,-84.4701892,75.929,10/20/2022 0:00,735,3,3,0,1,C,CLEAR,DRY,0,REAR END IN TRAFFIC LANES BOTH VEHICLES MOVING,REAR END,STRAIGHT & LEVEL,DAWN,0,0,0,1
30715494,CAMPBELL,I 0275,Interstate,,I275 E,,,39.02809744,-84.47241268,76.532,10/20/2022 0:00,741,3,3,0,0,O,CLEAR,DRY,1,SIDESWIPE COLLISION - SAME DIRECTION,SIDESWIPE-SAME DIRECTION,CURVE & GRADE,DAYLIGHT,0,0,0,1
30713747,CAMPBELL,,OTHR,807,WASHINGTON,AVE,,39.09072358,-84.48874489,0.398,10/20/2022 0:00,1115,2,2,0,0,O,CLOUDY,DRY,0,1 VEHICLE PARKED POSITION (NOT PARKING LOT/DRIVEWAY),SIDESWIPE-SAME DIRECTION,STRAIGHT & LEVEL,DAYLIGHT,0,0,0,1
30711499,CAMPBELL,KY0008,StateRoute,,4TH,ST,W,39.0896074,-84.50104252,0.262,10/20/2022 0:00,220,1,1,0,0,O,CLEAR,DRY,0,COLLISION WITH FIXED OBJECT NON - INTERSECTION - FIRST EVENT COLLISION 09 - 32 EXCLUDING 16,SINGLE VEHICLE,CURVE & LEVEL,DARK-HWY LIGHTED/ON,0,0,0,1
30716656,CAMPBELL,,OTHR,,RAVINE,CIR,,39.06435586,-84.46962515,,10/20/2022 0:00,2004,1,1,0,0,O,CLEAR,DRY,0,COLLISION WITH FIXED OBJECT NON - INTERSECTION - FIRST EVENT COLLISION 09 - 32 EXCLUDING 16,SINGLE VEHICLE,STRAIGHT & HILLCREST,DARK-HWY LIGHTED/ON,0,0,0,1
30727229,CAMPBELL,I 0275,Interstate,,,,,39.02218706,-84.48388643,0.14,10/20/2022 0:00,901,2,2,0,0,O,CLEAR,DRY,0,OTHER RAMP RELATED COLLISIONS NOT LISTED ABOVE,REAR END,CURVE & LEVEL,DAYLIGHT,0,0,0,1
30729011,CAMPBELL,US0027,USRoute,,ALEXANDRIA,PIKE,,39.02184942,-84.43984859,15.386,10/20/2022 0:00,644,2,2,0,0,O,CLEAR,DRY,0,OTHER ROADWAY OR MID-BLOCK COLLISION,REAR TO REAR,STRAIGHT & LEVEL,DARK-HWY LIGHTED/ON,0,0,0,1
30729012,CAMPBELL,US0027,USRoute,,,,,39.00331846,-84.42320808,0.018,10/21/2022 0:00,843,2,2,0,0,O,CLEAR,DRY,0,OTHER RAMP RELATED COLLISIONS NOT LISTED ABOVE,REAR END,STRAIGHT & LEVEL,DAYLIGHT,0,0,0,1
30720986,CAMPBELL,,OTHR,427,4TH,AVE,,39.11330518,-84.47603558,0.062,10/21/2022 0:00,1339,2,2,0,0,O,CLEAR,DRY,1,1 VEHICLE PARKED POSITION (NOT PARKING LOT/DRIVEWAY),SIDESWIPE-SAME DIRECTION,STRAIGHT & LEVEL,DARK-HWY LIGHTED/ON,0,0,0,1
30722896,CAMPBELL,KY0915,StateRoute,,LICKING,PIKE,,38.992303,-84.43999744,7.525,10/21/2022 0:00,2220,1,1,0,0,O,CLEAR,DRY,0,OTHER INTERSECTION COLLISIONS,SINGLE VEHICLE,CURVE & GRADE,DARK-HWY NOT LIGHTED,1,0,0,1
30794889,CAMPBELL,,OTHR,458,LAFAYETTE,AVE,,39.10062552,-84.4807546,0.474,10/21/2022 0:00,2011,2,2,0,0,O,CLEAR,DRY,0,SIDESWIPE COLLISION - SAME DIRECTION,SIDESWIPE-SAME DIRECTION,STRAIGHT & LEVEL,DARK-HWY NOT LIGHTED,0,0,0,1
30718430,CAMPBELL,US0027,USRoute,1560,MONMOUTH,ST,,39.08393786,-84.48404097,21.222,10/21/2022 0:00,1215,2,2,0,0,O,CLOUDY,DRY,0,SIDESWIPE COLLISION - SAME DIRECTION,SIDESWIPE-SAME DIRECTION,CURVE & HILLCREST,DAYLIGHT,0,0,0,1
30729013,CAMPBELL,KY0009,StateRoute,,AA,HWY,,39.0075126,-84.45833971,15.931,10/21/2022 0:00,1422,2,2,0,0,O,CLEAR,DRY,1,SIDESWIPE COLLISION - SAME DIRECTION,SIDESWIPE-SAME DIRECTION,STRAIGHT & GRADE,DAYLIGHT,0,0,0,1
30726775,CAMPBELL,I 0471,Interstate,,I471 S,,,39.05557073,-84.46951963,0.905,10/21/2022 0:00,1700,2,2,0,0,O,CLEAR,DRY,0,SIDESWIPE COLLISION - SAME DIRECTION,SIDESWIPE-SAME DIRECTION,STRAIGHT & LEVEL,DAYLIGHT,0,0,0,1
30716299,CAMPBELL,,OTHR,813,WASHINGTON,AVE,,39.09046839,-84.48854635,0.437,10/21/2022 0:00,315,5,5,0,0,O,CLEAR,DRY,0,1 VEHICLE PARKED POSITION (NOT PARKING LOT/DRIVEWAY),HEAD ON,STRAIGHT & LEVEL,DARK-HWY LIGHTED/ON,0,0,0,1
30729014,CAMPBELL,US0027,USRoute,,ALEXANDRIA,PIKE,,39.00433646,-84.42464207,13.95,10/22/2022 0:00,1258,2,2,0,0,O,CLEAR,DRY,0,ANGLE COLLISION - OTHER,ANGLE,STRAIGHT & GRADE,DAYLIGHT,0,0,0,1
30744254,CAMPBELL,KY0008,StateRoute,,6TH,AVE,,39.11083045,-84.4771242,2.323,10/22/2022 0:00,1213,1,1,0,0,O,CLEAR,DRY,0,NON-COLLISION OBJECT COLLISION,SINGLE VEHICLE,STRAIGHT & LEVEL,DAYLIGHT,0,0,0,1
30727113,CAMPBELL,I 0275,Interstate,,I275 W,,,39.05049557,-84.44645238,74.166,10/22/2022 0:00,1600,1,1,0,0,O,CLEAR,DRY,0,COLLISION WITH ANIMAL NON INTERSECTION,SINGLE VEHICLE,STRAIGHT & GRADE,DAYLIGHT,0,0,0,1
30723396,CAMPBELL,KY0824,StateRoute,,RACE TRACK,RD,,38.89345997,-84.35129018,2.439,10/22/2022 0:00,1010,1,1,0,0,O,CLEAR,DRY,0,COLLISION WITH ANIMAL NON INTERSECTION,SINGLE VEHICLE,STRAIGHT & HILLCREST,DAYLIGHT,0,0,0,1
30727923,CAMPBELL,KY2345,StateRoute,,JOHNS HILL,RD,,39.02806742,-84.46720853,1.02,10/22/2022 0:00,1143,2,2,0,0,O,CLEAR,DRY,0,OTHER ROADWAY OR MID-BLOCK COLLISION,OPPOSING LEFT TURN,STRAIGHT & LEVEL,DAYLIGHT,0,0,0,1
30726776,CAMPBELL,US0027,USRoute,,ALEXANDRIA,PIKE,,39.07067594,-84.4697252,19.997,10/22/2022 0:00,1407,2,2,0,0,O,CLEAR,DRY,0,OTHER ROADWAY OR MID-BLOCK COLLISION,OPPOSING LEFT TURN,STRAIGHT & HILLCREST,DAYLIGHT,0,0,0,1
30730274,CAMPBELL,,OTHR,,WASHINGTON,ST,,38.96458322,-84.3926336,0.007,10/23/2022 0:00,1900,2,2,0,0,O,CLEAR,DRY,0,REAR END IN TRAFFIC LANES BOTH VEHICLES MOVING,REAR END,STRAIGHT & LEVEL,DAYLIGHT,0,0,0,1
30727932,CAMPBELL,I 0275,Interstate,,I275 E,,,39.03948639,-84.47002863,75.72,10/23/2022 0:00,930,2,2,0,0,O,CLEAR,DRY,0,SIDESWIPE COLLISION - SAME DIRECTION,SIDESWIPE-SAME DIRECTION,STRAIGHT & GRADE,DAYLIGHT,0,0,0,1
30733755,CAMPBELL,KY1120,StateRoute,101,10TH,ST,E,39.08638274,-84.49032959,0.691,10/23/2022 0:00,1501,2,2,0,0,O,CLEAR,DRY,0,VEHICLE BACKING NON INTERSECTION,BACKING,STRAIGHT & LEVEL,DAYLIGHT,0,0,0,1
30730270,CAMPBELL,KY1997,StateRoute,7999,STONEHOUSE,RD,,38.96964597,-84.33527928,2.298,10/23/2022 0:00,1414,1,1,0,0,O,CLEAR,DRY,0,COLLISION WITH FIXED OBJECT NON - INTERSECTION - FIRST EVENT COLLISION 09 - 32 EXCLUDING 16,SINGLE VEHICLE,STRAIGHT & LEVEL,DAYLIGHT,0,0,0,1
30726582,CAMPBELL,KY0008,StateRoute,,4TH,ST,E,39.09263277,-84.49561099,0.583,10/23/2022 0:00,1414,2,2,0,0,O,CLEAR,DRY,0,1 VEHICLE PARKED POSITION (NOT PARKING LOT/DRIVEWAY),SIDESWIPE-SAME DIRECTION,STRAIGHT & LEVEL,DAYLIGHT,0,0,0,1
30726777,CAMPBELL,,OTHR,,RIDGEWAY,AVE,,39.07218885,-84.47553262,0.102,10/23/2022 0:00,1313,2,2,0,0,O,CLEAR,DRY,0,1 VEHICLE PARKED POSITION (NOT PARKING LOT/DRIVEWAY),SIDESWIPE-SAME DIRECTION,STRAIGHT & LEVEL,DAYLIGHT,0,0,0,1
30726580,CAMPBELL,KY1892,StateRoute,,CAROTHERS,RD,,39.08638613,-84.47733323,2.157,10/23/2022 0:00,1402,2,2,0,0,O,CLEAR,DRY,0,OTHER INTERSECTION COLLISIONS,REAR END,STRAIGHT & LEVEL,DAYLIGHT,1,0,0,1
30730269,CAMPBELL,KY0547,StateRoute,,FOUR MILE,RD,,38.98708646,-84.36351877,2.522,10/23/2022 0:00,1709,2,2,0,0,O,CLEAR,DRY,0,SIDESWIPE-SAME DIRECTION,ANGLE,STRAIGHT & HILLCREST,DAYLIGHT,0,0,0,1
30727233,CAMPBELL,KY0009,StateRoute,,AA,HWY,,39.00996951,-84.46901563,16.528,10/23/2022 0:00,117,1,1,0,0,O,CLEAR,DRY,0,COLLISION WITH ANIMAL IN INTERSECTION,SINGLE VEHICLE,STRAIGHT & LEVEL,DARK-HWY NOT LIGHTED,1,0,0,1
30745926,CAMPBELL,KY2238,StateRoute,,UNIVERSITY,DR,,39.03631474,-84.46260223,0.58,10/23/2022 0:00,1838,2,2,0,2,B,CLEAR,DRY,0,ANGLE COLLISION - OTHER,ANGLE,STRAIGHT & LEVEL,DAYLIGHT,0,0,0,1
30729057,CAMPBELL,KY0009,StateRoute,,LICKING,PIKE,,39.02548643,-84.48062853,17.958,10/24/2022 0:00,1436,2,2,0,0,O,CLEAR,DRY,0,OTHER INTERSECTION COLLISIONS,REAR END,STRAIGHT & LEVEL,DAYLIGHT,1,0,0,1
30729249,CAMPBELL,KY1120,StateRoute,,11TH,ST,W,39.08376239,-84.49171968,0.525,10/24/2022 0:00,1535,2,2,0,0,O,CLOUDY,DRY,0,OTHER INTERSECTION COLLISIONS,REAR END,STRAIGHT & LEVEL,DAYLIGHT,1,0,0,1
30745024,CAMPBELL,,OTHR,1035,WASHINGTON,AVE,,39.08744221,-84.48577854,0.683,10/24/2022 0:00,1936,2,2,0,0,O,CLEAR,DRY,1,1 VEHICLE PARKED POSITION (NOT PARKING LOT/DRIVEWAY),SIDESWIPE-SAME DIRECTION,STRAIGHT & LEVEL,DARK-HWY LIGHTED/ON,0,0,0,1
30730676,CAMPBELL,,OTHR,820,SARATOGA,ST,,39.08973208,-84.48986255,0.275,10/24/2022 0:00,1928,3,3,0,0,O,CLEAR,DRY,0,1 VEHICLE PARKED POSITION (NOT PARKING LOT/DRIVEWAY),REAR END,STRAIGHT & LEVEL,DARK-HWY LIGHTED/ON,0,0,0,1
30730978,CAMPBELL,US0027,USRoute,,ALEXANDRIA,PIKE,,38.82442506,-84.36526279,0.2,10/24/2022 0:00,1958,1,1,0,0,O,CLEAR,DRY,0,COLLISION WITH ANIMAL NON INTERSECTION,SINGLE VEHICLE,STRAIGHT & GRADE,DARK-HWY NOT LIGHTED,0,0,0,1
30736198,CAMPBELL,,OTHR,,TAYLOR,AVE,,39.10240543,-84.48034831,0.412,10/24/2022 0:00,1803,2,2,0,0,O,CLEAR,DRY,0,1 VEHICLE PARKED POSITION (NOT PARKING LOT/DRIVEWAY),SIDESWIPE-SAME DIRECTION,STRAIGHT & LEVEL,DAYLIGHT,0,0,0,1
30729248,CAMPBELL,KY1892,StateRoute,,CAROTHERS,RD,,39.08635426,-84.47726466,2.154,10/24/2022 0:00,1152,2,2,0,0,O,CLOUDY,DRY,0,REAR END IN TRAFFIC LANES BOTH VEHICLES MOVING,REAR END,STRAIGHT & LEVEL,DAYLIGHT,0,0,0,1
30734988,CAMPBELL,US0027,USRoute,,,,,39.00059621,-84.42069949,0.025,10/24/2022 0:00,1644,2,2,0,0,O,CLEAR,DRY,0,OTHER RAMP RELATED COLLISIONS NOT LISTED ABOVE,REAR END,STRAIGHT & LEVEL,DAYLIGHT,0,0,0,1
30733511,CAMPBELL,I 0471,Interstate,,,,,39.08546188,-84.4743451,0.201,10/25/2022 0:00,1105,2,2,0,0,O,CLOUDY,DRY,1,OTHER RAMP RELATED COLLISIONS NOT LISTED ABOVE,REAR END,CURVE & GRADE,DAYLIGHT,0,0,0,1
30733508,CAMPBELL,I 0471,Interstate,,I471 N,,,39.09871786,-84.49092154,4.686,10/25/2022 0:00,712,2,2,0,0,O,CLEAR,DRY,0,REAR END IN TRAFFIC LANES BOTH VEHICLES MOVING,REAR END,STRAIGHT & LEVEL,DARK-HWY LIGHTED/ON,0,0,0,1
30748601,CAMPBELL,I 0275,Interstate,,I275 W,,,39.04821428,-84.45287672,74.542,10/25/2022 0:00,743,3,3,0,0,O,CLEAR,DRY,0,REAR END IN TRAFFIC LANES BOTH VEHICLES MOVING,REAR END,STRAIGHT & LEVEL,DAWN,0,0,0,1
30735494,CAMPBELL,US0027,USRoute,,3RD,ST,E,39.0934819,-84.49702643,22.253,10/25/2022 0:00,2255,2,2,0,0,O,RAINING,WET,0,REAR END IN TRAFFIC LANES BOTH VEHICLES MOVING,REAR END,STRAIGHT & LEVEL,DARK-HWY LIGHTED/ON,0,0,0,1
30757202,CAMPBELL,I 0275,Interstate,,I275 E,,,39.04284708,-84.46845116,75.475,10/25/2022 0:00,845,2,2,0,0,O,CLEAR,DRY,0,SIDESWIPE COLLISION - SAME DIRECTION,SIDESWIPE-SAME DIRECTION,STRAIGHT & GRADE,DAYLIGHT,0,0,0,1
30756170,CAMPBELL,I 0471,Interstate,,I471 S,,,39.05553184,-84.46963511,0.904,10/25/2022 0:00,2140,2,2,0,0,O,RAINING,WET,0,SIDESWIPE COLLISION - SAME DIRECTION,SIDESWIPE-SAME DIRECTION,CURVE & HILLCREST,DARK-HWY LIGHTED/ON,0,0,0,1
30735495,CAMPBELL,KY1892,StateRoute,,CAROTHERS,RD,,39.08484935,-84.48108287,2.393,10/25/2022 0:00,1830,2,2,0,0,O,CLEAR,DRY,1,SIDESWIPE COLLISION - SAME DIRECTION,SIDESWIPE-SAME DIRECTION,STRAIGHT & LEVEL,DAYLIGHT,0,0,0,1
30745846,CAMPBELL,KY1120,StateRoute,,FT THOMAS,AVE,N,39.07967632,-84.44836215,4.156,10/25/2022 0:00,1620,2,2,0,0,O,CLOUDY,DRY,0,OTHER INTERSECTION COLLISIONS,REAR END,STRAIGHT & LEVEL,DAYLIGHT,1,0,0,1
30754647,CAMPBELL,,OTHR,171,VAN VOAST,AVE,,39.10896689,-84.48109461,0.133,10/25/2022 0:00,2237,1,1,0,0,O,RAINING,WET,1,OTHER INTERSECTION COLLISIONS,SINGLE VEHICLE,STRAIGHT & GRADE,DARK-HWY LIGHTED/ON,1,0,0,1
30740467,CAMPBELL,KY1892,StateRoute,,CAROTHERS,RD,,39.08638391,-84.47729839,2.155,10/26/2022 0:00,1900,2,2,0,0,O,CLEAR,DRY,1,OPPOSITE DIRECTION - BOTH VEHICLES GOING STRAIGHT AHEAD,SIDESWIPE-OPPOSITE DIRECTION,CURVE & HILLCREST,DARK-HWY LIGHTED/ON,0,0,0,1
30738625,CAMPBELL,,OTHR,341,PROSPECT,ST,,39.10587747,-84.48184153,0.183,10/26/2022 0:00,947,2,2,0,0,O,RAINING,WET,0,1 VEHICLE PARKED POSITION (NOT PARKING LOT/DRIVEWAY),SIDESWIPE-SAME DIRECTION,STRAIGHT & LEVEL,DAYLIGHT,0,0,0,1
30832160,CAMPBELL,I 0471,Interstate,,I471 S,,,39.09985434,-84.4936269,4.851,10/26/2022 0:00,937,3,3,0,0,O,RAINING,WET,0,SIDESWIPE COLLISION - SAME DIRECTION,SIDESWIPE-SAME DIRECTION,STRAIGHT & LEVEL,DAYLIGHT,0,0,0,1
30738600,CAMPBELL,,OTHR,,NEWPORT PAVILION,,,39.08708306,-84.47702666,0.55,10/26/2022 0:00,1509,2,2,0,0,O,CLOUDY,WET,0,1 VEHICLE ENTERING/LEAVING ENTRANCE,ANGLE,STRAIGHT & LEVEL,DAYLIGHT,0,0,0,1
30738597,CAMPBELL,,OTHR,900,COLUMBIA,ST,,39.08560564,-84.49211224,0.194,10/26/2022 0:00,833,2,2,0,0,O,CLOUDY,WET,0,SIDESWIPE COLLISION - SAME DIRECTION,SIDESWIPE-SAME DIRECTION,STRAIGHT & LEVEL,DARK-HWY LIGHTED/ON,0,0,0,1
30738592,CAMPBELL,I 0471,Interstate,2.9,I471 N,,,39.07651568,-84.46876883,2.597,10/26/2022 0:00,718,2,2,0,0,O,RAINING,WET,0,REAR END IN TRAFFIC LANES BOTH VEHICLES MOVING,REAR END,STRAIGHT & LEVEL,DAYLIGHT,0,0,0,1
30751589,CAMPBELL,KY0009,StateRoute,,AA,HWY,,39.01837547,-84.48050065,17.418,10/27/2022 0:00,1449,2,2,0,0,O,CLEAR,DRY,1,OTHER ROADWAY OR MID-BLOCK COLLISION,REAR END,CURVE & LEVEL,DAYLIGHT,0,0,0,1
30745028,CAMPBELL,I 0471,Interstate,,I471 N,,,39.10007886,-84.49360329,4.859,10/27/2022 0:00,1746,4,4,0,0,O,CLEAR,DRY,0,REAR END IN TRAFFIC LANES BOTH VEHICLES MOVING,REAR END,STRAIGHT & LEVEL,DAYLIGHT,0,0,0,1
30745845,CAMPBELL,I 0275,Interstate,,I275 E,,,39.05726246,-84.4299858,73.164,10/27/2022 0:00,1645,2,2,0,0,O,CLEAR,DRY,0,REAR END IN TRAFFIC LANES BOTH VEHICLES MOVING,REAR END,STRAIGHT & LEVEL,DAYLIGHT,0,0,0,1
30769822,CAMPBELL,,OTHR,5104,WHITNEY,DR,,39.03510944,-84.39646254,0.035,10/27/2022 0:00,830,2,2,0,0,O,CLEAR,DRY,0,VEHICLE BACKING NON INTERSECTION,BACKING,STRAIGHT & LEVEL,DAYLIGHT,0,0,0,1
30757146,CAMPBELL,US0027,USRoute,,ALEXANDRIA,PIKE,,38.85843487,-84.38814411,2.917,10/27/2022 0:00,1930,1,1,0,0,O,CLEAR,DRY,0,COLLISION WITH ANIMAL NON INTERSECTION,SINGLE VEHICLE,STRAIGHT & GRADE,DARK-HWY NOT LIGHTED,0,0,0,1
30741982,CAMPBELL,KY1120,StateRoute,,MEMORIAL,PKWY,,39.09137957,-84.46131067,2.629,10/27/2022 0:00,830,1,1,0,0,O,CLEAR,DRY,0,COLLISION WITH ANIMAL NON INTERSECTION,SINGLE VEHICLE,CURVE & LEVEL,DAYLIGHT,0,0,0,1
30743311,CAMPBELL,KY1120,StateRoute,,10TH,ST,E,39.08718848,-84.48890516,0.783,10/27/2022 0:00,1030,2,2,0,0,O,CLEAR,DRY,0,SIDESWIPE-SAME DIRECTION,SIDESWIPE-SAME DIRECTION,STRAIGHT & LEVEL,DAYLIGHT,0,0,0,1
30753162,CAMPBELL,KY0008,StateRoute,,MARY INGLES,HWY,,39.04398207,-84.42014897,9.043,10/27/2022 0:00,1257,2,2,0,0,O,CLEAR,DRY,0,OTHER INTERSECTION COLLISIONS,REAR END,STRAIGHT & LEVEL,DAYLIGHT,1,0,0,1
30779445,CAMPBELL,,OTHR,,WASHINGTON,AVE,,39.08840374,-84.48667935,0.61,10/28/2022 0:00,1144,2,2,0,0,O,CLEAR,DRY,0,SIDESWIPE-SAME DIRECTION,SIDESWIPE-SAME DIRECTION,STRAIGHT & LEVEL,DAYLIGHT,0,0,0,1
30751247,CAMPBELL,US0027,USRoute,,ALEXANDRIA,PIKE,,39.00421942,-84.42474566,13.941,10/28/2022 0:00,2015,2,2,0,0,O,CLOUDY,DRY,0,SIDESWIPE-SAME DIRECTION,SIDESWIPE-SAME DIRECTION,STRAIGHT & GRADE,DARK-HWY LIGHTED/ON,0,0,0,1
30769826,CAMPBELL,US0027,USRoute,,ALEXANDRIA,PIKE,,38.91335448,-84.38667211,6.925,10/28/2022 0:00,718,3,3,0,0,O,CLEAR,DRY,0,ANGLE COLLISION - OTHER,ANGLE,STRAIGHT & LEVEL,DARK (UNKNOWN ROADWAY LIGHTING),0,0,0,1
30745848,CAMPBELL,,OTHR,,CHESAPEAKE,AVE,,39.08775639,-84.46614092,0.043,10/28/2022 0:00,53,1,1,0,0,O,CLEAR,DRY,0,COLLISION WITH FIXED OBJECT IN INTERSECTION - FIRST EVENT COLLISION 09 - 32,SINGLE VEHICLE,CURVE & GRADE,DARK-HWY LIGHTED/ON,1,0,0,1
30768897,CAMPBELL,I 0275,Interstate,,I275 E,,,39.04519944,-84.46284327,75.125,10/28/2022 0:00,2327,1,1,0,0,O,CLEAR,DRY,0,COLLISION WITH ANIMAL NON INTERSECTION,SINGLE VEHICLE,STRAIGHT & LEVEL,DARK-HWY LIGHTED/OFF,0,0,0,1
30761680,CAMPBELL,,OTHR,543,4TH,ST,E,39.09658111,-84.48893417,0.066,10/28/2022 0:00,1426,2,2,0,0,O,CLEAR,DRY,0,1 VEHICLE PARKED POSITION (NOT PARKING LOT/DRIVEWAY),SIDESWIPE-SAME DIRECTION,STRAIGHT & LEVEL,DAYLIGHT,0,0,0,1
30779408,CAMPBELL,,OTHR,,RENSHAW,AVE,,39.04375342,-84.45079111,0.155,10/28/2022 0:00,1104,2,2,0,0,O,CLEAR,DRY,0,VEHICLE BACKING NON INTERSECTION,BACKING,STRAIGHT & LEVEL,DAYLIGHT,0,0,0,1
30751245,CAMPBELL,KY0009,StateRoute,,AA,HWY,,39.01823842,-84.48035955,17.406,10/28/2022 0:00,1622,2,2,0,0,O,CLEAR,DRY,0,SIDESWIPE COLLISION - SAME DIRECTION,SIDESWIPE-SAME DIRECTION,STRAIGHT & LEVEL,DAYLIGHT,0,0,0,1
30802500,CAMPBELL,,OTHR,,BRIGHTON,ST,,39.08143243,-84.4964105,0.117,10/28/2022 0:00,1327,2,2,0,0,O,CLEAR,DRY,1,SIDESWIPE COLLISION - SAME DIRECTION,SIDESWIPE-SAME DIRECTION,,DAYLIGHT,0,0,0,1
30768898,CAMPBELL,I 0275,Interstate,,I275 E,,,39.03109042,-84.47054755,76.312,10/28/2022 0:00,1914,2,2,0,0,O,CLOUDY,DRY,0,REAR END IN TRAFFIC LANES BOTH VEHICLES MOVING,REAR END,STRAIGHT & LEVEL,DARK-HWY LIGHTED/ON,0,0,0,1
30752660,CAMPBELL,US0027,USRoute,2404,ALEXANDRIA,PIKE,,39.0734482,-84.4722955,20.232,10/28/2022 0:00,1730,2,2,0,1,C,CLEAR,DRY,0,REAR END IN TRAFFIC LANES BOTH VEHICLES MOVING,REAR END,STRAIGHT & GRADE,DAYLIGHT,0,0,0,1