IncidentID,County,RdwyNumber,RdwyType,Street,RoadwayName,StreetSfx,StreetDir,Latitude,Longitude,Milepoint,CollisionDate,CollisionTime,UnitsInvolved,MotorVehiclesInvolved,NumberKilled,NumberInjured,KABCO,Weather,RdwyConditionCode,HitandRun,DirAnalysisCode,MannerofCollision,RdwyCharacter,LightCondition,Intersection Crash,Bicyclist,Pedestrian,Motor Vehicles
30762878,CAMPBELL,KY1632,StateRoute,51,MOOCK,RD,,39.05582335,-84.48093256,0.394,10/28/2022 0:00,1533,2,2,0,1,C,CLEAR,DRY,0,REAR END IN TRAFFIC LANES BOTH VEHICLES MOVING,REAR END,STRAIGHT & LEVEL,DAYLIGHT,0,0,0,1
30752661,CAMPBELL,I 0471,Interstate,,,,,39.06759884,-84.46564916,0.366,10/28/2022 0:00,1839,2,2,0,0,O,CLEAR,DRY,0,OTHER RAMP RELATED COLLISIONS NOT LISTED ABOVE,REAR END,STRAIGHT & GRADE,DAYLIGHT,0,0,0,1
30756168,CAMPBELL,,OTHR,107,HIGHLAND,AVE,,39.07773386,-84.45047799,1.259,10/29/2022 0:00,703,2,2,0,0,O,CLEAR,DRY,0,1 VEHICLE PARKED POSITION (NOT PARKING LOT/DRIVEWAY),SIDESWIPE-SAME DIRECTION,STRAIGHT & LEVEL,DARK-HWY LIGHTED/ON,0,0,0,1
30762213,CAMPBELL,US0027,USRoute,8301,ALEXANDRIA,PIKE,,38.95158227,-84.39358672,9.624,10/29/2022 0:00,1138,2,2,0,0,O,CLEAR,DRY,0,REAR END IN TRAFFIC LANES BOTH VEHICLES MOVING,REAR END,STRAIGHT & LEVEL,DAYLIGHT,0,0,0,1
30750698,CAMPBELL,US0027,USRoute,2105,MONMOUTH,ST,,39.07813855,-84.4796429,20.754,10/29/2022 0:00,1440,2,2,0,0,O,CLEAR,DRY,0,SIDESWIPE COLLISION - SAME DIRECTION,SIDESWIPE-SAME DIRECTION,CURVE & LEVEL,DAYLIGHT,0,0,0,1
30752773,CAMPBELL,I 0275,Interstate,,I275 W,,,39.03393651,-84.47065576,76.181,10/29/2022 0:00,1148,2,2,0,0,O,CLEAR,DRY,0,SIDESWIPE COLLISION - SAME DIRECTION,SIDESWIPE-SAME DIRECTION,STRAIGHT & GRADE,DAYLIGHT,0,0,0,1
30750687,CAMPBELL,,OTHR,,LOWELL,ST,,39.08011486,-84.49715294,0.245,10/29/2022 0:00,1004,2,2,0,0,O,CLEAR,DRY,0,SIDESWIPE COLLISION - SAME DIRECTION,SIDESWIPE-SAME DIRECTION,STRAIGHT & LEVEL,DAYLIGHT,0,0,0,1
30764428,CAMPBELL,,OTHR,,WASHINGTON TRACE,RD,,38.91992889,-84.28231337,2,10/29/2022 0:00,2024,2,2,0,0,O,CLEAR,DRY,0,SIDESWIPE COLLISION - OPPOSITE DIRECTION,SIDESWIPE-OPPOSITE DIRECTION,STRAIGHT & GRADE,DARK (UNKNOWN ROADWAY LIGHTING),0,0,0,1
30753073,CAMPBELL,KY0009,StateRoute,,AA,HWY,,38.91995842,-84.29007993,4.537,10/29/2022 0:00,1910,1,1,0,0,O,CLEAR,DRY,0,COLLISION WITH ANIMAL NON INTERSECTION,SINGLE VEHICLE,STRAIGHT & LEVEL,DARK-HWY NOT LIGHTED,0,0,0,1
30761636,CAMPBELL,,OTHR,230,EVERGREEN,AVE,,39.07274394,-84.47349556,0.09,10/29/2022 0:00,1600,1,1,0,0,O,CLEAR,DRY,0,COLLISION WITH FIXED OBJECT NON - INTERSECTION - FIRST EVENT COLLISION 09 - 32 EXCLUDING 16,SINGLE VEHICLE,STRAIGHT & LEVEL,DAYLIGHT,0,0,0,1
30751586,CAMPBELL,KY0009,StateRoute,,AA,HWY,,39.02039265,-84.48150251,17.565,10/29/2022 0:00,256,1,1,1,0,K,CLEAR,DRY,0,COLLISION WITH FIXED OBJECT NON - INTERSECTION - FIRST EVENT COLLISION 09 - 32 EXCLUDING 16,SINGLE VEHICLE,CURVE & LEVEL,DARK-HWY LIGHTED/ON,0,0,0,1
30768896,CAMPBELL,US0027,USRoute,,ALEXANDRIA,PIKE,,39.03373263,-84.45331132,16.502,10/29/2022 0:00,1217,2,2,0,0,O,CLEAR,DRY,0,OPPOSING LEFT TURN,OPPOSING LEFT TURN,STRAIGHT & GRADE,DAYLIGHT,0,0,0,1
30754400,CAMPBELL,KY1120,StateRoute,,10TH,ST,E,39.08838946,-84.48675163,0.98,10/30/2022 0:00,1753,2,2,0,0,O,RAINING,WET,1,OTHER INTERSECTION COLLISIONS,REAR END,STRAIGHT & LEVEL,DUSK,1,0,0,1
30756124,CAMPBELL,I 0471,Interstate,,I471 SB,,,39.05567825,-84.46965506,0.914,10/30/2022 0:00,1652,1,1,0,0,O,RAINING,WET,0,RAN OFF ROADWAY (1 VEHICLE WITH/EARTH EMBANKMENT/DITCH),SINGLE VEHICLE,CURVE & LEVEL,DAYLIGHT,0,0,0,1
30759463,CAMPBELL,,OTHR,622,ROBERT,ST,,39.09191621,-84.49082398,0.326,10/30/2022 0:00,1935,2,2,0,0,O,RAINING,WET,1,1 VEHICLE PARKED POSITION (NOT PARKING LOT/DRIVEWAY),BACKING,STRAIGHT & LEVEL,DARK-HWY NOT LIGHTED,0,0,0,1
30756173,CAMPBELL,KY1120,StateRoute,1013,FT THOMAS,AVE,S,39.06550956,-84.44613439,5.272,10/30/2022 0:00,625,1,1,0,0,O,CLEAR,DRY,0,COLLISION WITH FIXED OBJECT NON - INTERSECTION - FIRST EVENT COLLISION 09 - 32 EXCLUDING 16,SINGLE VEHICLE,STRAIGHT & LEVEL,DARK-HWY LIGHTED/ON,0,0,0,1
30769824,CAMPBELL,KY0010,StateRoute,,FLAGG SPRINGS,PIKE,,38.89067975,-84.27232576,11.119,10/30/2022 0:00,2015,1,1,0,1,B,RAINING,WET,0,COLLISION WITH FIXED OBJECT NON - INTERSECTION - FIRST EVENT COLLISION 09 - 32 EXCLUDING 16,SINGLE VEHICLE,STRAIGHT & LEVEL,DARK (UNKNOWN ROADWAY LIGHTING),0,0,0,1
30753161,CAMPBELL,,OTHR,,ALEXANDRIA,PIKE,,38.92076831,-84.39183015,1.832,10/30/2022 0:00,556,1,1,0,0,O,CLEAR,DRY,0,COLLISION WITH ANIMAL NON INTERSECTION,SINGLE VEHICLE,STRAIGHT & GRADE,DARK-HWY NOT LIGHTED,0,0,0,1
30781885,CAMPBELL,,OTHR,,CALIFORNIA,XRD,,38.90374575,-84.28875134,0.812,10/30/2022 0:00,1444,2,2,0,0,O,RAINING,WET,0,HEAD-ON COLLISION,HEAD ON,STRAIGHT & LEVEL,DAYLIGHT,0,0,0,1
30762208,CAMPBELL,,OTHR,2432,HICKORYWOOD,CT,,38.95677636,-84.34408914,0.104,10/30/2022 0:00,1038,2,2,0,0,O,CLEAR,DRY,0,1 VEHICLE PARKED POSITION (NOT PARKING LOT/DRIVEWAY),SIDESWIPE-OPPOSITE DIRECTION,STRAIGHT & HILLCREST,DAYLIGHT,0,0,0,1
30756175,CAMPBELL,,OTHR,26,TAYLOR,AVE,,39.08617374,-84.45343533,0.277,10/30/2022 0:00,820,2,2,0,0,O,CLOUDY,DRY,0,1 VEHICLE PARKED POSITION (NOT PARKING LOT/DRIVEWAY),BACKING,STRAIGHT & GRADE,DAYLIGHT,0,0,0,1
30797617,CAMPBELL,KY0008,StateRoute,,DAVE COWENS,DR,,39.09949277,-84.49117353,1.233,10/31/2022 0:00,1656,2,2,0,0,O,CLEAR,DRY,1,OTHER ROADWAY OR MID-BLOCK COLLISION,OPPOSING LEFT TURN,STRAIGHT & LEVEL,DAYLIGHT,0,0,0,1
30757536,CAMPBELL,I 0471,Interstate,,,,,39.08279528,-84.47025615,0.195,10/31/2022 0:00,900,1,1,0,0,O,CLOUDY,WET,0,COLLISION WITH FIXED OBJECT NOT IN GORE ,SINGLE VEHICLE,CURVE & GRADE,DAYLIGHT,0,0,0,1
30759464,CAMPBELL,I 0471,Interstate,,,,,39.08545292,-84.47445787,0.207,10/31/2022 0:00,1725,2,2,0,0,O,RAINING,WET,0,OTHER RAMP RELATED COLLISIONS NOT LISTED ABOVE,REAR END,CURVE & LEVEL,DAYLIGHT,0,0,0,1
30757537,CAMPBELL,I 0471,Interstate,,,,,39.08544225,-84.47439156,0.204,10/31/2022 0:00,1117,2,2,0,0,O,CLOUDY,DRY,0,OTHER RAMP RELATED COLLISIONS NOT LISTED ABOVE,REAR END,CURVE & GRADE,DAYLIGHT,0,0,0,1
30757538,CAMPBELL,I 0471,Interstate,,,,,39.08541993,-84.47447788,0.208,10/31/2022 0:00,1200,2,2,0,0,O,CLEAR,WET,0,OTHER RAMP RELATED COLLISIONS NOT LISTED ABOVE,REAR END,STRAIGHT & LEVEL,DAYLIGHT,0,0,0,1
30827889,CAMPBELL,US0027,USRoute,2625,ALEXANDRIA,PIKE,,39.03486223,-84.45386429,16.602,10/31/2022 0:00,805,2,2,0,0,O,CLEAR,DRY,0,REAR END IN TRAFFIC LANES BOTH VEHICLES MOVING,REAR END,STRAIGHT & LEVEL,DAYLIGHT,0,0,0,1
30762201,CAMPBELL,,OTHR,7936,ARCADIA,BLVD,,38.96967925,-84.40684238,,10/31/2022 0:00,954,2,2,0,0,O,CLEAR,DRY,1,1 VEHICLE PARKED POSITION (NOT PARKING LOT/DRIVEWAY),SIDESWIPE-OPPOSITE DIRECTION,STRAIGHT & LEVEL,DAWN,0,0,0,1
30757763,CAMPBELL,,OTHR,1132,VINE,AVE,,39.0888311,-84.48000397,0.029,10/31/2022 0:00,1024,2,2,0,0,O,CLEAR,WET,1,1 VEHICLE PARKED POSITION (NOT PARKING LOT/DRIVEWAY),SIDESWIPE-SAME DIRECTION,STRAIGHT & LEVEL,DAYLIGHT,0,0,0,1
30765948,CAMPBELL,US0027,USRoute,,ALEXANDRIA,PIKE,,38.9424627,-84.39403462,8.994,10/31/2022 0:00,716,2,2,0,0,O,RAINING,WET,0,REAR END IN TRAFFIC LANES BOTH VEHICLES MOVING,REAR END,STRAIGHT & LEVEL,DARK-HWY LIGHTED/ON,0,0,0,1
30759466,CAMPBELL,I 0471,Interstate,,I471 N,,,39.10001442,-84.49329789,4.842,10/31/2022 0:00,1716,2,2,0,0,O,CLEAR,WET,0,REAR END IN TRAFFIC LANES BOTH VEHICLES MOVING,REAR END,STRAIGHT & LEVEL,DAYLIGHT,0,0,0,1
30759010,CAMPBELL,KY1892,StateRoute,35,CAROTHERS,RD,,39.08467169,-84.48168622,2.432,10/31/2022 0:00,2105,2,2,0,0,O,CLOUDY,WET,0,VEHICLE BACKING NON INTERSECTION,BACKING,STRAIGHT & GRADE,DARK-HWY LIGHTED/OFF,0,0,0,1
30760387,CAMPBELL,US0027,USRoute,,ALEXANDRIA,PIKE,,39.06231442,-84.45260395,18.802,10/31/2022 0:00,1126,1,1,0,1,C,CLOUDY,WET,0,RAN OFF ROADWAY (1 VEHICLE WITH/EARTH EMBANKMENT/DITCH),SINGLE VEHICLE,CURVE & HILLCREST,DAYLIGHT,0,0,0,1
30757656,CAMPBELL,,OTHR,,10TH,ST,W,39.0846807,-84.4934529,0.345,10/31/2022 0:00,1324,2,2,0,0,O,CLOUDY,WET,0,ANGLE COLLISION - OTHER,ANGLE,STRAIGHT & LEVEL,DAYLIGHT,0,0,0,1
30757765,CAMPBELL,KY1120,StateRoute,,MEMORIAL,PKWY,,39.09272727,-84.4806,1.379,10/31/2022 0:00,1224,2,2,0,0,O,CLEAR,DRY,0,REAR END - ONE VEHICLE TURNING RIGHT,REAR END,CURVE & GRADE,DAYLIGHT,0,0,0,1
30770803,CAMPBELL,KY1120,StateRoute,,MEMORIAL,PKWY,,39.09595888,-84.47216648,1.936,10/31/2022 0:00,757,2,2,0,0,O,CLOUDY,WET,0,OTHER INTERSECTION COLLISIONS,REAR TO REAR,CURVE & LEVEL,DAYLIGHT,1,0,0,1
30762688,CAMPBELL,US0027,USRoute,,ALEXANDRIA,PIKE,,38.9843408,-84.40111856,12.099,10/31/2022 0:00,1906,2,2,0,0,O,RAINING,WET,0,OPPOSING LEFT TURN,OPPOSING LEFT TURN,STRAIGHT & GRADE,DARK (UNKNOWN ROADWAY LIGHTING),0,0,0,1
30770818,CAMPBELL,,OTHR,,KENTON,DR,,39.03436474,-84.46511653,0.478,11/1/2022 0:00,1336,2,2,0,0,O,CLEAR,DRY,0,OPPOSITE DIRECTION - BOTH VEHICLES GOING STRAIGHT AHEAD,SIDESWIPE-OPPOSITE DIRECTION,STRAIGHT & LEVEL,DAYLIGHT,0,0,0,1
30775650,CAMPBELL,,OTHR,,BANEBERRY,LN,,38.98018994,-84.39435697,,11/1/2022 0:00,1650,2,2,0,0,O,CLEAR,DRY,0,OTHER INTERSECTION COLLISIONS,REAR END,CURVE & LEVEL,DAYLIGHT,1,0,0,1
30762689,CAMPBELL,US0027,USRoute,,ALEXANDRIA,PIKE,,38.97087624,-84.39232835,10.973,11/1/2022 0:00,501,1,1,0,0,O,CLEAR,WET,0,COLLISION WITH ANIMAL IN INTERSECTION,SINGLE VEHICLE,STRAIGHT & LEVEL,DARK-HWY LIGHTED/ON,1,0,0,1
30762935,CAMPBELL,US0027,USRoute,,MONMOUTH,ST,,39.08831856,-84.49021815,21.674,11/1/2022 0:00,1110,2,2,0,0,O,CLOUDY,DRY,0,COLLISION WITH FIXED OBJECT IN INTERSECTION - FIRST EVENT COLLISION 09 - 32,SIDESWIPE-SAME DIRECTION,STRAIGHT & LEVEL,DAYLIGHT,1,0,0,1
30770950,CAMPBELL,KY0915,StateRoute,,CAMEL,XING,,38.92094443,-84.39208952,0.078,11/1/2022 0:00,1022,2,2,0,0,O,CLOUDY,DRY,0,ANGLE COLLISION - OTHER,ANGLE,STRAIGHT & LEVEL,DAYLIGHT,0,0,0,1
30769827,CAMPBELL,US0027,USRoute,,ALEXANDRIA,PIKE,,38.86449989,-84.39261149,3.399,11/1/2022 0:00,702,2,2,0,0,O,CLOUDY,WET,0,ANGLE COLLISION - OTHER,ANGLE,STRAIGHT & LEVEL,DARK-HWY LIGHTED/ON,0,0,0,1
30759680,CAMPBELL,,OTHR,216,PARK,AVE,,39.0972284,-84.49175782,0.267,11/1/2022 0:00,139,1,1,0,0,O,RAINING,WET,0,COLLISION WITH FIXED OBJECT NON - INTERSECTION - FIRST EVENT COLLISION 09 - 32 EXCLUDING 16,SINGLE VEHICLE,CURVE & HILLCREST,DARK-HWY LIGHTED/ON,0,0,0,1
30761679,CAMPBELL,KY0008,StateRoute,,DAVE COWENS,DR,,39.10089201,-84.4896325,1.344,11/1/2022 0:00,910,2,2,0,0,O,CLOUDY,WET,1,SIDESWIPE COLLISION - SAME DIRECTION,SIDESWIPE-SAME DIRECTION,STRAIGHT & LEVEL,DAYLIGHT,0,0,0,1
30762820,CAMPBELL,,OTHR,,OFALLON,AVE,,39.10817136,-84.47905521,0.426,11/1/2022 0:00,1210,2,2,0,0,O,CLEAR,DRY,0,HEAD-ON COLLISION,HEAD ON,STRAIGHT & LEVEL,DAYLIGHT,0,0,0,1
30765684,CAMPBELL,KY1892,StateRoute,11,GRAND,AVE,S,39.07529068,-84.46224799,0.99,11/1/2022 0:00,1031,2,2,0,0,O,CLEAR,WET,0,1 VEHICLE ENTERING/LEAVING ENTRANCE,ANGLE,STRAIGHT & LEVEL,DAYLIGHT,0,0,0,1
30771051,CAMPBELL,,OTHR,1215,FT THOMAS,AVE,N,39.09292195,-84.44753884,0.921,11/1/2022 0:00,816,2,2,0,0,O,CLOUDY,WET,0,1 VEHICLE PARKED POSITION (NOT PARKING LOT/DRIVEWAY),SIDESWIPE-SAME DIRECTION,STRAIGHT & LEVEL,DAYLIGHT,0,0,0,1
30767222,CAMPBELL,I 0471,Interstate,4,I471 N,,,39.09509465,-84.48081262,4.07,11/1/2022 0:00,900,2,2,0,0,O,CLEAR,WET,0,REAR END IN TRAFFIC LANES BOTH VEHICLES MOVING,REAR END,STRAIGHT & LEVEL,DAYLIGHT,0,0,0,1
30762880,CAMPBELL,KY0009,StateRoute,,AA,HWY,,39.01431849,-84.47632945,17.057,11/1/2022 0:00,750,2,2,0,0,O,CLOUDY,WET,0,OTHER ROADWAY OR MID-BLOCK COLLISION,REAR END,STRAIGHT & LEVEL,DAWN,0,0,0,1
30770362,CAMPBELL,I 0471,Interstate,,I471 N,,,39.07690716,-84.4691889,2.632,11/2/2022 0:00,756,2,2,0,0,O,FOG,DRY,0,REAR END IN TRAFFIC LANES BOTH VEHICLES MOVING,REAR END,STRAIGHT & GRADE,DARK-HWY LIGHTED/ON,0,0,0,1
30767225,CAMPBELL,,OTHR,,BRIGHTON,ST,,39.08667548,-84.50121988,0.562,11/2/2022 0:00,100,3,3,0,0,O,CLOUDY,DRY,1,1 VEHICLE PARKED POSITION (NOT PARKING LOT/DRIVEWAY),SIDESWIPE-SAME DIRECTION,STRAIGHT & LEVEL,DARK-HWY LIGHTED/ON,0,0,0,1
30770595,CAMPBELL,US0027,USRoute,,ALEXANDRIA,PIKE,,39.03053254,-84.45155049,16.271,11/2/2022 0:00,1650,2,2,0,0,O,CLOUDY,DRY,0,OTHER ROADWAY OR MID-BLOCK COLLISION,REAR END,STRAIGHT & LEVEL,DAYLIGHT,0,0,0,1
30769402,CAMPBELL,KY0008,StateRoute,,DAVE COWENS,DR,,39.10103513,-84.48952145,1.37,11/2/2022 0:00,1917,3,3,0,0,O,CLEAR,DRY,0,OTHER ROADWAY OR MID-BLOCK COLLISION,REAR END,STRAIGHT & LEVEL,DARK-HWY LIGHTED/ON,0,0,0,1
30775977,CAMPBELL,US0027,USRoute,,ALEXANDRIA,PIKE,,39.06543016,-84.4644396,19.473,11/2/2022 0:00,1552,2,2,0,0,O,CLOUDY,DRY,0,1 VEHICLE ENTERING/LEAVING ENTRANCE,ANGLE,CURVE & LEVEL,DAYLIGHT,0,0,0,1
30790849,CAMPBELL,I 0275,Interstate,,I275 E,,,39.02257136,-84.48758878,77.476,11/2/2022 0:00,540,2,2,0,0,O,FOG,DRY,1,SIDESWIPE COLLISION - SAME DIRECTION,SIDESWIPE-SAME DIRECTION,STRAIGHT & LEVEL,DARK-HWY LIGHTED/ON,0,0,0,1
30769828,CAMPBELL,I 0275,Interstate,,I275 W,,,39.03910754,-84.47032433,75.815,11/2/2022 0:00,734,2,2,0,0,O,FOG,DRY,0,SIDESWIPE COLLISION - SAME DIRECTION,SIDESWIPE-SAME DIRECTION,STRAIGHT & LEVEL,DAWN,0,0,0,1
30770363,CAMPBELL,,OTHR,90,FORT THOMAS,PLZ,,39.06920861,-84.46682376,0.201,11/2/2022 0:00,1151,2,2,0,0,O,CLOUDY,DRY,0,1 VEHICLE PARKED POSITION (NOT PARKING LOT/DRIVEWAY),BACKING,STRAIGHT & LEVEL,DAYLIGHT,0,0,0,1
30767227,CAMPBELL,,OTHR,1001,BRIGHTON,ST,,39.08232467,-84.49722716,0.175,11/2/2022 0:00,630,2,2,0,0,O,CLOUDY,DRY,1,1 VEHICLE PARKED POSITION (NOT PARKING LOT/DRIVEWAY),SIDESWIPE-SAME DIRECTION,STRAIGHT & LEVEL,DAWN,0,0,0,1
30769829,CAMPBELL,KY0008,StateRoute,,MARY INGLES,HWY,,39.0291609,-84.35913389,12.547,11/2/2022 0:00,558,1,1,0,0,O,FOG,DRY,0,COLLISION WITH ANIMAL NON INTERSECTION,SINGLE VEHICLE,STRAIGHT & LEVEL,DARK-HWY NOT LIGHTED,0,0,0,1
30767223,CAMPBELL,I 0471,Interstate,,I471 N,,,39.07607147,-84.46872763,2.569,11/2/2022 0:00,937,1,1,0,0,O,CLOUDY,DRY,0,COLLISION WITH ANIMAL NON INTERSECTION,SINGLE VEHICLE,STRAIGHT & LEVEL,DAYLIGHT,0,0,0,1
30771905,CAMPBELL,US0027,USRoute,,ALEXANDRIA,PIKE,,38.89345067,-84.38542859,5.519,11/2/2022 0:00,645,1,1,0,0,O,CLEAR,DRY,0,COLLISION WITH ANIMAL NON INTERSECTION,SINGLE VEHICLE,STRAIGHT & LEVEL,DARK-HWY NOT LIGHTED,0,0,0,1
30771908,CAMPBELL,KY0009,StateRoute,,AA,HWY,,38.92630063,-84.30134237,5.292,11/2/2022 0:00,2000,1,1,0,0,O,CLEAR,DRY,0,COLLISION WITH ANIMAL IN INTERSECTION,SINGLE VEHICLE,STRAIGHT & LEVEL,DARK-HWY NOT LIGHTED,1,0,0,1
30776700,CAMPBELL,KY0008,StateRoute,,6TH,AVE,,39.11292921,-84.47280634,2.599,11/2/2022 0:00,1627,3,3,0,0,O,CLEAR,DRY,0,OTHER INTERSECTION COLLISIONS,REAR END,STRAIGHT & LEVEL,DAYLIGHT,1,0,0,1
30774946,CAMPBELL,KY1120,StateRoute,,FT THOMAS,AVE,S,39.06450235,-84.44663868,5.349,11/3/2022 0:00,1757,2,2,0,0,O,CLOUDY,DRY,0,REAR END - ONE VEHICLE TURNING LEFT,REAR END,STRAIGHT & LEVEL,DAYLIGHT,0,0,0,1
30774314,CAMPBELL,KY2238,StateRoute,,THREE MILE,RD,,39.04745121,-84.4734304,1.59,11/3/2022 0:00,2217,1,1,0,0,O,CLOUDY,DRY,0,COLLISION WITH ANIMAL NON INTERSECTION,SINGLE VEHICLE,STRAIGHT & LEVEL,DARK-HWY LIGHTED/ON,0,0,0,1
30774947,CAMPBELL,I 0275,Interstate,,I275 W,,,39.05546421,-84.43538107,73.477,11/3/2022 0:00,0,1,1,0,0,O,CLEAR,DRY,0,COLLISION WITH ANIMAL NON INTERSECTION,SINGLE VEHICLE,STRAIGHT & LEVEL,DARK-HWY LIGHTED/ON,0,0,0,1
30781867,CAMPBELL,,OTHR,10479,PLEASANT RIDGE,RD,,38.91442069,-84.40251006,5.923,11/3/2022 0:00,2330,1,1,0,0,O,CLEAR,DRY,0,COLLISION WITH ANIMAL NON INTERSECTION,SINGLE VEHICLE,STRAIGHT & LEVEL,DARK-HWY NOT LIGHTED,0,0,0,1
30773336,CAMPBELL,KY0008,StateRoute,330,6TH,AVE,,39.11103213,-84.47638256,2.362,11/3/2022 0:00,812,2,2,0,0,O,CLOUDY,DRY,0,1 VEHICLE PARKED POSITION (NOT PARKING LOT/DRIVEWAY),SIDESWIPE-SAME DIRECTION,STRAIGHT & LEVEL,DAYLIGHT,0,0,0,1
30773379,CAMPBELL,KY1120,StateRoute,,11TH,ST,W,39.07986316,-84.49903312,0.041,11/3/2022 0:00,2033,2,2,0,0,O,CLEAR,DRY,0,OTHER ROADWAY OR MID-BLOCK COLLISION,REAR END,STRAIGHT & HILLCREST,DARK-HWY LIGHTED/ON,0,0,0,1
30771887,CAMPBELL,KY2238,StateRoute,,THREE MILE,RD,,39.04283329,-84.46677548,1.104,11/3/2022 0:00,918,2,2,0,0,O,CLEAR,DRY,0,REAR END IN TRAFFIC LANES BOTH VEHICLES MOVING,REAR END,CURVE & GRADE,DAYLIGHT,0,0,0,1
30772146,CAMPBELL,KY1892,StateRoute,24,CAROTHERS,RD,,39.08455466,-84.48201737,2.452,11/3/2022 0:00,1315,2,2,0,0,O,CLEAR,DRY,0,REAR END IN TRAFFIC LANES BOTH VEHICLES MOVING,REAR END,STRAIGHT & GRADE,DAYLIGHT,0,0,0,1
30770146,CAMPBELL,,OTHR,,PARK,AVE,,39.09795557,-84.49282942,0.349,11/3/2022 0:00,658,2,2,0,0,O,CLEAR,DRY,0,REAR END IN TRAFFIC LANES BOTH VEHICLES MOVING,REAR END,STRAIGHT & LEVEL,DARK-HWY LIGHTED/ON,0,0,0,1
30775984,CAMPBELL,I 0471,Interstate,,I471 S,,,39.06343629,-84.46790435,1.502,11/3/2022 0:00,1711,2,2,0,0,O,CLEAR,DRY,0,REAR END IN TRAFFIC LANES BOTH VEHICLES MOVING,REAR END,STRAIGHT & LEVEL,DAYLIGHT,0,0,0,1
30774948,CAMPBELL,I 0275,Interstate,,I275 E,,,39.05696063,-84.43073936,73.21,11/3/2022 0:00,1620,7,7,0,1,B,CLEAR,DRY,0,REAR END IN TRAFFIC LANES BOTH VEHICLES MOVING,REAR END,STRAIGHT & LEVEL,DAYLIGHT,0,0,0,1
30780020,CAMPBELL,US0027,USRoute,,ALEXANDRIA,PIKE,,39.02514825,-84.44466414,15.716,11/3/2022 0:00,1350,2,2,0,0,O,CLEAR,DRY,0,OTHER ROADWAY OR MID-BLOCK COLLISION,REAR END,STRAIGHT & GRADE,DAYLIGHT,0,0,0,1
30896097,CAMPBELL,I 0471,Interstate,,,,,39.08187379,-84.469708,0.344,11/4/2022 0:00,1610,2,2,0,0,O,CLEAR,DRY,0,OTHER RAMP RELATED COLLISIONS NOT LISTED ABOVE,REAR END,CURVE & GRADE,DAYLIGHT,0,0,0,1
30795331,CAMPBELL,I 0471,Interstate,,I471 SB,,,39.06538645,-84.46635908,1.675,11/4/2022 0:00,1737,2,2,0,0,O,CLEAR,DRY,0,REAR END IN TRAFFIC LANES BOTH VEHICLES MOVING,REAR END,CURVE & LEVEL,DAYLIGHT,0,0,0,1
30790287,CAMPBELL,,OTHR,23,ELBLAINE,DR,,39.03467915,-84.45155209,0.107,11/4/2022 0:00,1215,2,1,0,0,O,CLEAR,DRY,1,1 VEHICLE PARKED POSITION (NOT PARKING LOT/DRIVEWAY),SIDESWIPE-OPPOSITE DIRECTION,STRAIGHT & GRADE,DAYLIGHT,0,0,0,1
30781888,CAMPBELL,US0027,USRoute,,ALEXANDRIA,PIKE,,38.92417844,-84.39213568,7.721,11/4/2022 0:00,710,2,2,0,0,O,CLEAR,DRY,0,REAR END IN TRAFFIC LANES BOTH VEHICLES MOVING,REAR END,STRAIGHT & LEVEL,DARK-HWY NOT LIGHTED,0,0,0,1
30776841,CAMPBELL,KY1892,StateRoute,,GRAND,AVE,,39.08604675,-84.47613668,2.084,11/4/2022 0:00,1047,2,2,0,0,O,CLEAR,DRY,0,SIDESWIPE COLLISION - SAME DIRECTION,SIDESWIPE-SAME DIRECTION,STRAIGHT & LEVEL,DAYLIGHT,0,0,0,1
30776450,CAMPBELL,KY1892,StateRoute,57,CAROTHERS,RD,,39.08456492,-84.48193346,2.448,11/4/2022 0:00,1230,2,2,0,0,O,CLEAR,DRY,0,1 VEHICLE ENTERING/LEAVING ENTRANCE,ANGLE,CURVE & HILLCREST,DAYLIGHT,0,0,0,1
30785554,CAMPBELL,KY1120,StateRoute,,FT THOMAS,AVE,S,39.06591606,-84.44611153,5.245,11/4/2022 0:00,1345,2,2,0,0,O,CLEAR,DRY,0,1 VEHICLE PARKED POSITION (NOT PARKING LOT/DRIVEWAY),SIDESWIPE-SAME DIRECTION,CURVE & LEVEL,DAYLIGHT,0,0,0,1
30781889,CAMPBELL,US0027,USRoute,,ALEXANDRIA,PIKE,,38.88544036,-84.38696413,4.96,11/4/2022 0:00,2316,1,1,0,0,O,CLEAR,DRY,0,COLLISION WITH ANIMAL NON INTERSECTION,SINGLE VEHICLE,STRAIGHT & LEVEL,DARK-HWY NOT LIGHTED,0,0,0,1
30797615,CAMPBELL,,OTHR,,NEWPORT PAVILION,,,39.08831145,-84.47579869,0.421,11/4/2022 0:00,1621,2,2,0,0,O,CLEAR,DRY,0,OTHER INTERSECTION COLLISIONS,REAR END,STRAIGHT & LEVEL,DAYLIGHT,1,0,0,1
30790174,CAMPBELL,KY0471,StateRoute,,KY471,,,39.03838572,-84.45411689,0.098,11/4/2022 0:00,1518,2,2,0,0,O,CLEAR,DRY,1,SIDESWIPE-SAME DIRECTION,SIDESWIPE-SAME DIRECTION,STRAIGHT & LEVEL,DAYLIGHT,0,0,0,1