IncidentID,County,RdwyNumber,RdwyType,Street,RoadwayName,StreetSfx,StreetDir,Latitude,Longitude,Milepoint,CollisionDate,CollisionTime,UnitsInvolved,MotorVehiclesInvolved,NumberKilled,NumberInjured,KABCO,Weather,RdwyConditionCode,HitandRun,DirAnalysisCode,MannerofCollision,RdwyCharacter,LightCondition,Intersection Crash,Bicyclist,Pedestrian,Motor Vehicles
30785628,CAMPBELL,KY1120,StateRoute,950,FT THOMAS,AVE,S,39.06593446,-84.4461264,5.243,11/5/2022 0:00,2339,2,2,0,0,O,CLEAR,DRY,1,1 VEHICLE PARKED POSITION (NOT PARKING LOT/DRIVEWAY),SIDESWIPE-SAME DIRECTION,CURVE & LEVEL,DARK-HWY NOT LIGHTED,0,0,0,1
30780520,CAMPBELL,I 0471,Interstate,,I471 S,,,39.09711037,-84.48435,4.312,11/5/2022 0:00,1846,2,2,0,0,O,CLEAR,DRY,0,SIDESWIPE COLLISION - SAME DIRECTION,SIDESWIPE-SAME DIRECTION,STRAIGHT & LEVEL,DARK-HWY LIGHTED/ON,0,0,0,1
30787405,CAMPBELL,,OTHR,227,12TH,ST,W,39.08251497,-84.49065637,0.132,11/5/2022 0:00,1600,2,2,0,0,O,CLEAR,DRY,1,1 VEHICLE PARKED POSITION (NOT PARKING LOT/DRIVEWAY),BACKING,STRAIGHT & LEVEL,DAYLIGHT,0,0,0,1
30904471,CAMPBELL,KY0709,StateRoute,,ALEXANDRIA,PIKE,E,38.98584194,-84.39786337,0.24,11/5/2022 0:00,1600,3,3,0,1,B,CLOUDY,DRY,0,REAR END IN TRAFFIC LANES BOTH VEHICLES MOVING,REAR END,STRAIGHT & GRADE,DAYLIGHT,0,0,0,1
30794891,CAMPBELL,,OTHR,15,DONNERMEYER,BLVD,,39.0977925,-84.48224492,0.061,11/5/2022 0:00,810,2,2,0,0,O,CLEAR,DRY,0,OTHER ROADWAY OR MID-BLOCK COLLISION,REAR END,STRAIGHT & LEVEL,DAWN,0,0,0,1
30782228,CAMPBELL,,OTHR,,4TH,ST,E,39.09347385,-84.49418681,0.421,11/6/2022 0:00,1222,2,2,0,0,O,CLEAR,DRY,0,SIDESWIPE COLLISION - SAME DIRECTION,SIDESWIPE-SAME DIRECTION,STRAIGHT & LEVEL,DAYLIGHT,0,0,0,1
30813092,CAMPBELL,,OTHR,3809,CANYON,CT,,39.06450417,-84.47025483,0.006,11/6/2022 0:00,1512,2,2,0,0,O,CLEAR,DRY,0,VEHICLE BACKING NON INTERSECTION,BACKING,STRAIGHT & LEVEL,DAYLIGHT,0,0,0,1
30782231,CAMPBELL,,OTHR,,5TH,ST,E,39.09390357,-84.49166785,0.17,11/6/2022 0:00,1238,2,2,0,0,O,CLEAR,DRY,0,ANGLE COLLISION - OTHER,ANGLE,STRAIGHT & LEVEL,DAYLIGHT,0,0,0,1
30787002,CAMPBELL,KY0547,StateRoute,,RILEY,RD,,38.9631377,-84.38078422,0.347,11/6/2022 0:00,1600,1,1,0,0,O,CLEAR,DRY,0,COLLISION WITH ANIMAL IN INTERSECTION,SINGLE VEHICLE,CURVE & LEVEL,DAYLIGHT,1,0,0,1
30790851,CAMPBELL,KY2345,StateRoute,1319,JOHNS HILL,RD,,39.04527079,-84.48419227,2.701,11/6/2022 0:00,1456,1,1,0,0,O,CLEAR,DRY,0,COLLISION WITH ANIMAL NON INTERSECTION,SINGLE VEHICLE,STRAIGHT & GRADE,DAYLIGHT,0,0,0,1
30785560,CAMPBELL,US0027,USRoute,,ALEXANDRIA,PIKE,,39.05950286,-84.45193259,18.576,11/6/2022 0:00,1940,1,1,0,0,O,CLEAR,DRY,0,COLLISION WITH ANIMAL NON INTERSECTION,SINGLE VEHICLE,STRAIGHT & GRADE,DARK-HWY LIGHTED/ON,0,0,0,1
30796390,CAMPBELL,US0027,USRoute,,ALEXANDRIA,PIKE,,38.92509088,-84.3922319,7.783,11/7/2022 0:00,1843,1,1,0,0,O,CLEAR,DRY,0,COLLISION WITH ANIMAL NON INTERSECTION,SINGLE VEHICLE,STRAIGHT & LEVEL,DARK (UNKNOWN ROADWAY LIGHTING),0,0,0,1
30795191,CAMPBELL,KY0009,StateRoute,,AA,HWY,,38.91716826,-84.28617882,4.25,11/7/2022 0:00,915,1,1,0,0,O,CLEAR,DRY,0,COLLISION WITH ANIMAL NON INTERSECTION,SINGLE VEHICLE,STRAIGHT & LEVEL,DAYLIGHT,0,0,0,1
30787403,CAMPBELL,,OTHR,705,OVERTON,ST,,39.09219878,-84.48835071,0.16,11/7/2022 0:00,759,1,1,0,0,O,CLEAR,DRY,0,COLLISION WITH FIXED OBJECT NON - INTERSECTION - FIRST EVENT COLLISION 09 - 32 EXCLUDING 16,SINGLE VEHICLE,STRAIGHT & LEVEL,DAYLIGHT,0,0,0,1
30857459,CAMPBELL,,OTHR,119,MAIN,ST,,39.08038313,-84.48741694,0.35,11/7/2022 0:00,600,2,2,0,0,O,CLOUDY,DRY,0,1 VEHICLE PARKED POSITION (NOT PARKING LOT/DRIVEWAY),BACKING,STRAIGHT & GRADE,DARK-HWY LIGHTED/ON,0,0,0,1
30802317,CAMPBELL,,OTHR,400,8TH,ST,W,39.08538177,-84.49924865,0.034,11/7/2022 0:00,1720,2,2,0,0,O,CLEAR,DRY,1,1 VEHICLE PARKED POSITION (NOT PARKING LOT/DRIVEWAY),SIDESWIPE-SAME DIRECTION,STRAIGHT & LEVEL,DAYLIGHT,0,0,0,1
30787401,CAMPBELL,,OTHR,2223,NEW LINDEN,RD,,39.08010022,-84.47545855,0.32,11/7/2022 0:00,545,2,2,0,0,O,CLEAR,DRY,0,1 VEHICLE PARKED POSITION (NOT PARKING LOT/DRIVEWAY),SIDESWIPE-OPPOSITE DIRECTION,CURVE & GRADE,DUSK,0,0,0,1
30795189,CAMPBELL,KY0536,StateRoute,,CREEKTRACE,RD,,38.93792321,-84.40966729,2.591,11/7/2022 0:00,1310,2,2,0,0,O,CLEAR,DRY,0,ANGLE COLLISION - OTHER,ANGLE,STRAIGHT & LEVEL,DAYLIGHT,0,0,0,1
30789223,CAMPBELL,KY0008,StateRoute,,DAVE COWENS,DR,,39.10056583,-84.49004657,1.326,11/7/2022 0:00,1842,2,2,0,0,O,CLEAR,DRY,0,OTHER ROADWAY OR MID-BLOCK COLLISION,REAR END,STRAIGHT & LEVEL,DARK-HWY LIGHTED/ON,0,0,0,1
30789698,CAMPBELL,,OTHR,,ST. ELIZABETH EAST HOSPITAL,,,39.0790434,-84.46731837,0.151,11/7/2022 0:00,723,2,2,0,0,O,CLEAR,DRY,0,1 VEHICLE ENTERING/LEAVING ENTRANCE,ANGLE,STRAIGHT & HILLCREST,DAYLIGHT,0,0,0,1
30795190,CAMPBELL,US0027,USRoute,,ALEXANDRIA,PIKE,,38.95956899,-84.39291122,10.192,11/7/2022 0:00,1824,2,2,0,0,O,CLEAR,DRY,0,SIDESWIPE COLLISION - SAME DIRECTION,SIDESWIPE-SAME DIRECTION,STRAIGHT & GRADE,DARK-HWY LIGHTED/ON,0,0,0,1
30789694,CAMPBELL,,OTHR,5,OHIO,AVE,,39.08585089,-84.45376233,0.024,11/7/2022 0:00,800,2,2,0,0,O,CLEAR,DRY,1,1 VEHICLE PARKED POSITION (NOT PARKING LOT/DRIVEWAY),SIDESWIPE-SAME DIRECTION,STRAIGHT & LEVEL,DAYLIGHT,0,0,0,1
30802318,CAMPBELL,,OTHR,107,16TH,ST,,39.08200541,-84.48622273,0.076,11/7/2022 0:00,800,2,2,0,0,O,CLEAR,DRY,1,1 VEHICLE PARKED POSITION (NOT PARKING LOT/DRIVEWAY),SIDESWIPE-SAME DIRECTION,STRAIGHT & LEVEL,DUSK,0,0,0,1
30815254,CAMPBELL,,OTHR,100,LOUIE B NUNN,DR,,39.03195646,-84.46319782,0.21,11/7/2022 0:00,1434,1,1,0,0,O,CLEAR,DRY,0,OTHER ROADWAY OR MID-BLOCK COLLISION,SINGLE VEHICLE,STRAIGHT & LEVEL,DAYLIGHT,0,0,0,1
30790856,CAMPBELL,KY0009,StateRoute,,LICKING,PIKE,,39.02237113,-84.48100141,17.715,11/7/2022 0:00,1549,3,3,0,1,C,CLEAR,DRY,0,OTHER ROADWAY OR MID-BLOCK COLLISION,REAR END,STRAIGHT & LEVEL,DAYLIGHT,0,0,0,1
30790823,CAMPBELL,I 0471,Interstate,,,,,39.10049106,-84.48899088,0.505,11/8/2022 0:00,1023,1,1,0,0,O,CLEAR,DRY,0,OTHER RAMP RELATED COLLISIONS NOT LISTED ABOVE,SINGLE VEHICLE,STRAIGHT & LEVEL,DAYLIGHT,0,0,0,1
30795183,CAMPBELL,I 0275,Interstate,,I275 E,,,39.0570894,-84.43052167,,11/8/2022 0:00,1700,3,3,0,0,O,CLEAR,DRY,1,REAR END IN TRAFFIC LANES BOTH VEHICLES MOVING,REAR END,CURVE & GRADE,DAYLIGHT,0,0,0,1
30795188,CAMPBELL,I 0275,Interstate,,I275 E,,,39.05643894,-84.43193371,,11/8/2022 0:00,1649,2,2,0,0,O,CLEAR,DRY,0,REAR END IN TRAFFIC LANES BOTH VEHICLES MOVING,REAR END,CURVE & GRADE,DAYLIGHT,0,0,0,1
30803282,CAMPBELL,KY0008,StateRoute,500,6TH,AVE,,39.1129503,-84.47279947,2.598,11/8/2022 0:00,935,2,2,0,0,O,CLOUDY,DRY,0,1 VEHICLE ENTERING/LEAVING ENTRANCE,ANGLE,STRAIGHT & LEVEL,DAYLIGHT,0,0,0,1
30794890,CAMPBELL,KY0008,StateRoute,,WASHINGTON,AVE,,39.09605431,-84.49357151,0.844,11/8/2022 0:00,1404,2,2,0,0,O,CLEAR,DRY,0,SIDESWIPE-SAME DIRECTION,SIDESWIPE-SAME DIRECTION,STRAIGHT & GRADE,DAYLIGHT,0,0,0,1
30794027,CAMPBELL,US0027,USRoute,,MONMOUTH,ST,,39.08486608,-84.48586812,21.341,11/8/2022 0:00,1805,2,2,0,0,O,CLEAR,DRY,1,OTHER INTERSECTION COLLISIONS,REAR END,STRAIGHT & HILLCREST,DARK-HWY LIGHTED/ON,1,0,0,1
30800277,CAMPBELL,KY0009,StateRoute,,AA,HWY,,38.98924379,-84.39590977,12.185,11/8/2022 0:00,1249,2,2,0,0,O,CLEAR,DRY,0,OTHER INTERSECTION COLLISIONS,REAR END,STRAIGHT & LEVEL,DAYLIGHT,1,0,0,1
30790854,CAMPBELL,KY0009,StateRoute,,AA,HWY,,39.01352659,-84.47550937,16.984,11/8/2022 0:00,605,1,1,0,0,O,CLEAR,DRY,0,COLLISION WITH ANIMAL NON INTERSECTION,SINGLE VEHICLE,STRAIGHT & LEVEL,DARK-HWY NOT LIGHTED,0,0,0,1
30790855,CAMPBELL,KY0009,StateRoute,,AA,HWY,,39.01331023,-84.4752964,16.965,11/8/2022 0:00,558,1,1,0,0,O,CLEAR,DRY,0,COLLISION WITH ANIMAL NON INTERSECTION,SINGLE VEHICLE,STRAIGHT & LEVEL,DARK-HWY NOT LIGHTED,0,0,0,1
30793935,CAMPBELL,KY0009,StateRoute,,AA,HWY,,38.91152654,-84.28209098,,11/8/2022 0:00,2326,1,1,0,0,O,CLEAR,DRY,0,COLLISION WITH ANIMAL NON INTERSECTION,SINGLE VEHICLE,STRAIGHT & GRADE,DARK (UNKNOWN ROADWAY LIGHTING),0,0,0,1
30800014,CAMPBELL,,OTHR,55,SHAW,LN,,39.07981545,-84.44297285,0.157,11/9/2022 0:00,1239,1,1,0,0,O,CLOUDY,DRY,0,COLLISION WITH FIXED OBJECT NON - INTERSECTION - FIRST EVENT COLLISION 09 - 32 EXCLUDING 16,SINGLE VEHICLE,STRAIGHT & GRADE,DAYLIGHT,0,0,0,1
30804841,CAMPBELL,I 0275,Interstate,,I275 W,,,39.05370608,-84.43893059,73.704,11/9/2022 0:00,1202,1,1,0,0,O,CLEAR,DRY,0,COLLISION WITH ANIMAL NON INTERSECTION,SINGLE VEHICLE,STRAIGHT & LEVEL,DAYLIGHT,0,0,0,1
30817506,CAMPBELL,,OTHR,20,PARKVIEW,AVE,,39.08161492,-84.4850119,0.252,11/9/2022 0:00,1700,2,2,0,0,O,CLEAR,DRY,0,1 VEHICLE PARKED POSITION (NOT PARKING LOT/DRIVEWAY),SIDESWIPE-SAME DIRECTION,CURVE & HILLCREST,DAYLIGHT,0,0,0,1
30802037,CAMPBELL,US0027,USRoute,,ALEXANDRIA,PIKE,,38.92129686,-84.39069734,7.51,11/9/2022 0:00,1442,2,2,0,1,C,CLEAR,DRY,0,OPPOSING LEFT TURN,OPPOSING LEFT TURN,STRAIGHT & LEVEL,DAYLIGHT,0,0,0,1
30811475,CAMPBELL,US0027,USRoute,,ALEXANDRIA,PIKE,,39.03518824,-84.45394716,16.627,11/9/2022 0:00,1417,2,2,0,0,O,CLEAR,DRY,0,SIDESWIPE-SAME DIRECTION,SIDESWIPE-SAME DIRECTION,STRAIGHT & LEVEL,DAYLIGHT,0,0,0,1
30815268,CAMPBELL,,OTHR,,LOUIE B NUNN,DR,,39.03345724,-84.4601065,0.003,11/9/2022 0:00,836,2,2,0,0,O,CLEAR,DRY,0,1 VEHICLE ENTERING/LEAVING ENTRANCE,ANGLE,CURVE & LEVEL,DAYLIGHT,0,0,0,1
30802743,CAMPBELL,US0027,USRoute,5020,ALEXANDRIA,PIKE,,39.00460167,-84.42514917,13.973,11/9/2022 0:00,1700,2,2,0,0,O,CLEAR,DRY,0,1 VEHICLE ENTERING/LEAVING ENTRANCE,ANGLE,STRAIGHT & LEVEL,DAYLIGHT,0,0,0,1
30802857,CAMPBELL,KY0009,StateRoute,,AA,HWY,,39.01979099,-84.48146218,17.526,11/9/2022 0:00,1644,2,2,0,0,O,CLEAR,DRY,0,SIDESWIPE COLLISION - SAME DIRECTION,SIDESWIPE-SAME DIRECTION,CURVE & LEVEL,DAYLIGHT,0,0,0,1
30799051,CAMPBELL,US0027,USRoute,,3RD,ST,E,39.0934452,-84.49715605,22.252,11/9/2022 0:00,1747,2,2,0,0,O,CLEAR,DRY,1,SIDESWIPE COLLISION - SAME DIRECTION,SIDESWIPE-SAME DIRECTION,STRAIGHT & LEVEL,DUSK,0,0,0,1
30813446,CAMPBELL,I 0275,Interstate,,I275 E,,,39.0571445,-84.43018038,,11/9/2022 0:00,1733,2,2,0,0,O,CLEAR,DRY,0,REAR END IN TRAFFIC LANES BOTH VEHICLES MOVING,REAR END,STRAIGHT & LEVEL,DAYLIGHT,0,0,0,1
30799052,CAMPBELL,,OTHR,226,5TH,ST,E,39.09356609,-84.49216473,0.139,11/9/2022 0:00,1934,2,2,0,0,O,CLEAR,DRY,1,1 VEHICLE PARKED POSITION (NOT PARKING LOT/DRIVEWAY),SIDESWIPE-SAME DIRECTION,STRAIGHT & LEVEL,DARK-HWY NOT LIGHTED,0,0,0,1
30813082,CAMPBELL,US0027,USRoute,,ALEXANDRIA,PIKE,,39.06724261,-84.46584749,19.658,11/9/2022 0:00,955,2,2,0,0,O,CLEAR,DRY,0,OTHER ROADWAY OR MID-BLOCK COLLISION,OPPOSING LEFT TURN,STRAIGHT & LEVEL,DAYLIGHT,0,0,0,1
30816578,CAMPBELL,US0027,USRoute,,,,,39.00068701,-84.4205521,0.529,11/10/2022 0:00,2000,2,2,0,0,O,CLEAR,DRY,0,OTHER RAMP RELATED COLLISIONS NOT LISTED ABOVE,SIDESWIPE-SAME DIRECTION,STRAIGHT & LEVEL,DARK-HWY LIGHTED/OFF,0,0,0,1
30802858,CAMPBELL,KY0009,StateRoute,,AA,HWY,,39.01972238,-84.48125456,17.52,11/10/2022 0:00,641,3,3,0,0,O,CLEAR,DRY,0,REAR END IN TRAFFIC LANES BOTH VEHICLES MOVING,REAR END,CURVE & GRADE,DARK-HWY LIGHTED/ON,0,0,0,1
30802859,CAMPBELL,I 0275,Interstate,,I275 E,,,39.03472437,-84.47028184,76.054,11/10/2022 0:00,859,2,2,0,0,O,CLEAR,DRY,0,SIDESWIPE COLLISION - SAME DIRECTION,SIDESWIPE-SAME DIRECTION,STRAIGHT & GRADE,DAYLIGHT,0,0,0,1
30813085,CAMPBELL,I 0471,Interstate,,I471 N,,,39.05186896,-84.46725363,0.647,11/10/2022 0:00,2213,2,2,0,0,O,CLOUDY,DRY,0,SIDESWIPE COLLISION - SAME DIRECTION,SIDESWIPE-SAME DIRECTION,CURVE & GRADE,DARK-HWY LIGHTED/ON,0,0,0,1
30822322,CAMPBELL,KY0445,StateRoute,,GRANDVIEW,AVE,,39.06222328,-84.44849136,1.038,11/10/2022 0:00,1041,2,2,0,0,O,CLEAR,DRY,0,HEAD-ON COLLISION,HEAD ON,STRAIGHT & LEVEL,DAYLIGHT,0,0,0,1
30813451,CAMPBELL,,OTHR,,DEAD TIMBER,RD,,38.93458242,-84.29946313,0.961,11/10/2022 0:00,1830,2,2,0,0,O,CLEAR,DRY,1,SIDESWIPE COLLISION - OPPOSITE DIRECTION,SIDESWIPE-OPPOSITE DIRECTION,STRAIGHT & GRADE,DARK-HWY NOT LIGHTED,0,0,0,1
31120309,CAMPBELL,KY0547,StateRoute,5857,FOUR MILE,RD,,39.01777263,-84.37491701,4.832,11/10/2022 0:00,1410,1,1,0,0,O,CLEAR,DRY,0,NON-COLLISION OBJECT COLLISION,SINGLE VEHICLE,STRAIGHT & LEVEL,DAYLIGHT,0,0,0,1
30831732,CAMPBELL,US0027,USRoute,,ALEXANDRIA,PIKE,,38.98325219,-84.39993264,11.999,11/10/2022 0:00,1825,2,2,0,0,O,CLEAR,DRY,0,OTHER INTERSECTION COLLISIONS,REAR END,STRAIGHT & GRADE,DARK-HWY NOT LIGHTED,1,0,0,1
30802315,CAMPBELL,KY0008,StateRoute,,DAVE COWENS,DR,,39.09801272,-84.49283523,1.027,11/10/2022 0:00,1357,2,2,0,0,O,CLEAR,DRY,0,VEHICLE BACKING IN INTERSECTION,BACKING,STRAIGHT & LEVEL,DAYLIGHT,1,0,0,1
30813669,CAMPBELL,KY0009,StateRoute,,AA,HWY,,38.96397124,-84.3475562,8.97,11/10/2022 0:00,1050,1,1,0,0,O,CLEAR,DRY,0,COLLISION WITH ANIMAL NON INTERSECTION,SINGLE VEHICLE,STRAIGHT & LEVEL,DAYLIGHT,0,0,0,1
30807151,CAMPBELL,,OTHR,11285,LEES,RD,,38.8914313,-84.40863349,1.537,11/10/2022 0:00,2044,1,1,0,0,O,CLEAR,DRY,0,COLLISION WITH FIXED OBJECT NON - INTERSECTION - FIRST EVENT COLLISION 09 - 32 EXCLUDING 16,SINGLE VEHICLE,STRAIGHT & GRADE,DARK-HWY NOT LIGHTED,0,0,0,1
30799231,CAMPBELL,US0027,USRoute,,TAYLOR SOUTHGATE,BRG,,39.09396582,-84.49906665,22.385,11/10/2022 0:00,200,1,1,0,0,O,CLEAR,DRY,0,COLLISION WITH FIXED OBJECT NON - INTERSECTION - FIRST EVENT COLLISION 09 - 32 EXCLUDING 16,SINGLE VEHICLE,CURVE & GRADE,DARK-HWY LIGHTED/ON,0,0,0,1
30815523,CAMPBELL,US0027,USRoute,,ALEXANDRIA,PIKE,,38.91409674,-84.38739361,6.982,11/11/2022 0:00,1945,1,1,0,0,O,CLEAR,DRY,0,COLLISION WITH ANIMAL NON INTERSECTION,SINGLE VEHICLE,STRAIGHT & LEVEL,DARK-HWY NOT LIGHTED,0,0,0,1
30816580,CAMPBELL,KY0009,StateRoute,,AA,HWY,,39.00449799,-84.44358154,15.12,11/11/2022 0:00,2356,2,2,0,0,O,CLOUDY,DRY,0,1 VEHICLE PARKED POSITION (NOT PARKING LOT/DRIVEWAY),REAR END,STRAIGHT & HILLCREST,DARK-HWY LIGHTED/ON,0,0,0,1
30810643,CAMPBELL,I 0275,Interstate,,,,,39.02398822,-84.47968013,,11/11/2022 0:00,813,1,1,0,1,C,RAINING,WET,0,RAN OFF ROADWAY (1 VEHICLE WITH/EARTH EMBANKMENT/DITCH),SINGLE VEHICLE,STRAIGHT & GRADE,DAYLIGHT,0,0,0,1
30827198,CAMPBELL,US0027,USRoute,,ALEXANDRIA,PIKE,,38.98224297,-84.3977583,11.864,11/11/2022 0:00,1538,2,2,0,1,B,RAINING,WATER (STANDING OR MOVING),0,OTHER INTERSECTION COLLISIONS,REAR END,STRAIGHT & LEVEL,DAYLIGHT,1,0,0,1
30813598,CAMPBELL,KY1120,StateRoute,,MEMORIAL,PKWY,,39.09081552,-84.45698158,2.871,11/11/2022 0:00,1550,2,2,0,0,O,CLOUDY,WET,0,OTHER INTERSECTION COLLISIONS,REAR END,STRAIGHT & LEVEL,DAYLIGHT,1,0,0,1
30808641,CAMPBELL,US0027,USRoute,,ALEXANDRIA,PIKE,,38.94292978,-84.39393183,9.026,11/11/2022 0:00,1817,1,1,0,0,O,CLOUDY,WET,0,COLLISION WITH ANIMAL IN INTERSECTION,SINGLE VEHICLE,STRAIGHT & LEVEL,DARK-HWY LIGHTED/ON,1,0,0,1
30813601,CAMPBELL,,OTHR,,CLOVER RIDGE,AVE,,39.09563829,-84.45557589,0.361,11/11/2022 0:00,1830,1,1,0,0,O,CLOUDY,WET,0,COLLISION WITH ANIMAL IN INTERSECTION,SINGLE VEHICLE,STRAIGHT & GRADE,DARK-HWY NOT LIGHTED,1,0,0,1
30818491,CAMPBELL,US0027,USRoute,,ALEXANDRIA,PIKE,,38.9903772,-84.4075464,12.642,11/11/2022 0:00,1520,2,2,0,1,C,CLOUDY,WET,0,OTHER ROADWAY OR MID-BLOCK COLLISION,REAR END,STRAIGHT & HILLCREST,DAYLIGHT,0,0,0,1
30846211,CAMPBELL,KY0009,StateRoute,,AA,HWY,,38.99371696,-84.40227516,12.645,11/11/2022 0:00,1331,2,2,0,1,A,RAINING,WET,0,SIDESWIPE COLLISION - SAME DIRECTION,SIDESWIPE-SAME DIRECTION,STRAIGHT & GRADE,DAYLIGHT,0,0,0,1
30813604,CAMPBELL,I 0471,Interstate,,I471 S,,,39.07395779,-84.46573863,2.373,11/11/2022 0:00,631,2,2,0,1,C,RAINING,WET,0,SIDESWIPE COLLISION - SAME DIRECTION,SIDESWIPE-SAME DIRECTION,STRAIGHT & LEVEL,DARK-HWY LIGHTED/ON,0,0,0,1
30805318,CAMPBELL,,OTHR,232,9TH,ST,W,39.0853567,-84.49550402,0.245,11/11/2022 0:00,631,4,4,0,0,O,RAINING,WET,0,1 VEHICLE PARKED POSITION (NOT PARKING LOT/DRIVEWAY),SIDESWIPE-SAME DIRECTION,STRAIGHT & LEVEL,DARK-HWY LIGHTED/ON,0,0,0,1
30813605,CAMPBELL,KY1120,StateRoute,,FT THOMAS,AVE,S,39.06224204,-84.44850152,5.549,11/11/2022 0:00,754,2,2,0,1,C,RAINING,WET,0,REAR END IN TRAFFIC LANES BOTH VEHICLES MOVING,REAR END,STRAIGHT & LEVEL,DAYLIGHT,0,0,0,1
30813086,CAMPBELL,I 0471,Interstate,,I471 SB,,,39.05957426,-84.469453,1.195,11/11/2022 0:00,644,1,1,0,0,O,RAINING,WATER (STANDING OR MOVING),0,OTHER COLLISIONS ON SHOULDER,SINGLE VEHICLE,CURVE & LEVEL,DARK-HWY LIGHTED/ON,0,0,0,1
30813088,CAMPBELL,I 0471,Interstate,,I471 SB,,,39.05957426,-84.469453,1.195,11/11/2022 0:00,644,1,1,0,0,O,RAINING,WATER (STANDING OR MOVING),0,OTHER COLLISIONS ON SHOULDER,SINGLE VEHICLE,CURVE & LEVEL,DARK-HWY LIGHTED/ON,0,0,0,1
30813603,CAMPBELL,I 0471,Interstate,,I471 N,,,39.07373243,-84.46505199,2.316,11/11/2022 0:00,728,1,1,0,0,O,RAINING,WET,0,OTHER COLLISIONS ON SHOULDER,SINGLE VEHICLE,STRAIGHT & LEVEL,DAYLIGHT,0,0,0,1
30805317,CAMPBELL,I 0471,Interstate,,,,,39.08206857,-84.47067919,0.15,11/11/2022 0:00,1230,1,1,0,0,O,RAINING,WET,0,COLLISION WITH FIXED OBJECT NOT IN GORE ,SINGLE VEHICLE,STRAIGHT & LEVEL,DAYLIGHT,0,0,0,1
30807919,CAMPBELL,I 0471,Interstate,,,,,39.08546083,-84.47444624,0.206,11/12/2022 0:00,1118,2,2,0,0,O,"SLEET, HAIL, FREEZING RAIN",WET,0,OTHER RAMP RELATED COLLISIONS NOT LISTED ABOVE,REAR END,STRAIGHT & LEVEL,DAYLIGHT,0,0,0,1
30808930,CAMPBELL,KY0008,StateRoute,,DAVE COWENS,DR,,39.10065021,-84.48995616,1.342,11/12/2022 0:00,1838,2,2,0,1,B,CLOUDY,DRY,0,REAR END IN TRAFFIC LANES BOTH VEHICLES MOVING,REAR END,STRAIGHT & LEVEL,DARK-HWY LIGHTED/ON,0,0,0,1
30811579,CAMPBELL,I 0275,Interstate,,I275 E,,,39.04453798,-84.46555285,75.278,11/12/2022 0:00,1005,2,2,0,0,O,SNOWING,WET,0,SIDESWIPE COLLISION - SAME DIRECTION,SIDESWIPE-SAME DIRECTION,CURVE & LEVEL,DAYLIGHT,0,0,0,1
30808426,CAMPBELL,US0027,USRoute,,ALEXANDRIA,PIKE,,39.02527685,-84.44542903,15.77,11/12/2022 0:00,1550,2,2,0,0,O,CLOUDY,WET,1,OTHER INTERSECTION COLLISIONS,REAR END,STRAIGHT & GRADE,DAYLIGHT,1,0,0,1
30850901,CAMPBELL,KY0009,StateRoute,,AA,HWY,,38.90191855,-84.27807738,,11/12/2022 0:00,350,1,1,0,0,O,CLOUDY,DRY,0,COLLISION WITH ANIMAL NON INTERSECTION,SINGLE VEHICLE,STRAIGHT & GRADE,DARK-HWY NOT LIGHTED,0,0,0,1
30818866,CAMPBELL,,OTHR,219,HIGHLAND,AVE,,39.07661834,-84.45338922,1.091,11/12/2022 0:00,1426,1,1,0,0,O,CLOUDY,WET,0,COLLISION WITH FIXED OBJECT NON - INTERSECTION - FIRST EVENT COLLISION 09 - 32 EXCLUDING 16,SINGLE VEHICLE,STRAIGHT & LEVEL,DAYLIGHT,0,0,0,1
30818493,CAMPBELL,KY0009,StateRoute,,AA,HWY,,38.89548053,-84.27505008,2.62,11/13/2022 0:00,229,1,1,0,0,O,CLEAR,DRY,0,COLLISION WITH ANIMAL IN INTERSECTION,SINGLE VEHICLE,STRAIGHT & LEVEL,DARK-HWY NOT LIGHTED,1,0,0,1
30813607,CAMPBELL,,OTHR,121,CLOVER RIDGE,AVE,,39.09376078,-84.45694771,0.211,11/13/2022 0:00,100,2,2,0,0,O,CLOUDY,WET,1,1 VEHICLE PARKED POSITION (NOT PARKING LOT/DRIVEWAY),SIDESWIPE-SAME DIRECTION,STRAIGHT & HILLCREST,DARK-HWY LIGHTED/ON,0,0,0,1
30816582,CAMPBELL,US0027,USRoute,,,,,39.00234681,-84.42020165,0.319,11/13/2022 0:00,1523,1,1,0,0,O,CLOUDY,DRY,0,OTHER RAMP RELATED COLLISIONS NOT LISTED ABOVE,SINGLE VEHICLE,CURVE & LEVEL,DAYLIGHT,0,0,0,1
30868250,CAMPBELL,,OTHR,1134,POPLAR RIDGE,RD,,38.97462856,-84.38759218,0.262,11/14/2022 0:00,1237,1,1,0,2,A,CLEAR,DRY,0,OTHER ROADWAY OR MID-BLOCK COLLISION,SINGLE VEHICLE,CURVE & LEVEL,DAYLIGHT,0,0,0,1
30816584,CAMPBELL,US0027,USRoute,5020,ALEXANDRIA,PIKE,,39.00557843,-84.42634279,14.063,11/14/2022 0:00,1751,3,3,0,0,O,CLEAR,DRY,0,REAR END IN TRAFFIC LANES BOTH VEHICLES MOVING,REAR END,STRAIGHT & LEVEL,DUSK,0,0,0,1