IncidentID,County,RdwyNumber,RdwyType,Street,RoadwayName,StreetSfx,StreetDir,Latitude,Longitude,Milepoint,CollisionDate,CollisionTime,UnitsInvolved,MotorVehiclesInvolved,NumberKilled,NumberInjured,KABCO,Weather,RdwyConditionCode,HitandRun,DirAnalysisCode,MannerofCollision,RdwyCharacter,LightCondition,Intersection Crash,Bicyclist,Pedestrian,Motor Vehicles
30817402,CAMPBELL,I 0471,Interstate,,I471 S,,,39.09047479,-84.47600763,3.664,11/14/2022 0:00,1810,2,2,0,1,B,CLEAR,DRY,0,REAR END IN TRAFFIC LANES BOTH VEHICLES MOVING,REAR END,STRAIGHT & LEVEL,DARK-HWY LIGHTED/ON,0,0,0,1
30815178,CAMPBELL,US0027,USRoute,,MONMOUTH,ST,,39.08245777,-84.4823168,21.08,11/14/2022 0:00,1045,2,2,0,0,O,CLEAR,DRY,0,SIDESWIPE COLLISION - SAME DIRECTION,SIDESWIPE-SAME DIRECTION,STRAIGHT & LEVEL,DAYLIGHT,0,0,0,1
30816054,CAMPBELL,KY0009,StateRoute,,AA,HWY,,39.01751195,-84.47934156,17.332,11/14/2022 0:00,1412,1,1,0,0,O,CLEAR,DRY,0,COLLISION WITH ANIMAL NON INTERSECTION,SINGLE VEHICLE,STRAIGHT & LEVEL,DAYLIGHT,0,0,0,1
30817130,CAMPBELL,US0027,USRoute,,MONMOUTH,ST,,39.08217227,-84.48215802,21.059,11/14/2022 0:00,2103,2,2,0,0,O,CLEAR,DRY,0,ANGLE COLLISION - ONE VEHICLE TURNING LEFT,ANGLE,STRAIGHT & LEVEL,DARK-HWY LIGHTED/ON,0,0,0,1
30821354,CAMPBELL,,OTHR,,10TH,ST,W,39.08616893,-84.49069746,0.522,11/15/2022 0:00,1801,2,2,0,0,O,RAINING,WET,1,OTHER INTERSECTION COLLISIONS,REAR END,STRAIGHT & LEVEL,DARK-HWY LIGHTED/ON,1,0,0,1
30821355,CAMPBELL,KY1120,StateRoute,,10TH,ST,E,39.08841285,-84.48667779,0.986,11/15/2022 0:00,1815,2,2,0,0,O,RAINING,WET,1,OTHER INTERSECTION COLLISIONS,REAR END,STRAIGHT & LEVEL,DARK-HWY LIGHTED/ON,1,0,0,1
30831724,CAMPBELL,,OTHR,,RIMROCK,LN,,38.98243793,-84.40414898,0.003,11/15/2022 0:00,2044,1,1,0,0,O,RAINING,WET,1,COLLISION WITH FIXED OBJECT IN INTERSECTION - FIRST EVENT COLLISION 09 - 32,SINGLE VEHICLE,STRAIGHT & LEVEL,DARK-HWY LIGHTED/ON,1,0,0,1
30844464,CAMPBELL,KY0009,StateRoute,,AA,HWY,,38.93939497,-84.3227217,6.762,11/15/2022 0:00,1930,1,1,0,0,O,RAINING,WET,0,COLLISION WITH ANIMAL IN INTERSECTION,SINGLE VEHICLE,STRAIGHT & LEVEL,DARK-HWY NOT LIGHTED,1,0,0,1
30840995,CAMPBELL,US0027,USRoute,,ALEXANDRIA,PIKE,,39.03371365,-84.45337804,16.506,11/15/2022 0:00,2031,2,2,0,5,A,RAINING,WET,0,ANGLE COLLISION - ONE VEHICLE TURNING LEFT,ANGLE,STRAIGHT & LEVEL,DARK-HWY LIGHTED/ON,0,0,0,1
30824357,CAMPBELL,,OTHR,901,6TH,ST,E,39.09642473,-84.48471639,0.1,11/15/2022 0:00,1726,1,1,0,0,O,RAINING,WET,0,COLLISION WITH FIXED OBJECT NON - INTERSECTION - FIRST EVENT COLLISION 09 - 32 EXCLUDING 16,SINGLE VEHICLE,STRAIGHT & LEVEL,DUSK,0,0,0,1
30820642,CAMPBELL,,OTHR,,FAIRLANE,RD,,38.82605592,-84.3763908,0.653,11/15/2022 0:00,746,1,1,0,0,O,CLOUDY,DRY,0,COLLISION WITH ANIMAL NON INTERSECTION,SINGLE VEHICLE,STRAIGHT & GRADE,DAWN,0,0,0,1
30820649,CAMPBELL,KY0915,StateRoute,,LICKING,PIKE,,38.93277208,-84.4042982,1.329,11/15/2022 0:00,1550,2,2,0,0,O,CLOUDY,WET,0,OTHER ROADWAY OR MID-BLOCK COLLISION,REAR END,STRAIGHT & LEVEL,DAYLIGHT,0,0,0,1
30819370,CAMPBELL,I 0471,Interstate,,I471 N,,,39.10047318,-84.49438392,4.909,11/15/2022 0:00,839,2,2,0,0,O,CLOUDY,DRY,0,SIDESWIPE COLLISION - SAME DIRECTION,SIDESWIPE-SAME DIRECTION,STRAIGHT & LEVEL,DAYLIGHT,0,0,0,1
30841457,CAMPBELL,KY0008,StateRoute,145,FAIRFIELD,AVE,,39.10378681,-84.48630602,1.631,11/15/2022 0:00,2206,2,2,0,0,O,CLOUDY,WET,0,HEAD-ON COLLISION,HEAD ON,STRAIGHT & GRADE,DARK-HWY LIGHTED/ON,0,0,0,1
30841870,CAMPBELL,KY0009,StateRoute,,AA,HWY,,39.0112253,-84.47296241,16.773,11/15/2022 0:00,1444,1,1,0,0,O,RAINING,WET,0,OTHER COLLISIONS ON SHOULDER,SINGLE VEHICLE,CURVE & LEVEL,DAYLIGHT,0,0,0,1
30822324,CAMPBELL,,OTHR,11,BEECHWOOD,AVE,,39.06864856,-84.45240264,0.038,11/15/2022 0:00,1652,2,2,0,0,O,FOG WITH RAIN,WET,0,1 VEHICLE PARKED POSITION (NOT PARKING LOT/DRIVEWAY),SIDESWIPE-SAME DIRECTION,STRAIGHT & GRADE,DAYLIGHT,0,0,0,1
30828709,CAMPBELL,US0027,USRoute,,ALEXANDRIA,PIKE,,38.98276376,-84.39895022,11.937,11/15/2022 0:00,1907,2,2,0,0,O,RAINING,WET,0,REAR END IN TRAFFIC LANES BOTH VEHICLES MOVING,REAR END,STRAIGHT & GRADE,DARK-HWY LIGHTED/ON,0,0,0,1
30824808,CAMPBELL,I 0471,Interstate,,,,,39.08549017,-84.47437274,0.201,11/16/2022 0:00,1546,2,2,0,0,O,"SLEET, HAIL, FREEZING RAIN",WET,0,OTHER RAMP RELATED COLLISIONS NOT LISTED ABOVE,REAR END,CURVE & GRADE,DAYLIGHT,0,0,0,1
30824362,CAMPBELL,I 0471,Interstate,,,,,39.08222145,-84.47060778,0.16,11/16/2022 0:00,1359,1,1,0,0,O,"SLEET, HAIL, FREEZING RAIN",WET,0,COLLISION WITH FIXED OBJECT NOT IN GORE ,SINGLE VEHICLE,CURVE & GRADE,DAYLIGHT,0,0,0,1
30832796,CAMPBELL,,OTHR,,CAMPBELL,DR,,39.03897029,-84.46548783,0.123,11/16/2022 0:00,1840,2,2,0,0,O,CLEAR,DRY,0,1 VEHICLE ENTERING/LEAVING ENTRANCE,ANGLE,STRAIGHT & LEVEL,DARK-HWY LIGHTED/ON,0,0,0,1
30827504,CAMPBELL,,OTHR,534,HIGHLAND,AVE,,39.07533787,-84.45852219,0.778,11/16/2022 0:00,1257,2,2,0,0,O,CLOUDY,WET,0,SIDESWIPE COLLISION - SAME DIRECTION,SIDESWIPE-SAME DIRECTION,STRAIGHT & LEVEL,DAYLIGHT,0,0,0,1
30827673,CAMPBELL,KY1998,StateRoute,,POOLES CREEK,RD,,39.01787398,-84.45449834,1.004,11/16/2022 0:00,2130,2,2,0,0,O,CLEAR,WET,0,SIDESWIPE COLLISION - OPPOSITE DIRECTION,SIDESWIPE-OPPOSITE DIRECTION,CURVE & GRADE,DARK-HWY NOT LIGHTED,0,0,0,1
30829647,CAMPBELL,,OTHR,,ALEXANDRIA,PIKE,,38.90775757,-84.38771304,0.896,11/16/2022 0:00,624,1,1,0,0,O,CLOUDY,WET,0,COLLISION WITH ANIMAL IN INTERSECTION,SINGLE VEHICLE,STRAIGHT & LEVEL,DARK-HWY LIGHTED/ON,1,0,0,1
30841455,CAMPBELL,KY0008,StateRoute,,FAIRFIELD,AVE,,39.10685618,-84.4825632,1.915,11/16/2022 0:00,1541,2,2,0,0,O,"SLEET, HAIL, FREEZING RAIN",WET,0,OPPOSITE DIRECTION - BOTH VEHICLES GOING STRAIGHT AHEAD,SIDESWIPE-OPPOSITE DIRECTION,STRAIGHT & LEVEL,DAYLIGHT,0,0,0,1
30838935,CAMPBELL,US0027,USRoute,,ALEXANDRIA,PIKE,,39.03694789,-84.45397201,16.733,11/17/2022 0:00,1800,2,2,0,0,O,CLEAR,DRY,0,ANGLE COLLISION - OTHER,ANGLE,STRAIGHT & LEVEL,DARK-HWY LIGHTED/ON,0,0,0,1
30837348,CAMPBELL,US0027,USRoute,,ALEXANDRIA,PIKE,,38.88268295,-84.38757758,4.777,11/17/2022 0:00,1900,1,1,0,0,O,CLEAR,DRY,0,COLLISION WITH ANIMAL IN INTERSECTION,SINGLE VEHICLE,STRAIGHT & LEVEL,DARK-HWY NOT LIGHTED,1,0,0,1
30829648,CAMPBELL,KY0536,StateRoute,,CREEKTRACE,RD,,38.92741516,-84.43230678,1.031,11/17/2022 0:00,736,1,1,0,0,O,CLOUDY,DRY,0,COLLISION WITH ANIMAL IN INTERSECTION,SINGLE VEHICLE,STRAIGHT & LEVEL,DAWN,1,0,0,1
30951677,CAMPBELL,US0027,USRoute,1031,ALEXANDRIA,PIKE,,39.05821384,-84.45143101,,11/17/2022 0:00,1100,1,1,0,0,O,CLOUDY,DRY,0,COLLISION WITH FIXED OBJECT NON - INTERSECTION - FIRST EVENT COLLISION 09 - 32 EXCLUDING 16,SINGLE VEHICLE,STRAIGHT & LEVEL,DAYLIGHT,0,0,0,1
30829646,CAMPBELL,US0027,USRoute,,ALEXANDRIA,PIKE,,38.90882127,-84.38461173,6.587,11/17/2022 0:00,641,1,1,0,0,O,CLEAR,DRY,0,COLLISION WITH ANIMAL NON INTERSECTION,SINGLE VEHICLE,STRAIGHT & LEVEL,DARK-HWY NOT LIGHTED,0,0,0,1
30841708,CAMPBELL,I 0275,Interstate,,I275 E,,,39.02693351,-84.47443712,76.659,11/17/2022 0:00,721,2,2,0,0,O,CLEAR,DRY,0,REAR END IN TRAFFIC LANES BOTH VEHICLES MOVING,REAR END,STRAIGHT & GRADE,DAWN,0,0,0,1
30831618,CAMPBELL,,OTHR,60,PLEASANT,AVE,,39.05476681,-84.45121476,0.107,11/17/2022 0:00,1707,2,2,0,0,O,CLEAR,DRY,1,1 VEHICLE PARKED POSITION (NOT PARKING LOT/DRIVEWAY),REAR END,STRAIGHT & GRADE,DAYLIGHT,0,0,0,1
30829636,CAMPBELL,,OTHR,1101,2ND,AVE,,39.11656001,-84.46447632,0.185,11/17/2022 0:00,1110,2,2,0,0,O,CLOUDY,DRY,0,1 VEHICLE PARKED POSITION (NOT PARKING LOT/DRIVEWAY),BACKING,STRAIGHT & LEVEL,DAYLIGHT,0,0,0,1
30833289,CAMPBELL,,OTHR,600,WASHINGTON,AVE,,39.09212924,-84.49014431,0.294,11/17/2022 0:00,810,2,2,0,0,O,CLEAR,DRY,0,1 VEHICLE PARKED POSITION (NOT PARKING LOT/DRIVEWAY),SIDESWIPE-SAME DIRECTION,STRAIGHT & LEVEL,DAYLIGHT,0,0,0,1
30829040,CAMPBELL,US0027,USRoute,1700,MONMOUTH,ST,,39.08336078,-84.48268403,21.142,11/17/2022 0:00,1530,2,2,0,0,O,CLOUDY,DRY,0,SIDESWIPE COLLISION - SAME DIRECTION,SIDESWIPE-SAME DIRECTION,CURVE & GRADE,DAYLIGHT,0,0,0,1
30841451,CAMPBELL,KY0008,StateRoute,,FAIRFIELD,AVE,,39.10403383,-84.48606726,1.652,11/17/2022 0:00,1737,2,2,0,0,O,CLEAR,DRY,0,OTHER ROADWAY OR MID-BLOCK COLLISION,REAR END,STRAIGHT & LEVEL,DARK-HWY LIGHTED/ON,0,0,0,1
30837777,CAMPBELL,US0027,USRoute,,ALEXANDRIA,PIKE,,39.02770291,-84.4492436,16.046,11/18/2022 0:00,1607,2,2,0,0,O,CLOUDY,DRY,0,OTHER ROADWAY OR MID-BLOCK COLLISION,REAR END,STRAIGHT & LEVEL,DAYLIGHT,0,0,0,1
30832162,CAMPBELL,,OTHR,,NEWPORT PAVILION,,,39.08665943,-84.47710476,0.578,11/18/2022 0:00,656,2,2,0,0,O,CLEAR,DRY,0,SIDESWIPE COLLISION - SAME DIRECTION,SIDESWIPE-SAME DIRECTION,STRAIGHT & LEVEL,DARK-HWY LIGHTED/ON,0,0,0,1
30837350,CAMPBELL,,OTHR,231,AUSTIN,DR,,39.00802991,-84.46407834,,11/18/2022 0:00,2054,2,2,0,0,O,CLOUDY,DRY,0,1 VEHICLE PARKED POSITION (NOT PARKING LOT/DRIVEWAY),BACKING,STRAIGHT & LEVEL,DARK-HWY LIGHTED/ON,0,0,0,1
30833288,CAMPBELL,I 0471,Interstate,4.5,I471 N,,,39.09953141,-84.49252344,4.789,11/18/2022 0:00,750,2,2,0,0,O,CLEAR,DRY,1,REAR END IN TRAFFIC LANES BOTH VEHICLES MOVING,REAR END,STRAIGHT & LEVEL,DAYLIGHT,0,0,0,1
30841715,CAMPBELL,,OTHR,,JOHNS HILL,RD,,39.05250491,-84.4890745,,11/18/2022 0:00,1339,2,2,0,0,O,CLEAR,DRY,0,REAR END IN TRAFFIC LANES BOTH VEHICLES MOVING,REAR END,STRAIGHT & HILLCREST,DAYLIGHT,0,0,0,1
30834334,CAMPBELL,KY0009,StateRoute,,AA,HWY,,38.91785502,-84.28668061,4.303,11/18/2022 0:00,245,1,1,0,0,O,CLOUDY,DRY,0,COLLISION WITH ANIMAL IN INTERSECTION,SINGLE VEHICLE,STRAIGHT & GRADE,DARK-HWY NOT LIGHTED,1,0,0,1
30846357,CAMPBELL,US0027,USRoute,,ALEXANDRIA,PIKE,,38.86444706,-84.3924562,3.395,11/18/2022 0:00,720,2,2,0,0,O,CLOUDY,DRY,0,ANGLE COLLISION - OTHER,ANGLE,STRAIGHT & LEVEL,DAYLIGHT,0,0,0,1
30841286,CAMPBELL,KY1892,StateRoute,,GRAND,AVE,S,39.07592152,-84.46267274,1.004,11/18/2022 0:00,1610,2,2,0,0,O,CLEAR,DRY,0,SIDESWIPE-SAME DIRECTION,SIDESWIPE-SAME DIRECTION,STRAIGHT & LEVEL,DAYLIGHT,0,0,0,1
30841463,CAMPBELL,KY0008,StateRoute,,FAIRFIELD,AVE,,39.10679855,-84.48264914,1.917,11/18/2022 0:00,1448,2,2,0,0,O,CLEAR,DRY,0,OTHER INTERSECTION COLLISIONS,REAR END,STRAIGHT & LEVEL,DAYLIGHT,1,0,0,1
30834787,CAMPBELL,US0027,USRoute,,YORK,ST,,39.08931887,-84.4934883,21.971,11/19/2022 0:00,201,2,2,0,0,O,CLEAR,DRY,1,1 VEHICLE PARKED POSITION (NOT PARKING LOT/DRIVEWAY),REAR END,STRAIGHT & LEVEL,DARK-HWY NOT LIGHTED,0,0,0,1
30839131,CAMPBELL,KY0009,StateRoute,,AA,HWY,,38.93880021,-84.321353,6.676,11/19/2022 0:00,1823,1,1,0,0,O,CLEAR,DRY,0,COLLISION WITH ANIMAL NON INTERSECTION,SINGLE VEHICLE,STRAIGHT & LEVEL,DARK-HWY NOT LIGHTED,0,0,0,1
30838160,CAMPBELL,KY1120,StateRoute,,11TH,ST,W,39.08344937,-84.49226336,0.486,11/19/2022 0:00,1225,2,2,0,0,O,CLEAR,DRY,0,ANGLE COLLISION - ONE VEHICLE TURNING LEFT,ANGLE,STRAIGHT & LEVEL,DAYLIGHT,0,0,0,1
30841290,CAMPBELL,KY1892,StateRoute,,GRAND,AVE,S,39.07562562,-84.46247261,1.017,11/19/2022 0:00,1026,3,3,0,0,O,CLEAR,DRY,0,OTHER ROADWAY OR MID-BLOCK COLLISION,REAR END,STRAIGHT & LEVEL,DAYLIGHT,0,0,0,1
30840712,CAMPBELL,KY0009,StateRoute,,LICKING,PIKE,,39.0215905,-84.48135921,17.653,11/19/2022 0:00,1324,2,2,0,0,O,CLEAR,DRY,0,OTHER ROADWAY OR MID-BLOCK COLLISION,REAR END,STRAIGHT & LEVEL,DAYLIGHT,0,0,0,1
31085503,CAMPBELL,KY1892,StateRoute,,GRAND,AVE,N,39.07590178,-84.46269728,1.039,11/20/2022 0:00,1830,2,2,0,0,O,CLEAR,DRY,0,OTHER ROADWAY OR MID-BLOCK COLLISION,REAR END,STRAIGHT & GRADE,DARK-HWY LIGHTED/ON,0,0,0,1
30839884,CAMPBELL,I 0471,Interstate,,I471 S,,,39.09897792,-84.49189242,4.74,11/20/2022 0:00,2116,2,2,0,0,O,CLEAR,DRY,0,SIDESWIPE COLLISION - SAME DIRECTION,SIDESWIPE-SAME DIRECTION,STRAIGHT & LEVEL,DARK-HWY LIGHTED/ON,0,0,0,1
30841280,CAMPBELL,,OTHR,316,HODGE,ST,,39.08301529,-84.49485494,0.042,11/20/2022 0:00,1539,2,2,0,0,O,CLEAR,DRY,1,SIDESWIPE COLLISION - SAME DIRECTION,SIDESWIPE-SAME DIRECTION,STRAIGHT & LEVEL,DAYLIGHT,0,0,0,1
30852945,CAMPBELL,US0027,USRoute,,YORK,ST,,39.092632,-84.49654386,22.252,11/20/2022 0:00,1000,2,2,0,0,O,CLEAR,DRY,1,1 VEHICLE PARKED POSITION (NOT PARKING LOT/DRIVEWAY),SIDESWIPE-SAME DIRECTION,STRAIGHT & LEVEL,UNKNOWN,0,0,0,1
30857557,CAMPBELL,,OTHR,,BERRY,ST,,39.11393712,-84.47134554,0.132,11/20/2022 0:00,254,2,2,0,0,O,CLEAR,DRY,0,1 VEHICLE PARKED POSITION (NOT PARKING LOT/DRIVEWAY),BACKING,STRAIGHT & GRADE,DARK-HWY LIGHTED/ON,0,0,0,1
30859951,CAMPBELL,KY1120,StateRoute,,MEMORIAL,PKWY,,39.09267679,-84.47522766,1.677,11/21/2022 0:00,1759,1,1,0,0,O,CLEAR,DRY,0,COLLISION WITH FIXED OBJECT NON - INTERSECTION - FIRST EVENT COLLISION 09 - 32 EXCLUDING 16,SINGLE VEHICLE,STRAIGHT & LEVEL,DARK-HWY LIGHTED/ON,0,0,0,1
30846072,CAMPBELL,KY2345,StateRoute,70,MARTHA L COLLINS,BLVD,,39.02654775,-84.45376273,0.233,11/21/2022 0:00,1609,2,2,0,0,O,CLEAR,DRY,0,COLLISION WITH FIXED OBJECT NON - INTERSECTION - FIRST EVENT COLLISION 09 - 32 EXCLUDING 16,ANGLE,STRAIGHT & LEVEL,DAYLIGHT,0,0,0,1
30843616,CAMPBELL,KY1120,StateRoute,305,11TH,ST,W,39.08262495,-84.4938876,0.384,11/21/2022 0:00,1345,1,1,0,0,O,CLEAR,DRY,1,COLLISION WITH FIXED OBJECT NON - INTERSECTION - FIRST EVENT COLLISION 09 - 32 EXCLUDING 16,SINGLE VEHICLE,STRAIGHT & LEVEL,DAYLIGHT,0,0,0,1
30857462,CAMPBELL,KY1892,StateRoute,,GRAND,AVE,,39.08036885,-84.46735204,1.43,11/21/2022 0:00,1511,2,2,0,0,O,CLOUDY,DRY,0,OTHER INTERSECTION COLLISIONS,REAR END,STRAIGHT & GRADE,DAYLIGHT,1,0,0,1
30857460,CAMPBELL,,OTHR,,PARK,AVE,,39.09799725,-84.49286693,0.352,11/21/2022 0:00,953,2,2,0,0,O,CLOUDY,DRY,0,SIDESWIPE-SAME DIRECTION,SIDESWIPE-SAME DIRECTION,STRAIGHT & GRADE,DAYLIGHT,0,0,0,1
30857490,CAMPBELL,,OTHR,,LOWELL,ST,,39.08287866,-84.49961651,0.013,11/21/2022 0:00,1357,2,2,0,0,O,CLEAR,DRY,0,ANGLE COLLISION - OTHER,ANGLE,STRAIGHT & HILLCREST,DAYLIGHT,0,0,0,1
30868259,CAMPBELL,KY0009,StateRoute,,AA,HWY,,38.97978161,-84.37036633,10.631,11/21/2022 0:00,2002,2,1,0,0,O,CLEAR,DRY,0,SIDESWIPE COLLISION - SAME DIRECTION,SIDESWIPE-SAME DIRECTION,STRAIGHT & LEVEL,DARK-HWY NOT LIGHTED,0,0,0,1
30843622,CAMPBELL,,OTHR,700,DAYTON,ST,,39.09029466,-84.49137317,0.095,11/21/2022 0:00,1330,2,2,0,0,O,CLEAR,DRY,0,1 VEHICLE ENTERING/LEAVING ENTRANCE,ANGLE,STRAIGHT & LEVEL,DAYLIGHT,0,0,0,1
30843618,CAMPBELL,,OTHR,,NEWPORT PAVILION,,,39.08718538,-84.4769213,0.541,11/21/2022 0:00,1445,2,2,0,0,O,CLEAR,DRY,0,1 VEHICLE ENTERING/LEAVING ENTRANCE,ANGLE,STRAIGHT & LEVEL,DAYLIGHT,0,0,0,1
30840108,CAMPBELL,,OTHR,,WASHINGTON,AVE,,39.09411371,-84.49189094,0.128,11/21/2022 0:00,20,4,4,0,1,C,CLEAR,DRY,0,1 VEHICLE PARKED POSITION (NOT PARKING LOT/DRIVEWAY),SIDESWIPE-OPPOSITE DIRECTION,STRAIGHT & LEVEL,DARK-HWY LIGHTED/OFF,0,0,0,1
30851764,CAMPBELL,,OTHR,,NELSON,PL,,39.09571843,-84.48825863,0.116,11/21/2022 0:00,750,2,2,0,0,O,CLEAR,DRY,1,1 VEHICLE PARKED POSITION (NOT PARKING LOT/DRIVEWAY),BACKING,STRAIGHT & LEVEL,DAYLIGHT,0,0,0,1
30843619,CAMPBELL,I 0471,Interstate,,,,,39.09285405,-84.47902833,0.193,11/21/2022 0:00,808,2,2,0,0,O,CLEAR,DRY,0,OTHER RAMP RELATED COLLISIONS NOT LISTED ABOVE,REAR END,CURVE & LEVEL,DARK (UNKNOWN ROADWAY LIGHTING),0,0,0,1
30848347,CAMPBELL,KY1120,StateRoute,,MEMORIAL,PKWY,,39.09235792,-84.47625944,1.607,11/22/2022 0:00,1135,2,2,0,0,O,CLOUDY,DRY,0,OTHER ROADWAY OR MID-BLOCK COLLISION,OPPOSING LEFT TURN,CURVE & GRADE,DAYLIGHT,0,0,0,1
30923999,CAMPBELL,KY0008,StateRoute,,FAIRFIELD,AVE,,39.10569969,-84.48411027,1.809,11/22/2022 0:00,1005,2,2,0,0,O,CLEAR,DRY,0,OTHER ROADWAY OR MID-BLOCK COLLISION,REAR END,STRAIGHT & LEVEL,DAYLIGHT,0,0,0,1
30857280,CAMPBELL,US0027,USRoute,2760,ALEXANDRIA,PIKE,,39.03255156,-84.45245087,16.415,11/22/2022 0:00,1142,2,2,0,0,O,CLEAR,DRY,0,1 VEHICLE PARKED POSITION (NOT PARKING LOT/DRIVEWAY),SIDESWIPE-SAME DIRECTION,STRAIGHT & LEVEL,DAYLIGHT,0,0,0,1
30846910,CAMPBELL,,OTHR,,LIBERTY,ST,,39.08704798,-84.49660818,0.205,11/22/2022 0:00,847,2,2,0,0,O,CLEAR,DRY,1,1 VEHICLE ENTERING/LEAVING ENTRANCE,ANGLE,STRAIGHT & LEVEL,DAYLIGHT,0,0,0,1
30867092,CAMPBELL,KY1892,StateRoute,85,GRAND,AVE,N,39.07859379,-84.46511101,1.267,11/22/2022 0:00,1350,2,2,0,0,O,CLEAR,DRY,0,VEHICLE BACKING NON INTERSECTION,BACKING,STRAIGHT & LEVEL,DAYLIGHT,0,0,0,1
30867843,CAMPBELL,KY0709,StateRoute,,ALEXANDRIA,PIKE,E,38.98307121,-84.3977658,0.057,11/22/2022 0:00,1745,2,2,0,0,O,CLEAR,DRY,0,1 VEHICLE ENTERING/LEAVING ENTRANCE,ANGLE,STRAIGHT & GRADE,DARK-HWY LIGHTED/ON,0,0,0,1
30849980,CAMPBELL,,OTHR,615,OFALLON,AVE,,39.10882609,-84.47955933,0.478,11/22/2022 0:00,1055,4,4,0,0,O,CLEAR,DRY,0,1 VEHICLE PARKED POSITION (NOT PARKING LOT/DRIVEWAY),SIDESWIPE-SAME DIRECTION,STRAIGHT & GRADE,DAYLIGHT,0,0,0,1
30850267,CAMPBELL,KY0008,StateRoute,,DAVE COWENS,DR,,39.09800813,-84.49288428,1.023,11/23/2022 0:00,2,2,2,0,1,B,CLEAR,DRY,1,ANGLE COLLISION - OTHER,ANGLE,STRAIGHT & LEVEL,DARK-HWY LIGHTED/ON,0,0,0,1
30854771,CAMPBELL,US0027,USRoute,,MONMOUTH,ST,,39.08613435,-84.48747334,21.463,11/23/2022 0:00,1948,2,2,0,0,O,CLEAR,DRY,0,SIDESWIPE-SAME DIRECTION,SIDESWIPE-SAME DIRECTION,CURVE & LEVEL,DARK-HWY LIGHTED/ON,0,0,0,1
30854772,CAMPBELL,US0027,USRoute,,MONMOUTH,ST,,39.08392008,-84.48364086,21.217,11/23/2022 0:00,2050,2,2,0,0,O,CLEAR,DRY,1,SIDESWIPE-SAME DIRECTION,SIDESWIPE-SAME DIRECTION,STRAIGHT & HILLCREST,DARK-HWY LIGHTED/ON,0,0,0,1
30852871,CAMPBELL,,OTHR,1114,WATERWORKS,RD,,39.0923262,-84.46343067,0.792,11/23/2022 0:00,1222,2,2,0,0,O,CLEAR,DRY,1,1 VEHICLE PARKED POSITION (NOT PARKING LOT/DRIVEWAY),SIDESWIPE-SAME DIRECTION,STRAIGHT & LEVEL,DAYLIGHT,0,0,0,1
30857018,CAMPBELL,KY0154,StateRoute,13623,PEACH GROVE,RD,,38.84571034,-84.35353681,1.789,11/23/2022 0:00,1807,1,1,0,0,O,CLEAR,DRY,0,COLLISION WITH ANIMAL NON INTERSECTION,SINGLE VEHICLE,CURVE & LEVEL,DARK-HWY NOT LIGHTED,0,0,0,1
30853851,CAMPBELL,KY0009,StateRoute,,AA,HWY,,39.00759794,-84.45785972,15.919,11/23/2022 0:00,635,1,1,0,0,O,CLEAR,DRY,0,COLLISION WITH ANIMAL NON INTERSECTION,SINGLE VEHICLE,STRAIGHT & GRADE,DARK-HWY NOT LIGHTED,0,0,0,1
30858413,CAMPBELL,KY0009,StateRoute,,AA,HWY,,39.00779849,-84.45912876,15.989,11/23/2022 0:00,700,1,1,0,0,O,CLEAR,DRY,0,COLLISION WITH ANIMAL NON INTERSECTION,SINGLE VEHICLE,STRAIGHT & HILLCREST,DARK-HWY LIGHTED/OFF,0,0,0,1
30860450,CAMPBELL,US0027,USRoute,,ALEXANDRIA,PIKE,,39.00086131,-84.42039595,13.622,11/23/2022 0:00,1825,2,2,0,0,O,CLEAR,DRY,0,OTHER ROADWAY OR MID-BLOCK COLLISION,REAR END,STRAIGHT & LEVEL,DARK-HWY NOT LIGHTED,0,0,0,1
30867091,CAMPBELL,KY1120,StateRoute,,FT THOMAS,AVE,S,39.06487419,-84.44645362,5.319,11/23/2022 0:00,1211,2,2,0,0,O,CLEAR,DRY,0,VEHICLE BACKING NON INTERSECTION,BACKING,STRAIGHT & LEVEL,DAYLIGHT,0,0,0,1
30854753,CAMPBELL,US0027,USRoute,,YORK,ST,,39.09163548,-84.49564509,22.169,11/23/2022 0:00,2356,2,2,0,0,O,CLEAR,DRY,0,1 VEHICLE ENTERING/LEAVING ENTRANCE,ANGLE,STRAIGHT & LEVEL,DARK-HWY LIGHTED/ON,0,0,0,1
30867090,CAMPBELL,,OTHR,,LUMLEY,AVE,,39.08054596,-84.44742269,0.208,11/23/2022 0:00,1110,2,2,0,0,O,CLEAR,DRY,0,1 VEHICLE PARKED POSITION (NOT PARKING LOT/DRIVEWAY),SIDESWIPE-SAME DIRECTION,STRAIGHT & LEVEL,DAYLIGHT,0,0,0,1
30859952,CAMPBELL,KY0008,StateRoute,130,FAIRFIELD,AVE,,39.1032641,-84.48693292,1.582,11/23/2022 0:00,2040,2,2,0,0,O,CLEAR,DRY,0,1 VEHICLE PARKED POSITION (NOT PARKING LOT/DRIVEWAY),SIDESWIPE-SAME DIRECTION,STRAIGHT & LEVEL,DARK-HWY LIGHTED/ON,0,0,0,1
30867097,CAMPBELL,,OTHR,104,SHERIDAN,AVE,,39.05953995,-84.45501089,0.341,11/24/2022 0:00,2128,2,2,0,0,O,CLEAR,DRY,0,1 VEHICLE PARKED POSITION (NOT PARKING LOT/DRIVEWAY),SIDESWIPE-SAME DIRECTION,STRAIGHT & LEVEL,DARK-HWY NOT LIGHTED,0,0,0,1