IncidentID,County,RdwyNumber,RdwyType,Street,RoadwayName,StreetSfx,StreetDir,Latitude,Longitude,Milepoint,CollisionDate,CollisionTime,UnitsInvolved,MotorVehiclesInvolved,NumberKilled,NumberInjured,KABCO,Weather,RdwyConditionCode,HitandRun,DirAnalysisCode,MannerofCollision,RdwyCharacter,LightCondition,Intersection Crash,Bicyclist,Pedestrian,Motor Vehicles
30857126,CAMPBELL,,OTHR,208,WALNUT,ST,,39.06873082,-84.47704028,0.208,11/24/2022 0:00,2200,1,1,0,0,O,CLOUDY,DRY,1,1 VEHICLE PARKED POSITION (NOT PARKING LOT/DRIVEWAY),SINGLE VEHICLE,STRAIGHT & LEVEL,DARK-HWY LIGHTED/ON,0,0,0,1
30871073,CAMPBELL,I 0275,Interstate,,I275 E,,,39.04723933,-84.45509229,74.685,11/24/2022 0:00,1633,3,3,0,1,B,CLEAR,DRY,0,SIDESWIPE COLLISION - SAME DIRECTION,SIDESWIPE-SAME DIRECTION,STRAIGHT & LEVEL,DAYLIGHT,0,0,0,1
30858417,CAMPBELL,,OTHR,,ASPEN PINES,DR,,39.06151891,-84.48424536,0.284,11/24/2022 0:00,1248,2,2,0,0,O,CLEAR,DRY,0,VEHICLE BACKING NON INTERSECTION,BACKING,STRAIGHT & LEVEL,DAYLIGHT,0,0,0,1
30880116,CAMPBELL,KY1120,StateRoute,,10TH,ST,E,39.09002841,-84.48380776,1.121,11/24/2022 0:00,2351,2,1,0,1,C,CLEAR,DRY,1,COLLISION WITH PEDESTRIAN IN INTERSECTION,SINGLE VEHICLE,STRAIGHT & LEVEL,DARK-HWY LIGHTED/ON,1,0,1,0
30859225,CAMPBELL,KY1892,StateRoute,1709,CAROTHERS,RD,,39.08459019,-84.48097199,2.379,11/25/2022 0:00,2357,1,1,0,0,O,CLEAR,DRY,0,COLLISION WITH FIXED OBJECT NON - INTERSECTION - FIRST EVENT COLLISION 09 - 32 EXCLUDING 16,SINGLE VEHICLE,STRAIGHT & LEVEL,DARK-HWY LIGHTED/ON,0,0,0,1
30892678,CAMPBELL,,OTHR,,OVERLOOK,CT,,39.03930952,-84.47312309,0.034,11/25/2022 0:00,515,2,2,0,0,O,RAINING,WET,0,1 VEHICLE PARKED POSITION (NOT PARKING LOT/DRIVEWAY),BACKING,STRAIGHT & LEVEL,DARK (UNKNOWN ROADWAY LIGHTING),0,0,0,1
30865581,CAMPBELL,US0027,USRoute,,ALEXANDRIA,PIKE,,39.06728602,-84.46571061,19.654,11/25/2022 0:00,1336,2,2,0,0,O,CLEAR,DRY,0,1 VEHICLE ENTERING/LEAVING ENTRANCE,ANGLE,STRAIGHT & LEVEL,DAYLIGHT,0,0,0,1
30859693,CAMPBELL,,OTHR,3,RIDGE,PL,E,39.08104819,-84.47664327,0.06,11/25/2022 0:00,2357,2,2,0,0,O,CLEAR,DRY,0,1 VEHICLE PARKED POSITION (NOT PARKING LOT/DRIVEWAY),REAR END,STRAIGHT & HILLCREST,DARK-HWY LIGHTED/ON,0,0,0,1
30862709,CAMPBELL,US0027,USRoute,,ALEXANDRIA,PIKE,,39.00083814,-84.42064538,13.628,11/25/2022 0:00,1635,2,2,0,0,O,CLEAR,DRY,0,OTHER ROADWAY OR MID-BLOCK COLLISION,REAR END,STRAIGHT & LEVEL,DAYLIGHT,0,0,0,1
30862240,CAMPBELL,I 0471,Interstate,,,,,39.08545119,-84.47471612,0.214,11/26/2022 0:00,2046,2,2,0,0,O,CLEAR,DRY,0,OTHER RAMP RELATED COLLISIONS NOT LISTED ABOVE,REAR END,STRAIGHT & LEVEL,DARK-HWY LIGHTED/ON,0,0,0,1
30872026,CAMPBELL,KY1120,StateRoute,,10TH,ST,E,39.08843113,-84.48663375,0.984,11/26/2022 0:00,1456,2,2,0,0,O,CLOUDY,DRY,0,OTHER INTERSECTION COLLISIONS,REAR END,STRAIGHT & LEVEL,DAYLIGHT,1,0,0,1
31311567,CAMPBELL,KY0008,StateRoute,,6TH,AVE,,39.11228906,-84.47427041,2.509,11/27/2022 0:00,2335,2,2,0,0,O,CLEAR,DRY,1,COLLISION WITH PARKED VEHICLE,SIDESWIPE-SAME DIRECTION,STRAIGHT & LEVEL,DARK-HWY LIGHTED/ON,0,0,0,1
30875824,CAMPBELL,,OTHR,,NINE MILE,RD,,39.00626092,-84.35375756,1.859,11/27/2022 0:00,1325,1,1,0,1,C,CLOUDY,WET,0,RAN OFF ROADWAY (1 VEHICLE WITH/EARTH EMBANKMENT/DITCH),SINGLE VEHICLE,CURVE & LEVEL,DAYLIGHT,0,0,0,1
30862294,CAMPBELL,,OTHR,300,SARATOGA,ST,,39.0940401,-84.4938311,0.641,11/27/2022 0:00,235,1,1,0,0,O,RAINING,WET,0,COLLISION WITH FIXED OBJECT NON - INTERSECTION - FIRST EVENT COLLISION 09 - 32 EXCLUDING 16,SINGLE VEHICLE,STRAIGHT & LEVEL,DARK-HWY LIGHTED/ON,0,0,0,1
30877657,CAMPBELL,I 0275,Interstate,,I275 E,,,39.02253171,-84.48883048,77.55,11/27/2022 0:00,1835,3,3,0,0,O,RAINING,WET,0,REAR END IN TRAFFIC LANES BOTH VEHICLES MOVING,REAR END,STRAIGHT & LEVEL,DARK-HWY LIGHTED/ON,0,0,0,1
30870840,CAMPBELL,I 0471,Interstate,,I471 NB,,,39.05543527,-84.46941216,0.921,11/27/2022 0:00,1849,2,2,0,0,O,RAINING,WET,1,1 VEHICLE ENTERING/LEAVING ENTRANCE,ANGLE,CURVE & LEVEL,DUSK,0,0,0,1
30871076,CAMPBELL,I 0275,Interstate,,I275 E,,,39.03408239,-84.47032213,76.102,11/27/2022 0:00,1807,2,2,0,0,O,RAINING,WET,0,OTHER ROADWAY OR MID-BLOCK COLLISION,REAR END,STRAIGHT & LEVEL,DARK-HWY LIGHTED/ON,0,0,0,1
30867101,CAMPBELL,I 0471,Interstate,,,,,39.07190623,-84.46375367,0.039,11/27/2022 0:00,855,1,1,0,0,O,RAINING,WET,0,COLLISION WITH FIXED OBJECT NOT IN GORE ,SINGLE VEHICLE,STRAIGHT & GRADE,DAYLIGHT,0,0,0,1
30871078,CAMPBELL,I 0275,Interstate,,I275 E,,,39.03642798,-84.4701599,75.932,11/27/2022 0:00,1824,2,2,0,0,O,RAINING,WET,0,OTHER ROADWAY OR MID-BLOCK COLLISION,REAR END,STRAIGHT & LEVEL,DARK-HWY LIGHTED/ON,0,0,0,1
30870231,CAMPBELL,I 0471,Interstate,,I471 S,,,39.08739691,-84.47454157,3.435,11/28/2022 0:00,1748,3,3,0,1,B,CLOUDY,DRY,0,REAR END IN TRAFFIC LANES BOTH VEHICLES MOVING,REAR END,STRAIGHT & LEVEL,DARK-HWY LIGHTED/ON,0,0,0,1
30868588,CAMPBELL,I 0471,Interstate,,I471 N,,,39.09896238,-84.49135315,4.715,11/28/2022 0:00,603,1,1,0,1,C,CLOUDY,DRY,0,COLLISION WITH FIXED OBJECT NON - INTERSECTION - FIRST EVENT COLLISION 09 - 32 EXCLUDING 16,SINGLE VEHICLE,STRAIGHT & LEVEL,DARK-HWY LIGHTED/ON,0,0,0,1
30875925,CAMPBELL,KY1120,StateRoute,,MEMORIAL,PKWY,,39.08235789,-84.45074292,3.926,11/28/2022 0:00,1415,2,2,0,0,O,CLOUDY,DRY,0,1 VEHICLE PARKED POSITION (NOT PARKING LOT/DRIVEWAY),SIDESWIPE-SAME DIRECTION,CURVE & LEVEL,DAYLIGHT,0,0,0,1
30882669,CAMPBELL,,OTHR,,PARK,AVE,,39.09800628,-84.49288681,0.353,11/28/2022 0:00,300,1,1,0,0,O,CLEAR,DRY,0,COLLISION WITH FIXED OBJECT IN INTERSECTION - FIRST EVENT COLLISION 09 - 32,SINGLE VEHICLE,STRAIGHT & HILLCREST,DARK-HWY LIGHTED/ON,1,0,0,1
30877497,CAMPBELL,US0027,USRoute,,ALEXANDRIA,PIKE,,39.01876333,-84.43656822,15.106,11/29/2022 0:00,2012,2,2,0,1,B,CLEAR,DRY,0,ANGLE COLLISION - OTHER,ANGLE,STRAIGHT & LEVEL,DARK-HWY LIGHTED/ON,0,0,0,1
30882902,CAMPBELL,KY1998,StateRoute,,INDUSTRIAL,RD,,39.04350704,-84.42072192,3.894,11/29/2022 0:00,2330,1,1,0,0,O,RAINING,WATER (STANDING OR MOVING),0,COLLISION WITH FIXED OBJECT NON - INTERSECTION - FIRST EVENT COLLISION 09 - 32 EXCLUDING 16,SINGLE VEHICLE,STRAIGHT & GRADE,DARK-HWY NOT LIGHTED,0,0,0,1
30876007,CAMPBELL,I 0471,Interstate,,I471 S,,,39.05749586,-84.4696086,1.043,11/29/2022 0:00,2337,1,1,0,1,C,RAINING,WATER (STANDING OR MOVING),0,COLLISION WITH FIXED OBJECT NON - INTERSECTION - FIRST EVENT COLLISION 09 - 32 EXCLUDING 16,SINGLE VEHICLE,CURVE & LEVEL,DARK-HWY LIGHTED/ON,0,0,0,1
30877660,CAMPBELL,KY1632,StateRoute,63,MOOCK,RD,,39.05646594,-84.48036303,0.448,11/29/2022 0:00,1105,1,1,0,0,O,CLOUDY,DRY,0,OTHER COLLISIONS ON SHOULDER,SINGLE VEHICLE,CURVE & LEVEL,DAYLIGHT,0,0,0,1
30875926,CAMPBELL,I 0275,Interstate,,I275 W,,,39.05766447,-84.43004129,73.153,11/29/2022 0:00,1640,2,2,0,0,O,CLEAR,DRY,0,SIDESWIPE COLLISION - SAME DIRECTION,SIDESWIPE-SAME DIRECTION,STRAIGHT & LEVEL,DAYLIGHT,0,0,0,1
30875923,CAMPBELL,KY1892,StateRoute,,GRAND,AVE,N,39.07565873,-84.46247997,1.019,11/29/2022 0:00,1010,2,2,0,0,O,CLEAR,DRY,0,OTHER ROADWAY OR MID-BLOCK COLLISION,OPPOSING LEFT TURN,STRAIGHT & LEVEL,DAYLIGHT,0,0,0,1
30881202,CAMPBELL,,OTHR,15,HUNTEMAN,LN,,39.08623801,-84.46621967,0.071,11/30/2022 0:00,1400,2,2,0,0,O,CLEAR,DRY,0,1 VEHICLE PARKED POSITION (NOT PARKING LOT/DRIVEWAY),BACKING,STRAIGHT & HILLCREST,DAYLIGHT,0,0,0,1
30877662,CAMPBELL,KY0009,StateRoute,,AA,HWY,,39.00981144,-84.46896531,16.533,11/30/2022 0:00,1148,3,3,0,1,C,CLEAR,DRY,0,REAR END IN TRAFFIC LANES BOTH VEHICLES MOVING,REAR END,STRAIGHT & LEVEL,DAYLIGHT,0,0,0,1
30878098,CAMPBELL,KY0009,StateRoute,800,CENTRAL,AVE,,39.08681357,-84.4953529,22.734,11/30/2022 0:00,1540,2,2,0,0,O,CLEAR,DRY,0,VEHICLE BACKING NON INTERSECTION,BACKING,STRAIGHT & LEVEL,DAYLIGHT,0,0,0,1
30882650,CAMPBELL,US0027,USRoute,,ALEXANDRIA,PIKE,,38.98272266,-84.39902487,11.94,11/30/2022 0:00,1103,2,2,0,0,O,CLEAR,DRY,0,SIDESWIPE-SAME DIRECTION,SIDESWIPE-SAME DIRECTION,STRAIGHT & GRADE,DAYLIGHT,0,0,0,1
30897244,CAMPBELL,KY0009,StateRoute,,LICKING,PIKE,,39.05631793,-84.48674836,20.271,11/30/2022 0:00,1653,2,2,0,0,O,CLEAR,DRY,0,OPPOSITE DIRECTION - BOTH VEHICLES GOING STRAIGHT AHEAD,SIDESWIPE-OPPOSITE DIRECTION,STRAIGHT & LEVEL,DAYLIGHT,0,0,0,1
30882662,CAMPBELL,KY0009,StateRoute,,AA,HWY,,38.98876007,-84.39509898,12.127,11/30/2022 0:00,707,2,2,0,0,O,CLEAR,DRY,0,ANGLE COLLISION - ONE VEHICLE TURNING LEFT,ANGLE,STRAIGHT & LEVEL,DARK-HWY LIGHTED/ON,0,0,0,1
30885727,CAMPBELL,,OTHR,,FT THOMAS,AVE,N,39.08355283,-84.45194364,0.103,12/1/2022 0:00,934,2,2,0,0,O,CLEAR,DRY,0,COLLISION WITH PARKED VEHICLE,SIDESWIPE-SAME DIRECTION,STRAIGHT & LEVEL,DAYLIGHT,0,0,0,1
30882760,CAMPBELL,KY1120,StateRoute,,MEMORIAL,PKWY,,39.09230967,-84.47593842,1.624,12/1/2022 0:00,1109,2,2,0,1,B,CLEAR,DRY,0,ANGLE COLLISION - ONE VEHICLE TURNING LEFT,ANGLE,STRAIGHT & LEVEL,DAYLIGHT,0,0,0,1
30886578,CAMPBELL,KY0009,StateRoute,,AA,HWY,,38.96652894,-84.35051094,9.204,12/1/2022 0:00,1805,2,2,0,0,O,CLEAR,DRY,0,OTHER INTERSECTION COLLISIONS,REAR END,STRAIGHT & LEVEL,DARK-HWY NOT LIGHTED,1,0,0,1
30956423,CAMPBELL,KY0471,StateRoute,,KY471,,,39.04224761,-84.4567332,0.375,12/1/2022 0:00,1742,3,3,0,0,O,CLEAR,DRY,0,SIDESWIPE-SAME DIRECTION,SIDESWIPE-SAME DIRECTION,STRAIGHT & LEVEL,DUSK,0,0,0,1
30886253,CAMPBELL,KY0009,StateRoute,,12TH,ST,W,39.07956659,-84.49601273,22.029,12/1/2022 0:00,536,2,2,0,0,O,CLEAR,DRY,0,1 VEHICLE PARKED POSITION (NOT PARKING LOT/DRIVEWAY),SIDESWIPE-SAME DIRECTION,STRAIGHT & LEVEL,DARK-HWY LIGHTED/ON,0,0,0,1
30882672,CAMPBELL,,OTHR,,16TH,ST,,39.08226098,-84.48582053,0.104,12/1/2022 0:00,843,2,2,0,0,O,CLOUDY,DRY,0,HEAD-ON COLLISION,HEAD ON,STRAIGHT & GRADE,DAYLIGHT,0,0,0,1
30896056,CAMPBELL,US0027,USRoute,2606,ALEXANDRIA,PIKE,,39.07110162,-84.47003541,20.031,12/1/2022 0:00,815,2,2,0,0,O,CLEAR,DRY,0,OTHER ROADWAY OR MID-BLOCK COLLISION,OPPOSING LEFT TURN,STRAIGHT & GRADE,DAYLIGHT,0,0,0,1
30882674,CAMPBELL,US0027,USRoute,,MONMOUTH,ST,,39.07987182,-84.48120041,20.902,12/1/2022 0:00,930,2,2,0,0,O,CLEAR,DRY,0,SIDESWIPE COLLISION - SAME DIRECTION,SIDESWIPE-SAME DIRECTION,STRAIGHT & LEVEL,DAYLIGHT,0,0,0,1
30903698,CAMPBELL,KY0008,StateRoute,11873,MARY INGLES,HWY,,38.88403518,-84.24487668,24.765,12/1/2022 0:00,1326,2,2,0,0,O,CLEAR,DRY,0,SIDESWIPE COLLISION - OPPOSITE DIRECTION,SIDESWIPE-OPPOSITE DIRECTION,STRAIGHT & LEVEL,DAYLIGHT,0,0,0,1
30886050,CAMPBELL,,OTHR,375,CROSSROADS,BLVD,,39.00484235,-84.42065057,0.241,12/1/2022 0:00,1845,2,2,0,0,O,CLEAR,DRY,0,1 VEHICLE PARKED POSITION (NOT PARKING LOT/DRIVEWAY),HEAD ON,STRAIGHT & LEVEL,DARK-HWY LIGHTED/ON,0,0,0,1
31066108,CAMPBELL,I 0471,Interstate,,I471 N,,,39.09881541,-84.49113129,4.699,12/1/2022 0:00,705,2,2,0,0,O,CLEAR,DRY,0,REAR END IN TRAFFIC LANES BOTH VEHICLES MOVING,REAR END,STRAIGHT & LEVEL,DARK-HWY LIGHTED/ON,0,0,0,1
30886251,CAMPBELL,I 0471,Interstate,1B,I471 N,,,39.09992689,-84.49323621,4.836,12/1/2022 0:00,840,2,2,0,0,O,CLEAR,DRY,0,REAR END IN TRAFFIC LANES BOTH VEHICLES MOVING,REAR END,STRAIGHT & LEVEL,DAYLIGHT,0,0,0,1
30896772,CAMPBELL,,OTHR,762,SMITH HITEMAN,RD,,38.85491643,-84.40546473,0.474,12/2/2022 0:00,1945,1,1,0,0,O,CLOUDY,DRY,0,OTHER ROADWAY OR MID-BLOCK COLLISION,SINGLE VEHICLE,STRAIGHT & LEVEL,DARK-HWY LIGHTED/ON,0,0,0,1
30889375,CAMPBELL,KY0008,StateRoute,,FAIRFIELD,AVE,,39.10890765,-84.4800952,2.118,12/2/2022 0:00,2040,2,2,0,0,O,RAINING,WET,1,1 VEHICLE PARKED POSITION (NOT PARKING LOT/DRIVEWAY),SIDESWIPE-SAME DIRECTION,STRAIGHT & LEVEL,DARK-HWY LIGHTED/ON,0,0,0,1
30887404,CAMPBELL,KY1892,StateRoute,95,CAROTHERS,RD,,39.08635345,-84.47819226,2.204,12/2/2022 0:00,1329,2,2,0,0,O,CLEAR,DRY,0,SIDESWIPE COLLISION - SAME DIRECTION,SIDESWIPE-SAME DIRECTION,STRAIGHT & LEVEL,DAYLIGHT,0,0,0,1
30889094,CAMPBELL,KY1892,StateRoute,,GRAND,AVE,,39.08508546,-84.47421775,1.949,12/2/2022 0:00,1850,4,4,0,0,O,RAINING,WET,0,1 VEHICLE ENTERING/LEAVING ENTRANCE,ANGLE,STRAIGHT & GRADE,DARK-HWY LIGHTED/ON,0,0,0,1
30899246,CAMPBELL,KY0008,StateRoute,321,FAIRFIELD,AVE,,39.10645255,-84.483058,1.886,12/2/2022 0:00,2021,2,2,0,0,O,CLOUDY,WET,0,OTHER ROADWAY OR MID-BLOCK COLLISION,REAR END,STRAIGHT & LEVEL,DARK-HWY LIGHTED/ON,0,0,0,1
30888193,CAMPBELL,US0027,USRoute,732,MONMOUTH,ST,,39.0896037,-84.49169588,21.796,12/2/2022 0:00,1952,2,2,0,0,O,RAINING,WET,0,SIDESWIPE COLLISION - SAME DIRECTION,SIDESWIPE-SAME DIRECTION,STRAIGHT & LEVEL,DARK-HWY LIGHTED/ON,0,0,0,1
30899247,CAMPBELL,,OTHR,,FOOTE,AVE,,39.10706228,-84.48167477,0.178,12/2/2022 0:00,1539,2,2,0,0,O,CLEAR,DRY,1,1 VEHICLE PARKED POSITION (NOT PARKING LOT/DRIVEWAY),SIDESWIPE-SAME DIRECTION,STRAIGHT & GRADE,DAYLIGHT,0,0,0,1
30889096,CAMPBELL,,OTHR,,LOWELL,ST,,39.08294976,-84.49966542,0.007,12/2/2022 0:00,1828,1,1,0,0,O,RAINING,WET,0,COLLISION WITH FIXED OBJECT NON - INTERSECTION - FIRST EVENT COLLISION 09 - 32 EXCLUDING 16,SINGLE VEHICLE,STRAIGHT & LEVEL,DARK-HWY NOT LIGHTED,0,0,0,1
30895826,CAMPBELL,,OTHR,,ST LUKE EAST HOSPITAL,,,39.0786165,-84.46648511,0.159,12/2/2022 0:00,1701,1,1,0,0,O,CLEAR,DRY,0,COLLISION WITH FIXED OBJECT NON - INTERSECTION - FIRST EVENT COLLISION 09 - 32 EXCLUDING 16,SINGLE VEHICLE,STRAIGHT & LEVEL,DAYLIGHT,0,0,0,1
30887405,CAMPBELL,,OTHR,,10TH,ST,W,39.08506058,-84.49273194,0.389,12/2/2022 0:00,1439,2,2,0,0,O,CLOUDY,DRY,0,ANGLE COLLISION - OTHER,ANGLE,STRAIGHT & LEVEL,DAYLIGHT,0,0,0,1
30889376,CAMPBELL,,OTHR,,WASHINGTON,AVE,,39.10367126,-84.47930988,0.23,12/2/2022 0:00,1925,2,2,0,0,O,CLEAR,DRY,0,ANGLE COLLISION - OTHER,ANGLE,STRAIGHT & LEVEL,DARK-HWY NOT LIGHTED,0,0,0,1
30899531,CAMPBELL,,OTHR,415,BROOKWOOD,DR,,38.95207829,-84.36170145,0.622,12/3/2022 0:00,2200,2,2,0,0,O,CLEAR,DRY,1,1 VEHICLE PARKED POSITION (NOT PARKING LOT/DRIVEWAY),SIDESWIPE-OPPOSITE DIRECTION,STRAIGHT & LEVEL,DARK (UNKNOWN ROADWAY LIGHTING),0,0,0,1
30936316,CAMPBELL,KY0008,StateRoute,707,FAIRFIELD,AVE,,39.10739308,-84.48192854,1.973,12/3/2022 0:00,1900,2,1,0,0,O,CLEAR,DRY,1,1 VEHICLE PARKED POSITION (NOT PARKING LOT/DRIVEWAY),BACKING,STRAIGHT & LEVEL,DARK-HWY LIGHTED/ON,0,0,0,1
30889838,CAMPBELL,US0027,USRoute,,MONMOUTH,ST,,39.08765653,-84.48943495,21.614,12/3/2022 0:00,1059,2,2,0,0,O,CLEAR,DRY,0,SIDESWIPE COLLISION - SAME DIRECTION,SIDESWIPE-SAME DIRECTION,STRAIGHT & LEVEL,DAYLIGHT,0,0,0,1
30891192,CAMPBELL,US0027,USRoute,,ALEXANDRIA,PIKE,,39.00221212,-84.42227324,13.75,12/3/2022 0:00,1916,2,2,0,0,O,CLEAR,DRY,0,OTHER ROADWAY OR MID-BLOCK COLLISION,REAR END,STRAIGHT & LEVEL,DARK-HWY LIGHTED/ON,0,0,0,1
30892184,CAMPBELL,US0027,USRoute,,ALEXANDRIA,PIKE,,38.84250333,-84.37408144,1.58,12/3/2022 0:00,2008,2,2,0,0,O,CLOUDY,DRY,1,SIDESWIPE COLLISION - OPPOSITE DIRECTION,SIDESWIPE-OPPOSITE DIRECTION,STRAIGHT & LEVEL,DARK-HWY NOT LIGHTED,0,0,0,1
30890066,CAMPBELL,,OTHR,,RIDGELINE,DR,,39.00387403,-84.43938437,,12/3/2022 0:00,1032,2,2,0,0,O,CLOUDY,DRY,0,REAR END IN TRAFFIC LANES BOTH VEHICLES MOVING,REAR END,CURVE & GRADE,DAYLIGHT,0,0,0,1
30892279,CAMPBELL,US0027,USRoute,,ALEXANDRIA,PIKE,,38.83464299,-84.36680368,0.907,12/3/2022 0:00,1803,1,1,0,1,B,CLEAR,DRY,0,OTHER COLLISIONS ON SHOULDER,SINGLE VEHICLE,STRAIGHT & LEVEL,DARK-HWY NOT LIGHTED,0,0,0,1
30894280,CAMPBELL,KY0008,StateRoute,,3RD,ST,E,39.09427798,-84.49572097,0.646,12/4/2022 0:00,1949,5,5,0,0,O,CLEAR,DRY,0,1 VEHICLE PARKED POSITION (NOT PARKING LOT/DRIVEWAY),ANGLE,STRAIGHT & LEVEL,OTHER,0,0,0,1
30896096,CAMPBELL,I 0471,Interstate,,I471 N,,,39.09950188,-84.49254215,4.789,12/4/2022 0:00,1455,3,3,0,1,C,CLEAR,DRY,0,REAR END IN TRAFFIC LANES BOTH VEHICLES MOVING,REAR END,STRAIGHT & LEVEL,DAYLIGHT,0,0,0,1
30911214,CAMPBELL,I 0471,Interstate,,I471 N,,,39.10005383,-84.49353847,4.855,12/4/2022 0:00,1252,2,2,0,0,O,CLEAR,DRY,0,REAR END IN TRAFFIC LANES BOTH VEHICLES MOVING,REAR END,STRAIGHT & LEVEL,DAYLIGHT,0,0,0,1
30892322,CAMPBELL,,OTHR,,NEWPORT PAVILION,,,39.09068821,-84.47684457,0.256,12/4/2022 0:00,1510,2,2,0,0,O,CLEAR,DRY,0,VEHICLE BACKING NON INTERSECTION,BACKING,STRAIGHT & LEVEL,DAYLIGHT,0,0,0,1
30905842,CAMPBELL,US0027,USRoute,,ALEXANDRIA,PIKE,,39.02417228,-84.44286506,15.61,12/4/2022 0:00,1554,2,2,0,0,O,CLEAR,DRY,0,SIDESWIPE COLLISION - SAME DIRECTION,SIDESWIPE-SAME DIRECTION,STRAIGHT & LEVEL,DAYLIGHT,0,0,0,1
30896059,CAMPBELL,US0027,USRoute,2335,ALEXANDRIA,PIKE,,39.07458008,-84.47502783,20.391,12/4/2022 0:00,1412,2,2,0,0,O,CLEAR,DRY,0,HEAD-ON COLLISION,HEAD ON,CURVE & HILLCREST,DAYLIGHT,0,0,0,1
30893228,CAMPBELL,US0027,USRoute,,ALEXANDRIA,PIKE,,38.88694277,-84.3866714,5.065,12/4/2022 0:00,20,1,1,0,0,O,CLOUDY,DRY,0,COLLISION WITH ANIMAL IN INTERSECTION,SINGLE VEHICLE,STRAIGHT & LEVEL,DARK-HWY NOT LIGHTED,1,0,0,1
30896094,CAMPBELL,,OTHR,,LOWELL,ST,,39.08298226,-84.49977527,0.003,12/5/2022 0:00,645,1,1,0,0,O,CLEAR,DRY,0,OTHER INTERSECTION COLLISIONS,SINGLE VEHICLE,STRAIGHT & LEVEL,DARK-HWY LIGHTED/ON,1,0,0,1
30896088,CAMPBELL,,OTHR,,10TH,ST,W,39.08474635,-84.49331408,0.339,12/5/2022 0:00,752,2,2,0,0,O,CLOUDY,DRY,0,OTHER INTERSECTION COLLISIONS,REAR END,STRAIGHT & LEVEL,DAYLIGHT,1,0,0,1
30896091,CAMPBELL,,OTHR,39,10TH,ST,W,39.08559789,-84.49174578,0.454,12/5/2022 0:00,1218,2,2,0,0,O,CLEAR,DRY,1,1 VEHICLE PARKED POSITION (NOT PARKING LOT/DRIVEWAY),SIDESWIPE-SAME DIRECTION,STRAIGHT & LEVEL,DAYLIGHT,0,0,0,1
30923954,CAMPBELL,KY3490,StateRoute,,JOHNS HILL,RD,,39.03098358,-84.45306381,0.481,12/5/2022 0:00,1058,2,2,0,0,O,CLEAR,DRY,0,SIDESWIPE COLLISION - SAME DIRECTION,SIDESWIPE-SAME DIRECTION,STRAIGHT & LEVEL,DAYLIGHT,0,0,0,1
30905050,CAMPBELL,KY1120,StateRoute,235,MEMORIAL,PKWY,,39.09583345,-84.47266502,1.912,12/5/2022 0:00,2200,2,2,0,0,O,CLOUDY,WET,1,1 VEHICLE PARKED POSITION (NOT PARKING LOT/DRIVEWAY),SIDESWIPE-SAME DIRECTION,STRAIGHT & LEVEL,DARK-HWY LIGHTED/ON,0,0,0,1
30904475,CAMPBELL,US0027,USRoute,,ALEXANDRIA,PIKE,,38.96242143,-84.39291064,10.398,12/5/2022 0:00,1829,3,3,0,2,B,RAINING,WET,0,REAR END IN TRAFFIC LANES BOTH VEHICLES MOVING,REAR END,STRAIGHT & LEVEL,DARK-HWY LIGHTED/ON,0,0,0,1
30893952,CAMPBELL,I 0471,Interstate,,,,,39.09255691,-84.4762475,0.019,12/5/2022 0:00,151,1,1,0,0,O,CLEAR,DRY,0,COLLISION WITH FIXED OBJECT NOT IN GORE ,SINGLE VEHICLE,CURVE & GRADE,DARK-HWY LIGHTED/ON,0,0,0,1
30923703,CAMPBELL,US0027,USRoute,8031,ALEXANDRIA,PIKE,,38.96339563,-84.39269658,10.457,12/6/2022 0:00,644,3,3,0,1,B,FOG,WET,0,OTHER ROADWAY OR MID-BLOCK COLLISION,REAR END,STRAIGHT & LEVEL,DARK-HWY LIGHTED/ON,0,0,0,1
30903530,CAMPBELL,US0027,USRoute,1100,MONMOUTH,ST,,39.08607931,-84.48740478,21.458,12/6/2022 0:00,1516,2,2,0,0,O,RAINING,WET,0,REAR END IN TRAFFIC LANES BOTH VEHICLES MOVING,REAR END,STRAIGHT & GRADE,DAYLIGHT,0,0,0,1
30906223,CAMPBELL,,OTHR,100,10TH,ST,W,39.08611263,-84.4907928,0.516,12/6/2022 0:00,703,2,2,0,0,O,CLEAR,WET,0,REAR END IN TRAFFIC LANES BOTH VEHICLES MOVING,REAR END,STRAIGHT & LEVEL,DARK-HWY LIGHTED/ON,0,0,0,1
30903210,CAMPBELL,KY1892,StateRoute,,CAROTHERS,RD,,39.08635089,-84.47723654,2.153,12/6/2022 0:00,1938,2,2,0,0,O,RAINING,WET,0,SIDESWIPE COLLISION - SAME DIRECTION,SIDESWIPE-SAME DIRECTION,CURVE & LEVEL,DARK-HWY LIGHTED/ON,0,0,0,1
30905048,CAMPBELL,,OTHR,,RIVIERA,DR,,39.10097677,-84.48789589,0.072,12/6/2022 0:00,1844,2,2,0,0,O,RAINING,WET,0,1 VEHICLE ENTERING/LEAVING ENTRANCE,ANGLE,STRAIGHT & LEVEL,DARK-HWY LIGHTED/ON,0,0,0,1