IncidentID,County,RdwyNumber,RdwyType,Street,RoadwayName,StreetSfx,StreetDir,Latitude,Longitude,Milepoint,CollisionDate,CollisionTime,UnitsInvolved,MotorVehiclesInvolved,NumberKilled,NumberInjured,KABCO,Weather,RdwyConditionCode,HitandRun,DirAnalysisCode,MannerofCollision,RdwyCharacter,LightCondition,Intersection Crash,Bicyclist,Pedestrian,Motor Vehicles
30901683,CAMPBELL,,OTHR,,ROBERT,ST,,39.09143316,-84.49038534,0.284,12/6/2022 0:00,943,2,2,0,0,O,RAINING,WET,0,1 VEHICLE ENTERING/LEAVING ENTRANCE,ANGLE,STRAIGHT & LEVEL,DAYLIGHT,0,0,0,1
30903209,CAMPBELL,US0027,USRoute,900,YORK,ST,,39.08661933,-84.49101988,21.741,12/6/2022 0:00,1812,6,6,0,0,O,RAINING,WET,1,1 VEHICLE PARKED POSITION (NOT PARKING LOT/DRIVEWAY),SIDESWIPE-SAME DIRECTION,STRAIGHT & GRADE,DARK-HWY LIGHTED/ON,0,0,0,1
30908924,CAMPBELL,KY0010,StateRoute,,MAIN,ST,W,38.94752142,-84.40037429,0.43,12/6/2022 0:00,2311,1,1,0,1,B,RAINING,WET,0,RAN OFF ROADWAY (1 VEHICLE WITH/EARTH EMBANKMENT/DITCH),SINGLE VEHICLE,CURVE & GRADE,DARK-HWY NOT LIGHTED,0,0,0,1
30906065,CAMPBELL,,OTHR,,POPLAR RIDGE,RD,,38.98707341,-84.36354862,0.003,12/6/2022 0:00,1657,2,2,0,0,O,FOG WITH RAIN,WET,0,ANGLE COLLISION - OTHER,ANGLE,STRAIGHT & GRADE,DUSK,0,0,0,1
30942160,CAMPBELL,,OTHR,,HIGHLAND,AVE,,39.07561728,-84.46255472,0.518,12/7/2022 0:00,1720,2,2,0,0,O,CLOUDY,WET,1,ANGLE COLLISION - OTHER,ANGLE,STRAIGHT & LEVEL,DARK-HWY LIGHTED/ON,0,0,0,1
30908614,CAMPBELL,KY1632,StateRoute,,MOOCK,RD,,39.06097107,-84.47231887,1.043,12/7/2022 0:00,803,1,1,0,0,O,CLOUDY,WET,0,COLLISION WITH FIXED OBJECT NON - INTERSECTION - FIRST EVENT COLLISION 09 - 32 EXCLUDING 16,SINGLE VEHICLE,CURVE & GRADE,DAYLIGHT,0,0,0,1
30908606,CAMPBELL,,OTHR,7,RETREAT,ST,,39.07032282,-84.471038,0.014,12/7/2022 0:00,0,2,2,0,0,O,CLOUDY,WET,0,1 VEHICLE PARKED POSITION (NOT PARKING LOT/DRIVEWAY),BACKING,STRAIGHT & LEVEL,DARK-HWY NOT LIGHTED,0,0,0,1
30906786,CAMPBELL,I 0471,Interstate,,I471 N,,,39.09941945,-84.49233803,4.776,12/7/2022 0:00,1140,2,2,0,0,O,CLOUDY,DRY,0,SIDESWIPE COLLISION - SAME DIRECTION,SIDESWIPE-SAME DIRECTION,CURVE & LEVEL,DAYLIGHT,0,0,0,1
30906219,CAMPBELL,US0027,USRoute,,MONMOUTH,ST,,39.08592999,-84.48733497,21.447,12/7/2022 0:00,756,2,2,0,0,O,CLEAR,WET,0,REAR END IN TRAFFIC LANES BOTH VEHICLES MOVING,REAR END,STRAIGHT & GRADE,DAYLIGHT,0,0,0,1
30908514,CAMPBELL,I 0471,Interstate,,,,,39.08544079,-84.47445642,0.207,12/7/2022 0:00,1748,2,2,0,0,O,CLOUDY,DRY,0,OTHER RAMP RELATED COLLISIONS NOT LISTED ABOVE,REAR END,CURVE & LEVEL,DARK-HWY LIGHTED/ON,0,0,0,1
30914129,CAMPBELL,KY0471,StateRoute,,,,,39.04626501,-84.45718584,0.025,12/8/2022 0:00,1738,2,2,0,0,O,CLOUDY,WET,0,OTHER RAMP RELATED COLLISIONS NOT LISTED ABOVE,REAR END,STRAIGHT & LEVEL,DARK-HWY NOT LIGHTED,0,0,0,1
30926490,CAMPBELL,I 0275,Interstate,,I275 W,,,39.03178372,-84.47080302,76.322,12/8/2022 0:00,1641,2,1,0,0,O,CLEAR,WET,0,REAR END IN TRAFFIC LANES BOTH VEHICLES MOVING,REAR END,STRAIGHT & GRADE,DUSK,0,0,0,1
30922815,CAMPBELL,KY0009,StateRoute,,LICKING,PIKE,,39.02829285,-84.48000522,18.122,12/8/2022 0:00,1753,2,2,0,1,C,CLOUDY,WET,0,REAR END IN TRAFFIC LANES BOTH VEHICLES MOVING,REAR END,STRAIGHT & LEVEL,DARK-HWY LIGHTED/ON,0,0,0,1
30926392,CAMPBELL,KY0009,StateRoute,,LICKING,PIKE,,39.0225754,-84.48091633,17.731,12/8/2022 0:00,1658,4,4,0,0,O,RAINING,WET,0,REAR END IN TRAFFIC LANES BOTH VEHICLES MOVING,REAR END,STRAIGHT & LEVEL,DARK-HWY LIGHTED/ON,0,0,0,1
30911217,CAMPBELL,,OTHR,823,ANN,ST,,39.08694217,-84.49442305,0.152,12/8/2022 0:00,1220,2,2,0,0,O,RAINING,WET,0,1 VEHICLE PARKED POSITION (NOT PARKING LOT/DRIVEWAY),BACKING,STRAIGHT & LEVEL,DAYLIGHT,0,0,0,1
30912830,CAMPBELL,,OTHR,1159,WATERWORKS,RD,,39.09443784,-84.47081981,0.359,12/8/2022 0:00,2234,2,2,0,0,O,CLOUDY,WET,0,1 VEHICLE PARKED POSITION (NOT PARKING LOT/DRIVEWAY),REAR END,CURVE & LEVEL,DARK-HWY NOT LIGHTED,0,0,0,1
30920211,CAMPBELL,KY0735,StateRoute,,SMITH,RD,,38.88687292,-84.25689456,0.457,12/8/2022 0:00,1130,2,2,0,0,O,RAINING,WET,0,SIDESWIPE COLLISION - OPPOSITE DIRECTION,SIDESWIPE-OPPOSITE DIRECTION,STRAIGHT & LEVEL,DAYLIGHT,0,0,0,1
30926384,CAMPBELL,,OTHR,,NELSON,RD,,38.97605953,-84.36172008,0.008,12/8/2022 0:00,1636,2,2,0,0,O,CLOUDY,WET,0,SIDESWIPE COLLISION - SAME DIRECTION,SIDESWIPE-SAME DIRECTION,STRAIGHT & GRADE,DUSK,0,0,0,1
30912831,CAMPBELL,I 0471,Interstate,,I471 S,,,39.094933,-84.4809452,4.075,12/8/2022 0:00,1750,2,2,0,0,O,CLOUDY,WET,0,SIDESWIPE COLLISION - SAME DIRECTION,SIDESWIPE-SAME DIRECTION,STRAIGHT & LEVEL,DARK-HWY LIGHTED/ON,0,0,0,1
30909925,CAMPBELL,KY0009,StateRoute,,AA,HWY,,39.00195242,-84.42165517,13.917,12/8/2022 0:00,220,2,2,0,0,O,CLOUDY,DRY,0,SIDESWIPE COLLISION - SAME DIRECTION,SIDESWIPE-SAME DIRECTION,STRAIGHT & LEVEL,DARK-HWY LIGHTED/ON,0,0,0,1
30922817,CAMPBELL,I 0275,Interstate,,I275 W,,,39.02821775,-84.47272722,76.572,12/8/2022 0:00,1552,1,1,0,1,C,CLOUDY,WET,0,COLLISION WITH FIXED OBJECT NON - INTERSECTION - FIRST EVENT COLLISION 09 - 32 EXCLUDING 16,SINGLE VEHICLE,CURVE & GRADE,DAYLIGHT,0,0,0,1
31859572,CAMPBELL,,OTHR,,DRY CREEK,RD,,39.01245059,-84.4479433,0.739,12/8/2022 0:00,2122,1,1,0,0,O,CLOUDY,WET,0,COLLISION WITH FIXED OBJECT NON - INTERSECTION - FIRST EVENT COLLISION 09 - 32 EXCLUDING 16,SINGLE VEHICLE,CURVE & LEVEL,DARK-HWY NOT LIGHTED,0,0,0,1
30922648,CAMPBELL,US0027,USRoute,,ALEXANDRIA,PIKE,,39.03519908,-84.45406721,16.622,12/8/2022 0:00,1243,2,2,0,0,O,RAINING,WET,0,OTHER INTERSECTION COLLISIONS,REAR END,STRAIGHT & LEVEL,DAYLIGHT,1,0,0,1
30914372,CAMPBELL,,OTHR,,10TH,ST,W,39.08580977,-84.49138087,0.48,12/8/2022 0:00,1520,2,2,0,0,O,CLOUDY,WET,0,ANGLE COLLISION - OTHER,ANGLE,STRAIGHT & LEVEL,DAYLIGHT,0,0,0,1
30922649,CAMPBELL,US0027,USRoute,,ALEXANDRIA,PIKE,,39.0369529,-84.45397801,16.734,12/9/2022 0:00,2148,2,2,0,0,O,CLOUDY,WET,0,OTHER INTERSECTION COLLISIONS,REAR END,STRAIGHT & LEVEL,DAYLIGHT,1,0,0,1
30923981,CAMPBELL,KY1120,StateRoute,2143,MEMORIAL,PKWY,,39.08903334,-84.44985314,3.352,12/9/2022 0:00,2136,2,2,0,0,O,CLEAR,WET,0,1 VEHICLE PARKED POSITION (NOT PARKING LOT/DRIVEWAY),SIDESWIPE-SAME DIRECTION,STRAIGHT & HILLCREST,DARK-HWY NOT LIGHTED,0,0,0,1
30979879,CAMPBELL,KY1121,StateRoute,,PERSIMMON GROVE,PIKE,,38.95283493,-84.37929873,9.661,12/9/2022 0:00,1700,1,1,0,1,B,RAINING,WET,0,COLLISION WITH FIXED OBJECT NON - INTERSECTION - FIRST EVENT COLLISION 09 - 32 EXCLUDING 16,SINGLE VEHICLE,CURVE & GRADE,DAYLIGHT,0,0,0,1
30926385,CAMPBELL,KY0008,StateRoute,,MARY INGLES,HWY,,39.02935555,-84.36067576,12.463,12/9/2022 0:00,1750,1,1,0,0,O,RAINING,WET,0,COLLISION WITH ANIMAL NON INTERSECTION,SINGLE VEHICLE,CURVE & LEVEL,DARK-HWY NOT LIGHTED,0,0,0,1
30926386,CAMPBELL,,OTHR,,CLAY RIDGE,RD,,38.85820644,-84.39871598,0.418,12/9/2022 0:00,1810,1,1,0,0,O,CLEAR,DRY,0,COLLISION WITH ANIMAL NON INTERSECTION,SINGLE VEHICLE,STRAIGHT & GRADE,DARK-HWY NOT LIGHTED,0,0,0,1
30914353,CAMPBELL,KY0008,StateRoute,,4TH,ST,E,39.09287396,-84.49539771,0.602,12/9/2022 0:00,800,2,2,0,0,O,CLOUDY,DRY,0,REAR END IN TRAFFIC LANES BOTH VEHICLES MOVING,REAR END,STRAIGHT & LEVEL,DAYLIGHT,0,0,0,1
30929647,CAMPBELL,I 0471,Interstate,,I471 N,,,39.09988283,-84.49328114,4.837,12/9/2022 0:00,1715,2,2,0,0,O,CLOUDY,WET,0,REAR END IN TRAFFIC LANES BOTH VEHICLES MOVING,REAR END,STRAIGHT & LEVEL,DARK-HWY LIGHTED/ON,0,0,0,1
30922818,CAMPBELL,I 0275,Interstate,,,,,39.0221885,-84.48380319,0.144,12/9/2022 0:00,828,1,1,0,0,O,CLOUDY,DRY,0,COLLISION WITH FIXED OBJECT NOT IN GORE ,SINGLE VEHICLE,CURVE & LEVEL,DAYLIGHT,0,0,0,1
30923930,CAMPBELL,KY0008,StateRoute,,FAIRFIELD,AVE,,39.10444062,-84.48549354,1.693,12/9/2022 0:00,1330,2,2,0,0,O,CLOUDY,DRY,0,OTHER ROADWAY OR MID-BLOCK COLLISION,REAR END,STRAIGHT & LEVEL,DAYLIGHT,0,0,0,1
30924000,CAMPBELL,KY0008,StateRoute,,FAIRFIELD,AVE,,39.10396075,-84.48608981,1.647,12/9/2022 0:00,1715,2,2,0,0,O,CLEAR,DRY,0,OTHER ROADWAY OR MID-BLOCK COLLISION,REAR END,STRAIGHT & LEVEL,DAYLIGHT,0,0,0,1
30926391,CAMPBELL,US0027,USRoute,,ALEXANDRIA,PIKE,,38.8269393,-84.36570713,0.371,12/10/2022 0:00,2355,1,1,0,0,O,CLOUDY,DRY,0,OTHER ROADWAY OR MID-BLOCK COLLISION,SINGLE VEHICLE,STRAIGHT & GRADE,DARK-HWY NOT LIGHTED,0,0,0,1
30919679,CAMPBELL,US0027,USRoute,,,,,39.00068966,-84.42055,0.53,12/10/2022 0:00,1009,2,2,0,0,O,CLOUDY,DRY,0,OTHER RAMP RELATED COLLISIONS NOT LISTED ABOVE,REAR END,STRAIGHT & LEVEL,DAYLIGHT,0,0,0,1
30921656,CAMPBELL,I 0471,Interstate,,,,,39.09082036,-84.47657827,0.205,12/10/2022 0:00,2257,2,2,0,0,O,CLEAR,DRY,0,OTHER RAMP RELATED COLLISIONS NOT LISTED ABOVE,SIDESWIPE-SAME DIRECTION,STRAIGHT & LEVEL,DARK-HWY LIGHTED/ON,0,0,0,1
30922893,CAMPBELL,I 0471,Interstate,,I471 S,,,39.07409113,-84.46578775,2.382,12/10/2022 0:00,1626,2,2,0,0,O,CLEAR,DRY,1,SIDESWIPE COLLISION - SAME DIRECTION,SIDESWIPE-SAME DIRECTION,CURVE & LEVEL,DAYLIGHT,0,0,0,1
30980489,CAMPBELL,KY0008,StateRoute,311,6TH,AVE,,39.11124303,-84.47644715,2.367,12/10/2022 0:00,2228,5,5,0,0,O,CLOUDY,DRY,0,1 VEHICLE PARKED POSITION (NOT PARKING LOT/DRIVEWAY),SIDESWIPE-SAME DIRECTION,STRAIGHT & LEVEL,DARK-HWY LIGHTED/ON,0,0,0,1
30923936,CAMPBELL,KY0008,StateRoute,,FAIRFIELD,AVE,,39.10288827,-84.48740502,1.545,12/10/2022 0:00,1209,2,2,0,0,O,CLEAR,DRY,0,OTHER INTERSECTION COLLISIONS,REAR END,STRAIGHT & LEVEL,DAYLIGHT,1,0,0,1
30918694,CAMPBELL,,OTHR,,7TH,ST,E,39.09103169,-84.49107448,0.476,12/10/2022 0:00,1825,2,2,0,0,O,CLOUDY,DRY,0,ANGLE COLLISION - OTHER,ANGLE,STRAIGHT & LEVEL,DARK-HWY LIGHTED/ON,0,0,0,1
30922894,CAMPBELL,I 0471,Interstate,,I471 S,,,39.06766508,-84.46452813,1.871,12/11/2022 0:00,300,1,1,0,0,O,CLOUDY,WET,0,OTHER ROADWAY OR MID-BLOCK COLLISION,SINGLE VEHICLE,CURVE & LEVEL,DARK-HWY LIGHTED/ON,0,0,0,1
30933111,CAMPBELL,,OTHR,,GRANITE SPRING,DR,,39.01446753,-84.44254302,0.472,12/12/2022 0:00,1818,2,2,0,0,O,CLEAR,DRY,0,ANGLE COLLISION - ONE VEHICLE TURNING RIGHT,ANGLE,STRAIGHT & LEVEL,DARK-HWY NOT LIGHTED,0,0,0,1
30924814,CAMPBELL,,OTHR,,WASHINGTON,ST,,38.96460512,-84.39268447,0.005,12/12/2022 0:00,833,2,2,0,0,O,CLEAR,DRY,0,OTHER INTERSECTION COLLISIONS,REAR END,STRAIGHT & LEVEL,DAYLIGHT,1,0,0,1
30925454,CAMPBELL,,OTHR,625,MONROE,ST,,39.09375479,-84.48839248,0.352,12/12/2022 0:00,500,2,2,0,0,O,CLEAR,DRY,0,1 VEHICLE PARKED POSITION (NOT PARKING LOT/DRIVEWAY),SIDESWIPE-SAME DIRECTION,STRAIGHT & LEVEL,DAWN,0,0,0,1
30931570,CAMPBELL,,OTHR,403,DEEPWOODS,DR,,39.02070928,-84.45646602,0.324,12/12/2022 0:00,1800,2,2,0,0,O,CLEAR,DRY,1,1 VEHICLE PARKED POSITION (NOT PARKING LOT/DRIVEWAY),SIDESWIPE-SAME DIRECTION,STRAIGHT & LEVEL,DUSK,0,0,0,1
30933110,CAMPBELL,US0027,USRoute,,ALEXANDRIA,PIKE,,39.02832393,-84.45005869,16.098,12/12/2022 0:00,1301,2,2,0,0,O,CLEAR,DRY,0,SIDESWIPE COLLISION - SAME DIRECTION,SIDESWIPE-SAME DIRECTION,STRAIGHT & LEVEL,DAYLIGHT,0,0,0,1
30953078,CAMPBELL,KY0009,StateRoute,,LICKING,PIKE,,39.02370112,-84.48075655,17.819,12/12/2022 0:00,1020,3,3,0,0,O,CLOUDY,DRY,0,OTHER ROADWAY OR MID-BLOCK COLLISION,REAR END,STRAIGHT & LEVEL,DAYLIGHT,0,0,0,1
30936353,CAMPBELL,,OTHR,903,CLAY RIDGE,RD,,38.85741053,-84.3994973,0.496,12/12/2022 0:00,1745,1,1,0,1,C,CLEAR,DRY,0,OTHER ROADWAY OR MID-BLOCK COLLISION,SINGLE VEHICLE,STRAIGHT & LEVEL,DUSK,0,0,0,1
30925455,CAMPBELL,I 0471,Interstate,,,,,39.08542801,-84.47448861,0.209,12/12/2022 0:00,1352,2,2,0,0,O,CLEAR,DRY,0,OTHER RAMP RELATED COLLISIONS NOT LISTED ABOVE,REAR END,STRAIGHT & LEVEL,DAYLIGHT,0,0,0,1
30929661,CAMPBELL,I 0471,Interstate,5,I471 N,,,39.10046508,-84.49434991,4.907,12/13/2022 0:00,900,2,2,0,0,O,CLEAR,DRY,0,REAR END IN TRAFFIC LANES BOTH VEHICLES MOVING,REAR END,STRAIGHT & LEVEL,DAYLIGHT,0,0,0,1
30933123,CAMPBELL,US0027,USRoute,,ALEXANDRIA,PIKE,,39.01833345,-84.43581595,15.039,12/13/2022 0:00,740,2,2,0,0,O,CLEAR,DRY,0,1 VEHICLE ENTERING/LEAVING ENTRANCE,ANGLE,STRAIGHT & LEVEL,DAYLIGHT,0,0,0,1
30931188,CAMPBELL,I 0275,Interstate,,I275 W,,,39.0511143,-84.44477281,74.066,12/13/2022 0:00,941,2,2,0,0,O,CLEAR,DRY,0,SIDESWIPE COLLISION - SAME DIRECTION,SIDESWIPE-SAME DIRECTION,STRAIGHT & LEVEL,DAYLIGHT,0,0,0,1
30951761,CAMPBELL,US0027,USRoute,,ALEXANDRIA,PIKE,,38.97415252,-84.39226151,11.261,12/13/2022 0:00,1207,3,3,0,0,O,CLEAR,DRY,0,OTHER INTERSECTION COLLISIONS,REAR END,STRAIGHT & LEVEL,DAYLIGHT,1,0,0,1
30929650,CAMPBELL,,OTHR,,9TH,ST,W,39.08596326,-84.49453616,0.177,12/13/2022 0:00,740,2,2,0,0,O,CLEAR,DRY,0,VEHICLE BACKING IN INTERSECTION,BACKING,STRAIGHT & LEVEL,DAWN,1,0,0,1
30951762,CAMPBELL,US0027,USRoute,,ALEXANDRIA,PIKE,,38.92532761,-84.39251719,7.803,12/13/2022 0:00,1731,2,2,0,0,O,CLEAR,DRY,0,ANGLE COLLISION - OTHER,ANGLE,STRAIGHT & LEVEL,DAYLIGHT,0,0,0,1
30929657,CAMPBELL,,OTHR,,MARZ,ALY,,39.09041139,-84.48278487,0.052,12/13/2022 0:00,1440,1,1,0,0,O,CLEAR,DRY,0,COLLISION WITH FIXED OBJECT IN INTERSECTION - FIRST EVENT COLLISION 09 - 32,SINGLE VEHICLE,STRAIGHT & LEVEL,DAYLIGHT,1,0,0,1
30938013,CAMPBELL,US0027,USRoute,,,,,39.00333954,-84.42324727,0.56,12/14/2022 0:00,750,2,2,0,0,O,RAINING,WET,0,OTHER RAMP RELATED COLLISIONS NOT LISTED ABOVE,SIDESWIPE-SAME DIRECTION,STRAIGHT & LEVEL,DAWN,0,0,0,1
30936817,CAMPBELL,KY0536,StateRoute,,CREEKTRACE,RD,,38.93491704,-84.41935579,1.982,12/14/2022 0:00,730,1,1,0,0,O,RAINING,WET,0,OTHER ROADWAY OR MID-BLOCK COLLISION,SINGLE VEHICLE,CURVE & LEVEL,DAWN,0,0,0,1
30932681,CAMPBELL,I 0471,Interstate,,I471 N,,,39.07208401,-84.46334972,2.17,12/14/2022 0:00,533,1,1,0,0,O,RAINING,WET,0,OTHER ROADWAY OR MID-BLOCK COLLISION,SINGLE VEHICLE,STRAIGHT & GRADE,DARK-HWY LIGHTED/ON,0,0,0,1
30946013,CAMPBELL,KY1120,StateRoute,,11TH,ST,W,39.08127822,-84.4962467,0.229,12/14/2022 0:00,1650,2,2,0,0,O,CLOUDY,DRY,1,ANGLE COLLISION - ONE VEHICLE TURNING LEFT,ANGLE,STRAIGHT & LEVEL,DUSK,0,0,0,1
30936497,CAMPBELL,KY1120,StateRoute,,11TH,ST,W,39.08126267,-84.49628649,0.229,12/14/2022 0:00,1809,2,2,0,0,O,RAINING,WET,0,ANGLE COLLISION - OTHER,ANGLE,STRAIGHT & GRADE,DARK-HWY LIGHTED/ON,0,0,0,1
30938014,CAMPBELL,US0027,USRoute,,ALEXANDRIA,PIKE,,39.0230974,-84.44174448,15.515,12/14/2022 0:00,1644,2,2,0,0,O,RAINING,WET,0,OTHER INTERSECTION COLLISIONS,REAR END,STRAIGHT & LEVEL,DUSK,1,0,0,1
30951763,CAMPBELL,US0027,USRoute,,ALEXANDRIA,PIKE,,38.94001957,-84.39414112,8.86,12/14/2022 0:00,1243,2,2,0,0,O,RAINING,WET,0,OTHER INTERSECTION COLLISIONS,REAR END,STRAIGHT & LEVEL,DAYLIGHT,1,0,0,1
30935805,CAMPBELL,,OTHR,10419,LICKING,PIKE,S,38.8950468,-84.38819219,0.436,12/14/2022 0:00,1828,2,2,0,0,O,RAINING,WET,0,1 VEHICLE PARKED POSITION (NOT PARKING LOT/DRIVEWAY),SIDESWIPE-SAME DIRECTION,STRAIGHT & LEVEL,DARK (UNKNOWN ROADWAY LIGHTING),0,0,0,1
30987697,CAMPBELL,,OTHR,,TAYLOR,AVE,,39.10149114,-84.47939075,0.5,12/14/2022 0:00,2330,2,2,0,0,O,RAINING,WET,1,1 VEHICLE PARKED POSITION (NOT PARKING LOT/DRIVEWAY),SIDESWIPE-SAME DIRECTION,STRAIGHT & LEVEL,DARK (UNKNOWN ROADWAY LIGHTING),0,0,0,1
30937746,CAMPBELL,I 0471,Interstate,,I471 N,,,39.07146178,-84.4631257,2.125,12/14/2022 0:00,1110,2,2,0,0,O,RAINING,WET,1,COLLISION WITH FIXED OBJECT NON - INTERSECTION - FIRST EVENT COLLISION 09 - 32 EXCLUDING 16,REAR END,CURVE & LEVEL,DAYLIGHT,0,0,0,1
30937748,CAMPBELL,,OTHR,,SOUTHVIEW,AVE,,39.06311407,-84.44851872,0.016,12/14/2022 0:00,700,2,2,0,0,O,RAINING,WET,1,1 VEHICLE ENTERING/LEAVING ENTRANCE,ANGLE,STRAIGHT & LEVEL,DARK-HWY NOT LIGHTED,0,0,0,1
30946274,CAMPBELL,,OTHR,,NEWPORT PAVILION,,,39.08697087,-84.47704321,0.557,12/14/2022 0:00,1705,2,2,0,0,O,RAINING,WET,0,1 VEHICLE ENTERING/LEAVING ENTRANCE,ANGLE,STRAIGHT & LEVEL,DUSK,0,0,0,1
30937749,CAMPBELL,,OTHR,,BURNEY,LN,,39.06948028,-84.45676299,0.018,12/14/2022 0:00,1800,2,2,0,0,O,CLOUDY,WET,1,1 VEHICLE PARKED POSITION (NOT PARKING LOT/DRIVEWAY),SIDESWIPE-OPPOSITE DIRECTION,STRAIGHT & GRADE,DARK-HWY NOT LIGHTED,0,0,0,1
30937747,CAMPBELL,,OTHR,115,ROSSFORD,AVE,,39.0969276,-84.45324835,0.78,12/14/2022 0:00,1237,2,2,0,0,O,,DRY,1,1 VEHICLE PARKED POSITION (NOT PARKING LOT/DRIVEWAY),SIDESWIPE-SAME DIRECTION,STRAIGHT & GRADE,UNKNOWN,0,0,0,1
30953077,CAMPBELL,I 0275,Interstate,,I275 W,,,39.02252864,-84.48717185,77.455,12/14/2022 0:00,1300,2,2,0,0,O,RAINING,WET,0,REAR END IN TRAFFIC LANES BOTH VEHICLES MOVING,REAR END,STRAIGHT & GRADE,DAYLIGHT,0,0,0,1
30953079,CAMPBELL,KY0009,StateRoute,,AA,HWY,,39.0181855,-84.48026722,17.386,12/14/2022 0:00,1945,2,2,0,0,O,RAINING,WET,0,REAR END IN TRAFFIC LANES BOTH VEHICLES MOVING,REAR END,STRAIGHT & LEVEL,DARK-HWY LIGHTED/OFF,0,0,0,1
30950809,CAMPBELL,KY2926,StateRoute,4464,WINTERS,LN,,39.04537734,-84.43190238,0.881,12/15/2022 0:00,701,2,2,0,0,O,CLOUDY,WET,0,1 VEHICLE PARKED POSITION (NOT PARKING LOT/DRIVEWAY),SIDESWIPE-OPPOSITE DIRECTION,CURVE & GRADE,DAWN,0,0,0,1
30940773,CAMPBELL,US0027,USRoute,,ALEXANDRIA,PIKE,,39.02895657,-84.45042351,16.143,12/15/2022 0:00,1608,2,2,0,0,O,CLEAR,DRY,0,REAR END IN TRAFFIC LANES BOTH VEHICLES MOVING,REAR END,STRAIGHT & LEVEL,DAYLIGHT,0,0,0,1
30942157,CAMPBELL,KY1120,StateRoute,,FT THOMAS,AVE,N,39.08131303,-84.4495554,4.021,12/15/2022 0:00,754,2,2,0,0,O,CLOUDY,WET,0,1 VEHICLE ENTERING/LEAVING ENTRANCE,ANGLE,STRAIGHT & LEVEL,DAYLIGHT,0,0,0,1
30942326,CAMPBELL,,OTHR,375,CROSSROADS,BLVD,,39.0054381,-84.41828936,0.362,12/15/2022 0:00,1808,2,2,0,0,O,CLOUDY,DRY,0,1 VEHICLE PARKED POSITION (NOT PARKING LOT/DRIVEWAY),HEAD ON,STRAIGHT & LEVEL,DARK-HWY LIGHTED/ON,0,0,0,1
30940438,CAMPBELL,,OTHR,,POPLAR RIDGE,RD,,38.98710871,-84.36348512,0.001,12/15/2022 0:00,1941,1,1,0,0,O,CLEAR,WET,0,OTHER INTERSECTION COLLISIONS,SINGLE VEHICLE,STRAIGHT & GRADE,DARK-HWY NOT LIGHTED,1,0,0,1
30940771,CAMPBELL,KY1120,StateRoute,,10TH,ST,E,39.08956887,-84.48461432,1.083,12/15/2022 0:00,2218,1,1,0,1,B,CLEAR,DRY,0,COLLISION WITH FIXED OBJECT IN INTERSECTION - FIRST EVENT COLLISION 09 - 32,SINGLE VEHICLE,STRAIGHT & GRADE,DARK-HWY LIGHTED/ON,1,0,0,1
30939266,CAMPBELL,I 0471,Interstate,,,,,39.08543961,-84.47442483,0.205,12/15/2022 0:00,1232,2,2,0,0,O,RAINING,WET,0,OTHER RAMP RELATED COLLISIONS NOT LISTED ABOVE,REAR END,STRAIGHT & LEVEL,DAYLIGHT,0,0,0,1
30940437,CAMPBELL,I 0275,Interstate,,,,,39.04598061,-84.46533907,0.351,12/15/2022 0:00,756,1,1,0,0,O,CLOUDY,WET,0,OTHER RAMP RELATED COLLISIONS NOT LISTED ABOVE,SINGLE VEHICLE,CURVE & LEVEL,DAYLIGHT,0,0,0,1
30956424,CAMPBELL,I 0275,Interstate,,I275 E,,,39.03162273,-84.47042508,76.275,12/15/2022 0:00,820,2,2,0,0,O,CLOUDY,WET,0,OTHER ROADWAY OR MID-BLOCK COLLISION,REAR END,STRAIGHT & GRADE,DAWN,0,0,0,1
30953081,CAMPBELL,I 0275,Interstate,,,,,39.02519131,-84.48049291,0.001,12/15/2022 0:00,824,2,2,0,0,O,CLOUDY,WET,0,OTHER RAMP RELATED COLLISIONS NOT LISTED ABOVE,REAR END,STRAIGHT & LEVEL,DAYLIGHT,0,0,0,1
30953080,CAMPBELL,I 0275,Interstate,,,,,39.0234756,-84.4828928,0.22,12/15/2022 0:00,156,1,1,0,0,O,RAINING,WET,0,COLLISION WITH FIXED OBJECT NOT IN GORE ,SINGLE VEHICLE,CURVE & LEVEL,DARK-HWY LIGHTED/ON,0,0,0,1
31014198,CAMPBELL,,OTHR,,RIVIERA,DR,,39.09892026,-84.48481781,0.287,12/16/2022 0:00,1945,2,2,0,0,O,CLOUDY,DRY,0,OTHER ROADWAY OR MID-BLOCK COLLISION,OPPOSING LEFT TURN,STRAIGHT & LEVEL,DARK-HWY LIGHTED/ON,0,0,0,1
30959113,CAMPBELL,KY0008,StateRoute,,MARY INGLES,HWY,,39.03008517,-84.36812221,12.059,12/16/2022 0:00,1858,2,1,0,1,B,CLEAR,DRY,1,COLLISION WITH PEDESTRIAN NON - INTERSECTION,SINGLE VEHICLE,STRAIGHT & LEVEL,DARK-HWY NOT LIGHTED,0,0,1,0
30942684,CAMPBELL,,OTHR,,WASHINGTON,AVE,,39.09461155,-84.492328,0.086,12/16/2022 0:00,815,2,2,0,0,O,CLEAR,DRY,1,1 VEHICLE PARKED POSITION (NOT PARKING LOT/DRIVEWAY),REAR END,STRAIGHT & LEVEL,DAYLIGHT,0,0,0,1