IncidentID,County,RdwyNumber,RdwyType,Street,RoadwayName,StreetSfx,StreetDir,Latitude,Longitude,Milepoint,CollisionDate,CollisionTime,UnitsInvolved,MotorVehiclesInvolved,NumberKilled,NumberInjured,KABCO,Weather,RdwyConditionCode,HitandRun,DirAnalysisCode,MannerofCollision,RdwyCharacter,LightCondition,Intersection Crash,Bicyclist,Pedestrian,Motor Vehicles
30956425,CAMPBELL,,OTHR,11,5TH,AVE,,39.03633838,-84.44966701,0.05,12/16/2022 0:00,1228,2,2,0,0,O,CLOUDY,DRY,0,1 VEHICLE PARKED POSITION (NOT PARKING LOT/DRIVEWAY),BACKING,STRAIGHT & GRADE,DAYLIGHT,0,0,0,1
30960980,CAMPBELL,,OTHR,456,LAFAYETTE,AVE,,39.10075118,-84.4808992,0.462,12/16/2022 0:00,1738,2,2,0,0,O,CLEAR,DRY,0,1 VEHICLE PARKED POSITION (NOT PARKING LOT/DRIVEWAY),SIDESWIPE-SAME DIRECTION,STRAIGHT & LEVEL,DARK-HWY LIGHTED/ON,0,0,0,1
30962203,CAMPBELL,US0027,USRoute,,ALEXANDRIA,PIKE,,38.96794573,-84.39326526,10.764,12/16/2022 0:00,1835,2,2,0,0,O,CLEAR,DRY,0,REAR END IN TRAFFIC LANES BOTH VEHICLES MOVING,REAR END,STRAIGHT & LEVEL,DARK-HWY NOT LIGHTED,0,0,0,1
30956429,CAMPBELL,I 0275,Interstate,,I275 E,,,39.04692265,-84.45650265,74.763,12/17/2022 0:00,1452,2,2,0,0,O,CLOUDY,DRY,1,REAR END IN TRAFFIC LANES BOTH VEHICLES MOVING,REAR END,STRAIGHT & GRADE,DAYLIGHT,0,0,0,1
30951678,CAMPBELL,KY1120,StateRoute,1327,FT THOMAS,AVE,S,39.0617512,-84.44951786,5.607,12/17/2022 0:00,1950,2,2,0,0,O,SNOWING,DRY,0,1 VEHICLE PARKED POSITION (NOT PARKING LOT/DRIVEWAY),SIDESWIPE-OPPOSITE DIRECTION,CURVE & LEVEL,DARK-HWY LIGHTED/ON,0,0,0,1
30951679,CAMPBELL,I 0275,Interstate,,I275 E,,,39.04947398,-84.44770487,74.258,12/17/2022 0:00,1334,1,1,0,0,O,SNOWING,DRY,0,COLLISION WITH FIXED OBJECT NON - INTERSECTION - FIRST EVENT COLLISION 09 - 32 EXCLUDING 16,SINGLE VEHICLE,STRAIGHT & GRADE,DAYLIGHT,0,0,0,1
30946272,CAMPBELL,,OTHR,,SARATOGA,ST,,39.093154,-84.49291874,0.567,12/17/2022 0:00,1255,2,2,0,0,O,CLOUDY,DRY,0,OTHER INTERSECTION COLLISIONS,REAR END,STRAIGHT & LEVEL,DAYLIGHT,1,0,0,1
30956428,CAMPBELL,US0027,USRoute,,ALEXANDRIA,PIKE,,39.03362107,-84.45320711,16.499,12/17/2022 0:00,1226,2,2,0,0,O,CLOUDY,DRY,0,OPPOSING LEFT TURN,OPPOSING LEFT TURN,STRAIGHT & GRADE,DAYLIGHT,0,0,0,1
30946500,CAMPBELL,I 0471,Interstate,,,,,39.10080375,-84.48977687,0.553,12/17/2022 0:00,1545,2,2,0,0,O,CLOUDY,DRY,0,OTHER RAMP RELATED COLLISIONS NOT LISTED ABOVE,REAR END,STRAIGHT & LEVEL,DAYLIGHT,0,0,0,1
30953311,CAMPBELL,I 0471,Interstate,10,I471,,N,39.0924844,-84.47599136,0.01,12/18/2022 0:00,130,2,2,0,0,O,CLEAR,DRY,1,OTHER RAMP RELATED COLLISIONS NOT LISTED ABOVE,SIDESWIPE-SAME DIRECTION,CURVE & GRADE,DUSK,0,0,0,1
30953314,CAMPBELL,I 0471,Interstate,,,,,39.08540972,-84.47463894,0.217,12/18/2022 0:00,1515,2,2,0,0,O,CLEAR,DRY,0,OTHER RAMP RELATED COLLISIONS NOT LISTED ABOVE,REAR END,CURVE & GRADE,DAYLIGHT,0,0,0,1
30958634,CAMPBELL,US0027,USRoute,,ALEXANDRIA,PIKE,,39.02526779,-84.44503951,15.747,12/18/2022 0:00,1225,2,2,0,0,O,CLEAR,DRY,0,OTHER ROADWAY OR MID-BLOCK COLLISION,REAR END,STRAIGHT & LEVEL,DAYLIGHT,0,0,0,1
30948924,CAMPBELL,KY0008,StateRoute,,DAVE COWENS,DR,,39.09685567,-84.49421958,0.914,12/18/2022 0:00,1225,2,2,0,0,O,CLEAR,DRY,0,ANGLE COLLISION - ONE VEHICLE TURNING LEFT,ANGLE,STRAIGHT & LEVEL,DAYLIGHT,0,0,0,1
30950482,CAMPBELL,KY1120,StateRoute,,MEMORIAL,PKWY,,39.0927258,-84.47518099,1.673,12/18/2022 0:00,1804,2,2,0,0,O,CLEAR,DRY,0,OTHER INTERSECTION COLLISIONS,REAR END,STRAIGHT & LEVEL,DARK-HWY LIGHTED/ON,1,0,0,1
30950481,CAMPBELL,KY0008,StateRoute,,5TH,ST,W,39.08946556,-84.49956336,0.299,12/18/2022 0:00,2205,1,1,0,0,O,CLEAR,DRY,0,COLLISION WITH FIXED OBJECT NON - INTERSECTION - FIRST EVENT COLLISION 09 - 32 EXCLUDING 16,SINGLE VEHICLE,CURVE & LEVEL,DARK-HWY LIGHTED/OFF,0,0,0,1
30953313,CAMPBELL,KY0008,StateRoute,500,DAVE COWENS,DR,,39.09941646,-84.4913932,1.215,12/18/2022 0:00,1045,2,2,0,0,O,CLEAR,DRY,0,REAR END IN TRAFFIC LANES BOTH VEHICLES MOVING,REAR END,STRAIGHT & LEVEL,DAYLIGHT,0,0,0,1
30959114,CAMPBELL,,OTHR,114,2ND,ST,W,39.03494155,-84.39158864,0.067,12/19/2022 0:00,1426,2,2,0,0,O,CLEAR,DRY,0,1 VEHICLE PARKED POSITION (NOT PARKING LOT/DRIVEWAY),ANGLE,STRAIGHT & LEVEL,DAYLIGHT,0,0,0,1
30960962,CAMPBELL,KY0010,StateRoute,,MAIN,ST,E,38.95108838,-84.37115879,2.799,12/19/2022 0:00,1728,1,1,0,0,O,CLEAR,DRY,0,COLLISION WITH ANIMAL IN INTERSECTION,SINGLE VEHICLE,CURVE & GRADE,DARK (UNKNOWN ROADWAY LIGHTING),1,0,0,1
30959112,CAMPBELL,KY0008,StateRoute,,MARY INGLES,HWY,,39.03670045,-84.39018071,10.781,12/19/2022 0:00,1653,2,2,0,0,O,CLEAR,DRY,0,ANGLE COLLISION - ONE VEHICLE TURNING LEFT,ANGLE,STRAIGHT & LEVEL,DAYLIGHT,0,0,0,1
30954468,CAMPBELL,I 0471,Interstate,,,,,39.08541108,-84.47455191,0.212,12/19/2022 0:00,1803,2,2,0,0,O,CLEAR,DRY,0,OTHER RAMP RELATED COLLISIONS NOT LISTED ABOVE,REAR END,STRAIGHT & HILLCREST,DARK-HWY LIGHTED/ON,0,0,0,1
30955874,CAMPBELL,I 0275,Interstate,,,,,39.02312623,-84.4834227,0.26,12/19/2022 0:00,1423,2,2,0,0,O,CLOUDY,DRY,0,OTHER RAMP RELATED COLLISIONS NOT LISTED ABOVE,REAR END,CURVE & LEVEL,DAYLIGHT,0,0,0,1
30953315,CAMPBELL,I 0471,Interstate,,,,,39.08548749,-84.47445326,0.171,12/19/2022 0:00,1119,2,2,0,0,O,CLOUDY,DRY,0,OTHER RAMP RELATED COLLISIONS NOT LISTED ABOVE,REAR END,CURVE & LEVEL,DAYLIGHT,0,0,0,1
30966742,CAMPBELL,I 0471,Interstate,,,,,39.0855377,-84.47443862,0.173,12/19/2022 0:00,1618,2,2,0,0,O,CLEAR,DRY,0,OTHER RAMP RELATED COLLISIONS NOT LISTED ABOVE,REAR END,CURVE & LEVEL,DUSK,0,0,0,1
30961112,CAMPBELL,US0027,USRoute,,ALEXANDRIA,PIKE,,39.05940818,-84.45176842,18.563,12/19/2022 0:00,1743,2,2,0,0,O,CLEAR,DRY,0,OTHER ROADWAY OR MID-BLOCK COLLISION,OPPOSING LEFT TURN,STRAIGHT & LEVEL,DARK-HWY LIGHTED/ON,0,0,0,1
30954462,CAMPBELL,KY0008,StateRoute,,DAVE COWENS,DR,,39.10088263,-84.48979992,1.345,12/19/2022 0:00,2053,3,3,0,0,O,CLEAR,DRY,1,OTHER ROADWAY OR MID-BLOCK COLLISION,REAR END,STRAIGHT & LEVEL,DARK-HWY LIGHTED/ON,0,0,0,1
30965916,CAMPBELL,US0027,USRoute,,ALEXANDRIA,PIKE,,39.02531091,-84.44557842,15.774,12/20/2022 0:00,1125,2,2,0,0,O,CLEAR,DRY,0,OTHER ROADWAY OR MID-BLOCK COLLISION,REAR END,STRAIGHT & LEVEL,DAYLIGHT,0,0,0,1
30956874,CAMPBELL,I 0471,Interstate,,,,,39.08261713,-84.46998279,0.022,12/20/2022 0:00,629,1,1,0,0,O,CLEAR,DRY,0,COLLISION WITH FIXED OBJECT NOT IN GORE ,SINGLE VEHICLE,STRAIGHT & LEVEL,DARK-HWY LIGHTED/ON,0,0,0,1
30987691,CAMPBELL,KY0008,StateRoute,229,FAIRFIELD,AVE,,39.10524407,-84.48455723,1.77,12/20/2022 0:00,1848,2,2,0,0,O,CLEAR,DRY,0,OTHER ROADWAY OR MID-BLOCK COLLISION,REAR END,STRAIGHT & LEVEL,DARK-HWY LIGHTED/ON,0,0,0,1
30957050,CAMPBELL,I 0471,Interstate,,,,,39.08541029,-84.47465355,0.218,12/20/2022 0:00,1030,2,2,0,0,O,CLOUDY,DRY,0,OTHER RAMP RELATED COLLISIONS NOT LISTED ABOVE,REAR END,CURVE & GRADE,DAYLIGHT,0,0,0,1
30960549,CAMPBELL,KY0915,StateRoute,,LICKING,PIKE,,38.9856416,-84.4207241,5.998,12/20/2022 0:00,1354,1,1,0,0,O,CLEAR,DRY,0,COLLISION WITH FIXED OBJECT IN INTERSECTION - FIRST EVENT COLLISION 09 - 32,SINGLE VEHICLE,STRAIGHT & LEVEL,DAYLIGHT,1,0,0,1
30987692,CAMPBELL,,OTHR,,RIVIERA,DR,,39.09763419,-84.48380738,0.389,12/20/2022 0:00,1247,2,2,0,0,O,CLEAR,DRY,0,HEAD-ON COLLISION,HEAD ON,STRAIGHT & LEVEL,DAYLIGHT,0,0,0,1
30961786,CAMPBELL,,OTHR,74,18TH,ST,,39.08050357,-84.48619607,0.245,12/20/2022 0:00,710,2,2,0,1,C,CLEAR,DRY,0,HEAD-ON COLLISION,HEAD ON,CURVE & HILLCREST,DARK-HWY LIGHTED/ON,0,0,0,1
30980493,CAMPBELL,KY0008,StateRoute,824,4TH,AVE,,39.11527497,-84.46838368,2.918,12/20/2022 0:00,1045,2,2,0,0,O,CLEAR,DRY,0,SIDESWIPE COLLISION - SAME DIRECTION,SIDESWIPE-SAME DIRECTION,STRAIGHT & LEVEL,DAYLIGHT,0,0,0,1
30959269,CAMPBELL,I 0275,Interstate,,I275 E,,,39.05652097,-84.43175,,12/20/2022 0:00,1605,2,2,0,3,B,CLEAR,DRY,0,REAR END IN TRAFFIC LANES BOTH VEHICLES MOVING,REAR END,STRAIGHT & LEVEL,DAYLIGHT,0,0,0,1
30961114,CAMPBELL,,OTHR,16,CROWN,PT,,39.07107848,-84.44296871,0.024,12/20/2022 0:00,1138,2,2,0,0,O,CLEAR,DRY,0,1 VEHICLE PARKED POSITION (NOT PARKING LOT/DRIVEWAY),SIDESWIPE-SAME DIRECTION,STRAIGHT & LEVEL,DAYLIGHT,0,0,0,1
30961115,CAMPBELL,,OTHR,815,FT THOMAS,AVE,N,39.08671968,-84.44960747,0.448,12/20/2022 0:00,813,2,2,0,0,O,CLEAR,DRY,0,1 VEHICLE PARKED POSITION (NOT PARKING LOT/DRIVEWAY),SIDESWIPE-SAME DIRECTION,STRAIGHT & LEVEL,DAYLIGHT,0,0,0,1
31002025,CAMPBELL,KY0010,StateRoute,8400,MAIN,ST,E,38.95952669,-84.38484247,1.818,12/21/2022 0:00,1810,2,2,0,0,O,CLEAR,DRY,0,REAR END IN TRAFFIC LANES BOTH VEHICLES MOVING,REAR END,STRAIGHT & LEVEL,DARK-HWY LIGHTED/ON,0,0,0,1
30979878,CAMPBELL,KY0709,StateRoute,,ALEXANDRIA,PIKE,E,38.98412121,-84.39780165,0.128,12/21/2022 0:00,2001,2,2,0,1,B,CLEAR,DRY,0,REAR END IN TRAFFIC LANES BOTH VEHICLES MOVING,REAR END,STRAIGHT & GRADE,DARK-HWY LIGHTED/ON,0,0,0,1
31002021,CAMPBELL,US0027,USRoute,,ALEXANDRIA,PIKE,,38.95482573,-84.39342714,9.849,12/21/2022 0:00,1151,2,2,0,0,O,CLEAR,DRY,0,REAR END IN TRAFFIC LANES BOTH VEHICLES MOVING,REAR END,STRAIGHT & LEVEL,DAYLIGHT,0,0,0,1
30963009,CAMPBELL,,OTHR,,9TH,ST,W,39.08590758,-84.49466629,0.175,12/21/2022 0:00,734,2,2,0,1,B,CLEAR,DRY,0,HEAD-ON COLLISION,HEAD ON,STRAIGHT & LEVEL,DAWN,0,0,0,1
30965813,CAMPBELL,I 0471,Interstate,,I471 S,,,39.05341368,-84.46907098,0.753,12/21/2022 0:00,545,2,2,0,0,O,CLEAR,DRY,0,SIDESWIPE COLLISION - SAME DIRECTION,SIDESWIPE-SAME DIRECTION,CURVE & LEVEL,DARK-HWY LIGHTED/ON,0,0,0,1
30988168,CAMPBELL,KY0008,StateRoute,,FAIRFIELD,AVE,,39.10680955,-84.48265687,1.917,12/21/2022 0:00,1546,3,3,0,0,O,CLEAR,DRY,0,OTHER INTERSECTION COLLISIONS,REAR END,STRAIGHT & LEVEL,DAYLIGHT,1,0,0,1
30963008,CAMPBELL,KY1892,StateRoute,,CAROTHERS,RD,,39.08384402,-84.48382884,2.568,12/21/2022 0:00,1105,2,2,0,0,O,CLOUDY,DRY,0,REAR END - ONE VEHICLE TURNING RIGHT,REAR END,CURVE & LEVEL,DAYLIGHT,0,0,0,1
30961787,CAMPBELL,KY1120,StateRoute,107,11TH,ST,W,39.08409228,-84.49117471,0.562,12/21/2022 0:00,800,2,2,0,0,O,CLEAR,DRY,0,OTHER ROADWAY OR MID-BLOCK COLLISION,REAR END,STRAIGHT & LEVEL,DAYLIGHT,0,0,0,1
30971311,CAMPBELL,US0027,USRoute,4113,ALEXANDRIA,PIKE,,39.02147615,-84.43945898,15.352,12/21/2022 0:00,1746,3,3,0,0,O,CLOUDY,WET,0,OTHER ROADWAY OR MID-BLOCK COLLISION,REAR END,STRAIGHT & LEVEL,DARK-HWY LIGHTED/ON,0,0,0,1
30963006,CAMPBELL,I 0471,Interstate,41071,GRAND AVE,,,39.08490733,-84.47458704,0.082,12/21/2022 0:00,932,2,2,0,0,O,CLEAR,DRY,0,OTHER RAMP RELATED COLLISIONS NOT LISTED ABOVE,SIDESWIPE-SAME DIRECTION,STRAIGHT & LEVEL,DAYLIGHT,0,0,0,1
30975922,CAMPBELL,US0027,USRoute,,ALEXANDRIA,PIKE,,39.065501,-84.4644122,19.523,12/21/2022 0:00,828,2,2,0,2,C,CLEAR,DRY,0,OTHER ROADWAY OR MID-BLOCK COLLISION,OPPOSING LEFT TURN,STRAIGHT & LEVEL,DAYLIGHT,0,0,0,1
30959844,CAMPBELL,I 0471,Interstate,,I471 S,,,39.09815278,-84.48945176,4.597,12/21/2022 0:00,252,1,1,0,0,O,CLOUDY,DRY,0,OTHER ROADWAY OR MID-BLOCK COLLISION,SINGLE VEHICLE,STRAIGHT & GRADE,DARK-HWY LIGHTED/ON,0,0,0,1
30971313,CAMPBELL,US0027,USRoute,,ALEXANDRIA,PIKE,,38.99699521,-84.41671914,13.304,12/22/2022 0:00,759,2,2,0,2,B,RAINING,WET,0,OTHER ROADWAY OR MID-BLOCK COLLISION,OPPOSING LEFT TURN,STRAIGHT & LEVEL,DARK-HWY LIGHTED/ON,0,0,0,1
30976420,CAMPBELL,KY1120,StateRoute,,MEMORIAL,PKWY,,39.09097376,-84.4564668,2.901,12/22/2022 0:00,730,1,1,0,0,O,CLEAR,DRY,0,COLLISION WITH ANIMAL IN INTERSECTION,SINGLE VEHICLE,STRAIGHT & LEVEL,DAYLIGHT,1,0,0,1
30967649,CAMPBELL,US0027,USRoute,2700,ALEXANDRIA,PIKE,,39.03375238,-84.45322247,16.506,12/22/2022 0:00,722,2,2,0,0,O,CLOUDY,DRY,0,ANGLE COLLISION - ONE VEHICLE TURNING LEFT,ANGLE,STRAIGHT & GRADE,DARK-HWY LIGHTED/ON,0,0,0,1
31145099,CAMPBELL,,OTHR,,7TH,ST,E,39.09028604,-84.49245371,0.557,12/22/2022 0:00,1428,2,2,0,0,O,CLEAR,DRY,0,COLLISION WITH PARKED VEHICLE,SIDESWIPE-SAME DIRECTION,STRAIGHT & LEVEL,DAYLIGHT,0,0,0,1
30966740,CAMPBELL,,OTHR,,BRIGHTON,ST,,39.08413639,-84.49882849,0.338,12/22/2022 0:00,1108,2,2,0,0,O,CLOUDY,WET,1,COLLISION WITH PARKED VEHICLE,BACKING,STRAIGHT & LEVEL,DAYLIGHT,0,0,0,1
30968930,CAMPBELL,,OTHR,,9TH,ST,W,39.08446681,-84.49719312,0.354,12/22/2022 0:00,1500,2,2,0,0,O,CLOUDY,WET,1,ANGLE COLLISION - OTHER,ANGLE,STRAIGHT & LEVEL,DAYLIGHT,0,0,0,1
30987694,CAMPBELL,,OTHR,,RIVIERA,DR,,39.10182041,-84.48871052,0.002,12/22/2022 0:00,1845,2,2,0,0,O,RAINING,WET,0,OTHER INTERSECTION COLLISIONS,REAR END,CURVE & LEVEL,DARK-HWY LIGHTED/ON,1,0,0,1
30994774,CAMPBELL,KY0008,StateRoute,,6TH,AVE,,39.10980289,-84.47872933,2.213,12/22/2022 0:00,2251,2,2,0,2,B,SNOWING,SNOW/SLUSH,0,HEAD-ON COLLISION,HEAD ON,STRAIGHT & LEVEL,DARK-HWY LIGHTED/ON,0,0,0,1
30968197,CAMPBELL,KY1120,StateRoute,,10TH,ST,E,39.08998393,-84.4839038,1.126,12/22/2022 0:00,2105,2,2,0,3,B,RAINING,WET,0,HEAD-ON COLLISION,HEAD ON,STRAIGHT & LEVEL,DARK-HWY LIGHTED/ON,0,0,0,1
30968198,CAMPBELL,KY1892,StateRoute,,CAROTHERS,RD,,39.08461144,-84.48172697,2.436,12/22/2022 0:00,2020,2,2,0,0,O,RAINING,WET,0,HEAD-ON COLLISION,HEAD ON,STRAIGHT & GRADE,DARK-HWY LIGHTED/ON,0,0,0,1
30971926,CAMPBELL,,OTHR,,CROSSROADS,BLVD,,39.0051446,-84.4222204,0.155,12/22/2022 0:00,1904,2,2,0,0,O,RAINING,WET,0,REAR END IN TRAFFIC LANES BOTH VEHICLES MOVING,REAR END,STRAIGHT & HILLCREST,DARK-HWY LIGHTED/ON,0,0,0,1
30969969,CAMPBELL,,OTHR,11,13TH,ST,W,39.08345903,-84.48734395,0.076,12/23/2022 0:00,1814,2,2,0,0,O,BLOWING SAND/SOIL/DIRT/SNOW,SNOW/SLUSH,0,1 VEHICLE PARKED POSITION (NOT PARKING LOT/DRIVEWAY),REAR END,STRAIGHT & LEVEL,DARK-HWY LIGHTED/ON,0,0,0,1
30976643,CAMPBELL,I 0471,Interstate,,I471 N,,,39.08838168,-84.47460071,3.483,12/23/2022 0:00,1720,2,2,0,0,O,BLOWING SAND/SOIL/DIRT/SNOW,SNOW/SLUSH,1,REAR END IN TRAFFIC LANES BOTH VEHICLES MOVING,REAR END,STRAIGHT & LEVEL,DARK-HWY LIGHTED/ON,0,0,0,1
30968185,CAMPBELL,I 0275,Interstate,,I275 E,,,39.02790302,-84.47279409,76.554,12/23/2022 0:00,7,2,2,0,0,O,SNOWING,SNOW/SLUSH,0,1 VEHICLE ENTERING/LEAVING ENTRANCE,ANGLE,STRAIGHT & GRADE,DARK-HWY LIGHTED/ON,0,0,0,1
30968931,CAMPBELL,KY1120,StateRoute,,10TH,ST,E,39.09261936,-84.48055691,1.371,12/23/2022 0:00,1220,2,2,0,0,O,BLOWING SAND/SOIL/DIRT/SNOW,SNOW/SLUSH,0,HEAD-ON COLLISION,HEAD ON,STRAIGHT & LEVEL,DAYLIGHT,0,0,0,1
30977567,CAMPBELL,KY1120,StateRoute,,11TH,ST,W,39.08417518,-84.49091435,0.575,12/23/2022 0:00,0,2,2,0,0,O,CLOUDY,SNOW/SLUSH,0,OTHER INTERSECTION COLLISIONS,REAR END,STRAIGHT & LEVEL,DAYLIGHT,1,0,0,1
30973150,CAMPBELL,KY1632,StateRoute,,MOOCK,RD,,39.06439035,-84.46967872,1.324,12/23/2022 0:00,5,1,1,0,0,O,SNOWING,SNOW/SLUSH,0,COLLISION WITH FIXED OBJECT IN INTERSECTION - FIRST EVENT COLLISION 09 - 32,SINGLE VEHICLE,STRAIGHT & LEVEL,DARK-HWY LIGHTED/ON,1,0,0,1
30972288,CAMPBELL,KY0008,StateRoute,4854,MARY INGLES,HWY,,39.03957338,-84.40430423,9.993,12/23/2022 0:00,238,1,1,0,0,O,SNOWING,SNOW/SLUSH,0,COLLISION WITH FIXED OBJECT NON - INTERSECTION - FIRST EVENT COLLISION 09 - 32 EXCLUDING 16,SINGLE VEHICLE,STRAIGHT & LEVEL,DARK-HWY NOT LIGHTED,0,0,0,1
30971310,CAMPBELL,,OTHR,125,PLAZA,DR,,39.00322663,-84.42454899,0.088,12/23/2022 0:00,900,1,1,0,0,O,SNOWING,ICE,0,COLLISION WITH FIXED OBJECT NON - INTERSECTION - FIRST EVENT COLLISION 09 - 32 EXCLUDING 16,SINGLE VEHICLE,CURVE & GRADE,DAYLIGHT,0,0,0,1
30976415,CAMPBELL,KY0445,StateRoute,296,RIVER,RD,,39.06077632,-84.44561124,0.758,12/23/2022 0:00,1600,1,1,0,0,O,CLOUDY,SNOW/SLUSH,1,COLLISION WITH FIXED OBJECT NON - INTERSECTION - FIRST EVENT COLLISION 09 - 32 EXCLUDING 16,SINGLE VEHICLE,CURVE & GRADE,DAYLIGHT,0,0,0,1
30987690,CAMPBELL,KY0008,StateRoute,209,FAIRFIELD,AVE,,39.10234609,-84.48803977,1.496,12/23/2022 0:00,1815,2,2,0,0,O,BLOWING SAND/SOIL/DIRT/SNOW,SNOW/SLUSH,1,1 VEHICLE PARKED POSITION (NOT PARKING LOT/DRIVEWAY),REAR END,STRAIGHT & LEVEL,DUSK,0,0,0,1
30976416,CAMPBELL,,OTHR,539,WATERWORKS,RD,,39.08910448,-84.46043339,0.708,12/23/2022 0:00,818,2,2,0,0,O,BLOWING SAND/SOIL/DIRT/SNOW,SNOW/SLUSH,0,1 VEHICLE PARKED POSITION (NOT PARKING LOT/DRIVEWAY),HEAD ON,STRAIGHT & GRADE,DAYLIGHT,0,0,0,1
30970384,CAMPBELL,KY0008,StateRoute,317,6TH,AVE,,39.11122187,-84.47646536,2.365,12/23/2022 0:00,1924,2,2,0,0,O,CLEAR,ICE,0,1 VEHICLE PARKED POSITION (NOT PARKING LOT/DRIVEWAY),ANGLE,STRAIGHT & LEVEL,DARK-HWY LIGHTED/ON,0,0,0,1
30976645,CAMPBELL,I 0471,Interstate,,I471 N,,,39.0886447,-84.47483378,3.505,12/23/2022 0:00,1330,1,1,0,0,O,CLOUDY,SNOW/SLUSH,0,OTHER ROADWAY OR MID-BLOCK COLLISION,SINGLE VEHICLE,STRAIGHT & LEVEL,DAYLIGHT,0,0,0,1
31089696,CAMPBELL,,OTHR,141,CENTER,ST,,39.101273,-84.48307334,0.04,12/24/2022 0:00,730,2,2,0,0,O,CLOUDY,SNOW/SLUSH,1,1 VEHICLE PARKED POSITION (NOT PARKING LOT/DRIVEWAY),SIDESWIPE-SAME DIRECTION,STRAIGHT & LEVEL,DAWN,0,0,0,1
30971354,CAMPBELL,I 0471,Interstate,,I471 N,,,39.08866953,-84.47480308,3.506,12/24/2022 0:00,1552,1,1,0,0,O,CLEAR,SNOW/SLUSH,0,COLLISION WITH FIXED OBJECT NON - INTERSECTION - FIRST EVENT COLLISION 09 - 32 EXCLUDING 16,SINGLE VEHICLE,STRAIGHT & LEVEL,DAYLIGHT,0,0,0,1
30970347,CAMPBELL,US0027,USRoute,,11TH,ST,E,39.08497495,-84.48955468,21.599,12/24/2022 0:00,1204,2,2,0,0,O,CLOUDY,SNOW/SLUSH,0,SIDESWIPE-SAME DIRECTION,SIDESWIPE-SAME DIRECTION,STRAIGHT & LEVEL,DAYLIGHT,0,0,0,1
30987782,CAMPBELL,US0027,USRoute,,ALEXANDRIA,PIKE,,39.0199058,-84.4376423,15.197,12/24/2022 0:00,1058,2,2,0,0,O,CLOUDY,SNOW/SLUSH,0,OTHER INTERSECTION COLLISIONS,REAR END,STRAIGHT & LEVEL,DAYLIGHT,1,0,0,1
30972475,CAMPBELL,KY1120,StateRoute,,11TH,ST,W,39.08407942,-84.49083481,0.569,12/24/2022 0:00,1615,2,2,0,0,O,CLEAR,ICE,0,OTHER INTERSECTION COLLISIONS,REAR END,STRAIGHT & LEVEL,DAYLIGHT,1,0,0,1
30972762,CAMPBELL,US0027,USRoute,,ALEXANDRIA,PIKE,,39.07343862,-84.47236964,20.235,12/24/2022 0:00,1631,2,2,0,0,O,BLOWING SAND/SOIL/DIRT/SNOW,SNOW/SLUSH,0,1 VEHICLE PARKED POSITION (NOT PARKING LOT/DRIVEWAY),REAR END,CURVE & GRADE,DAYLIGHT,0,0,0,1
30986076,CAMPBELL,I 0275,Interstate,,I275 E,,,39.02931381,-84.47123046,76.434,12/26/2022 0:00,100,1,1,0,0,O,CLEAR,DRY,0,OTHER COLLISIONS ON SHOULDER,SINGLE VEHICLE,CURVE & GRADE,DARK-HWY LIGHTED/ON,0,0,0,1
30980491,CAMPBELL,,OTHR,1310,6TH,AVE,,39.11310784,-84.46159736,0.455,12/26/2022 0:00,1329,3,3,0,0,O,CLEAR,ICE,1,SIDESWIPE COLLISION - OPPOSITE DIRECTION,SIDESWIPE-OPPOSITE DIRECTION,STRAIGHT & LEVEL,DAYLIGHT,0,0,0,1
30976258,CAMPBELL,,OTHR,62,PLEASANT,DR,,39.03441257,-84.44971009,0.147,12/26/2022 0:00,1539,2,2,0,0,O,CLOUDY,SNOW/SLUSH,0,1 VEHICLE PARKED POSITION (NOT PARKING LOT/DRIVEWAY),REAR END,STRAIGHT & GRADE,DAYLIGHT,0,0,0,1
30987698,CAMPBELL,KY1632,StateRoute,105,MOOCK,RD,,39.06091319,-84.47203227,1.043,12/27/2022 0:00,1852,1,1,0,0,O,CLOUDY,DRY,0,COLLISION WITH FIXED OBJECT NON - INTERSECTION - FIRST EVENT COLLISION 09 - 32 EXCLUDING 16,SINGLE VEHICLE,CURVE & GRADE,DARK-HWY NOT LIGHTED,0,0,0,1
31016662,CAMPBELL,KY1120,StateRoute,,MEMORIAL,PKWY,,39.09579823,-84.47271108,1.91,12/27/2022 0:00,617,1,1,0,0,O,RAINING,WET,0,COLLISION WITH FIXED OBJECT NON - INTERSECTION - FIRST EVENT COLLISION 09 - 32 EXCLUDING 16,SINGLE VEHICLE,STRAIGHT & LEVEL,DARK-HWY NOT LIGHTED,0,0,0,1
30977566,CAMPBELL,,OTHR,,PATTERSON,ST,,39.08206468,-84.49499734,0.1,12/27/2022 0:00,1303,2,2,0,0,O,CLOUDY,WET,0,OPPOSITE DIRECTION - BOTH VEHICLES GOING STRAIGHT AHEAD,SIDESWIPE-OPPOSITE DIRECTION,STRAIGHT & LEVEL,DAYLIGHT,0,0,0,1