IncidentID,County,RdwyNumber,RdwyType,Street,RoadwayName,StreetSfx,StreetDir,Latitude,Longitude,Milepoint,CollisionDate,CollisionTime,UnitsInvolved,MotorVehiclesInvolved,NumberKilled,NumberInjured,KABCO,Weather,RdwyConditionCode,HitandRun,DirAnalysisCode,MannerofCollision,RdwyCharacter,LightCondition,Intersection Crash,Bicyclist,Pedestrian,Motor Vehicles
30999238,CAMPBELL,US0027,USRoute,,ALEXANDRIA,PIKE,,38.8932163,-84.38574395,5.5,12/27/2022 0:00,2035,1,1,0,0,O,CLOUDY,WET,0,COLLISION WITH ANIMAL IN INTERSECTION,SINGLE VEHICLE,STRAIGHT & LEVEL,DARK-HWY NOT LIGHTED,1,0,0,1
30983640,CAMPBELL,KY1892,StateRoute,,GRAND,AVE,N,39.07854748,-84.46499681,1.263,12/27/2022 0:00,1536,2,2,0,1,B,CLOUDY,WET,0,ANGLE COLLISION - ONE VEHICLE TURNING LEFT,ANGLE,STRAIGHT & GRADE,DAYLIGHT,0,0,0,1
30981559,CAMPBELL,,OTHR,,TARVIN,RD,,38.88753705,-84.40113191,0.391,12/27/2022 0:00,1207,2,2,0,0,O,CLOUDY,WET,0,VEHICLE BACKING NON INTERSECTION,BACKING,STRAIGHT & GRADE,DAYLIGHT,0,0,0,1
30982243,CAMPBELL,US0027,USRoute,,ALEXANDRIA,PIKE,,39.02317276,-84.44178029,15.53,12/27/2022 0:00,1420,2,2,0,0,O,CLOUDY,DRY,0,REAR END IN TRAFFIC LANES BOTH VEHICLES MOVING,REAR END,STRAIGHT & LEVEL,DAYLIGHT,0,0,0,1
31060503,CAMPBELL,KY1120,StateRoute,2317,MEMORIAL,PKWY,,39.08522507,-84.45123443,3.719,12/28/2022 0:00,1305,2,2,0,0,O,CLEAR,SNOW/SLUSH,0,1 VEHICLE PARKED POSITION (NOT PARKING LOT/DRIVEWAY),BACKING,STRAIGHT & LEVEL,DAYLIGHT,0,0,0,1
31051766,CAMPBELL,I 0275,Interstate,,I275 E,,,39.0226619,-84.48411781,77.281,12/28/2022 0:00,2203,2,2,0,1,C,CLEAR,DRY,0,SIDESWIPE COLLISION - SAME DIRECTION,SIDESWIPE-SAME DIRECTION,STRAIGHT & LEVEL,DARK-HWY LIGHTED/OFF,0,0,0,1
30980504,CAMPBELL,US0027,USRoute,,ALEXANDRIA,PIKE,,38.9827024,-84.3985971,11.919,12/28/2022 0:00,620,2,2,0,0,O,CLEAR,DRY,0,OTHER INTERSECTION COLLISIONS,REAR END,STRAIGHT & GRADE,DARK-HWY LIGHTED/ON,1,0,0,1
30988166,CAMPBELL,KY0008,StateRoute,,FAIRFIELD,AVE,,39.10179436,-84.48870737,1.448,12/28/2022 0:00,1321,2,2,0,0,O,CLEAR,SNOW/SLUSH,0,SIDESWIPE-SAME DIRECTION,SIDESWIPE-SAME DIRECTION,STRAIGHT & LEVEL,DAYLIGHT,0,0,0,1
30988440,CAMPBELL,KY0009,StateRoute,,AA,HWY,,38.94500455,-84.33213934,7.402,12/28/2022 0:00,1748,1,1,0,0,O,CLEAR,SNOW/SLUSH,0,COLLISION WITH ANIMAL NON INTERSECTION,SINGLE VEHICLE,STRAIGHT & HILLCREST,DARK-HWY NOT LIGHTED,0,0,0,1
30996320,CAMPBELL,,OTHR,13,CLEARVIEW,DR,,39.02895775,-84.45974649,0.068,12/29/2022 0:00,954,2,2,0,0,O,CLOUDY,SNOW/SLUSH,0,1 VEHICLE PARKED POSITION (NOT PARKING LOT/DRIVEWAY),REAR END,STRAIGHT & GRADE,DAYLIGHT,0,0,0,1
31063532,CAMPBELL,I 0471,Interstate,,I471 S,,,39.0719639,-84.46361661,2.188,12/29/2022 0:00,1930,1,1,0,0,O,CLOUDY,DRY,0,COLLISION WITH NON-FIXED OBJECT ,SINGLE VEHICLE,CURVE & LEVEL,DARK-HWY LIGHTED/ON,0,0,0,1
31013270,CAMPBELL,US0027,USRoute,,ALEXANDRIA,PIKE,,38.95764513,-84.39298884,10.045,12/29/2022 0:00,910,2,2,0,1,C,CLOUDY,DRY,0,OPPOSING LEFT TURN,OPPOSING LEFT TURN,STRAIGHT & LEVEL,DAYLIGHT,0,0,0,1
31017877,CAMPBELL,,OTHR,,POPLAR RIDGE,RD,,38.973637,-84.39203925,0.011,12/29/2022 0:00,1006,2,2,0,0,O,CLOUDY,DRY,1,OTHER INTERSECTION COLLISIONS,REAR END,STRAIGHT & GRADE,DAYLIGHT,1,0,0,1
30986078,CAMPBELL,KY0009,StateRoute,,AA,HWY,,39.00990345,-84.4692896,16.552,12/29/2022 0:00,913,2,2,0,0,O,CLOUDY,WET,0,OTHER INTERSECTION COLLISIONS,REAR END,STRAIGHT & LEVEL,DAYLIGHT,1,0,0,1
30988990,CAMPBELL,KY1120,StateRoute,,11TH,ST,W,39.07974687,-84.49936552,0.02,12/29/2022 0:00,810,2,2,0,0,O,CLOUDY,WET,1,REAR END IN TRAFFIC LANES BOTH VEHICLES MOVING,REAR END,STRAIGHT & LEVEL,DAYLIGHT,0,0,0,1
30986806,CAMPBELL,KY0009,StateRoute,1220,LICKING,PIKE,,39.07796978,-84.49595881,21.91,12/29/2022 0:00,2042,2,2,0,1,C,CLOUDY,WET,1,REAR END IN TRAFFIC LANES BOTH VEHICLES MOVING,REAR END,STRAIGHT & HILLCREST,DARK-HWY LIGHTED/ON,0,0,0,1
30990157,CAMPBELL,KY0008,StateRoute,,DAVE COWENS,DR,,39.10048707,-84.49014153,1.319,12/30/2022 0:00,1947,2,2,0,0,O,CLOUDY,DRY,0,SIDESWIPE COLLISION - SAME DIRECTION,SIDESWIPE-SAME DIRECTION,STRAIGHT & LEVEL,DARK-HWY LIGHTED/ON,0,0,0,1
31017908,CAMPBELL,KY1120,StateRoute,300,10TH,ST,E,39.08797752,-84.48759821,0.897,12/30/2022 0:00,800,2,2,0,0,O,CLEAR,WET,0,1 VEHICLE ENTERING/LEAVING ENTRANCE,ANGLE,STRAIGHT & LEVEL,DAYLIGHT,0,0,0,1
30997113,CAMPBELL,US0027,USRoute,2517,ALEXANDRIA,PIKE,,39.07168088,-84.47053301,20.079,12/30/2022 0:00,1845,3,3,0,0,O,CLEAR,DRY,0,REAR END IN TRAFFIC LANES BOTH VEHICLES MOVING,REAR END,STRAIGHT & LEVEL,DARK-HWY LIGHTED/ON,0,0,0,1
31062413,CAMPBELL,,OTHR,,RIVIERA,DR,,39.09914341,-84.48566422,0.246,12/30/2022 0:00,1100,2,1,0,0,O,CLEAR,WET,0,COLLISION WITH FIXED OBJECT NON - INTERSECTION - FIRST EVENT COLLISION 09 - 32 EXCLUDING 16,ANGLE,STRAIGHT & LEVEL,DAYLIGHT,0,0,0,1
30990400,CAMPBELL,KY0009,StateRoute,,AA,HWY,,39.00285279,-84.4354344,14.672,12/30/2022 0:00,952,1,1,0,0,O,CLOUDY,WET,0,COLLISION WITH FIXED OBJECT NON - INTERSECTION - FIRST EVENT COLLISION 09 - 32 EXCLUDING 16,SINGLE VEHICLE,STRAIGHT & LEVEL,DAWN,0,0,0,1
30988616,CAMPBELL,,OTHR,70,CREEKWOOD,DR,,39.05375125,-84.4843475,0.215,12/30/2022 0:00,1427,2,2,0,0,O,CLOUDY,DRY,1,1 VEHICLE PARKED POSITION (NOT PARKING LOT/DRIVEWAY),ANGLE,STRAIGHT & LEVEL,DAYLIGHT,0,0,0,1
30990543,CAMPBELL,KY0008,StateRoute,,3RD,ST,E,39.0948276,-84.49459323,0.723,12/31/2022 0:00,45,2,1,0,0,O,CLOUDY,WET,1,COLLISION WITH PEDESTRIAN IN INTERSECTION,SINGLE VEHICLE,STRAIGHT & LEVEL,DARK-HWY LIGHTED/ON,1,0,1,0
30996394,CAMPBELL,,OTHR,,TOWER,DR,,39.07620204,-84.48896113,0.08,12/31/2022 0:00,1850,2,2,0,0,O,CLEAR,DRY,0,1 VEHICLE PARKED POSITION (NOT PARKING LOT/DRIVEWAY),REAR END,STRAIGHT & HILLCREST,DARK-HWY LIGHTED/ON,0,0,0,1
31295213,CAMPBELL,KY0008,StateRoute,,FAIRFIELD,AVE,,39.10720123,-84.48216906,1.955,12/31/2022 0:00,1417,2,2,0,0,O,CLOUDY,DRY,0,HEAD-ON COLLISION,HEAD ON,STRAIGHT & LEVEL,DAYLIGHT,0,0,0,1
30998446,CAMPBELL,I 0471,Interstate,,,,,39.08542789,-84.47458626,0.214,12/31/2022 0:00,1433,2,2,0,0,O,CLOUDY,DRY,0,OTHER RAMP RELATED COLLISIONS NOT LISTED ABOVE,REAR END,CURVE & LEVEL,DAYLIGHT,0,0,0,1
31063525,CAMPBELL,,OTHR,,CARMEL MANOR,DR,,39.06403617,-84.44504631,0.075,1/1/2023 0:00,1939,2,2,0,0,O,CLEAR,DRY,0,VEHICLE BACKING NON INTERSECTION,BACKING,STRAIGHT & LEVEL,DARK-HWY LIGHTED/ON,0,0,0,1
30995454,CAMPBELL,,OTHR,13269,HISSEM,RD,,38.83892375,-84.39790904,0.843,1/1/2023 0:00,36,1,1,0,0,O,FOG,DRY,0,OTHER COLLISIONS ON SHOULDER,SINGLE VEHICLE,CURVE & GRADE,DARK (UNKNOWN ROADWAY LIGHTING),0,0,0,1
30996494,CAMPBELL,KY1120,StateRoute,310,11TH,ST,W,39.08257297,-84.49392281,0.381,1/1/2023 0:00,724,2,2,0,0,O,CLOUDY,DRY,0,1 VEHICLE PARKED POSITION (NOT PARKING LOT/DRIVEWAY),REAR END,STRAIGHT & LEVEL,DARK-HWY LIGHTED/ON,0,0,0,1
31046272,CAMPBELL,KY0009,StateRoute,,LICKING,PIKE,,39.02528861,-84.48050494,17.942,1/1/2023 0:00,313,1,1,0,0,O,CLOUDY,DRY,0,COLLISION WITH FIXED OBJECT NON - INTERSECTION - FIRST EVENT COLLISION 09 - 32 EXCLUDING 16,SINGLE VEHICLE,STRAIGHT & LEVEL,DARK-HWY LIGHTED/ON,0,0,0,1
30996493,CAMPBELL,US0027,USRoute,,MONMOUTH,ST,,39.08410377,-84.48465559,21.256,1/1/2023 0:00,1608,2,2,0,0,O,CLOUDY,DRY,0,ANGLE COLLISION - OTHER,ANGLE,STRAIGHT & LEVEL,DAYLIGHT,0,0,0,1
31001140,CAMPBELL,KY1892,StateRoute,,CAROTHERS,RD,,39.08592792,-84.479488,2.284,1/2/2023 0:00,1034,3,3,0,5,A,CLOUDY,WET,0,ANGLE COLLISION - OTHER,ANGLE,STRAIGHT & LEVEL,DAYLIGHT,0,0,0,1
31001343,CAMPBELL,KY0009,StateRoute,,AA,HWY,,39.0010922,-84.41135939,13.356,1/2/2023 0:00,413,1,1,0,0,O,CLEAR,DRY,0,COLLISION WITH FIXED OBJECT IN INTERSECTION - FIRST EVENT COLLISION 09 - 32,SINGLE VEHICLE,STRAIGHT & LEVEL,DARK-HWY NOT LIGHTED,1,0,0,1
30999337,CAMPBELL,KY1892,StateRoute,1400,GRAND,AVE,,39.0803208,-84.46737696,1.433,1/2/2023 0:00,1130,2,2,0,0,O,CLEAR,DRY,1,1 VEHICLE PARKED POSITION (NOT PARKING LOT/DRIVEWAY),BACKING,STRAIGHT & LEVEL,DAYLIGHT,0,0,0,1
31000075,CAMPBELL,KY0008,StateRoute,801,6TH,AVE,,39.11378741,-84.46972289,2.752,1/2/2023 0:00,1010,2,2,0,0,O,CLOUDY,WET,0,1 VEHICLE PARKED POSITION (NOT PARKING LOT/DRIVEWAY),SIDESWIPE-SAME DIRECTION,STRAIGHT & LEVEL,DAYLIGHT,0,0,0,1
31012867,CAMPBELL,,OTHR,105,RIDGEPOINTE,DR,,39.00336276,-84.44429884,0.034,1/2/2023 0:00,800,2,1,0,0,O,CLEAR,DRY,0,1 VEHICLE PARKED POSITION (NOT PARKING LOT/DRIVEWAY),BACKING,STRAIGHT & LEVEL,DAYLIGHT,0,0,0,1
31056575,CAMPBELL,,OTHR,,BON JAN,LN,,39.03113818,-84.44990731,0.094,1/2/2023 0:00,1200,2,2,0,0,O,CLEAR,DRY,0,1 VEHICLE PARKED POSITION (NOT PARKING LOT/DRIVEWAY),SIDESWIPE-SAME DIRECTION,STRAIGHT & LEVEL,DAYLIGHT,0,0,0,1
31047119,CAMPBELL,I 0275,Interstate,,I275 E,,,39.02499418,-84.47793756,76.893,1/2/2023 0:00,1831,3,3,0,0,O,CLOUDY,WET,0,REAR END IN TRAFFIC LANES BOTH VEHICLES MOVING,REAR END,STRAIGHT & GRADE,DARK-HWY LIGHTED/ON,0,0,0,1
31044098,CAMPBELL,KY1120,StateRoute,10,11TH,ST,W,39.08490926,-84.48968083,0.66,1/2/2023 0:00,1243,2,2,0,0,O,CLOUDY,DRY,0,OTHER ROADWAY OR MID-BLOCK COLLISION,REAR END,STRAIGHT & LEVEL,DAYLIGHT,0,0,0,1
31069460,CAMPBELL,US0027,USRoute,,ALEXANDRIA,PIKE,,39.01807776,-84.43575105,15.022,1/2/2023 0:00,1800,2,2,0,0,O,CLEAR,DRY,0,1 VEHICLE ENTERING/LEAVING ENTRANCE,ANGLE,STRAIGHT & LEVEL,DARK-HWY LIGHTED/ON,0,0,0,1
30999015,CAMPBELL,,OTHR,,NEWPORT PAVILION,,,39.08759353,-84.47662275,0.509,1/2/2023 0:00,1346,2,2,0,0,O,CLOUDY,FLOODED,0,1 VEHICLE ENTERING/LEAVING ENTRANCE,ANGLE,STRAIGHT & LEVEL,DAYLIGHT,0,0,0,1
31001141,CAMPBELL,KY1120,StateRoute,,MEMORIAL,PKWY,,39.09285606,-84.47897661,1.449,1/3/2023 0:00,9,1,1,0,0,O,RAINING,WET,0,COLLISION WITH FIXED OBJECT NON - INTERSECTION - FIRST EVENT COLLISION 09 - 32 EXCLUDING 16,SINGLE VEHICLE,CURVE & LEVEL,DARK-HWY LIGHTED/ON,0,0,0,1
31060506,CAMPBELL,,OTHR,524,HIGHLAND,AVE,,39.07513904,-84.45839558,0.793,1/3/2023 0:00,1520,1,1,0,0,O,CLOUDY,WET,0,COLLISION WITH FIXED OBJECT NON - INTERSECTION - FIRST EVENT COLLISION 09 - 32 EXCLUDING 16,SINGLE VEHICLE,CURVE & LEVEL,DAYLIGHT,0,0,0,1
31060690,CAMPBELL,,OTHR,,DRY CREEK,RD,,39.00995664,-84.45390859,0.299,1/3/2023 0:00,733,1,1,0,0,O,RAINING,WET,0,RAN OFF ROADWAY (1 VEHICLE WITH/EARTH EMBANKMENT/DITCH),SINGLE VEHICLE,CURVE & LEVEL,DAYLIGHT,0,0,0,1
31090971,CAMPBELL,KY0009,StateRoute,,AA,HWY,,38.98091776,-84.37434354,10.872,1/3/2023 0:00,1802,2,2,0,0,O,CLEAR,DRY,0,ANGLE COLLISION - OTHER,ANGLE,STRAIGHT & LEVEL,DARK-HWY NOT LIGHTED,0,0,0,1
31051767,CAMPBELL,I 0275,Interstate,,,,,39.02306415,-84.48378338,0.281,1/3/2023 0:00,746,2,2,0,0,O,RAINING,WET,0,OTHER RAMP RELATED COLLISIONS NOT LISTED ABOVE,REAR END,CURVE & GRADE,DAYLIGHT,0,0,0,1
31016713,CAMPBELL,US0027,USRoute,,,,,39.00334438,-84.42324339,0.018,1/3/2023 0:00,1220,2,2,0,0,O,RAINING,WET,0,OTHER RAMP RELATED COLLISIONS NOT LISTED ABOVE,REAR END,STRAIGHT & LEVEL,DAYLIGHT,0,0,0,1
31063526,CAMPBELL,I 0471,Interstate,,,,,39.06802171,-84.46515146,0.336,1/3/2023 0:00,404,1,1,0,0,O,RAINING,WET,0,COLLISION WITH FIXED OBJECT NOT IN GORE ,SINGLE VEHICLE,CURVE & LEVEL,DARK-HWY LIGHTED/ON,0,0,0,1
31038880,CAMPBELL,I 0471,Interstate,,,,,39.08541143,-84.47465567,0.218,1/4/2023 0:00,1229,2,2,0,0,O,CLOUDY,DRY,0,OTHER RAMP RELATED COLLISIONS NOT LISTED ABOVE,REAR END,CURVE & GRADE,DAYLIGHT,0,0,0,1
31043699,CAMPBELL,KY2345,StateRoute,,JOHNS HILL,RD,,39.03011548,-84.47042894,1.263,1/4/2023 0:00,500,1,1,0,0,O,CLOUDY,DRY,0,COLLISION WITH ANIMAL NON INTERSECTION,SINGLE VEHICLE,STRAIGHT & GRADE,DARK-HWY LIGHTED/ON,0,0,0,1
31039129,CAMPBELL,US0027,USRoute,,MONMOUTH,ST,,39.08389207,-84.48417634,21.228,1/4/2023 0:00,1047,2,2,0,0,O,CLEAR,WET,0,OTHER ROADWAY OR MID-BLOCK COLLISION,REAR END,STRAIGHT & LEVEL,DAYLIGHT,0,0,0,1
31041520,CAMPBELL,,OTHR,,UHL,RD,,39.03186954,-84.3929295,,1/4/2023 0:00,1245,2,2,0,0,O,CLEAR,DRY,1,SIDESWIPE COLLISION - OPPOSITE DIRECTION,SIDESWIPE-OPPOSITE DIRECTION,STRAIGHT & LEVEL,DAYLIGHT,0,0,0,1
31121796,CAMPBELL,US0027,USRoute,,ALEXANDRIA,PIKE,,38.97535193,-84.39250454,11.281,1/4/2023 0:00,1420,4,4,1,1,K,CLEAR,DRY,0,HEAD-ON COLLISION,HEAD ON,STRAIGHT & LEVEL,DAYLIGHT,0,0,0,1
31051769,CAMPBELL,KY0009,StateRoute,,LICKING,PIKE,,39.02304387,-84.48088617,17.767,1/5/2023 0:00,735,3,3,0,0,O,CLEAR,DRY,0,OTHER ROADWAY OR MID-BLOCK COLLISION,REAR END,STRAIGHT & LEVEL,DAWN,0,0,0,1
31045883,CAMPBELL,US0027,USRoute,,ALEXANDRIA,PIKE,,38.8995166,-84.3845435,5.941,1/5/2023 0:00,2126,1,1,0,0,O,CLEAR,DRY,0,COLLISION WITH ANIMAL NON INTERSECTION,SINGLE VEHICLE,STRAIGHT & LEVEL,DARK (UNKNOWN ROADWAY LIGHTING),0,0,0,1
31046366,CAMPBELL,KY0915,StateRoute,,LICKING,PIKE,,38.93336586,-84.40487494,1.379,1/5/2023 0:00,2256,1,1,0,0,O,CLEAR,DRY,0,RAN OFF ROADWAY (1 VEHICLE WITH/EARTH EMBANKMENT/DITCH),SINGLE VEHICLE,CURVE & LEVEL,DARK-HWY NOT LIGHTED,0,0,0,1
31065130,CAMPBELL,US0027,USRoute,,ALEXANDRIA,PIKE,,38.98316432,-84.39986444,11.992,1/6/2023 0:00,2115,2,1,0,0,O,CLEAR,DRY,0,SIDESWIPE-SAME DIRECTION,SIDESWIPE-SAME DIRECTION,STRAIGHT & GRADE,DARK-HWY LIGHTED/ON,0,0,0,1
31049286,CAMPBELL,,OTHR,,WASHINGTON,AVE,,39.09181191,-84.48979824,0.329,1/6/2023 0:00,1353,1,1,0,0,O,CLOUDY,DRY,0,OTHER INTERSECTION COLLISIONS,SINGLE VEHICLE,STRAIGHT & LEVEL,DAYLIGHT,1,0,0,1
31053260,CAMPBELL,US0027,USRoute,,ALEXANDRIA,PIKE,,38.96753355,-84.39324514,10.669,1/6/2023 0:00,1128,2,2,0,0,O,CLOUDY,DRY,0,OTHER INTERSECTION COLLISIONS,REAR END,STRAIGHT & LEVEL,DAYLIGHT,1,0,0,1
31057401,CAMPBELL,US0027,USRoute,,ALEXANDRIA,PIKE,,38.88350796,-84.38756649,4.823,1/6/2023 0:00,2305,1,1,0,0,O,CLEAR,DRY,0,COLLISION WITH ANIMAL NON INTERSECTION,SINGLE VEHICLE,STRAIGHT & LEVEL,DARK (UNKNOWN ROADWAY LIGHTING),0,0,0,1
31051328,CAMPBELL,KY0009,StateRoute,,AA,HWY,,39.02114163,-84.48120303,17.619,1/6/2023 0:00,1738,5,5,0,2,C,CLOUDY,DRY,0,SIDESWIPE COLLISION - SAME DIRECTION,SIDESWIPE-SAME DIRECTION,STRAIGHT & LEVEL,DAYLIGHT,0,0,0,1
31051238,CAMPBELL,KY2345,StateRoute,,MARTHA L COLLINS,BLVD,,39.02800547,-84.4518345,0.091,1/6/2023 0:00,2115,3,3,0,0,O,CLEAR,DRY,0,REAR END IN TRAFFIC LANES BOTH VEHICLES MOVING,REAR END,STRAIGHT & LEVEL,DARK-HWY LIGHTED/ON,0,0,0,1
31067647,CAMPBELL,,OTHR,,SUMMERLAKE,DR,,38.92540769,-84.39225839,0.031,1/7/2023 0:00,944,2,2,0,0,O,CLEAR,DRY,0,SIDESWIPE-SAME DIRECTION,SIDESWIPE-SAME DIRECTION,STRAIGHT & LEVEL,DAYLIGHT,0,0,0,1
31052051,CAMPBELL,,OTHR,,MAIN,ST,,39.07682294,-84.49100837,0.033,1/7/2023 0:00,754,2,2,0,0,O,CLEAR,DRY,0,OPPOSITE DIRECTION - BOTH VEHICLES GOING STRAIGHT AHEAD,SIDESWIPE-OPPOSITE DIRECTION,CURVE & LEVEL,DAYLIGHT,0,0,0,1
31052671,CAMPBELL,KY1892,StateRoute,,GRAND,AVE,,39.08545234,-84.47472056,1.984,1/7/2023 0:00,847,2,2,0,0,O,CLEAR,DRY,0,ANGLE COLLISION - ONE VEHICLE TURNING LEFT,ANGLE,STRAIGHT & LEVEL,DAYLIGHT,0,0,0,1
31064808,CAMPBELL,,OTHR,,VILLAGE GREEN SHOPPING CENTER,,,38.98323973,-84.39951366,0.007,1/8/2023 0:00,1347,2,2,0,0,O,CLEAR,DRY,0,VEHICLE BACKING IN INTERSECTION,BACKING,STRAIGHT & HILLCREST,DAYLIGHT,1,0,0,1
31055383,CAMPBELL,,OTHR,,2ND,ST,E,39.09798208,-84.49144621,0.179,1/8/2023 0:00,930,2,2,0,0,O,CLEAR,DRY,1,1 VEHICLE PARKED POSITION (NOT PARKING LOT/DRIVEWAY),SIDESWIPE-SAME DIRECTION,STRAIGHT & LEVEL,DAYLIGHT,0,0,0,1
31072671,CAMPBELL,KY0536,StateRoute,,CREEKTRACE,RD,,38.93547695,-84.41849036,2.045,1/8/2023 0:00,1925,1,1,0,0,O,CLEAR,WET,0,RAN OFF ROADWAY (1 VEHICLE WITH/EARTH EMBANKMENT/DITCH),SINGLE VEHICLE,CURVE & LEVEL,DARK-HWY NOT LIGHTED,0,0,0,1
31060691,CAMPBELL,US0027,USRoute,,ALEXANDRIA,PIKE,,39.0196823,-84.43741675,15.181,1/8/2023 0:00,1340,2,2,0,0,O,CLEAR,DRY,0,SIDESWIPE COLLISION - SAME DIRECTION,SIDESWIPE-SAME DIRECTION,STRAIGHT & LEVEL,DAYLIGHT,0,0,0,1
31056743,CAMPBELL,US0027,USRoute,,ALEXANDRIA,PIKE,,39.04148113,-84.44871283,17.157,1/8/2023 0:00,1300,2,2,0,0,O,CLEAR,DRY,0,1 VEHICLE ENTERING/LEAVING ENTRANCE,ANGLE,STRAIGHT & LEVEL,DAYLIGHT,0,0,0,1
31063429,CAMPBELL,I 0275,Interstate,,,,,39.04893626,-84.46072663,0.252,1/8/2023 0:00,1821,2,2,0,0,O,RAINING,WET,1,OTHER RAMP RELATED COLLISIONS NOT LISTED ABOVE,SIDESWIPE-SAME DIRECTION,CURVE & LEVEL,DARK-HWY LIGHTED/ON,0,0,0,1
31069766,CAMPBELL,,OTHR,7150,ALEXANDRIA PK,,,38.98361293,-84.40089892,,1/9/2023 0:00,1025,2,2,0,0,O,CLEAR,DRY,0,SIDESWIPE COLLISION - SAME DIRECTION,SIDESWIPE-SAME DIRECTION,STRAIGHT & LEVEL,DAYLIGHT,0,0,0,1
31062511,CAMPBELL,KY0009,StateRoute,727,CENTRAL,AVE,,39.08802186,-84.49641019,22.835,1/9/2023 0:00,1822,2,2,0,0,O,CLEAR,DRY,0,1 VEHICLE PARKED POSITION (NOT PARKING LOT/DRIVEWAY),BACKING,STRAIGHT & LEVEL,DARK-HWY LIGHTED/OFF,0,0,0,1
31060810,CAMPBELL,US0027,USRoute,,MONMOUTH,ST,,39.07841236,-84.47991464,20.779,1/9/2023 0:00,1259,2,2,0,0,O,CLEAR,DRY,0,SIDESWIPE-SAME DIRECTION,SIDESWIPE-SAME DIRECTION,STRAIGHT & HILLCREST,DAYLIGHT,0,0,0,1
31071242,CAMPBELL,US0027,USRoute,,ALEXANDRIA,PIKE,,39.00666292,-84.42714819,14.148,1/10/2023 0:00,2104,2,2,0,3,C,CLEAR,DRY,0,ANGLE COLLISION - OTHER,ANGLE,STRAIGHT & LEVEL,DARK-HWY LIGHTED/OFF,0,0,0,1
31085506,CAMPBELL,,OTHR,415,HIGHLAND,AVE,,39.07567753,-84.45580143,0.946,1/10/2023 0:00,2209,2,2,0,0,O,CLEAR,DRY,1,1 VEHICLE PARKED POSITION (NOT PARKING LOT/DRIVEWAY),SIDESWIPE-OPPOSITE DIRECTION,STRAIGHT & GRADE,DARK-HWY LIGHTED/ON,0,0,0,1
31087192,CAMPBELL,US0027,USRoute,,ALEXANDRIA,PIKE,,38.97362873,-84.39243016,11.156,1/10/2023 0:00,1315,2,2,0,1,C,CLEAR,DRY,0,OTHER INTERSECTION COLLISIONS,REAR END,STRAIGHT & LEVEL,DAYLIGHT,1,0,0,1
31074967,CAMPBELL,I 0471,Interstate,,I471 NB,,,39.05863253,-84.46942782,1.138,1/10/2023 0:00,930,1,1,0,0,O,CLOUDY,DRY,0,COLLISION WITH FIXED OBJECT NON - INTERSECTION - FIRST EVENT COLLISION 09 - 32 EXCLUDING 16,SINGLE VEHICLE,STRAIGHT & LEVEL,DAYLIGHT,0,0,0,1
31069118,CAMPBELL,US0027,USRoute,,ALEXANDRIA,PIKE,,39.03689718,-84.45398263,16.73,1/10/2023 0:00,1650,2,2,0,0,O,CLEAR,DRY,0,REAR END IN TRAFFIC LANES BOTH VEHICLES MOVING,REAR END,STRAIGHT & LEVEL,DAYLIGHT,0,0,0,1
31143495,CAMPBELL,KY0008,StateRoute,,FAIRFIELD,AVE,,39.10287808,-84.48740069,1.546,1/11/2023 0:00,1930,2,2,0,0,O,CLEAR,WET,0,SIDESWIPE COLLISION - SAME DIRECTION,SIDESWIPE-SAME DIRECTION,STRAIGHT & LEVEL,DARK-HWY LIGHTED/ON,0,0,0,1
31126010,CAMPBELL,KY0008,StateRoute,,DAVE COWENS,DR,,39.10171421,-84.48879467,1.436,1/11/2023 0:00,1930,2,2,0,0,O,CLEAR,WET,0,SIDESWIPE COLLISION - SAME DIRECTION,SIDESWIPE-SAME DIRECTION,STRAIGHT & LEVEL,DARK-HWY LIGHTED/ON,0,0,0,1
31075063,CAMPBELL,,OTHR,330,ROSSFORD,AVE,,39.09742643,-84.45666635,0.538,1/11/2023 0:00,614,2,2,0,0,O,CLEAR,DRY,0,1 VEHICLE PARKED POSITION (NOT PARKING LOT/DRIVEWAY),REAR END,STRAIGHT & LEVEL,DARK (UNKNOWN ROADWAY LIGHTING),0,0,0,1
31098248,CAMPBELL,KY1120,StateRoute,201,11TH,ST,W,39.08336725,-84.49255905,0.473,1/11/2023 0:00,1637,2,2,0,0,O,CLOUDY,WET,0,1 VEHICLE PARKED POSITION (NOT PARKING LOT/DRIVEWAY),SIDESWIPE-SAME DIRECTION,STRAIGHT & LEVEL,DAYLIGHT,0,0,0,1
31087455,CAMPBELL,KY0008,StateRoute,,MARY INGLES,HWY,,39.03715975,-84.39200821,10.679,1/11/2023 0:00,1819,2,2,0,0,O,CLOUDY,DRY,1,ANGLE COLLISION - OTHER,ANGLE,,DARK-HWY LIGHTED/ON,0,0,0,1
31073137,CAMPBELL,US0027,USRoute,,MONMOUTH,ST,,39.07912099,-84.48059153,20.84,1/11/2023 0:00,1959,2,2,0,0,O,CLOUDY,WET,0,ANGLE COLLISION - OTHER,ANGLE,STRAIGHT & LEVEL,DARK-HWY LIGHTED/ON,0,0,0,1
31103105,CAMPBELL,I 0275,Interstate,,I275 E,,,39.03479029,-84.47026142,76.049,1/12/2023 0:00,929,2,2,0,0,O,RAINING,WATER (STANDING OR MOVING),0,OTHER INTERSECTION COLLISIONS,REAR END,STRAIGHT & LEVEL,DAYLIGHT,1,0,0,1
31096347,CAMPBELL,US0027,USRoute,,ALEXANDRIA,PIKE,,39.03373846,-84.45321174,16.507,1/12/2023 0:00,1439,2,2,0,0,O,CLOUDY,WET,0,OTHER INTERSECTION COLLISIONS,REAR END,STRAIGHT & LEVEL,DAYLIGHT,1,0,0,1