IncidentID,County,RdwyNumber,RdwyType,Street,RoadwayName,StreetSfx,StreetDir,Latitude,Longitude,Milepoint,CollisionDate,CollisionTime,UnitsInvolved,MotorVehiclesInvolved,NumberKilled,NumberInjured,KABCO,Weather,RdwyConditionCode,HitandRun,DirAnalysisCode,MannerofCollision,RdwyCharacter,LightCondition,Intersection Crash,Bicyclist,Pedestrian,Motor Vehicles
31093221,CAMPBELL,US0027,USRoute,,ALEXANDRIA,PIKE,,38.89273088,-84.38553805,5.469,1/12/2023 0:00,1800,1,1,0,0,O,CLOUDY,DRY,0,COLLISION WITH ANIMAL NON INTERSECTION,SINGLE VEHICLE,STRAIGHT & LEVEL,DARK-HWY NOT LIGHTED,0,0,0,1
31096340,CAMPBELL,I 0275,Interstate,,I275 E,,,39.03320188,-84.46991319,76.166,1/12/2023 0:00,916,3,3,0,1,B,RAINING,WET,0,REAR END IN TRAFFIC LANES BOTH VEHICLES MOVING,REAR END,CURVE & HILLCREST,DAYLIGHT,0,0,0,1
31106906,CAMPBELL,KY0009,StateRoute,,AA,HWY,,38.98093153,-84.37446229,10.87,1/12/2023 0:00,1758,2,2,0,1,C,RAINING,WET,0,HEAD-ON COLLISION,HEAD ON,STRAIGHT & GRADE,DARK-HWY NOT LIGHTED,0,0,0,1
31074976,CAMPBELL,I 0471,Interstate,,I471 NB,,,39.05116682,-84.46641219,0.581,1/12/2023 0:00,709,1,1,0,0,O,RAINING,WET,0,OTHER ROADWAY OR MID-BLOCK COLLISION,SINGLE VEHICLE,CURVE & GRADE,DARK-HWY LIGHTED/ON,0,0,0,1
31087174,CAMPBELL,I 0471,Interstate,,I471 N,,,39.09993062,-84.49326043,4.838,1/12/2023 0:00,641,2,2,0,0,O,RAINING,WET,0,OTHER ROADWAY OR MID-BLOCK COLLISION,REAR END,STRAIGHT & LEVEL,DARK-HWY LIGHTED/ON,0,0,0,1
31088006,CAMPBELL,US0027,USRoute,,ALEXANDRIA,PIKE,,39.02866787,-84.45019024,16.12,1/12/2023 0:00,741,2,2,0,0,O,RAINING,WET,0,OTHER ROADWAY OR MID-BLOCK COLLISION,REAR END,STRAIGHT & LEVEL,DARK-HWY LIGHTED/ON,0,0,0,1
31088945,CAMPBELL,KY1892,StateRoute,95,CAROTHERS,RD,,39.08642296,-84.47756887,2.17,1/12/2023 0:00,2034,2,2,0,0,O,RAINING,WET,0,SIDESWIPE COLLISION - OPPOSITE DIRECTION,SIDESWIPE-OPPOSITE DIRECTION,STRAIGHT & LEVEL,DARK-HWY LIGHTED/ON,0,0,0,1
31094494,CAMPBELL,KY0009,StateRoute,,AA,HWY,,39.01836062,-84.48048678,17.417,1/13/2023 0:00,1210,2,2,0,0,O,CLOUDY,DRY,0,OTHER ROADWAY OR MID-BLOCK COLLISION,REAR END,STRAIGHT & LEVEL,DAYLIGHT,0,0,0,1
31093834,CAMPBELL,US0027,USRoute,,ALEXANDRIA,PIKE,,39.01908898,-84.43692685,15.135,1/13/2023 0:00,1805,2,2,0,0,O,RAINING,WET,0,OTHER ROADWAY OR MID-BLOCK COLLISION,REAR END,STRAIGHT & GRADE,DARK-HWY LIGHTED/ON,0,0,0,1
31092338,CAMPBELL,KY1892,StateRoute,52,CAROTHERS,RD,,39.08534527,-84.48032971,2.342,1/13/2023 0:00,1245,2,2,0,0,O,CLOUDY,DRY,1,1 VEHICLE ENTERING/LEAVING ENTRANCE,ANGLE,CURVE & HILLCREST,DAYLIGHT,0,0,0,1
31106121,CAMPBELL,KY1892,StateRoute,57,CAROTHERS,RD,,39.08506604,-84.480694,2.37,1/13/2023 0:00,1601,2,2,0,0,O,CLOUDY,DRY,0,1 VEHICLE ENTERING/LEAVING ENTRANCE,ANGLE,CURVE & GRADE,DAYLIGHT,0,0,0,1
31093833,CAMPBELL,US0027,USRoute,,ALEXANDRIA,PIKE,,39.00083518,-84.42060376,13.626,1/13/2023 0:00,1219,2,2,0,0,O,CLOUDY,DRY,0,REAR END IN TRAFFIC LANES BOTH VEHICLES MOVING,REAR END,STRAIGHT & LEVEL,DAYLIGHT,0,0,0,1
31092336,CAMPBELL,,OTHR,2119,LINDEN,RD,,39.07888134,-84.47736865,0.006,1/13/2023 0:00,1500,2,2,0,0,O,CLOUDY,DRY,0,COLLISION WITH PARKED VEHICLE,SIDESWIPE-SAME DIRECTION,STRAIGHT & HILLCREST,DAYLIGHT,0,0,0,1
31101110,CAMPBELL,KY1120,StateRoute,1017,FT THOMAS,AVE,S,39.06947008,-84.44772554,4.979,1/13/2023 0:00,1653,2,2,0,0,O,CLEAR,DRY,1,1 VEHICLE PARKED POSITION (NOT PARKING LOT/DRIVEWAY),SIDESWIPE-SAME DIRECTION,STRAIGHT & LEVEL,DAYLIGHT,0,0,0,1
31094679,CAMPBELL,KY0735,StateRoute,,SMITH,RD,,38.88823933,-84.25479045,0.526,1/13/2023 0:00,1113,1,1,0,0,O,CLOUDY,DRY,0,COLLISION WITH FIXED OBJECT NON - INTERSECTION - FIRST EVENT COLLISION 09 - 32 EXCLUDING 16,SINGLE VEHICLE,STRAIGHT & LEVEL,DAYLIGHT,0,0,0,1
31106914,CAMPBELL,US0027,USRoute,,ALEXANDRIA,PIKE,,38.98214177,-84.39781064,11.864,1/13/2023 0:00,2337,2,2,0,0,O,CLEAR,DRY,0,OTHER INTERSECTION COLLISIONS,REAR END,STRAIGHT & HILLCREST,DARK-HWY LIGHTED/ON,1,0,0,1
31102020,CAMPBELL,US0027,USRoute,,ALEXANDRIA,PIKE,,38.97342247,-84.3921735,11.149,1/13/2023 0:00,1145,2,2,0,0,O,CLOUDY,DRY,0,OTHER INTERSECTION COLLISIONS,REAR END,STRAIGHT & LEVEL,DAYLIGHT,1,0,0,1
31098245,CAMPBELL,,OTHR,208,8TH,ST,W,39.08693711,-84.49595416,0.241,1/14/2023 0:00,700,2,2,0,0,O,CLEAR,DRY,1,1 VEHICLE PARKED POSITION (NOT PARKING LOT/DRIVEWAY),REAR END,STRAIGHT & LEVEL,DARK-HWY LIGHTED/ON,0,0,0,1
31096292,CAMPBELL,,OTHR,,LOWELL,ST,,39.08301041,-84.49977393,0.002,1/14/2023 0:00,1843,1,1,0,0,O,CLEAR,DRY,0,COLLISION WITH FIXED OBJECT IN INTERSECTION - FIRST EVENT COLLISION 09 - 32,SINGLE VEHICLE,CURVE & LEVEL,DARK-HWY NOT LIGHTED,1,0,0,1
31098247,CAMPBELL,KY0008,StateRoute,,DAVE COWENS,DR,,39.09805928,-84.49281645,1.031,1/14/2023 0:00,1213,2,2,0,0,O,CLEAR,DRY,0,SIDESWIPE-SAME DIRECTION,SIDESWIPE-SAME DIRECTION,STRAIGHT & LEVEL,DAYLIGHT,0,0,0,1
31096238,CAMPBELL,I 0471,Interstate,,I471 N,,,39.10019329,-84.49371246,4.868,1/14/2023 0:00,1759,2,2,0,1,B,CLEAR,DRY,1,SIDESWIPE COLLISION - SAME DIRECTION,SIDESWIPE-SAME DIRECTION,STRAIGHT & LEVEL,DARK-HWY LIGHTED/ON,0,0,0,1
31097613,CAMPBELL,KY0009,StateRoute,,LICKING,PIKE,,39.02342373,-84.48082563,17.797,1/14/2023 0:00,1543,2,2,0,0,O,CLEAR,DRY,0,SIDESWIPE COLLISION - SAME DIRECTION,SIDESWIPE-SAME DIRECTION,STRAIGHT & LEVEL,DAYLIGHT,0,0,0,1
31101115,CAMPBELL,,OTHR,,WOODFILL,AVE,,39.05903344,-84.45285033,0.068,1/14/2023 0:00,1040,2,2,0,0,O,CLEAR,DRY,0,1 VEHICLE ENTERING/LEAVING ENTRANCE,ANGLE,STRAIGHT & HILLCREST,DAYLIGHT,0,0,0,1
31118680,CAMPBELL,KY1892,StateRoute,76,CAROTHERS,RD,,39.08615093,-84.47927023,2.26,1/14/2023 0:00,1200,2,2,0,0,O,CLEAR,DRY,0,VEHICLE BACKING NON INTERSECTION,BACKING,STRAIGHT & LEVEL,DAYLIGHT,0,0,0,1
31247796,CAMPBELL,US0027,USRoute,,ALEXANDRIA,PIKE,,39.03138284,-84.4520456,16.333,1/15/2023 0:00,1536,2,2,0,1,C,CLEAR,DRY,0,ANGLE COLLISION - ONE VEHICLE TURNING RIGHT,ANGLE,STRAIGHT & LEVEL,DAYLIGHT,0,0,0,1
31118678,CAMPBELL,,OTHR,1301,KMART SHOPPING CENTER,,,39.08568129,-84.48423585,0.176,1/15/2023 0:00,1350,1,1,0,0,O,CLEAR,DRY,0,COLLISION WITH FIXED OBJECT NON - INTERSECTION - FIRST EVENT COLLISION 09 - 32 EXCLUDING 16,SINGLE VEHICLE,STRAIGHT & LEVEL,DAYLIGHT,0,0,0,1
31100297,CAMPBELL,,OTHR,717,PATTERSON,ST,,39.0864297,-84.49897219,0.479,1/15/2023 0:00,2016,2,2,0,0,O,CLEAR,DRY,1,1 VEHICLE PARKED POSITION (NOT PARKING LOT/DRIVEWAY),ANGLE,STRAIGHT & LEVEL,DARK-HWY LIGHTED/ON,0,0,0,1
31106911,CAMPBELL,,OTHR,9,PANORAMA,DR,,38.9727255,-84.39432263,0.115,1/15/2023 0:00,600,2,2,0,0,O,CLEAR,DRY,1,1 VEHICLE PARKED POSITION (NOT PARKING LOT/DRIVEWAY),SIDESWIPE-SAME DIRECTION,STRAIGHT & LEVEL,DARK (UNKNOWN ROADWAY LIGHTING),0,0,0,1
31098826,CAMPBELL,KY0536,StateRoute,234,CREEKTRACE,RD,,38.9257246,-84.43757321,0.733,1/15/2023 0:00,147,1,1,0,0,O,CLEAR,DRY,0,RAN OFF ROADWAY (1 VEHICLE WITH/EARTH EMBANKMENT/DITCH),SINGLE VEHICLE,STRAIGHT & LEVEL,DARK-HWY NOT LIGHTED,0,0,0,1
31096958,CAMPBELL,I 0275,Interstate,,I275 E,,,39.02620818,-84.47557914,76.738,1/15/2023 0:00,58,1,1,0,0,O,CLOUDY,DRY,0,RAN OFF ROADWAY (1 VEHICLE WITH/EARTH EMBANKMENT/DITCH),SINGLE VEHICLE,CURVE & GRADE,DARK-HWY LIGHTED/ON,0,0,0,1
31105399,CAMPBELL,KY0009,StateRoute,,AA,HWY,,39.01800424,-84.47988493,17.378,1/16/2023 0:00,1727,2,2,0,0,O,RAINING,WET,0,OTHER INTERSECTION COLLISIONS,REAR END,STRAIGHT & LEVEL,DUSK,1,0,0,1
31119807,CAMPBELL,US0027,USRoute,,YORK,ST,,39.08621894,-84.49074826,21.703,1/16/2023 0:00,1745,2,2,0,0,O,RAINING,WET,0,OPPOSING LEFT TURN,OPPOSING LEFT TURN,STRAIGHT & LEVEL,DUSK,0,0,0,1
31103744,CAMPBELL,US0027,USRoute,,3RD,ST,E,39.09350095,-84.49714737,22.251,1/16/2023 0:00,35,2,2,0,0,O,CLEAR,DRY,1,REAR END IN TRAFFIC LANES BOTH VEHICLES MOVING,REAR END,CURVE & LEVEL,DARK-HWY LIGHTED/ON,0,0,0,1
31112416,CAMPBELL,KY0009,StateRoute,,AA,HWY,,39.00201046,-84.42929569,14.335,1/16/2023 0:00,2030,2,2,0,0,O,RAINING,WET,0,SIDESWIPE COLLISION - SAME DIRECTION,SIDESWIPE-SAME DIRECTION,STRAIGHT & LEVEL,DARK-HWY LIGHTED/OFF,0,0,0,1
31103790,CAMPBELL,I 0471,Interstate,,,,,39.08540913,-84.47459701,0.215,1/16/2023 0:00,1819,2,2,0,0,O,RAINING,WET,0,OTHER RAMP RELATED COLLISIONS NOT LISTED ABOVE,REAR END,CURVE & GRADE,DARK-HWY LIGHTED/ON,0,0,0,1
31126572,CAMPBELL,KY0009,StateRoute,,AA,HWY,,39.01797422,-84.47987366,17.376,1/17/2023 0:00,1530,3,3,0,0,O,CLEAR,DRY,0,OTHER ROADWAY OR MID-BLOCK COLLISION,REAR END,STRAIGHT & LEVEL,DAYLIGHT,0,0,0,1
31106955,CAMPBELL,KY1120,StateRoute,101,10TH,ST,E,39.0873495,-84.48862084,0.807,1/17/2023 0:00,1242,2,2,0,0,O,CLEAR,DRY,0,VEHICLE BACKING NON INTERSECTION,BACKING,STRAIGHT & LEVEL,DAYLIGHT,0,0,0,1
31114926,CAMPBELL,KY2345,StateRoute,,MARTHA L COLLINS,BLVD,,39.02679843,-84.45323175,0.201,1/17/2023 0:00,1510,2,2,0,0,O,CLEAR,DRY,0,1 VEHICLE ENTERING/LEAVING ENTRANCE,ANGLE,STRAIGHT & LEVEL,DAYLIGHT,0,0,0,1
31111307,CAMPBELL,I 0471,Interstate,,I471 NB,,,39.05225168,-84.46773957,0.685,1/17/2023 0:00,819,2,2,0,0,O,CLOUDY,WET,0,1 VEHICLE ENTERING/LEAVING ENTRANCE,ANGLE,CURVE & GRADE,DAYLIGHT,0,0,0,1
31120311,CAMPBELL,KY0009,StateRoute,,AA,HWY,,38.9502697,-84.33576523,7.813,1/17/2023 0:00,1520,2,2,0,0,O,CLEAR,DRY,0,SIDESWIPE COLLISION - SAME DIRECTION,SIDESWIPE-SAME DIRECTION,STRAIGHT & GRADE,DAYLIGHT,0,0,0,1
31105400,CAMPBELL,KY0009,StateRoute,,AA,HWY,,39.00961501,-84.4680265,16.481,1/17/2023 0:00,754,3,3,0,0,O,CLOUDY,WET,0,REAR END IN TRAFFIC LANES BOTH VEHICLES MOVING,REAR END,STRAIGHT & LEVEL,DAYLIGHT,0,0,0,1
31106107,CAMPBELL,,OTHR,124,ASPEN,CT,,39.06580155,-84.48358948,0.2,1/17/2023 0:00,632,2,2,0,0,O,CLOUDY,WET,0,1 VEHICLE PARKED POSITION (NOT PARKING LOT/DRIVEWAY),HEAD ON,STRAIGHT & HILLCREST,DARK-HWY LIGHTED/ON,0,0,0,1
31113046,CAMPBELL,KY0009,StateRoute,,AA,HWY,,38.98880923,-84.39508168,12.131,1/17/2023 0:00,640,2,2,0,1,B,CLOUDY,WET,0,OTHER INTERSECTION COLLISIONS,REAR END,STRAIGHT & GRADE,DARK-HWY NOT LIGHTED,1,0,0,1
31120310,CAMPBELL,,OTHR,,CALIFORNIA,XRD,,38.87178664,-84.32790621,1.915,1/18/2023 0:00,1923,1,1,0,1,B,RAINING,WET,0,OTHER COLLISIONS ON SHOULDER,SINGLE VEHICLE,CURVE & LEVEL,DARK-HWY LIGHTED/ON,0,0,0,1
31124641,CAMPBELL,,OTHR,,PLAZA,DR,,39.00412183,-84.42494783,0.029,1/18/2023 0:00,2106,2,2,0,0,O,RAINING,WET,0,OTHER ROADWAY OR MID-BLOCK COLLISION,REAR END,CURVE & LEVEL,DARK-HWY LIGHTED/ON,0,0,0,1
31111849,CAMPBELL,I 0471,Interstate,,I471 N,,,39.0818714,-84.47147186,3,1/18/2023 0:00,740,2,2,0,0,O,CLEAR,DRY,0,OTHER ROADWAY OR MID-BLOCK COLLISION,REAR END,STRAIGHT & LEVEL,DAWN,0,0,0,1
31122838,CAMPBELL,US0027,USRoute,,ALEXANDRIA,PIKE,,39.07394946,-84.47336646,20.298,1/19/2023 0:00,103,2,2,0,0,O,RAINING,WET,0,1 VEHICLE PARKED POSITION (NOT PARKING LOT/DRIVEWAY),SIDESWIPE-SAME DIRECTION,STRAIGHT & GRADE,DARK-HWY LIGHTED/ON,0,0,0,1
31118675,CAMPBELL,I 0471,Interstate,,I471 N,,,39.08759749,-84.47424806,3.426,1/19/2023 0:00,703,1,1,0,0,O,CLOUDY,WET,0,OTHER ROADWAY OR MID-BLOCK COLLISION,SINGLE VEHICLE,STRAIGHT & LEVEL,DARK-HWY LIGHTED/ON,0,0,0,1
31122832,CAMPBELL,US0027,USRoute,,ALEXANDRIA,PIKE,,39.06831096,-84.4665074,19.728,1/19/2023 0:00,1510,2,2,0,1,B,CLOUDY,DRY,0,1 VEHICLE ENTERING/LEAVING ENTRANCE,ANGLE,STRAIGHT & LEVEL,DAYLIGHT,0,0,0,1
31122963,CAMPBELL,KY0709,StateRoute,,ALEXANDRIA,PIKE,E,38.98596692,-84.39770528,0.251,1/19/2023 0:00,1823,2,2,0,0,O,CLEAR,DRY,0,1 VEHICLE ENTERING/LEAVING ENTRANCE,ANGLE,STRAIGHT & LEVEL,DARK-HWY LIGHTED/ON,0,0,0,1
31165016,CAMPBELL,KY0471,StateRoute,,KY471,,,39.03742242,-84.45407127,0.03,1/19/2023 0:00,1531,2,2,0,0,O,CLOUDY,WET,0,SIDESWIPE COLLISION - SAME DIRECTION,SIDESWIPE-SAME DIRECTION,STRAIGHT & LEVEL,DAYLIGHT,0,0,0,1
31147600,CAMPBELL,I 0471,Interstate,,I471 N,,,39.06315611,-84.46778489,1.479,1/19/2023 0:00,719,2,2,0,0,O,RAINING,WET,0,REAR END IN TRAFFIC LANES BOTH VEHICLES MOVING,REAR END,STRAIGHT & LEVEL,DAYLIGHT,0,0,0,1
31123188,CAMPBELL,KY0009,StateRoute,,12TH,ST,W,39.07938267,-84.49625312,22.011,1/19/2023 0:00,1230,2,2,0,0,O,CLEAR,DRY,0,REAR END IN TRAFFIC LANES BOTH VEHICLES MOVING,REAR END,STRAIGHT & LEVEL,DAYLIGHT,0,0,0,1
32073659,CAMPBELL,US0027,USRoute,7010,ALEXANDRIA,PIKE,,38.98435118,-84.40157563,12.12,1/19/2023 0:00,1217,2,2,0,0,O,CLEAR,WET,0,REAR END IN TRAFFIC LANES BOTH VEHICLES MOVING,REAR END,STRAIGHT & LEVEL,DAYLIGHT,0,0,0,1
31134012,CAMPBELL,,OTHR,,WASHINGTON,ST,,38.96072918,-84.38903312,0.34,1/20/2023 0:00,720,2,2,0,0,O,CLOUDY,DRY,0,1 VEHICLE ENTERING/LEAVING ENTRANCE,ANGLE,STRAIGHT & LEVEL,DARK-HWY LIGHTED/ON,0,0,0,1
31126039,CAMPBELL,,OTHR,321,COVERT RUN,PIKE,,39.09992012,-84.47650913,0.193,1/20/2023 0:00,1729,2,2,0,0,O,CLEAR,DRY,0,OTHER ROADWAY OR MID-BLOCK COLLISION,REAR END,STRAIGHT & LEVEL,DAWN,0,0,0,1
31135007,CAMPBELL,KY0709,StateRoute,,ALEXANDRIA,PIKE,E,38.98346083,-84.39783562,0.083,1/20/2023 0:00,1725,2,2,0,0,O,CLEAR,DRY,0,OTHER ROADWAY OR MID-BLOCK COLLISION,REAR END,STRAIGHT & GRADE,DUSK,0,0,0,1
31127255,CAMPBELL,KY0008,StateRoute,529,6TH,AVE,,39.11284447,-84.47297412,2.588,1/20/2023 0:00,1116,1,1,0,0,O,CLOUDY,DRY,0,COLLISION WITH FIXED OBJECT NON - INTERSECTION - FIRST EVENT COLLISION 09 - 32 EXCLUDING 16,SINGLE VEHICLE,STRAIGHT & LEVEL,DAYLIGHT,0,0,0,1
31134011,CAMPBELL,US0027,USRoute,,ALEXANDRIA,PIKE,,38.9574997,-84.39301641,10.036,1/20/2023 0:00,652,2,2,0,0,O,CLOUDY,DRY,0,OTHER INTERSECTION COLLISIONS,REAR END,STRAIGHT & LEVEL,DARK-HWY LIGHTED/ON,1,0,0,1
31126038,CAMPBELL,,OTHR,305,FOOTE,AVE,,39.1054647,-84.47997063,0.321,1/20/2023 0:00,1127,2,2,0,0,O,CLEAR,DRY,1,1 VEHICLE PARKED POSITION (NOT PARKING LOT/DRIVEWAY),REAR END,STRAIGHT & LEVEL,DAYLIGHT,0,0,0,1
31150161,CAMPBELL,,OTHR,,TAYLOR,AVE,,39.09634027,-84.47397823,0.959,1/20/2023 0:00,600,2,2,0,0,O,CLOUDY,DRY,0,ANGLE COLLISION - OTHER,ANGLE,STRAIGHT & GRADE,DARK-HWY LIGHTED/ON,0,0,0,1
31166320,CAMPBELL,I 0471,Interstate,,,,,39.092255,-84.47860021,0.054,1/20/2023 0:00,958,2,2,0,0,O,CLOUDY,WET,0,OTHER RAMP RELATED COLLISIONS NOT LISTED ABOVE,SIDESWIPE-SAME DIRECTION,STRAIGHT & LEVEL,DAYLIGHT,0,0,0,1
31125088,CAMPBELL,I 0471,Interstate,,,,,39.08542547,-84.47460334,0.215,1/20/2023 0:00,1808,2,2,0,0,O,CLEAR,DRY,0,OTHER RAMP RELATED COLLISIONS NOT LISTED ABOVE,REAR END,CURVE & GRADE,DUSK,0,0,0,1
31132810,CAMPBELL,,OTHR,37,BLUEGRASS,AVE,,39.08203278,-84.44861056,0.081,1/21/2023 0:00,1046,2,2,0,0,O,CLOUDY,DRY,0,1 VEHICLE PARKED POSITION (NOT PARKING LOT/DRIVEWAY),SIDESWIPE-OPPOSITE DIRECTION,STRAIGHT & LEVEL,DAYLIGHT,0,0,0,1
31127194,CAMPBELL,,OTHR,203,LINDEN,AVE,,39.098871,-84.49033534,0.063,1/21/2023 0:00,954,2,2,0,0,O,CLOUDY,DRY,0,1 VEHICLE PARKED POSITION (NOT PARKING LOT/DRIVEWAY),SIDESWIPE-SAME DIRECTION,CURVE & LEVEL,DAYLIGHT,0,0,0,1
31128264,CAMPBELL,KY0009,StateRoute,,LICKING,PIKE,,39.0741963,-84.49356851,21.614,1/21/2023 0:00,1908,1,1,0,1,B,CLOUDY,DRY,0,COLLISION WITH FIXED OBJECT NON - INTERSECTION - FIRST EVENT COLLISION 09 - 32 EXCLUDING 16,SINGLE VEHICLE,STRAIGHT & LEVEL,DARK-HWY LIGHTED/ON,0,0,0,1
31130593,CAMPBELL,,OTHR,3389,DANIELS,RD,,38.86796721,-84.27446038,0.683,1/21/2023 0:00,2056,1,1,0,1,A,CLEAR,DRY,0,COLLISION WITH FIXED OBJECT NON - INTERSECTION - FIRST EVENT COLLISION 09 - 32 EXCLUDING 16,SINGLE VEHICLE,STRAIGHT & GRADE,DARK-HWY NOT LIGHTED,0,0,0,1
31135258,CAMPBELL,KY1892,StateRoute,24,CAROTHERS,RD,,39.08463238,-84.4815602,2.427,1/21/2023 0:00,1611,3,3,0,0,O,CLEAR,DRY,0,1 VEHICLE ENTERING/LEAVING ENTRANCE,ANGLE,STRAIGHT & LEVEL,DAYLIGHT,0,0,0,1
31138036,CAMPBELL,KY0008,StateRoute,119,FAIRFIELD,AVE,,39.10381017,-84.48627318,1.633,1/21/2023 0:00,1341,2,2,0,0,O,CLOUDY,DRY,0,REAR END IN TRAFFIC LANES BOTH VEHICLES MOVING,REAR END,STRAIGHT & LEVEL,DAYLIGHT,0,0,0,1
31142057,CAMPBELL,US0027,USRoute,,ALEXANDRIA,PIKE,,38.92131382,-84.39071188,7.511,1/22/2023 0:00,1646,2,2,0,0,O,CLOUDY,WET,0,SIDESWIPE COLLISION - SAME DIRECTION,SIDESWIPE-SAME DIRECTION,STRAIGHT & LEVEL,DAYLIGHT,0,0,0,1
31142569,CAMPBELL,KY0009,StateRoute,,AA,HWY,,38.96995413,-84.3548059,9.535,1/22/2023 0:00,1600,1,1,0,0,O,CLOUDY,SNOW/SLUSH,0,OTHER ROADWAY OR MID-BLOCK COLLISION,SINGLE VEHICLE,STRAIGHT & GRADE,DAYLIGHT,0,0,0,1
31131147,CAMPBELL,KY0008,StateRoute,,DAVE COWENS,DR,,39.09798066,-84.49290296,1.026,1/22/2023 0:00,1827,2,2,0,0,O,CLOUDY,SNOW/SLUSH,0,1 VEHICLE ENTERING/LEAVING ENTRANCE,ANGLE,STRAIGHT & LEVEL,DARK-HWY LIGHTED/ON,0,0,0,1
31138038,CAMPBELL,,OTHR,,BONNIE LESLIE,AVE,,39.09635015,-84.47396262,0.151,1/22/2023 0:00,1115,2,2,0,0,O,SNOWING,SNOW/SLUSH,0,VEHICLE BACKING IN INTERSECTION,BACKING,STRAIGHT & LEVEL,DAYLIGHT,1,0,0,1
31134013,CAMPBELL,KY0010,StateRoute,,MAIN,ST,E,38.95670329,-84.37851597,2.244,1/22/2023 0:00,1115,1,1,0,0,O,SNOWING,SNOW/SLUSH,0,COLLISION WITH FIXED OBJECT IN INTERSECTION - FIRST EVENT COLLISION 09 - 32,SINGLE VEHICLE,CURVE & GRADE,DAYLIGHT,1,0,0,1
31135008,CAMPBELL,KY0009,StateRoute,7416,AA,HWY,,38.98583697,-84.39041207,11.816,1/22/2023 0:00,1021,1,1,0,0,O,SNOWING,SNOW/SLUSH,0,COLLISION WITH FIXED OBJECT IN INTERSECTION - FIRST EVENT COLLISION 09 - 32,SINGLE VEHICLE,STRAIGHT & GRADE,DAYLIGHT,1,0,0,1
31135256,CAMPBELL,,OTHR,,13TH,ST,W,39.08397296,-84.48665439,0.025,1/22/2023 0:00,1020,2,2,0,0,O,BLOWING SAND/SOIL/DIRT/SNOW,SNOW/SLUSH,0,COLLISION WITH PARKED VEHICLE,SIDESWIPE-SAME DIRECTION,STRAIGHT & GRADE,DAYLIGHT,0,0,0,1
31142808,CAMPBELL,KY1120,StateRoute,,FT THOMAS,AVE,S,39.05947544,-84.45158005,5.789,1/22/2023 0:00,1015,2,2,0,0,O,SNOWING,SNOW/SLUSH,0,ANGLE COLLISION - OTHER,ANGLE,STRAIGHT & LEVEL,DAYLIGHT,0,0,0,1
31142574,CAMPBELL,I 0471,Interstate,,I471 N,,,39.07146333,-84.46307151,2.125,1/22/2023 0:00,1050,1,1,0,0,O,CLOUDY,SNOW/SLUSH,0,COLLISION WITH FIXED OBJECT NON - INTERSECTION - FIRST EVENT COLLISION 09 - 32 EXCLUDING 16,SINGLE VEHICLE,CURVE & GRADE,DAYLIGHT,0,0,0,1
31132579,CAMPBELL,US0027,USRoute,2427,ALEXANDRIA,PIKE,,39.0737814,-84.47300578,20.276,1/22/2023 0:00,1013,1,1,0,0,O,SNOWING,SNOW/SLUSH,0,COLLISION WITH FIXED OBJECT NON - INTERSECTION - FIRST EVENT COLLISION 09 - 32 EXCLUDING 16,SINGLE VEHICLE,CURVE & GRADE,DAYLIGHT,0,0,0,1
31134004,CAMPBELL,KY0471,StateRoute,,KY471,,,39.04611266,-84.45679114,0.646,1/22/2023 0:00,907,1,1,0,0,O,SNOWING,SNOW/SLUSH,0,COLLISION WITH FIXED OBJECT NON - INTERSECTION - FIRST EVENT COLLISION 09 - 32 EXCLUDING 16,SINGLE VEHICLE,STRAIGHT & LEVEL,DAYLIGHT,0,0,0,1
31149146,CAMPBELL,,OTHR,,UPPER LICK BRANCH,RD,,38.96352279,-84.36138578,0.671,1/22/2023 0:00,1315,1,1,0,0,O,CLOUDY,SNOW/SLUSH,0,COLLISION WITH FIXED OBJECT NON - INTERSECTION - FIRST EVENT COLLISION 09 - 32 EXCLUDING 16,SINGLE VEHICLE,CURVE & GRADE,DAYLIGHT,0,0,0,1
31142812,CAMPBELL,KY1892,StateRoute,,GRAND,AVE,N,39.08034558,-84.46733687,1.427,1/22/2023 0:00,906,2,2,0,0,O,BLOWING SAND/SOIL/DIRT/SNOW,SNOW/SLUSH,0,OTHER INTERSECTION COLLISIONS,REAR END,STRAIGHT & GRADE,DAYLIGHT,1,0,0,1
31135012,CAMPBELL,,OTHR,,VIEW POINT,DR,,38.98531066,-84.40307983,0.642,1/22/2023 0:00,1140,2,2,0,0,O,SNOWING,SNOW/SLUSH,0,OTHER INTERSECTION COLLISIONS,REAR END,STRAIGHT & LEVEL,DAYLIGHT,1,0,0,1
31132816,CAMPBELL,,OTHR,,ST. ELIZABETH EAST HOSPITAL,,,39.07900472,-84.46739388,0.154,1/22/2023 0:00,1835,2,2,0,0,O,CLOUDY,WET,1,1 VEHICLE PARKED POSITION (NOT PARKING LOT/DRIVEWAY),SIDESWIPE-SAME DIRECTION,STRAIGHT & GRADE,DUSK,0,0,0,1