IncidentID,County,RdwyNumber,RdwyType,Street,RoadwayName,StreetSfx,StreetDir,Latitude,Longitude,Milepoint,CollisionDate,CollisionTime,UnitsInvolved,MotorVehiclesInvolved,NumberKilled,NumberInjured,KABCO,Weather,RdwyConditionCode,HitandRun,DirAnalysisCode,MannerofCollision,RdwyCharacter,LightCondition,Intersection Crash,Bicyclist,Pedestrian,Motor Vehicles
31129550,CAMPBELL,,OTHR,200,3RD,AVE,,39.11165737,-84.48000501,0.465,1/22/2023 0:00,1201,2,2,0,0,O,SNOWING,SNOW/SLUSH,0,1 VEHICLE PARKED POSITION (NOT PARKING LOT/DRIVEWAY),SIDESWIPE-SAME DIRECTION,STRAIGHT & LEVEL,DAYLIGHT,0,0,0,1
31142061,CAMPBELL,,OTHR,,CREEKSIDE,DR,,38.8966644,-84.37311846,,1/23/2023 0:00,1227,2,2,0,0,O,CLOUDY,WET,0,1 VEHICLE PARKED POSITION (NOT PARKING LOT/DRIVEWAY),BACKING,STRAIGHT & LEVEL,DAYLIGHT,0,0,0,1
31137709,CAMPBELL,,OTHR,190,STONEWALL,DR,,39.08127559,-84.46637628,0.074,1/23/2023 0:00,1522,2,2,0,0,O,CLOUDY,WET,0,1 VEHICLE PARKED POSITION (NOT PARKING LOT/DRIVEWAY),BACKING,STRAIGHT & LEVEL,DAYLIGHT,0,0,0,1
31136999,CAMPBELL,US0027,USRoute,736,MONMOUTH,ST,,39.08984364,-84.4918966,21.815,1/23/2023 0:00,1654,2,2,0,0,O,CLOUDY,WET,0,1 VEHICLE PARKED POSITION (NOT PARKING LOT/DRIVEWAY),BACKING,STRAIGHT & LEVEL,DAYLIGHT,0,0,0,1
31157372,CAMPBELL,,OTHR,,GLORIA TERRELL,DR,,39.00977694,-84.46918844,0.871,1/23/2023 0:00,1742,2,2,0,0,O,CLOUDY,FLOODED,0,OTHER INTERSECTION COLLISIONS,REAR END,STRAIGHT & LEVEL,DUSK,1,0,0,1
31165445,CAMPBELL,KY0008,StateRoute,511,FAIRFIELD,AVE,,39.10774924,-84.48151849,2.006,1/23/2023 0:00,1421,2,1,0,2,C,CLOUDY,WET,0,COLLISION WITH PEDESTRIAN NON - INTERSECTION,SINGLE VEHICLE,STRAIGHT & LEVEL,DAYLIGHT,0,0,1,0
31157299,CAMPBELL,I 0275,Interstate,,I275 E,,,39.02257008,-84.48889032,77.554,1/23/2023 0:00,1147,1,1,0,0,O,CLOUDY,WET,0,COLLISION WITH FIXED OBJECT NON - INTERSECTION - FIRST EVENT COLLISION 09 - 32 EXCLUDING 16,SINGLE VEHICLE,STRAIGHT & LEVEL,DAYLIGHT,0,0,0,1
31177928,CAMPBELL,I 0275,Interstate,,I275 W,,,39.05104412,-84.44495736,74.077,1/23/2023 0:00,1050,1,1,0,2,B,CLOUDY,SNOW/SLUSH,0,COLLISION WITH FIXED OBJECT NON - INTERSECTION - FIRST EVENT COLLISION 09 - 32 EXCLUDING 16,SINGLE VEHICLE,STRAIGHT & LEVEL,DAYLIGHT,0,0,0,1
31142059,CAMPBELL,US0027,USRoute,,ALEXANDRIA,PIKE,,38.94519825,-84.39379433,9.183,1/23/2023 0:00,717,2,2,0,0,O,SNOWING,WET,1,SIDESWIPE-SAME DIRECTION,SIDESWIPE-SAME DIRECTION,STRAIGHT & LEVEL,DARK-HWY NOT LIGHTED,0,0,0,1
31135252,CAMPBELL,KY0008,StateRoute,,4TH,ST,W,39.08814459,-84.50393701,0.039,1/23/2023 0:00,740,1,1,0,0,O,CLOUDY,SNOW/SLUSH,0,OTHER ROADWAY OR MID-BLOCK COLLISION,SINGLE VEHICLE,CURVE & LEVEL,DAWN,0,0,0,1
31135257,CAMPBELL,I 0471,Interstate,4.1,I471 N,,,39.0952,-84.48105309,4.085,1/23/2023 0:00,757,2,2,0,0,O,CLEAR,WET,0,SIDESWIPE COLLISION - SAME DIRECTION,SIDESWIPE-SAME DIRECTION,STRAIGHT & LEVEL,DAYLIGHT,0,0,0,1
31135249,CAMPBELL,KY0008,StateRoute,,4TH,ST,W,39.08837115,-84.50266923,0.115,1/23/2023 0:00,845,2,2,0,0,O,CLOUDY,WET,0,SIDESWIPE COLLISION - SAME DIRECTION,SIDESWIPE-SAME DIRECTION,CURVE & LEVEL,DAYLIGHT,0,0,0,1
31174867,CAMPBELL,I 0471,Interstate,,,,,39.08541053,-84.47465735,0.218,1/23/2023 0:00,1145,2,2,0,0,O,CLOUDY,DRY,1,OTHER RAMP RELATED COLLISIONS NOT LISTED ABOVE,REAR END,CURVE & GRADE,DAYLIGHT,0,0,0,1
31141427,CAMPBELL,US0027,USRoute,,MONMOUTH,ST,,39.08513285,-84.48628203,21.353,1/24/2023 0:00,2104,2,2,0,0,O,CLEAR,DRY,0,1 VEHICLE ENTERING/LEAVING ENTRANCE,ANGLE,STRAIGHT & GRADE,DARK-HWY LIGHTED/ON,0,0,0,1
31139429,CAMPBELL,I 0471,Interstate,,I471 N,,,39.09956818,-84.49264897,4.796,1/24/2023 0:00,1153,3,3,0,2,C,CLEAR,DRY,0,COLLISION WITH FIXED OBJECT NON - INTERSECTION - FIRST EVENT COLLISION 09 - 32 EXCLUDING 16,REAR END,STRAIGHT & LEVEL,DAYLIGHT,0,0,0,1
31142804,CAMPBELL,KY0445,StateRoute,309,RIVER,RD,,39.05804065,-84.44264405,0.503,1/24/2023 0:00,740,1,1,0,0,O,CLEAR,ICE,0,COLLISION WITH FIXED OBJECT NON - INTERSECTION - FIRST EVENT COLLISION 09 - 32 EXCLUDING 16,SINGLE VEHICLE,CURVE & GRADE,DAYLIGHT,0,0,0,1
31142570,CAMPBELL,KY0008,StateRoute,,MARY INGLES,HWY,,38.92142075,-84.26943322,21.838,1/24/2023 0:00,710,1,1,0,0,O,CLEAR,DRY,0,COLLISION WITH ANIMAL NON INTERSECTION,SINGLE VEHICLE,STRAIGHT & LEVEL,DAWN,0,0,0,1
31138636,CAMPBELL,KY0008,StateRoute,,6TH,AVE,,39.11144304,-84.4760912,2.389,1/24/2023 0:00,1058,2,2,0,0,O,CLEAR,DRY,0,1 VEHICLE PARKED POSITION (NOT PARKING LOT/DRIVEWAY),SIDESWIPE-SAME DIRECTION,STRAIGHT & LEVEL,DAYLIGHT,0,0,0,1
31142826,CAMPBELL,,OTHR,,FT THOMAS,AVE,N,39.09363229,-84.44786485,0.972,1/24/2023 0:00,1200,2,2,0,0,O,CLOUDY,WET,1,1 VEHICLE PARKED POSITION (NOT PARKING LOT/DRIVEWAY),SIDESWIPE-SAME DIRECTION,STRAIGHT & LEVEL,DAYLIGHT,0,0,0,1
31152885,CAMPBELL,KY1120,StateRoute,,MEMORIAL,PKWY,,39.09267598,-84.47523076,1.677,1/25/2023 0:00,2010,2,2,0,0,O,CLOUDY,WET,0,ANGLE COLLISION - OTHER,ANGLE,STRAIGHT & GRADE,DARK-HWY LIGHTED/ON,0,0,0,1
31147083,CAMPBELL,US0027,USRoute,,3RD,ST,E,39.09410487,-84.49582235,22.183,1/25/2023 0:00,2019,2,1,0,2,B,CLOUDY,WET,0,COLLISION WITH FIXED OBJECT IN INTERSECTION - FIRST EVENT COLLISION 09 - 32,SINGLE VEHICLE,STRAIGHT & GRADE,DARK-HWY LIGHTED/ON,1,0,0,1
31159377,CAMPBELL,KY2924,StateRoute,,TOLLGATE,RD,,38.98555864,-84.42032327,2.731,1/25/2023 0:00,2243,1,1,0,0,O,CLOUDY,WET,0,COLLISION WITH FIXED OBJECT NON - INTERSECTION - FIRST EVENT COLLISION 09 - 32 EXCLUDING 16,SINGLE VEHICLE,CURVE & GRADE,DARK-HWY LIGHTED/ON,0,0,0,1
31148936,CAMPBELL,US0027,USRoute,,ALEXANDRIA,PIKE,,39.07479233,-84.47560209,20.377,1/25/2023 0:00,1214,2,2,0,0,O,CLOUDY,WET,1,SIDESWIPE COLLISION - OPPOSITE DIRECTION,SIDESWIPE-OPPOSITE DIRECTION,STRAIGHT & GRADE,DAYLIGHT,0,0,0,1
31154986,CAMPBELL,,OTHR,748,COLUMBIA,ST,,39.08830689,-84.49472027,0.461,1/26/2023 0:00,1716,1,1,0,0,O,CLEAR,DRY,0,OTHER ROADWAY OR MID-BLOCK COLLISION,SINGLE VEHICLE,STRAIGHT & LEVEL,DAYLIGHT,0,0,0,1
31157374,CAMPBELL,I 0275,Interstate,,I275 W,,,39.0229797,-84.48880438,77.549,1/26/2023 0:00,2346,1,1,0,0,O,SNOWING,SNOW/SLUSH,0,COLLISION WITH FIXED OBJECT NON - INTERSECTION - FIRST EVENT COLLISION 09 - 32 EXCLUDING 16,SINGLE VEHICLE,STRAIGHT & LEVEL,DARK-HWY LIGHTED/ON,0,0,0,1
31164048,CAMPBELL,US0027,USRoute,,ALEXANDRIA,PIKE,,38.98427019,-84.40122544,12.099,1/26/2023 0:00,1219,2,2,0,0,O,CLEAR,DRY,0,ANGLE COLLISION - OTHER,ANGLE,STRAIGHT & GRADE,DARK-HWY LIGHTED/OFF,0,0,0,1
31157430,CAMPBELL,KY0009,StateRoute,,AA,HWY,,38.95292804,-84.33737088,8.021,1/27/2023 0:00,720,2,2,0,0,O,CLOUDY,WET,1,ANGLE COLLISION - OTHER,ANGLE,STRAIGHT & GRADE,DARK-HWY NOT LIGHTED,0,0,0,1
31166818,CAMPBELL,,OTHR,3294,DANIELS,RD,,38.87127156,-84.27312603,0.707,1/27/2023 0:00,2344,1,1,0,0,O,CLEAR,DRY,0,COLLISION WITH ANIMAL NON INTERSECTION,SINGLE VEHICLE,CURVE & GRADE,DARK-HWY LIGHTED/OFF,0,0,0,1
31168630,CAMPBELL,,OTHR,7,ROSEWOOD,CT,N,38.95460847,-84.36172681,0.065,1/27/2023 0:00,1314,2,2,0,0,O,CLEAR,DRY,0,1 VEHICLE PARKED POSITION (NOT PARKING LOT/DRIVEWAY),BACKING,STRAIGHT & GRADE,DAYLIGHT,0,0,0,1
31154985,CAMPBELL,I 0471,Interstate,,I471 N,,,39.10048077,-84.49435631,4.908,1/27/2023 0:00,1350,2,2,0,0,O,CLEAR,DRY,0,REAR END IN TRAFFIC LANES BOTH VEHICLES MOVING,REAR END,STRAIGHT & LEVEL,DAYLIGHT,0,0,0,1
31160452,CAMPBELL,US0027,USRoute,4745,ALEXANDRIA,PIKE,,39.00926084,-84.42932048,14.353,1/27/2023 0:00,1817,2,2,0,0,O,CLEAR,DRY,0,OTHER ROADWAY OR MID-BLOCK COLLISION,REAR END,STRAIGHT & GRADE,DARK-HWY LIGHTED/ON,0,0,0,1
31171104,CAMPBELL,I 0275,Interstate,,I471,,,39.04508519,-84.46108022,0.189,1/28/2023 0:00,2255,1,1,0,0,O,CLEAR,DRY,0,OTHER RAMP RELATED COLLISIONS NOT LISTED ABOVE,SINGLE VEHICLE,CURVE & LEVEL,DARK-HWY LIGHTED/ON,0,0,0,1
31166624,CAMPBELL,KY2345,StateRoute,,JOHNS HILL,RD,,39.02745469,-84.46064059,0.659,1/28/2023 0:00,1200,2,2,0,0,O,CLEAR,DRY,0,REAR END IN TRAFFIC LANES BOTH VEHICLES MOVING,REAR END,CURVE & LEVEL,DAYLIGHT,0,0,0,1
31167940,CAMPBELL,US0027,USRoute,,YORK,ST,,39.09077247,-84.49486214,22.096,1/28/2023 0:00,1406,2,2,0,0,O,CLEAR,DRY,1,ANGLE COLLISION - OTHER,ANGLE,STRAIGHT & LEVEL,DAYLIGHT,0,0,0,1
31179224,CAMPBELL,US0027,USRoute,,ALEXANDRIA,PIKE,,38.95096285,-84.39357913,9.579,1/28/2023 0:00,954,2,2,0,0,O,CLEAR,DRY,0,ANGLE COLLISION - OTHER,ANGLE,STRAIGHT & LEVEL,DAYLIGHT,0,0,0,1
31157696,CAMPBELL,,OTHR,,8TH,ST,E,39.09109622,-84.48840594,0.291,1/28/2023 0:00,1200,2,2,0,0,O,CLEAR,DRY,1,COLLISION WITH PARKED VEHICLE,BACKING,STRAIGHT & LEVEL,UNKNOWN,0,0,0,1
31168534,CAMPBELL,,OTHR,,SHERMAN,AVE,,39.05758841,-84.4559954,0.133,1/28/2023 0:00,1600,2,2,0,0,O,CLEAR,DRY,0,COLLISION WITH FIXED OBJECT IN INTERSECTION - FIRST EVENT COLLISION 09 - 32,REAR END,STRAIGHT & LEVEL,DAYLIGHT,1,0,0,1
31163328,CAMPBELL,,OTHR,322,COVERT RUN,PIKE,,39.09991242,-84.47641173,0.198,1/29/2023 0:00,1616,2,2,0,0,O,CLOUDY,DRY,0,1 VEHICLE PARKED POSITION (NOT PARKING LOT/DRIVEWAY),BACKING,STRAIGHT & LEVEL,DAYLIGHT,0,0,0,1
31164177,CAMPBELL,KY1120,StateRoute,1825,MEMORIAL,PKWY,,39.0907719,-84.4606435,2.682,1/29/2023 0:00,1519,1,1,0,0,O,CLEAR,WET,0,COLLISION WITH ANIMAL NON INTERSECTION,SINGLE VEHICLE,CURVE & HILLCREST,DAYLIGHT,0,0,0,1
31179221,CAMPBELL,,OTHR,,PALISADE/ARCADIA,WAY,,38.98204587,-84.40368058,,1/29/2023 0:00,1308,2,2,0,0,O,CLEAR,DRY,0,1 VEHICLE ENTERING/LEAVING ENTRANCE,ANGLE,STRAIGHT & GRADE,DAYLIGHT,0,0,0,1
31167624,CAMPBELL,I 0471,Interstate,,GRAND,AVE,W,39.09286701,-84.47898719,0.19,1/30/2023 0:00,1719,2,2,0,0,O,CLOUDY,WET,0,OTHER RAMP RELATED COLLISIONS NOT LISTED ABOVE,REAR END,CURVE & LEVEL,DUSK,0,0,0,1
31168585,CAMPBELL,KY1120,StateRoute,,FT THOMAS,AVE,S,39.0666823,-84.44681576,5.219,1/30/2023 0:00,1525,2,2,0,0,O,RAINING,WET,0,SIDESWIPE COLLISION - SAME DIRECTION,SIDESWIPE-SAME DIRECTION,CURVE & LEVEL,DAYLIGHT,0,0,0,1
31199743,CAMPBELL,I 0275,Interstate,,I275 W,,,39.02294299,-84.48382116,77.265,1/30/2023 0:00,2338,1,1,0,0,O,"SLEET, HAIL, FREEZING RAIN",ICE,0,OTHER ROADWAY OR MID-BLOCK COLLISION,SINGLE VEHICLE,CURVE & GRADE,DARK-HWY LIGHTED/ON,0,0,0,1
31169873,CAMPBELL,US0027,USRoute,,ALEXANDRIA,PIKE,,39.03151992,-84.45213012,16.507,1/30/2023 0:00,1645,3,3,0,0,O,CLEAR,WET,0,OTHER ROADWAY OR MID-BLOCK COLLISION,REAR END,STRAIGHT & LEVEL,DAYLIGHT,0,0,0,1
31193346,CAMPBELL,US0027,USRoute,,ALEXANDRIA,PIKE,,39.00905069,-84.42918078,14.337,1/30/2023 0:00,1120,2,2,0,0,O,RAINING,WET,0,1 VEHICLE ENTERING/LEAVING ENTRANCE,ANGLE,STRAIGHT & LEVEL,DAYLIGHT,0,0,0,1
31168584,CAMPBELL,KY1120,StateRoute,106,FT THOMAS,AVE,S,39.0772941,-84.44775382,4.33,1/30/2023 0:00,1508,2,2,0,0,O,RAINING,WET,0,REAR END IN TRAFFIC LANES BOTH VEHICLES MOVING,REAR END,STRAIGHT & LEVEL,DAYLIGHT,0,0,0,1
31172233,CAMPBELL,I 0275,Interstate,,I275 W,,,39.05592049,-84.43391241,,1/30/2023 0:00,2340,1,1,0,0,O,"SLEET, HAIL, FREEZING RAIN",ICE,0,OTHER COLLISIONS ON SHOULDER,SINGLE VEHICLE,STRAIGHT & LEVEL,DARK (UNKNOWN ROADWAY LIGHTING),0,0,0,1
31172232,CAMPBELL,KY0915,StateRoute,,LICKING,PIKE,,38.97345246,-84.42667981,4.95,1/30/2023 0:00,2120,1,1,0,0,O,"SLEET, HAIL, FREEZING RAIN",WET,0,COLLISION WITH FIXED OBJECT NON - INTERSECTION - FIRST EVENT COLLISION 09 - 32 EXCLUDING 16,SINGLE VEHICLE,CURVE & GRADE,DARK (UNKNOWN ROADWAY LIGHTING),0,0,0,1
31168323,CAMPBELL,US0027,USRoute,,ALEXANDRIA,PIKE,,39.07131979,-84.47031864,20.051,1/30/2023 0:00,1835,3,3,0,0,O,OTHER,WET,0,COLLISION WITH FIXED OBJECT NON - INTERSECTION - FIRST EVENT COLLISION 09 - 32 EXCLUDING 16,REAR END,STRAIGHT & HILLCREST,DARK-HWY LIGHTED/ON,0,0,0,1
31168501,CAMPBELL,KY1998,StateRoute,,INDUSTRIAL,RD,,39.03207729,-84.4308541,2.869,1/30/2023 0:00,2037,1,1,0,0,O,CLOUDY,DRY,0,COLLISION WITH FIXED OBJECT NON - INTERSECTION - FIRST EVENT COLLISION 09 - 32 EXCLUDING 16,SINGLE VEHICLE,CURVE & GRADE,DARK-HWY NOT LIGHTED,0,0,0,1
31162493,CAMPBELL,,OTHR,,8TH,ST,E,39.08975162,-84.49081775,0.133,1/30/2023 0:00,159,1,1,0,0,O,RAINING,WET,1,COLLISION WITH FIXED OBJECT NON - INTERSECTION - FIRST EVENT COLLISION 09 - 32 EXCLUDING 16,SINGLE VEHICLE,STRAIGHT & LEVEL,DARK-HWY LIGHTED/ON,0,0,0,1
31166321,CAMPBELL,KY1120,StateRoute,,11TH,ST,W,39.08191939,-84.4950434,0.304,1/30/2023 0:00,821,2,2,0,0,O,CLOUDY,WET,0,OTHER INTERSECTION COLLISIONS,REAR END,STRAIGHT & LEVEL,DAYLIGHT,1,0,0,1
31167625,CAMPBELL,,OTHR,1038,ANN,ST,,39.08431462,-84.49218109,0.369,1/30/2023 0:00,1730,2,2,0,0,O,CLEAR,DRY,1,1 VEHICLE PARKED POSITION (NOT PARKING LOT/DRIVEWAY),SIDESWIPE-SAME DIRECTION,STRAIGHT & LEVEL,DAYLIGHT,0,0,0,1
31166322,CAMPBELL,,OTHR,917,SARATOGA,ST,,39.08843027,-84.48860856,0.163,1/30/2023 0:00,800,2,2,0,0,O,CLEAR,DRY,1,1 VEHICLE PARKED POSITION (NOT PARKING LOT/DRIVEWAY),SIDESWIPE-SAME DIRECTION,STRAIGHT & LEVEL,UNKNOWN,0,0,0,1
31166317,CAMPBELL,US0027,USRoute,330,YORK,ST,,39.09262646,-84.4965342,22.251,1/30/2023 0:00,1000,2,2,0,0,O,CLOUDY,WET,0,1 VEHICLE PARKED POSITION (NOT PARKING LOT/DRIVEWAY),BACKING,STRAIGHT & LEVEL,DAYLIGHT,0,0,0,1
31179226,CAMPBELL,US0027,USRoute,,ALEXANDRIA,PIKE,,38.97472825,-84.39243552,11.241,1/30/2023 0:00,1658,2,2,0,0,O,CLOUDY,WET,0,ANGLE COLLISION - ONE VEHICLE TURNING LEFT,ANGLE,STRAIGHT & LEVEL,DAYLIGHT,0,0,0,1
31167626,CAMPBELL,US0027,USRoute,,ALEXANDRIA,PIKE,,39.07238125,-84.47126069,20.137,1/30/2023 0:00,1844,1,1,0,0,O,CLOUDY,WET,0,COLLISION WITH FIXED OBJECT IN INTERSECTION - FIRST EVENT COLLISION 09 - 32,SINGLE VEHICLE,CURVE & GRADE,DARK-HWY LIGHTED/ON,1,0,0,1
31167938,CAMPBELL,,OTHR,,6TH,ST,E,39.09487408,-84.48743991,0.274,1/30/2023 0:00,1533,2,2,0,0,O,RAINING,WET,0,ANGLE COLLISION - OTHER,ANGLE,STRAIGHT & LEVEL,DAYLIGHT,0,0,0,1
31184260,CAMPBELL,,OTHR,,ALEXANDRIA,PIKE,,38.92093995,-84.39188713,1.844,1/30/2023 0:00,653,2,2,0,0,O,FOG,WET,0,OPPOSITE DIRECTION - BOTH VEHICLES GOING STRAIGHT AHEAD,SIDESWIPE-OPPOSITE DIRECTION,STRAIGHT & LEVEL,DARK-HWY LIGHTED/ON,0,0,0,1
31174869,CAMPBELL,,OTHR,,KENTUCKY,DR,,39.0784857,-84.479981,0.958,1/31/2023 0:00,1607,2,2,0,2,C,CLOUDY,DRY,0,ANGLE COLLISION - ONE VEHICLE TURNING LEFT,ANGLE,STRAIGHT & GRADE,DAYLIGHT,0,0,0,1
31168588,CAMPBELL,I 0471,Interstate,,I471 S,,,39.0985862,-84.49098638,4.684,1/31/2023 0:00,0,1,1,0,0,O,"SLEET, HAIL, FREEZING RAIN",SNOW/SLUSH,0,COLLISION WITH FIXED OBJECT IN INTERSECTION - FIRST EVENT COLLISION 09 - 32,SINGLE VEHICLE,STRAIGHT & LEVEL,DARK-HWY LIGHTED/ON,1,0,0,1
31179239,CAMPBELL,KY0547,StateRoute,8272,RILEY,RD,,38.96296724,-84.38127329,0.318,1/31/2023 0:00,1421,2,2,0,1,C,CLOUDY,DRY,0,1 VEHICLE PARKED POSITION (NOT PARKING LOT/DRIVEWAY),ANGLE,CURVE & GRADE,DAYLIGHT,0,0,0,1
31182958,CAMPBELL,,OTHR,42,ROSSMORE,AVE,,39.06943064,-84.44506467,0.125,1/31/2023 0:00,921,2,2,0,0,O,SNOWING,ICE,0,1 VEHICLE PARKED POSITION (NOT PARKING LOT/DRIVEWAY),SIDESWIPE-OPPOSITE DIRECTION,STRAIGHT & GRADE,DAYLIGHT,0,0,0,1
31169701,CAMPBELL,KY1892,StateRoute,,CAROTHERS,RD,,39.0863914,-84.47730953,2.156,1/31/2023 0:00,1335,2,2,0,0,O,CLOUDY,DRY,0,OTHER INTERSECTION COLLISIONS,REAR END,STRAIGHT & LEVEL,DAYLIGHT,1,0,0,1
31247346,CAMPBELL,KY0915,StateRoute,,LICKING,PIKE,,38.99449265,-84.44698479,7.962,1/31/2023 0:00,919,1,1,0,0,O,CLOUDY,ICE,0,COLLISION WITH FIXED OBJECT NON - INTERSECTION - FIRST EVENT COLLISION 09 - 32 EXCLUDING 16,SINGLE VEHICLE,CURVE & GRADE,DAYLIGHT,0,0,0,1
31170391,CAMPBELL,US0027,USRoute,801,MONMOUTH,ST,,39.08935351,-84.49143947,21.781,1/31/2023 0:00,1010,2,2,0,0,O,CLOUDY,WET,0,REAR END IN TRAFFIC LANES BOTH VEHICLES MOVING,REAR END,STRAIGHT & LEVEL,DAYLIGHT,0,0,0,1
31174352,CAMPBELL,I 0471,Interstate,,I471 S,,,39.07491221,-84.46745247,2.485,1/31/2023 0:00,1309,3,3,0,0,O,CLOUDY,DRY,0,REAR END IN TRAFFIC LANES BOTH VEHICLES MOVING,REAR END,STRAIGHT & GRADE,DAYLIGHT,0,0,0,1
31181702,CAMPBELL,US0027,USRoute,,ALEXANDRIA,PIKE,,39.03143773,-84.45208017,16.337,1/31/2023 0:00,900,2,2,0,0,O,SNOWING,SNOW/SLUSH,0,OTHER ROADWAY OR MID-BLOCK COLLISION,REAR END,STRAIGHT & LEVEL,DAYLIGHT,0,0,0,1
31169874,CAMPBELL,I 0275,Interstate,,I275 E,,,39.04674692,-84.4568539,74.764,1/31/2023 0:00,728,2,2,0,0,O,SNOWING,SNOW/SLUSH,0,SIDESWIPE COLLISION - SAME DIRECTION,SIDESWIPE-SAME DIRECTION,STRAIGHT & LEVEL,DAWN,0,0,0,1
31209393,CAMPBELL,US0027,USRoute,,ALEXANDRIA,PIKE,,38.99904036,-84.41856799,13.468,2/1/2023 0:00,1200,3,3,0,1,B,CLOUDY,DRY,0,1 VEHICLE ENTERING/LEAVING ENTRANCE,ANGLE,STRAIGHT & LEVEL,DAYLIGHT,0,0,0,1
31175025,CAMPBELL,I 0471,Interstate,,I471 N,,,39.10056073,-84.4944884,4.917,2/1/2023 0:00,856,2,2,0,0,O,CLEAR,DRY,0,OTHER ROADWAY OR MID-BLOCK COLLISION,REAR END,STRAIGHT & LEVEL,DAYLIGHT,0,0,0,1
31180624,CAMPBELL,KY0008,StateRoute,119,FAIRFIELD,AVE,,39.1033413,-84.48687205,1.588,2/1/2023 0:00,1238,2,2,0,0,O,CLEAR,DRY,0,OTHER ROADWAY OR MID-BLOCK COLLISION,REAR END,STRAIGHT & LEVEL,DAYLIGHT,0,0,0,1
31174926,CAMPBELL,I 0471,Interstate,,I471 N,,,39.09947909,-84.49251933,4.787,2/1/2023 0:00,748,2,2,0,0,O,CLOUDY,DRY,0,REAR END IN TRAFFIC LANES BOTH VEHICLES MOVING,REAR END,STRAIGHT & LEVEL,DAYLIGHT,0,0,0,1
31201582,CAMPBELL,,OTHR,,POPLAR,ST,,39.10662192,-84.47870462,0.053,2/1/2023 0:00,226,2,2,0,0,O,CLEAR,DRY,1,COLLISION WITH PARKED VEHICLE,ANGLE,STRAIGHT & LEVEL,DARK-HWY LIGHTED/ON,0,0,0,1
31183342,CAMPBELL,,OTHR,,UHL,RD,,39.01991136,-84.41525692,0.421,2/2/2023 0:00,659,1,1,0,0,O,CLOUDY,DRY,0,COLLISION WITH FIXED OBJECT NON - INTERSECTION - FIRST EVENT COLLISION 09 - 32 EXCLUDING 16,SINGLE VEHICLE,CURVE & LEVEL,DARK (UNKNOWN ROADWAY LIGHTING),0,0,0,1
31193855,CAMPBELL,US0027,USRoute,,ALEXANDRIA,PIKE,,39.07471663,-84.47551691,20.417,2/2/2023 0:00,842,1,1,0,0,O,CLEAR,DRY,0,COLLISION WITH FIXED OBJECT NON - INTERSECTION - FIRST EVENT COLLISION 09 - 32 EXCLUDING 16,SINGLE VEHICLE,CURVE & GRADE,DAYLIGHT,0,0,0,1
31228127,CAMPBELL,US0027,USRoute,,ALEXANDRIA,PIKE,,38.98309591,-84.39971174,11.983,2/2/2023 0:00,1720,2,2,0,0,O,CLOUDY,DRY,0,OTHER INTERSECTION COLLISIONS,REAR END,STRAIGHT & HILLCREST,DAYLIGHT,1,0,0,1
31182959,CAMPBELL,,OTHR,327,NEWMAN,AVE,,39.08189856,-84.46385852,0.432,2/2/2023 0:00,255,2,2,0,0,O,CLOUDY,DRY,0,1 VEHICLE PARKED POSITION (NOT PARKING LOT/DRIVEWAY),HEAD ON,STRAIGHT & LEVEL,DARK-HWY LIGHTED/ON,0,0,0,1
31199747,CAMPBELL,US0027,USRoute,,ALEXANDRIA,PIKE,,39.07484955,-84.47571262,20.43,2/2/2023 0:00,900,2,2,0,0,O,CLEAR,DRY,0,1 VEHICLE PARKED POSITION (NOT PARKING LOT/DRIVEWAY),REAR END,STRAIGHT & GRADE,DAYLIGHT,0,0,0,1
31182247,CAMPBELL,US0027,USRoute,,TAYLOR SOUTHGATE,BRG,,39.09346916,-84.49735872,22.287,2/2/2023 0:00,2128,2,2,0,0,O,CLEAR,DRY,0,SIDESWIPE COLLISION - SAME DIRECTION,SIDESWIPE-SAME DIRECTION,CURVE & LEVEL,DARK-HWY LIGHTED/ON,0,0,0,1
31326441,CAMPBELL,KY1892,StateRoute,85,GRAND,AVE,N,39.07854724,-84.46506097,1.264,2/2/2023 0:00,1043,2,2,0,0,O,CLEAR,DRY,0,SIDESWIPE COLLISION - SAME DIRECTION,SIDESWIPE-SAME DIRECTION,STRAIGHT & GRADE,DAYLIGHT,0,0,0,1
31186619,CAMPBELL,I 0471,Interstate,,I471 N,,,39.09956818,-84.49264897,4.796,2/3/2023 0:00,1735,2,2,0,1,C,CLEAR,DRY,0,SIDESWIPE COLLISION - SAME DIRECTION,SIDESWIPE-SAME DIRECTION,STRAIGHT & LEVEL,DAYLIGHT,0,0,0,1
31185257,CAMPBELL,US0027,USRoute,,3RD,ST,E,39.09373168,-84.49667716,22.243,2/3/2023 0:00,1130,2,2,0,0,O,CLEAR,DRY,1,REAR END IN TRAFFIC LANES BOTH VEHICLES MOVING,REAR END,STRAIGHT & LEVEL,DAYLIGHT,0,0,0,1
31201546,CAMPBELL,KY1120,StateRoute,,11TH,ST,W,39.08442123,-84.49060855,0.6,2/3/2023 0:00,1549,2,2,0,0,O,CLEAR,DRY,0,COLLISION WITH PARKED VEHICLE,REAR END,STRAIGHT & LEVEL,DAYLIGHT,0,0,0,1