IncidentID,County,RdwyNumber,RdwyType,Street,RoadwayName,StreetSfx,StreetDir,Latitude,Longitude,Milepoint,CollisionDate,CollisionTime,UnitsInvolved,MotorVehiclesInvolved,NumberKilled,NumberInjured,KABCO,Weather,RdwyConditionCode,HitandRun,DirAnalysisCode,MannerofCollision,RdwyCharacter,LightCondition,Intersection Crash,Bicyclist,Pedestrian,Motor Vehicles
31194152,CAMPBELL,KY1632,StateRoute,,MOOCK,RD,,39.0683129,-84.46669068,1.619,2/3/2023 0:00,852,2,2,0,0,O,CLEAR,DRY,0,SIDESWIPE-SAME DIRECTION,SIDESWIPE-SAME DIRECTION,CURVE & LEVEL,DAYLIGHT,0,0,0,1
31233430,CAMPBELL,KY0008,StateRoute,212,FAIRFIELD,AVE,,39.10488446,-84.48496821,1.736,2/3/2023 0:00,1557,2,2,0,0,O,CLEAR,DRY,0,1 VEHICLE PARKED POSITION (NOT PARKING LOT/DRIVEWAY),SIDESWIPE-SAME DIRECTION,STRAIGHT & LEVEL,DAYLIGHT,0,0,0,1
31185255,CAMPBELL,US0027,USRoute,1723,MONMOUTH,ST,,39.08154338,-84.48193001,21.017,2/3/2023 0:00,1335,2,2,0,0,O,CLEAR,DRY,0,1 VEHICLE PARKED POSITION (NOT PARKING LOT/DRIVEWAY),SIDESWIPE-SAME DIRECTION,STRAIGHT & LEVEL,DAYLIGHT,0,0,0,1
31195028,CAMPBELL,US0027,USRoute,,ALEXANDRIA,PIKE,,38.975793,-84.39244875,11.31,2/3/2023 0:00,637,3,3,0,1,C,CLEAR,DRY,0,OTHER INTERSECTION COLLISIONS,REAR END,STRAIGHT & LEVEL,DARK-HWY LIGHTED/ON,1,0,0,1
31193856,CAMPBELL,US0027,USRoute,,ALEXANDRIA,PIKE,,39.07478349,-84.47562807,20.424,2/3/2023 0:00,828,1,1,0,0,O,CLEAR,DRY,0,COLLISION WITH FIXED OBJECT NON - INTERSECTION - FIRST EVENT COLLISION 09 - 32 EXCLUDING 16,SINGLE VEHICLE,CURVE & GRADE,DAYLIGHT,0,0,0,1
31185253,CAMPBELL,I 0471,Interstate,,GRAND,AVE,W,39.09286701,-84.47898719,0.19,2/3/2023 0:00,1126,2,2,0,0,O,CLEAR,DRY,0,OTHER RAMP RELATED COLLISIONS NOT LISTED ABOVE,REAR END,CURVE & LEVEL,DAYLIGHT,0,0,0,1
31191035,CAMPBELL,,OTHR,1031,ERVIN,TER,,39.1087933,-84.47165449,0.043,2/4/2023 0:00,1017,2,2,0,0,O,CLEAR,DRY,0,1 VEHICLE PARKED POSITION (NOT PARKING LOT/DRIVEWAY),SIDESWIPE-SAME DIRECTION,STRAIGHT & GRADE,DAYLIGHT,0,0,0,1
31239978,CAMPBELL,,OTHR,1097,DAVJO,DR,,39.00797993,-84.42414104,0.183,2/4/2023 0:00,2245,2,2,0,0,O,CLEAR,DRY,0,1 VEHICLE PARKED POSITION (NOT PARKING LOT/DRIVEWAY),HEAD ON,STRAIGHT & HILLCREST,DARK-HWY NOT LIGHTED,0,0,0,1
31217215,CAMPBELL,US0027,USRoute,,MONMOUTH,ST,,39.08384116,-84.48382741,21.209,2/4/2023 0:00,837,2,2,0,0,O,CLEAR,DRY,0,ANGLE COLLISION - OTHER,ANGLE,STRAIGHT & LEVEL,DAYLIGHT,0,0,0,1
31189516,CAMPBELL,KY1120,StateRoute,,MEMORIAL,PKWY,,39.09266832,-84.47523541,1.677,2/4/2023 0:00,1906,3,3,0,1,B,CLEAR,DRY,0,1 VEHICLE ENTERING/LEAVING ENTRANCE,ANGLE,STRAIGHT & LEVEL,DARK-HWY LIGHTED/ON,0,0,0,1
31198877,CAMPBELL,US0027,USRoute,,ALEXANDRIA,PIKE,,39.01819464,-84.4358897,15.025,2/5/2023 0:00,1509,3,3,0,0,O,CLEAR,DRY,0,1 VEHICLE ENTERING/LEAVING ENTRANCE,ANGLE,STRAIGHT & LEVEL,DAYLIGHT,0,0,0,1
31205212,CAMPBELL,KY0009,StateRoute,,AA,HWY,,38.98866689,-84.39476534,12.111,2/5/2023 0:00,926,2,2,0,0,O,CLEAR,DRY,0,OTHER INTERSECTION COLLISIONS,REAR END,STRAIGHT & LEVEL,DAYLIGHT,1,0,0,1
31199686,CAMPBELL,I 0275,Interstate,,I275 W,,,39.03036019,-84.47110357,76.412,2/6/2023 0:00,1130,1,1,0,0,O,CLEAR,DRY,0,RAN OFF ROADWAY (1 VEHICLE WITH/EARTH EMBANKMENT/DITCH),SINGLE VEHICLE,STRAIGHT & GRADE,DAYLIGHT,0,0,0,1
31198879,CAMPBELL,KY0009,StateRoute,,AA,HWY,,39.00968362,-84.46911044,16.537,2/6/2023 0:00,2025,2,2,0,0,O,CLEAR,DRY,0,ANGLE COLLISION - ONE VEHICLE TURNING LEFT,ANGLE,STRAIGHT & LEVEL,DARK-HWY NOT LIGHTED,0,0,0,1
31228112,CAMPBELL,KY0547,StateRoute,,RILEY,RD,,38.96905777,-84.37142661,1.076,2/6/2023 0:00,2135,1,1,0,1,C,CLEAR,DRY,0,OTHER COLLISIONS ON SHOULDER,SINGLE VEHICLE,CURVE & GRADE,DARK (UNKNOWN ROADWAY LIGHTING),0,0,0,1
31209396,CAMPBELL,US0027,USRoute,,ALEXANDRIA,PIKE,,39.00072434,-84.420221,13.609,2/7/2023 0:00,1655,2,2,0,0,O,CLOUDY,WET,0,OTHER ROADWAY OR MID-BLOCK COLLISION,REAR END,STRAIGHT & LEVEL,DAYLIGHT,0,0,0,1
31228131,CAMPBELL,KY0709,StateRoute,,ALEXANDRIA,PIKE,E,38.98242143,-84.3977151,0.012,2/7/2023 0:00,1027,2,2,0,0,O,CLEAR,DRY,0,OTHER INTERSECTION COLLISIONS,REAR END,STRAIGHT & GRADE,DAYLIGHT,1,0,0,1
31206486,CAMPBELL,,OTHR,,WASHINGTON,AVE,,39.09198203,-84.48996389,0.308,2/7/2023 0:00,1451,1,1,0,1,C,CLOUDY,WET,0,OTHER INTERSECTION COLLISIONS,SINGLE VEHICLE,STRAIGHT & LEVEL,DAYLIGHT,1,0,0,1
31209399,CAMPBELL,US0027,USRoute,4034,ALEXANDRIA,PIKE,,39.02271976,-84.44123222,15.486,2/8/2023 0:00,750,2,2,0,0,O,CLEAR,DRY,0,REAR END IN TRAFFIC LANES BOTH VEHICLES MOVING,REAR END,STRAIGHT & LEVEL,DAYLIGHT,0,0,0,1
31207890,CAMPBELL,KY1892,StateRoute,,CAROTHERS,RD,,39.08531906,-84.48029941,2.342,2/8/2023 0:00,1220,2,2,0,0,O,CLEAR,DRY,0,1 VEHICLE ENTERING/LEAVING ENTRANCE,ANGLE,STRAIGHT & LEVEL,DAYLIGHT,0,0,0,1
31210125,CAMPBELL,I 0471,Interstate,,I471 N,,,39.10073745,-84.494878,4.941,2/8/2023 0:00,813,2,2,0,0,O,CLOUDY,DRY,0,SIDESWIPE COLLISION - SAME DIRECTION,SIDESWIPE-SAME DIRECTION,STRAIGHT & LEVEL,DAYLIGHT,0,0,0,1
31260866,CAMPBELL,I 0471,Interstate,,,,,39.09865179,-84.4919541,0.007,2/9/2023 0:00,1520,2,2,0,0,O,CLEAR,DRY,1,OTHER RAMP RELATED COLLISIONS NOT LISTED ABOVE,REAR END,STRAIGHT & LEVEL,DAYLIGHT,0,0,0,1
31216078,CAMPBELL,I 0471,Interstate,,I471 NB,,,39.05227637,-84.46774132,0.687,2/9/2023 0:00,645,2,2,0,0,O,RAINING,WET,0,REAR END IN TRAFFIC LANES BOTH VEHICLES MOVING,REAR END,CURVE & LEVEL,DAWN,0,0,0,1
31224767,CAMPBELL,I 0275,Interstate,,I275 E,,,39.03788641,-84.469965,75.828,2/9/2023 0:00,714,2,2,0,0,O,CLOUDY,WET,0,REAR END IN TRAFFIC LANES BOTH VEHICLES MOVING,REAR END,STRAIGHT & GRADE,DAWN,0,0,0,1
31212310,CAMPBELL,KY0547,StateRoute,,FOUR MILE,RD,,39.02053594,-84.37995271,5.174,2/9/2023 0:00,841,1,1,0,0,O,CLOUDY,WET,0,COLLISION WITH ANIMAL NON INTERSECTION,SINGLE VEHICLE,CURVE & LEVEL,DAYLIGHT,0,0,0,1
31237396,CAMPBELL,,OTHR,137,WALNUT,ST,,39.06907691,-84.47652297,0.234,2/9/2023 0:00,630,8,8,0,0,O,CLOUDY,DRY,1,1 VEHICLE PARKED POSITION (NOT PARKING LOT/DRIVEWAY),SIDESWIPE-SAME DIRECTION,STRAIGHT & LEVEL,DARK-HWY LIGHTED/ON,0,0,0,1
31217804,CAMPBELL,US0027,USRoute,,ALEXANDRIA,PIKE,,38.98568916,-84.40303805,12.237,2/9/2023 0:00,1320,2,2,0,0,O,CLEAR,DRY,0,ANGLE COLLISION - OTHER,ANGLE,STRAIGHT & LEVEL,DAYLIGHT,0,0,0,1
31219410,CAMPBELL,,OTHR,,9TH,ST,E,39.08855693,-84.48977655,0.611,2/10/2023 0:00,1733,2,2,0,0,O,CLOUDY,DRY,0,ANGLE COLLISION - OTHER,ANGLE,STRAIGHT & LEVEL,DAYLIGHT,0,0,0,1
31243075,CAMPBELL,,OTHR,,5TH,AVE,,39.10992331,-84.47959525,1.143,2/10/2023 0:00,1626,2,2,0,0,O,CLOUDY,DRY,0,1 VEHICLE PARKED POSITION (NOT PARKING LOT/DRIVEWAY),BACKING,STRAIGHT & LEVEL,DAYLIGHT,0,0,0,1
31258680,CAMPBELL,KY0009,StateRoute,,AA,HWY,,39.01238734,-84.47406092,16.872,2/10/2023 0:00,1755,3,3,0,3,B,CLEAR,DRY,0,OTHER INTERSECTION COLLISIONS,REAR END,STRAIGHT & LEVEL,DUSK,1,0,0,1
31223977,CAMPBELL,US0027,USRoute,,ALEXANDRIA,PIKE,,38.97011197,-84.39253655,10.909,2/10/2023 0:00,1030,2,2,0,0,O,CLEAR,DRY,0,REAR END IN TRAFFIC LANES BOTH VEHICLES MOVING,REAR END,STRAIGHT & LEVEL,DAYLIGHT,0,0,0,1
31259030,CAMPBELL,,OTHR,,WARD,AVE,,39.10760162,-84.48096836,0.481,2/10/2023 0:00,1545,2,2,0,0,O,CLEAR,DRY,1,REAR END IN TRAFFIC LANES BOTH VEHICLES MOVING,REAR END,STRAIGHT & GRADE,DAYLIGHT,0,0,0,1
31226840,CAMPBELL,US0027,USRoute,,ALEXANDRIA,PIKE,,39.04137573,-84.44877545,17.149,2/10/2023 0:00,1533,2,2,0,0,O,CLOUDY,DRY,0,1 VEHICLE ENTERING/LEAVING ENTRANCE,ANGLE,STRAIGHT & LEVEL,DAYLIGHT,0,0,0,1
31219752,CAMPBELL,KY0008,StateRoute,,4TH,ST,W,39.08973488,-84.50087904,0.243,2/11/2023 0:00,111,2,2,0,0,O,CLEAR,DRY,0,1 VEHICLE ENTERING/LEAVING ENTRANCE,ANGLE,CURVE & LEVEL,DARK-HWY LIGHTED/ON,0,0,0,1
31223976,CAMPBELL,KY0536,StateRoute,,CREEKTRACE,RD,,38.93792887,-84.40965273,2.591,2/11/2023 0:00,954,2,2,0,0,O,CLEAR,DRY,0,REAR END IN TRAFFIC LANES BOTH VEHICLES MOVING,REAR END,STRAIGHT & GRADE,DAYLIGHT,0,0,0,1
31225912,CAMPBELL,,OTHR,,ISABELLA,ST,,39.08413547,-84.4949096,0.199,2/11/2023 0:00,1847,2,2,0,0,O,CLEAR,DRY,0,1 VEHICLE PARKED POSITION (NOT PARKING LOT/DRIVEWAY),HEAD ON,STRAIGHT & LEVEL,DARK-HWY LIGHTED/ON,0,0,0,1
31227427,CAMPBELL,KY1120,StateRoute,,FT THOMAS,AVE,S,39.06406257,-84.4471988,5.392,2/11/2023 0:00,1601,2,2,0,0,O,CLEAR,DRY,0,ANGLE COLLISION - ONE VEHICLE TURNING LEFT,ANGLE,STRAIGHT & LEVEL,DAYLIGHT,0,0,0,1
31221144,CAMPBELL,KY1120,StateRoute,,11TH,ST,W,39.0812696,-84.49625378,0.229,2/11/2023 0:00,1312,2,2,0,0,O,CLEAR,DRY,0,OPPOSING LEFT TURN,OPPOSING LEFT TURN,STRAIGHT & LEVEL,DAYLIGHT,0,0,0,1
31225911,CAMPBELL,,OTHR,1184,WATERWORKS,RD,,39.09361683,-84.47271452,0.252,2/12/2023 0:00,331,2,2,0,0,O,CLEAR,DRY,0,1 VEHICLE PARKED POSITION (NOT PARKING LOT/DRIVEWAY),SIDESWIPE-SAME DIRECTION,STRAIGHT & LEVEL,DARK-HWY LIGHTED/ON,0,0,0,1
31227431,CAMPBELL,,OTHR,48,WILBERS,LN,,39.07458343,-84.45700891,0.135,2/12/2023 0:00,0,2,2,0,0,O,CLEAR,DRY,1,1 VEHICLE PARKED POSITION (NOT PARKING LOT/DRIVEWAY),SIDESWIPE-SAME DIRECTION,STRAIGHT & GRADE,UNKNOWN,0,0,0,1
31228149,CAMPBELL,,OTHR,115,10TH,AVE,,39.10575219,-84.47580949,0.04,2/12/2023 0:00,1030,2,2,0,0,O,CLEAR,DRY,1,1 VEHICLE PARKED POSITION (NOT PARKING LOT/DRIVEWAY),REAR END,STRAIGHT & LEVEL,DAYLIGHT,0,0,0,1
31254955,CAMPBELL,KY0008,StateRoute,221,MARY INGLES,HWY,,39.03209175,-84.37607097,11.608,2/12/2023 0:00,611,1,1,0,0,O,CLEAR,DRY,0,RAN OFF ROADWAY (1 VEHICLE WITH/EARTH EMBANKMENT/DITCH),SINGLE VEHICLE,STRAIGHT & LEVEL,DARK-HWY NOT LIGHTED,0,0,0,1
31254952,CAMPBELL,KY0547,StateRoute,,FOUR MILE,RD,,39.01939097,-84.37904403,5.081,2/12/2023 0:00,1120,2,2,0,0,O,CLEAR,DRY,0,1 VEHICLE ENTERING/LEAVING ENTRANCE,ANGLE,CURVE & GRADE,DAYLIGHT,0,0,0,1
31229680,CAMPBELL,I 0471,Interstate,,I471 S,,,39.09917673,-84.49231322,4.767,2/13/2023 0:00,950,1,1,0,1,C,CLEAR,DRY,0,OTHER ROADWAY OR MID-BLOCK COLLISION,SINGLE VEHICLE,STRAIGHT & LEVEL,DAYLIGHT,0,0,0,1
31244825,CAMPBELL,KY1892,StateRoute,95,CAROTHERS,RD,,39.08614227,-84.47902353,2.25,2/13/2023 0:00,1657,2,2,0,0,O,CLEAR,DRY,0,SIDESWIPE COLLISION - SAME DIRECTION,SIDESWIPE-SAME DIRECTION,STRAIGHT & LEVEL,DAYLIGHT,0,0,0,1
31233958,CAMPBELL,,OTHR,,GREENDEVIL,LN,,39.11652078,-84.4712292,0.013,2/13/2023 0:00,730,2,2,0,0,O,CLEAR,DRY,0,VEHICLE BACKING NON INTERSECTION,BACKING,STRAIGHT & LEVEL,DAYLIGHT,0,0,0,1
31232361,CAMPBELL,KY0547,StateRoute,,FOUR MILE,RD,,38.97537311,-84.36476037,1.668,2/13/2023 0:00,917,2,2,0,0,O,CLEAR,DRY,0,1 VEHICLE ENTERING/LEAVING ENTRANCE,ANGLE,STRAIGHT & LEVEL,DAYLIGHT,0,0,0,1
31229560,CAMPBELL,,OTHR,1014,ANN,ST,,39.08471274,-84.49240442,0.34,2/13/2023 0:00,700,2,2,0,0,O,CLEAR,DRY,1,1 VEHICLE PARKED POSITION (NOT PARKING LOT/DRIVEWAY),SIDESWIPE-SAME DIRECTION,STRAIGHT & LEVEL,DAYLIGHT,0,0,0,1
31229562,CAMPBELL,KY0009,StateRoute,717,CENTRAL,AVE,,39.0882182,-84.49665089,22.854,2/13/2023 0:00,1318,2,2,0,0,O,CLEAR,DRY,1,1 VEHICLE PARKED POSITION (NOT PARKING LOT/DRIVEWAY),SIDESWIPE-SAME DIRECTION,STRAIGHT & LEVEL,DAYLIGHT,0,0,0,1
31239163,CAMPBELL,,OTHR,,TAYLOR,AVE,,39.10275757,-84.48074692,0.386,2/13/2023 0:00,1152,1,1,0,0,O,CLEAR,DRY,0,OTHER INTERSECTION COLLISIONS,SINGLE VEHICLE,STRAIGHT & LEVEL,DAYLIGHT,1,0,0,1
31295461,CAMPBELL,KY0009,StateRoute,,AA,HWY,,38.98053954,-84.37436854,10.891,2/13/2023 0:00,859,2,2,0,2,A,CLEAR,DRY,0,ANGLE COLLISION - OTHER,ANGLE,STRAIGHT & GRADE,DAYLIGHT,0,0,0,1
31238037,CAMPBELL,US0027,USRoute,,ALEXANDRIA,PIKE,,38.96911956,-84.3929038,10.848,2/13/2023 0:00,1544,2,2,0,0,O,CLEAR,DRY,0,ANGLE COLLISION - OTHER,ANGLE,STRAIGHT & LEVEL,DAYLIGHT,0,0,0,1
31229866,CAMPBELL,,OTHR,,NEWPORT PAVILION,,,39.08840771,-84.47569827,0.43,2/13/2023 0:00,1540,2,2,0,1,C,CLEAR,DRY,0,ANGLE COLLISION - ONE VEHICLE TURNING LEFT,ANGLE,STRAIGHT & LEVEL,DAYLIGHT,0,0,0,1
31237424,CAMPBELL,KY1892,StateRoute,40,GRAND,AVE,N,39.07765229,-84.4634773,,2/14/2023 0:00,1710,2,2,0,0,O,CLOUDY,DRY,0,1 VEHICLE PARKED POSITION (NOT PARKING LOT/DRIVEWAY),ANGLE,CURVE & LEVEL,DAYLIGHT,0,0,0,1
32073660,CAMPBELL,KY0547,StateRoute,8225,RILEY,RD,,38.96292419,-84.38005166,0.39,2/14/2023 0:00,1726,1,1,0,1,B,CLOUDY,DRY,0,COLLISION WITH FIXED OBJECT NON - INTERSECTION - FIRST EVENT COLLISION 09 - 32 EXCLUDING 16,SINGLE VEHICLE,CURVE & HILLCREST,DAYLIGHT,0,0,0,1
31242715,CAMPBELL,KY1892,StateRoute,,GRAND,AVE,N,39.079649,-84.46659787,1.369,2/14/2023 0:00,749,2,2,0,0,O,CLEAR,DRY,0,HEAD-ON COLLISION,HEAD ON,STRAIGHT & LEVEL,DAYLIGHT,0,0,0,1
31239977,CAMPBELL,KY1998,StateRoute,,INDUSTRIAL,RD,,39.04411399,-84.42056058,3.88,2/14/2023 0:00,1439,2,2,0,0,O,CLEAR,DRY,0,REAR END IN TRAFFIC LANES BOTH VEHICLES MOVING,REAR END,STRAIGHT & LEVEL,DAYLIGHT,0,0,0,1
31236333,CAMPBELL,US0027,USRoute,,3RD,ST,E,39.09368769,-84.49689962,22.252,2/14/2023 0:00,1747,2,2,0,0,O,CLEAR,DRY,0,SIDESWIPE COLLISION - SAME DIRECTION,SIDESWIPE-SAME DIRECTION,STRAIGHT & LEVEL,DUSK,0,0,0,1
31236455,CAMPBELL,,OTHR,,GRANDVIEW,AVE,,39.08046347,-84.4900354,0.051,2/14/2023 0:00,2341,1,1,0,0,O,CLEAR,WET,1,OTHER ROADWAY OR MID-BLOCK COLLISION,SINGLE VEHICLE,STRAIGHT & LEVEL,DARK-HWY LIGHTED/ON,0,0,0,1
31252332,CAMPBELL,I 0471,Interstate,,,,,39.09192056,-84.47607069,0.214,2/15/2023 0:00,1701,1,1,0,1,B,CLOUDY,DRY,0,OTHER RAMP RELATED COLLISIONS NOT LISTED ABOVE,SINGLE VEHICLE,STRAIGHT & GRADE,DAYLIGHT,0,0,0,1
31272755,CAMPBELL,KY0008,StateRoute,,FAIRFIELD,AVE,,39.10260576,-84.48773197,1.52,2/15/2023 0:00,1038,2,2,0,0,O,CLEAR,DRY,1,1 VEHICLE ENTERING/LEAVING ENTRANCE,ANGLE,STRAIGHT & LEVEL,DAYLIGHT,0,0,0,1
31246495,CAMPBELL,,OTHR,375,CROSSROADS,BLVD,,39.00463338,-84.41794393,0.395,2/15/2023 0:00,1415,2,2,0,0,O,CLEAR,DRY,0,VEHICLE BACKING NON INTERSECTION,BACKING,STRAIGHT & LEVEL,DAYLIGHT,0,0,0,1
31300869,CAMPBELL,,OTHR,,RIVIERA,DR,,39.10054928,-84.48742484,0.066,2/15/2023 0:00,1202,1,1,0,0,O,CLEAR,DRY,0,OTHER COLLISIONS ON SHOULDER,SINGLE VEHICLE,STRAIGHT & LEVEL,DAYLIGHT,0,0,0,1
31239982,CAMPBELL,,OTHR,,11TH,ST,E,39.08619297,-84.48742534,0.005,2/15/2023 0:00,629,3,3,0,0,O,CLEAR,DRY,1,REAR END - ONE VEHICLE TURNING LEFT,REAR END,STRAIGHT & HILLCREST,DARK-HWY LIGHTED/ON,0,0,0,1
31239415,CAMPBELL,KY1120,StateRoute,12,10TH,ST,E,39.0864017,-84.4903056,0.693,2/15/2023 0:00,1219,2,2,0,0,O,CLEAR,DRY,0,1 VEHICLE PARKED POSITION (NOT PARKING LOT/DRIVEWAY),SIDESWIPE-SAME DIRECTION,STRAIGHT & LEVEL,DAYLIGHT,0,0,0,1
31254956,CAMPBELL,KY0547,StateRoute,,FOUR MILE,RD,,39.01897981,-84.37798048,5.016,2/16/2023 0:00,930,2,2,0,0,O,RAINING,WET,0,SIDESWIPE-SAME DIRECTION,SIDESWIPE-SAME DIRECTION,STRAIGHT & LEVEL,DAYLIGHT,0,0,0,1
31246685,CAMPBELL,KY1892,StateRoute,,GRAND,AVE,,39.08491596,-84.47381553,1.927,2/16/2023 0:00,1740,2,2,0,0,O,CLOUDY,WET,0,REAR END IN TRAFFIC LANES BOTH VEHICLES MOVING,REAR END,STRAIGHT & LEVEL,DAYLIGHT,0,0,0,1
31256607,CAMPBELL,,OTHR,,PATCHEN,AVE,,39.10286635,-84.4874155,0.001,2/16/2023 0:00,1647,2,2,0,0,O,CLOUDY,WET,0,REAR END IN TRAFFIC LANES BOTH VEHICLES MOVING,REAR END,STRAIGHT & GRADE,DAYLIGHT,0,0,0,1
31245224,CAMPBELL,I 0471,Interstate,,I471 N,,,39.10090967,-84.49526627,4.966,2/16/2023 0:00,814,2,2,0,0,O,RAINING,WET,0,REAR END IN TRAFFIC LANES BOTH VEHICLES MOVING,REAR END,STRAIGHT & LEVEL,DAYLIGHT,0,0,0,1
31243321,CAMPBELL,I 0471,Interstate,,I471 SB,,,39.06231198,-84.46870754,1.404,2/16/2023 0:00,752,1,1,0,0,O,RAINING,WET,0,OTHER COLLISIONS ON SHOULDER,SINGLE VEHICLE,CURVE & LEVEL,DAYLIGHT,0,0,0,1
31245225,CAMPBELL,KY1892,StateRoute,61,CAROTHERS,RD,,39.08521092,-84.48043782,2.352,2/16/2023 0:00,1510,2,2,0,0,O,RAINING,WET,0,1 VEHICLE ENTERING/LEAVING ENTRANCE,ANGLE,STRAIGHT & GRADE,DAYLIGHT,0,0,0,1
31270069,CAMPBELL,I 0471,Interstate,,I471 NB,,,39.06044101,-84.46926505,1.265,2/16/2023 0:00,750,3,3,0,1,C,RAINING,WET,0,OTHER ROADWAY OR MID-BLOCK COLLISION,REAR END,STRAIGHT & LEVEL,DARK-HWY LIGHTED/ON,0,0,0,1
31300870,CAMPBELL,KY0008,StateRoute,,FAIRFIELD,AVE,,39.10560699,-84.48413024,1.805,2/16/2023 0:00,1207,2,2,0,0,O,CLOUDY,WET,0,OTHER ROADWAY OR MID-BLOCK COLLISION,REAR END,STRAIGHT & LEVEL,DAYLIGHT,0,0,0,1
31258155,CAMPBELL,US0027,USRoute,,ALEXANDRIA,PIKE,,39.03649174,-84.45420075,16.7,2/17/2023 0:00,2237,2,2,0,0,O,CLEAR,DRY,0,REAR END IN TRAFFIC LANES BOTH VEHICLES MOVING,REAR END,STRAIGHT & LEVEL,DARK-HWY LIGHTED/ON,0,0,0,1
31326975,CAMPBELL,US0027,USRoute,2500,ALEXANDRIA,PIKE,,39.03697577,-84.45387303,16.729,2/17/2023 0:00,816,2,2,0,0,O,CLOUDY,DRY,0,REAR END IN TRAFFIC LANES BOTH VEHICLES MOVING,REAR END,STRAIGHT & GRADE,DAYLIGHT,0,0,0,1
31249136,CAMPBELL,,OTHR,,WASHINGTON,ST,,38.96381426,-84.39155319,0.086,2/17/2023 0:00,659,2,2,0,0,O,CLOUDY,DRY,0,ANGLE COLLISION - OTHER,ANGLE,STRAIGHT & LEVEL,DARK-HWY LIGHTED/ON,0,0,0,1
31248910,CAMPBELL,,OTHR,600,BRIGHTON,ST,,39.08665048,-84.50119122,0.56,2/17/2023 0:00,900,2,2,0,0,O,CLEAR,DRY,0,1 VEHICLE PARKED POSITION (NOT PARKING LOT/DRIVEWAY),SIDESWIPE-SAME DIRECTION,STRAIGHT & LEVEL,DAYLIGHT,0,0,0,1
31255821,CAMPBELL,KY0008,StateRoute,212,6TH,AVE,,39.11119261,-84.47659898,2.359,2/17/2023 0:00,1458,3,3,0,0,O,CLEAR,DRY,0,1 VEHICLE PARKED POSITION (NOT PARKING LOT/DRIVEWAY),SIDESWIPE-SAME DIRECTION,STRAIGHT & LEVEL,DAYLIGHT,0,0,0,1
31258678,CAMPBELL,KY0009,StateRoute,,AA,HWY,,39.0098037,-84.46889914,16.529,2/17/2023 0:00,2010,2,2,0,0,O,CLEAR,DRY,1,OTHER INTERSECTION COLLISIONS,REAR END,STRAIGHT & LEVEL,DARK-HWY NOT LIGHTED,1,0,0,1
31266794,CAMPBELL,,OTHR,600,MAIN,ST,,39.11353545,-84.46834439,0.215,2/18/2023 0:00,1116,2,2,0,0,O,CLEAR,DRY,0,1 VEHICLE PARKED POSITION (NOT PARKING LOT/DRIVEWAY),REAR END,STRAIGHT & GRADE,DAYLIGHT,0,0,0,1
31258681,CAMPBELL,,OTHR,,TOWN,DR,,39.01764833,-84.48097596,0.051,2/18/2023 0:00,1220,2,2,0,0,O,CLEAR,DRY,0,OPPOSING LEFT TURN,OPPOSING LEFT TURN,STRAIGHT & LEVEL,DAYLIGHT,0,0,0,1
31258679,CAMPBELL,KY0009,StateRoute,,AA,HWY,,39.00976684,-84.46942804,16.555,2/18/2023 0:00,1734,2,2,0,0,O,CLEAR,DRY,0,OPPOSING LEFT TURN,OPPOSING LEFT TURN,STRAIGHT & LEVEL,DAYLIGHT,0,0,0,1
31252334,CAMPBELL,US0027,USRoute,1930,MONMOUTH,ST,,39.07981915,-84.48114397,20.897,2/18/2023 0:00,1615,2,2,0,0,O,CLEAR,DRY,0,OTHER ROADWAY OR MID-BLOCK COLLISION,OPPOSING LEFT TURN,STRAIGHT & GRADE,DAYLIGHT,0,0,0,1
31272430,CAMPBELL,KY0915,StateRoute,,LICKING,PIKE,,38.99423143,-84.43273913,7.038,2/19/2023 0:00,210,1,1,0,0,O,CLEAR,DRY,0,OTHER INTERSECTION COLLISIONS,SINGLE VEHICLE,CURVE & LEVEL,DARK-HWY NOT LIGHTED,1,0,0,1
31258072,CAMPBELL,US0027,USRoute,,ALEXANDRIA,PIKE,,38.99928884,-84.41876397,13.488,2/19/2023 0:00,1350,2,2,0,0,O,CLEAR,DRY,0,OTHER ROADWAY OR MID-BLOCK COLLISION,REAR END,STRAIGHT & LEVEL,DAYLIGHT,0,0,0,1
31265910,CAMPBELL,,OTHR,,KENTON,DR,,39.03622979,-84.46263855,0.663,2/20/2023 0:00,1412,2,2,0,0,O,CLEAR,DRY,0,OTHER ROADWAY OR MID-BLOCK COLLISION,REAR END,STRAIGHT & GRADE,DAYLIGHT,0,0,0,1
31260846,CAMPBELL,I 0471,Interstate,,,,,39.08825049,-84.47485625,,2/20/2023 0:00,1311,1,1,0,1,C,CLOUDY,DRY,0,COLLISION WITH FIXED OBJECT NOT IN GORE ,SINGLE VEHICLE,STRAIGHT & LEVEL,DAYLIGHT,0,0,0,1
31260867,CAMPBELL,KY1120,StateRoute,,MEMORIAL,PKWY,,39.09415366,-84.47434141,1.781,2/20/2023 0:00,1609,2,2,0,0,O,CLEAR,DRY,0,SIDESWIPE COLLISION - SAME DIRECTION,SIDESWIPE-SAME DIRECTION,STRAIGHT & LEVEL,DAYLIGHT,0,0,0,1
31263886,CAMPBELL,US0027,USRoute,,ALEXANDRIA,PIKE,,39.03666319,-84.45407345,16.716,2/20/2023 0:00,805,2,2,0,0,O,CLOUDY,DRY,0,REAR END IN TRAFFIC LANES BOTH VEHICLES MOVING,REAR END,STRAIGHT & LEVEL,DAYLIGHT,0,0,0,1
31257189,CAMPBELL,,OTHR,1126,ANN,ST,,39.08335134,-84.4912107,0.454,2/20/2023 0:00,115,2,2,0,0,O,CLEAR,DRY,1,1 VEHICLE PARKED POSITION (NOT PARKING LOT/DRIVEWAY),SIDESWIPE-SAME DIRECTION,STRAIGHT & LEVEL,DARK-HWY NOT LIGHTED,0,0,0,1