IncidentID,County,RdwyNumber,RdwyType,Street,RoadwayName,StreetSfx,StreetDir,Latitude,Longitude,Milepoint,CollisionDate,CollisionTime,UnitsInvolved,MotorVehiclesInvolved,NumberKilled,NumberInjured,KABCO,Weather,RdwyConditionCode,HitandRun,DirAnalysisCode,MannerofCollision,RdwyCharacter,LightCondition,Intersection Crash,Bicyclist,Pedestrian,Motor Vehicles
31275417,CAMPBELL,US0027,USRoute,,ALEXANDRIA,PIKE,,38.88015557,-84.388889,4.576,2/20/2023 0:00,1848,1,1,0,0,O,RAINING,WET,0,COLLISION WITH ANIMAL NON INTERSECTION,SINGLE VEHICLE,STRAIGHT & GRADE,DARK-HWY LIGHTED/ON,0,0,0,1
31275418,CAMPBELL,KY0735,StateRoute,9300,SMITH,RD,,38.88894207,-84.25350851,0.697,2/20/2023 0:00,1930,1,1,0,0,O,RAINING,WET,0,COLLISION WITH FIXED OBJECT NON - INTERSECTION - FIRST EVENT COLLISION 09 - 32 EXCLUDING 16,SINGLE VEHICLE,STRAIGHT & LEVEL,DARK-HWY LIGHTED/ON,0,0,0,1
31267176,CAMPBELL,US0027,USRoute,,ALEXANDRIA,PIKE,,38.8617181,-84.39018121,3.169,2/20/2023 0:00,620,1,1,0,0,O,CLOUDY,DRY,0,COLLISION WITH FIXED OBJECT NON - INTERSECTION - FIRST EVENT COLLISION 09 - 32 EXCLUDING 16,SINGLE VEHICLE,STRAIGHT & LEVEL,DARK (UNKNOWN ROADWAY LIGHTING),0,0,0,1
31321195,CAMPBELL,I 0275,Interstate,,I275 E,,,39.04381851,-84.46720163,75.379,2/21/2023 0:00,1902,2,2,0,0,O,CLEAR,DRY,0,SIDESWIPE-SAME DIRECTION,SIDESWIPE-SAME DIRECTION,STRAIGHT & LEVEL,DARK-HWY LIGHTED/ON,0,0,0,1
31271439,CAMPBELL,KY1892,StateRoute,,GRAND,AVE,,39.08635693,-84.47720854,2.15,2/21/2023 0:00,1506,2,2,0,0,O,CLEAR,DRY,1,VEHICLE BACKING IN INTERSECTION,BACKING,STRAIGHT & GRADE,DAYLIGHT,1,0,0,1
31265914,CAMPBELL,,OTHR,,BRIGHTON,ST,,39.08066622,-84.4957197,0.052,2/21/2023 0:00,742,2,2,0,0,O,CLEAR,DRY,0,ANGLE COLLISION - OTHER,ANGLE,STRAIGHT & LEVEL,DAYLIGHT,0,0,0,1
31271705,CAMPBELL,,OTHR,,KENTUCKY,DR,,39.07436285,-84.48307341,0.351,2/21/2023 0:00,1736,2,2,0,0,O,CLEAR,DRY,0,COLLISION WITH PARKED VEHICLE,SIDESWIPE-SAME DIRECTION,STRAIGHT & LEVEL,DAYLIGHT,0,0,0,1
31300871,CAMPBELL,,OTHR,,WILSON,RD,,39.09375625,-84.47636137,0.053,2/21/2023 0:00,1708,2,2,0,0,O,CLEAR,DRY,0,ANGLE COLLISION - ONE VEHICLE TURNING LEFT,ANGLE,STRAIGHT & GRADE,DAYLIGHT,0,0,0,1
31271513,CAMPBELL,,OTHR,,NEWPORT PAVILION,,,39.08699878,-84.4770006,0.554,2/21/2023 0:00,1659,2,2,0,0,O,CLEAR,DRY,1,1 VEHICLE ENTERING/LEAVING ENTRANCE,ANGLE,STRAIGHT & LEVEL,DAYLIGHT,0,0,0,1
31267678,CAMPBELL,,OTHR,,CENTRAL,AVE,,39.09183564,-84.4999251,0.09,2/21/2023 0:00,1748,2,2,0,0,O,CLEAR,DRY,0,1 VEHICLE ENTERING/LEAVING ENTRANCE,ANGLE,STRAIGHT & LEVEL,DAYLIGHT,0,0,0,1
31270010,CAMPBELL,I 0471,Interstate,,I471 NB,,,39.05151121,-84.46681326,0.611,2/21/2023 0:00,1545,2,2,0,0,O,CLEAR,DRY,0,1 VEHICLE ENTERING/LEAVING ENTRANCE,ANGLE,STRAIGHT & LEVEL,DAYLIGHT,0,0,0,1
31271512,CAMPBELL,,OTHR,,CHESAPEAKE,AVE,,39.08839591,-84.4755325,0.202,2/21/2023 0:00,1559,2,2,0,0,O,CLEAR,DRY,0,SIDESWIPE COLLISION - SAME DIRECTION,SIDESWIPE-SAME DIRECTION,STRAIGHT & LEVEL,DAYLIGHT,0,0,0,1
31268993,CAMPBELL,KY0471,StateRoute,,KY471,,,39.03714749,-84.45412259,0.015,2/21/2023 0:00,1442,2,2,0,0,O,CLEAR,DRY,0,OTHER ROADWAY OR MID-BLOCK COLLISION,REAR END,STRAIGHT & LEVEL,DAYLIGHT,0,0,0,1
31272775,CAMPBELL,KY0008,StateRoute,,FAIRFIELD,AVE,,39.10193625,-84.48848719,1.459,2/22/2023 0:00,1328,2,2,0,0,O,CLOUDY,DRY,0,OTHER INTERSECTION COLLISIONS,REAR END,STRAIGHT & LEVEL,DAYLIGHT,1,0,0,1
31289974,CAMPBELL,,OTHR,81,WINDING,WAY,,39.09126895,-84.45874414,0.189,2/22/2023 0:00,720,2,2,0,0,O,CLEAR,DRY,0,1 VEHICLE PARKED POSITION (NOT PARKING LOT/DRIVEWAY),SIDESWIPE-OPPOSITE DIRECTION,STRAIGHT & GRADE,DAYLIGHT,0,0,0,1
31287480,CAMPBELL,US0027,USRoute,2700,ALEXANDRIA,PIKE,,39.03370426,-84.45324103,16.504,2/23/2023 0:00,654,2,2,0,0,O,CLEAR,DRY,0,OTHER ROADWAY OR MID-BLOCK COLLISION,OPPOSING LEFT TURN,STRAIGHT & GRADE,DAWN,0,0,0,1
31276202,CAMPBELL,I 0471,Interstate,,I471 N,,,39.09954552,-84.49262771,4.794,2/23/2023 0:00,825,2,2,0,0,O,CLEAR,DRY,0,REAR END IN TRAFFIC LANES BOTH VEHICLES MOVING,REAR END,CURVE & HILLCREST,DAYLIGHT,0,0,0,1
31282553,CAMPBELL,US0027,USRoute,5710,ALEXANDRIA,PIKE,,38.996993,-84.41669399,13.3,2/23/2023 0:00,1722,2,2,0,1,A,CLEAR,DRY,0,1 VEHICLE ENTERING/LEAVING ENTRANCE,ANGLE,STRAIGHT & GRADE,DAYLIGHT,0,0,0,1
31289977,CAMPBELL,,OTHR,10,MAJESTIC,DR,,39.09825673,-84.46150439,0.038,2/23/2023 0:00,2014,2,2,0,0,O,CLOUDY,DRY,1,1 VEHICLE PARKED POSITION (NOT PARKING LOT/DRIVEWAY),HEAD ON,STRAIGHT & GRADE,DUSK,0,0,0,1
31276542,CAMPBELL,,OTHR,,NEWPORT PAVILION,,,39.08841721,-84.47570284,0.433,2/23/2023 0:00,1508,2,2,0,1,C,CLEAR,DRY,0,OTHER INTERSECTION COLLISIONS,REAR END,STRAIGHT & LEVEL,DAYLIGHT,1,0,0,1
31278037,CAMPBELL,KY0009,StateRoute,,LICKING,PIKE,,39.07553329,-84.49480967,21.74,2/23/2023 0:00,1757,2,2,0,0,O,CLOUDY,DRY,0,OTHER INTERSECTION COLLISIONS,REAR END,STRAIGHT & LEVEL,DUSK,1,0,0,1
31291188,CAMPBELL,US0027,USRoute,,ALEXANDRIA,PIKE,,38.96466704,-84.39291504,10.521,2/23/2023 0:00,1635,2,2,0,0,O,CLEAR,DRY,0,OTHER INTERSECTION COLLISIONS,REAR END,STRAIGHT & LEVEL,DAYLIGHT,1,0,0,1
31276197,CAMPBELL,KY1892,StateRoute,61,CAROTHERS,RD,,39.08462648,-84.48168302,2.433,2/23/2023 0:00,1135,2,1,0,1,B,CLEAR,DRY,0,COLLISION WITH PEDESTRIAN NON - INTERSECTION,SINGLE VEHICLE,STRAIGHT & HILLCREST,DAYLIGHT,0,0,1,0
31281193,CAMPBELL,,OTHR,501,5TH,ST,E,39.092231,-84.49404335,0.014,2/24/2023 0:00,1624,2,2,0,0,O,CLEAR,DRY,1,1 VEHICLE PARKED POSITION (NOT PARKING LOT/DRIVEWAY),,STRAIGHT & LEVEL,DAYLIGHT,0,0,0,1
31282650,CAMPBELL,KY0008,StateRoute,4489,MARY INGLES,HWY,,39.04462549,-84.42202914,8.975,2/24/2023 0:00,437,1,1,0,0,O,CLEAR,DRY,0,RAN OFF ROADWAY (1 VEHICLE WITH/EARTH EMBANKMENT/DITCH),SINGLE VEHICLE,CURVE & LEVEL,DARK-HWY LIGHTED/ON,0,0,0,1
31280770,CAMPBELL,KY1632,StateRoute,,KY1632 TURN LANE,,,39.06829856,-84.46663509,0.019,2/24/2023 0:00,809,2,2,0,0,O,CLEAR,DRY,0,REAR END IN TRAFFIC LANES BOTH VEHICLES MOVING,REAR END,CURVE & HILLCREST,DAYLIGHT,0,0,0,1
31285999,CAMPBELL,,OTHR,,NEWPORT PAVILION,,,39.08690853,-84.47705487,0.561,2/25/2023 0:00,1541,2,2,0,0,O,CLEAR,DRY,0,OTHER ROADWAY OR MID-BLOCK COLLISION,OPPOSING LEFT TURN,STRAIGHT & LEVEL,DAYLIGHT,0,0,0,1
31283430,CAMPBELL,I 0471,Interstate,,I471 SB,,,39.05411106,-84.46936364,0.804,2/25/2023 0:00,1005,2,2,0,0,O,CLOUDY,DRY,1,SIDESWIPE COLLISION - SAME DIRECTION,SIDESWIPE-SAME DIRECTION,CURVE & LEVEL,DAYLIGHT,0,0,0,1
31285592,CAMPBELL,KY0008,StateRoute,,3RD,ST,E,39.09502323,-84.49449127,0.733,2/25/2023 0:00,2302,2,2,0,0,O,CLEAR,DRY,1,SIDESWIPE COLLISION - SAME DIRECTION,SIDESWIPE-SAME DIRECTION,STRAIGHT & LEVEL,DARK-HWY LIGHTED/ON,0,0,0,1
31295215,CAMPBELL,,OTHR,130,BONNIE LESLIE,AVE,,39.09544511,-84.47552139,0.255,2/25/2023 0:00,730,2,2,0,0,O,RAINING,WET,1,1 VEHICLE PARKED POSITION (NOT PARKING LOT/DRIVEWAY),SIDESWIPE-SAME DIRECTION,STRAIGHT & GRADE,DAYLIGHT,0,0,0,1
31285593,CAMPBELL,KY1120,StateRoute,,11TH,ST,W,39.08273616,-84.49365145,0.399,2/25/2023 0:00,1809,2,2,0,0,O,CLEAR,DRY,0,OTHER INTERSECTION COLLISIONS,REAR END,STRAIGHT & LEVEL,DAYLIGHT,1,0,0,1
31289765,CAMPBELL,KY0009,StateRoute,,AA,HWY,,39.01839334,-84.48030511,17.414,2/25/2023 0:00,1144,3,3,0,1,C,CLEAR,DRY,0,ANGLE COLLISION - OTHER,ANGLE,STRAIGHT & LEVEL,DAYLIGHT,0,0,0,1
31293140,CAMPBELL,KY0008,StateRoute,,DAVE COWENS,DR,,39.10181162,-84.4886739,1.446,2/25/2023 0:00,2159,2,2,0,0,O,CLEAR,DRY,1,SIDESWIPE-SAME DIRECTION,SIDESWIPE-SAME DIRECTION,STRAIGHT & LEVEL,DARK-HWY LIGHTED/ON,0,0,0,1
31285595,CAMPBELL,US0027,USRoute,,MONMOUTH,ST,,39.09359469,-84.49531757,22.134,2/25/2023 0:00,2203,2,2,0,0,O,CLEAR,DRY,0,SIDESWIPE-SAME DIRECTION,SIDESWIPE-SAME DIRECTION,STRAIGHT & GRADE,DARK-HWY LIGHTED/ON,0,0,0,1
31294445,CAMPBELL,,OTHR,,5TH,ST,E,39.09388704,-84.49159284,0.171,2/27/2023 0:00,2144,2,2,0,0,O,CLEAR,DRY,0,ANGLE COLLISION - OTHER,ANGLE,STRAIGHT & LEVEL,DARK-HWY LIGHTED/ON,0,0,0,1
31294374,CAMPBELL,US0027,USRoute,,MONMOUTH,ST,,39.09033268,-84.49233959,21.855,2/27/2023 0:00,1840,2,2,0,0,O,CLOUDY,DRY,0,OTHER INTERSECTION COLLISIONS,REAR END,STRAIGHT & LEVEL,DUSK,1,0,0,1
31293040,CAMPBELL,,OTHR,,9TH,ST,E,39.09078925,-84.48571377,0.342,2/27/2023 0:00,1855,2,2,0,0,O,CLEAR,DRY,1,1 VEHICLE PARKED POSITION (NOT PARKING LOT/DRIVEWAY),SIDESWIPE-SAME DIRECTION,STRAIGHT & LEVEL,DAYLIGHT,0,0,0,1
31293141,CAMPBELL,,OTHR,,NEWPORT PAVILION,,,39.0884518,-84.47568092,0.431,2/27/2023 0:00,1900,3,3,0,0,O,CLEAR,DRY,1,SIDESWIPE COLLISION - SAME DIRECTION,SIDESWIPE-SAME DIRECTION,STRAIGHT & LEVEL,DARK-HWY LIGHTED/ON,0,0,0,1
31304623,CAMPBELL,,OTHR,1016,DAVJO,DR,,39.00680495,-84.42676655,0.023,2/28/2023 0:00,1456,2,2,0,0,O,CLEAR,DRY,0,1 VEHICLE ENTERING/LEAVING ENTRANCE,ANGLE,STRAIGHT & HILLCREST,DAYLIGHT,0,0,0,1
31303600,CAMPBELL,US0027,USRoute,,MONMOUTH,ST,,39.09026707,-84.49238591,21.853,2/28/2023 0:00,1715,2,2,0,0,O,CLEAR,DRY,0,OTHER INTERSECTION COLLISIONS,REAR END,STRAIGHT & LEVEL,DAYLIGHT,1,0,0,1
31301002,CAMPBELL,US0027,USRoute,,ALEXANDRIA,PIKE,,39.06268343,-84.45284481,18.836,2/28/2023 0:00,1552,2,2,0,0,O,CLEAR,DRY,0,ANGLE COLLISION - ONE VEHICLE TURNING LEFT,ANGLE,STRAIGHT & GRADE,DAYLIGHT,0,0,0,1
31320587,CAMPBELL,KY0009,StateRoute,,AA,HWY,,39.02125848,-84.48137746,17.63,2/28/2023 0:00,1629,2,2,0,0,O,CLEAR,DRY,0,ANGLE COLLISION - ONE VEHICLE TURNING LEFT,ANGLE,STRAIGHT & LEVEL,DAYLIGHT,0,0,0,1
31305140,CAMPBELL,,OTHR,,KENTUCKY,DR,,39.0784796,-84.4799926,0.957,3/1/2023 0:00,1946,3,1,0,2,B,RAINING,WET,0,COLLISION WITH PEDESTRIAN IN INTERSECTION,SINGLE VEHICLE,STRAIGHT & LEVEL,DARK-HWY NOT LIGHTED,1,0,1,0
31362957,CAMPBELL,US0027,USRoute,,ALEXANDRIA,PIKE,,38.95772331,-84.39301964,10.043,3/1/2023 0:00,1730,2,2,0,2,A,CLEAR,DRY,0,OPPOSING LEFT TURN,OPPOSING LEFT TURN,STRAIGHT & LEVEL,DAYLIGHT,0,0,0,1
31306526,CAMPBELL,KY0008,StateRoute,616,MARY INGLES,HWY,,39.08072808,-84.43851739,6.206,3/1/2023 0:00,837,1,1,1,0,K,CLEAR,DRY,0,RAN OFF ROADWAY (1 VEHICLE WITH/EARTH EMBANKMENT/DITCH),SINGLE VEHICLE,STRAIGHT & LEVEL,DAWN,0,0,0,1
31311237,CAMPBELL,,OTHR,1410,FT THOMAS,AVE,N,39.09382445,-84.44859297,1.012,3/1/2023 0:00,1506,2,2,0,0,O,CLEAR,DRY,0,1 VEHICLE PARKED POSITION (NOT PARKING LOT/DRIVEWAY),SIDESWIPE-SAME DIRECTION,CURVE & LEVEL,DAYLIGHT,0,0,0,1
31306393,CAMPBELL,,OTHR,106,DALE,RD,,39.04528105,-84.44818692,0.045,3/1/2023 0:00,800,2,2,0,0,O,CLEAR,DRY,0,1 VEHICLE PARKED POSITION (NOT PARKING LOT/DRIVEWAY),BACKING,CURVE & GRADE,DAYLIGHT,0,0,0,1
31321494,CAMPBELL,,OTHR,7752,E TIMBERCREEK,,,38.97405024,-84.37685904,,3/1/2023 0:00,701,2,2,0,0,O,CLEAR,DRY,0,SIDESWIPE COLLISION - SAME DIRECTION,SIDESWIPE-SAME DIRECTION,STRAIGHT & LEVEL,DAYLIGHT,0,0,0,1
31303604,CAMPBELL,US0027,USRoute,,MONMOUTH,ST,,39.08697934,-84.48838315,21.541,3/1/2023 0:00,1344,2,2,0,0,O,CLEAR,DRY,0,1 VEHICLE ENTERING/LEAVING ENTRANCE,ANGLE,STRAIGHT & LEVEL,DAYLIGHT,0,0,0,1
31892472,CAMPBELL,,OTHR,1902,19TH,ST,,39.08001578,-84.48129529,,3/1/2023 0:00,1600,4,1,0,4,A,CLOUDY,DRY,0,1 VEHICLE ENTERING/LEAVING ENTRANCE,ANGLE,STRAIGHT & LEVEL,DAYLIGHT,0,0,0,1
31320590,CAMPBELL,KY0009,StateRoute,,LICKING,PIKE,,39.02371002,-84.48081953,17.819,3/1/2023 0:00,1936,2,2,0,0,O,RAINING,WET,0,REAR END IN TRAFFIC LANES BOTH VEHICLES MOVING,REAR END,STRAIGHT & LEVEL,DARK-HWY LIGHTED/OFF,0,0,0,1
31304546,CAMPBELL,US0027,USRoute,,,,,39.00065878,-84.4206069,0.525,3/1/2023 0:00,823,2,2,0,0,O,CLEAR,DRY,0,OTHER RAMP RELATED COLLISIONS NOT LISTED ABOVE,REAR END,STRAIGHT & LEVEL,DAYLIGHT,0,0,0,1
31306530,CAMPBELL,,OTHR,,BLOSSOM,LN,,39.06189509,-84.45849345,0.102,3/2/2023 0:00,50,1,1,0,0,O,CLEAR,DRY,0,OTHER ROADWAY OR MID-BLOCK COLLISION,SINGLE VEHICLE,STRAIGHT & LEVEL,DARK-HWY NOT LIGHTED,0,0,0,1
31310622,CAMPBELL,US0027,USRoute,,ALEXANDRIA,PIKE,,39.06742935,-84.4660122,19.642,3/2/2023 0:00,1616,2,2,0,0,O,CLEAR,DRY,0,OTHER ROADWAY OR MID-BLOCK COLLISION,OPPOSING LEFT TURN,STRAIGHT & LEVEL,DAYLIGHT,0,0,0,1
31312135,CAMPBELL,KY1121,StateRoute,,PERSIMMON GROVE,PIKE,,38.9084236,-84.34742272,5.892,3/2/2023 0:00,717,1,1,0,0,O,CLOUDY,WET,0,OTHER COLLISIONS ON SHOULDER,SINGLE VEHICLE,CURVE & GRADE,DAYLIGHT,0,0,0,1
31311273,CAMPBELL,I 0471,Interstate,,I471 S,,,39.07409431,-84.46594381,2.388,3/2/2023 0:00,1332,2,2,0,0,O,CLEAR,DRY,0,SIDESWIPE COLLISION - OPPOSITE DIRECTION,SIDESWIPE-OPPOSITE DIRECTION,STRAIGHT & LEVEL,DAYLIGHT,0,0,0,1
31360977,CAMPBELL,KY0009,StateRoute,,AA,HWY,,38.91298086,-84.28284971,3.904,3/2/2023 0:00,2018,2,2,0,1,C,CLEAR,DRY,0,ANGLE COLLISION - OTHER,ANGLE,STRAIGHT & LEVEL,DARK-HWY NOT LIGHTED,0,0,0,1
31331138,CAMPBELL,KY0008,StateRoute,,FAIRFIELD,AVE,,39.10681324,-84.48263262,1.919,3/3/2023 0:00,2112,2,2,0,0,O,CLEAR,DRY,0,SIDESWIPE-SAME DIRECTION,SIDESWIPE-SAME DIRECTION,STRAIGHT & LEVEL,DARK-HWY LIGHTED/ON,0,0,0,1
31327763,CAMPBELL,KY1120,StateRoute,10,11TH,ST,W,39.08484988,-84.48973621,0.655,3/3/2023 0:00,1400,1,1,0,1,C,RAINING,WET,0,COLLISION WITH FIXED OBJECT NON - INTERSECTION - FIRST EVENT COLLISION 09 - 32 EXCLUDING 16,SINGLE VEHICLE,STRAIGHT & LEVEL,DAYLIGHT,0,0,0,1
31321742,CAMPBELL,KY0009,StateRoute,44,LICKING,PIKE,,39.07437125,-84.49373774,21.63,3/3/2023 0:00,1640,1,1,0,0,O,RAINING,WATER (STANDING OR MOVING),0,COLLISION WITH FIXED OBJECT NON - INTERSECTION - FIRST EVENT COLLISION 09 - 32 EXCLUDING 16,SINGLE VEHICLE,STRAIGHT & LEVEL,DAYLIGHT,0,0,0,1
31352653,CAMPBELL,,OTHR,1251,LICKERT,RD,,38.92607699,-84.38402792,1.13,3/3/2023 0:00,2042,1,1,0,1,B,RAINING,WET,0,COLLISION WITH FIXED OBJECT NON - INTERSECTION - FIRST EVENT COLLISION 09 - 32 EXCLUDING 16,SINGLE VEHICLE,CURVE & HILLCREST,DARK-HWY NOT LIGHTED,0,0,0,1
31310623,CAMPBELL,I 0471,Interstate,,I471 N,,,39.05245837,-84.46803155,0.707,3/3/2023 0:00,9,1,1,0,0,O,CLOUDY,DRY,0,COLLISION WITH ANIMAL NON INTERSECTION,SINGLE VEHICLE,CURVE & LEVEL,DARK-HWY LIGHTED/ON,0,0,0,1
31322219,CAMPBELL,KY0009,StateRoute,,LICKING,PIKE,,39.02760789,-84.48032928,18.079,3/3/2023 0:00,1821,1,1,0,0,O,SEVERE CROSSWINDS,WATER (STANDING OR MOVING),0,COLLISION WITH ANIMAL NON INTERSECTION,SINGLE VEHICLE,STRAIGHT & LEVEL,DARK-HWY LIGHTED/ON,0,0,0,1
31313770,CAMPBELL,I 0275,Interstate,,I275 W,,,39.02279762,-84.48543358,77.356,3/3/2023 0:00,239,1,1,0,0,O,CLOUDY,DRY,0,RAN OFF ROADWAY (1 VEHICLE WITH/EARTH EMBANKMENT/DITCH),SINGLE VEHICLE,CURVE & GRADE,DARK-HWY LIGHTED/ON,0,0,0,1
31352375,CAMPBELL,I 0471,Interstate,,I471 SB,,,39.06164957,-84.46906134,1.35,3/3/2023 0:00,950,1,1,0,0,O,RAINING,WET,0,OTHER COLLISIONS ON SHOULDER,SINGLE VEHICLE,CURVE & LEVEL,DAYLIGHT,0,0,0,1
31315376,CAMPBELL,,OTHR,,NEWPORT PAVILION,,,39.08670095,-84.47721391,0.577,3/4/2023 0:00,1842,2,2,0,0,O,CLEAR,DRY,0,OTHER ROADWAY OR MID-BLOCK COLLISION,REAR END,STRAIGHT & LEVEL,DARK-HWY LIGHTED/ON,0,0,0,1
31322217,CAMPBELL,US0027,USRoute,1800,MONMOUTH,ST,,39.08086328,-84.48170874,20.971,3/4/2023 0:00,1239,2,2,0,0,O,CLEAR,DRY,1,1 VEHICLE ENTERING/LEAVING ENTRANCE,ANGLE,STRAIGHT & LEVEL,DAYLIGHT,0,0,0,1
31321743,CAMPBELL,KY0009,StateRoute,,LICKING,PIKE,,39.02242751,-84.48102344,17.719,3/4/2023 0:00,1333,2,2,0,0,O,CLEAR,DRY,0,REAR END IN TRAFFIC LANES BOTH VEHICLES MOVING,REAR END,STRAIGHT & LEVEL,DAYLIGHT,0,0,0,1
31316249,CAMPBELL,KY2924,StateRoute,7417,TOLLGATE,RD,,38.98503726,-84.41935675,2.667,3/4/2023 0:00,2115,1,1,0,0,O,CLEAR,WET,0,RAN OFF ROADWAY (1 VEHICLE WITH/EARTH EMBANKMENT/DITCH),SINGLE VEHICLE,CURVE & LEVEL,DARK-HWY NOT LIGHTED,0,0,0,1
31313741,CAMPBELL,KY0008,StateRoute,,4TH,ST,W,39.08897924,-84.50110559,0.217,3/4/2023 0:00,108,1,1,0,0,O,CLEAR,DRY,0,COLLISION WITH FIXED OBJECT NON - INTERSECTION - FIRST EVENT COLLISION 09 - 32 EXCLUDING 16,SINGLE VEHICLE,CURVE & LEVEL,DARK-HWY LIGHTED/ON,0,0,0,1
31316356,CAMPBELL,KY0008,StateRoute,,4TH,ST,W,39.08896443,-84.5014445,0.201,3/4/2023 0:00,2143,1,1,0,0,O,CLEAR,DRY,1,COLLISION WITH FIXED OBJECT NON - INTERSECTION - FIRST EVENT COLLISION 09 - 32 EXCLUDING 16,SINGLE VEHICLE,STRAIGHT & LEVEL,DARK-HWY LIGHTED/ON,0,0,0,1
31316358,CAMPBELL,,OTHR,,WASHINGTON,AVE,,39.09070052,-84.4887105,0.419,3/4/2023 0:00,1840,2,2,0,0,O,CLEAR,DRY,0,COLLISION WITH PARKED VEHICLE,SIDESWIPE-SAME DIRECTION,STRAIGHT & LEVEL,DARK-HWY LIGHTED/ON,0,0,0,1
31322835,CAMPBELL,US0027,USRoute,,ALEXANDRIA,PIKE,,38.9690897,-84.39288804,10.837,3/5/2023 0:00,1025,2,2,0,0,O,CLEAR,DRY,0,ANGLE COLLISION - OTHER,ANGLE,CURVE & LEVEL,DAYLIGHT,0,0,0,1
31385541,CAMPBELL,KY0008,StateRoute,,MARY INGLES,HWY,,39.04227876,-84.41471788,9.401,3/5/2023 0:00,1128,1,1,0,0,O,CLEAR,DRY,0,COLLISION WITH FIXED OBJECT NON - INTERSECTION - FIRST EVENT COLLISION 09 - 32 EXCLUDING 16,SINGLE VEHICLE,STRAIGHT & LEVEL,DAYLIGHT,0,0,0,1
31320821,CAMPBELL,,OTHR,700,MCKINNEY,ST,,39.11181599,-84.47375355,0.225,3/5/2023 0:00,945,2,2,0,0,O,CLOUDY,DRY,0,1 VEHICLE PARKED POSITION (NOT PARKING LOT/DRIVEWAY),BACKING,STRAIGHT & HILLCREST,DAYLIGHT,0,0,0,1
31320822,CAMPBELL,,OTHR,,6TH,AVE,,39.11371407,-84.46843888,0.083,3/5/2023 0:00,845,2,2,0,0,O,CLOUDY,DRY,0,1 VEHICLE ENTERING/LEAVING ENTRANCE,ANGLE,STRAIGHT & LEVEL,DAYLIGHT,0,0,0,1
31385536,CAMPBELL,KY1997,StateRoute,,STONEHOUSE,RD,,38.95589901,-84.33276442,1.211,3/6/2023 0:00,1600,1,1,0,0,O,CLOUDY,DRY,0,OTHER COLLISIONS ON SHOULDER,SINGLE VEHICLE,STRAIGHT & GRADE,DAYLIGHT,0,0,0,1
31329139,CAMPBELL,,OTHR,1001,5TH,AVE,,39.11450586,-84.46634402,0.306,3/6/2023 0:00,2230,2,2,0,0,O,CLEAR,DRY,1,1 VEHICLE PARKED POSITION (NOT PARKING LOT/DRIVEWAY),SIDESWIPE-SAME DIRECTION,STRAIGHT & LEVEL,DARK-HWY LIGHTED/ON,0,0,0,1
31326041,CAMPBELL,,OTHR,,TOWN,DR,,39.01765138,-84.48120845,0.042,3/6/2023 0:00,1900,2,2,0,0,O,CLEAR,DRY,0,SIDESWIPE COLLISION - SAME DIRECTION,SIDESWIPE-SAME DIRECTION,CURVE & GRADE,DARK-HWY LIGHTED/ON,0,0,0,1
31322204,CAMPBELL,KY1892,StateRoute,,GRAND,AVE,,39.08033436,-84.46736991,1.432,3/6/2023 0:00,1122,2,2,0,0,O,CLEAR,DRY,0,OTHER INTERSECTION COLLISIONS,REAR END,STRAIGHT & HILLCREST,DAYLIGHT,1,0,0,1
31331227,CAMPBELL,,OTHR,,FT THOMAS,AVE,N,39.10165661,-84.44991444,1.669,3/7/2023 0:00,1520,2,2,0,0,O,CLEAR,DRY,1,OTHER INTERSECTION COLLISIONS,REAR END,STRAIGHT & LEVEL,DAYLIGHT,1,0,0,1
31328096,CAMPBELL,US0027,USRoute,1742,MONMOUTH,ST,,39.08333226,-84.48267447,21.144,3/7/2023 0:00,1039,1,1,0,1,C,CLOUDY,DRY,0,COLLISION WITH FIXED OBJECT NON - INTERSECTION - FIRST EVENT COLLISION 09 - 32 EXCLUDING 16,SINGLE VEHICLE,STRAIGHT & LEVEL,DAYLIGHT,0,0,0,1
31327598,CAMPBELL,US0027,USRoute,,MONMOUTH,ST,,39.08613804,-84.4874429,21.461,3/7/2023 0:00,856,2,2,0,0,O,CLOUDY,DRY,0,OTHER INTERSECTION COLLISIONS,REAR END,STRAIGHT & HILLCREST,DAYLIGHT,1,0,0,1
31324888,CAMPBELL,I 0471,Interstate,,I471 S,,,39.08954579,-84.47554021,3.595,3/7/2023 0:00,155,1,1,0,0,O,CLEAR,DRY,0,COLLISION WITH ANIMAL NON INTERSECTION,SINGLE VEHICLE,STRAIGHT & LEVEL,DARK-HWY LIGHTED/ON,0,0,0,1
31328375,CAMPBELL,,OTHR,10,COLUMBIA,ST,,39.09152285,-84.49757373,0.21,3/7/2023 0:00,1530,2,2,0,0,O,CLEAR,DRY,0,1 VEHICLE ENTERING/LEAVING ENTRANCE,ANGLE,STRAIGHT & LEVEL,DAYLIGHT,0,0,0,1
31335466,CAMPBELL,,OTHR,,MEIJER LOT ENTRANCE,,,38.99897332,-84.4189622,,3/7/2023 0:00,1720,2,2,0,0,O,CLEAR,DRY,0,1 VEHICLE ENTERING/LEAVING ENTRANCE,ANGLE,STRAIGHT & LEVEL,DAYLIGHT,0,0,0,1
31325975,CAMPBELL,I 0275,Interstate,,I275 W,,,39.03030858,-84.47112438,76.416,3/7/2023 0:00,622,2,2,0,0,O,CLEAR,DRY,0,SIDESWIPE COLLISION - SAME DIRECTION,SIDESWIPE-SAME DIRECTION,CURVE & GRADE,DAWN,0,0,0,1