IncidentID,County,RdwyNumber,RdwyType,Street,RoadwayName,StreetSfx,StreetDir,Latitude,Longitude,Milepoint,CollisionDate,CollisionTime,UnitsInvolved,MotorVehiclesInvolved,NumberKilled,NumberInjured,KABCO,Weather,RdwyConditionCode,HitandRun,DirAnalysisCode,MannerofCollision,RdwyCharacter,LightCondition,Intersection Crash,Bicyclist,Pedestrian,Motor Vehicles
31331230,CAMPBELL,KY1120,StateRoute,,MEMORIAL,PKWY,,39.09539802,-84.46565737,2.256,3/7/2023 0:00,1438,2,2,0,0,O,CLEAR,DRY,0,REAR END IN TRAFFIC LANES BOTH VEHICLES MOVING,REAR END,STRAIGHT & LEVEL,DAYLIGHT,0,0,0,1
31333457,CAMPBELL,US0027,USRoute,800,MONMOUTH,ST,,39.0892776,-84.4913622,21.767,3/7/2023 0:00,914,2,2,0,0,O,CLEAR,DRY,0,REAR END IN TRAFFIC LANES BOTH VEHICLES MOVING,REAR END,STRAIGHT & LEVEL,DAWN,0,0,0,1
31330532,CAMPBELL,,OTHR,,RIVERBOAT,ROW,,39.10020542,-84.49100498,0.181,3/7/2023 0:00,2039,2,2,0,0,O,CLEAR,DRY,0,HEAD-ON COLLISION,HEAD ON,STRAIGHT & LEVEL,DARK-HWY LIGHTED/ON,0,0,0,1
31344305,CAMPBELL,I 0275,Interstate,,,,,39.04523205,-84.46610022,0.421,3/8/2023 0:00,614,2,2,0,0,O,CLEAR,DRY,1,OTHER RAMP RELATED COLLISIONS NOT LISTED ABOVE,SIDESWIPE-SAME DIRECTION,CURVE & LEVEL,DARK-HWY LIGHTED/ON,0,0,0,1
31352379,CAMPBELL,I 0471,Interstate,,,,,39.06783626,-84.46588786,0.378,3/8/2023 0:00,1810,2,2,0,0,O,CLEAR,DRY,0,OTHER RAMP RELATED COLLISIONS NOT LISTED ABOVE,REAR END,CURVE & GRADE,DAYLIGHT,0,0,0,1
31346215,CAMPBELL,I 0275,Interstate,,I275 E,,,39.05597353,-84.43296659,,3/8/2023 0:00,1658,3,3,0,0,O,CLEAR,DRY,0,REAR END IN TRAFFIC LANES BOTH VEHICLES MOVING,REAR END,STRAIGHT & LEVEL,DAYLIGHT,0,0,0,1
31336423,CAMPBELL,,OTHR,1103,MCKINNEY,ST,,39.10928855,-84.47102511,0.053,3/8/2023 0:00,2056,2,2,0,0,O,CLEAR,DRY,0,1 VEHICLE PARKED POSITION (NOT PARKING LOT/DRIVEWAY),REAR END,STRAIGHT & GRADE,DARK-HWY LIGHTED/ON,0,0,0,1
31335465,CAMPBELL,US0027,USRoute,,ALEXANDRIA,PIKE,,39.02308639,-84.44145236,15.515,3/8/2023 0:00,1136,2,2,0,0,O,CLEAR,DRY,0,SIDESWIPE COLLISION - SAME DIRECTION,SIDESWIPE-SAME DIRECTION,STRAIGHT & LEVEL,DAYLIGHT,0,0,0,1
31353226,CAMPBELL,,OTHR,53,DONNERMEYER,BLVD,,39.09919077,-84.47984099,0.23,3/8/2023 0:00,1714,2,2,0,2,B,CLEAR,DRY,0,1 VEHICLE ENTERING/LEAVING ENTRANCE,ANGLE,STRAIGHT & LEVEL,DAYLIGHT,0,0,0,1
31348326,CAMPBELL,,OTHR,,CREEKWOOD,DR,,39.0546609,-84.48654601,0.36,3/8/2023 0:00,1813,2,2,0,0,O,CLEAR,DRY,0,1 VEHICLE ENTERING/LEAVING ENTRANCE,ANGLE,STRAIGHT & LEVEL,DAYLIGHT,0,0,0,1
31344302,CAMPBELL,KY0915,StateRoute,8815,LICKING,PIKE,,38.9551273,-84.41461807,3.187,3/8/2023 0:00,725,1,1,0,1,C,CLEAR,DRY,0,RAN OFF ROADWAY (1 VEHICLE WITH/EARTH EMBANKMENT/DITCH),SINGLE VEHICLE,CURVE & LEVEL,DAWN,0,0,0,1
31352627,CAMPBELL,US0027,USRoute,,ALEXANDRIA,PIKE,,38.98198039,-84.39691901,11.814,3/8/2023 0:00,633,2,2,0,0,O,CLEAR,DRY,0,OTHER INTERSECTION COLLISIONS,REAR END,STRAIGHT & GRADE,DARK-HWY LIGHTED/ON,1,0,0,1
31333456,CAMPBELL,,OTHR,,ISABELLA,ST,,39.0848658,-84.49557483,0.283,3/8/2023 0:00,732,2,2,0,0,O,CLOUDY,DRY,0,ANGLE COLLISION - OTHER,ANGLE,STRAIGHT & LEVEL,DAYLIGHT,0,0,0,1
31338729,CAMPBELL,,OTHR,6A,11TH,ST,E,39.08612821,-84.48747434,,3/9/2023 0:00,1336,2,2,0,0,O,CLEAR,DRY,0,SIDESWIPE-SAME DIRECTION,SIDESWIPE-SAME DIRECTION,STRAIGHT & LEVEL,DAYLIGHT,0,0,0,1
31364984,CAMPBELL,,OTHR,220,WARD,AVE,,39.10744232,-84.48080119,0.467,3/9/2023 0:00,1607,2,2,0,0,O,CLOUDY,DRY,0,1 VEHICLE PARKED POSITION (NOT PARKING LOT/DRIVEWAY),SIDESWIPE-SAME DIRECTION,STRAIGHT & GRADE,DAYLIGHT,0,0,0,1
31341699,CAMPBELL,KY1120,StateRoute,2350,MEMORIAL,PKWY,,39.08516658,-84.45135673,3.724,3/9/2023 0:00,1444,2,2,0,0,O,CLEAR,DRY,0,SIDESWIPE COLLISION - SAME DIRECTION,SIDESWIPE-SAME DIRECTION,CURVE & LEVEL,DAYLIGHT,0,0,0,1
31338860,CAMPBELL,KY0008,StateRoute,200,WASHINGTON,AVE,,39.09615206,-84.4937195,0.841,3/9/2023 0:00,840,2,2,0,0,O,CLEAR,DRY,0,SIDESWIPE COLLISION - SAME DIRECTION,SIDESWIPE-SAME DIRECTION,STRAIGHT & LEVEL,DAYLIGHT,0,0,0,1
31340610,CAMPBELL,,OTHR,310,8TH,ST,W,39.08626561,-84.49768337,0.138,3/9/2023 0:00,1837,2,2,0,0,O,CLOUDY,DRY,1,1 VEHICLE PARKED POSITION (NOT PARKING LOT/DRIVEWAY),SIDESWIPE-SAME DIRECTION,STRAIGHT & LEVEL,DAYLIGHT,0,0,0,1
31340611,CAMPBELL,,OTHR,,2ND,ST,E,39.09808744,-84.49124994,0.191,3/9/2023 0:00,800,2,2,0,0,O,CLEAR,DRY,0,1 VEHICLE PARKED POSITION (NOT PARKING LOT/DRIVEWAY),BACKING,STRAIGHT & LEVEL,DAYLIGHT,0,0,0,1
31364052,CAMPBELL,KY0009,StateRoute,,LICKING,PIKE,,39.05512189,-84.48732578,20.182,3/9/2023 0:00,1721,3,3,0,1,B,CLOUDY,DRY,1,HEAD-ON COLLISION,HEAD ON,STRAIGHT & LEVEL,DAYLIGHT,0,0,0,1
31338212,CAMPBELL,,OTHR,160,NEWPORT PAVILION,,,39.08750514,-84.47667353,0.516,3/9/2023 0:00,1018,2,2,0,0,O,CLEAR,DRY,0,OTHER ROADWAY OR MID-BLOCK COLLISION,OPPOSING LEFT TURN,STRAIGHT & LEVEL,DAYLIGHT,0,0,0,1
31338728,CAMPBELL,KY1892,StateRoute,,CAROTHERS,RD,,39.08635315,-84.47708185,2.16,3/9/2023 0:00,1139,2,2,0,0,O,CLEAR,DRY,0,OTHER ROADWAY OR MID-BLOCK COLLISION,REAR TO REAR,STRAIGHT & LEVEL,DAYLIGHT,0,0,0,1
31348331,CAMPBELL,I 0275,Interstate,,I275 W,,,39.02287592,-84.48914232,77.57,3/10/2023 0:00,612,1,1,0,0,O,RAINING,WET,0,OTHER ROADWAY OR MID-BLOCK COLLISION,SINGLE VEHICLE,STRAIGHT & GRADE,DARK-HWY LIGHTED/ON,0,0,0,1
31352735,CAMPBELL,,OTHR,55,SWEETBRIAR,AVE,,39.07703741,-84.45661985,0.108,3/10/2023 0:00,1920,2,2,0,0,O,CLEAR,WET,1,1 VEHICLE PARKED POSITION (NOT PARKING LOT/DRIVEWAY),BACKING,STRAIGHT & LEVEL,DARK-HWY LIGHTED/ON,0,0,0,1
31348332,CAMPBELL,KY0009,StateRoute,,LICKING,PIKE,,39.02265047,-84.48094248,17.737,3/10/2023 0:00,636,2,2,0,0,O,RAINING,WET,0,REAR END IN TRAFFIC LANES BOTH VEHICLES MOVING,REAR END,STRAIGHT & LEVEL,DARK-HWY LIGHTED/ON,0,0,0,1
31360299,CAMPBELL,US0027,USRoute,10,3RD,ST,E,39.09373513,-84.49672031,22.245,3/10/2023 0:00,801,2,2,0,0,O,CLEAR,WET,0,SIDESWIPE COLLISION - SAME DIRECTION,SIDESWIPE-SAME DIRECTION,STRAIGHT & LEVEL,DAYLIGHT,0,0,0,1
31357447,CAMPBELL,,OTHR,122,HOLIDAY,LN,,39.07003038,-84.45868049,0.092,3/10/2023 0:00,1420,3,3,0,0,O,CLOUDY,DRY,0,SIDESWIPE COLLISION - OPPOSITE DIRECTION,SIDESWIPE-OPPOSITE DIRECTION,CURVE & LEVEL,DAYLIGHT,0,0,0,1
31345288,CAMPBELL,KY1120,StateRoute,402,10TH,ST,E,39.08915742,-84.48467983,1.031,3/10/2023 0:00,2300,1,1,0,0,O,CLOUDY,DRY,0,COLLISION WITH FIXED OBJECT NON - INTERSECTION - FIRST EVENT COLLISION 09 - 32 EXCLUDING 16,SINGLE VEHICLE,STRAIGHT & LEVEL,DARK-HWY LIGHTED/ON,0,0,0,1
31360307,CAMPBELL,KY0008,StateRoute,,3RD,ST,E,39.09483233,-84.49455955,0.722,3/10/2023 0:00,1405,2,2,0,1,C,CLOUDY,DRY,1,OTHER INTERSECTION COLLISIONS,REAR END,STRAIGHT & LEVEL,DAYLIGHT,1,0,0,1
31385182,CAMPBELL,,OTHR,,ALEXANDRIA,PIKE,,38.91271822,-84.38908668,1.252,3/11/2023 0:00,1900,1,1,0,0,O,SNOWING,SNOW/SLUSH,0,COLLISION WITH FIXED OBJECT IN INTERSECTION - FIRST EVENT COLLISION 09 - 32,SINGLE VEHICLE,STRAIGHT & LEVEL,DARK-HWY LIGHTED/ON,1,0,0,1
31345289,CAMPBELL,I 0471,Interstate,,I471 S,,,39.08650154,-84.47392339,3.366,3/11/2023 0:00,58,1,1,0,1,C,CLEAR,DRY,0,COLLISION WITH FIXED OBJECT NON - INTERSECTION - FIRST EVENT COLLISION 09 - 32 EXCLUDING 16,SINGLE VEHICLE,STRAIGHT & LEVEL,DARK-HWY LIGHTED/ON,0,0,0,1
31346218,CAMPBELL,KY0915,StateRoute,,LICKING,PIKE,,38.97340782,-84.42595221,4.959,3/11/2023 0:00,1000,1,1,0,0,O,CLEAR,DRY,0,RAN OFF ROADWAY (1 VEHICLE WITH/EARTH EMBANKMENT/DITCH),SINGLE VEHICLE,CURVE & GRADE,DAYLIGHT,0,0,0,1
31355499,CAMPBELL,I 0471,Interstate,,I471 N,,,39.10040995,-84.49443851,4.909,3/11/2023 0:00,1812,2,2,0,0,O,CLEAR,DRY,0,REAR END IN TRAFFIC LANES BOTH VEHICLES MOVING,REAR END,STRAIGHT & LEVEL,DAYLIGHT,0,0,0,1
31348943,CAMPBELL,,OTHR,1135,ANN,ST,,39.08328402,-84.49112235,0.46,3/11/2023 0:00,1405,3,3,0,0,O,CLEAR,DRY,0,1 VEHICLE PARKED POSITION (NOT PARKING LOT/DRIVEWAY),REAR END,STRAIGHT & LEVEL,DAYLIGHT,0,0,0,1
31351526,CAMPBELL,KY0008,StateRoute,120,3RD,ST,E,39.09469142,-84.49480506,0.734,3/12/2023 0:00,200,2,2,0,0,O,CLEAR,DRY,1,SIDESWIPE COLLISION - SAME DIRECTION,SIDESWIPE-SAME DIRECTION,STRAIGHT & LEVEL,DARK-HWY LIGHTED/ON,0,0,0,1
31354926,CAMPBELL,,OTHR,300,SARATOGA,ST,,39.09458373,-84.49432377,0.688,3/12/2023 0:00,1700,1,1,0,0,O,CLEAR,DRY,0,COLLISION WITH FIXED OBJECT NON - INTERSECTION - FIRST EVENT COLLISION 09 - 32 EXCLUDING 16,SINGLE VEHICLE,STRAIGHT & LEVEL,DAYLIGHT,0,0,0,1
31351525,CAMPBELL,,OTHR,,3RD,ST,W,39.09241699,-84.49831006,0.086,3/12/2023 0:00,349,1,1,0,0,O,CLEAR,WET,0,COLLISION WITH FIXED OBJECT IN INTERSECTION - FIRST EVENT COLLISION 09 - 32,SINGLE VEHICLE,CURVE & LEVEL,DARK-HWY LIGHTED/ON,1,0,0,1
31355500,CAMPBELL,I 0471,Interstate,,,,,39.08373458,-84.46999923,0.117,3/13/2023 0:00,1744,1,1,0,0,O,CLEAR,DRY,0,OTHER RAMP RELATED COLLISIONS NOT LISTED ABOVE,SINGLE VEHICLE,CURVE & GRADE,DAYLIGHT,0,0,0,1
31354928,CAMPBELL,,OTHR,,PUTNAM,ST,,39.08448256,-84.4901542,0.398,3/13/2023 0:00,1153,2,2,0,0,O,CLOUDY,DRY,0,COLLISION WITH PARKED VEHICLE,SIDESWIPE-SAME DIRECTION,STRAIGHT & LEVEL,DAYLIGHT,0,0,0,1
31367059,CAMPBELL,US0027,USRoute,,ALEXANDRIA,PIKE,,38.86433309,-84.39243603,3.389,3/13/2023 0:00,805,2,2,0,0,O,CLEAR,DRY,0,OTHER INTERSECTION COLLISIONS,REAR END,STRAIGHT & LEVEL,DAYLIGHT,1,0,0,1
31362959,CAMPBELL,KY0009,StateRoute,,AA,HWY,,38.98085025,-84.37412999,10.85,3/13/2023 0:00,740,2,2,0,1,B,CLOUDY,WET,0,OTHER INTERSECTION COLLISIONS,REAR END,STRAIGHT & GRADE,DAYLIGHT,1,0,0,1
31355107,CAMPBELL,,OTHR,417,MILLRACE,DR,,39.00618182,-84.4302797,0.143,3/13/2023 0:00,715,2,2,0,0,O,CLOUDY,WET,0,1 VEHICLE PARKED POSITION (NOT PARKING LOT/DRIVEWAY),BACKING,STRAIGHT & LEVEL,DARK-HWY NOT LIGHTED,0,0,0,1
31357448,CAMPBELL,,OTHR,706,FT THOMAS,AVE,N,39.08618147,-84.45102112,0.364,3/13/2023 0:00,1416,2,2,0,2,C,CLOUDY,DRY,0,VEHICLE BACKING NON INTERSECTION,BACKING,STRAIGHT & GRADE,DAYLIGHT,0,0,0,1
31724877,CAMPBELL,,OTHR,110,NEWMAN,AVE,,39.07810225,-84.46180964,0.153,3/13/2023 0:00,1500,2,2,0,0,O,CLOUDY,DRY,1,SIDESWIPE COLLISION - SAME DIRECTION,SIDESWIPE-SAME DIRECTION,STRAIGHT & GRADE,DAYLIGHT,0,0,0,1
31366134,CAMPBELL,,OTHR,5549,ALEXANDRIA,PIKE,E,39.01862425,-84.434539,0.519,3/14/2023 0:00,1435,1,1,0,0,O,CLOUDY,DRY,0,OTHER COLLISIONS ON SHOULDER,SINGLE VEHICLE,STRAIGHT & LEVEL,DAYLIGHT,0,0,0,1
31362660,CAMPBELL,,OTHR,,EVERGREEN,AVE,,39.07184881,-84.47247337,0.172,3/14/2023 0:00,1050,2,2,0,0,O,CLOUDY,DRY,0,VEHICLE BACKING NON INTERSECTION,BACKING,STRAIGHT & LEVEL,DAYLIGHT,0,0,0,1
31405579,CAMPBELL,KY0009,StateRoute,301,12TH,ST,W,39.08148594,-84.49259782,22.256,3/14/2023 0:00,1525,1,1,0,0,O,CLEAR,DRY,1,OTHER ROADWAY OR MID-BLOCK COLLISION,SINGLE VEHICLE,STRAIGHT & LEVEL,DAYLIGHT,0,0,0,1
31364053,CAMPBELL,,OTHR,141,OHIO,AVE,,39.08517717,-84.45613208,0.16,3/14/2023 0:00,1809,2,2,0,0,O,CLOUDY,DRY,0,1 VEHICLE PARKED POSITION (NOT PARKING LOT/DRIVEWAY),BACKING,STRAIGHT & HILLCREST,DAYLIGHT,0,0,0,1
31359382,CAMPBELL,KY1998,StateRoute,,INDUSTRIAL,RD,,39.02553478,-84.44528833,1.753,3/14/2023 0:00,950,2,2,0,0,O,CLOUDY,DRY,0,OTHER INTERSECTION COLLISIONS,REAR END,STRAIGHT & LEVEL,DAYLIGHT,1,0,0,1
31388901,CAMPBELL,KY1121,StateRoute,,PERSIMMON GROVE,PIKE,,38.9529839,-84.37936821,9.672,3/14/2023 0:00,944,1,1,0,0,O,SNOWING,ICE,0,COLLISION WITH FIXED OBJECT NON - INTERSECTION - FIRST EVENT COLLISION 09 - 32 EXCLUDING 16,SINGLE VEHICLE,CURVE & GRADE,DAYLIGHT,0,0,0,1
31385461,CAMPBELL,,OTHR,,TRAILRIDGE,LN,,39.03809147,-84.47278927,0.021,3/14/2023 0:00,829,2,2,0,0,O,CLOUDY,DRY,0,COLLISION WITH PARKED VEHICLE,BACKING,CURVE & GRADE,DAYLIGHT,0,0,0,1
31366098,CAMPBELL,I 0471,Interstate,,,,,39.10041668,-84.48911989,0.509,3/15/2023 0:00,1743,2,2,0,0,O,CLEAR,DRY,0,OTHER RAMP RELATED COLLISIONS NOT LISTED ABOVE,SIDESWIPE-SAME DIRECTION,STRAIGHT & LEVEL,DAYLIGHT,0,0,0,1
31365269,CAMPBELL,I 0471,Interstate,,,,,39.08146999,-84.47086703,0.286,3/15/2023 0:00,910,1,1,0,0,O,CLEAR,ICE,0,COLLISION WITH FIXED OBJECT NOT IN GORE ,SINGLE VEHICLE,CURVE & GRADE,DAYLIGHT,0,0,0,1
31422599,CAMPBELL,,OTHR,480,VAN VOAST,AVE,,39.10295774,-84.47478023,0.045,3/15/2023 0:00,215,2,2,0,0,O,CLEAR,DRY,0,1 VEHICLE PARKED POSITION (NOT PARKING LOT/DRIVEWAY),BACKING,STRAIGHT & HILLCREST,DARK-HWY NOT LIGHTED,0,0,0,1
31383061,CAMPBELL,,OTHR,,GRANDVIEW,AVE,,39.09997724,-84.4799944,0.003,3/15/2023 0:00,1354,2,2,0,0,O,CLEAR,DRY,0,HEAD-ON COLLISION,HEAD ON,CURVE & GRADE,DAYLIGHT,0,0,0,1
31374093,CAMPBELL,I 0471,Interstate,,I471 N,,,39.09947481,-84.49247846,4.785,3/16/2023 0:00,716,4,4,0,3,C,CLOUDY,DRY,0,REAR END IN TRAFFIC LANES BOTH VEHICLES MOVING,REAR END,STRAIGHT & LEVEL,DAWN,0,0,0,1
31383064,CAMPBELL,KY0008,StateRoute,145,FAIRFIELD,AVE,,39.10380158,-84.48643668,1.627,3/16/2023 0:00,737,2,2,0,0,O,CLEAR,DRY,0,REAR END IN TRAFFIC LANES BOTH VEHICLES MOVING,REAR END,STRAIGHT & GRADE,DAWN,0,0,0,1
31370187,CAMPBELL,KY1120,StateRoute,500,10TH,ST,E,39.08988304,-84.48403178,1.11,3/16/2023 0:00,808,2,2,0,0,O,CLEAR,DRY,0,REAR END IN TRAFFIC LANES BOTH VEHICLES MOVING,REAR END,STRAIGHT & LEVEL,DAYLIGHT,0,0,0,1
31373028,CAMPBELL,I 0471,Interstate,,I471 NB,,,39.06280174,-84.46806207,1.448,3/16/2023 0:00,834,2,2,0,1,C,CLEAR,DRY,0,SIDESWIPE COLLISION - SAME DIRECTION,SIDESWIPE-SAME DIRECTION,CURVE & LEVEL,DAYLIGHT,0,0,0,1
31551385,CAMPBELL,,OTHR,,TAYLOR,AVE,,39.10446159,-84.48250682,0.235,3/16/2023 0:00,1654,2,2,0,0,O,CLEAR,DRY,0,SIDESWIPE COLLISION - SAME DIRECTION,SIDESWIPE-SAME DIRECTION,STRAIGHT & LEVEL,DAYLIGHT,0,0,0,1
31383751,CAMPBELL,,OTHR,41,HIGHLAND,AVE,,39.07779766,-84.45036092,1.273,3/16/2023 0:00,838,2,2,0,0,O,CLOUDY,DRY,0,VEHICLE BACKING NON INTERSECTION,BACKING,STRAIGHT & LEVEL,DAYLIGHT,0,0,0,1
31383735,CAMPBELL,US0027,USRoute,,ALEXANDRIA,PIKE,,39.06470811,-84.46009266,19.274,3/16/2023 0:00,1540,2,2,0,0,O,CLOUDY,DRY,0,1 VEHICLE ENTERING/LEAVING ENTRANCE,ANGLE,CURVE & GRADE,DAYLIGHT,0,0,0,1
31383739,CAMPBELL,,OTHR,,FT THOMAS,AVE,N,39.08334908,-84.45173389,0.083,3/16/2023 0:00,817,2,2,0,0,O,CLEAR,DRY,0,1 VEHICLE PARKED POSITION (NOT PARKING LOT/DRIVEWAY),REAR END,STRAIGHT & LEVEL,DAYLIGHT,0,0,0,1
31375553,CAMPBELL,KY0915,StateRoute,,CAMEL,XING,,38.92094253,-84.39188933,0.068,3/16/2023 0:00,1427,2,2,0,0,O,CLEAR,DRY,0,ANGLE COLLISION - OTHER,ANGLE,STRAIGHT & LEVEL,DAYLIGHT,0,0,0,1
31374965,CAMPBELL,US0027,USRoute,7740,ALEXANDRIA,PIKE,,38.97356228,-84.3921984,11.158,3/16/2023 0:00,930,2,2,0,0,O,CLEAR,DRY,1,ANGLE COLLISION - ONE VEHICLE TURNING LEFT,ANGLE,STRAIGHT & LEVEL,DAYLIGHT,0,0,0,1
31374576,CAMPBELL,KY1892,StateRoute,,GRAND,AVE,,39.08513169,-84.47432173,1.962,3/16/2023 0:00,1646,2,2,0,0,O,CLOUDY,DRY,0,OPPOSING LEFT TURN,OPPOSING LEFT TURN,STRAIGHT & GRADE,DAYLIGHT,0,0,0,1
31385463,CAMPBELL,I 0275,Interstate,,,,,39.02538369,-84.48113812,0.041,3/16/2023 0:00,1653,2,2,0,0,O,CLEAR,DRY,0,OTHER RAMP RELATED COLLISIONS NOT LISTED ABOVE,REAR END,CURVE & LEVEL,DAYLIGHT,0,0,0,1
31384030,CAMPBELL,KY1120,StateRoute,,MEMORIAL,PKWY,,39.09031546,-84.45872058,2.777,3/17/2023 0:00,1814,1,1,0,0,O,CLOUDY,DRY,0,COLLISION WITH ANIMAL NON INTERSECTION,SINGLE VEHICLE,CURVE & LEVEL,DAYLIGHT,0,0,0,1
31374578,CAMPBELL,KY1120,StateRoute,400,10TH,ST,E,39.08945028,-84.48482892,1.073,3/17/2023 0:00,1150,2,2,0,0,O,RAINING,WET,0,OTHER ROADWAY OR MID-BLOCK COLLISION,REAR END,STRAIGHT & LEVEL,DAYLIGHT,0,0,0,1
31392643,CAMPBELL,,OTHR,401,CENTRAL,AVE,,39.09075093,-84.49899481,0.001,3/17/2023 0:00,221,2,2,0,0,O,RAINING,WET,0,SIDESWIPE COLLISION - SAME DIRECTION,SIDESWIPE-SAME DIRECTION,STRAIGHT & LEVEL,DARK-HWY LIGHTED/ON,0,0,0,1
31377276,CAMPBELL,I 0471,Interstate,,I471 SB,,,39.05504503,-84.46963484,0.871,3/17/2023 0:00,1236,2,2,0,2,C,CLOUDY,WET,0,SIDESWIPE COLLISION - SAME DIRECTION,SIDESWIPE-SAME DIRECTION,CURVE & LEVEL,DAYLIGHT,0,0,0,1
31386662,CAMPBELL,KY0008,StateRoute,,FAIRFIELD,AVE,,39.10258,-84.48776226,1.518,3/17/2023 0:00,1612,2,2,0,0,O,CLOUDY,DRY,0,REAR END IN TRAFFIC LANES BOTH VEHICLES MOVING,REAR END,STRAIGHT & LEVEL,DAYLIGHT,0,0,0,1
31396187,CAMPBELL,KY1120,StateRoute,10,11TH,ST,W,39.08490082,-84.48974201,0.657,3/17/2023 0:00,645,2,2,0,0,O,RAINING,WET,0,REAR END IN TRAFFIC LANES BOTH VEHICLES MOVING,REAR END,STRAIGHT & LEVEL,DARK-HWY LIGHTED/ON,0,0,0,1
31381212,CAMPBELL,KY0915,StateRoute,,LICKING,PIKE,,38.91975393,-84.39580115,0.315,3/17/2023 0:00,1439,2,2,0,0,O,CLOUDY,DRY,0,REAR END IN TRAFFIC LANES BOTH VEHICLES MOVING,REAR END,STRAIGHT & LEVEL,DAYLIGHT,0,0,0,1
31385533,CAMPBELL,I 0275,Interstate,,,,,39.04398931,-84.4671033,0.019,3/17/2023 0:00,1412,2,2,0,0,O,CLEAR,DRY,0,REAR END IN TRAFFIC LANES BOTH VEHICLES MOVING,REAR END,STRAIGHT & LEVEL,DAYLIGHT,0,0,0,1
31386663,CAMPBELL,KY0008,StateRoute,,FAIRFIELD,AVE,,39.10253931,-84.48780735,1.514,3/18/2023 0:00,1211,2,2,0,0,O,CLOUDY,DRY,0,OTHER ROADWAY OR MID-BLOCK COLLISION,REAR END,STRAIGHT & LEVEL,DAYLIGHT,0,0,0,1
31383383,CAMPBELL,US0027,USRoute,,ALEXANDRIA,PIKE,,39.01975683,-84.43777916,15.188,3/18/2023 0:00,1857,2,2,0,0,O,CLEAR,DRY,0,ANGLE COLLISION - ONE VEHICLE TURNING LEFT,ANGLE,STRAIGHT & LEVEL,DAYLIGHT,0,0,0,1
31385464,CAMPBELL,KY0009,StateRoute,,AA,HWY,,39.01806727,-84.48018309,17.391,3/18/2023 0:00,723,2,2,0,0,O,CLEAR,DRY,0,ANGLE COLLISION - OTHER,ANGLE,STRAIGHT & LEVEL,DAWN,0,0,0,1
31378579,CAMPBELL,,OTHR,,7TH,ST,E,39.0917141,-84.48982503,0.392,3/18/2023 0:00,1815,2,2,0,0,O,CLEAR,DRY,1,1 VEHICLE PARKED POSITION (NOT PARKING LOT/DRIVEWAY),SIDESWIPE-SAME DIRECTION,STRAIGHT & LEVEL,DAYLIGHT,0,0,0,1
31385859,CAMPBELL,,OTHR,1153,PARK,AVE,,39.08855847,-84.4812415,0.575,3/18/2023 0:00,1430,2,2,0,0,O,,,1,1 VEHICLE PARKED POSITION (NOT PARKING LOT/DRIVEWAY),,,,0,0,0,1
31380601,CAMPBELL,I 0471,Interstate,,I471 S,,,39.09724544,-84.48479141,4.337,3/19/2023 0:00,1436,2,2,0,0,O,CLEAR,DRY,0,SIDESWIPE COLLISION - SAME DIRECTION,SIDESWIPE-SAME DIRECTION,STRAIGHT & LEVEL,DAYLIGHT,0,0,0,1
31388935,CAMPBELL,KY1632,StateRoute,,KY1632 TURN LANE,,,39.06831195,-84.46667134,0.017,3/20/2023 0:00,1215,2,2,0,0,O,CLEAR,DRY,0,REAR END IN TRAFFIC LANES BOTH VEHICLES MOVING,REAR END,CURVE & GRADE,DAYLIGHT,0,0,0,1
31387163,CAMPBELL,,OTHR,,11TH,ST,E,39.08717989,-84.48554844,0.126,3/20/2023 0:00,1810,1,1,0,1,A,CLEAR,DRY,0,NON-COLLISION OBJECT COLLISION,SINGLE VEHICLE,CURVE & LEVEL,DAYLIGHT,0,0,0,1
31395358,CAMPBELL,,OTHR,411,SARATOGA,ST,,39.09351514,-84.49325932,0.594,3/21/2023 0:00,630,2,2,0,0,O,CLEAR,DRY,1,1 VEHICLE PARKED POSITION (NOT PARKING LOT/DRIVEWAY),SIDESWIPE-SAME DIRECTION,STRAIGHT & LEVEL,DARK-HWY LIGHTED/OFF,0,0,0,1
31388936,CAMPBELL,US0027,USRoute,525,ALEXANDRIA,PIKE,,39.06443839,-84.46210601,19.377,3/21/2023 0:00,618,1,1,0,0,O,CLEAR,DRY,0,RAN OFF ROADWAY (1 VEHICLE WITH/EARTH EMBANKMENT/DITCH),SINGLE VEHICLE,STRAIGHT & GRADE,DARK-HWY NOT LIGHTED,0,0,0,1
31394551,CAMPBELL,KY0009,StateRoute,,AA,HWY,,38.95954167,-84.34258007,8.566,3/21/2023 0:00,2017,2,2,0,0,O,CLEAR,DRY,0,ANGLE COLLISION - ONE VEHICLE TURNING LEFT,ANGLE,STRAIGHT & GRADE,DARK-HWY LIGHTED/ON,0,0,0,1
31414749,CAMPBELL,US0027,USRoute,,ALEXANDRIA,PIKE,,38.95756495,-84.39304527,10.04,3/21/2023 0:00,1231,2,2,0,0,O,CLEAR,DRY,0,OTHER INTERSECTION COLLISIONS,REAR END,STRAIGHT & LEVEL,DAYLIGHT,1,0,0,1
31390574,CAMPBELL,KY0009,StateRoute,,AA,HWY,,39.01818166,-84.4800628,17.393,3/21/2023 0:00,819,2,2,0,0,O,CLOUDY,DRY,0,OTHER INTERSECTION COLLISIONS,REAR END,STRAIGHT & LEVEL,DAYLIGHT,1,0,0,1