IncidentID,County,RdwyNumber,RdwyType,Street,RoadwayName,StreetSfx,StreetDir,Latitude,Longitude,Milepoint,CollisionDate,CollisionTime,UnitsInvolved,MotorVehiclesInvolved,NumberKilled,NumberInjured,KABCO,Weather,RdwyConditionCode,HitandRun,DirAnalysisCode,MannerofCollision,RdwyCharacter,LightCondition,Intersection Crash,Bicyclist,Pedestrian,Motor Vehicles
31390575,CAMPBELL,KY0009,StateRoute,,AA,HWY,,39.00979735,-84.46892822,16.531,3/21/2023 0:00,713,3,3,0,0,O,CLOUDY,DRY,0,OTHER ROADWAY OR MID-BLOCK COLLISION,REAR END,STRAIGHT & LEVEL,DARK-HWY NOT LIGHTED,0,0,0,1
31395357,CAMPBELL,KY1892,StateRoute,,GRAND,AVE,,39.08509541,-84.47421083,1.955,3/21/2023 0:00,1358,3,3,0,0,O,CLEAR,DRY,0,1 VEHICLE ENTERING/LEAVING ENTRANCE,ANGLE,STRAIGHT & LEVEL,DAYLIGHT,0,0,0,1
31405267,CAMPBELL,,OTHR,,COVERT RUN,PIKE,,39.09958231,-84.47772697,0.122,3/21/2023 0:00,1550,2,2,0,0,O,CLEAR,DRY,0,REAR END IN TRAFFIC LANES BOTH VEHICLES MOVING,REAR END,STRAIGHT & LEVEL,DAYLIGHT,0,0,0,1
31459322,CAMPBELL,KY0009,StateRoute,,AA,HWY,,39.0052746,-84.4469461,15.31,3/21/2023 0:00,726,2,2,0,0,O,CLEAR,DRY,0,REAR END IN TRAFFIC LANES BOTH VEHICLES MOVING,REAR END,STRAIGHT & HILLCREST,DAYLIGHT,0,0,0,1
31398532,CAMPBELL,US0027,USRoute,,ALEXANDRIA,PIKE,,39.03443654,-84.45359026,16.565,3/22/2023 0:00,1839,3,3,0,0,O,CLOUDY,DRY,0,REAR END IN TRAFFIC LANES BOTH VEHICLES MOVING,REAR END,CURVE & LEVEL,DAYLIGHT,0,0,0,1
31399341,CAMPBELL,US0027,USRoute,,ALEXANDRIA,PIKE,,39.02558543,-84.44648494,15.827,3/22/2023 0:00,1641,2,2,0,0,O,CLOUDY,WET,1,REAR END IN TRAFFIC LANES BOTH VEHICLES MOVING,REAR END,STRAIGHT & LEVEL,DAYLIGHT,0,0,0,1
31402676,CAMPBELL,,OTHR,247,VAN VOAST,AVE,,39.10743944,-84.47954487,0.269,3/22/2023 0:00,1129,2,2,0,0,O,CLOUDY,DRY,0,OTHER ROADWAY OR MID-BLOCK COLLISION,REAR TO REAR,STRAIGHT & GRADE,DAYLIGHT,0,0,0,1
31399544,CAMPBELL,I 0471,Interstate,,I471 S,,,39.05743766,-84.46950784,1.039,3/22/2023 0:00,1530,2,2,0,0,O,CLOUDY,DRY,0,SIDESWIPE COLLISION - SAME DIRECTION,SIDESWIPE-SAME DIRECTION,STRAIGHT & LEVEL,DAYLIGHT,0,0,0,1
31399994,CAMPBELL,US0027,USRoute,,ALEXANDRIA,PIKE,,38.83468811,-84.36691889,0.913,3/22/2023 0:00,1456,2,2,0,0,O,CLOUDY,DRY,0,SIDESWIPE COLLISION - SAME DIRECTION,SIDESWIPE-SAME DIRECTION,STRAIGHT & GRADE,DAYLIGHT,0,0,0,1
31394888,CAMPBELL,,OTHR,232,POPLAR,DR,,39.0760446,-84.47244549,0.004,3/22/2023 0:00,925,2,2,0,0,O,CLOUDY,WET,1,1 VEHICLE PARKED POSITION (NOT PARKING LOT/DRIVEWAY),SIDESWIPE-SAME DIRECTION,STRAIGHT & LEVEL,DAYLIGHT,0,0,0,1
31415308,CAMPBELL,,OTHR,,MAPLE,AVE,,39.0698849,-84.4743382,0.063,3/22/2023 0:00,2132,2,2,0,0,O,CLEAR,DRY,1,1 VEHICLE PARKED POSITION (NOT PARKING LOT/DRIVEWAY),SIDESWIPE-SAME DIRECTION,STRAIGHT & LEVEL,DARK-HWY NOT LIGHTED,0,0,0,1
31396199,CAMPBELL,,OTHR,15,8TH,ST,W,39.08838809,-84.49331904,0.414,3/22/2023 0:00,1257,2,2,0,0,O,CLEAR,DRY,1,1 VEHICLE PARKED POSITION (NOT PARKING LOT/DRIVEWAY),REAR END,STRAIGHT & LEVEL,DAYLIGHT,0,0,0,1
31397983,CAMPBELL,I 0471,Interstate,,,,,39.08542707,-84.47459285,0.214,3/22/2023 0:00,1735,2,2,0,0,O,CLOUDY,WET,0,OTHER RAMP RELATED COLLISIONS NOT LISTED ABOVE,REAR END,STRAIGHT & GRADE,DAYLIGHT,0,0,0,1
31401179,CAMPBELL,I 0471,Interstate,,,,,39.09708202,-84.4915712,0.216,3/23/2023 0:00,1020,2,2,0,0,O,CLOUDY,DRY,1,OTHER RAMP RELATED COLLISIONS NOT LISTED ABOVE,REAR END,STRAIGHT & LEVEL,DAYLIGHT,0,0,0,1
31401057,CAMPBELL,I 0471,Interstate,,,,,39.08541039,-84.47465583,0.218,3/23/2023 0:00,1236,2,2,0,0,O,CLOUDY,DRY,0,OTHER RAMP RELATED COLLISIONS NOT LISTED ABOVE,REAR END,CURVE & GRADE,DAYLIGHT,0,0,0,1
31397984,CAMPBELL,KY0008,StateRoute,,4TH,ST,W,39.08954719,-84.50110056,0.258,3/23/2023 0:00,213,1,1,0,0,O,CLOUDY,WET,0,COLLISION WITH FIXED OBJECT NON - INTERSECTION - FIRST EVENT COLLISION 09 - 32 EXCLUDING 16,SINGLE VEHICLE,CURVE & LEVEL,DARK-HWY LIGHTED/OFF,0,0,0,1
31402625,CAMPBELL,KY1120,StateRoute,,11TH,ST,W,39.08179891,-84.49540822,0.284,3/23/2023 0:00,1840,2,2,0,0,O,CLEAR,DRY,1,1 VEHICLE PARKED POSITION (NOT PARKING LOT/DRIVEWAY),SIDESWIPE-SAME DIRECTION,STRAIGHT & LEVEL,DAYLIGHT,0,0,0,1
31402678,CAMPBELL,,OTHR,,8TH,ST,W,39.08768064,-84.49469557,0.325,3/23/2023 0:00,2156,2,2,0,0,O,RAINING,WET,0,1 VEHICLE PARKED POSITION (NOT PARKING LOT/DRIVEWAY),SIDESWIPE-SAME DIRECTION,STRAIGHT & LEVEL,DARK-HWY LIGHTED/ON,0,0,0,1
31402849,CAMPBELL,KY1120,StateRoute,,MEMORIAL,PKWY,,39.0927142,-84.47521223,1.674,3/23/2023 0:00,2255,3,3,0,0,O,RAINING,WET,0,COLLISION WITH PARKED VEHICLE,SIDESWIPE-SAME DIRECTION,STRAIGHT & GRADE,DARK-HWY LIGHTED/ON,0,0,0,1
31409837,CAMPBELL,,OTHR,,NEWPORT PAVILION,,,39.09266842,-84.48059861,0.004,3/23/2023 0:00,1845,2,2,0,0,O,CLEAR,DRY,1,REAR END IN TRAFFIC LANES BOTH VEHICLES MOVING,REAR END,STRAIGHT & LEVEL,DARK-HWY LIGHTED/ON,0,0,0,1
31410314,CAMPBELL,KY0008,StateRoute,,FAIRFIELD,AVE,,39.1023036,-84.4880772,1.493,3/24/2023 0:00,1635,2,2,0,0,O,CLOUDY,WET,0,REAR END IN TRAFFIC LANES BOTH VEHICLES MOVING,REAR END,STRAIGHT & LEVEL,DAYLIGHT,0,0,0,1
31420424,CAMPBELL,KY1998,StateRoute,,INDUSTRIAL,RD,,39.03417818,-84.42735311,3.1,3/24/2023 0:00,1340,2,2,0,2,B,CLOUDY,WET,0,1 VEHICLE ENTERING/LEAVING ENTRANCE,ANGLE,CURVE & GRADE,DAYLIGHT,0,0,0,1
31405581,CAMPBELL,,OTHR,200,3RD,ST,W,39.09154709,-84.50069387,0.035,3/24/2023 0:00,1522,2,2,0,0,O,RAINING,WET,0,1 VEHICLE ENTERING/LEAVING ENTRANCE,ANGLE,CURVE & LEVEL,DAYLIGHT,0,0,0,1
31406702,CAMPBELL,KY1120,StateRoute,,10TH,ST,E,39.08851385,-84.48656524,0.993,3/24/2023 0:00,2208,2,2,0,0,O,RAINING,WET,1,OTHER ROADWAY OR MID-BLOCK COLLISION,REAR END,STRAIGHT & LEVEL,DARK-HWY LIGHTED/ON,0,0,0,1
31415310,CAMPBELL,KY0009,StateRoute,,AA,HWY,,39.01819571,-84.48033597,17.403,3/24/2023 0:00,1304,2,2,0,0,O,RAINING,WET,0,OTHER INTERSECTION COLLISIONS,REAR END,STRAIGHT & LEVEL,DAYLIGHT,1,0,0,1
31415311,CAMPBELL,KY0009,StateRoute,,AA,HWY,,39.02140921,-84.48135647,17.64,3/25/2023 0:00,1109,2,2,0,0,O,CLOUDY,DRY,0,ANGLE COLLISION - OTHER,ANGLE,STRAIGHT & LEVEL,DAYLIGHT,0,0,0,1
31413338,CAMPBELL,I 0471,Interstate,,I471 SB,,,39.051972,-84.46790527,0.631,3/25/2023 0:00,1344,2,2,0,0,O,SEVERE CROSSWINDS,DRY,0,SIDESWIPE COLLISION - SAME DIRECTION,SIDESWIPE-SAME DIRECTION,STRAIGHT & LEVEL,DAYLIGHT,0,0,0,1
31414554,CAMPBELL,,OTHR,,RIDGEWOOD,PL,,39.07458074,-84.45806329,0.035,3/25/2023 0:00,1004,2,2,0,0,O,CLEAR,DRY,0,VEHICLE BACKING NON INTERSECTION,BACKING,STRAIGHT & LEVEL,DAYLIGHT,0,0,0,1
31415312,CAMPBELL,KY0009,StateRoute,,LICKING,PIKE,,39.05517715,-84.48728362,20.187,3/25/2023 0:00,1241,2,2,0,0,O,CLOUDY,WET,0,1 VEHICLE ENTERING/LEAVING ENTRANCE,ANGLE,STRAIGHT & LEVEL,DAYLIGHT,0,0,0,1
31411076,CAMPBELL,US0027,USRoute,,MONMOUTH,ST,,39.08398806,-84.4843113,21.237,3/25/2023 0:00,1530,3,3,0,0,O,CLEAR,DRY,0,REAR END IN TRAFFIC LANES BOTH VEHICLES MOVING,REAR END,STRAIGHT & HILLCREST,DAYLIGHT,0,0,0,1
31420625,CAMPBELL,KY0008,StateRoute,,DAVE COWENS,DR,,39.10166228,-84.48887337,1.43,3/26/2023 0:00,1713,2,2,0,0,O,CLEAR,DRY,0,OTHER ROADWAY OR MID-BLOCK COLLISION,REAR END,STRAIGHT & LEVEL,DAYLIGHT,0,0,0,1
31416604,CAMPBELL,US0027,USRoute,,ALEXANDRIA,PIKE,,38.9861843,-84.40366957,12.29,3/26/2023 0:00,1507,3,3,0,0,O,CLEAR,DRY,0,OTHER ROADWAY OR MID-BLOCK COLLISION,REAR TO REAR,STRAIGHT & GRADE,DAYLIGHT,0,0,0,1
31412572,CAMPBELL,KY0008,StateRoute,,4TH,ST,W,39.08920473,-84.50120525,0.228,3/26/2023 0:00,1745,2,2,0,0,O,CLEAR,DRY,0,SIDESWIPE COLLISION - SAME DIRECTION,SIDESWIPE-SAME DIRECTION,CURVE & LEVEL,DAYLIGHT,0,0,0,1
31415962,CAMPBELL,KY1892,StateRoute,100,GRAND,AVE,,39.08524034,-84.47418879,1.958,3/26/2023 0:00,1400,2,2,0,0,O,CLEAR,DRY,0,SIDESWIPE COLLISION - SAME DIRECTION,SIDESWIPE-SAME DIRECTION,STRAIGHT & LEVEL,DAYLIGHT,0,0,0,1
31416534,CAMPBELL,,OTHR,,LICK HILL,RD,,38.92685676,-84.30121054,0.29,3/26/2023 0:00,1215,1,1,0,0,O,CLEAR,DRY,0,COLLISION WITH FIXED OBJECT IN INTERSECTION - FIRST EVENT COLLISION 09 - 32,SINGLE VEHICLE,CURVE & LEVEL,DAYLIGHT,1,0,0,1
31416603,CAMPBELL,US0027,USRoute,,ALEXANDRIA,PIKE,,38.98313805,-84.39975157,11.973,3/26/2023 0:00,1445,2,2,0,0,O,CLEAR,DRY,0,OTHER INTERSECTION COLLISIONS,REAR END,STRAIGHT & HILLCREST,DAYLIGHT,1,0,0,1
31419356,CAMPBELL,,OTHR,169,MILITARY,PKWY,,39.06778011,-84.45006006,0.149,3/26/2023 0:00,1,3,3,0,0,O,CLEAR,DRY,1,1 VEHICLE PARKED POSITION (NOT PARKING LOT/DRIVEWAY),SIDESWIPE-SAME DIRECTION,STRAIGHT & LEVEL,DARK (UNKNOWN ROADWAY LIGHTING),0,0,0,1
31414556,CAMPBELL,,OTHR,10,SOUTHVIEW,AVE,,39.06317497,-84.44893333,0.039,3/26/2023 0:00,1525,2,2,0,0,O,CLEAR,DRY,0,1 VEHICLE PARKED POSITION (NOT PARKING LOT/DRIVEWAY),BACKING,STRAIGHT & GRADE,DAYLIGHT,0,0,0,1
31417970,CAMPBELL,,OTHR,309,LINDSEY,ST,,39.08444972,-84.49549163,0.244,3/27/2023 0:00,2040,3,3,0,0,O,CLEAR,DRY,1,1 VEHICLE PARKED POSITION (NOT PARKING LOT/DRIVEWAY),SIDESWIPE-SAME DIRECTION,STRAIGHT & LEVEL,DARK-HWY LIGHTED/ON,0,0,0,1
31471376,CAMPBELL,KY0009,StateRoute,,LICKING,PIKE,,39.06987035,-84.48963001,21.249,3/27/2023 0:00,903,1,1,0,0,O,RAINING,WET,0,COLLISION WITH ANIMAL NON INTERSECTION,SINGLE VEHICLE,STRAIGHT & LEVEL,DAYLIGHT,0,0,0,1
31415964,CAMPBELL,KY1120,StateRoute,,10TH,ST,E,39.08723126,-84.48882224,0.788,3/27/2023 0:00,1301,2,2,0,0,O,CLOUDY,DRY,0,ANGLE COLLISION - OTHER,ANGLE,STRAIGHT & LEVEL,DAYLIGHT,0,0,0,1
31702730,CAMPBELL,US0027,USRoute,,ALEXANDRIA,PIKE,,38.95761619,-84.39318403,10.047,3/27/2023 0:00,133,1,1,0,0,O,CLEAR,DRY,0,COLLISION WITH ANIMAL IN INTERSECTION,SINGLE VEHICLE,STRAIGHT & LEVEL,DARK-HWY LIGHTED/ON,1,0,0,1
31437130,CAMPBELL,I 0275,Interstate,,I275 W,,,39.05027996,-84.44670938,74.185,3/27/2023 0:00,1541,2,2,0,0,O,CLEAR,DRY,0,REAR END IN TRAFFIC LANES BOTH VEHICLES MOVING,REAR END,STRAIGHT & LEVEL,DAYLIGHT,0,0,0,1
31432738,CAMPBELL,US0027,USRoute,,ALEXANDRIA,PIKE,,38.98989106,-84.40709562,12.598,3/28/2023 0:00,1702,2,2,0,0,O,CLEAR,WET,0,REAR END IN TRAFFIC LANES BOTH VEHICLES MOVING,REAR END,STRAIGHT & LEVEL,DAYLIGHT,0,0,0,1
31423737,CAMPBELL,US0027,USRoute,5010,ALEXANDRIA,PIKE,,39.0053775,-84.42617262,14.047,3/28/2023 0:00,1802,2,2,0,0,O,CLOUDY,DRY,1,REAR END IN TRAFFIC LANES BOTH VEHICLES MOVING,REAR END,STRAIGHT & LEVEL,DAYLIGHT,0,0,0,1
31426862,CAMPBELL,KY1892,StateRoute,14,CAROTHERS,RD,,39.08428655,-84.48310016,2.516,3/28/2023 0:00,1430,2,2,0,0,O,CLOUDY,DRY,1,SIDESWIPE COLLISION - SAME DIRECTION,SIDESWIPE-SAME DIRECTION,STRAIGHT & LEVEL,DAYLIGHT,0,0,0,1
31480511,CAMPBELL,US0027,USRoute,,ALEXANDRIA,PIKE,,39.00326303,-84.42333406,13.843,3/28/2023 0:00,1325,4,4,0,0,O,CLOUDY,DRY,0,1 VEHICLE ENTERING/LEAVING ENTRANCE,ANGLE,STRAIGHT & LEVEL,DAYLIGHT,0,0,0,1
31422876,CAMPBELL,,OTHR,,3RD,ST,W,39.09183712,-84.50029747,0.064,3/28/2023 0:00,1815,2,2,0,0,O,CLEAR,DRY,0,1 VEHICLE ENTERING/LEAVING ENTRANCE,ANGLE,STRAIGHT & LEVEL,DAYLIGHT,0,0,0,1
31445994,CAMPBELL,KY0536,StateRoute,,CREEKTRACE,RD,,38.94031287,-84.39472502,3.411,3/28/2023 0:00,1658,2,2,0,0,O,CLOUDY,WET,0,SIDESWIPE-SAME DIRECTION,SIDESWIPE-SAME DIRECTION,STRAIGHT & LEVEL,DAYLIGHT,0,0,0,1
31434304,CAMPBELL,KY0009,StateRoute,,AA,HWY,,38.91267237,-84.28260675,3.893,3/28/2023 0:00,1604,1,1,0,0,O,CLEAR,DRY,0,COLLISION WITH ANIMAL IN INTERSECTION,SINGLE VEHICLE,STRAIGHT & LEVEL,DAYLIGHT,1,0,0,1
31421139,CAMPBELL,,OTHR,1135,WATERWORKS,RD,,39.09215288,-84.47355409,0.128,3/28/2023 0:00,759,2,2,0,0,O,CLEAR,DRY,0,ANGLE COLLISION - OTHER,ANGLE,STRAIGHT & LEVEL,DAWN,0,0,0,1
31421826,CAMPBELL,KY0915,StateRoute,,LICKING,PIKE,,38.96421131,-84.42795302,4.206,3/28/2023 0:00,2001,1,1,0,0,O,CLOUDY,WET,0,COLLISION WITH ANIMAL NON INTERSECTION,SINGLE VEHICLE,STRAIGHT & LEVEL,DARK-HWY NOT LIGHTED,0,0,0,1
31445996,CAMPBELL,KY0709,StateRoute,,ALEXANDRIA,PIKE,E,38.98384741,-84.39780252,0.11,3/28/2023 0:00,1753,2,2,0,0,O,CLOUDY,WET,0,OTHER INTERSECTION COLLISIONS,REAR END,STRAIGHT & GRADE,DAYLIGHT,1,0,0,1
31431059,CAMPBELL,,OTHR,277,SERGEANT,AVE,,39.05809463,-84.43999529,0.387,3/28/2023 0:00,1901,2,2,0,0,O,CLOUDY,DRY,1,1 VEHICLE PARKED POSITION (NOT PARKING LOT/DRIVEWAY),BACKING,STRAIGHT & LEVEL,DAYLIGHT,0,0,0,1
31430235,CAMPBELL,,OTHR,15,SOUTHVIEW,AVE,,39.06346743,-84.44985175,0.092,3/29/2023 0:00,2029,2,2,0,0,O,CLEAR,DRY,0,1 VEHICLE PARKED POSITION (NOT PARKING LOT/DRIVEWAY),SIDESWIPE-SAME DIRECTION,STRAIGHT & LEVEL,DARK-HWY NOT LIGHTED,0,0,0,1
31426932,CAMPBELL,KY1892,StateRoute,,CAROTHERS,RD,,39.08392176,-84.48374834,2.561,3/29/2023 0:00,830,2,1,0,1,B,CLEAR,DRY,1,COLLISION WITH PEDESTRIAN NON - INTERSECTION,SINGLE VEHICLE,STRAIGHT & LEVEL,DAYLIGHT,0,0,1,0
31426853,CAMPBELL,,OTHR,,PARK,AVE,,39.09786788,-84.49271699,0.34,3/29/2023 0:00,1342,2,2,0,0,O,CLEAR,DRY,1,OTHER INTERSECTION COLLISIONS,REAR END,STRAIGHT & HILLCREST,DAYLIGHT,1,0,0,1
31434306,CAMPBELL,KY0536,StateRoute,,CREEKTRACE,RD,,38.92791081,-84.42795171,1.297,3/29/2023 0:00,747,1,1,0,0,O,FOG,DRY,0,COLLISION WITH ANIMAL NON INTERSECTION,SINGLE VEHICLE,CURVE & LEVEL,DAWN,0,0,0,1
31436545,CAMPBELL,KY0009,StateRoute,,AA,HWY,,38.91236138,-84.2825385,3.91,3/29/2023 0:00,541,1,1,0,0,O,FOG,DRY,0,COLLISION WITH ANIMAL IN INTERSECTION,SINGLE VEHICLE,STRAIGHT & GRADE,DARK-HWY NOT LIGHTED,1,0,0,1
31445997,CAMPBELL,,OTHR,125,STONEGATE,DR,,38.94045273,-84.38782496,0.348,3/29/2023 0:00,716,2,2,0,0,O,CLEAR,DRY,0,COLLISION WITH PARKED VEHICLE,REAR END,STRAIGHT & LEVEL,DARK (UNKNOWN ROADWAY LIGHTING),0,0,0,1
31435505,CAMPBELL,KY2238,StateRoute,,UNIVERSITY,DR,,39.03628687,-84.46256363,0.577,3/29/2023 0:00,1527,2,2,0,0,O,CLEAR,DRY,0,OPPOSING LEFT TURN,OPPOSING LEFT TURN,STRAIGHT & LEVEL,DAYLIGHT,0,0,0,1
31427767,CAMPBELL,US0027,USRoute,,3RD,ST,E,39.09364018,-84.49684266,22.255,3/29/2023 0:00,1928,2,2,0,0,O,CLEAR,DRY,0,SIDESWIPE COLLISION - SAME DIRECTION,SIDESWIPE-SAME DIRECTION,STRAIGHT & LEVEL,DAYLIGHT,0,0,0,1
31426860,CAMPBELL,US0027,USRoute,1200,MONMOUTH,ST,,39.08476765,-84.48584849,21.335,3/29/2023 0:00,1230,2,2,0,0,O,CLOUDY,DRY,1,SIDESWIPE COLLISION - SAME DIRECTION,SIDESWIPE-SAME DIRECTION,STRAIGHT & GRADE,DAYLIGHT,0,0,0,1
31426861,CAMPBELL,KY0008,StateRoute,10,4TH,ST,W,39.09139427,-84.49740762,0.444,3/29/2023 0:00,1252,2,2,0,0,O,CLEAR,DRY,0,SIDESWIPE COLLISION - SAME DIRECTION,SIDESWIPE-SAME DIRECTION,STRAIGHT & LEVEL,DAYLIGHT,0,0,0,1
31430221,CAMPBELL,KY1892,StateRoute,100,GRAND,AVE,N,39.07962456,-84.46659401,1.367,3/29/2023 0:00,828,2,2,0,0,O,CLEAR,DRY,0,REAR END IN TRAFFIC LANES BOTH VEHICLES MOVING,REAR END,STRAIGHT & GRADE,DAYLIGHT,0,0,0,1
31430206,CAMPBELL,US0027,USRoute,,ALEXANDRIA,PIKE,,39.02556351,-84.44596731,15.801,3/29/2023 0:00,1557,2,2,0,0,O,CLEAR,DRY,0,REAR END IN TRAFFIC LANES BOTH VEHICLES MOVING,REAR END,STRAIGHT & LEVEL,DAYLIGHT,0,0,0,1
31433918,CAMPBELL,US0027,USRoute,,MONMOUTH,ST,,39.08569121,-84.48706873,21.426,3/30/2023 0:00,2100,2,2,0,0,O,CLEAR,DRY,0,REAR END IN TRAFFIC LANES BOTH VEHICLES MOVING,REAR END,STRAIGHT & HILLCREST,DARK-HWY LIGHTED/ON,0,0,0,1
31451295,CAMPBELL,US0027,USRoute,,ALEXANDRIA,PIKE,,38.95480257,-84.39320861,9.848,3/30/2023 0:00,1430,2,2,0,0,O,CLEAR,DRY,0,REAR END IN TRAFFIC LANES BOTH VEHICLES MOVING,REAR END,STRAIGHT & LEVEL,DAYLIGHT,0,0,0,1
31434305,CAMPBELL,I 0275,Interstate,,I275 E,,,39.05640926,-84.43198684,73.287,3/30/2023 0:00,1644,3,3,0,0,O,CLEAR,DRY,0,REAR END IN TRAFFIC LANES BOTH VEHICLES MOVING,REAR END,STRAIGHT & LEVEL,DAYLIGHT,0,0,0,1
31433843,CAMPBELL,I 0275,Interstate,,I275 W,,,39.02286208,-84.48442954,77.293,3/30/2023 0:00,1855,2,2,0,0,O,CLEAR,DRY,0,OTHER COLLISIONS ON SHOULDER,ANGLE,CURVE & GRADE,DAYLIGHT,0,0,0,1
31433054,CAMPBELL,KY1892,StateRoute,,CAROTHERS,RD,,39.08641645,-84.47829285,2.208,3/30/2023 0:00,1525,2,2,0,0,O,CLEAR,DRY,0,VEHICLE BACKING NON INTERSECTION,BACKING,CURVE & GRADE,DAYLIGHT,0,0,0,1
31432741,CAMPBELL,,OTHR,,EIGHT MILE,RD,,39.02479541,-84.34843142,0.082,3/30/2023 0:00,1702,1,1,0,0,O,CLEAR,DRY,0,COLLISION WITH FIXED OBJECT IN INTERSECTION - FIRST EVENT COLLISION 09 - 32,SINGLE VEHICLE,CURVE & LEVEL,DAYLIGHT,1,0,0,1
31434303,CAMPBELL,I 0275,Interstate,,I275 W,,,39.05621503,-84.43323058,73.351,3/30/2023 0:00,907,2,2,0,0,O,CLEAR,DRY,0,OCCUPANT FELL FROM MOVING VEHICLE,SIDESWIPE-SAME DIRECTION,STRAIGHT & LEVEL,DAYLIGHT,0,0,0,1
31433152,CAMPBELL,US0027,USRoute,,3RD,ST,E,39.09416523,-84.49596885,22.191,3/30/2023 0:00,1855,4,1,0,3,A,CLEAR,DRY,0,COLLISION WITH PEDESTRIAN NON - INTERSECTION,SINGLE VEHICLE,STRAIGHT & LEVEL,DAYLIGHT,0,0,1,0
31443033,CAMPBELL,,OTHR,404,4TH,AVE,,39.11299033,-84.47666943,0.021,3/30/2023 0:00,1425,2,2,0,0,O,CLEAR,DRY,0,1 VEHICLE PARKED POSITION (NOT PARKING LOT/DRIVEWAY),BACKING,STRAIGHT & LEVEL,DAYLIGHT,0,0,0,1
31432737,CAMPBELL,,OTHR,6249,ROYAL,AVE,,39.00871726,-84.43122086,0.091,3/30/2023 0:00,1423,2,2,0,0,O,CLEAR,DRY,0,1 VEHICLE PARKED POSITION (NOT PARKING LOT/DRIVEWAY),ANGLE,STRAIGHT & GRADE,DAYLIGHT,0,0,0,1
31435798,CAMPBELL,,OTHR,229,5TH,ST,E,39.09379768,-84.49183617,0.163,3/31/2023 0:00,910,2,2,0,0,O,RAINING,WET,0,1 VEHICLE PARKED POSITION (NOT PARKING LOT/DRIVEWAY),SIDESWIPE-SAME DIRECTION,STRAIGHT & LEVEL,DAYLIGHT,0,0,0,1
31475615,CAMPBELL,,OTHR,,SOUTHVIEW,AVE,,39.06358514,-84.4523928,0.229,3/31/2023 0:00,1205,2,2,0,0,O,CLOUDY,WET,1,1 VEHICLE PARKED POSITION (NOT PARKING LOT/DRIVEWAY),SIDESWIPE-OPPOSITE DIRECTION,STRAIGHT & LEVEL,DAYLIGHT,0,0,0,1
31438535,CAMPBELL,,OTHR,30,DONNERMEYER,BLVD,,39.09766444,-84.48250694,0.053,3/31/2023 0:00,1324,2,2,0,0,O,RAINING,WET,0,1 VEHICLE PARKED POSITION (NOT PARKING LOT/DRIVEWAY),SIDESWIPE-SAME DIRECTION,STRAIGHT & LEVEL,DAYLIGHT,0,0,0,1
31445185,CAMPBELL,,OTHR,,BLOSSOM,LN,,39.06237031,-84.45638079,0.139,3/31/2023 0:00,1025,1,1,0,0,O,RAINING,WET,0,RAN OFF ROADWAY (1 VEHICLE WITH/EARTH EMBANKMENT/DITCH),SINGLE VEHICLE,CURVE & GRADE,DAYLIGHT,0,0,0,1
31435761,CAMPBELL,KY0547,StateRoute,,FOUR MILE,RD,,38.98033927,-84.36390078,2.053,3/31/2023 0:00,620,1,1,0,0,O,RAINING,WET,0,COLLISION WITH ANIMAL NON INTERSECTION,SINGLE VEHICLE,STRAIGHT & LEVEL,DAWN,0,0,0,1
31436442,CAMPBELL,I 0471,Interstate,,I471 N,,,39.08758444,-84.4742172,3.424,3/31/2023 0:00,1229,1,1,0,0,O,RAINING,WET,0,COLLISION WITH FIXED OBJECT NON - INTERSECTION - FIRST EVENT COLLISION 09 - 32 EXCLUDING 16,SINGLE VEHICLE,STRAIGHT & LEVEL,DAYLIGHT,0,0,0,1
31437564,CAMPBELL,,OTHR,,LOWER TUG FORK,RD,,39.01111475,-84.38077089,0.726,3/31/2023 0:00,1912,1,1,0,0,O,CLOUDY,WET,0,COLLISION WITH ANIMAL IN INTERSECTION,SINGLE VEHICLE,STRAIGHT & LEVEL,DAYLIGHT,1,0,0,1
31460700,CAMPBELL,US0027,USRoute,7962,ALEXANDRIA,PIKE,,38.96699246,-84.39319389,10.686,3/31/2023 0:00,1110,2,2,0,0,O,RAINING,WET,0,OTHER INTERSECTION COLLISIONS,REAR END,STRAIGHT & LEVEL,DAYLIGHT,1,0,0,1
31474754,CAMPBELL,KY0008,StateRoute,,FAIRFIELD,AVE,,39.10735943,-84.48198868,1.968,3/31/2023 0:00,1511,2,2,0,0,O,RAINING,WET,0,OTHER INTERSECTION COLLISIONS,REAR END,STRAIGHT & LEVEL,DAYLIGHT,1,0,0,1
31447398,CAMPBELL,US0027,USRoute,,ALEXANDRIA,PIKE,,38.98519661,-84.40216206,12.186,3/31/2023 0:00,1630,3,3,0,1,B,RAINING,WET,0,REAR END IN TRAFFIC LANES BOTH VEHICLES MOVING,REAR END,STRAIGHT & GRADE,DAYLIGHT,0,0,0,1
31437220,CAMPBELL,US0027,USRoute,2700,ALEXANDRIA,PIKE,,39.03372893,-84.45321065,16.506,3/31/2023 0:00,1026,2,2,0,0,O,RAINING,WET,0,REAR END IN TRAFFIC LANES BOTH VEHICLES MOVING,REAR END,STRAIGHT & GRADE,DAYLIGHT,0,0,0,1
31438140,CAMPBELL,US0027,USRoute,,TAYLOR SOUTHGATE,BRG,,39.09660016,-84.50175023,22.627,3/31/2023 0:00,2328,2,2,0,1,B,SEVERE CROSSWINDS,WET,0,REAR END IN TRAFFIC LANES BOTH VEHICLES MOVING,REAR END,STRAIGHT & HILLCREST,DARK-HWY LIGHTED/ON,0,0,0,1