IncidentID,County,RdwyNumber,RdwyType,Street,RoadwayName,StreetSfx,StreetDir,Latitude,Longitude,Milepoint,CollisionDate,CollisionTime,UnitsInvolved,MotorVehiclesInvolved,NumberKilled,NumberInjured,KABCO,Weather,RdwyConditionCode,HitandRun,DirAnalysisCode,MannerofCollision,RdwyCharacter,LightCondition,Intersection Crash,Bicyclist,Pedestrian,Motor Vehicles
31446525,CAMPBELL,US0027,USRoute,25,ALEXANDRIA,PIKE,,39.06948886,-84.46841698,19.879,3/31/2023 0:00,1552,3,3,0,2,B,CLOUDY,WET,0,REAR END IN TRAFFIC LANES BOTH VEHICLES MOVING,REAR END,STRAIGHT & HILLCREST,DAYLIGHT,0,0,0,1
31439854,CAMPBELL,,OTHR,,DOWNING,ST,,39.02042868,-84.43759933,0.026,3/31/2023 0:00,1400,2,2,0,0,O,RAINING,WET,0,OTHER ROADWAY OR MID-BLOCK COLLISION,REAR END,STRAIGHT & HILLCREST,DAYLIGHT,0,0,0,1
31441276,CAMPBELL,I 0275,Interstate,,,,,39.02306735,-84.48332528,0.256,4/1/2023 0:00,2144,1,1,0,0,O,RAINING,WET,0,COLLISION WITH FIXED OBJECT NOT IN GORE ,SINGLE VEHICLE,STRAIGHT & LEVEL,DARK-HWY LIGHTED/ON,0,0,0,1
31440672,CAMPBELL,KY1120,StateRoute,,MEMORIAL,PKWY,,39.09270983,-84.47842004,1.499,4/1/2023 0:00,2349,2,2,0,0,O,CLOUDY,DRY,0,ANGLE COLLISION - ONE VEHICLE TURNING LEFT,ANGLE,STRAIGHT & LEVEL,DARK-HWY LIGHTED/ON,0,0,0,1
31439182,CAMPBELL,,OTHR,910,ANN,ST,,39.08611587,-84.493732,0.219,4/1/2023 0:00,1438,2,2,0,0,O,CLOUDY,DRY,0,1 VEHICLE PARKED POSITION (NOT PARKING LOT/DRIVEWAY),SIDESWIPE-SAME DIRECTION,STRAIGHT & LEVEL,DAYLIGHT,0,0,0,1
31443034,CAMPBELL,KY0008,StateRoute,311,6TH,AVE,,39.1110218,-84.47684875,2.342,4/1/2023 0:00,1505,2,2,0,0,O,CLOUDY,DRY,0,1 VEHICLE PARKED POSITION (NOT PARKING LOT/DRIVEWAY),SIDESWIPE-SAME DIRECTION,STRAIGHT & LEVEL,DAYLIGHT,0,0,0,1
31447400,CAMPBELL,KY0010,StateRoute,,MAIN,ST,E,38.95885599,-84.38906372,1.548,4/2/2023 0:00,958,2,2,0,0,O,CLEAR,DRY,0,OPPOSING LEFT TURN,OPPOSING LEFT TURN,STRAIGHT & LEVEL,DAYLIGHT,0,0,0,1
31452259,CAMPBELL,,OTHR,6,LILAC,LN,,39.07800616,-84.46060241,0.052,4/2/2023 0:00,1107,2,2,0,0,O,CLEAR,DRY,1,VEHICLE BACKING NON INTERSECTION,BACKING,STRAIGHT & LEVEL,DARK-HWY LIGHTED/ON,0,0,0,1
31446413,CAMPBELL,,OTHR,311,9TH,ST,E,39.08979412,-84.48757243,0.465,4/2/2023 0:00,815,2,2,0,0,O,CLOUDY,DRY,0,VEHICLE BACKING NON INTERSECTION,BACKING,STRAIGHT & LEVEL,DAYLIGHT,0,0,0,1
31444180,CAMPBELL,US0027,USRoute,,YORK,ST,,39.08498152,-84.48953807,21.6,4/2/2023 0:00,1918,2,2,0,3,B,CLEAR,DRY,0,1 VEHICLE ENTERING/LEAVING ENTRANCE,ANGLE,STRAIGHT & LEVEL,DAYLIGHT,0,0,0,1
31442368,CAMPBELL,I 0471,Interstate,,I471 N,,,39.10025557,-84.49391989,4.88,4/2/2023 0:00,1234,5,5,0,0,O,CLOUDY,DRY,0,OTHER ROADWAY OR MID-BLOCK COLLISION,REAR END,STRAIGHT & LEVEL,DAYLIGHT,0,0,0,1
31448780,CAMPBELL,I 0471,Interstate,,I471 N,,,39.09996307,-84.49263729,4.811,4/3/2023 0:00,1737,3,3,0,0,O,CLEAR,DRY,0,OTHER ROADWAY OR MID-BLOCK COLLISION,REAR END,STRAIGHT & LEVEL,DAYLIGHT,0,0,0,1
31448817,CAMPBELL,I 0275,Interstate,,,,,39.04515489,-84.46481889,0.196,4/3/2023 0:00,1547,1,1,0,0,O,CLEAR,DRY,0,COLLISION WITH FIXED OBJECT NOT IN GORE ,SINGLE VEHICLE,CURVE & GRADE,DAYLIGHT,0,0,0,1
31508331,CAMPBELL,I 0471,Interstate,,,,,39.09223598,-84.4762087,0.024,4/3/2023 0:00,1230,2,2,0,0,O,CLOUDY,WET,1,OTHER RAMP RELATED COLLISIONS NOT LISTED ABOVE,REAR END,STRAIGHT & HILLCREST,DAYLIGHT,0,0,0,1
31494585,CAMPBELL,US0027,USRoute,,ALEXANDRIA,PIKE,,39.03473694,-84.45376039,16.591,4/3/2023 0:00,850,2,1,0,0,O,CLEAR,DRY,0,OTHER ROADWAY OR MID-BLOCK COLLISION,REAR END,STRAIGHT & LEVEL,DAYLIGHT,0,0,0,1
31475609,CAMPBELL,KY1120,StateRoute,,FORT THOMAS,AVE,S,39.07850862,-84.44850677,4.236,4/3/2023 0:00,1543,2,2,0,0,O,CLEAR,DRY,0,REAR END IN TRAFFIC LANES BOTH VEHICLES MOVING,REAR END,STRAIGHT & LEVEL,DAYLIGHT,0,0,0,1
31456223,CAMPBELL,I 0275,Interstate,,I275 E,,,39.03120376,-84.47052737,76.304,4/3/2023 0:00,345,2,2,0,0,O,CLEAR,DRY,0,REAR END IN TRAFFIC LANES BOTH VEHICLES MOVING,REAR END,STRAIGHT & LEVEL,DAYLIGHT,0,0,0,1
31451854,CAMPBELL,I 0275,Interstate,,I275 W,,,39.05660061,-84.43268495,73.313,4/3/2023 0:00,801,1,1,0,0,O,CLOUDY,WET,0,COLLISION WITH FIXED OBJECT NON - INTERSECTION - FIRST EVENT COLLISION 09 - 32 EXCLUDING 16,SINGLE VEHICLE,STRAIGHT & LEVEL,DAYLIGHT,0,0,0,1
31448779,CAMPBELL,KY1892,StateRoute,,CAROTHERS,RD,,39.08630622,-84.47703107,2.163,4/3/2023 0:00,1822,2,2,0,0,O,CLEAR,DRY,0,OTHER INTERSECTION COLLISIONS,REAR END,STRAIGHT & GRADE,DAYLIGHT,1,0,0,1
31452222,CAMPBELL,US0027,USRoute,800,ALEXANDRIA,PIKE,,39.0627091,-84.45277463,18.826,4/3/2023 0:00,1310,1,1,0,0,O,CLOUDY,DRY,0,RAN OFF ROADWAY (1 VEHICLE WITH/EARTH EMBANKMENT/DITCH),SINGLE VEHICLE,CURVE & GRADE,DAYLIGHT,0,0,0,1
31457684,CAMPBELL,KY0915,StateRoute,909,CAMEL,XING,,38.91964112,-84.39493939,0.249,4/3/2023 0:00,1755,3,3,0,0,O,CLEAR,DRY,0,1 VEHICLE PARKED POSITION (NOT PARKING LOT/DRIVEWAY),ANGLE,STRAIGHT & LEVEL,DAYLIGHT,0,0,0,1
31448824,CAMPBELL,I 0471,Interstate,,I471 N,,,39.0987211,-84.49084927,4.677,4/3/2023 0:00,1756,2,2,0,0,O,CLEAR,DRY,0,SIDESWIPE-SAME DIRECTION,SIDESWIPE-SAME DIRECTION,STRAIGHT & LEVEL,DAYLIGHT,0,0,0,1
31457222,CAMPBELL,KY1892,StateRoute,,CAROTHERS,RD,,39.08638157,-84.47727755,2.154,4/4/2023 0:00,1711,2,2,0,0,O,CLEAR,DRY,1,OTHER INTERSECTION COLLISIONS,REAR END,STRAIGHT & LEVEL,DAYLIGHT,1,0,0,1
31486268,CAMPBELL,,OTHR,,ERVIN,TER,,39.10961373,-84.47310336,0.141,4/4/2023 0:00,2214,2,2,0,0,O,CLEAR,DRY,0,1 VEHICLE PARKED POSITION (NOT PARKING LOT/DRIVEWAY),BACKING,STRAIGHT & GRADE,DARK-HWY LIGHTED/ON,0,0,0,1
31455248,CAMPBELL,,OTHR,,8TH,ST,W,39.08758932,-84.49482504,0.301,4/4/2023 0:00,53,1,1,0,0,O,CLEAR,DRY,0,COLLISION WITH FIXED OBJECT NON - INTERSECTION - FIRST EVENT COLLISION 09 - 32 EXCLUDING 16,SINGLE VEHICLE,STRAIGHT & LEVEL,DARK-HWY LIGHTED/ON,0,0,0,1
31452593,CAMPBELL,US0027,USRoute,1900,MONMOUTH,ST,,39.08005287,-84.48131696,20.915,4/4/2023 0:00,1222,2,2,0,0,O,CLEAR,DRY,0,OTHER ROADWAY OR MID-BLOCK COLLISION,REAR END,STRAIGHT & LEVEL,DAYLIGHT,0,0,0,1
31471666,CAMPBELL,KY0471,StateRoute,,KY471,,,39.03769636,-84.45403573,0.048,4/5/2023 0:00,1655,2,2,0,0,O,RAINING,WET,0,REAR END IN TRAFFIC LANES BOTH VEHICLES MOVING,REAR END,STRAIGHT & LEVEL,DAYLIGHT,0,0,0,1
31459393,CAMPBELL,I 0471,Interstate,,I471 S,,,39.09544492,-84.48166688,4.128,4/5/2023 0:00,1715,2,2,0,0,O,RAINING,WET,0,REAR END IN TRAFFIC LANES BOTH VEHICLES MOVING,REAR END,STRAIGHT & LEVEL,DAYLIGHT,0,0,0,1
31460311,CAMPBELL,US0027,USRoute,25,ALEXANDRIA,PIKE,,39.06992582,-84.46900512,19.927,4/5/2023 0:00,1628,2,2,0,0,O,RAINING,WET,0,REAR END IN TRAFFIC LANES BOTH VEHICLES MOVING,REAR END,STRAIGHT & HILLCREST,DAYLIGHT,0,0,0,1
31457224,CAMPBELL,KY1892,StateRoute,,GRAND,AVE,,39.08156304,-84.4690753,1.568,4/5/2023 0:00,1138,2,2,0,0,O,CLOUDY,DRY,0,SIDESWIPE COLLISION - SAME DIRECTION,SIDESWIPE-SAME DIRECTION,STRAIGHT & GRADE,DAYLIGHT,0,0,0,1
31461231,CAMPBELL,,OTHR,,RIVIERA,DR,,39.09833696,-84.48471087,0.322,4/5/2023 0:00,1651,2,2,0,0,O,RAINING,WET,0,1 VEHICLE ENTERING/LEAVING ENTRANCE,ANGLE,STRAIGHT & LEVEL,DUSK,0,0,0,1
31503050,CAMPBELL,US0027,USRoute,,ALEXANDRIA,PIKE,,39.03138081,-84.45204355,16.333,4/5/2023 0:00,1627,4,4,0,0,O,RAINING,WET,0,OTHER INTERSECTION COLLISIONS,REAR END,STRAIGHT & LEVEL,DAYLIGHT,1,0,0,1
31474277,CAMPBELL,KY0009,StateRoute,,AA,HWY,,38.9148613,-84.28398773,4.049,4/5/2023 0:00,835,1,1,0,0,O,CLOUDY,DRY,0,COLLISION WITH ANIMAL IN INTERSECTION,SINGLE VEHICLE,STRAIGHT & LEVEL,DUSK,1,0,0,1
31474281,CAMPBELL,KY0735,StateRoute,,SMITH,RD,,38.88619672,-84.25890018,0.335,4/6/2023 0:00,1400,1,1,0,0,O,CLOUDY,DRY,0,COLLISION WITH FIXED OBJECT NON - INTERSECTION - FIRST EVENT COLLISION 09 - 32 EXCLUDING 16,SINGLE VEHICLE,CURVE & LEVEL,DAYLIGHT,0,0,0,1
31465683,CAMPBELL,KY1892,StateRoute,90,CAROTHERS,RD,,39.08437705,-84.48258341,2.486,4/6/2023 0:00,1300,2,2,0,0,O,CLEAR,DRY,1,1 VEHICLE PARKED POSITION (NOT PARKING LOT/DRIVEWAY),SIDESWIPE-SAME DIRECTION,STRAIGHT & LEVEL,DAYLIGHT,0,0,0,1
31474275,CAMPBELL,,OTHR,,HARLEQUIN,CT,,38.91830092,-84.40690764,,4/6/2023 0:00,1800,2,2,0,0,O,CLOUDY,DRY,1,1 VEHICLE PARKED POSITION (NOT PARKING LOT/DRIVEWAY),SIDESWIPE-SAME DIRECTION,STRAIGHT & LEVEL,DAYLIGHT,0,0,0,1
31463149,CAMPBELL,KY1998,StateRoute,,INDUSTRIAL,RD,,39.03190691,-84.43853306,2.439,4/6/2023 0:00,535,1,1,0,0,O,CLOUDY,DRY,0,COLLISION WITH NON-FIXED OBJECT ,SINGLE VEHICLE,STRAIGHT & LEVEL,DARK-HWY NOT LIGHTED,0,0,0,1
31497090,CAMPBELL,KY2238,StateRoute,,LOUIE B NUNN,DR,,39.03473516,-84.45564854,0.091,4/6/2023 0:00,1559,2,2,0,0,O,CLOUDY,DRY,0,SIDESWIPE COLLISION - SAME DIRECTION,SIDESWIPE-SAME DIRECTION,CURVE & GRADE,DAYLIGHT,0,0,0,1
31471374,CAMPBELL,KY0009,StateRoute,,LICKING,PIKE,,39.02306597,-84.48088064,17.769,4/6/2023 0:00,1624,2,2,0,2,C,CLEAR,DRY,0,REAR END IN TRAFFIC LANES BOTH VEHICLES MOVING,REAR END,STRAIGHT & LEVEL,DAYLIGHT,0,0,0,1
31464229,CAMPBELL,KY2345,StateRoute,,MARTHA L COLLINS,BLVD,,39.02891275,-84.45068005,0.01,4/6/2023 0:00,1805,2,2,0,0,O,CLOUDY,DRY,0,OTHER ROADWAY OR MID-BLOCK COLLISION,REAR END,STRAIGHT & GRADE,DAYLIGHT,0,0,0,1
31481913,CAMPBELL,,OTHR,,VILLAGE GREEN SHOPPING CENTER,,,38.98498203,-84.40013415,0.068,4/7/2023 0:00,1650,2,2,0,0,O,CLOUDY,DRY,0,1 VEHICLE ENTERING/LEAVING ENTRANCE,ANGLE,CURVE & LEVEL,DAYLIGHT,0,0,0,1
31465658,CAMPBELL,US0027,USRoute,,MONMOUTH,ST,,39.08404287,-84.4845943,21.251,4/7/2023 0:00,953,2,2,0,0,O,CLOUDY,DRY,1,OTHER INTERSECTION COLLISIONS,REAR END,STRAIGHT & LEVEL,DAYLIGHT,1,0,0,1
31469414,CAMPBELL,US0027,USRoute,,ALEXANDRIA,PIKE,,39.00323672,-84.42330455,13.841,4/7/2023 0:00,1220,2,2,0,0,O,CLOUDY,DRY,0,OPPOSING LEFT TURN,OPPOSING LEFT TURN,STRAIGHT & LEVEL,DAYLIGHT,0,0,0,1
31469415,CAMPBELL,US0027,USRoute,,ALEXANDRIA,PIKE,,39.00328802,-84.42336513,13.837,4/8/2023 0:00,1140,2,2,0,0,O,CLEAR,DRY,0,ANGLE COLLISION - OTHER,ANGLE,STRAIGHT & LEVEL,DAYLIGHT,0,0,0,1
31471379,CAMPBELL,KY0009,StateRoute,,LICKING,PIKE,,39.04873186,-84.48916521,19.674,4/8/2023 0:00,1008,1,1,0,0,O,CLEAR,DRY,0,COLLISION WITH ANIMAL NON INTERSECTION,SINGLE VEHICLE,CURVE & GRADE,DAYLIGHT,0,0,0,1
31470019,CAMPBELL,KY0008,StateRoute,,3RD,ST,E,39.0951521,-84.49405968,0.756,4/8/2023 0:00,1924,2,2,0,0,O,CLEAR,DRY,0,1 VEHICLE ENTERING/LEAVING ENTRANCE,ANGLE,STRAIGHT & LEVEL,DAYLIGHT,0,0,0,1
31470020,CAMPBELL,US0027,USRoute,,3RD,ST,E,39.09359129,-84.49665076,22.244,4/8/2023 0:00,2053,2,2,0,0,O,CLEAR,DRY,0,1 VEHICLE ENTERING/LEAVING ENTRANCE,ANGLE,CURVE & LEVEL,DARK-HWY LIGHTED/ON,0,0,0,1
31474846,CAMPBELL,I 0471,Interstate,,I471 S,,,39.05809904,-84.4696043,1.087,4/8/2023 0:00,222,1,1,0,0,O,CLEAR,DRY,1,OTHER ROADWAY OR MID-BLOCK COLLISION,SINGLE VEHICLE,STRAIGHT & LEVEL,DARK-HWY LIGHTED/ON,0,0,0,1
31474930,CAMPBELL,US0027,USRoute,,ALEXANDRIA,PIKE,,39.00648001,-84.42695137,14.13,4/8/2023 0:00,1908,1,1,0,1,B,CLEAR,DRY,0,OTHER ROADWAY OR MID-BLOCK COLLISION,SINGLE VEHICLE,STRAIGHT & LEVEL,DAYLIGHT,0,0,0,1
31474274,CAMPBELL,,OTHR,9538,BARRS BRANCH,RD,,38.93435579,-84.36027625,0.575,4/8/2023 0:00,1500,1,1,0,0,O,CLEAR,DRY,0,OTHER COLLISIONS ON SHOULDER,SINGLE VEHICLE,STRAIGHT & LEVEL,DAYLIGHT,0,0,0,1
31469935,CAMPBELL,I 0471,Interstate,,I471 S,,,39.10046333,-84.49486288,4.93,4/8/2023 0:00,2020,1,1,0,0,O,CLEAR,DRY,0,OTHER ROADWAY OR MID-BLOCK COLLISION,SINGLE VEHICLE,STRAIGHT & LEVEL,DARK-HWY LIGHTED/ON,0,0,0,1
31476153,CAMPBELL,I 0275,Interstate,,I275 E,,,39.02711183,-84.47395637,76.633,4/9/2023 0:00,1817,1,1,0,1,C,CLEAR,DRY,0,RAN OFF ROADWAY (1 VEHICLE WITH/EARTH EMBANKMENT/DITCH),SINGLE VEHICLE,CURVE & GRADE,DAYLIGHT,0,0,0,1
31475617,CAMPBELL,,OTHR,45,FISCHER,LN,,39.07394985,-84.46879041,0.206,4/9/2023 0:00,1600,2,2,0,0,O,CLEAR,DRY,0,1 VEHICLE PARKED POSITION (NOT PARKING LOT/DRIVEWAY),BACKING,STRAIGHT & LEVEL,DAYLIGHT,0,0,0,1
31472386,CAMPBELL,KY1120,StateRoute,337,11TH,ST,W,39.08201624,-84.49495271,0.311,4/9/2023 0:00,1806,2,2,0,0,O,CLEAR,DRY,1,1 VEHICLE PARKED POSITION (NOT PARKING LOT/DRIVEWAY),BACKING,STRAIGHT & LEVEL,DAYLIGHT,0,0,0,1
31477469,CAMPBELL,KY2238,StateRoute,,UNIVERSITY,DR,,39.0335592,-84.4598963,0.336,4/9/2023 0:00,2051,2,2,0,0,O,CLEAR,DRY,0,ANGLE COLLISION - OTHER,ANGLE,CURVE & LEVEL,DARK-HWY LIGHTED/ON,0,0,0,1
31477487,CAMPBELL,KY0009,StateRoute,,AA,HWY,,38.95948357,-84.34263416,8.557,4/9/2023 0:00,2058,1,1,0,0,O,CLEAR,DRY,0,COLLISION WITH ANIMAL IN INTERSECTION,SINGLE VEHICLE,STRAIGHT & HILLCREST,DARK-HWY LIGHTED/OFF,1,0,0,1
31492214,CAMPBELL,,OTHR,,CALIFORNIA,XRD,,38.89934148,-84.29437972,1.258,4/10/2023 0:00,1711,1,1,0,0,O,CLEAR,DRY,0,OTHER COLLISIONS ON SHOULDER,SINGLE VEHICLE,STRAIGHT & LEVEL,DAYLIGHT,0,0,0,1
31531048,CAMPBELL,,OTHR,160,NEWPORT PAVILION,,,39.09116714,-84.47752047,0.207,4/10/2023 0:00,1035,2,2,0,0,O,CLEAR,DRY,0,OTHER ROADWAY OR MID-BLOCK COLLISION,REAR TO REAR,STRAIGHT & LEVEL,DAYLIGHT,0,0,0,1
31480513,CAMPBELL,,OTHR,,PLAZA,DR,,39.00421999,-84.42474911,0.01,4/10/2023 0:00,1639,2,2,0,0,O,CLEAR,DRY,0,VEHICLE BACKING NON INTERSECTION,BACKING,STRAIGHT & LEVEL,DAYLIGHT,0,0,0,1
31581861,CAMPBELL,KY0008,StateRoute,,4TH,ST,W,39.08887957,-84.50150491,0.193,4/10/2023 0:00,1934,2,2,0,0,O,CLEAR,DRY,0,1 VEHICLE ENTERING/LEAVING ENTRANCE,ANGLE,CURVE & LEVEL,DAYLIGHT,0,0,0,1
31477607,CAMPBELL,KY0009,StateRoute,,LICKING,PIKE,,39.02142555,-84.48135071,17.641,4/10/2023 0:00,1513,2,2,0,1,B,CLEAR,DRY,0,ANGLE COLLISION - OTHER,ANGLE,STRAIGHT & LEVEL,DAYLIGHT,0,0,0,1
31478721,CAMPBELL,KY1892,StateRoute,,GRAND,AVE,,39.08526291,-84.47424713,1.962,4/10/2023 0:00,2111,2,2,0,0,O,CLEAR,DRY,0,ANGLE COLLISION - ONE VEHICLE TURNING LEFT,ANGLE,STRAIGHT & GRADE,DARK-HWY LIGHTED/ON,0,0,0,1
31477490,CAMPBELL,,OTHR,146,BRECKENRIDGE,DR,,38.96128284,-84.40032741,0.293,4/10/2023 0:00,854,2,2,0,0,O,CLEAR,DRY,0,1 VEHICLE PARKED POSITION (NOT PARKING LOT/DRIVEWAY),BACKING,STRAIGHT & LEVEL,DAYLIGHT,0,0,0,1
31487780,CAMPBELL,,OTHR,,RIDGEWOOD,DR,,38.95562329,-84.35438892,0.625,4/10/2023 0:00,724,2,2,0,1,B,CLEAR,DRY,0,1 VEHICLE PARKED POSITION (NOT PARKING LOT/DRIVEWAY),REAR END,STRAIGHT & LEVEL,DAYLIGHT,0,0,0,1
31492738,CAMPBELL,,OTHR,1005,WASHINGTON,AVE,,39.08820226,-84.48643382,0.63,4/10/2023 0:00,1223,2,2,0,0,O,CLEAR,DRY,0,1 VEHICLE PARKED POSITION (NOT PARKING LOT/DRIVEWAY),REAR END,STRAIGHT & LEVEL,DAYLIGHT,0,0,0,1
31490229,CAMPBELL,,OTHR,125,ROSSFORD,AVE,,39.09714626,-84.45337421,0.764,4/10/2023 0:00,2344,2,2,0,0,O,CLEAR,DRY,0,1 VEHICLE PARKED POSITION (NOT PARKING LOT/DRIVEWAY),BACKING,STRAIGHT & GRADE,DARK-HWY LIGHTED/ON,0,0,0,1
31480281,CAMPBELL,,OTHR,19,GADDIS,DR,,39.07576021,-84.46413309,0.047,4/10/2023 0:00,806,2,2,0,0,O,CLEAR,DRY,1,COLLISION WITH FIXED OBJECT NON - INTERSECTION - FIRST EVENT COLLISION 09 - 32 EXCLUDING 16,ANGLE,STRAIGHT & LEVEL,UNKNOWN,0,0,0,1
31534899,CAMPBELL,US0027,USRoute,,ALEXANDRIA,PIKE,,38.85241786,-84.38273587,2.409,4/10/2023 0:00,1701,5,5,1,0,K,CLEAR,DRY,0,OTHER ROADWAY OR MID-BLOCK COLLISION,REAR END,STRAIGHT & HILLCREST,DAYLIGHT,0,0,0,1
31492737,CAMPBELL,I 0471,Interstate,,,,,39.08541683,-84.47461089,0.215,4/10/2023 0:00,1505,2,2,0,0,O,CLEAR,DRY,0,OTHER RAMP RELATED COLLISIONS NOT LISTED ABOVE,SIDESWIPE-SAME DIRECTION,CURVE & LEVEL,DAYLIGHT,0,0,0,1
31477009,CAMPBELL,I 0471,Interstate,,,,,39.09285551,-84.47908369,0.194,4/10/2023 0:00,740,2,2,0,0,O,CLEAR,DRY,0,OTHER RAMP RELATED COLLISIONS NOT LISTED ABOVE,REAR END,CURVE & LEVEL,DAYLIGHT,0,0,0,1
31485820,CAMPBELL,KY1892,StateRoute,95,CAROTHERS,RD,,39.08510149,-84.480626,2.365,4/11/2023 0:00,1356,2,2,0,0,O,CLEAR,DRY,0,OTHER ROADWAY OR MID-BLOCK COLLISION,OPPOSING LEFT TURN,STRAIGHT & LEVEL,DAYLIGHT,0,0,0,1
31480682,CAMPBELL,KY1892,StateRoute,82,CAROTHERS,RD,,39.08643659,-84.47769751,2.177,4/11/2023 0:00,850,2,2,0,0,O,CLEAR,DRY,0,OTHER ROADWAY OR MID-BLOCK COLLISION,REAR END,CURVE & LEVEL,DAYLIGHT,0,0,0,1
31485733,CAMPBELL,KY0008,StateRoute,,FAIRFIELD,AVE,,39.10438231,-84.48560759,1.68,4/11/2023 0:00,1706,2,2,0,0,O,CLEAR,DRY,0,OTHER INTERSECTION COLLISIONS,REAR END,STRAIGHT & LEVEL,DAYLIGHT,1,0,0,1
31599251,CAMPBELL,KY0008,StateRoute,,6TH,AVE,,39.108996,-84.47993314,2.129,4/11/2023 0:00,1940,2,1,0,0,O,CLEAR,DRY,1,COLLISION WITH BICYCLE IN INTERSECTION,SINGLE VEHICLE,STRAIGHT & LEVEL,DAYLIGHT,1,1,0,0
31485010,CAMPBELL,KY1632,StateRoute,,MOOCK,RD,,39.0602126,-84.47766611,0.751,4/11/2023 0:00,1820,2,2,0,0,O,CLEAR,DRY,0,REAR END IN TRAFFIC LANES BOTH VEHICLES MOVING,REAR END,CURVE & GRADE,DAYLIGHT,0,0,0,1
31487899,CAMPBELL,I 0471,Interstate,,I471 N,,,39.09226591,-84.47693189,3.782,4/12/2023 0:00,1000,2,2,0,0,O,CLEAR,DRY,1,SIDESWIPE COLLISION - SAME DIRECTION,SIDESWIPE-SAME DIRECTION,STRAIGHT & LEVEL,DAYLIGHT,0,0,0,1
31506159,CAMPBELL,US0027,USRoute,,ALEXANDRIA,PIKE,,38.98209476,-84.39789971,11.861,4/12/2023 0:00,1006,2,2,0,0,O,CLEAR,DRY,0,VEHICLE BACKING IN INTERSECTION,BACKING,STRAIGHT & HILLCREST,DAYLIGHT,1,0,0,1
31503052,CAMPBELL,US0027,USRoute,,ALEXANDRIA,PIKE,,39.04271686,-84.44837123,17.238,4/13/2023 0:00,2116,2,2,0,0,O,CLEAR,DRY,0,OTHER ROADWAY OR MID-BLOCK COLLISION,OPPOSING LEFT TURN,STRAIGHT & LEVEL,DARK-HWY LIGHTED/ON,0,0,0,1
31498146,CAMPBELL,US0027,USRoute,,ALEXANDRIA,PIKE,,39.00323402,-84.42330389,13.841,4/13/2023 0:00,1301,2,2,0,2,B,CLEAR,DRY,0,ANGLE COLLISION - OTHER,ANGLE,STRAIGHT & LEVEL,DAYLIGHT,0,0,0,1
31501370,CAMPBELL,I 0275,Interstate,,I275 E,,,39.05658877,-84.4309728,73.234,4/13/2023 0:00,1517,2,2,0,0,O,CLEAR,DRY,0,SIDESWIPE COLLISION - SAME DIRECTION,SIDESWIPE-SAME DIRECTION,STRAIGHT & LEVEL,DAYLIGHT,0,0,0,1
31505994,CAMPBELL,I 0471,Interstate,,I471 NB,,,39.06182786,-84.46864405,1.369,4/13/2023 0:00,917,2,2,0,0,O,CLEAR,DRY,0,SIDESWIPE COLLISION - SAME DIRECTION,SIDESWIPE-SAME DIRECTION,CURVE & LEVEL,DAYLIGHT,0,0,0,1
31497431,CAMPBELL,KY0009,StateRoute,512,12TH,ST,W,39.0797368,-84.49571006,22.049,4/13/2023 0:00,900,2,2,0,0,O,CLEAR,DRY,0,1 VEHICLE ENTERING/LEAVING ENTRANCE,ANGLE,STRAIGHT & LEVEL,DAYLIGHT,0,0,0,1
31495702,CAMPBELL,KY1120,StateRoute,1227,FT THOMAS,AVE,S,39.06239579,-84.44847411,5.556,4/13/2023 0:00,1756,2,2,0,0,O,CLOUDY,DRY,0,VEHICLE BACKING NON INTERSECTION,BACKING,STRAIGHT & LEVEL,DAYLIGHT,0,0,0,1
31503049,CAMPBELL,US0027,USRoute,,ALEXANDRIA,PIKE,,39.03511345,-84.45393419,16.622,4/13/2023 0:00,1928,1,1,0,1,C,CLEAR,DRY,0,OTHER ROADWAY OR MID-BLOCK COLLISION,SINGLE VEHICLE,STRAIGHT & LEVEL,DAYLIGHT,0,0,0,1
31503045,CAMPBELL,US0027,USRoute,,ALEXANDRIA,PIKE,,39.00210638,-84.42178242,13.732,4/13/2023 0:00,930,3,3,0,1,C,CLEAR,DRY,0,REAR END IN TRAFFIC LANES BOTH VEHICLES MOVING,REAR END,STRAIGHT & LEVEL,DAYLIGHT,0,0,0,1
31527034,CAMPBELL,I 0471,Interstate,,I471 S,,,39.07279638,-84.4642277,2.258,4/13/2023 0:00,1622,2,2,0,0,O,CLEAR,DRY,0,REAR END IN TRAFFIC LANES BOTH VEHICLES MOVING,REAR END,STRAIGHT & LEVEL,DAYLIGHT,0,0,0,1
31501369,CAMPBELL,I 0275,Interstate,,I275 E,,,39.05595309,-84.43291971,73.346,4/13/2023 0:00,1748,2,2,0,0,O,CLEAR,DRY,0,REAR END IN TRAFFIC LANES BOTH VEHICLES MOVING,REAR END,STRAIGHT & LEVEL,DAYLIGHT,0,0,0,1
31497690,CAMPBELL,KY0008,StateRoute,,DAVE COWENS,DR,,39.09863888,-84.49211327,1.117,4/14/2023 0:00,1600,2,2,0,0,O,CLEAR,DRY,0,SIDESWIPE COLLISION - SAME DIRECTION,SIDESWIPE-SAME DIRECTION,STRAIGHT & LEVEL,DAYLIGHT,0,0,0,1
31497691,CAMPBELL,KY0008,StateRoute,,DAVE COWENS,DR,,39.10085804,-84.48967793,1.345,4/14/2023 0:00,1354,2,2,0,0,O,CLOUDY,DRY,0,SIDESWIPE COLLISION - SAME DIRECTION,SIDESWIPE-SAME DIRECTION,STRAIGHT & LEVEL,DAYLIGHT,0,0,0,1