IncidentID,County,RdwyNumber,RdwyType,Street,RoadwayName,StreetSfx,StreetDir,Latitude,Longitude,Milepoint,CollisionDate,CollisionTime,UnitsInvolved,MotorVehiclesInvolved,NumberKilled,NumberInjured,KABCO,Weather,RdwyConditionCode,HitandRun,DirAnalysisCode,MannerofCollision,RdwyCharacter,LightCondition,Intersection Crash,Bicyclist,Pedestrian,Motor Vehicles
31511568,CAMPBELL,US0027,USRoute,,ALEXANDRIA,PIKE,,38.98667709,-84.40401837,12.321,4/14/2023 0:00,1046,2,2,0,0,O,CLEAR,DRY,0,OTHER INTERSECTION COLLISIONS,REAR END,STRAIGHT & HILLCREST,DAYLIGHT,1,0,0,1
31499753,CAMPBELL,,OTHR,,FOOTE,AVE,,39.10728349,-84.48190747,0.158,4/14/2023 0:00,1530,2,2,0,0,O,CLEAR,DRY,0,1 VEHICLE PARKED POSITION (NOT PARKING LOT/DRIVEWAY),SIDESWIPE-SAME DIRECTION,STRAIGHT & LEVEL,DAYLIGHT,0,0,0,1
31499985,CAMPBELL,,OTHR,800,VINE,ST,,39.10979599,-84.47602738,0.265,4/14/2023 0:00,1230,3,3,0,0,O,CLOUDY,DRY,0,1 VEHICLE PARKED POSITION (NOT PARKING LOT/DRIVEWAY),ANGLE,STRAIGHT & LEVEL,DAYLIGHT,0,0,0,1
31517918,CAMPBELL,,OTHR,,UNIVERSITY,DR,,39.02929057,-84.46059769,0.278,4/14/2023 0:00,1700,1,1,0,0,O,CLEAR,DRY,1,OTHER ROADWAY OR MID-BLOCK COLLISION,SINGLE VEHICLE,STRAIGHT & GRADE,DAYLIGHT,0,0,0,1
31512577,CAMPBELL,,OTHR,3721,JOYCE ANN,LN,,38.97531117,-84.36940523,0.09,4/15/2023 0:00,308,3,3,0,0,O,CLEAR,DRY,1,1 VEHICLE PARKED POSITION (NOT PARKING LOT/DRIVEWAY),SIDESWIPE-OPPOSITE DIRECTION,STRAIGHT & LEVEL,DARK-HWY LIGHTED/ON,0,0,0,1
31505395,CAMPBELL,KY0009,StateRoute,,AA,HWY,,39.02142667,-84.48136788,17.64,4/15/2023 0:00,1519,2,2,0,4,C,CLEAR,DRY,0,ANGLE COLLISION - OTHER,ANGLE,STRAIGHT & LEVEL,DAYLIGHT,0,0,0,1
31505393,CAMPBELL,I 0275,Interstate,,I275 E,,,39.02257573,-84.48883089,77.55,4/15/2023 0:00,742,2,2,0,2,C,CLEAR,DRY,0,1 VEHICLE ENTERING/LEAVING ENTRANCE,ANGLE,STRAIGHT & GRADE,DAYLIGHT,0,0,0,1
31505173,CAMPBELL,,OTHR,,SIRY,RD,,38.8609621,-84.38813485,2.639,4/15/2023 0:00,615,2,2,0,1,B,CLEAR,DRY,0,HEAD-ON COLLISION,HEAD ON,STRAIGHT & GRADE,DAWN,0,0,0,1
31574241,CAMPBELL,KY0010,StateRoute,,MAIN,ST,E,38.94235881,-84.359593,3.76,4/15/2023 0:00,1400,1,1,0,1,A,CLEAR,DRY,0,OTHER COLLISIONS ON SHOULDER,SINGLE VEHICLE,CURVE & GRADE,DAYLIGHT,0,0,0,1
31522614,CAMPBELL,I 0471,Interstate,,I471 N,,,39.10047008,-84.49420399,4.901,4/15/2023 0:00,1209,2,2,0,0,O,CLEAR,DRY,0,REAR END IN TRAFFIC LANES BOTH VEHICLES MOVING,REAR END,STRAIGHT & LEVEL,DAYLIGHT,0,0,0,1
31500251,CAMPBELL,I 0471,Interstate,,I471 N,,,39.10030898,-84.49406873,4.889,4/15/2023 0:00,1433,2,2,0,0,O,CLOUDY,DRY,0,REAR END IN TRAFFIC LANES BOTH VEHICLES MOVING,REAR END,STRAIGHT & LEVEL,DAYLIGHT,0,0,0,1
34446259,CAMPBELL,US0027,USRoute,,ALEXANDRIA,PIKE,,39.0247447,-84.44380717,15.672,4/16/2023 0:00,1440,2,2,0,0,O,CLEAR,DRY,0,SIDESWIPE COLLISION - SAME DIRECTION,SIDESWIPE-SAME DIRECTION,STRAIGHT & LEVEL,DAYLIGHT,0,0,0,1
31506219,CAMPBELL,KY0008,StateRoute,,6TH,AVE,,39.10907038,-84.4798671,2.134,4/16/2023 0:00,1724,4,4,0,0,O,CLOUDY,DRY,0,1 VEHICLE PARKED POSITION (NOT PARKING LOT/DRIVEWAY),SIDESWIPE-SAME DIRECTION,CURVE & LEVEL,DAYLIGHT,0,0,0,1
31512147,CAMPBELL,,OTHR,219,HIGHLAND,AVE,,39.07738803,-84.45131935,1.214,4/17/2023 0:00,1631,2,2,0,0,O,CLEAR,DRY,0,1 VEHICLE PARKED POSITION (NOT PARKING LOT/DRIVEWAY),BACKING,STRAIGHT & LEVEL,DAYLIGHT,0,0,0,1
31508086,CAMPBELL,I 0471,Interstate,,I471 N,,,39.09975193,-84.49293438,4.816,4/17/2023 0:00,1041,1,1,0,0,O,CLOUDY,DRY,0,COLLISION WITH FIXED OBJECT NON - INTERSECTION - FIRST EVENT COLLISION 09 - 32 EXCLUDING 16,SINGLE VEHICLE,STRAIGHT & LEVEL,DAYLIGHT,0,0,0,1
31512934,CAMPBELL,KY0009,StateRoute,,LICKING,PIKE,,39.05006054,-84.49028855,19.772,4/17/2023 0:00,2130,1,1,0,0,O,CLOUDY,DRY,0,COLLISION WITH ANIMAL NON INTERSECTION,SINGLE VEHICLE,CURVE & GRADE,DARK-HWY LIGHTED/OFF,0,0,0,1
31537931,CAMPBELL,,OTHR,,POPLAR RIDGE,RD,,38.97365663,-84.39212542,0.008,4/17/2023 0:00,807,2,2,0,0,O,CLEAR,DRY,0,OTHER INTERSECTION COLLISIONS,REAR END,STRAIGHT & LEVEL,DAYLIGHT,1,0,0,1
31517930,CAMPBELL,KY0009,StateRoute,,AA,HWY,,38.87180706,-84.26089337,0.684,4/17/2023 0:00,1507,2,2,0,0,O,CLEAR,DRY,0,ANGLE COLLISION - OTHER,ANGLE,STRAIGHT & LEVEL,DAYLIGHT,0,0,0,1
31521963,CAMPBELL,,OTHR,,KENTON,DR,,39.03289542,-84.46817395,0.304,4/17/2023 0:00,1330,2,2,0,0,O,CLEAR,DRY,0,1 VEHICLE PARKED POSITION (NOT PARKING LOT/DRIVEWAY),BACKING,STRAIGHT & GRADE,DAYLIGHT,0,0,0,1
31522613,CAMPBELL,KY1120,StateRoute,116,11TH,ST,W,39.08390954,-84.49148207,0.542,4/17/2023 0:00,1640,2,2,0,0,O,CLEAR,DRY,1,1 VEHICLE PARKED POSITION (NOT PARKING LOT/DRIVEWAY),REAR END,STRAIGHT & LEVEL,DAYLIGHT,0,0,0,1
31529049,CAMPBELL,KY0008,StateRoute,1011,4TH,AVE,,39.11514028,-84.46633179,3.011,4/18/2023 0:00,2246,2,2,0,0,O,CLEAR,DRY,1,1 VEHICLE PARKED POSITION (NOT PARKING LOT/DRIVEWAY),BACKING,STRAIGHT & LEVEL,DARK-HWY LIGHTED/ON,0,0,0,1
31529046,CAMPBELL,,OTHR,711,8TH,AVE,,39.11023447,-84.47602324,0.355,4/18/2023 0:00,1600,2,2,0,0,O,CLEAR,DRY,1,1 VEHICLE PARKED POSITION (NOT PARKING LOT/DRIVEWAY),SIDESWIPE-SAME DIRECTION,STRAIGHT & LEVEL,DAYLIGHT,0,0,0,1
31516870,CAMPBELL,,OTHR,,ALEXANDRIA,PIKE,E,39.01846106,-84.43535381,0.564,4/19/2023 0:00,734,2,2,0,0,O,CLEAR,DRY,0,OTHER INTERSECTION COLLISIONS,REAR END,STRAIGHT & LEVEL,DAYLIGHT,1,0,0,1
31531049,CAMPBELL,,OTHR,942,COLUMBIA,ST,,39.08578352,-84.49235487,0.233,4/19/2023 0:00,1331,1,1,0,0,O,CLEAR,DRY,0,COLLISION WITH FIXED OBJECT NON - INTERSECTION - FIRST EVENT COLLISION 09 - 32 EXCLUDING 16,SINGLE VEHICLE,STRAIGHT & LEVEL,DAYLIGHT,0,0,0,1
31527038,CAMPBELL,KY1120,StateRoute,,FT THOMAS,AVE,S,39.07236064,-84.44622948,4.695,4/19/2023 0:00,2035,2,2,0,0,O,CLEAR,DRY,0,SIDESWIPE COLLISION - SAME DIRECTION,SIDESWIPE-SAME DIRECTION,STRAIGHT & LEVEL,DUSK,0,0,0,1
31527854,CAMPBELL,,OTHR,,UHL,RD,,39.02398775,-84.40263099,,4/19/2023 0:00,1810,1,1,0,0,O,CLEAR,DRY,0,OTHER COLLISIONS ON SHOULDER,SINGLE VEHICLE,CURVE & GRADE,DAYLIGHT,0,0,0,1
31574236,CAMPBELL,,OTHR,,SHORT CUT,RD,,38.87180092,-84.26095506,0.01,4/19/2023 0:00,1810,2,2,0,0,O,CLEAR,DRY,0,REAR END IN TRAFFIC LANES BOTH VEHICLES MOVING,REAR END,STRAIGHT & LEVEL,DAYLIGHT,0,0,0,1
31554897,CAMPBELL,US0027,USRoute,7625,ALEXANDRIA,PIKE,,38.97635655,-84.39280422,11.319,4/20/2023 0:00,1725,1,1,0,0,O,CLEAR,DRY,0,COLLISION WITH FIXED OBJECT NON - INTERSECTION - FIRST EVENT COLLISION 09 - 32 EXCLUDING 16,SINGLE VEHICLE,STRAIGHT & LEVEL,DAYLIGHT,0,0,0,1
31527039,CAMPBELL,KY1120,StateRoute,223,FT THOMAS,AVE,N,39.08226157,-84.45070827,3.941,4/20/2023 0:00,1611,1,1,0,0,O,CLOUDY,DRY,0,COLLISION WITH FIXED OBJECT NON - INTERSECTION - FIRST EVENT COLLISION 09 - 32 EXCLUDING 16,SINGLE VEHICLE,CURVE & LEVEL,DAYLIGHT,0,0,0,1
31527043,CAMPBELL,I 0471,Interstate,,I471 N,,,39.06697933,-84.46469849,1.797,4/20/2023 0:00,2042,1,1,0,0,O,CLEAR,DRY,0,COLLISION WITH ANIMAL IN INTERSECTION,SINGLE VEHICLE,STRAIGHT & LEVEL,DARK-HWY LIGHTED/ON,1,0,0,1
31537936,CAMPBELL,US0027,USRoute,,ALEXANDRIA,PIKE,,38.98216658,-84.39808677,11.85,4/20/2023 0:00,829,5,5,0,2,A,CLEAR,DRY,0,OTHER INTERSECTION COLLISIONS,REAR END,STRAIGHT & HILLCREST,DAYLIGHT,1,0,0,1
31537937,CAMPBELL,US0027,USRoute,,ALEXANDRIA,PIKE,,38.98215722,-84.39800254,11.853,4/20/2023 0:00,1242,2,2,0,0,O,CLEAR,DRY,0,OTHER INTERSECTION COLLISIONS,REAR END,STRAIGHT & GRADE,DAYLIGHT,1,0,0,1
31525758,CAMPBELL,I 0471,Interstate,,,,,39.0854182,-84.47468696,0.216,4/20/2023 0:00,2008,2,2,0,0,O,CLEAR,DRY,0,OTHER RAMP RELATED COLLISIONS NOT LISTED ABOVE,REAR END,STRAIGHT & LEVEL,DAYLIGHT,0,0,0,1
31530547,CAMPBELL,US0027,USRoute,25,ALEXANDRIA,PIKE,,39.06931155,-84.46799731,19.851,4/21/2023 0:00,1515,2,2,0,0,O,RAINING,WET,0,OTHER ROADWAY OR MID-BLOCK COLLISION,REAR TO REAR,STRAIGHT & GRADE,DAYLIGHT,0,0,0,1
31528576,CAMPBELL,US0027,USRoute,,MONMOUTH,ST,,39.08678948,-84.48828369,21.528,4/21/2023 0:00,1201,2,2,0,2,C,CLOUDY,WET,0,SIDESWIPE COLLISION - SAME DIRECTION,SIDESWIPE-SAME DIRECTION,STRAIGHT & LEVEL,DAYLIGHT,0,0,0,1
31545163,CAMPBELL,KY1892,StateRoute,,CAROTHERS,RD,,39.08637427,-84.47836895,2.212,4/21/2023 0:00,2216,2,2,0,0,O,RAINING,WET,1,1 VEHICLE ENTERING/LEAVING ENTRANCE,ANGLE,STRAIGHT & LEVEL,DARK-HWY LIGHTED/ON,0,0,0,1
31536961,CAMPBELL,,OTHR,,ROSEMONT,AVE,,39.09227848,-84.45171251,0.366,4/21/2023 0:00,750,2,2,0,0,O,CLOUDY,DRY,0,COLLISION WITH PARKED VEHICLE,SIDESWIPE-SAME DIRECTION,STRAIGHT & GRADE,DAYLIGHT,0,0,0,1
31530546,CAMPBELL,I 0471,Interstate,,I471 SB,,,39.05670206,-84.46958725,0.986,4/21/2023 0:00,724,1,1,0,1,B,CLOUDY,DRY,0,COLLISION WITH ANIMAL NON INTERSECTION,SINGLE VEHICLE,STRAIGHT & LEVEL,DAYLIGHT,0,0,0,1
31543214,CAMPBELL,,OTHR,200,CHESAPEAKE,AVE,,39.08872594,-84.46976368,0.251,4/21/2023 0:00,1531,1,1,0,0,O,RAINING,WET,1,COLLISION WITH FIXED OBJECT NON - INTERSECTION - FIRST EVENT COLLISION 09 - 32 EXCLUDING 16,SINGLE VEHICLE,STRAIGHT & GRADE,DAYLIGHT,0,0,0,1
31540912,CAMPBELL,US0027,USRoute,,ALEXANDRIA,PIKE,,38.95682497,-84.39324017,9.991,4/22/2023 0:00,2215,2,2,0,0,O,CLEAR,DRY,1,OTHER INTERSECTION COLLISIONS,REAR END,STRAIGHT & LEVEL,DARK-HWY LIGHTED/ON,1,0,0,1
31532353,CAMPBELL,US0027,USRoute,,ALEXANDRIA,PIKE,,38.8642832,-84.39251976,3.383,4/22/2023 0:00,231,1,1,0,0,O,RAINING,WET,0,COLLISION WITH FIXED OBJECT IN INTERSECTION - FIRST EVENT COLLISION 09 - 32,SINGLE VEHICLE,STRAIGHT & LEVEL,DARK-HWY NOT LIGHTED,1,0,0,1
31532355,CAMPBELL,KY0010,StateRoute,9999,FLAGG SPRINGS,PIKE,,38.92243281,-84.33736091,6.389,4/22/2023 0:00,43,1,1,0,1,A,RAINING,WET,0,OTHER COLLISIONS ON SHOULDER,SINGLE VEHICLE,STRAIGHT & LEVEL,DARK-HWY NOT LIGHTED,0,0,0,1
31534267,CAMPBELL,US0027,USRoute,300,MONMOUTH,ST,,39.09371443,-84.49547875,22.147,4/22/2023 0:00,1320,2,2,0,0,O,CLEAR,DRY,0,SIDESWIPE COLLISION - SAME DIRECTION,SIDESWIPE-SAME DIRECTION,STRAIGHT & LEVEL,DAYLIGHT,0,0,0,1
31538573,CAMPBELL,,OTHR,54,WOODLAND HILLS,DR,,39.0597852,-84.4759611,0.233,4/22/2023 0:00,1423,2,2,0,0,O,CLOUDY,DRY,0,VEHICLE BACKING NON INTERSECTION,BACKING,STRAIGHT & LEVEL,DAYLIGHT,0,0,0,1
31531299,CAMPBELL,I 0471,Interstate,,,,,39.08542966,-84.47469895,0.216,4/22/2023 0:00,1609,2,2,0,0,O,CLOUDY,DRY,1,OTHER RAMP RELATED COLLISIONS NOT LISTED ABOVE,REAR END,CURVE & LEVEL,DAYLIGHT,0,0,0,1
31538581,CAMPBELL,KY1120,StateRoute,,FT THOMAS,AVE,S,39.06730629,-84.44701118,5.132,4/23/2023 0:00,2314,2,2,0,1,C,CLOUDY,DRY,0,REAR END IN TRAFFIC LANES BOTH VEHICLES MOVING,REAR END,STRAIGHT & LEVEL,DARK-HWY LIGHTED/ON,0,0,0,1
31542748,CAMPBELL,KY0709,StateRoute,,ALEXANDRIA,PIKE,E,38.98693621,-84.39690607,0.328,4/23/2023 0:00,804,1,1,0,0,O,CLEAR,DRY,0,COLLISION WITH ANIMAL NON INTERSECTION,SINGLE VEHICLE,CURVE & GRADE,DAYLIGHT,0,0,0,1
31541141,CAMPBELL,,OTHR,2332,UPPER LICK BRANCH,RD,,38.96459958,-84.35280433,0.184,4/24/2023 0:00,2103,1,1,0,0,O,CLEAR,DRY,0,COLLISION WITH FIXED OBJECT NON - INTERSECTION - FIRST EVENT COLLISION 09 - 32 EXCLUDING 16,SINGLE VEHICLE,STRAIGHT & LEVEL,DARK-HWY NOT LIGHTED,0,0,0,1
31544483,CAMPBELL,KY0010,StateRoute,,MAIN,ST,E,38.95880611,-84.38909404,1.548,4/24/2023 0:00,2051,2,2,0,0,O,CLEAR,DRY,0,OTHER INTERSECTION COLLISIONS,REAR END,STRAIGHT & LEVEL,DARK-HWY LIGHTED/ON,1,0,0,1
31548068,CAMPBELL,,OTHR,200,WATERWORKS,RD,,39.08919649,-84.45304637,0.276,4/24/2023 0:00,746,2,2,0,0,O,CLEAR,DRY,0,1 VEHICLE ENTERING/LEAVING ENTRANCE,ANGLE,CURVE & GRADE,DAYLIGHT,0,0,0,1
31543211,CAMPBELL,,OTHR,30,MILLERS,LN,,39.07997587,-84.44729906,0.068,4/24/2023 0:00,1547,2,2,0,0,O,CLOUDY,DRY,0,1 VEHICLE ENTERING/LEAVING ENTRANCE,ANGLE,STRAIGHT & LEVEL,DAYLIGHT,0,0,0,1
31543409,CAMPBELL,US0027,USRoute,,ALEXANDRIA,PIKE,,39.06460387,-84.45931978,19.232,4/24/2023 0:00,1400,2,1,0,0,O,CLEAR,DRY,1,SIDESWIPE COLLISION - SAME DIRECTION,SIDESWIPE-SAME DIRECTION,CURVE & LEVEL,DAYLIGHT,0,0,0,1
31543069,CAMPBELL,,OTHR,1006,HAMLET,ST,,39.08872003,-84.48583119,0.213,4/25/2023 0:00,849,2,2,0,0,O,CLEAR,DRY,0,1 VEHICLE PARKED POSITION (NOT PARKING LOT/DRIVEWAY),SIDESWIPE-SAME DIRECTION,STRAIGHT & LEVEL,DAYLIGHT,0,0,0,1
31548974,CAMPBELL,KY1120,StateRoute,,FT THOMAS,AVE,S,39.05954121,-84.45150639,5.784,4/25/2023 0:00,750,2,2,0,0,O,CLEAR,DRY,0,VEHICLE BACKING NON INTERSECTION,BACKING,STRAIGHT & LEVEL,DAYLIGHT,0,0,0,1
31548458,CAMPBELL,,OTHR,758,RAVINE,CIR,,39.06630608,-84.46928185,0.262,4/25/2023 0:00,1448,2,2,0,0,O,CLOUDY,DRY,0,VEHICLE BACKING NON INTERSECTION,BACKING,STRAIGHT & LEVEL,DAYLIGHT,0,0,0,1
31544484,CAMPBELL,KY0009,StateRoute,,AA,HWY,,38.93508794,-84.31560422,6.271,4/25/2023 0:00,422,1,1,0,0,O,CLEAR,DRY,0,COLLISION WITH ANIMAL IN INTERSECTION,SINGLE VEHICLE,STRAIGHT & LEVEL,DARK-HWY NOT LIGHTED,1,0,0,1
31546427,CAMPBELL,,OTHR,,9TH,ST,W,39.08630616,-84.49384966,0.134,4/25/2023 0:00,2100,2,2,0,0,O,CLOUDY,DRY,0,COLLISION WITH PARKED VEHICLE,BACKING,STRAIGHT & LEVEL,DARK-HWY LIGHTED/ON,0,0,0,1
31548062,CAMPBELL,,OTHR,,FT THOMAS,AVE,N,39.0856953,-84.45223828,0.05,4/25/2023 0:00,829,2,2,0,0,O,CLEAR,DRY,0,1 VEHICLE PARKED POSITION (NOT PARKING LOT/DRIVEWAY),SIDESWIPE-SAME DIRECTION,STRAIGHT & LEVEL,DAYLIGHT,0,0,0,1
31548071,CAMPBELL,,OTHR,22,BEECHWOOD,AVE,,39.06847538,-84.45281155,0.063,4/25/2023 0:00,1222,2,2,0,0,O,CLEAR,DRY,0,1 VEHICLE PARKED POSITION (NOT PARKING LOT/DRIVEWAY),BACKING,STRAIGHT & HILLCREST,DAYLIGHT,0,0,0,1
31545162,CAMPBELL,US0027,USRoute,330,YORK,ST,,39.09270742,-84.49663097,22.259,4/25/2023 0:00,1115,2,2,0,0,O,CLOUDY,DRY,0,1 VEHICLE ENTERING OR LEAVING PARKED POSITION (NOT PARKING LOT),REAR END,STRAIGHT & LEVEL,DAYLIGHT,0,0,0,1
31551389,CAMPBELL,,OTHR,903,BERRY,AVE,,39.09731392,-84.47811396,0.21,4/26/2023 0:00,1700,2,2,0,0,O,CLEAR,DRY,1,1 VEHICLE PARKED POSITION (NOT PARKING LOT/DRIVEWAY),SIDESWIPE-SAME DIRECTION,STRAIGHT & GRADE,DAYLIGHT,0,0,0,1
31564214,CAMPBELL,KY0008,StateRoute,,MARY INGLES,HWY,,39.04910466,-84.42682247,8.573,4/26/2023 0:00,953,1,1,0,0,O,CLEAR,DRY,0,COLLISION WITH ANIMAL NON INTERSECTION,SINGLE VEHICLE,STRAIGHT & LEVEL,DAYLIGHT,0,0,0,1
31550833,CAMPBELL,KY0009,StateRoute,,AA,HWY,,38.89036907,-84.26968211,2.162,4/26/2023 0:00,1540,1,1,0,0,O,CLEAR,DRY,0,COLLISION WITH ANIMAL IN INTERSECTION,SINGLE VEHICLE,STRAIGHT & LEVEL,DAYLIGHT,1,0,0,1
31558876,CAMPBELL,,OTHR,603,4TH,AVE,,39.11443778,-84.47353873,0.217,4/26/2023 0:00,1043,2,2,0,0,O,CLEAR,DRY,0,VEHICLE BACKING NON INTERSECTION,BACKING,STRAIGHT & LEVEL,DAYLIGHT,0,0,0,1
31573816,CAMPBELL,US0027,USRoute,,ALEXANDRIA,PIKE,,38.99427948,-84.41424709,13.085,4/26/2023 0:00,2229,2,2,0,0,O,CLEAR,DRY,0,1 VEHICLE ENTERING/LEAVING ENTRANCE,ANGLE,STRAIGHT & GRADE,DARK-HWY LIGHTED/ON,0,0,0,1
31550135,CAMPBELL,I 0471,Interstate,,I471 S,,,39.10052926,-84.49496124,4.937,4/26/2023 0:00,1405,2,2,0,0,O,CLEAR,DRY,0,SIDESWIPE COLLISION - SAME DIRECTION,SIDESWIPE-SAME DIRECTION,STRAIGHT & LEVEL,DAYLIGHT,0,0,0,1
31563001,CAMPBELL,I 0275,Interstate,,I275 E,,,39.05617628,-84.43249085,73.318,4/26/2023 0:00,1709,5,5,0,1,B,CLEAR,DRY,0,REAR END IN TRAFFIC LANES BOTH VEHICLES MOVING,REAR END,STRAIGHT & LEVEL,DAYLIGHT,0,0,0,1
31553417,CAMPBELL,KY1120,StateRoute,1017,FT THOMAS,AVE,S,39.06487863,-84.44649985,5.32,4/26/2023 0:00,1752,2,2,0,0,O,CLEAR,DRY,0,1 VEHICLE PARKED POSITION (NOT PARKING LOT/DRIVEWAY),SIDESWIPE-SAME DIRECTION,CURVE & LEVEL,DAYLIGHT,0,0,0,1
31573820,CAMPBELL,,OTHR,,ROSEMONT,AVE,,39.09476482,-84.45152463,0.029,4/27/2023 0:00,1502,2,2,0,0,O,CLEAR,DRY,0,HEAD-ON COLLISION,HEAD ON,STRAIGHT & GRADE,DAYLIGHT,0,0,0,1
31564161,CAMPBELL,I 0471,Interstate,,I471 NB,,,39.06250564,-84.46834231,1.421,4/27/2023 0:00,2235,2,2,0,0,O,RAINING,WET,0,HEAD-ON COLLISION,HEAD ON,CURVE & LEVEL,DARK-HWY NOT LIGHTED,0,0,0,1
31556157,CAMPBELL,I 0275,Interstate,,I275 E,,,39.03124834,-84.4704375,76.3,4/27/2023 0:00,1001,2,2,0,0,O,CLEAR,DRY,0,REAR END IN TRAFFIC LANES BOTH VEHICLES MOVING,REAR END,STRAIGHT & GRADE,DAYLIGHT,0,0,0,1
31556158,CAMPBELL,KY0471,StateRoute,,KY471,,,39.03710209,-84.45410054,0.012,4/27/2023 0:00,1430,2,2,0,0,O,CLEAR,DRY,0,REAR END IN TRAFFIC LANES BOTH VEHICLES MOVING,REAR END,STRAIGHT & LEVEL,DAYLIGHT,0,0,0,1
31562772,CAMPBELL,I 0275,Interstate,,I275 E,,,39.05594402,-84.4330726,,4/27/2023 0:00,1320,2,2,0,0,O,CLEAR,DRY,1,SIDESWIPE COLLISION - SAME DIRECTION,SIDESWIPE-SAME DIRECTION,STRAIGHT & LEVEL,DAYLIGHT,0,0,0,1
31565776,CAMPBELL,KY1936,StateRoute,10081,POND CREEK,RD,,38.89315792,-84.43775655,5.618,4/27/2023 0:00,1652,2,2,0,0,O,CLEAR,DRY,0,SIDESWIPE COLLISION - OPPOSITE DIRECTION,SIDESWIPE-OPPOSITE DIRECTION,CURVE & LEVEL,DAYLIGHT,0,0,0,1
31556513,CAMPBELL,KY0008,StateRoute,145,FAIRFIELD,AVE,,39.1038569,-84.48631001,1.634,4/27/2023 0:00,1711,2,2,0,0,O,CLOUDY,DRY,1,OTHER ROADWAY OR MID-BLOCK COLLISION,REAR END,STRAIGHT & LEVEL,DAYLIGHT,0,0,0,1
31607823,CAMPBELL,,OTHR,3132,TEN MILE,RD,,38.99298526,-84.32933959,0.447,4/27/2023 0:00,2004,1,1,0,0,O,CLEAR,WET,1,COLLISION WITH FIXED OBJECT NON - INTERSECTION - FIRST EVENT COLLISION 09 - 32 EXCLUDING 16,SINGLE VEHICLE,STRAIGHT & HILLCREST,DARK-HWY LIGHTED/ON,0,0,0,1
31556156,CAMPBELL,,OTHR,,REGENCY,CT,,39.03617774,-84.44445994,0.262,4/27/2023 0:00,1030,1,1,0,0,O,CLEAR,DRY,0,COLLISION WITH FIXED OBJECT NON - INTERSECTION - FIRST EVENT COLLISION 09 - 32 EXCLUDING 16,SINGLE VEHICLE,CURVE & LEVEL,DAYLIGHT,0,0,0,1
31575311,CAMPBELL,KY1892,StateRoute,61,CAROTHERS,RD,,39.08516123,-84.48046733,2.356,4/27/2023 0:00,1100,2,2,0,0,O,CLEAR,DRY,0,1 VEHICLE PARKED POSITION (NOT PARKING LOT/DRIVEWAY),BACKING,STRAIGHT & LEVEL,DAYLIGHT,0,0,0,1
31603630,CAMPBELL,I 0275,Interstate,,I275 E,,,39.04533777,-84.4625043,75.105,4/28/2023 0:00,1640,1,1,0,0,O,CLEAR,DRY,0,COLLISION WITH ANIMAL NON INTERSECTION,SINGLE VEHICLE,STRAIGHT & LEVEL,DAYLIGHT,0,0,0,1
31572440,CAMPBELL,,OTHR,,LICKERT,RD,,38.92538571,-84.37194658,0.356,4/28/2023 0:00,727,1,1,0,0,O,RAINING,WET,0,COLLISION WITH FIXED OBJECT NON - INTERSECTION - FIRST EVENT COLLISION 09 - 32 EXCLUDING 16,SINGLE VEHICLE,CURVE & LEVEL,DAYLIGHT,0,0,0,1
31559431,CAMPBELL,KY1120,StateRoute,,11TH,ST,W,39.08269765,-84.49376529,0.393,4/28/2023 0:00,1458,2,2,0,0,O,CLOUDY,DRY,0,OTHER INTERSECTION COLLISIONS,REAR END,STRAIGHT & LEVEL,DAYLIGHT,1,0,0,1
31559429,CAMPBELL,I 0471,Interstate,,I471 N,,,39.0881965,-84.47455935,3.471,4/28/2023 0:00,1521,2,2,0,0,O,CLOUDY,DRY,0,SIDESWIPE COLLISION - SAME DIRECTION,SIDESWIPE-SAME DIRECTION,STRAIGHT & LEVEL,DAYLIGHT,0,0,0,1
31564215,CAMPBELL,US0027,USRoute,,ALEXANDRIA,PIKE,,38.94040673,-84.39427115,8.851,4/28/2023 0:00,1456,2,2,0,0,O,CLOUDY,DRY,0,REAR END IN TRAFFIC LANES BOTH VEHICLES MOVING,REAR END,STRAIGHT & LEVEL,DAYLIGHT,0,0,0,1
31559432,CAMPBELL,US0027,USRoute,843,MONMOUTH,ST,,39.08847787,-84.49039219,21.69,4/28/2023 0:00,900,2,2,0,0,O,CLEAR,DRY,0,1 VEHICLE PARKED POSITION (NOT PARKING LOT/DRIVEWAY),REAR END,STRAIGHT & LEVEL,DAYLIGHT,0,0,0,1
31692255,CAMPBELL,,OTHR,5128,WHITNEY,DR,,39.03473471,-84.39657476,0.061,4/28/2023 0:00,1120,2,2,0,0,O,CLEAR,DRY,0,1 VEHICLE PARKED POSITION (NOT PARKING LOT/DRIVEWAY),ANGLE,STRAIGHT & LEVEL,DAYLIGHT,0,0,0,1
31564160,CAMPBELL,I 0471,Interstate,,,,,39.06627839,-84.46698321,0.118,4/28/2023 0:00,49,1,1,0,0,O,RAINING,WET,0,COLLISION WITH FIXED OBJECT NOT IN GORE ,SINGLE VEHICLE,CURVE & GRADE,DARK-HWY LIGHTED/ON,0,0,0,1
31573119,CAMPBELL,,OTHR,,POPLAR RIDGE,RD,,38.97354826,-84.39155539,0.036,4/28/2023 0:00,703,2,2,0,0,O,RAINING,WET,0,OTHER ROADWAY OR MID-BLOCK COLLISION,OPPOSING LEFT TURN,STRAIGHT & LEVEL,DAYLIGHT,0,0,0,1