IncidentID,County,RdwyNumber,RdwyType,Street,RoadwayName,StreetSfx,StreetDir,Latitude,Longitude,Milepoint,CollisionDate,CollisionTime,UnitsInvolved,MotorVehiclesInvolved,NumberKilled,NumberInjured,KABCO,Weather,RdwyConditionCode,HitandRun,DirAnalysisCode,MannerofCollision,RdwyCharacter,LightCondition,Intersection Crash,Bicyclist,Pedestrian,Motor Vehicles
31562849,CAMPBELL,US0027,USRoute,4113,ALEXANDRIA,PIKE,,39.0204104,-84.43841043,15.256,4/28/2023 0:00,1659,2,2,0,0,O,CLOUDY,DRY,0,OTHER ROADWAY OR MID-BLOCK COLLISION,REAR END,STRAIGHT & LEVEL,DAYLIGHT,0,0,0,1
31564348,CAMPBELL,I 0471,Interstate,,I471 N,,,39.1002888,-84.49338724,4.857,4/29/2023 0:00,1549,2,2,0,0,O,CLOUDY,DRY,0,REAR END IN TRAFFIC LANES BOTH VEHICLES MOVING,REAR END,STRAIGHT & LEVEL,DAYLIGHT,0,0,0,1
31564050,CAMPBELL,US0027,USRoute,,ALEXANDRIA,PIKE,,39.00431347,-84.42465128,13.94,4/29/2023 0:00,1641,2,2,0,1,B,CLEAR,DRY,0,1 VEHICLE ENTERING/LEAVING ENTRANCE,ANGLE,STRAIGHT & GRADE,DAYLIGHT,0,0,0,1
31561193,CAMPBELL,KY0008,StateRoute,,4TH,ST,W,39.08988784,-84.50048958,0.29,4/29/2023 0:00,207,2,2,0,0,O,CLEAR,DRY,1,SIDESWIPE COLLISION - OPPOSITE DIRECTION,SIDESWIPE-OPPOSITE DIRECTION,CURVE & LEVEL,DARK-HWY LIGHTED/ON,0,0,0,1
31567351,CAMPBELL,US0027,USRoute,2700,ALEXANDRIA,PIKE,,39.03362973,-84.45332056,16.502,4/29/2023 0:00,1150,2,2,0,0,O,CLOUDY,DRY,0,OTHER ROADWAY OR MID-BLOCK COLLISION,REAR END,STRAIGHT & GRADE,DAYLIGHT,0,0,0,1
31648539,CAMPBELL,KY0008,StateRoute,,MARY INGLES,HWY,,39.04417481,-84.42032601,9.052,4/29/2023 0:00,1747,3,3,0,0,O,CLEAR,DRY,0,ANGLE COLLISION - OTHER,ANGLE,STRAIGHT & LEVEL,DAYLIGHT,0,0,0,1
31564394,CAMPBELL,,OTHR,815,ERVIN,TER,,39.11041416,-84.47466798,0.246,4/29/2023 0:00,746,2,2,0,0,O,CLEAR,DRY,1,COLLISION WITH PARKED VEHICLE,SIDESWIPE-SAME DIRECTION,STRAIGHT & LEVEL,DAYLIGHT,0,0,0,1
31612252,CAMPBELL,,OTHR,,SARATOGA,ST,,39.0876549,-84.4880178,0.103,4/29/2023 0:00,1220,1,1,0,0,O,CLEAR,DRY,1,OTHER INTERSECTION COLLISIONS,SINGLE VEHICLE,STRAIGHT & LEVEL,DAYLIGHT,1,0,0,1
31578287,CAMPBELL,KY1120,StateRoute,,FT THOMAS,AVE,S,39.06643872,-84.44659067,5.203,4/29/2023 0:00,1847,2,1,0,0,O,CLEAR,DRY,0,1 VEHICLE PARKED POSITION (NOT PARKING LOT/DRIVEWAY),SIDESWIPE-SAME DIRECTION,CURVE & LEVEL,DAYLIGHT,0,0,0,1
31576742,CAMPBELL,KY0009,StateRoute,,AA,HWY,,38.87702853,-84.26059319,1.061,4/30/2023 0:00,2047,1,1,0,0,O,RAINING,WET,0,COLLISION WITH ANIMAL NON INTERSECTION,SINGLE VEHICLE,STRAIGHT & LEVEL,DARK-HWY NOT LIGHTED,0,0,0,1
31566855,CAMPBELL,,OTHR,,PARK,AVE,,39.09798301,-84.49288878,0.351,4/30/2023 0:00,1620,2,2,0,0,O,RAINING,WET,0,ANGLE COLLISION - ONE VEHICLE TURNING LEFT,ANGLE,STRAIGHT & LEVEL,DAYLIGHT,0,0,0,1
31635898,CAMPBELL,KY1998,StateRoute,435,POOLES CREEK,RD,,39.01415901,-84.46444043,0.39,4/30/2023 0:00,1920,2,2,0,0,O,CLEAR,DRY,0,VEHICLE BACKING NON INTERSECTION,BACKING,STRAIGHT & LEVEL,DAYLIGHT,0,0,0,1
31567357,CAMPBELL,US0027,USRoute,,ALEXANDRIA,PIKE,,39.03147603,-84.45191914,16.331,4/30/2023 0:00,1059,2,2,0,0,O,CLEAR,DRY,0,1 VEHICLE ENTERING/LEAVING ENTRANCE,ANGLE,STRAIGHT & LEVEL,DAYLIGHT,0,0,0,1
31565033,CAMPBELL,KY0008,StateRoute,550,4TH,ST,W,39.08819149,-84.50365988,0.056,4/30/2023 0:00,1540,2,2,0,0,O,RAINING,WET,0,SIDESWIPE COLLISION - SAME DIRECTION,SIDESWIPE-SAME DIRECTION,STRAIGHT & HILLCREST,DAYLIGHT,0,0,0,1
31567576,CAMPBELL,KY1632,StateRoute,,MOOCK,RD,,39.06812245,-84.46702464,1.625,4/30/2023 0:00,2020,2,2,0,0,O,RAINING,WET,0,REAR END IN TRAFFIC LANES BOTH VEHICLES MOVING,REAR END,STRAIGHT & LEVEL,DUSK,0,0,0,1
31568028,CAMPBELL,KY0009,StateRoute,,AA,HWY,,39.01580832,-84.47759816,17.181,4/30/2023 0:00,1238,3,3,0,0,O,CLOUDY,WET,0,REAR END IN TRAFFIC LANES BOTH VEHICLES MOVING,REAR END,STRAIGHT & LEVEL,DAYLIGHT,0,0,0,1
31565034,CAMPBELL,I 0471,Interstate,,,,,39.09220075,-84.47595503,0.236,4/30/2023 0:00,1329,2,2,0,0,O,CLEAR,DRY,0,OTHER RAMP RELATED COLLISIONS NOT LISTED ABOVE,REAR END,STRAIGHT & LEVEL,DAYLIGHT,0,0,0,1
31565029,CAMPBELL,I 0471,Interstate,,,,,39.09305543,-84.47888191,0.176,4/30/2023 0:00,1455,1,1,0,0,O,RAINING,WET,0,COLLISION WITH FIXED OBJECT NOT IN GORE ,SINGLE VEHICLE,CURVE & HILLCREST,DAYLIGHT,0,0,0,1
31571890,CAMPBELL,KY0008,StateRoute,,DAVE COWENS,DR,,39.101811,-84.48868007,1.446,5/1/2023 0:00,1100,2,2,0,0,O,RAINING,WET,0,OTHER ROADWAY OR MID-BLOCK COLLISION,REAR END,STRAIGHT & LEVEL,DAYLIGHT,0,0,0,1
31571400,CAMPBELL,I 0471,Interstate,,,,,39.08339425,-84.47022302,0.23,5/1/2023 0:00,1751,1,1,0,1,B,RAINING,WET,0,OTHER RAMP RELATED COLLISIONS NOT LISTED ABOVE,SINGLE VEHICLE,STRAIGHT & LEVEL,DAYLIGHT,0,0,0,1
31612904,CAMPBELL,US0027,USRoute,,ALEXANDRIA,PIKE,,39.02536729,-84.44535251,15.765,5/1/2023 0:00,1653,3,3,0,2,C,RAINING,WET,0,HEAD-ON COLLISION,HEAD ON,STRAIGHT & LEVEL,DAYLIGHT,0,0,0,1
31574208,CAMPBELL,US0027,USRoute,,ALEXANDRIA,PIKE,,39.06550151,-84.46441827,19.524,5/1/2023 0:00,1643,2,2,0,1,C,RAINING,WET,0,1 VEHICLE ENTERING/LEAVING ENTRANCE,ANGLE,STRAIGHT & LEVEL,DAYLIGHT,0,0,0,1
31582667,CAMPBELL,KY0536,StateRoute,,CREEKTRACE,RD,,38.93578528,-84.41730861,2.117,5/1/2023 0:00,1633,1,1,0,2,C,RAINING,WET,0,OTHER ROADWAY OR MID-BLOCK COLLISION,SINGLE VEHICLE,CURVE & LEVEL,DAYLIGHT,0,0,0,1
31570519,CAMPBELL,KY1120,StateRoute,200,10TH,ST,E,39.08763523,-84.48805927,0.857,5/1/2023 0:00,1500,2,2,0,0,O,CLEAR,DRY,0,1 VEHICLE ENTERING/LEAVING ENTRANCE,ANGLE,STRAIGHT & LEVEL,DAYLIGHT,0,0,0,1
31572127,CAMPBELL,KY0008,StateRoute,,DAVE COWENS,DR,,39.09916407,-84.49152031,1.189,5/1/2023 0:00,2206,2,2,0,0,O,RAINING,WET,0,OTHER INTERSECTION COLLISIONS,REAR END,STRAIGHT & LEVEL,DARK-HWY LIGHTED/ON,1,0,0,1
31573801,CAMPBELL,KY0008,StateRoute,5080,MARY INGLES,HWY,,39.03744063,-84.39318483,10.61,5/1/2023 0:00,212,3,3,0,0,O,CLEAR,DRY,0,1 VEHICLE PARKED POSITION (NOT PARKING LOT/DRIVEWAY),SIDESWIPE-SAME DIRECTION,STRAIGHT & LEVEL,DARK-HWY LIGHTED/ON,0,0,0,1
31581937,CAMPBELL,KY0008,StateRoute,,FAIRFIELD,AVE,,39.10516715,-84.48460971,1.764,5/1/2023 0:00,1030,2,2,0,0,O,CLEAR,DRY,1,1 VEHICLE PARKED POSITION (NOT PARKING LOT/DRIVEWAY),BACKING,STRAIGHT & LEVEL,DAYLIGHT,0,0,0,1
31582647,CAMPBELL,KY1892,StateRoute,,GRAND,AVE,,39.0863708,-84.47723765,2.152,5/1/2023 0:00,1550,2,2,0,2,C,CLOUDY,DRY,0,OTHER INTERSECTION COLLISIONS,REAR END,STRAIGHT & GRADE,DAYLIGHT,1,0,0,1
31586552,CAMPBELL,KY0008,StateRoute,,MARY INGLES,HWY,,39.02985229,-84.36495343,12.193,5/1/2023 0:00,1737,1,1,0,0,O,CLOUDY,WET,0,COLLISION WITH FIXED OBJECT NON - INTERSECTION - FIRST EVENT COLLISION 09 - 32 EXCLUDING 16,SINGLE VEHICLE,STRAIGHT & LEVEL,DAYLIGHT,0,0,0,1
31570518,CAMPBELL,,OTHR,220,JAMES,ALY,,39.08998894,-84.49750899,0.056,5/1/2023 0:00,1230,1,1,0,0,O,CLOUDY,DRY,0,COLLISION WITH FIXED OBJECT NON - INTERSECTION - FIRST EVENT COLLISION 09 - 32 EXCLUDING 16,SINGLE VEHICLE,STRAIGHT & LEVEL,DAYLIGHT,0,0,0,1
31577152,CAMPBELL,KY0008,StateRoute,217,FAIRFIELD,AVE,,39.10518683,-84.48454659,1.767,5/2/2023 0:00,1517,2,2,0,0,O,CLOUDY,DRY,1,1 VEHICLE PARKED POSITION (NOT PARKING LOT/DRIVEWAY),SIDESWIPE-SAME DIRECTION,STRAIGHT & LEVEL,DAYLIGHT,0,0,0,1
31578487,CAMPBELL,KY0008,StateRoute,,6TH,AVE,,39.11000848,-84.4784153,2.235,5/2/2023 0:00,902,2,2,0,1,B,CLEAR,DRY,0,ANGLE COLLISION - OTHER,ANGLE,STRAIGHT & GRADE,DAYLIGHT,0,0,0,1
31603632,CAMPBELL,US0027,USRoute,,ALEXANDRIA,PIKE,,39.03687773,-84.45399754,16.729,5/2/2023 0:00,1932,2,2,0,0,O,CLOUDY,DRY,0,SIDESWIPE COLLISION - SAME DIRECTION,SIDESWIPE-SAME DIRECTION,STRAIGHT & LEVEL,DAYLIGHT,0,0,0,1
31578069,CAMPBELL,,OTHR,9,TOWER,PL,,39.06714651,-84.447512,0.029,5/2/2023 0:00,742,2,2,0,0,O,CLEAR,DRY,0,1 VEHICLE ENTERING/LEAVING ENTRANCE,ANGLE,STRAIGHT & LEVEL,DAYLIGHT,0,0,0,1
31573832,CAMPBELL,I 0471,Interstate,,I471 S,,,39.07180673,-84.46345214,2.173,5/2/2023 0:00,10,2,2,0,0,O,RAINING,WET,0,SIDESWIPE COLLISION - OPPOSITE DIRECTION,SIDESWIPE-OPPOSITE DIRECTION,STRAIGHT & LEVEL,DARK-HWY LIGHTED/ON,0,0,0,1
31580603,CAMPBELL,I 0471,Interstate,,I471 N,,,39.10032676,-84.4939968,4.886,5/2/2023 0:00,1220,3,3,0,2,C,CLOUDY,DRY,0,REAR END IN TRAFFIC LANES BOTH VEHICLES MOVING,REAR END,STRAIGHT & LEVEL,DAYLIGHT,0,0,0,1
31581522,CAMPBELL,KY0009,StateRoute,,AA,HWY,,39.00835796,-84.46183409,16.139,5/2/2023 0:00,1820,2,2,0,0,O,CLOUDY,DRY,0,REAR END IN TRAFFIC LANES BOTH VEHICLES MOVING,REAR END,STRAIGHT & GRADE,DAYLIGHT,0,0,0,1
31587934,CAMPBELL,US0027,USRoute,8000,ALEXANDRIA,PIKE,,38.9659435,-84.39192987,10.483,5/2/2023 0:00,717,2,2,0,0,O,CLEAR,DRY,0,REAR END IN TRAFFIC LANES BOTH VEHICLES MOVING,REAR END,STRAIGHT & LEVEL,DAYLIGHT,0,0,0,1
31575435,CAMPBELL,I 0471,Interstate,,I471 N,,,39.10079092,-84.49500628,4.949,5/2/2023 0:00,1156,2,2,0,0,O,CLEAR,DRY,1,REAR END IN TRAFFIC LANES BOTH VEHICLES MOVING,REAR END,STRAIGHT & LEVEL,DAWN,0,0,0,1
31630667,CAMPBELL,US0027,USRoute,,ALEXANDRIA,PIKE,,38.98634859,-84.40383875,12.302,5/2/2023 0:00,2004,1,1,0,1,A,CLEAR,DRY,0,OTHER ROADWAY OR MID-BLOCK COLLISION,SINGLE VEHICLE,STRAIGHT & HILLCREST,DAYLIGHT,0,0,0,1
31580601,CAMPBELL,I 0471,Interstate,,,,,39.08544975,-84.47469084,0.215,5/3/2023 0:00,1228,2,2,0,0,O,CLOUDY,DRY,0,OTHER RAMP RELATED COLLISIONS NOT LISTED ABOVE,REAR END,CURVE & LEVEL,DAYLIGHT,0,0,0,1
31595193,CAMPBELL,I 0471,Interstate,,,,,39.09285519,-84.47905319,0.194,5/3/2023 0:00,1655,2,2,0,0,O,CLEAR,DRY,0,OTHER RAMP RELATED COLLISIONS NOT LISTED ABOVE,REAR END,CURVE & LEVEL,DAYLIGHT,0,0,0,1
31600551,CAMPBELL,I 0275,Interstate,,I275 E,,,39.05015956,-84.44631504,74.17,5/3/2023 0:00,1556,1,1,0,0,O,CLEAR,DRY,0,OTHER ROADWAY OR MID-BLOCK COLLISION,SINGLE VEHICLE,STRAIGHT & GRADE,DAYLIGHT,0,0,0,1
31582767,CAMPBELL,I 0275,Interstate,,I275 E,,,39.05676276,-84.43113216,73.235,5/3/2023 0:00,1724,3,3,0,0,O,CLEAR,DRY,0,REAR END IN TRAFFIC LANES BOTH VEHICLES MOVING,REAR END,STRAIGHT & HILLCREST,DAYLIGHT,0,0,0,1
31590737,CAMPBELL,KY2238,StateRoute,,THREE MILE,RD,,39.04370021,-84.46779461,1.186,5/3/2023 0:00,130,1,1,0,1,B,CLEAR,DRY,0,OTHER ROADWAY OR MID-BLOCK COLLISION,SINGLE VEHICLE,CURVE & LEVEL,DARK-HWY LIGHTED/ON,0,0,0,1
31582776,CAMPBELL,KY0915,StateRoute,,LICKING,PIKE,,38.93126296,-84.4036211,1.225,5/3/2023 0:00,2055,2,2,0,0,O,CLEAR,DRY,0,ANGLE COLLISION - OTHER,ANGLE,STRAIGHT & LEVEL,DARK-HWY NOT LIGHTED,0,0,0,1
31595607,CAMPBELL,KY0009,StateRoute,,AA,HWY,,39.01819229,-84.48009465,17.395,5/3/2023 0:00,900,2,2,0,4,A,CLOUDY,DRY,0,ANGLE COLLISION - OTHER,ANGLE,STRAIGHT & LEVEL,DAYLIGHT,0,0,0,1
31582765,CAMPBELL,KY0547,StateRoute,,FOUR MILE,RD,,39.00226778,-84.36494103,3.603,5/3/2023 0:00,330,1,1,0,0,O,CLOUDY,DRY,0,COLLISION WITH ANIMAL IN INTERSECTION,SINGLE VEHICLE,STRAIGHT & LEVEL,DARK-HWY NOT LIGHTED,1,0,0,1
31586940,CAMPBELL,US0027,USRoute,4679,ALEXANDRIA,PIKE,,39.01102888,-84.43085103,14.495,5/3/2023 0:00,1548,2,2,0,1,B,CLEAR,DRY,0,COLLISION WITH FIXED OBJECT NON - INTERSECTION - FIRST EVENT COLLISION 09 - 32 EXCLUDING 16,ANGLE,STRAIGHT & GRADE,DAYLIGHT,0,0,0,1
31581936,CAMPBELL,I 0471,Interstate,,I471 S,,,39.09785902,-84.48874071,4.555,5/3/2023 0:00,1117,2,2,0,0,O,CLOUDY,DRY,0,OTHER INTERSECTION COLLISIONS,REAR END,STRAIGHT & LEVEL,DAYLIGHT,1,0,0,1
31585390,CAMPBELL,,OTHR,315,WASHINGTON,AVE,,39.09518946,-84.49285853,0.037,5/4/2023 0:00,600,1,1,0,0,O,CLEAR,DRY,0,COLLISION WITH FIXED OBJECT NON - INTERSECTION - FIRST EVENT COLLISION 09 - 32 EXCLUDING 16,SINGLE VEHICLE,STRAIGHT & LEVEL,DAWN,0,0,0,1
31604035,CAMPBELL,US0027,USRoute,,ALEXANDRIA,PIKE,,38.98305748,-84.39963784,11.974,5/4/2023 0:00,1630,2,2,0,0,O,CLEAR,DRY,0,OPPOSING LEFT TURN,OPPOSING LEFT TURN,STRAIGHT & GRADE,DAYLIGHT,0,0,0,1
31589897,CAMPBELL,,OTHR,,NEWPORT PAVILION,,,39.0926344,-84.48058197,0.003,5/4/2023 0:00,1735,2,2,0,0,O,CLEAR,DRY,0,REAR END - ONE VEHICLE TURNING RIGHT,REAR END,CURVE & GRADE,DAYLIGHT,0,0,0,1
31590657,CAMPBELL,,OTHR,,MAIN,AVE,,39.04858104,-84.44734543,0.561,5/4/2023 0:00,900,2,2,0,0,O,CLEAR,DRY,0,1 VEHICLE ENTERING/LEAVING ENTRANCE,ANGLE,STRAIGHT & HILLCREST,DAYLIGHT,0,0,0,1
31585055,CAMPBELL,KY1892,StateRoute,95,CAROTHERS,RD,,39.08636727,-84.47777754,2.182,5/4/2023 0:00,1326,2,2,0,0,O,CLEAR,DRY,0,REAR END IN TRAFFIC LANES BOTH VEHICLES MOVING,REAR END,STRAIGHT & LEVEL,DAYLIGHT,0,0,0,1
31593651,CAMPBELL,I 0275,Interstate,,I275 E,,,39.05652705,-84.43171253,73.27,5/4/2023 0:00,1629,2,2,0,0,O,CLEAR,DRY,0,REAR END IN TRAFFIC LANES BOTH VEHICLES MOVING,REAR END,STRAIGHT & LEVEL,DAYLIGHT,0,0,0,1
31593657,CAMPBELL,I 0275,Interstate,,I275 E,,,39.05671607,-84.43129651,73.244,5/4/2023 0:00,1737,4,4,0,3,C,CLEAR,DRY,0,REAR END IN TRAFFIC LANES BOTH VEHICLES MOVING,REAR END,STRAIGHT & LEVEL,DAYLIGHT,0,0,0,1
31585455,CAMPBELL,I 0471,Interstate,,,,,39.08592512,-84.4741944,0.166,5/4/2023 0:00,1515,2,2,0,0,O,CLEAR,DRY,0,OTHER RAMP RELATED COLLISIONS NOT LISTED ABOVE,REAR END,CURVE & GRADE,DAYLIGHT,0,0,0,1
31593749,CAMPBELL,I 0275,Interstate,,,,,39.04287023,-84.46724192,0.62,5/5/2023 0:00,830,1,1,0,0,O,CLEAR,DRY,0,OTHER RAMP RELATED COLLISIONS NOT LISTED ABOVE,SINGLE VEHICLE,CURVE & LEVEL,DAYLIGHT,0,0,0,1
31598715,CAMPBELL,US0027,USRoute,,ALEXANDRIA,PIKE,,39.01985355,-84.4378018,15.19,5/5/2023 0:00,1810,3,3,0,0,O,CLEAR,DRY,0,OTHER ROADWAY OR MID-BLOCK COLLISION,REAR END,STRAIGHT & LEVEL,DAYLIGHT,0,0,0,1
31593659,CAMPBELL,I 0275,Interstate,,I275 E,,,39.05588209,-84.43300035,,5/5/2023 0:00,1650,4,4,0,0,O,CLEAR,DRY,1,OTHER ROADWAY OR MID-BLOCK COLLISION,REAR END,STRAIGHT & LEVEL,DAYLIGHT,0,0,0,1
31606440,CAMPBELL,KY0008,StateRoute,,DAVE COWENS,DR,,39.09990838,-84.4907397,1.269,5/5/2023 0:00,1616,2,2,0,0,O,CLOUDY,DRY,0,REAR END IN TRAFFIC LANES BOTH VEHICLES MOVING,REAR END,STRAIGHT & LEVEL,DAYLIGHT,0,0,0,1
31593653,CAMPBELL,I 0275,Interstate,,,,,39.04744554,-84.46496099,0.249,5/5/2023 0:00,1906,1,1,0,1,B,CLEAR,DRY,0,OTHER COLLISIONS ON SHOULDER,SINGLE VEHICLE,CURVE & LEVEL,DAYLIGHT,0,0,0,1
31633834,CAMPBELL,,OTHR,208,KENTUCKY,DR,,39.07368306,-84.48683798,0.144,5/5/2023 0:00,2128,2,2,0,0,O,CLEAR,DRY,0,1 VEHICLE PARKED POSITION (NOT PARKING LOT/DRIVEWAY),BACKING,STRAIGHT & LEVEL,DARK-HWY LIGHTED/ON,0,0,0,1
32924585,CAMPBELL,I 0275,Interstate,,I275 E,,,39.05600285,-84.43293028,,5/5/2023 0:00,1624,8,8,0,2,B,CLEAR,DRY,0,REAR END IN TRAFFIC LANES BOTH VEHICLES MOVING,REAR END,STRAIGHT & LEVEL,DAYLIGHT,0,0,0,1
31589901,CAMPBELL,KY0008,StateRoute,,DAVE COWENS,DR,,39.09912946,-84.49154551,1.185,5/5/2023 0:00,1445,2,2,0,0,O,CLEAR,DRY,0,SIDESWIPE COLLISION - SAME DIRECTION,SIDESWIPE-SAME DIRECTION,STRAIGHT & LEVEL,DAYLIGHT,0,0,0,1
31600417,CAMPBELL,,OTHR,,RIVIERA,DR,,39.09761559,-84.48383008,0.391,5/5/2023 0:00,900,2,2,0,0,O,CLEAR,DRY,0,HEAD-ON COLLISION,HEAD ON,STRAIGHT & LEVEL,DAYLIGHT,0,0,0,1
31605138,CAMPBELL,KY0010,StateRoute,,MAIN,ST,E,38.95766805,-84.39300685,1.306,5/5/2023 0:00,1635,2,2,0,0,O,CLEAR,DRY,0,REAR END - ONE VEHICLE TURNING RIGHT,REAR END,STRAIGHT & GRADE,DAYLIGHT,0,0,0,1
31587134,CAMPBELL,KY1120,StateRoute,428,11TH,ST,W,39.08164061,-84.49560799,0.27,5/5/2023 0:00,106,3,3,0,0,O,CLEAR,DRY,1,1 VEHICLE PARKED POSITION (NOT PARKING LOT/DRIVEWAY),REAR END,STRAIGHT & HILLCREST,DARK-HWY LIGHTED/ON,0,0,0,1
31587184,CAMPBELL,,OTHR,,GRANDVIEW,AVE,,39.07799608,-84.49206475,0.265,5/5/2023 0:00,300,1,1,0,1,B,CLEAR,DRY,0,COLLISION WITH FIXED OBJECT NON - INTERSECTION - FIRST EVENT COLLISION 09 - 32 EXCLUDING 16,SINGLE VEHICLE,CURVE & GRADE,DARK-HWY LIGHTED/ON,0,0,0,1
31590935,CAMPBELL,,OTHR,169,NEWPORT PAVILION,,,39.0878933,-84.47616823,0.478,5/5/2023 0:00,36,1,1,0,0,O,CLEAR,DRY,0,COLLISION WITH FIXED OBJECT NON - INTERSECTION - FIRST EVENT COLLISION 09 - 32 EXCLUDING 16,SINGLE VEHICLE,CURVE & LEVEL,DARK-HWY LIGHTED/ON,0,0,0,1
31592600,CAMPBELL,US0027,USRoute,,MONMOUTH,ST,,39.08009949,-84.48142034,20.906,5/6/2023 0:00,1010,2,2,0,0,O,CLOUDY,DRY,0,ANGLE COLLISION - OTHER,ANGLE,STRAIGHT & LEVEL,DAYLIGHT,0,0,0,1
31620972,CAMPBELL,KY1997,StateRoute,,STONEHOUSE,RD,,38.95296073,-84.33742211,0.867,5/6/2023 0:00,1328,2,2,0,0,O,CLEAR,DRY,0,ANGLE COLLISION - OTHER,ANGLE,STRAIGHT & LEVEL,DAYLIGHT,0,0,0,1
31595192,CAMPBELL,I 0471,Interstate,,I471 N,,,39.07628251,-84.46859425,2.578,5/6/2023 0:00,1701,2,2,0,0,O,CLEAR,DRY,1,SIDESWIPE COLLISION - SAME DIRECTION,SIDESWIPE-SAME DIRECTION,STRAIGHT & LEVEL,DAYLIGHT,0,0,0,1
31597486,CAMPBELL,KY1892,StateRoute,95,CAROTHERS,RD,,39.08635864,-84.47849954,2.219,5/6/2023 0:00,1600,2,2,0,0,O,CLEAR,DRY,0,REAR END IN TRAFFIC LANES BOTH VEHICLES MOVING,REAR END,STRAIGHT & LEVEL,DAYLIGHT,0,0,0,1
31597484,CAMPBELL,I 0471,Interstate,,,,,39.08541585,-84.47459158,0.214,5/6/2023 0:00,1220,2,2,0,0,O,CLEAR,DRY,0,OTHER RAMP RELATED COLLISIONS NOT LISTED ABOVE,REAR END,STRAIGHT & LEVEL,DAYLIGHT,0,0,0,1
31595191,CAMPBELL,I 0471,Interstate,,I471 N,,,39.09285075,-84.4775714,3.834,5/7/2023 0:00,753,1,1,0,0,O,RAINING,WET,0,OTHER ROADWAY OR MID-BLOCK COLLISION,SINGLE VEHICLE,STRAIGHT & LEVEL,DAYLIGHT,0,0,0,1
31600558,CAMPBELL,US0027,USRoute,,ALEXANDRIA,PIKE,,39.03350225,-84.45312315,16.49,5/7/2023 0:00,1244,2,2,0,0,O,CLOUDY,DRY,0,1 VEHICLE ENTERING/LEAVING ENTRANCE,ANGLE,STRAIGHT & GRADE,DAYLIGHT,0,0,0,1
31600908,CAMPBELL,,OTHR,400,RIVERBOAT,ROW,,39.10059114,-84.49084677,0.155,5/7/2023 0:00,1200,2,2,0,0,O,CLEAR,DRY,1,1 VEHICLE PARKED POSITION (NOT PARKING LOT/DRIVEWAY),BACKING,STRAIGHT & LEVEL,DAYLIGHT,0,0,0,1
31600545,CAMPBELL,KY0008,StateRoute,7218,MARY INGLES,HWY,,39.00036586,-84.31377485,15.807,5/8/2023 0:00,643,1,1,0,0,O,CLOUDY,DRY,0,COLLISION WITH ANIMAL NON INTERSECTION,SINGLE VEHICLE,STRAIGHT & LEVEL,DUSK,0,0,0,1
31665994,CAMPBELL,KY1120,StateRoute,200,FT THOMAS,AVE,S,39.07602679,-84.44721467,4.426,5/8/2023 0:00,1431,2,2,0,0,O,CLEAR,DRY,0,1 VEHICLE PARKED POSITION (NOT PARKING LOT/DRIVEWAY),REAR END,STRAIGHT & LEVEL,DAYLIGHT,0,0,0,1
32390321,CAMPBELL,KY0009,StateRoute,,AA,HWY,,39.01817144,-84.48009361,17.393,5/8/2023 0:00,1915,2,2,0,0,O,CLEAR,DRY,0,VEHICLE BACKING NON INTERSECTION,BACKING,STRAIGHT & LEVEL,DAYLIGHT,0,0,0,1
31609417,CAMPBELL,US0027,USRoute,,ALEXANDRIA,PIKE,,39.06290213,-84.45300981,18.854,5/8/2023 0:00,2045,2,2,0,0,O,CLEAR,DRY,0,OTHER ROADWAY OR MID-BLOCK COLLISION,OPPOSING LEFT TURN,STRAIGHT & GRADE,DAYLIGHT,0,0,0,1
31628511,CAMPBELL,I 0275,Interstate,,I275 E,,,39.05584129,-84.43270915,,5/9/2023 0:00,1738,3,3,0,0,O,CLEAR,DRY,0,OTHER ROADWAY OR MID-BLOCK COLLISION,REAR END,STRAIGHT & LEVEL,DAYLIGHT,0,0,0,1
31616172,CAMPBELL,,OTHR,20,HOLLY,LN,,39.09336379,-84.45001712,0.095,5/9/2023 0:00,1026,2,2,0,0,O,CLEAR,DRY,0,1 VEHICLE PARKED POSITION (NOT PARKING LOT/DRIVEWAY),REAR END,STRAIGHT & GRADE,DAYLIGHT,0,0,0,1
31609352,CAMPBELL,US0027,USRoute,,ALEXANDRIA,PIKE,,39.01821686,-84.4357685,15.029,5/9/2023 0:00,1048,2,2,0,0,O,CLEAR,DRY,0,1 VEHICLE ENTERING/LEAVING ENTRANCE,ANGLE,STRAIGHT & LEVEL,DAYLIGHT,0,0,0,1
31604735,CAMPBELL,KY0009,StateRoute,,LICKING,PIKE,,39.0336182,-84.48065109,18.5,5/9/2023 0:00,801,2,2,0,0,O,CLEAR,DRY,1,1 VEHICLE ENTERING/LEAVING ENTRANCE,ANGLE,STRAIGHT & LEVEL,DAYLIGHT,0,0,0,1
31610716,CAMPBELL,KY1892,StateRoute,,CAROTHERS,RD,,39.08637157,-84.47724121,2.152,5/9/2023 0:00,1557,2,2,0,0,O,CLOUDY,DRY,0,OTHER INTERSECTION COLLISIONS,REAR END,CURVE & GRADE,DAYLIGHT,1,0,0,1