IncidentID,County,RdwyNumber,RdwyType,Street,RoadwayName,StreetSfx,StreetDir,Latitude,Longitude,Milepoint,CollisionDate,CollisionTime,UnitsInvolved,MotorVehiclesInvolved,NumberKilled,NumberInjured,KABCO,Weather,RdwyConditionCode,HitandRun,DirAnalysisCode,MannerofCollision,RdwyCharacter,LightCondition,Intersection Crash,Bicyclist,Pedestrian,Motor Vehicles
31604953,CAMPBELL,KY0009,StateRoute,,LICKING,PIKE,,39.0591821,-84.48652001,20.435,5/9/2023 0:00,945,1,1,0,0,O,CLEAR,DRY,0,OTHER INTERSECTION COLLISIONS,SINGLE VEHICLE,STRAIGHT & LEVEL,DAYLIGHT,1,0,0,1
31610717,CAMPBELL,,OTHR,,10TH,ST,W,39.08394533,-84.49474256,0.256,5/9/2023 0:00,1619,2,1,0,1,B,CLOUDY,DRY,0,COLLISION WITH BICYCLE IN INTERSECTION,SINGLE VEHICLE,STRAIGHT & GRADE,DAYLIGHT,1,1,0,0
31606559,CAMPBELL,KY0008,StateRoute,,5TH,ST,W,39.090115,-84.49835942,0.361,5/9/2023 0:00,1610,2,2,0,0,O,CLEAR,DRY,0,ANGLE COLLISION - OTHER,ANGLE,STRAIGHT & LEVEL,DAYLIGHT,0,0,0,1
31606439,CAMPBELL,,OTHR,617,ISABELLA,ST,,39.08795887,-84.49835009,0.544,5/9/2023 0:00,620,2,2,0,0,O,CLOUDY,DRY,0,1 VEHICLE PARKED POSITION (NOT PARKING LOT/DRIVEWAY),HEAD ON,STRAIGHT & LEVEL,DAWN,0,0,0,1
31604620,CAMPBELL,KY0009,StateRoute,,LICKING,PIKE,,39.03334306,-84.48050155,18.479,5/9/2023 0:00,654,1,1,0,0,O,CLEAR,DRY,0,COLLISION WITH ANIMAL NON INTERSECTION,SINGLE VEHICLE,STRAIGHT & LEVEL,DAYLIGHT,0,0,0,1
31612090,CAMPBELL,,OTHR,,GRANDVIEW,AVE,,39.10215002,-84.47654891,0.055,5/10/2023 0:00,1409,2,2,0,0,O,CLEAR,DRY,0,1 VEHICLE PARKED POSITION (NOT PARKING LOT/DRIVEWAY),SIDESWIPE-SAME DIRECTION,STRAIGHT & GRADE,DAYLIGHT,0,0,0,1
31616173,CAMPBELL,,OTHR,1424,FT THOMAS,AVE,N,39.09409182,-84.44960396,1.07,5/10/2023 0:00,1515,2,2,0,0,O,CLOUDY,DRY,0,1 VEHICLE PARKED POSITION (NOT PARKING LOT/DRIVEWAY),SIDESWIPE-SAME DIRECTION,CURVE & GRADE,DAYLIGHT,0,0,0,1
31615421,CAMPBELL,US0027,USRoute,,ALEXANDRIA,PIKE,,38.99920014,-84.41844291,13.473,5/10/2023 0:00,2232,1,1,0,1,C,CLEAR,GRAVEL,0,NON-COLLISION OBJECT COLLISION,SINGLE VEHICLE,STRAIGHT & LEVEL,DARK-HWY LIGHTED/ON,0,0,0,1
31610718,CAMPBELL,,OTHR,,4TH,ST,E,39.09301573,-84.49477288,0.464,5/10/2023 0:00,752,2,2,0,0,O,CLEAR,DRY,0,SIDESWIPE-SAME DIRECTION,SIDESWIPE-SAME DIRECTION,STRAIGHT & LEVEL,DAYLIGHT,0,0,0,1
31613213,CAMPBELL,KY0009,StateRoute,,AA,HWY,,38.86931933,-84.26110385,0.519,5/10/2023 0:00,1742,2,2,0,0,O,CLEAR,DRY,0,1 VEHICLE ENTERING/LEAVING ENTRANCE,ANGLE,STRAIGHT & LEVEL,DAYLIGHT,0,0,0,1
31613214,CAMPBELL,I 0471,Interstate,,I471 S,,,39.04874873,-84.46414508,0.303,5/10/2023 0:00,1632,2,2,0,0,O,CLEAR,DRY,0,REAR END IN TRAFFIC LANES BOTH VEHICLES MOVING,REAR END,CURVE & LEVEL,DAYLIGHT,0,0,0,1
31613215,CAMPBELL,I 0275,Interstate,,I275 E,,,39.05696286,-84.43089594,73.217,5/10/2023 0:00,1511,2,2,0,0,O,CLEAR,DRY,1,REAR END IN TRAFFIC LANES BOTH VEHICLES MOVING,REAR END,STRAIGHT & LEVEL,DAYLIGHT,0,0,0,1
31627033,CAMPBELL,,OTHR,302,6TH,ST,E,39.09310599,-84.49067817,0.488,5/10/2023 0:00,1400,2,2,0,0,O,CLEAR,DRY,0,1 VEHICLE PARKED POSITION (NOT PARKING LOT/DRIVEWAY),SIDESWIPE-SAME DIRECTION,STRAIGHT & LEVEL,DAYLIGHT,0,0,0,1
31630661,CAMPBELL,,OTHR,150,RIDGEWOOD,DR,,38.95730176,-84.34547246,1.194,5/10/2023 0:00,655,2,2,0,0,O,CLEAR,DRY,0,1 VEHICLE PARKED POSITION (NOT PARKING LOT/DRIVEWAY),REAR END,CURVE & LEVEL,DAYLIGHT,0,0,0,1
31670938,CAMPBELL,,OTHR,8503,TULIPWOOD,CT,,38.95642377,-84.34806292,0.07,5/10/2023 0:00,1530,2,2,0,0,O,CLEAR,DRY,1,1 VEHICLE PARKED POSITION (NOT PARKING LOT/DRIVEWAY),BACKING,STRAIGHT & LEVEL,DAYLIGHT,0,0,0,1
31625135,CAMPBELL,,OTHR,1013,OFALLON,AVE,,39.10523426,-84.47597114,0.164,5/11/2023 0:00,1828,3,3,0,0,O,CLEAR,DRY,0,1 VEHICLE PARKED POSITION (NOT PARKING LOT/DRIVEWAY),BACKING,STRAIGHT & GRADE,DAYLIGHT,0,0,0,1
31624988,CAMPBELL,I 0275,Interstate,,I275 E,,,39.05685134,-84.43094992,73.223,5/11/2023 0:00,1758,4,4,0,0,O,CLEAR,DRY,0,REAR END IN TRAFFIC LANES BOTH VEHICLES MOVING,REAR END,STRAIGHT & LEVEL,DAYLIGHT,0,0,0,1
31648500,CAMPBELL,I 0275,Interstate,,I275 E,,,39.05642798,-84.43220908,,5/11/2023 0:00,1605,5,5,0,0,O,CLEAR,DRY,0,REAR END IN TRAFFIC LANES BOTH VEHICLES MOVING,REAR END,STRAIGHT & LEVEL,DAYLIGHT,0,0,0,1
31637539,CAMPBELL,US0027,USRoute,10,3RD,ST,E,39.09368039,-84.49679675,22.251,5/11/2023 0:00,1130,2,2,0,0,O,CLEAR,DRY,0,REAR END IN TRAFFIC LANES BOTH VEHICLES MOVING,REAR END,CURVE & LEVEL,DAYLIGHT,0,0,0,1
31636286,CAMPBELL,KY0008,StateRoute,145,FAIRFIELD,AVE,,39.10391553,-84.486398,1.633,5/11/2023 0:00,1744,3,3,0,0,O,CLEAR,DRY,0,REAR END IN TRAFFIC LANES BOTH VEHICLES MOVING,REAR END,STRAIGHT & GRADE,DAYLIGHT,0,0,0,1
31617180,CAMPBELL,KY1892,StateRoute,,GRAND,AVE,N,39.07948077,-84.46637217,1.353,5/11/2023 0:00,857,2,2,0,0,O,CLEAR,DRY,0,VEHICLE BACKING NON INTERSECTION,BACKING,STRAIGHT & LEVEL,DAYLIGHT,0,0,0,1
31637278,CAMPBELL,KY0709,StateRoute,,ALEXANDRIA,PIKE,E,38.98363764,-84.3977381,0.096,5/11/2023 0:00,1413,2,2,0,0,O,CLEAR,DRY,0,1 VEHICLE ENTERING/LEAVING ENTRANCE,ANGLE,STRAIGHT & HILLCREST,DAYLIGHT,0,0,0,1
31621489,CAMPBELL,I 0471,Interstate,,I471 N,,,39.0997087,-84.49291186,4.813,5/11/2023 0:00,1705,2,2,0,1,C,CLEAR,DRY,0,SIDESWIPE COLLISION - SAME DIRECTION,SIDESWIPE-SAME DIRECTION,STRAIGHT & LEVEL,DAYLIGHT,0,0,0,1
31644138,CAMPBELL,,OTHR,,9TH,ST,E,39.08962113,-84.48797135,0.49,5/11/2023 0:00,1910,2,2,0,0,O,CLEAR,DRY,0,ANGLE COLLISION - OTHER,ANGLE,STRAIGHT & LEVEL,DAYLIGHT,0,0,0,1
31620970,CAMPBELL,,OTHR,,KENTUCKY,AVE,,39.03269656,-84.36895899,0.158,5/11/2023 0:00,1937,1,1,0,1,A,CLEAR,DRY,0,NON-COLLISION OBJECT COLLISION,SINGLE VEHICLE,STRAIGHT & LEVEL,DAYLIGHT,0,0,0,1
31625136,CAMPBELL,,OTHR,,MCKINNEY,ST,,39.11145423,-84.47345755,0.269,5/11/2023 0:00,1221,2,2,0,0,O,CLEAR,DRY,0,COLLISION WITH PARKED VEHICLE,SIDESWIPE-SAME DIRECTION,STRAIGHT & LEVEL,DAYLIGHT,0,0,0,1
31621416,CAMPBELL,,OTHR,134,KENTUCKY,DR,,39.07442326,-84.48263767,0.376,5/11/2023 0:00,1652,2,1,0,1,C,CLEAR,DRY,0,COLLISION WITH PEDESTRIAN NON - INTERSECTION,SINGLE VEHICLE,STRAIGHT & HILLCREST,DAYLIGHT,0,0,1,0
31617177,CAMPBELL,,OTHR,639,WASHINGTON,AVE,,39.09195026,-84.48990196,0.311,5/11/2023 0:00,1254,2,2,0,0,O,CLEAR,DRY,1,1 VEHICLE PARKED POSITION (NOT PARKING LOT/DRIVEWAY),SIDESWIPE-SAME DIRECTION,STRAIGHT & LEVEL,DAYLIGHT,0,0,0,1
31625133,CAMPBELL,,OTHR,115,8TH,AVE,,39.10867063,-84.47833756,0.528,5/11/2023 0:00,1710,2,2,0,0,O,CLEAR,DRY,0,1 VEHICLE PARKED POSITION (NOT PARKING LOT/DRIVEWAY),ANGLE,STRAIGHT & LEVEL,DAYLIGHT,0,0,0,1
31624987,CAMPBELL,US0027,USRoute,,ALEXANDRIA,PIKE,,38.9917677,-84.40901123,12.764,5/12/2023 0:00,633,1,1,0,0,O,CLOUDY,DRY,0,COLLISION WITH ANIMAL NON INTERSECTION,SINGLE VEHICLE,STRAIGHT & GRADE,DAWN,0,0,0,1
31637542,CAMPBELL,KY0008,StateRoute,,WASHINGTON,AVE,,39.09679698,-84.49424269,0.908,5/12/2023 0:00,1607,2,2,0,0,O,CLOUDY,DRY,0,OTHER INTERSECTION COLLISIONS,REAR END,STRAIGHT & GRADE,DAYLIGHT,1,0,0,1
31679194,CAMPBELL,KY0009,StateRoute,,LICKING,PIKE,,39.02467599,-84.48061659,17.896,5/12/2023 0:00,818,2,2,0,0,O,RAINING,WET,0,OTHER INTERSECTION COLLISIONS,REAR END,STRAIGHT & LEVEL,DAYLIGHT,1,0,0,1
31628507,CAMPBELL,KY0915,StateRoute,,LICKING,PIKE,,38.91996504,-84.39588043,0.33,5/12/2023 0:00,1723,1,1,0,1,B,CLEAR,DRY,0,COLLISION WITH FIXED OBJECT IN INTERSECTION - FIRST EVENT COLLISION 09 - 32,SINGLE VEHICLE,STRAIGHT & LEVEL,DAYLIGHT,1,0,0,1
31621418,CAMPBELL,,OTHR,,9TH,ST,E,39.08759218,-84.49154776,0.728,5/12/2023 0:00,1505,2,1,0,0,O,CLOUDY,WET,0,COLLISION WITH PEDESTRIAN IN INTERSECTION,SINGLE VEHICLE,STRAIGHT & LEVEL,DAYLIGHT,1,0,1,0
31630665,CAMPBELL,US0027,USRoute,,ALEXANDRIA,PIKE,,38.98670427,-84.4042203,12.323,5/12/2023 0:00,1735,2,2,0,0,O,CLOUDY,DRY,0,ANGLE COLLISION - OTHER,ANGLE,STRAIGHT & GRADE,DAYLIGHT,0,0,0,1
31635519,CAMPBELL,US0027,USRoute,,ALEXANDRIA,PIKE,,38.98157155,-84.39598913,11.757,5/12/2023 0:00,1721,2,2,0,0,O,RAINING,WET,0,OTHER ROADWAY OR MID-BLOCK COLLISION,REAR END,STRAIGHT & LEVEL,DAYLIGHT,0,0,0,1
31626918,CAMPBELL,KY0008,StateRoute,45,FAIRFIELD,AVE,,39.10234609,-84.48803977,1.496,5/12/2023 0:00,1528,2,2,0,0,O,CLEAR,DRY,0,VEHICLE BACKING NON INTERSECTION,BACKING,STRAIGHT & LEVEL,DAYLIGHT,0,0,0,1
31627604,CAMPBELL,I 0275,Interstate,,I275 E,,,39.04213218,-84.46903544,75.533,5/12/2023 0:00,1230,2,2,0,0,O,CLEAR,DRY,0,REAR END IN TRAFFIC LANES BOTH VEHICLES MOVING,REAR END,STRAIGHT & LEVEL,DAYLIGHT,0,0,0,1
31618756,CAMPBELL,KY1120,StateRoute,,11TH,ST,W,39.0849681,-84.4896468,0.663,5/12/2023 0:00,127,2,2,0,0,O,CLEAR,DRY,0,REAR END IN TRAFFIC LANES BOTH VEHICLES MOVING,REAR END,STRAIGHT & LEVEL,DARK-HWY LIGHTED/ON,0,0,0,1
31665981,CAMPBELL,,OTHR,42,ALTAMONT,CT,,39.07062603,-84.44408047,0.072,5/12/2023 0:00,700,2,2,0,0,O,CLOUDY,DRY,1,1 VEHICLE PARKED POSITION (NOT PARKING LOT/DRIVEWAY),BACKING,STRAIGHT & HILLCREST,DAYLIGHT,0,0,0,1
31622269,CAMPBELL,I 0471,Interstate,,,,,39.08450308,-84.47126687,0.316,5/12/2023 0:00,1716,1,1,0,2,C,CLOUDY,WET,0,OTHER RAMP RELATED COLLISIONS NOT LISTED ABOVE,SINGLE VEHICLE,CURVE & LEVEL,DAYLIGHT,0,0,0,1
31625027,CAMPBELL,KY1120,StateRoute,760,10TH,ST,E,39.0914239,-84.48238114,1.245,5/13/2023 0:00,1837,3,3,0,1,B,CLOUDY,DRY,0,1 VEHICLE PARKED POSITION (NOT PARKING LOT/DRIVEWAY),REAR END,STRAIGHT & LEVEL,DAYLIGHT,0,0,0,1
31635522,CAMPBELL,,OTHR,9840,CEDAR,CV,,38.9262958,-84.38933764,0.049,5/13/2023 0:00,1055,2,2,0,0,O,CLOUDY,DRY,0,1 VEHICLE PARKED POSITION (NOT PARKING LOT/DRIVEWAY),BACKING,STRAIGHT & LEVEL,DAYLIGHT,0,0,0,1
31624986,CAMPBELL,US0027,USRoute,,ALEXANDRIA,PIKE,,39.00075993,-84.42028443,13.629,5/13/2023 0:00,1324,2,2,0,0,O,CLEAR,DRY,0,REAR END IN TRAFFIC LANES BOTH VEHICLES MOVING,REAR END,STRAIGHT & LEVEL,DAYLIGHT,0,0,0,1
31628509,CAMPBELL,KY0008,StateRoute,7729,MARY INGLES,HWY,,38.97444489,-84.30346424,17.703,5/13/2023 0:00,2313,1,1,0,0,O,CLEAR,DRY,0,OTHER ROADWAY OR MID-BLOCK COLLISION,SINGLE VEHICLE,STRAIGHT & HILLCREST,DARK-HWY NOT LIGHTED,0,0,0,1
31647329,CAMPBELL,,OTHR,47,KENTUCKY,DR,,39.07599322,-84.47882385,0.701,5/13/2023 0:00,1051,2,2,0,0,O,CLOUDY,DRY,0,1 VEHICLE ENTERING/LEAVING ENTRANCE,ANGLE,STRAIGHT & HILLCREST,DAYLIGHT,0,0,0,1
31627605,CAMPBELL,KY2345,StateRoute,,JOHNS HILL,RD,,39.02725714,-84.46104671,0.676,5/13/2023 0:00,2159,2,2,0,2,B,CLOUDY,DRY,0,1 VEHICLE ENTERING/LEAVING ENTRANCE,ANGLE,CURVE & LEVEL,DARK-HWY NOT LIGHTED,0,0,0,1
31637279,CAMPBELL,KY0009,StateRoute,,AA,HWY,,38.98385896,-84.38707627,11.564,5/13/2023 0:00,1523,1,1,0,0,O,CLOUDY,DRY,0,COLLISION WITH FIXED OBJECT IN INTERSECTION - FIRST EVENT COLLISION 09 - 32,SINGLE VEHICLE,STRAIGHT & LEVEL,DAYLIGHT,1,0,0,1
31632028,CAMPBELL,KY0008,StateRoute,,MARY INGLES,HWY,,39.04261932,-84.41571786,9.342,5/13/2023 0:00,950,1,1,0,0,O,CLOUDY,DRY,0,OTHER INTERSECTION COLLISIONS,SINGLE VEHICLE,STRAIGHT & LEVEL,DAYLIGHT,1,0,0,1
34067187,CAMPBELL,KY1121,StateRoute,8406,PERSIMMON GROVE,PIKE,,38.95805838,-84.38136487,10.054,5/13/2023 0:00,1747,1,1,0,0,O,CLOUDY,WET,0,RAN OFF ROADWAY (1 VEHICLE WITH/EARTH EMBANKMENT/DITCH),SINGLE VEHICLE,CURVE & GRADE,DAYLIGHT,0,0,0,1
31632497,CAMPBELL,KY0009,StateRoute,,LICKING,PIKE,,39.02869397,-84.47990114,18.146,5/14/2023 0:00,1259,2,2,0,0,O,CLEAR,DRY,0,ANGLE COLLISION - OTHER,ANGLE,STRAIGHT & HILLCREST,DAYLIGHT,0,0,0,1
31626931,CAMPBELL,KY0008,StateRoute,145,FAIRFIELD,AVE,,39.1040125,-84.48601117,1.653,5/14/2023 0:00,1125,2,2,0,0,O,CLEAR,DRY,0,OTHER ROADWAY OR MID-BLOCK COLLISION,REAR END,STRAIGHT & GRADE,DAYLIGHT,0,0,0,1
31667636,CAMPBELL,,OTHR,,DEVONSHIRE,,,39.00999443,-84.4263167,,5/14/2023 0:00,1213,2,2,0,0,O,CLEAR,DRY,0,1 VEHICLE PARKED POSITION (NOT PARKING LOT/DRIVEWAY),BACKING,STRAIGHT & LEVEL,DAYLIGHT,0,0,0,1
31632033,CAMPBELL,US0027,USRoute,,ALEXANDRIA,PIKE,,38.91347086,-84.38685513,6.931,5/15/2023 0:00,1043,2,2,0,0,O,CLOUDY,WET,0,REAR END IN TRAFFIC LANES BOTH VEHICLES MOVING,REAR END,STRAIGHT & LEVEL,DAYLIGHT,0,0,0,1
31632506,CAMPBELL,KY0009,StateRoute,,AA,HWY,,39.01824864,-84.48035937,17.407,5/15/2023 0:00,654,2,2,0,0,O,RAINING,WET,0,REAR END IN TRAFFIC LANES BOTH VEHICLES MOVING,REAR END,STRAIGHT & LEVEL,DAWN,0,0,0,1
31649358,CAMPBELL,KY0471,StateRoute,,KY471,,S,39.03698907,-84.45412127,0.002,5/15/2023 0:00,1703,2,2,0,0,O,CLEAR,DRY,0,1 VEHICLE ENTERING/LEAVING ENTRANCE,ANGLE,STRAIGHT & LEVEL,DAYLIGHT,0,0,0,1
31631213,CAMPBELL,I 0471,Interstate,,I471 N,,,39.09623402,-84.48261926,4.197,5/15/2023 0:00,740,2,2,0,0,O,RAINING,WET,0,SIDESWIPE COLLISION - SAME DIRECTION,SIDESWIPE-SAME DIRECTION,STRAIGHT & LEVEL,DAYLIGHT,0,0,0,1
31635585,CAMPBELL,US0027,USRoute,,ALEXANDRIA,PIKE,,39.02053572,-84.43854419,15.269,5/15/2023 0:00,1645,2,2,0,2,B,CLOUDY,DRY,0,OTHER ROADWAY OR MID-BLOCK COLLISION,REAR END,STRAIGHT & LEVEL,DAYLIGHT,0,0,0,1
31635588,CAMPBELL,US0027,USRoute,5600,ALEXANDRIA,PIKE,,38.99823949,-84.41771606,13.4,5/15/2023 0:00,1200,2,2,0,0,O,CLOUDY,DRY,0,VEHICLE BACKING NON INTERSECTION,BACKING,STRAIGHT & LEVEL,DAYLIGHT,0,0,0,1
31665982,CAMPBELL,KY1120,StateRoute,,MEMORIAL,PKWY,,39.0941397,-84.46209451,2.45,5/15/2023 0:00,1100,1,1,0,0,O,CLOUDY,WET,0,COLLISION WITH FIXED OBJECT NON - INTERSECTION - FIRST EVENT COLLISION 09 - 32 EXCLUDING 16,SINGLE VEHICLE,CURVE & GRADE,DAYLIGHT,0,0,0,1
31633833,CAMPBELL,US0027,USRoute,,MONMOUTH,ST,,39.08412154,-84.48469073,21.255,5/15/2023 0:00,1732,2,2,0,0,O,CLEAR,DRY,0,ANGLE COLLISION - OTHER,ANGLE,STRAIGHT & LEVEL,DAYLIGHT,0,0,0,1
31649551,CAMPBELL,,OTHR,,SARATOGA,ST,,39.08891485,-84.48913541,0.207,5/15/2023 0:00,820,2,2,0,0,O,RAINING,WET,0,ANGLE COLLISION - OTHER,ANGLE,STRAIGHT & LEVEL,DAYLIGHT,0,0,0,1
31644541,CAMPBELL,KY0008,StateRoute,100,FAIRFIELD,AVE,,39.10296082,-84.48730733,1.554,5/16/2023 0:00,1140,2,2,0,0,O,RAINING,WET,0,OTHER ROADWAY OR MID-BLOCK COLLISION,OPPOSING LEFT TURN,STRAIGHT & LEVEL,DAYLIGHT,0,0,0,1
31665984,CAMPBELL,I 0471,Interstate,,I471 SB,,,39.06569785,-84.46607772,1.703,5/16/2023 0:00,1616,2,2,0,0,O,RAINING,WET,0,OTHER ROADWAY OR MID-BLOCK COLLISION,REAR END,STRAIGHT & LEVEL,DAYLIGHT,0,0,0,1
31651764,CAMPBELL,US0027,USRoute,,ALEXANDRIA,PIKE,,38.98664434,-84.40420308,12.325,5/16/2023 0:00,1131,2,2,0,1,B,RAINING,WET,0,OTHER INTERSECTION COLLISIONS,REAR END,STRAIGHT & LEVEL,DAYLIGHT,1,0,0,1
31642232,CAMPBELL,KY1120,StateRoute,,10TH,ST,E,39.09265917,-84.48060044,1.374,5/16/2023 0:00,1612,2,2,0,5,C,CLOUDY,WET,0,ANGLE COLLISION - OTHER,ANGLE,STRAIGHT & LEVEL,DAYLIGHT,0,0,0,1
31637599,CAMPBELL,,OTHR,,WESLEY,DR,,39.03925671,-84.47539599,0.056,5/16/2023 0:00,1027,2,2,0,0,O,RAINING,WET,0,1 VEHICLE PARKED POSITION (NOT PARKING LOT/DRIVEWAY),SIDESWIPE-SAME DIRECTION,STRAIGHT & LEVEL,DAYLIGHT,0,0,0,1
31638386,CAMPBELL,KY0536,StateRoute,,CREEKTRACE,RD,,38.92209367,-84.44164907,0.386,5/16/2023 0:00,1800,1,1,0,0,O,CLEAR,WET,0,RAN OFF ROADWAY (1 VEHICLE WITH/EARTH EMBANKMENT/DITCH),SINGLE VEHICLE,STRAIGHT & LEVEL,DAYLIGHT,0,0,0,1
31638387,CAMPBELL,KY2924,StateRoute,11572,TOLLGATE,RD,,38.96462075,-84.40588197,0.789,5/16/2023 0:00,1618,1,1,0,0,O,RAINING,WET,0,RAN OFF ROADWAY (1 VEHICLE WITH/EARTH EMBANKMENT/DITCH),SINGLE VEHICLE,CURVE & LEVEL,DAYLIGHT,0,0,0,1
31643286,CAMPBELL,KY0915,StateRoute,,LICKING,PIKE,,38.9748173,-84.42468739,5.087,5/16/2023 0:00,2240,1,1,0,1,C,CLOUDY,WET,0,COLLISION WITH FIXED OBJECT NON - INTERSECTION - FIRST EVENT COLLISION 09 - 32 EXCLUDING 16,SINGLE VEHICLE,CURVE & GRADE,DARK (UNKNOWN ROADWAY LIGHTING),0,0,0,1
31640598,CAMPBELL,,OTHR,,9TH,AVE,,39.10797199,-84.47661562,0.207,5/16/2023 0:00,935,1,1,0,0,O,RAINING,WET,0,COLLISION WITH FIXED OBJECT NON - INTERSECTION - FIRST EVENT COLLISION 09 - 32 EXCLUDING 16,SINGLE VEHICLE,STRAIGHT & LEVEL,DAYLIGHT,0,0,0,1
31637192,CAMPBELL,,OTHR,,STEFFEN,RD,,38.94599262,-84.41913716,0.492,5/16/2023 0:00,1010,2,2,0,0,O,CLEAR,DRY,0,SIDESWIPE COLLISION - OPPOSITE DIRECTION,SIDESWIPE-OPPOSITE DIRECTION,STRAIGHT & LEVEL,DAYLIGHT,0,0,0,1
31646442,CAMPBELL,KY0009,StateRoute,,AA,HWY,,38.98881219,-84.39508523,12.131,5/16/2023 0:00,714,2,2,0,1,C,CLOUDY,WET,0,REAR END IN TRAFFIC LANES BOTH VEHICLES MOVING,REAR END,STRAIGHT & GRADE,DAYLIGHT,0,0,0,1
31639480,CAMPBELL,I 0471,Interstate,,I471 SB,,,39.06457552,-84.46713219,1.6,5/16/2023 0:00,1559,2,2,0,0,O,RAINING,WET,0,REAR END IN TRAFFIC LANES BOTH VEHICLES MOVING,REAR END,STRAIGHT & LEVEL,DAYLIGHT,0,0,0,1
31644542,CAMPBELL,,OTHR,,WASHINGTON,AVE,,39.1069325,-84.48274791,0.521,5/17/2023 0:00,1151,2,2,0,0,O,CLEAR,DRY,0,1 VEHICLE PARKED POSITION (NOT PARKING LOT/DRIVEWAY),REAR END,STRAIGHT & GRADE,DAYLIGHT,0,0,0,1
31654654,CAMPBELL,,OTHR,1200,LOWELL,ST,,39.0792716,-84.49625368,0.316,5/17/2023 0:00,1200,2,2,0,0,O,RAINING,WET,0,1 VEHICLE ENTERING/LEAVING ENTRANCE,ANGLE,STRAIGHT & LEVEL,DAYLIGHT,0,0,0,1
31647487,CAMPBELL,,OTHR,33,DONNERMEYER,BLVD,,39.09799995,-84.48210588,0.052,5/17/2023 0:00,1724,2,2,0,0,O,CLEAR,DRY,0,1 VEHICLE ENTERING/LEAVING ENTRANCE,ANGLE,STRAIGHT & LEVEL,DAYLIGHT,0,0,0,1
31658025,CAMPBELL,,OTHR,114,RIDGE HILL,DR,,39.02209655,-84.46178007,0.15,5/17/2023 0:00,1249,2,2,0,0,O,CLOUDY,DRY,0,SIDESWIPE COLLISION - SAME DIRECTION,SIDESWIPE-SAME DIRECTION,STRAIGHT & GRADE,DAYLIGHT,0,0,0,1
31691365,CAMPBELL,US0027,USRoute,,ALEXANDRIA,PIKE,,39.02534152,-84.44536078,15.764,5/17/2023 0:00,1755,2,2,0,1,A,CLEAR,DRY,0,HEAD-ON COLLISION,HEAD ON,STRAIGHT & GRADE,DAYLIGHT,0,0,0,1
31644136,CAMPBELL,US0027,USRoute,642,MONMOUTH,ST,,39.09096857,-84.49297386,21.912,5/17/2023 0:00,1752,2,2,0,0,O,CLEAR,DRY,0,1 VEHICLE PARKED POSITION (NOT PARKING LOT/DRIVEWAY),BACKING,STRAIGHT & LEVEL,DAYLIGHT,0,0,0,1
31642231,CAMPBELL,I 0471,Interstate,,I471 N,,,39.08429153,-84.47255597,3.178,5/17/2023 0:00,827,2,2,0,0,O,CLEAR,DRY,0,COLLISION WITH FIXED OBJECT IN INTERSECTION - FIRST EVENT COLLISION 09 - 32,REAR END,STRAIGHT & LEVEL,DAYLIGHT,1,0,0,1
31651439,CAMPBELL,KY0709,StateRoute,,ALEXANDRIA,PIKE,E,38.9887017,-84.39517087,0.466,5/17/2023 0:00,1852,2,2,0,0,O,CLEAR,DRY,0,OTHER INTERSECTION COLLISIONS,REAR END,STRAIGHT & LEVEL,DAYLIGHT,1,0,0,1
31666079,CAMPBELL,KY1120,StateRoute,,FT THOMAS,AVE,S,39.07415992,-84.44712104,4.557,5/17/2023 0:00,1508,2,2,0,0,O,CLOUDY,DRY,0,SIDESWIPE-SAME DIRECTION,SIDESWIPE-SAME DIRECTION,CURVE & LEVEL,DAYLIGHT,0,0,0,1
31644139,CAMPBELL,I 0471,Interstate,,,,,39.08546487,-84.47436842,0.202,5/17/2023 0:00,1933,2,2,0,0,O,CLEAR,DRY,0,OTHER RAMP RELATED COLLISIONS NOT LISTED ABOVE,REAR END,CURVE & GRADE,DAYLIGHT,0,0,0,1
31652234,CAMPBELL,KY1120,StateRoute,,MEMORIAL,PKWY,,39.0926719,-84.47522416,1.677,5/18/2023 0:00,1720,2,2,0,0,O,CLEAR,DRY,0,OTHER INTERSECTION COLLISIONS,REAR END,STRAIGHT & LEVEL,DAYLIGHT,1,0,0,1
31652231,CAMPBELL,KY1120,StateRoute,,11TH,ST,W,39.08374449,-84.49157674,0.473,5/18/2023 0:00,1621,2,2,0,0,O,CLEAR,DRY,0,ANGLE COLLISION - OTHER,ANGLE,STRAIGHT & LEVEL,DAYLIGHT,0,0,0,1
31647558,CAMPBELL,KY1120,StateRoute,,11TH,ST,W,39.08383746,-84.49161596,0.533,5/18/2023 0:00,1454,2,2,0,0,O,CLOUDY,DRY,1,ANGLE COLLISION - OTHER,ANGLE,STRAIGHT & GRADE,DAYLIGHT,0,0,0,1
31692254,CAMPBELL,KY2924,StateRoute,,TOLLGATE,RD,,38.98398042,-84.41702044,2.522,5/18/2023 0:00,1110,1,1,0,0,O,CLEAR,DRY,0,COLLISION WITH FIXED OBJECT IN INTERSECTION - FIRST EVENT COLLISION 09 - 32,SINGLE VEHICLE,STRAIGHT & GRADE,DAYLIGHT,1,0,0,1
31749820,CAMPBELL,,OTHR,,NINE MILE,RD,,39.02101827,-84.3376018,0.036,5/18/2023 0:00,300,1,1,0,0,O,CLEAR,DRY,0,COLLISION WITH FIXED OBJECT IN INTERSECTION - FIRST EVENT COLLISION 09 - 32,SINGLE VEHICLE,STRAIGHT & LEVEL,DARK-HWY NOT LIGHTED,1,0,0,1