IncidentID,County,RdwyNumber,RdwyType,Street,RoadwayName,StreetSfx,StreetDir,Latitude,Longitude,Milepoint,CollisionDate,CollisionTime,UnitsInvolved,MotorVehiclesInvolved,NumberKilled,NumberInjured,KABCO,Weather,RdwyConditionCode,HitandRun,DirAnalysisCode,MannerofCollision,RdwyCharacter,LightCondition,Intersection Crash,Bicyclist,Pedestrian,Motor Vehicles
31649214,CAMPBELL,,OTHR,207,BLUEGRASS,AVE,,39.07356194,-84.48254681,0.059,5/18/2023 0:00,1808,1,1,0,0,O,CLEAR,DRY,0,COLLISION WITH FIXED OBJECT NON - INTERSECTION - FIRST EVENT COLLISION 09 - 32 EXCLUDING 16,SINGLE VEHICLE,STRAIGHT & GRADE,DAYLIGHT,0,0,0,1
31647597,CAMPBELL,US0027,USRoute,1200,MONMOUTH,ST,,39.08490658,-84.485957,21.346,5/18/2023 0:00,1352,1,1,0,0,O,CLEAR,DRY,0,COLLISION WITH FIXED OBJECT NON - INTERSECTION - FIRST EVENT COLLISION 09 - 32 EXCLUDING 16,SINGLE VEHICLE,STRAIGHT & GRADE,DAYLIGHT,0,0,0,1
31647327,CAMPBELL,KY1892,StateRoute,57,CAROTHERS,RD,,39.08507791,-84.48086327,2.376,5/18/2023 0:00,1137,2,2,0,0,O,CLEAR,DRY,0,SIDESWIPE COLLISION - SAME DIRECTION,SIDESWIPE-SAME DIRECTION,STRAIGHT & HILLCREST,DAYLIGHT,0,0,0,1
31653825,CAMPBELL,,OTHR,1145,PARKSIDE,DR,,38.89499962,-84.3795806,0.365,5/18/2023 0:00,1943,2,2,0,0,O,CLEAR,DRY,0,SIDESWIPE COLLISION - SAME DIRECTION,SIDESWIPE-SAME DIRECTION,STRAIGHT & LEVEL,DAYLIGHT,0,0,0,1
31648961,CAMPBELL,,OTHR,326,COVERT RUN,PIKE,,39.0999821,-84.47628268,0.206,5/18/2023 0:00,1831,3,3,0,0,O,CLEAR,DRY,0,SIDESWIPE COLLISION - OPPOSITE DIRECTION,SIDESWIPE-OPPOSITE DIRECTION,STRAIGHT & LEVEL,DAYLIGHT,0,0,0,1
31731036,CAMPBELL,US0027,USRoute,2102,MONMOUTH,ST,,39.07888415,-84.48045093,20.823,5/18/2023 0:00,1132,2,2,0,0,O,CLEAR,DRY,1,1 VEHICLE ENTERING/LEAVING ENTRANCE,ANGLE,STRAIGHT & LEVEL,DAYLIGHT,0,0,0,1
31646079,CAMPBELL,KY0009,StateRoute,,LICKING,PIKE,,39.02263922,-84.48094119,17.736,5/18/2023 0:00,730,2,2,0,0,O,CLEAR,DRY,0,1 VEHICLE ENTERING/LEAVING ENTRANCE,ANGLE,STRAIGHT & LEVEL,DAYLIGHT,0,0,0,1
31644145,CAMPBELL,US0027,USRoute,,3RD,ST,E,39.09372504,-84.49684897,22.249,5/18/2023 0:00,230,2,2,0,0,O,CLEAR,DRY,1,1 VEHICLE ENTERING/LEAVING ENTRANCE,ANGLE,CURVE & LEVEL,DARK-HWY LIGHTED/ON,0,0,0,1
31647330,CAMPBELL,KY1120,StateRoute,,11TH,ST,W,39.08223428,-84.49453601,0.34,5/18/2023 0:00,748,2,2,0,0,O,CLEAR,DRY,0,REAR END IN TRAFFIC LANES BOTH VEHICLES MOVING,REAR END,STRAIGHT & LEVEL,DAYLIGHT,0,0,0,1
31706707,CAMPBELL,US0027,USRoute,2369,ALEXANDRIA,PIKE,,39.03862281,-84.44822771,16.858,5/19/2023 0:00,1700,2,1,0,0,O,CLEAR,DRY,1,1 VEHICLE PARKED POSITION (NOT PARKING LOT/DRIVEWAY),SIDESWIPE-SAME DIRECTION,STRAIGHT & LEVEL,DAYLIGHT,0,0,0,1
31689820,CAMPBELL,,OTHR,10885,WOESTE,RD,,38.90022766,-84.37971886,1.77,5/19/2023 0:00,2330,1,1,0,0,O,CLEAR,DRY,0,COLLISION WITH FIXED OBJECT NON - INTERSECTION - FIRST EVENT COLLISION 09 - 32 EXCLUDING 16,SINGLE VEHICLE,STRAIGHT & LEVEL,DARK-HWY NOT LIGHTED,0,0,0,1
31649490,CAMPBELL,,OTHR,300,RIVERBOAT,ROW,,39.10063782,-84.49081951,0.152,5/19/2023 0:00,113,1,1,0,0,O,CLEAR,DRY,1,COLLISION WITH FIXED OBJECT NON - INTERSECTION - FIRST EVENT COLLISION 09 - 32 EXCLUDING 16,SINGLE VEHICLE,STRAIGHT & LEVEL,DARK-HWY LIGHTED/ON,0,0,0,1
31660813,CAMPBELL,KY0008,StateRoute,,4TH,AVE,,39.115096,-84.46654917,3.003,5/19/2023 0:00,1505,2,2,0,0,O,CLEAR,DRY,0,ANGLE COLLISION - OTHER,ANGLE,STRAIGHT & LEVEL,DAYLIGHT,0,0,0,1
31757342,CAMPBELL,KY0008,StateRoute,,DAVE COWENS,DR,,39.10081342,-84.48976708,1.346,5/19/2023 0:00,1735,2,2,0,0,O,CLEAR,DRY,0,SIDESWIPE-SAME DIRECTION,SIDESWIPE-SAME DIRECTION,STRAIGHT & LEVEL,DAYLIGHT,0,0,0,1
31654651,CAMPBELL,I 0471,Interstate,,I471 N,,,39.10057136,-84.49450303,4.918,5/20/2023 0:00,1157,2,2,0,1,C,CLEAR,DRY,0,OTHER ROADWAY OR MID-BLOCK COLLISION,REAR END,STRAIGHT & LEVEL,DAYLIGHT,0,0,0,1
31656764,CAMPBELL,US0027,USRoute,,TAYLOR SOUTHGATE,BRG,,39.09629112,-84.50144266,22.597,5/20/2023 0:00,1656,3,3,0,0,O,CLEAR,DRY,0,OTHER ROADWAY OR MID-BLOCK COLLISION,REAR END,STRAIGHT & LEVEL,DAYLIGHT,0,0,0,1
31725949,CAMPBELL,I 0275,Interstate,,I275 W,,,39.04953698,-84.44849039,74.294,5/20/2023 0:00,1738,4,4,0,0,O,CLEAR,DRY,0,REAR END IN TRAFFIC LANES BOTH VEHICLES MOVING,REAR END,CURVE & HILLCREST,DAYLIGHT,0,0,0,1
31678139,CAMPBELL,I 0471,Interstate,,I471 N,,,39.10081789,-84.49504071,4.952,5/20/2023 0:00,1259,3,3,0,0,O,CLEAR,DRY,0,REAR END IN TRAFFIC LANES BOTH VEHICLES MOVING,REAR END,STRAIGHT & LEVEL,DAYLIGHT,0,0,0,1
31657633,CAMPBELL,,OTHR,,HERITAGE,CT,,38.94324787,-84.39626724,0.148,5/20/2023 0:00,1430,2,2,0,0,O,CLEAR,DRY,0,VEHICLE BACKING NON INTERSECTION,BACKING,STRAIGHT & LEVEL,DAYLIGHT,0,0,0,1
31661733,CAMPBELL,US0027,USRoute,,ALEXANDRIA,PIKE,,39.02544695,-84.44602984,15.801,5/20/2023 0:00,1613,2,2,0,0,O,CLEAR,DRY,0,OTHER ROADWAY OR MID-BLOCK COLLISION,REAR END,CURVE & LEVEL,DAYLIGHT,0,0,0,1
31670935,CAMPBELL,KY0709,StateRoute,,KY709 CROSSOVER,,,38.98241172,-84.39777087,0.006,5/20/2023 0:00,742,2,2,0,0,O,RAINING,WET,1,HEAD-ON COLLISION,HEAD ON,STRAIGHT & HILLCREST,DAYLIGHT,0,0,0,1
31654649,CAMPBELL,,OTHR,,NEWPORT PAVILION,,,39.0925965,-84.48056799,0.006,5/20/2023 0:00,1234,2,2,0,0,O,CLEAR,DRY,0,OTHER INTERSECTION COLLISIONS,REAR END,STRAIGHT & LEVEL,DAYLIGHT,1,0,0,1
31656349,CAMPBELL,,OTHR,302,ASH,ST,,39.03558205,-84.39469605,0.147,5/20/2023 0:00,500,3,3,0,0,O,RAINING,WET,1,COLLISION WITH PARKED VEHICLE,REAR END,STRAIGHT & LEVEL,DARK (UNKNOWN ROADWAY LIGHTING),0,0,0,1
31673916,CAMPBELL,,OTHR,,SECRETARIAT,CT,,38.9250856,-84.40147781,0.009,5/20/2023 0:00,2156,2,2,0,0,O,CLEAR,DRY,0,1 VEHICLE PARKED POSITION (NOT PARKING LOT/DRIVEWAY),HEAD ON,STRAIGHT & LEVEL,DARK-HWY NOT LIGHTED,0,0,0,1
31678137,CAMPBELL,US0027,USRoute,10,3RD,ST,E,39.09361809,-84.49687266,22.255,5/21/2023 0:00,1000,1,1,0,0,O,CLEAR,DRY,0,COLLISION WITH FIXED OBJECT NON - INTERSECTION - FIRST EVENT COLLISION 09 - 32 EXCLUDING 16,SINGLE VEHICLE,CURVE & GRADE,DAYLIGHT,0,0,0,1
31656762,CAMPBELL,I 0471,Interstate,4,I471 S,,,39.09518111,-84.48128727,4.1,5/21/2023 0:00,900,1,1,0,0,O,CLEAR,DRY,0,COLLISION WITH ANIMAL NON INTERSECTION,SINGLE VEHICLE,STRAIGHT & LEVEL,DAYLIGHT,0,0,0,1
31658792,CAMPBELL,,OTHR,,NEWPORT PAVILION,,,39.08630617,-84.47728434,0.595,5/21/2023 0:00,2205,2,2,0,0,O,CLEAR,DRY,0,OTHER INTERSECTION COLLISIONS,REAR END,STRAIGHT & HILLCREST,DARK-HWY LIGHTED/ON,1,0,0,1
31665989,CAMPBELL,,OTHR,48,HOLLY WOODS,DR,,39.05338627,-84.44615558,0.101,5/21/2023 0:00,1119,2,2,0,0,O,CLEAR,DRY,0,VEHICLE BACKING NON INTERSECTION,BACKING,STRAIGHT & LEVEL,DAYLIGHT,0,0,0,1
31659998,CAMPBELL,US0027,USRoute,,ALEXANDRIA,PIKE,,39.06464884,-84.45960631,19.248,5/21/2023 0:00,1530,2,2,0,0,O,CLEAR,DRY,0,REAR END IN TRAFFIC LANES BOTH VEHICLES MOVING,REAR END,CURVE & LEVEL,DAYLIGHT,0,0,0,1
31656760,CAMPBELL,I 0471,Interstate,,,,,39.08543225,-84.4745497,0.212,5/21/2023 0:00,1123,2,2,0,0,O,CLEAR,DRY,1,OTHER RAMP RELATED COLLISIONS NOT LISTED ABOVE,REAR END,CURVE & LEVEL,DAYLIGHT,0,0,0,1
31657167,CAMPBELL,I 0471,Interstate,,,,,39.08541458,-84.47460076,0.215,5/21/2023 0:00,1336,2,2,0,0,O,CLEAR,DRY,0,COLLISION WITH FIXED OBJECT NOT IN GORE ,REAR END,CURVE & LEVEL,DAYLIGHT,0,0,0,1
31662671,CAMPBELL,I 0471,Interstate,,,,,39.09873442,-84.48624581,0.315,5/22/2023 0:00,729,1,1,0,0,O,CLEAR,DRY,0,OTHER RAMP RELATED COLLISIONS NOT LISTED ABOVE,SINGLE VEHICLE,STRAIGHT & LEVEL,DAYLIGHT,0,0,0,1
31662836,CAMPBELL,US0027,USRoute,,ALEXANDRIA,PIKE,,39.00672655,-84.42739411,14.156,5/22/2023 0:00,1253,2,2,0,0,O,CLEAR,DRY,0,REAR END IN TRAFFIC LANES BOTH VEHICLES MOVING,REAR END,STRAIGHT & LEVEL,DAYLIGHT,0,0,0,1
31665669,CAMPBELL,I 0471,Interstate,,I471 NB,,,39.05180672,-84.46716968,0.641,5/22/2023 0:00,741,3,3,0,2,B,CLEAR,DRY,0,REAR END IN TRAFFIC LANES BOTH VEHICLES MOVING,REAR END,CURVE & GRADE,DAYLIGHT,0,0,0,1
31660810,CAMPBELL,,OTHR,1020,ERVIN,TER,,39.10870217,-84.47157925,0.035,5/22/2023 0:00,907,2,2,0,0,O,CLEAR,DRY,0,1 VEHICLE PARKED POSITION (NOT PARKING LOT/DRIVEWAY),HEAD ON,STRAIGHT & LEVEL,DAYLIGHT,0,0,0,1
31662670,CAMPBELL,I 0471,Interstate,,I471 S,,,39.10116924,-84.49617386,5.014,5/22/2023 0:00,1218,2,2,0,1,C,CLEAR,DRY,0,SIDESWIPE COLLISION - SAME DIRECTION,SIDESWIPE-SAME DIRECTION,STRAIGHT & LEVEL,DAYLIGHT,0,0,0,1
31665995,CAMPBELL,KY0445,StateRoute,31,GRANDVIEW,AVE,,39.06283153,-84.45156641,1.204,5/22/2023 0:00,1844,2,2,0,0,O,CLEAR,DRY,0,1 VEHICLE PARKED POSITION (NOT PARKING LOT/DRIVEWAY),SIDESWIPE-SAME DIRECTION,STRAIGHT & GRADE,DAYLIGHT,0,0,0,1
31689825,CAMPBELL,US0027,USRoute,,ALEXANDRIA,PIKE,,39.03693371,-84.454018,16.732,5/22/2023 0:00,1127,1,1,0,0,O,CLEAR,DRY,0,COLLISION WITH FIXED OBJECT NON - INTERSECTION - FIRST EVENT COLLISION 09 - 32 EXCLUDING 16,SINGLE VEHICLE,STRAIGHT & LEVEL,DAYLIGHT,0,0,0,1
31669885,CAMPBELL,KY0009,StateRoute,,CENTRAL,AVE,,39.08475,-84.49339117,22.549,5/23/2023 0:00,2206,2,2,0,0,O,CLEAR,DRY,1,COLLISION WITH PARKED VEHICLE,SIDESWIPE-SAME DIRECTION,STRAIGHT & LEVEL,DARK-HWY LIGHTED/ON,0,0,0,1
31668005,CAMPBELL,,OTHR,,11TH,ST,E,39.0861353,-84.48750117,0.001,5/23/2023 0:00,725,2,2,0,0,O,CLEAR,DRY,0,OTHER INTERSECTION COLLISIONS,REAR END,STRAIGHT & LEVEL,DAYLIGHT,1,0,0,1
31677094,CAMPBELL,,OTHR,,VINE,ST,,39.1103983,-84.47667019,0.211,5/23/2023 0:00,1251,2,2,0,0,O,CLEAR,DRY,0,OTHER INTERSECTION COLLISIONS,REAR END,STRAIGHT & GRADE,DAYLIGHT,1,0,0,1
31671463,CAMPBELL,US0027,USRoute,,US27 S CROSSOVER TO KY9,,,39.00071092,-84.42049757,0.536,5/23/2023 0:00,1525,2,2,0,0,O,CLEAR,DRY,0,SIDESWIPE-SAME DIRECTION,SIDESWIPE-SAME DIRECTION,STRAIGHT & LEVEL,DAYLIGHT,0,0,0,1
31685006,CAMPBELL,,OTHR,125,CHESAPEAKE,AVE,,39.08893826,-84.47156088,0.349,5/23/2023 0:00,1609,2,2,0,0,O,CLEAR,DRY,0,1 VEHICLE PARKED POSITION (NOT PARKING LOT/DRIVEWAY),SIDESWIPE-OPPOSITE DIRECTION,STRAIGHT & GRADE,DAYLIGHT,0,0,0,1
31669195,CAMPBELL,KY0915,StateRoute,6638,LICKING,PIKE,,39.00017351,-84.45110894,8.441,5/23/2023 0:00,1650,1,1,0,0,O,CLEAR,DRY,0,RAN OFF ROADWAY (1 VEHICLE WITH/EARTH EMBANKMENT/DITCH),SINGLE VEHICLE,STRAIGHT & LEVEL,DAYLIGHT,0,0,0,1
31669196,CAMPBELL,KY0915,StateRoute,,LICKING,PIKE,,38.99407376,-84.4286214,6.753,5/23/2023 0:00,1458,1,1,0,0,O,CLEAR,DRY,0,RAN OFF ROADWAY (1 VEHICLE WITH/EARTH EMBANKMENT/DITCH),SINGLE VEHICLE,CURVE & LEVEL,DAYLIGHT,0,0,0,1
31692257,CAMPBELL,,OTHR,,HISSEM,RD,,38.84792836,-84.40092772,0.13,5/23/2023 0:00,900,1,1,0,0,O,CLEAR,DRY,0,OTHER ROADWAY OR MID-BLOCK COLLISION,SINGLE VEHICLE,CURVE & GRADE,DAYLIGHT,0,0,0,1
31669434,CAMPBELL,,OTHR,,PARK,AVE,,39.09459814,-84.4881118,0.004,5/23/2023 0:00,1855,2,2,0,0,O,CLEAR,DRY,1,VEHICLE BACKING NON INTERSECTION,BACKING,STRAIGHT & LEVEL,DAYLIGHT,0,0,0,1
31668007,CAMPBELL,I 0471,Interstate,,I471 N,,,39.09421502,-84.47955165,3.978,5/23/2023 0:00,729,2,2,0,0,O,CLEAR,DRY,0,REAR END IN TRAFFIC LANES BOTH VEHICLES MOVING,REAR END,STRAIGHT & LEVEL,DAYLIGHT,0,0,0,1
31689830,CAMPBELL,US0027,USRoute,,ALEXANDRIA,PIKE,,39.03044126,-84.45133639,16.259,5/23/2023 0:00,1949,4,4,0,0,O,CLEAR,DRY,0,OTHER ROADWAY OR MID-BLOCK COLLISION,REAR END,STRAIGHT & LEVEL,DAYLIGHT,0,0,0,1
31679542,CAMPBELL,I 0275,Interstate,,,,,39.04621725,-84.4631187,0.302,5/24/2023 0:00,1630,2,2,0,0,O,CLEAR,DRY,0,OTHER RAMP RELATED COLLISIONS NOT LISTED ABOVE,SIDESWIPE-SAME DIRECTION,STRAIGHT & LEVEL,DAYLIGHT,0,0,0,1
31674924,CAMPBELL,I 0471,Interstate,,I471 N,,,39.09953819,-84.49257071,4.792,5/24/2023 0:00,1730,2,2,0,0,O,CLEAR,DRY,1,SIDESWIPE COLLISION - SAME DIRECTION,SIDESWIPE-SAME DIRECTION,STRAIGHT & LEVEL,DAYLIGHT,0,0,0,1
31674928,CAMPBELL,,OTHR,213,FORREST,ST,,39.08739151,-84.486923,0.033,5/24/2023 0:00,1600,2,2,0,0,O,CLEAR,DRY,0,1 VEHICLE PARKED POSITION (NOT PARKING LOT/DRIVEWAY),SIDESWIPE-SAME DIRECTION,STRAIGHT & LEVEL,DAYLIGHT,0,0,0,1
31687727,CAMPBELL,KY0009,StateRoute,,AA,HWY,,38.95117165,-84.33631711,7.883,5/24/2023 0:00,2228,1,1,0,0,O,CLEAR,DRY,0,COLLISION WITH ANIMAL NON INTERSECTION,SINGLE VEHICLE,STRAIGHT & GRADE,DARK-HWY NOT LIGHTED,0,0,0,1
31699190,CAMPBELL,,OTHR,1013,BOONE,ST,,39.08991522,-84.48574191,0.079,5/24/2023 0:00,1400,1,1,0,0,O,CLEAR,DRY,1,COLLISION WITH FIXED OBJECT NON - INTERSECTION - FIRST EVENT COLLISION 09 - 32 EXCLUDING 16,SINGLE VEHICLE,STRAIGHT & LEVEL,DAYLIGHT,0,0,0,1
31705222,CAMPBELL,KY1120,StateRoute,,MEMORIAL,PKWY,,39.09267255,-84.47523156,1.677,5/24/2023 0:00,730,2,2,0,0,O,CLEAR,DRY,0,ANGLE COLLISION - OTHER,ANGLE,STRAIGHT & LEVEL,DAYLIGHT,0,0,0,1
31702729,CAMPBELL,US0027,USRoute,,ALEXANDRIA,PIKE,,38.98303446,-84.39972352,11.984,5/25/2023 0:00,818,2,2,0,0,O,CLEAR,DRY,0,ANGLE COLLISION - ONE VEHICLE TURNING LEFT,ANGLE,STRAIGHT & HILLCREST,DAYLIGHT,0,0,0,1
31682924,CAMPBELL,,OTHR,29,HELEN,DR,,38.97692693,-84.39102408,0.14,5/25/2023 0:00,1730,2,2,0,0,O,CLEAR,DRY,1,1 VEHICLE PARKED POSITION (NOT PARKING LOT/DRIVEWAY),ANGLE,STRAIGHT & LEVEL,DAYLIGHT,0,0,0,1
31684690,CAMPBELL,US0027,USRoute,,ALEXANDRIA,PIKE,,38.99534458,-84.41551583,13.181,5/25/2023 0:00,1635,1,1,0,0,O,CLEAR,DRY,0,OTHER COLLISIONS ON SHOULDER,SINGLE VEHICLE,CURVE & GRADE,DAYLIGHT,0,0,0,1
31681561,CAMPBELL,US0027,USRoute,5400,ALEXANDRIA,PIKE,,38.99925352,-84.41874226,13.485,5/25/2023 0:00,1814,2,2,0,0,O,CLEAR,DRY,0,REAR END IN TRAFFIC LANES BOTH VEHICLES MOVING,REAR END,STRAIGHT & LEVEL,DAYLIGHT,0,0,0,1
31713071,CAMPBELL,,OTHR,71,WINDING,WAY,,39.09159289,-84.45845408,0.163,5/25/2023 0:00,1509,2,2,0,0,O,CLEAR,DRY,0,1 VEHICLE PARKED POSITION (NOT PARKING LOT/DRIVEWAY),SIDESWIPE-OPPOSITE DIRECTION,CURVE & GRADE,DAYLIGHT,0,0,0,1
31681815,CAMPBELL,KY1120,StateRoute,101,10TH,ST,E,39.08728439,-84.48874306,0.784,5/25/2023 0:00,1521,2,2,0,0,O,CLEAR,DRY,0,VEHICLE BACKING NON INTERSECTION,BACKING,STRAIGHT & LEVEL,DAYLIGHT,0,0,0,1
31678136,CAMPBELL,KY0008,StateRoute,1,5TH,ST,W,39.09151229,-84.49585349,0.529,5/25/2023 0:00,1222,2,2,0,0,O,CLEAR,DRY,0,VEHICLE BACKING NON INTERSECTION,BACKING,STRAIGHT & LEVEL,DAYLIGHT,0,0,0,1
31692958,CAMPBELL,I 0275,Interstate,,I275 E,,,39.05667202,-84.43117296,73.24,5/25/2023 0:00,1809,2,2,0,0,O,CLEAR,DRY,0,OTHER ROADWAY OR MID-BLOCK COLLISION,REAR END,STRAIGHT & LEVEL,DAYLIGHT,0,0,0,1
31678133,CAMPBELL,I 0471,Interstate,,I471 N,,,39.0997087,-84.49291186,4.813,5/25/2023 0:00,822,2,2,0,0,O,CLEAR,DRY,0,OTHER ROADWAY OR MID-BLOCK COLLISION,REAR END,STRAIGHT & LEVEL,DAYLIGHT,0,0,0,1
31684973,CAMPBELL,I 0275,Interstate,,I275 E,,,39.02897333,-84.47137708,76.457,5/26/2023 0:00,1642,1,1,0,1,B,CLEAR,DRY,0,OTHER COLLISIONS ON SHOULDER,SINGLE VEHICLE,CURVE & GRADE,DAYLIGHT,0,0,0,1
31714541,CAMPBELL,KY0009,StateRoute,,AA,HWY,,38.9183154,-84.28709986,4.342,5/26/2023 0:00,750,1,1,0,0,O,CLEAR,DRY,0,COLLISION WITH ANIMAL NON INTERSECTION,SINGLE VEHICLE,STRAIGHT & GRADE,DAYLIGHT,0,0,0,1
31724879,CAMPBELL,KY1892,StateRoute,,GRAND,AVE,N,39.08032664,-84.46730721,1.425,5/26/2023 0:00,1505,2,2,0,1,C,CLEAR,DRY,0,OTHER INTERSECTION COLLISIONS,REAR END,STRAIGHT & GRADE,DAYLIGHT,1,0,0,1
31683993,CAMPBELL,KY1892,StateRoute,,GRAND,AVE,,39.08045096,-84.46736385,1.435,5/26/2023 0:00,1940,2,2,0,0,O,CLEAR,DRY,0,OTHER INTERSECTION COLLISIONS,REAR END,STRAIGHT & GRADE,DAYLIGHT,1,0,0,1
31749818,CAMPBELL,KY0009,StateRoute,,AA,HWY,,38.87174421,-84.26085973,0.687,5/27/2023 0:00,1200,2,2,0,0,O,CLEAR,DRY,0,OPPOSING LEFT TURN,OPPOSING LEFT TURN,STRAIGHT & LEVEL,DAYLIGHT,0,0,0,1
31724333,CAMPBELL,US0027,USRoute,,ALEXANDRIA,PIKE,,38.95761528,-84.39302255,10.044,5/27/2023 0:00,1650,2,2,0,0,O,CLOUDY,DRY,0,OTHER INTERSECTION COLLISIONS,REAR END,STRAIGHT & LEVEL,DAYLIGHT,1,0,0,1
31698544,CAMPBELL,US0027,USRoute,13511,ALEXANDRIA,PIKE,,38.84008563,-84.37192656,1.375,5/27/2023 0:00,1107,1,1,0,0,O,CLEAR,DRY,0,COLLISION WITH ANIMAL NON INTERSECTION,SINGLE VEHICLE,STRAIGHT & LEVEL,DAYLIGHT,0,0,0,1
31724331,CAMPBELL,,OTHR,103,CLEARMEADOW,CT,,38.94044265,-84.38726267,0.036,5/27/2023 0:00,2035,3,3,0,0,O,CLOUDY,DRY,0,1 VEHICLE PARKED POSITION (NOT PARKING LOT/DRIVEWAY),SIDESWIPE-OPPOSITE DIRECTION,STRAIGHT & GRADE,DUSK,0,0,0,1
31696856,CAMPBELL,KY0445,StateRoute,,RIVER,RD,,39.05700529,-84.44146576,0.406,5/27/2023 0:00,535,1,1,0,1,A,CLEAR,WET,0,RAN OFF ROADWAY (1 VEHICLE WITH/EARTH EMBANKMENT/DITCH),SINGLE VEHICLE,STRAIGHT & GRADE,DARK-HWY NOT LIGHTED,0,0,0,1
31697330,CAMPBELL,I 0275,Interstate,,I275 E,,,39.04920615,-84.44829381,74.295,5/27/2023 0:00,1837,2,2,0,0,O,CLOUDY,DRY,0,SIDESWIPE COLLISION - SAME DIRECTION,SIDESWIPE-SAME DIRECTION,STRAIGHT & GRADE,DAYLIGHT,0,0,0,1
31691366,CAMPBELL,US0027,USRoute,,,,,39.00328049,-84.42335694,0.014,5/27/2023 0:00,1149,2,2,0,0,O,CLEAR,DRY,0,OTHER RAMP RELATED COLLISIONS NOT LISTED ABOVE,REAR END,STRAIGHT & LEVEL,DAYLIGHT,0,0,0,1
31689074,CAMPBELL,I 0471,Interstate,,I471 N,,,39.09551096,-84.48147871,4.116,5/28/2023 0:00,804,2,2,0,2,C,CLOUDY,DRY,0,REAR END IN TRAFFIC LANES BOTH VEHICLES MOVING,REAR END,STRAIGHT & LEVEL,DAYLIGHT,0,0,0,1
31692542,CAMPBELL,KY0008,StateRoute,300,3RD,ST,E,39.09486578,-84.49454315,0.721,5/28/2023 0:00,1640,2,2,0,0,O,CLEAR,DRY,0,REAR END IN TRAFFIC LANES BOTH VEHICLES MOVING,REAR END,STRAIGHT & LEVEL,DAYLIGHT,0,0,0,1
31691138,CAMPBELL,I 0471,Interstate,,I471 SB,,,39.06191316,-84.46886564,1.372,5/28/2023 0:00,1142,2,2,0,0,O,CLOUDY,DRY,0,REAR END IN TRAFFIC LANES BOTH VEHICLES MOVING,REAR END,CURVE & LEVEL,DAYLIGHT,0,0,0,1
31687936,CAMPBELL,US0027,USRoute,708,MONMOUTH,ST,,39.09007236,-84.4921147,21.835,5/28/2023 0:00,25,2,2,0,0,O,CLEAR,DRY,0,SIDESWIPE COLLISION - SAME DIRECTION,SIDESWIPE-SAME DIRECTION,STRAIGHT & LEVEL,DARK-HWY LIGHTED/ON,0,0,0,1
31713069,CAMPBELL,US0027,USRoute,,ALEXANDRIA,PIKE,,38.97237206,-84.39219198,11.073,5/28/2023 0:00,1235,2,2,0,2,B,CLOUDY,DRY,0,1 VEHICLE ENTERING/LEAVING ENTRANCE,ANGLE,STRAIGHT & LEVEL,DAYLIGHT,0,0,0,1
31718568,CAMPBELL,,OTHR,,VAN VOAST,AVE,,39.10246795,-84.47430597,0.003,5/28/2023 0:00,2034,2,2,0,0,O,CLEAR,DRY,1,VEHICLE BACKING IN INTERSECTION,BACKING,STRAIGHT & GRADE,DUSK,1,0,0,1
31693658,CAMPBELL,KY0008,StateRoute,,5TH,ST,W,39.09142241,-84.4959154,0.523,5/28/2023 0:00,1950,2,2,0,0,O,CLEAR,DRY,0,SIDESWIPE-SAME DIRECTION,SIDESWIPE-SAME DIRECTION,STRAIGHT & LEVEL,DAYLIGHT,0,0,0,1
31690534,CAMPBELL,US0027,USRoute,,MONMOUTH,ST,,39.0893262,-84.4914151,21.782,5/28/2023 0:00,2213,2,2,0,0,O,CLEAR,DRY,0,ANGLE COLLISION - OTHER,ANGLE,STRAIGHT & LEVEL,DARK-HWY LIGHTED/ON,0,0,0,1
31730810,CAMPBELL,US0027,USRoute,,ALEXANDRIA,PIKE,,38.92127998,-84.39068195,7.51,5/29/2023 0:00,2124,3,3,0,5,A,CLEAR,DRY,0,OPPOSING LEFT TURN,OPPOSING LEFT TURN,STRAIGHT & LEVEL,DARK-HWY LIGHTED/OFF,0,0,0,1
31691877,CAMPBELL,US0027,USRoute,,MONMOUTH,ST,,39.07999958,-84.48130933,20.912,5/29/2023 0:00,1110,2,2,0,0,O,CLEAR,DRY,0,OPPOSING LEFT TURN,OPPOSING LEFT TURN,STRAIGHT & LEVEL,DAYLIGHT,0,0,0,1
31704504,CAMPBELL,KY0009,StateRoute,,AA,HWY,,39.00986511,-84.46904126,16.535,5/29/2023 0:00,1246,2,2,0,0,O,CLEAR,DRY,0,OTHER INTERSECTION COLLISIONS,REAR END,STRAIGHT & LEVEL,DAYLIGHT,1,0,0,1
31699095,CAMPBELL,,OTHR,,DIVISION,ST,,39.10200125,-84.48439868,0.024,5/29/2023 0:00,1159,2,2,0,0,O,CLEAR,DRY,0,SIDESWIPE COLLISION - SAME DIRECTION,SIDESWIPE-SAME DIRECTION,STRAIGHT & LEVEL,DAYLIGHT,0,0,0,1
31718569,CAMPBELL,KY0008,StateRoute,45,FAIRFIELD,AVE,,39.10241678,-84.48796516,1.502,5/29/2023 0:00,1844,2,2,0,0,O,CLEAR,DRY,0,SIDESWIPE COLLISION - SAME DIRECTION,SIDESWIPE-SAME DIRECTION,STRAIGHT & LEVEL,DAYLIGHT,0,0,0,1