IncidentID,County,RdwyNumber,RdwyType,Street,RoadwayName,StreetSfx,StreetDir,Latitude,Longitude,Milepoint,CollisionDate,CollisionTime,UnitsInvolved,MotorVehiclesInvolved,NumberKilled,NumberInjured,KABCO,Weather,RdwyConditionCode,HitandRun,DirAnalysisCode,MannerofCollision,RdwyCharacter,LightCondition,Intersection Crash,Bicyclist,Pedestrian,Motor Vehicles
31704880,CAMPBELL,I 0275,Interstate,,I275 E,,,39.02716063,-84.47385092,76.627,5/29/2023 0:00,1724,2,2,0,2,A,CLEAR,DRY,0,REAR END IN TRAFFIC LANES BOTH VEHICLES MOVING,REAR END,STRAIGHT & GRADE,DAYLIGHT,0,0,0,1
31704971,CAMPBELL,I 0275,Interstate,,I275 E,,,39.02258241,-84.48881843,77.55,5/29/2023 0:00,1811,2,2,0,0,O,CLEAR,DRY,1,REAR END IN TRAFFIC LANES BOTH VEHICLES MOVING,REAR END,STRAIGHT & LEVEL,DAYLIGHT,0,0,0,1
31704972,CAMPBELL,US0027,USRoute,,ALEXANDRIA,PIKE,,38.99940622,-84.41895801,13.5,5/29/2023 0:00,1355,2,2,0,0,O,CLEAR,DRY,0,REAR END IN TRAFFIC LANES BOTH VEHICLES MOVING,REAR END,STRAIGHT & LEVEL,DAYLIGHT,0,0,0,1
31694470,CAMPBELL,KY1120,StateRoute,108,10TH,ST,E,39.08736413,-84.48854232,0.812,5/29/2023 0:00,2344,1,1,0,0,O,CLEAR,DRY,1,OTHER ROADWAY OR MID-BLOCK COLLISION,SINGLE VEHICLE,STRAIGHT & LEVEL,DARK-HWY LIGHTED/ON,0,0,0,1
31704130,CAMPBELL,KY1892,StateRoute,82,CAROTHERS,RD,,39.08635788,-84.47729795,2.155,5/30/2023 0:00,1552,2,2,0,0,O,CLEAR,DRY,0,OTHER ROADWAY OR MID-BLOCK COLLISION,REAR END,CURVE & GRADE,DAYLIGHT,0,0,0,1
31724334,CAMPBELL,US0027,USRoute,,ALEXANDRIA,PIKE,,38.9814402,-84.39546641,11.73,5/30/2023 0:00,1725,2,2,0,0,O,CLEAR,DRY,0,OTHER ROADWAY OR MID-BLOCK COLLISION,REAR END,CURVE & LEVEL,DAYLIGHT,0,0,0,1
31717929,CAMPBELL,KY0008,StateRoute,,DAVE COWENS,DR,,39.09780709,-84.4930819,1.006,5/30/2023 0:00,1600,2,2,0,0,O,CLEAR,DRY,0,REAR END IN TRAFFIC LANES BOTH VEHICLES MOVING,REAR END,STRAIGHT & LEVEL,DAYLIGHT,0,0,0,1
31711013,CAMPBELL,I 0275,Interstate,,I275 W,,,39.02637404,-84.47606162,76.785,5/30/2023 0:00,1907,2,2,0,0,O,CLEAR,DRY,0,REAR END IN TRAFFIC LANES BOTH VEHICLES MOVING,REAR END,STRAIGHT & LEVEL,DAYLIGHT,0,0,0,1
31699370,CAMPBELL,KY1120,StateRoute,,11TH,ST,W,39.08210811,-84.49475782,0.324,5/30/2023 0:00,916,3,3,0,0,O,CLEAR,DRY,0,OTHER ROADWAY OR MID-BLOCK COLLISION,REAR END,STRAIGHT & LEVEL,DAYLIGHT,0,0,0,1
31701192,CAMPBELL,,OTHR,160,NEWPORT PAVILION,,,39.08918568,-84.47670528,0.002,5/30/2023 0:00,1811,2,2,0,0,O,CLEAR,DRY,0,OTHER ROADWAY OR MID-BLOCK COLLISION,OPPOSING LEFT TURN,STRAIGHT & LEVEL,DAYLIGHT,0,0,0,1
31711012,CAMPBELL,US0027,USRoute,,ALEXANDRIA,PIKE,,38.92063686,-84.39029689,7.459,5/30/2023 0:00,2221,1,1,0,0,O,CLEAR,DRY,0,COLLISION WITH ANIMAL NON INTERSECTION,SINGLE VEHICLE,STRAIGHT & LEVEL,DARK-HWY NOT LIGHTED,0,0,0,1
31700472,CAMPBELL,KY1998,StateRoute,,INDUSTRIAL,RD,,39.04411742,-84.42052801,3.88,5/30/2023 0:00,1958,2,2,0,0,O,CLEAR,DRY,0,OTHER INTERSECTION COLLISIONS,REAR END,STRAIGHT & LEVEL,DAYLIGHT,1,0,0,1
31714540,CAMPBELL,US0027,USRoute,,ALEXANDRIA,PIKE,,38.90325353,-84.38379353,6.201,5/30/2023 0:00,1740,2,2,0,1,C,CLEAR,DRY,0,VEHICLE BACKING IN INTERSECTION,ANGLE,STRAIGHT & LEVEL,DAYLIGHT,1,0,0,1
31704143,CAMPBELL,,OTHR,,ROBERT,ST,,39.08926566,-84.48844082,0.102,5/30/2023 0:00,1423,2,1,0,1,C,CLEAR,DRY,1,COLLISION WITH PEDESTRIAN IN INTERSECTION,SINGLE VEHICLE,STRAIGHT & LEVEL,DAYLIGHT,1,0,1,0
31699072,CAMPBELL,,OTHR,,TRAILRIDGE,LN,,39.03837678,-84.47282641,0.002,5/30/2023 0:00,1100,2,2,0,0,O,CLEAR,DRY,0,COLLISION WITH PARKED VEHICLE,BACKING,STRAIGHT & GRADE,DAYLIGHT,0,0,0,1
31778211,CAMPBELL,KY0008,StateRoute,,FAIRFIELD,AVE,,39.10181499,-84.48867609,1.446,5/30/2023 0:00,1945,2,1,0,0,O,CLEAR,DRY,0,ANGLE COLLISION - ONE VEHICLE TURNING LEFT,ANGLE,STRAIGHT & LEVEL,DAYLIGHT,0,0,0,1
31707644,CAMPBELL,US0027,USRoute,,ALEXANDRIA,PIKE,,39.07094159,-84.46996937,20.02,5/31/2023 0:00,901,2,2,0,0,O,CLEAR,DRY,0,SIDESWIPE COLLISION - SAME DIRECTION,SIDESWIPE-SAME DIRECTION,STRAIGHT & HILLCREST,DAYLIGHT,0,0,0,1
31704133,CAMPBELL,I 0471,Interstate,,I471 N,,,39.10050045,-84.49438571,4.91,5/31/2023 0:00,705,3,3,0,0,O,CLOUDY,DRY,0,REAR END IN TRAFFIC LANES BOTH VEHICLES MOVING,REAR END,STRAIGHT & LEVEL,DAYLIGHT,0,0,0,1
31704973,CAMPBELL,US0027,USRoute,,ALEXANDRIA,PIKE,,39.00312297,-84.42314626,13.83,5/31/2023 0:00,820,2,2,0,0,O,CLEAR,DRY,0,OTHER ROADWAY OR MID-BLOCK COLLISION,REAR END,STRAIGHT & LEVEL,DAYLIGHT,0,0,0,1
31706342,CAMPBELL,I 0471,Interstate,,,,,39.08541398,-84.47464947,0.217,5/31/2023 0:00,2100,2,2,0,0,O,CLEAR,DRY,0,OTHER RAMP RELATED COLLISIONS NOT LISTED ABOVE,REAR END,CURVE & GRADE,DUSK,0,0,0,1
31704124,CAMPBELL,I 0471,Interstate,,,,,39.08544631,-84.47461134,0.165,5/31/2023 0:00,1245,2,2,0,0,O,CLEAR,DRY,0,OTHER RAMP RELATED COLLISIONS NOT LISTED ABOVE,REAR END,STRAIGHT & LEVEL,DAYLIGHT,0,0,0,1
31718409,CAMPBELL,KY0009,StateRoute,,AA,HWY,,39.00469297,-84.44384484,15.139,6/1/2023 0:00,1440,2,2,0,0,O,CLEAR,DRY,0,REAR END IN TRAFFIC LANES BOTH VEHICLES MOVING,REAR END,STRAIGHT & GRADE,DAYLIGHT,0,0,0,1
31711040,CAMPBELL,KY1892,StateRoute,87,CAROTHERS,RD,,39.08576692,-84.47965681,2.294,6/1/2023 0:00,1943,2,2,0,0,O,CLEAR,DRY,0,1 VEHICLE ENTERING/LEAVING ENTRANCE,ANGLE,STRAIGHT & LEVEL,DAYLIGHT,0,0,0,1
31709758,CAMPBELL,I 0471,Interstate,3.5,I471 N,,,39.08823311,-84.47455385,3.473,6/1/2023 0:00,750,2,2,0,0,O,CLEAR,DRY,0,SIDESWIPE COLLISION - SAME DIRECTION,SIDESWIPE-SAME DIRECTION,STRAIGHT & LEVEL,DAYLIGHT,0,0,0,1
31731037,CAMPBELL,KY1120,StateRoute,,MEMORIAL,PKWY,,39.09271493,-84.48039788,1.388,6/1/2023 0:00,933,2,2,0,0,O,CLEAR,DRY,0,OTHER INTERSECTION COLLISIONS,REAR END,STRAIGHT & LEVEL,DAYLIGHT,1,0,0,1
31713072,CAMPBELL,,OTHR,14,SOUTHVIEW,AVE,,39.06324028,-84.44938872,0.064,6/1/2023 0:00,614,2,2,0,0,O,CLEAR,DRY,1,1 VEHICLE PARKED POSITION (NOT PARKING LOT/DRIVEWAY),BACKING,STRAIGHT & LEVEL,UNKNOWN,0,0,0,1
31749030,CAMPBELL,US0027,USRoute,,3RD,ST,E,39.09394308,-84.49640265,22.221,6/1/2023 0:00,1710,2,2,0,0,O,CLEAR,DRY,1,1 VEHICLE PARKED POSITION (NOT PARKING LOT/DRIVEWAY),ANGLE,STRAIGHT & LEVEL,DAYLIGHT,0,0,0,1
31811811,CAMPBELL,,OTHR,307,PROSPECT,ST,,39.10498312,-84.48336765,0.08,6/1/2023 0:00,1725,2,2,0,0,O,CLEAR,DRY,0,1 VEHICLE PARKED POSITION (NOT PARKING LOT/DRIVEWAY),BACKING,STRAIGHT & LEVEL,DAYLIGHT,0,0,0,1
31716459,CAMPBELL,I 0275,Interstate,,I275 E,,,39.02413411,-84.47939379,76.996,6/2/2023 0:00,1925,1,1,0,0,O,CLEAR,DRY,0,COLLISION WITH ANIMAL NON INTERSECTION,SINGLE VEHICLE,CURVE & GRADE,DAYLIGHT,0,0,0,1
31724881,CAMPBELL,KY1120,StateRoute,,MEMORIAL,PKWY,,39.09169989,-84.46145781,2.608,6/2/2023 0:00,1635,1,1,0,0,O,CLEAR,DRY,0,COLLISION WITH ANIMAL NON INTERSECTION,SINGLE VEHICLE,CURVE & LEVEL,DAYLIGHT,0,0,0,1
31731033,CAMPBELL,KY1892,StateRoute,14,CAROTHERS,RD,,39.08440986,-84.4827346,2.514,6/2/2023 0:00,1259,2,2,0,0,O,CLEAR,DRY,1,1 VEHICLE PARKED POSITION (NOT PARKING LOT/DRIVEWAY),BACKING,STRAIGHT & LEVEL,DAYLIGHT,0,0,0,1
31718571,CAMPBELL,,OTHR,,UNION,ST,,39.10618478,-84.4844791,0.106,6/2/2023 0:00,1949,2,2,0,0,O,CLEAR,DRY,1,COLLISION WITH PARKED VEHICLE,HEAD ON,STRAIGHT & LEVEL,DAYLIGHT,0,0,0,1
31754589,CAMPBELL,,OTHR,,9TH,AVE,,39.10863452,-84.47557845,0.134,6/2/2023 0:00,1220,3,3,0,1,B,CLEAR,DRY,0,COLLISION WITH PARKED VEHICLE,REAR END,STRAIGHT & LEVEL,DAYLIGHT,0,0,0,1
31719580,CAMPBELL,KY0009,StateRoute,,LICKING,PIKE,,39.065955,-84.48699241,20.922,6/2/2023 0:00,705,1,1,0,0,O,CLEAR,DRY,0,COLLISION WITH ANIMAL IN INTERSECTION,SINGLE VEHICLE,STRAIGHT & LEVEL,DAYLIGHT,1,0,0,1
31726144,CAMPBELL,,OTHR,147,RIDGEWOOD,DR,,38.95614712,-84.35102185,0.86,6/2/2023 0:00,722,2,2,0,0,O,CLEAR,DRY,0,VEHICLE BACKING NON INTERSECTION,BACKING,STRAIGHT & LEVEL,DAYLIGHT,0,0,0,1
31714290,CAMPBELL,,OTHR,,ROSE,DR,,39.1085998,-84.46250124,0.149,6/2/2023 0:00,950,2,2,0,0,O,CLEAR,DRY,0,1 VEHICLE PARKED POSITION (NOT PARKING LOT/DRIVEWAY),BACKING,STRAIGHT & LEVEL,DAYLIGHT,0,0,0,1
31751140,CAMPBELL,,OTHR,1018,5TH,AVE,,39.11425065,-84.46562984,0.27,6/2/2023 0:00,1049,2,2,0,0,O,CLEAR,DRY,0,1 VEHICLE PARKED POSITION (NOT PARKING LOT/DRIVEWAY),SIDESWIPE-SAME DIRECTION,STRAIGHT & LEVEL,DAYLIGHT,0,0,0,1
31714376,CAMPBELL,I 0275,Interstate,,I275 E,,,39.05595361,-84.43348454,73.372,6/2/2023 0:00,1208,2,2,0,0,O,CLEAR,DRY,0,REAR END IN TRAFFIC LANES BOTH VEHICLES MOVING,REAR END,STRAIGHT & LEVEL,DAYLIGHT,0,0,0,1
31714678,CAMPBELL,I 0471,Interstate,,I471 N,,,39.10027758,-84.49385998,4.878,6/2/2023 0:00,1325,3,3,0,0,O,CLEAR,DRY,0,REAR END IN TRAFFIC LANES BOTH VEHICLES MOVING,REAR END,STRAIGHT & LEVEL,DAYLIGHT,0,0,0,1
31713797,CAMPBELL,US0027,USRoute,2124,MONMOUTH,ST,,39.07676169,-84.4780563,20.616,6/2/2023 0:00,727,2,2,0,0,O,CLEAR,DRY,0,OTHER ROADWAY OR MID-BLOCK COLLISION,OPPOSING LEFT TURN,STRAIGHT & HILLCREST,DAYLIGHT,0,0,0,1
31726145,CAMPBELL,US0027,USRoute,,ALEXANDRIA,PIKE,,38.94028413,-84.3940826,8.845,6/3/2023 0:00,1241,3,3,0,0,O,CLEAR,DRY,0,OTHER INTERSECTION COLLISIONS,REAR END,STRAIGHT & LEVEL,DAYLIGHT,1,0,0,1
31724882,CAMPBELL,,OTHR,,FT THOMAS,AVE,N,39.08464024,-84.45259056,0.183,6/3/2023 0:00,2310,2,2,0,0,O,CLEAR,DRY,0,1 VEHICLE PARKED POSITION (NOT PARKING LOT/DRIVEWAY),ANGLE,STRAIGHT & LEVEL,DARK-HWY LIGHTED/ON,0,0,0,1
31729939,CAMPBELL,KY1632,StateRoute,,MOOCK,RD,,39.06095626,-84.47233839,1.042,6/3/2023 0:00,642,1,1,0,0,O,CLEAR,DRY,0,COLLISION WITH FIXED OBJECT NON - INTERSECTION - FIRST EVENT COLLISION 09 - 32 EXCLUDING 16,SINGLE VEHICLE,STRAIGHT & GRADE,DAWN,0,0,0,1
31729940,CAMPBELL,,OTHR,,RETREAT,ST,,39.06995646,-84.47159251,0.053,6/4/2023 0:00,1306,2,2,0,0,O,CLEAR,DRY,0,1 VEHICLE PARKED POSITION (NOT PARKING LOT/DRIVEWAY),SIDESWIPE-SAME DIRECTION,STRAIGHT & LEVEL,DAYLIGHT,0,0,0,1
31719297,CAMPBELL,US0027,USRoute,,TAYLOR SOUTHGATE,BRG,,39.09638873,-84.50161231,22.609,6/4/2023 0:00,48,2,2,0,0,O,CLEAR,DRY,0,SIDESWIPE COLLISION - SAME DIRECTION,SIDESWIPE-SAME DIRECTION,STRAIGHT & LEVEL,DARK-HWY LIGHTED/ON,0,0,0,1
31719326,CAMPBELL,I 0471,Interstate,,I471 S,,,39.08242029,-84.4719678,3.066,6/4/2023 0:00,220,2,2,0,0,O,CLEAR,DRY,0,SIDESWIPE COLLISION - SAME DIRECTION,SIDESWIPE-SAME DIRECTION,STRAIGHT & LEVEL,DARK-HWY LIGHTED/ON,0,0,0,1
31731410,CAMPBELL,,OTHR,,6TH,AVE,,39.11380658,-84.46998649,0.001,6/5/2023 0:00,1129,2,2,0,1,C,CLEAR,DRY,0,OTHER INTERSECTION COLLISIONS,REAR END,STRAIGHT & LEVEL,DAYLIGHT,1,0,0,1
31726385,CAMPBELL,KY1892,StateRoute,,GRAND,AVE,,39.08475599,-84.47449443,1.934,6/5/2023 0:00,1614,2,2,0,0,O,CLEAR,DRY,0,ANGLE COLLISION - ONE VEHICLE TURNING LEFT,ANGLE,STRAIGHT & LEVEL,DAYLIGHT,0,0,0,1
31741177,CAMPBELL,KY1120,StateRoute,300,10TH,ST,E,39.08905285,-84.4855151,1.034,6/5/2023 0:00,1701,2,2,0,0,O,CLEAR,DRY,0,OTHER ROADWAY OR MID-BLOCK COLLISION,REAR END,STRAIGHT & LEVEL,DAYLIGHT,0,0,0,1
31735920,CAMPBELL,KY2345,StateRoute,,MARTHA L COLLINS,BLVD,,39.02864203,-84.45116277,0.041,6/5/2023 0:00,1716,2,2,0,0,O,CLEAR,DRY,0,OTHER ROADWAY OR MID-BLOCK COLLISION,REAR END,STRAIGHT & LEVEL,DAYLIGHT,0,0,0,1
31728643,CAMPBELL,US0027,USRoute,,ALEXANDRIA,PIKE,,39.03066355,-84.45146483,16.276,6/5/2023 0:00,1800,2,2,0,1,B,CLOUDY,DRY,0,REAR END IN TRAFFIC LANES BOTH VEHICLES MOVING,REAR END,STRAIGHT & LEVEL,DAYLIGHT,0,0,0,1
31726383,CAMPBELL,I 0471,Interstate,,,,,39.09232829,-84.47869333,0.051,6/5/2023 0:00,1414,2,2,0,1,C,CLEAR,DRY,0,OTHER RAMP RELATED COLLISIONS NOT LISTED ABOVE,REAR END,STRAIGHT & LEVEL,DAYLIGHT,0,0,0,1
31741181,CAMPBELL,I 0471,Interstate,,,,,39.08179321,-84.46995821,0.329,6/6/2023 0:00,1712,2,2,0,0,O,CLEAR,DRY,0,OTHER RAMP RELATED COLLISIONS NOT LISTED ABOVE,REAR END,CURVE & GRADE,DAYLIGHT,0,0,0,1
31734797,CAMPBELL,I 0471,Interstate,,,,,39.06785275,-84.4658989,0.379,6/6/2023 0:00,1820,2,1,0,0,O,CLEAR,DRY,0,OTHER RAMP RELATED COLLISIONS NOT LISTED ABOVE,REAR END,CURVE & GRADE,DAYLIGHT,0,0,0,1
31735919,CAMPBELL,KY2345,StateRoute,,MARTHA L COLLINS,BLVD,,39.02894225,-84.4506369,0.006,6/6/2023 0:00,1105,2,2,0,0,O,CLEAR,DRY,1,OTHER INTERSECTION COLLISIONS,REAR END,STRAIGHT & LEVEL,DAYLIGHT,1,0,0,1
31732831,CAMPBELL,,OTHR,,WILDCAT,DR,,39.09660852,-84.48435171,0.261,6/6/2023 0:00,1803,2,2,0,0,O,CLEAR,DRY,0,OTHER INTERSECTION COLLISIONS,REAR END,STRAIGHT & LEVEL,DAYLIGHT,1,0,0,1
31735130,CAMPBELL,KY1120,StateRoute,,11TH,ST,W,39.08272535,-84.49363524,0.4,6/6/2023 0:00,1230,2,2,0,0,O,CLEAR,DRY,1,SIDESWIPE-SAME DIRECTION,SIDESWIPE-SAME DIRECTION,STRAIGHT & LEVEL,DAYLIGHT,0,0,0,1
31754375,CAMPBELL,,OTHR,300,HIGHLAND HEIGHTS,TER,,39.04309084,-84.44651706,0.084,6/7/2023 0:00,1516,2,2,0,0,O,CLEAR,DRY,0,1 VEHICLE ENTERING/LEAVING ENTRANCE,ANGLE,STRAIGHT & LEVEL,DAYLIGHT,0,0,0,1
31748872,CAMPBELL,KY0008,StateRoute,,6TH,AVE,,39.11101511,-84.47695291,2.338,6/7/2023 0:00,2017,4,4,0,0,O,CLEAR,DRY,0,COLLISION WITH PARKED VEHICLE,SIDESWIPE-SAME DIRECTION,STRAIGHT & LEVEL,DAYLIGHT,0,0,0,1
31736653,CAMPBELL,US0027,USRoute,1500,MONMOUTH,ST,,39.08387751,-84.48386815,21.212,6/7/2023 0:00,1330,2,2,0,0,O,CLEAR,DRY,1,OPPOSITE DIRECTION - BOTH VEHICLES GOING STRAIGHT AHEAD,SIDESWIPE-OPPOSITE DIRECTION,STRAIGHT & LEVEL,DAYLIGHT,0,0,0,1
31736479,CAMPBELL,KY1120,StateRoute,,MEMORIAL,PKWY,,39.09267068,-84.47523375,1.677,6/7/2023 0:00,1422,2,2,0,0,O,CLOUDY,DRY,0,OTHER INTERSECTION COLLISIONS,REAR END,STRAIGHT & GRADE,DAYLIGHT,1,0,0,1
31737491,CAMPBELL,,OTHR,44,19TH,ST,,39.07982847,-84.48364115,0.128,6/7/2023 0:00,1903,2,2,0,0,O,CLEAR,DRY,0,1 VEHICLE PARKED POSITION (NOT PARKING LOT/DRIVEWAY),SIDESWIPE-SAME DIRECTION,STRAIGHT & LEVEL,DAYLIGHT,0,0,0,1
31736677,CAMPBELL,I 0471,Interstate,,,,,39.08549836,-84.47424231,0.179,6/7/2023 0:00,1550,2,2,0,0,O,CLEAR,DRY,0,OTHER RAMP RELATED COLLISIONS NOT LISTED ABOVE,REAR END,CURVE & GRADE,DAYLIGHT,0,0,0,1
31746459,CAMPBELL,,OTHR,100,PARK,AVE,,39.09778118,-84.49254479,0.329,6/8/2023 0:00,1554,2,2,0,0,O,CLEAR,DRY,0,OTHER ROADWAY OR MID-BLOCK COLLISION,REAR END,STRAIGHT & GRADE,DAYLIGHT,0,0,0,1
31743690,CAMPBELL,,OTHR,,WATERWORKS,RD,,39.09216982,-84.47355306,0.128,6/8/2023 0:00,2259,2,2,0,0,O,CLEAR,DRY,0,COLLISION WITH PARKED VEHICLE,HEAD ON,STRAIGHT & LEVEL,DARK-HWY LIGHTED/ON,0,0,0,1
31741182,CAMPBELL,I 0471,Interstate,,I471 N,,,39.10077835,-84.49500142,4.949,6/8/2023 0:00,1140,2,2,0,0,O,CLEAR,DRY,0,SIDESWIPE COLLISION - SAME DIRECTION,SIDESWIPE-SAME DIRECTION,STRAIGHT & LEVEL,DAYLIGHT,0,0,0,1
31745252,CAMPBELL,,OTHR,192,RIDGEWOOD,DR,,38.95806621,-84.34438298,1.274,6/8/2023 0:00,1204,2,2,0,0,O,CLOUDY,DRY,0,SIDESWIPE COLLISION - OPPOSITE DIRECTION,SIDESWIPE-OPPOSITE DIRECTION,CURVE & LEVEL,DAYLIGHT,0,0,0,1
31754839,CAMPBELL,US0027,USRoute,,ALEXANDRIA,PIKE,,38.95346129,-84.39340024,9.755,6/8/2023 0:00,1143,2,2,0,0,O,CLEAR,DRY,0,OTHER ROADWAY OR MID-BLOCK COLLISION,OPPOSING LEFT TURN,STRAIGHT & LEVEL,DAYLIGHT,0,0,0,1
31748122,CAMPBELL,,OTHR,1031,ISABELLA,ST,,39.08322315,-84.49412238,0.146,6/9/2023 0:00,1500,2,2,0,0,O,CLEAR,DRY,0,1 VEHICLE PARKED POSITION (NOT PARKING LOT/DRIVEWAY),SIDESWIPE-SAME DIRECTION,STRAIGHT & LEVEL,DAYLIGHT,0,0,0,1
31749816,CAMPBELL,I 0275,Interstate,,I275 E,,,39.05649431,-84.43196267,73.283,6/9/2023 0:00,1917,5,5,0,4,B,CLEAR,DRY,0,REAR END IN TRAFFIC LANES BOTH VEHICLES MOVING,REAR END,STRAIGHT & LEVEL,DAYLIGHT,0,0,0,1
31745512,CAMPBELL,I 0471,Interstate,,I471 SB,,,39.0535018,-84.4692718,0.764,6/9/2023 0:00,926,2,2,0,1,B,CLEAR,DRY,0,REAR END IN TRAFFIC LANES BOTH VEHICLES MOVING,REAR END,CURVE & GRADE,DAYLIGHT,0,0,0,1
31785925,CAMPBELL,I 0275,Interstate,74,I275 E,,,39.05247167,-84.44085044,73.836,6/9/2023 0:00,1836,3,3,0,2,B,CLEAR,DRY,0,REAR END IN TRAFFIC LANES BOTH VEHICLES MOVING,REAR END,STRAIGHT & GRADE,DAYLIGHT,0,0,0,1
31746804,CAMPBELL,US0027,USRoute,,ALEXANDRIA,PIKE,,39.02897814,-84.45045926,16.146,6/9/2023 0:00,1215,2,2,0,0,O,CLEAR,DRY,0,REAR END IN TRAFFIC LANES BOTH VEHICLES MOVING,REAR END,STRAIGHT & LEVEL,DAYLIGHT,0,0,0,1
31755543,CAMPBELL,US0027,USRoute,7918,ALEXANDRIA,PIKE,,38.97234848,-84.39221951,11.074,6/9/2023 0:00,1346,2,2,0,0,O,CLEAR,DRY,0,1 VEHICLE ENTERING/LEAVING ENTRANCE,ANGLE,STRAIGHT & LEVEL,DAYLIGHT,0,0,0,1
31754381,CAMPBELL,,OTHR,,ALEXANDRIA,PIKE,,39.03147657,-84.4518029,0.006,6/9/2023 0:00,809,2,2,0,0,O,CLOUDY,DRY,0,SIDESWIPE COLLISION - OPPOSITE DIRECTION,SIDESWIPE-OPPOSITE DIRECTION,CURVE & LEVEL,DAYLIGHT,0,0,0,1
31749815,CAMPBELL,I 0275,Interstate,,I275 E,,,39.05626869,-84.4323736,73.31,6/9/2023 0:00,1816,2,2,0,0,O,CLEAR,DRY,0,SIDESWIPE COLLISION - SAME DIRECTION,SIDESWIPE-SAME DIRECTION,STRAIGHT & LEVEL,DAYLIGHT,0,0,0,1
31760708,CAMPBELL,,OTHR,,3RD,ST,W,39.09194643,-84.49998079,0.076,6/9/2023 0:00,1659,2,2,0,1,C,CLEAR,DRY,0,COLLISION WITH FIXED OBJECT IN INTERSECTION - FIRST EVENT COLLISION 09 - 32,ANGLE,STRAIGHT & LEVEL,DAYLIGHT,1,0,0,1
31759721,CAMPBELL,,OTHR,,PAT FANNING,WAY,,38.98291729,-84.39989494,,6/9/2023 0:00,1008,2,2,0,0,O,CLEAR,DRY,0,SIDESWIPE-SAME DIRECTION,SIDESWIPE-SAME DIRECTION,STRAIGHT & LEVEL,DAYLIGHT,0,0,0,1
31746432,CAMPBELL,,OTHR,340,2ND,ST,E,39.09705009,-84.49243544,0.095,6/9/2023 0:00,1200,2,2,0,0,O,CLEAR,DRY,1,1 VEHICLE PARKED POSITION (NOT PARKING LOT/DRIVEWAY),SIDESWIPE-SAME DIRECTION,STRAIGHT & LEVEL,DAYLIGHT,0,0,0,1
31759723,CAMPBELL,,OTHR,115,RIDGEWOOD,DR,,38.95431682,-84.35820846,0.441,6/9/2023 0:00,1237,1,1,0,0,O,CLEAR,DRY,0,COLLISION WITH FIXED OBJECT NON - INTERSECTION - FIRST EVENT COLLISION 09 - 32 EXCLUDING 16,SINGLE VEHICLE,STRAIGHT & LEVEL,DAYLIGHT,0,0,0,1
31745640,CAMPBELL,I 0471,Interstate,,,,,39.08541318,-84.47465321,0.218,6/9/2023 0:00,954,2,2,0,0,O,CLEAR,DRY,0,OTHER RAMP RELATED COLLISIONS NOT LISTED ABOVE,REAR END,CURVE & LEVEL,DAYLIGHT,0,0,0,1
31749821,CAMPBELL,KY1998,StateRoute,,INDUSTRIAL,RD,,39.04398866,-84.42059401,3.89,6/9/2023 0:00,1733,2,2,0,0,O,CLEAR,DRY,0,OTHER ROADWAY OR MID-BLOCK COLLISION,REAR END,STRAIGHT & LEVEL,DAYLIGHT,0,0,0,1
31761493,CAMPBELL,KY0547,StateRoute,,RILEY,RD,,38.96717045,-84.37472286,0.834,6/10/2023 0:00,2022,1,1,0,0,O,CLEAR,DRY,0,COLLISION WITH FIXED OBJECT NON - INTERSECTION - FIRST EVENT COLLISION 09 - 32 EXCLUDING 16,SINGLE VEHICLE,CURVE & GRADE,DAYLIGHT,0,0,0,1
31760876,CAMPBELL,KY0008,StateRoute,,4TH,ST,W,39.08891562,-84.50144521,0.198,6/10/2023 0:00,2025,1,1,0,0,O,CLEAR,DRY,0,COLLISION WITH FIXED OBJECT NON - INTERSECTION - FIRST EVENT COLLISION 09 - 32 EXCLUDING 16,SINGLE VEHICLE,CURVE & LEVEL,DAYLIGHT,0,0,0,1
31766320,CAMPBELL,KY0008,StateRoute,,FAIRFIELD,AVE,,39.10899171,-84.47992624,2.126,6/10/2023 0:00,1528,2,1,0,1,C,CLEAR,DRY,0,COLLISION WITH PEDESTRIAN IN INTERSECTION,SINGLE VEHICLE,STRAIGHT & LEVEL,DAYLIGHT,1,0,1,0
31748852,CAMPBELL,KY0009,StateRoute,941,CENTRAL,AVE,,39.08482526,-84.49352233,22.544,6/10/2023 0:00,1252,2,2,0,0,O,CLEAR,DRY,0,VEHICLE BACKING NON INTERSECTION,BACKING,STRAIGHT & LEVEL,DAYLIGHT,0,0,0,1
31751688,CAMPBELL,,OTHR,800,SARATOGA,ST,,39.09058307,-84.49076308,0.351,6/10/2023 0:00,1608,2,2,0,0,O,CLEAR,DRY,0,REAR END IN TRAFFIC LANES BOTH VEHICLES MOVING,REAR END,STRAIGHT & LEVEL,DAYLIGHT,0,0,0,1
31754034,CAMPBELL,KY1632,StateRoute,,MOOCK,RD,,39.06823737,-84.4668747,1.629,6/10/2023 0:00,1233,2,2,0,0,O,CLEAR,DRY,0,REAR END IN TRAFFIC LANES BOTH VEHICLES MOVING,REAR END,CURVE & GRADE,DAYLIGHT,0,0,0,1
31750507,CAMPBELL,,OTHR,121,10TH,ST,W,39.08494652,-84.49293016,0.376,6/10/2023 0:00,2006,3,3,0,0,O,CLEAR,DRY,1,1 VEHICLE PARKED POSITION (NOT PARKING LOT/DRIVEWAY),SIDESWIPE-SAME DIRECTION,STRAIGHT & LEVEL,DAYLIGHT,0,0,0,1