IncidentID,County,RdwyNumber,RdwyType,Street,RoadwayName,StreetSfx,StreetDir,Latitude,Longitude,Milepoint,CollisionDate,CollisionTime,UnitsInvolved,MotorVehiclesInvolved,NumberKilled,NumberInjured,KABCO,Weather,RdwyConditionCode,HitandRun,DirAnalysisCode,MannerofCollision,RdwyCharacter,LightCondition,Intersection Crash,Bicyclist,Pedestrian,Motor Vehicles
31756177,CAMPBELL,I 0275,Interstate,,I275 W,,,39.04741618,-84.46238721,75.064,6/11/2023 0:00,1747,1,1,0,0,O,RAINING,WET,1,OTHER COLLISIONS ON SHOULDER,SINGLE VEHICLE,STRAIGHT & LEVEL,DAYLIGHT,0,0,0,1
31754035,CAMPBELL,I 0471,Interstate,,I471 SB,,,39.06001066,-84.46953428,1.226,6/11/2023 0:00,938,1,1,0,0,O,RAINING,WATER (STANDING OR MOVING),0,OTHER COLLISIONS ON SHOULDER,SINGLE VEHICLE,CURVE & LEVEL,DAYLIGHT,0,0,0,1
31754645,CAMPBELL,KY0008,StateRoute,,DAVE COWENS,DR,,39.10156621,-84.48896349,1.421,6/11/2023 0:00,1508,3,3,0,0,O,CLOUDY,DRY,0,REAR END IN TRAFFIC LANES BOTH VEHICLES MOVING,REAR END,STRAIGHT & LEVEL,DAYLIGHT,0,0,0,1
31753199,CAMPBELL,KY1120,StateRoute,,11TH,ST,W,39.0820039,-84.49494546,0.312,6/11/2023 0:00,2243,2,2,0,0,O,CLEAR,WET,0,1 VEHICLE ENTERING/LEAVING ENTRANCE,ANGLE,STRAIGHT & LEVEL,DARK-HWY LIGHTED/ON,0,0,0,1
31771599,CAMPBELL,I 0471,Interstate,4.4,I471 N,,,39.09878961,-84.49108344,4.696,6/11/2023 0:00,900,1,1,0,0,O,RAINING,WET,0,OTHER ROADWAY OR MID-BLOCK COLLISION,SINGLE VEHICLE,CURVE & LEVEL,DAYLIGHT,0,0,0,1
31759725,CAMPBELL,US0027,USRoute,,ALEXANDRIA,PIKE,,38.9890817,-84.40626632,12.467,6/11/2023 0:00,1228,2,2,0,0,O,CLOUDY,DRY,0,OTHER INTERSECTION COLLISIONS,REAR END,CURVE & LEVEL,DAYLIGHT,1,0,0,1
32393543,CAMPBELL,,OTHR,,ARCADIA,BLVD,,38.9762555,-84.40588672,0.567,6/11/2023 0:00,114,1,1,0,0,O,CLEAR,DRY,0,COLLISION WITH FIXED OBJECT IN INTERSECTION - FIRST EVENT COLLISION 09 - 32,SINGLE VEHICLE,CURVE & GRADE,DARK-HWY LIGHTED/ON,1,0,0,1
31752741,CAMPBELL,I 0275,Interstate,,I275 W,,,39.02288205,-84.48438801,76.934,6/11/2023 0:00,1930,1,1,0,0,O,RAINING,WET,0,COLLISION WITH FIXED OBJECT NON - INTERSECTION - FIRST EVENT COLLISION 09 - 32 EXCLUDING 16,SINGLE VEHICLE,STRAIGHT & LEVEL,DAYLIGHT,0,0,0,1
31753170,CAMPBELL,US0027,USRoute,,ALEXANDRIA,PIKE,,38.88720436,-84.38682951,5.082,6/11/2023 0:00,2143,1,1,0,0,O,CLOUDY,WET,0,COLLISION WITH ANIMAL NON INTERSECTION,SINGLE VEHICLE,STRAIGHT & LEVEL,DARK-HWY NOT LIGHTED,0,0,0,1
31752701,CAMPBELL,I 0471,Interstate,,I-471,HWY,,39.09864627,-84.49053389,0.304,6/11/2023 0:00,1933,1,1,0,0,O,RAINING,WATER (STANDING OR MOVING),0,COLLISION WITH FIXED OBJECT NOT IN GORE ,SINGLE VEHICLE,CURVE & HILLCREST,DAYLIGHT,0,0,0,1
31807981,CAMPBELL,I 0471,Interstate,,I471 N,,,39.10041284,-84.49428239,4.902,6/12/2023 0:00,1540,2,2,0,0,O,CLEAR,DRY,0,OTHER ROADWAY OR MID-BLOCK COLLISION,REAR END,STRAIGHT & LEVEL,DAYLIGHT,0,0,0,1
31758385,CAMPBELL,I 0471,Interstate,,,,,39.08543375,-84.47454247,0.211,6/12/2023 0:00,1915,2,2,0,0,O,CLOUDY,DRY,0,OTHER RAMP RELATED COLLISIONS NOT LISTED ABOVE,REAR END,STRAIGHT & LEVEL,DAYLIGHT,0,0,0,1
31761496,CAMPBELL,,OTHR,,WASHINGTON,ST,,38.96456141,-84.39265528,0.006,6/12/2023 0:00,1535,2,2,0,0,O,CLEAR,DRY,0,OTHER INTERSECTION COLLISIONS,REAR END,STRAIGHT & LEVEL,DAYLIGHT,1,0,0,1
31762563,CAMPBELL,KY0009,StateRoute,,AA,HWY,,39.0141669,-84.47623516,17.043,6/12/2023 0:00,1217,2,2,0,0,O,CLEAR,DRY,0,OTHER INTERSECTION COLLISIONS,REAR END,STRAIGHT & LEVEL,DAYLIGHT,1,0,0,1
31786395,CAMPBELL,US0027,USRoute,,ALEXANDRIA,PIKE,,38.97352801,-84.39220548,11.156,6/12/2023 0:00,1511,3,3,0,0,O,CLEAR,DRY,0,OTHER INTERSECTION COLLISIONS,REAR END,STRAIGHT & LEVEL,DAYLIGHT,1,0,0,1
31761698,CAMPBELL,US0027,USRoute,,ALEXANDRIA,PIKE,,39.06721651,-84.46586859,19.659,6/12/2023 0:00,1233,2,2,0,0,O,CLEAR,DRY,0,1 VEHICLE ENTERING/LEAVING ENTRANCE,ANGLE,STRAIGHT & LEVEL,DAYLIGHT,0,0,0,1
31760984,CAMPBELL,US0027,USRoute,,ALEXANDRIA,PIKE,,39.03567603,-84.45423453,16.604,6/12/2023 0:00,1627,3,3,0,0,O,CLOUDY,DRY,0,REAR END IN TRAFFIC LANES BOTH VEHICLES MOVING,REAR END,STRAIGHT & LEVEL,DAYLIGHT,0,0,0,1
33083456,CAMPBELL,,OTHR,,TAYLOR,AVE,,39.09951465,-84.47731355,0.676,6/12/2023 0:00,1400,2,2,0,0,O,CLEAR,DRY,1,1 VEHICLE PARKED POSITION (NOT PARKING LOT/DRIVEWAY),REAR END,STRAIGHT & GRADE,DAYLIGHT,0,0,0,1
31763044,CAMPBELL,I 0275,Interstate,,I275 E,,,39.05698698,-84.43069551,73.207,6/13/2023 0:00,1942,2,2,0,0,O,CLOUDY,WET,0,REAR END IN TRAFFIC LANES BOTH VEHICLES MOVING,REAR END,STRAIGHT & LEVEL,DUSK,0,0,0,1
31764876,CAMPBELL,I 0471,Interstate,,I471 SB,,,39.0545026,-84.46949512,0.832,6/13/2023 0:00,1359,1,1,0,0,O,CLOUDY,DRY,0,OTHER COLLISIONS ON SHOULDER,SINGLE VEHICLE,CURVE & LEVEL,DAYLIGHT,0,0,0,1
31786026,CAMPBELL,I 0471,Interstate,,I471 S,,,39.06371702,-84.46761685,1.529,6/13/2023 0:00,1500,2,2,0,0,O,CLEAR,DRY,0,1 VEHICLE ENTERING/LEAVING ENTRANCE,ANGLE,STRAIGHT & LEVEL,DAYLIGHT,0,0,0,1
31821261,CAMPBELL,KY1892,StateRoute,93,CAROTHERS,RD,,39.08651086,-84.47790864,2.188,6/13/2023 0:00,1217,2,2,0,0,O,CLEAR,DRY,0,VEHICLE BACKING NON INTERSECTION,BACKING,STRAIGHT & LEVEL,DAYLIGHT,0,0,0,1
31769314,CAMPBELL,US0027,USRoute,,11TH,ST,E,39.08498536,-84.48952087,21.597,6/13/2023 0:00,1732,2,2,0,0,O,CLOUDY,WET,0,ANGLE COLLISION - ONE VEHICLE TURNING LEFT,ANGLE,STRAIGHT & LEVEL,DAYLIGHT,0,0,0,1
31786032,CAMPBELL,,OTHR,25,CRESCENT,AVE,N,39.06918917,-84.44946908,0.098,6/13/2023 0:00,1100,1,1,0,0,O,CLEAR,DRY,0,COLLISION WITH FIXED OBJECT IN INTERSECTION - FIRST EVENT COLLISION 09 - 32,SINGLE VEHICLE,STRAIGHT & LEVEL,DAYLIGHT,1,0,0,1
31766796,CAMPBELL,,OTHR,,MONROE,ST,,39.08957597,-84.48461511,,6/13/2023 0:00,1549,2,2,0,0,O,CLOUDY,DRY,0,ANGLE COLLISION - OTHER,ANGLE,STRAIGHT & GRADE,DAYLIGHT,0,0,0,1
31769312,CAMPBELL,US0027,USRoute,,11TH,ST,E,39.08572011,-84.48816866,21.51,6/13/2023 0:00,1908,2,2,0,0,O,CLOUDY,WET,0,OTHER INTERSECTION COLLISIONS,REAR END,STRAIGHT & LEVEL,DAYLIGHT,1,0,0,1
31763041,CAMPBELL,,OTHR,,AULICK,RD,,38.82977922,-84.40221494,0.228,6/13/2023 0:00,1515,1,1,0,0,O,CLEAR,DRY,0,RAN OFF ROADWAY (1 VEHICLE WITH/EARTH EMBANKMENT/DITCH),SINGLE VEHICLE,CURVE & GRADE,DAYLIGHT,0,0,0,1
31786027,CAMPBELL,I 0275,Interstate,,I275 E,,,39.05585542,-84.43324677,73.365,6/13/2023 0:00,1928,2,2,0,0,O,CLOUDY,DRY,0,OTHER ROADWAY OR MID-BLOCK COLLISION,REAR END,STRAIGHT & LEVEL,DUSK,0,0,0,1
31786288,CAMPBELL,,OTHR,,CANON,RDG,,39.06483957,-84.45952291,0.024,6/14/2023 0:00,925,1,1,0,0,O,CLEAR,DRY,0,COLLISION WITH FIXED OBJECT NON - INTERSECTION - FIRST EVENT COLLISION 09 - 32 EXCLUDING 16,SINGLE VEHICLE,CURVE & LEVEL,DAYLIGHT,0,0,0,1
31779261,CAMPBELL,KY1936,StateRoute,,KENTON STATION,RD,,38.86173572,-84.40475176,0.763,6/14/2023 0:00,2302,1,1,0,0,O,CLEAR,DRY,0,COLLISION WITH FIXED OBJECT NON - INTERSECTION - FIRST EVENT COLLISION 09 - 32 EXCLUDING 16,SINGLE VEHICLE,STRAIGHT & HILLCREST,DARK-HWY NOT LIGHTED,0,0,0,1
31779314,CAMPBELL,,OTHR,,FOOTE,AVE,,39.10735189,-84.48199863,0.151,6/14/2023 0:00,1609,2,2,0,0,O,CLEAR,DRY,0,COLLISION WITH PARKED VEHICLE,SIDESWIPE-SAME DIRECTION,STRAIGHT & HILLCREST,DAYLIGHT,0,0,0,1
31786396,CAMPBELL,,OTHR,101,RIDGEWOOD,DR,,38.95374475,-84.36158847,0.255,6/14/2023 0:00,2234,2,2,0,0,O,CLEAR,DRY,0,1 VEHICLE PARKED POSITION (NOT PARKING LOT/DRIVEWAY),REAR END,STRAIGHT & LEVEL,DARK-HWY LIGHTED/ON,0,0,0,1
31775740,CAMPBELL,KY0008,StateRoute,722,6TH,AVE,,39.11390658,-84.47081873,2.692,6/15/2023 0:00,1441,2,2,0,0,O,CLEAR,DRY,1,SIDESWIPE COLLISION - SAME DIRECTION,SIDESWIPE-SAME DIRECTION,STRAIGHT & LEVEL,DAYLIGHT,0,0,0,1
31774118,CAMPBELL,KY0008,StateRoute,,DAVE COWENS,DR,,39.09873368,-84.49201939,1.129,6/15/2023 0:00,2209,2,2,0,0,O,CLEAR,DRY,0,ANGLE COLLISION - OTHER,ANGLE,STRAIGHT & LEVEL,DARK-HWY LIGHTED/ON,0,0,0,1
31840382,CAMPBELL,KY0008,StateRoute,,FAIRFIELD,AVE,,39.10433785,-84.48563287,1.683,6/15/2023 0:00,1230,2,1,0,1,B,CLEAR,DRY,0,COLLISION WITH PEDESTRIAN IN INTERSECTION,SINGLE VEHICLE,STRAIGHT & LEVEL,DAYLIGHT,1,0,1,0
31773451,CAMPBELL,,OTHR,130,14TH,AVE,W,39.08093589,-84.48959471,,6/15/2023 0:00,1651,1,1,0,0,O,CLEAR,DRY,0,COLLISION WITH FIXED OBJECT NON - INTERSECTION - FIRST EVENT COLLISION 09 - 32 EXCLUDING 16,SINGLE VEHICLE,STRAIGHT & LEVEL,DAYLIGHT,0,0,0,1
31801774,CAMPBELL,,OTHR,1001,MCKINNEY,ST,,39.10953822,-84.4711232,0.069,6/16/2023 0:00,1629,2,2,0,0,O,CLEAR,DRY,0,1 VEHICLE PARKED POSITION (NOT PARKING LOT/DRIVEWAY),SIDESWIPE-OPPOSITE DIRECTION,STRAIGHT & GRADE,DAYLIGHT,0,0,0,1
31918224,CAMPBELL,US0027,USRoute,,MONMOUTH,ST,,39.08722527,-84.48884108,21.57,6/16/2023 0:00,1715,2,2,0,0,O,CLEAR,DRY,0,SIDESWIPE-SAME DIRECTION,SIDESWIPE-SAME DIRECTION,STRAIGHT & LEVEL,DAYLIGHT,0,0,0,1
31776519,CAMPBELL,KY1892,StateRoute,57,CAROTHERS,RD,,39.08564962,-84.47966918,2.3,6/16/2023 0:00,1234,2,2,0,0,O,CLOUDY,DRY,0,SIDESWIPE COLLISION - SAME DIRECTION,SIDESWIPE-SAME DIRECTION,STRAIGHT & HILLCREST,DAYLIGHT,0,0,0,1
31776488,CAMPBELL,I 0471,Interstate,,I471 S,,,39.10036069,-84.49453804,4.911,6/16/2023 0:00,1420,2,2,0,0,O,CLEAR,DRY,0,SIDESWIPE COLLISION - SAME DIRECTION,SIDESWIPE-SAME DIRECTION,STRAIGHT & LEVEL,DAYLIGHT,0,0,0,1
31775770,CAMPBELL,US0027,USRoute,1709,MONMOUTH,ST,,39.0832718,-84.482622,21.148,6/16/2023 0:00,1045,2,2,0,0,O,CLEAR,DRY,0,1 VEHICLE ENTERING/LEAVING ENTRANCE,ANGLE,STRAIGHT & LEVEL,DAYLIGHT,0,0,0,1
31777899,CAMPBELL,,OTHR,1116,ANN,ST,,39.08345184,-84.49132184,0.445,6/16/2023 0:00,2258,4,4,0,0,O,CLEAR,DRY,1,1 VEHICLE PARKED POSITION (NOT PARKING LOT/DRIVEWAY),SIDESWIPE-SAME DIRECTION,STRAIGHT & LEVEL,DARK-HWY LIGHTED/ON,0,0,0,1
31791656,CAMPBELL,I 0471,Interstate,,,,,39.08542624,-84.47446955,0.208,6/16/2023 0:00,1115,2,2,0,0,O,CLOUDY,DRY,0,OTHER RAMP RELATED COLLISIONS NOT LISTED ABOVE,REAR END,CURVE & GRADE,DAYLIGHT,0,0,0,1
31788158,CAMPBELL,,OTHR,,TAYLOR,AVE,,39.10074944,-84.47861604,0.565,6/16/2023 0:00,1515,1,1,0,0,O,CLEAR,DRY,0,OTHER ROADWAY OR MID-BLOCK COLLISION,SINGLE VEHICLE,STRAIGHT & LEVEL,DAYLIGHT,0,0,0,1
31780988,CAMPBELL,I 0471,Interstate,,I471 N,,,39.10050314,-84.49433006,4.908,6/17/2023 0:00,2150,2,2,0,0,O,CLEAR,DRY,0,REAR END IN TRAFFIC LANES BOTH VEHICLES MOVING,REAR END,STRAIGHT & GRADE,DARK-HWY LIGHTED/ON,0,0,0,1
31786427,CAMPBELL,,OTHR,,PARK,AVE,,39.09798486,-84.49285386,0.351,6/17/2023 0:00,910,2,2,0,0,O,CLEAR,DRY,0,REAR END IN TRAFFIC LANES BOTH VEHICLES MOVING,REAR END,STRAIGHT & LEVEL,DAYLIGHT,0,0,0,1
31780987,CAMPBELL,I 0471,Interstate,,I471 N,,,39.10056554,-84.49446267,4.916,6/17/2023 0:00,2149,4,4,0,0,O,CLEAR,DRY,0,SIDESWIPE COLLISION - SAME DIRECTION,SIDESWIPE-SAME DIRECTION,STRAIGHT & LEVEL,DARK-HWY LIGHTED/ON,0,0,0,1
31779274,CAMPBELL,US0027,USRoute,,11TH,ST,E,39.08607872,-84.48759593,21.471,6/17/2023 0:00,1130,2,2,0,1,C,CLEAR,DRY,1,COLLISION WITH FIXED OBJECT IN INTERSECTION - FIRST EVENT COLLISION 09 - 32,REAR END,STRAIGHT & LEVEL,DAYLIGHT,1,0,0,1
31805611,CAMPBELL,KY1120,StateRoute,,MEMORIAL,PKWY,,39.09267287,-84.4752323,1.677,6/17/2023 0:00,1200,2,2,0,0,O,CLEAR,DRY,0,ANGLE COLLISION - OTHER,ANGLE,STRAIGHT & LEVEL,DAYLIGHT,0,0,0,1
31785924,CAMPBELL,US0027,USRoute,,ALEXANDRIA,PIKE,,39.01953451,-84.437379,15.174,6/17/2023 0:00,1845,1,1,0,0,O,CLEAR,DRY,0,COLLISION WITH FIXED OBJECT NON - INTERSECTION - FIRST EVENT COLLISION 09 - 32 EXCLUDING 16,SINGLE VEHICLE,STRAIGHT & LEVEL,DAYLIGHT,0,0,0,1
31786406,CAMPBELL,US0027,USRoute,,ALEXANDRIA,PIKE,,38.92870193,-84.39351175,8.042,6/18/2023 0:00,2242,1,1,0,0,O,CLEAR,DRY,0,COLLISION WITH ANIMAL NON INTERSECTION,SINGLE VEHICLE,STRAIGHT & LEVEL,DARK-HWY NOT LIGHTED,0,0,0,1
31804262,CAMPBELL,US0027,USRoute,,ALEXANDRIA,PIKE,,38.98602845,-84.40330434,12.224,6/18/2023 0:00,1413,2,2,0,0,O,CLEAR,DRY,0,OTHER INTERSECTION COLLISIONS,REAR END,STRAIGHT & LEVEL,DAYLIGHT,1,0,0,1
31795349,CAMPBELL,US0027,USRoute,,ALEXANDRIA,PIKE,,38.96059448,-84.39276717,10.273,6/18/2023 0:00,2207,1,1,0,0,O,CLEAR,DRY,0,COLLISION WITH ANIMAL IN INTERSECTION,SINGLE VEHICLE,STRAIGHT & LEVEL,DARK-HWY LIGHTED/ON,1,0,0,1
31804811,CAMPBELL,,OTHR,,3RD,ST,E,39.03352672,-84.39015829,0.006,6/18/2023 0:00,2300,2,2,0,0,O,CLEAR,DRY,1,1 VEHICLE PARKED POSITION (NOT PARKING LOT/DRIVEWAY),HEAD ON,STRAIGHT & LEVEL,DARK-HWY LIGHTED/ON,0,0,0,1
31789733,CAMPBELL,KY0471,StateRoute,,KY471,,,39.0384169,-84.4541643,0.101,6/19/2023 0:00,820,2,2,0,0,O,CLOUDY,DRY,0,REAR END IN TRAFFIC LANES BOTH VEHICLES MOVING,REAR END,STRAIGHT & LEVEL,DAYLIGHT,0,0,0,1
31786598,CAMPBELL,I 0471,Interstate,,I471 N,,,39.10095937,-84.49536858,4.972,6/19/2023 0:00,955,3,3,0,0,O,RAINING,WET,0,REAR END IN TRAFFIC LANES BOTH VEHICLES MOVING,REAR END,STRAIGHT & LEVEL,DAYLIGHT,0,0,0,1
31786600,CAMPBELL,,OTHR,,NEWPORT,PLZ,,39.08631569,-84.47726292,0.116,6/19/2023 0:00,1130,2,2,0,0,O,RAINING,WET,1,ANGLE COLLISION - OTHER,ANGLE,CURVE & GRADE,DAYLIGHT,0,0,0,1
31787743,CAMPBELL,,OTHR,,NEWPORT PAVILION,,,39.09252614,-84.48053911,0.002,6/19/2023 0:00,1401,3,3,0,0,O,RAINING,WET,0,ANGLE COLLISION - OTHER,ANGLE,STRAIGHT & GRADE,DAYLIGHT,0,0,0,1
31859283,CAMPBELL,,OTHR,,NEWPORT PAVILION,,,39.08644093,-84.47724284,0.595,6/19/2023 0:00,1712,2,2,0,0,O,CLEAR,DRY,0,OTHER INTERSECTION COLLISIONS,REAR END,STRAIGHT & LEVEL,DAYLIGHT,1,0,0,1
31788435,CAMPBELL,KY0915,StateRoute,8190,LICKING,PIKE,,38.97338176,-84.42687552,4.941,6/19/2023 0:00,1504,1,1,0,0,O,RAINING,WET,0,RAN OFF ROADWAY (1 VEHICLE WITH/EARTH EMBANKMENT/DITCH),SINGLE VEHICLE,CURVE & HILLCREST,DAYLIGHT,0,0,0,1
31805772,CAMPBELL,I 0471,Interstate,,,,,39.08224283,-84.47056414,0.161,6/19/2023 0:00,1638,1,1,0,1,B,RAINING,WET,0,OTHER RAMP RELATED COLLISIONS NOT LISTED ABOVE,SINGLE VEHICLE,CURVE & LEVEL,DAYLIGHT,0,0,0,1
31805774,CAMPBELL,I 0471,Interstate,,I471,HWY,N,39.08224473,-84.47059637,0.162,6/19/2023 0:00,1400,1,1,0,0,O,RAINING,WET,0,COLLISION WITH FIXED OBJECT NOT IN GORE ,SINGLE VEHICLE,CURVE & GRADE,DAYLIGHT,0,0,0,1
31803949,CAMPBELL,I 0471,Interstate,,I 471 S RAMP TO 27,,,39.06781208,-84.46543846,0.356,6/20/2023 0:00,1219,2,2,0,0,O,CLEAR,DRY,0,OTHER RAMP RELATED COLLISIONS NOT LISTED ABOVE,REAR END,CURVE & LEVEL,DAYLIGHT,0,0,0,1
31825976,CAMPBELL,KY0008,StateRoute,,FAIRFIELD,AVE,,39.1018189,-84.48866509,1.447,6/20/2023 0:00,1059,2,2,0,0,O,CLEAR,DRY,0,OTHER INTERSECTION COLLISIONS,REAR END,STRAIGHT & LEVEL,DAYLIGHT,1,0,0,1
31817106,CAMPBELL,,OTHR,107,CENTER,ST,,39.05668678,-84.48868034,0.106,6/20/2023 0:00,1401,2,2,0,0,O,CLEAR,DRY,0,COLLISION WITH PARKED VEHICLE,REAR END,STRAIGHT & LEVEL,DAYLIGHT,0,0,0,1
31794059,CAMPBELL,,OTHR,14,10TH,ST,W,39.08609759,-84.49083258,0.514,6/20/2023 0:00,2004,2,2,0,0,O,RAINING,WET,0,SIDESWIPE COLLISION - SAME DIRECTION,SIDESWIPE-SAME DIRECTION,STRAIGHT & LEVEL,DAYLIGHT,0,0,0,1
31796869,CAMPBELL,US0027,USRoute,,ALEXANDRIA,PIKE,,39.02923635,-84.45075472,16.17,6/20/2023 0:00,1115,2,2,0,0,O,CLOUDY,DRY,0,OTHER ROADWAY OR MID-BLOCK COLLISION,REAR END,STRAIGHT & LEVEL,DAYLIGHT,0,0,0,1
31794328,CAMPBELL,US0027,USRoute,,ALEXANDRIA,PIKE,,38.92050908,-84.39060617,7.457,6/20/2023 0:00,1449,2,2,0,0,O,CLEAR,DRY,0,REAR END IN TRAFFIC LANES BOTH VEHICLES MOVING,REAR END,STRAIGHT & LEVEL,DAYLIGHT,0,0,0,1
31811335,CAMPBELL,I 0471,Interstate,,I471 S,,,39.10014971,-84.49417306,4.887,6/20/2023 0:00,1050,2,2,0,1,C,CLOUDY,DRY,0,REAR END IN TRAFFIC LANES BOTH VEHICLES MOVING,REAR END,STRAIGHT & LEVEL,DAYLIGHT,0,0,0,1
31798029,CAMPBELL,I 0275,Interstate,,I275 E,,,39.05634469,-84.43212576,,6/21/2023 0:00,1754,3,3,0,0,O,CLEAR,DRY,0,REAR END IN TRAFFIC LANES BOTH VEHICLES MOVING,REAR END,STRAIGHT & LEVEL,DAYLIGHT,0,0,0,1
31798987,CAMPBELL,I 0471,Interstate,,I471 N,,,39.09955715,-84.49262079,4.795,6/21/2023 0:00,1822,2,2,0,1,B,CLEAR,DRY,1,1 VEHICLE ENTERING/LEAVING ENTRANCE,ANGLE,STRAIGHT & LEVEL,DAYLIGHT,0,0,0,1
31812963,CAMPBELL,KY1936,StateRoute,10095,POND CREEK,RD,,38.9158478,-84.44235365,7.379,6/21/2023 0:00,850,2,2,0,0,O,CLOUDY,DRY,1,SIDESWIPE COLLISION - OPPOSITE DIRECTION,SIDESWIPE-OPPOSITE DIRECTION,STRAIGHT & LEVEL,DAYLIGHT,0,0,0,1
31813478,CAMPBELL,I 0471,Interstate,,I471 NB,,,39.05447808,-84.46906932,0.854,6/21/2023 0:00,753,2,2,0,0,O,RAINING,WET,0,SIDESWIPE COLLISION - SAME DIRECTION,SIDESWIPE-SAME DIRECTION,CURVE & LEVEL,DAYLIGHT,0,0,0,1
31851697,CAMPBELL,,OTHR,414,FT THOMAS,AVE,N,39.08427847,-84.45244967,0.157,6/21/2023 0:00,1900,2,2,0,0,O,CLEAR,DRY,1,1 VEHICLE PARKED POSITION (NOT PARKING LOT/DRIVEWAY),BACKING,STRAIGHT & LEVEL,DAYLIGHT,0,0,0,1
31815814,CAMPBELL,,OTHR,,POPLAR RIDGE,RD,,38.98072355,-84.37442908,1.046,6/21/2023 0:00,1553,2,2,0,0,O,CLEAR,DRY,0,OTHER INTERSECTION COLLISIONS,REAR END,STRAIGHT & LEVEL,DAYLIGHT,1,0,0,1
31803946,CAMPBELL,I 0471,Interstate,,I471 N,,,39.09494229,-84.48063519,4.056,6/21/2023 0:00,1900,2,2,0,0,O,CLEAR,DRY,0,OTHER INTERSECTION COLLISIONS,REAR END,STRAIGHT & LEVEL,DAYLIGHT,1,0,0,1
31803944,CAMPBELL,I 0471,Interstate,,,,,39.06782053,-84.46553174,0.361,6/21/2023 0:00,1212,1,1,0,0,O,CLEAR,DRY,0,COLLISION WITH FIXED OBJECT IN GORE,SINGLE VEHICLE,STRAIGHT & GRADE,DAYLIGHT,0,0,0,1
31797357,CAMPBELL,I 0471,Interstate,,,,,39.08541879,-84.47460487,0.215,6/21/2023 0:00,1455,2,2,0,0,O,CLOUDY,DRY,0,OTHER RAMP RELATED COLLISIONS NOT LISTED ABOVE,REAR END,CURVE & GRADE,DAYLIGHT,0,0,0,1
31803349,CAMPBELL,KY0824,StateRoute,,RACE TRACK,RD,,38.88874358,-84.3657418,1.5,6/22/2023 0:00,315,1,1,0,0,O,CLEAR,DRY,0,OTHER ROADWAY OR MID-BLOCK COLLISION,SINGLE VEHICLE,CURVE & LEVEL,DARK-HWY NOT LIGHTED,0,0,0,1
31815816,CAMPBELL,,OTHR,104,LAKE PARK,DR,,38.95974466,-84.37927528,0.117,6/22/2023 0:00,1810,2,1,0,1,A,CLOUDY,DRY,0,COLLISION WITH BICYCLIST NON INTERSECTION,SINGLE VEHICLE,CURVE & LEVEL,DAYLIGHT,0,1,0,0
31803951,CAMPBELL,,OTHR,16,SHAWNEE,AVE,,39.06291216,-84.44770922,0.038,6/22/2023 0:00,1508,2,2,0,0,O,CLOUDY,DRY,0,1 VEHICLE PARKED POSITION (NOT PARKING LOT/DRIVEWAY),BACKING,STRAIGHT & GRADE,DAYLIGHT,0,0,0,1
31818603,CAMPBELL,,OTHR,75,CARMEL MANOR,DR,,39.06420173,-84.44378485,0.467,6/23/2023 0:00,705,2,2,0,0,O,CLOUDY,DRY,0,VEHICLE BACKING NON INTERSECTION,BACKING,STRAIGHT & LEVEL,DAWN,0,0,0,1
31815170,CAMPBELL,,OTHR,2701,ALEXANDRIA,PIKE,,39.03378589,-84.45250222,0.183,6/23/2023 0:00,1111,2,2,0,0,O,CLOUDY,DRY,0,1 VEHICLE ENTERING/LEAVING ENTRANCE,ANGLE,CURVE & GRADE,DAYLIGHT,0,0,0,1
31813480,CAMPBELL,KY0009,StateRoute,,AA,HWY,,39.01819269,-84.48009838,17.395,6/23/2023 0:00,2253,2,2,0,0,O,CLEAR,DRY,0,OPPOSITE DIRECTION - BOTH VEHICLES GOING STRAIGHT AHEAD,SIDESWIPE-OPPOSITE DIRECTION,STRAIGHT & LEVEL,DARK-HWY LIGHTED/ON,0,0,0,1
31808866,CAMPBELL,,OTHR,,PLAZA,DR,,39.00417222,-84.42484628,0.019,6/23/2023 0:00,1219,2,2,0,0,O,CLEAR,DRY,0,OTHER INTERSECTION COLLISIONS,REAR END,CURVE & LEVEL,DAYLIGHT,1,0,0,1
31819373,CAMPBELL,KY1120,StateRoute,1175,FT THOMAS,AVE,S,39.06330332,-84.44816842,5.468,6/23/2023 0:00,849,2,2,0,0,O,CLOUDY,DRY,0,1 VEHICLE PARKED POSITION (NOT PARKING LOT/DRIVEWAY),SIDESWIPE-SAME DIRECTION,STRAIGHT & GRADE,DAYLIGHT,0,0,0,1
31853218,CAMPBELL,US0027,USRoute,,ALEXANDRIA,PIKE,,38.965113,-84.39279695,10.567,6/23/2023 0:00,1525,1,1,0,1,C,CLOUDY,DRY,0,COLLISION WITH FIXED OBJECT NON - INTERSECTION - FIRST EVENT COLLISION 09 - 32 EXCLUDING 16,SINGLE VEHICLE,STRAIGHT & LEVEL,DAYLIGHT,0,0,0,1
31811931,CAMPBELL,I 0275,Interstate,,I275 W,,,39.03927106,-84.47030765,75.803,6/23/2023 0:00,1027,1,1,0,0,O,RAINING,WET,0,COLLISION WITH ANIMAL NON INTERSECTION,SINGLE VEHICLE,CURVE & GRADE,DAYLIGHT,0,0,0,1