IncidentID,County,RdwyNumber,RdwyType,Street,RoadwayName,StreetSfx,StreetDir,Latitude,Longitude,Milepoint,CollisionDate,CollisionTime,UnitsInvolved,MotorVehiclesInvolved,NumberKilled,NumberInjured,KABCO,Weather,RdwyConditionCode,HitandRun,DirAnalysisCode,MannerofCollision,RdwyCharacter,LightCondition,Intersection Crash,Bicyclist,Pedestrian,Motor Vehicles
31811338,CAMPBELL,I 0471,Interstate,,,,,39.09872676,-84.49200573,0.001,6/24/2023 0:00,1430,2,2,0,0,O,CLOUDY,DRY,0,OTHER RAMP RELATED COLLISIONS NOT LISTED ABOVE,REAR END,CURVE & GRADE,DAYLIGHT,0,0,0,1
31809644,CAMPBELL,I 0471,Interstate,,,,,39.09301705,-84.47886456,0.178,6/24/2023 0:00,1809,2,2,0,0,O,CLEAR,DRY,0,OTHER RAMP RELATED COLLISIONS NOT LISTED ABOVE,REAR END,CURVE & LEVEL,DAYLIGHT,0,0,0,1
31810865,CAMPBELL,,OTHR,,RIVIERA,DR,,39.10178069,-84.48871129,0.003,6/24/2023 0:00,1200,2,2,0,0,O,CLEAR,DRY,1,VEHICLE BACKING IN INTERSECTION,BACKING,STRAIGHT & LEVEL,DAYLIGHT,1,0,0,1
31811337,CAMPBELL,I 0471,Interstate,,I471 N,,,39.1011338,-84.49571461,4.994,6/24/2023 0:00,1423,2,2,0,0,O,CLOUDY,DRY,0,REAR END IN TRAFFIC LANES BOTH VEHICLES MOVING,REAR END,STRAIGHT & LEVEL,DAYLIGHT,0,0,0,1
31815674,CAMPBELL,,OTHR,20,MARIAN,DR,,39.0210241,-84.44226519,0.139,6/24/2023 0:00,1000,2,2,0,0,O,CLEAR,DRY,1,1 VEHICLE PARKED POSITION (NOT PARKING LOT/DRIVEWAY),ANGLE,STRAIGHT & LEVEL,DAYLIGHT,0,0,0,1
31807560,CAMPBELL,,OTHR,801,ISABELLA,ST,,39.08646285,-84.49694083,0.409,6/24/2023 0:00,233,2,2,0,0,O,CLEAR,DRY,1,1 VEHICLE PARKED POSITION (NOT PARKING LOT/DRIVEWAY),ANGLE,STRAIGHT & LEVEL,DARK-HWY NOT LIGHTED,0,0,0,1
31811336,CAMPBELL,I 0471,Interstate,,I471 N,,,39.10052515,-84.49452999,4.918,6/24/2023 0:00,1307,3,3,0,1,C,CLEAR,DRY,0,REAR END IN TRAFFIC LANES BOTH VEHICLES MOVING,REAR END,STRAIGHT & LEVEL,DAYLIGHT,0,0,0,1
31811933,CAMPBELL,US0027,USRoute,,ALEXANDRIA,PIKE,,38.84450138,-84.37559925,1.74,6/24/2023 0:00,537,1,1,0,0,O,CLEAR,DRY,0,OTHER COLLISIONS ON SHOULDER,SINGLE VEHICLE,STRAIGHT & LEVEL,DAWN,0,0,0,1
31811340,CAMPBELL,I 0471,Interstate,,I471 N,,,39.10035605,-84.49414805,4.894,6/25/2023 0:00,1300,2,2,0,0,O,CLEAR,DRY,0,REAR END IN TRAFFIC LANES BOTH VEHICLES MOVING,REAR END,STRAIGHT & LEVEL,DAYLIGHT,0,0,0,1
31812655,CAMPBELL,,OTHR,,CLAY RIDGE,RD,,38.83751233,-84.42492356,3.051,6/25/2023 0:00,1509,2,2,0,0,O,CLEAR,DRY,0,SIDESWIPE COLLISION - OPPOSITE DIRECTION,SIDESWIPE-OPPOSITE DIRECTION,STRAIGHT & LEVEL,DAYLIGHT,0,0,0,1
31815171,CAMPBELL,I 0275,Interstate,,I275 E,,,39.03425358,-84.47030617,76.089,6/25/2023 0:00,1840,2,2,0,0,O,CLOUDY,DRY,0,SIDESWIPE COLLISION - SAME DIRECTION,SIDESWIPE-SAME DIRECTION,STRAIGHT & LEVEL,DAYLIGHT,0,0,0,1
31908276,CAMPBELL,I 0471,Interstate,,I471 N,,,39.1003669,-84.49417438,4.896,6/25/2023 0:00,1400,2,2,0,0,O,CLEAR,DRY,1,SIDESWIPE COLLISION - SAME DIRECTION,SIDESWIPE-SAME DIRECTION,STRAIGHT & LEVEL,DAYLIGHT,0,0,0,1
31812964,CAMPBELL,,OTHR,9873,JOHN MILLER,RD,,38.92153361,-84.43237265,0.415,6/25/2023 0:00,1420,2,2,0,0,O,CLEAR,DRY,0,OPPOSITE DIRECTION - BOTH VEHICLES GOING STRAIGHT AHEAD,SIDESWIPE-OPPOSITE DIRECTION,STRAIGHT & HILLCREST,DAYLIGHT,0,0,0,1
31815047,CAMPBELL,,OTHR,,WALNUT,ST,,39.10992977,-84.47842355,0.348,6/25/2023 0:00,1204,2,2,0,0,O,CLOUDY,DRY,0,VEHICLE BACKING IN INTERSECTION,BACKING,STRAIGHT & LEVEL,DAYLIGHT,1,0,0,1
31811334,CAMPBELL,,OTHR,1141,ANN,ST,,39.08319116,-84.49100731,0.469,6/25/2023 0:00,1020,2,2,0,0,O,CLOUDY,WET,1,1 VEHICLE PARKED POSITION (NOT PARKING LOT/DRIVEWAY),SIDESWIPE-SAME DIRECTION,STRAIGHT & LEVEL,DAYLIGHT,0,0,0,1
31816312,CAMPBELL,KY1892,StateRoute,,CAROTHERS,RD,,39.08384215,-84.48382757,2.568,6/26/2023 0:00,725,2,2,0,0,O,CLOUDY,DRY,0,OTHER INTERSECTION COLLISIONS,REAR END,STRAIGHT & LEVEL,DAYLIGHT,1,0,0,1
31821297,CAMPBELL,KY0471,StateRoute,,KY471,,,39.03696561,-84.4541223,,6/26/2023 0:00,1849,2,2,0,0,O,CLEAR,DRY,0,OTHER INTERSECTION COLLISIONS,REAR END,STRAIGHT & LEVEL,DAYLIGHT,1,0,0,1
31817128,CAMPBELL,,OTHR,,6TH,ST,E,39.09276626,-84.49109313,0.519,6/26/2023 0:00,2220,2,2,0,0,O,CLEAR,DRY,0,1 VEHICLE PARKED POSITION (NOT PARKING LOT/DRIVEWAY),BACKING,STRAIGHT & LEVEL,DARK-HWY LIGHTED/ON,0,0,0,1
31827701,CAMPBELL,US0027,USRoute,,ALEXANDRIA,PIKE,,39.00076017,-84.42029405,13.613,6/27/2023 0:00,1530,2,2,0,0,O,CLOUDY,DRY,0,OTHER ROADWAY OR MID-BLOCK COLLISION,REAR END,STRAIGHT & LEVEL,DAYLIGHT,0,0,0,1
31821262,CAMPBELL,I 0471,Interstate,,,,,39.08542945,-84.47452509,0.211,6/27/2023 0:00,1232,2,2,0,0,O,CLEAR,DRY,0,COLLISION WITH FIXED OBJECT NOT IN GORE ,REAR END,CURVE & LEVEL,DAYLIGHT,0,0,0,1
31825533,CAMPBELL,KY0009,StateRoute,,AA,HWY,,39.01790973,-84.48007664,17.375,6/27/2023 0:00,747,2,2,0,0,O,CLEAR,DRY,0,REAR END IN TRAFFIC LANES BOTH VEHICLES MOVING,REAR END,STRAIGHT & LEVEL,DAYLIGHT,0,0,0,1
31835459,CAMPBELL,KY0009,StateRoute,,AA,HWY,,38.98870769,-84.39519155,12.131,6/27/2023 0:00,1715,2,2,0,2,B,CLEAR,DRY,0,ANGLE COLLISION - ONE VEHICLE TURNING LEFT,ANGLE,STRAIGHT & LEVEL,DAYLIGHT,0,0,0,1
31830675,CAMPBELL,KY0154,StateRoute,,PEACH GROVE,RD,,38.85366417,-84.37609406,,6/27/2023 0:00,729,1,1,0,1,B,CLEAR,DRY,0,RAN OFF ROADWAY (1 VEHICLE WITH/EARTH EMBANKMENT/DITCH),SINGLE VEHICLE,CURVE & GRADE,DAYLIGHT,0,0,0,1
31829057,CAMPBELL,KY0445,StateRoute,,RIVER,RD,,39.06387334,-84.44631661,0.986,6/28/2023 0:00,1737,2,2,0,0,O,CLOUDY,DRY,0,ANGLE COLLISION - OTHER,ANGLE,CURVE & GRADE,DAYLIGHT,0,0,0,1
31825538,CAMPBELL,KY0009,StateRoute,,LICKING,PIKE,,39.02311227,-84.48082405,17.773,6/28/2023 0:00,827,4,4,0,0,O,CLEAR,DRY,0,REAR END IN TRAFFIC LANES BOTH VEHICLES MOVING,REAR END,STRAIGHT & LEVEL,DAYLIGHT,0,0,0,1
31835789,CAMPBELL,US0027,USRoute,2114,MONMOUTH,ST,,39.07758523,-84.47908834,20.702,6/29/2023 0:00,1640,1,1,0,1,B,"SMOG, SMOKE",DRY,0,OTHER ROADWAY OR MID-BLOCK COLLISION,SINGLE VEHICLE,STRAIGHT & HILLCREST,DAYLIGHT,0,0,0,1
31858459,CAMPBELL,US0027,USRoute,,ALEXANDRIA,PIKE,,39.03334504,-84.45321203,16.481,6/29/2023 0:00,1220,2,2,0,0,O,"SMOG, SMOKE",DRY,0,OTHER ROADWAY OR MID-BLOCK COLLISION,REAR END,STRAIGHT & GRADE,DAYLIGHT,0,0,0,1
31831462,CAMPBELL,I 0471,Interstate,,,,,39.09143604,-84.4758522,0.179,6/29/2023 0:00,800,2,2,0,0,O,CLEAR,DRY,0,OTHER RAMP RELATED COLLISIONS NOT LISTED ABOVE,REAR END,CURVE & HILLCREST,DAYLIGHT,0,0,0,1
31835345,CAMPBELL,I 0471,Interstate,,,,,39.08546074,-84.47453683,0.168,6/29/2023 0:00,1230,2,2,0,0,O,CLEAR,DRY,0,OTHER RAMP RELATED COLLISIONS NOT LISTED ABOVE,REAR END,STRAIGHT & GRADE,DAYLIGHT,0,0,0,1
31831682,CAMPBELL,KY0009,StateRoute,,LICKING,PIKE,,39.02501047,-84.48051808,17.922,6/29/2023 0:00,537,4,4,0,0,O,CLOUDY,DRY,0,REAR END IN TRAFFIC LANES BOTH VEHICLES MOVING,REAR END,STRAIGHT & LEVEL,DAYLIGHT,0,0,0,1
31835348,CAMPBELL,US0027,USRoute,2124,MONMOUTH,ST,,39.07792514,-84.47937846,20.731,6/29/2023 0:00,1130,2,2,0,0,O,CLEAR,DRY,0,VEHICLE BACKING NON INTERSECTION,BACKING,STRAIGHT & LEVEL,DAYLIGHT,0,0,0,1
31833130,CAMPBELL,KY1892,StateRoute,,GRAND,AVE,,39.08519968,-84.47411409,1.953,6/29/2023 0:00,2331,2,2,0,0,O,CLOUDY,WET,0,OTHER INTERSECTION COLLISIONS,REAR END,STRAIGHT & LEVEL,DARK-HWY LIGHTED/ON,1,0,0,1
31832462,CAMPBELL,KY0008,StateRoute,,DAVE COWENS,DR,,39.0979826,-84.49291772,1.021,6/29/2023 0:00,2217,2,2,0,0,O,RAINING,WET,0,ANGLE COLLISION - ONE VEHICLE TURNING LEFT,ANGLE,STRAIGHT & LEVEL,DARK-HWY LIGHTED/ON,0,0,0,1
31835350,CAMPBELL,KY1120,StateRoute,,10TH,ST,E,39.08766506,-84.48801303,0.862,6/29/2023 0:00,1345,2,2,0,2,B,CLOUDY,DRY,0,ANGLE COLLISION - OTHER,ANGLE,CURVE & LEVEL,DAYLIGHT,0,0,0,1
31838567,CAMPBELL,,OTHR,24,HARRISON,AVE,,39.10344583,-84.46906841,0.171,6/30/2023 0:00,2311,2,2,0,0,O,CLOUDY,WET,1,1 VEHICLE PARKED POSITION (NOT PARKING LOT/DRIVEWAY),REAR END,STRAIGHT & LEVEL,DARK-HWY NOT LIGHTED,0,0,0,1
31858468,CAMPBELL,US0027,USRoute,,ALEXANDRIA,PIKE,,39.04489713,-84.44582837,17.432,6/30/2023 0:00,1725,1,1,0,1,A,CLEAR,DRY,0,COLLISION WITH FIXED OBJECT NON - INTERSECTION - FIRST EVENT COLLISION 09 - 32 EXCLUDING 16,SINGLE VEHICLE,CURVE & LEVEL,DAYLIGHT,0,0,0,1
31835788,CAMPBELL,,OTHR,943,ANN,ST,,39.08548583,-84.4932667,0.269,6/30/2023 0:00,1430,2,2,0,0,O,CLEAR,DRY,1,1 VEHICLE PARKED POSITION (NOT PARKING LOT/DRIVEWAY),SIDESWIPE-SAME DIRECTION,STRAIGHT & LEVEL,DAYLIGHT,0,0,0,1
31858470,CAMPBELL,I 0275,Interstate,,I275 E,,,39.03823642,-84.46998839,75.804,6/30/2023 0:00,1530,2,2,0,0,O,CLEAR,DRY,0,OTHER ROADWAY OR MID-BLOCK COLLISION,REAR END,STRAIGHT & GRADE,DAYLIGHT,0,0,0,1
31862068,CAMPBELL,I 0275,Interstate,,INTERSTATE 275,,,39.02536521,-84.48124609,0.041,7/1/2023 0:00,2243,2,2,0,1,C,CLEAR,DRY,0,OTHER RAMP RELATED COLLISIONS NOT LISTED ABOVE,REAR END,CURVE & GRADE,DARK-HWY LIGHTED/ON,0,0,0,1
31838575,CAMPBELL,US0027,USRoute,,TAYLOR SOUTHGATE,BRG,,39.09629839,-84.50148951,22.599,7/1/2023 0:00,1150,2,2,0,0,O,RAINING,WET,1,1 VEHICLE ENTERING/LEAVING ENTRANCE,ANGLE,STRAIGHT & GRADE,DAYLIGHT,0,0,0,1
31846947,CAMPBELL,KY0008,StateRoute,,MARY INGLES,HWY,,38.88690768,-84.2462612,24.54,7/1/2023 0:00,2228,2,1,0,1,B,CLOUDY,DRY,1,OTHER ROADWAY OR MID-BLOCK COLLISION,SINGLE VEHICLE,STRAIGHT & LEVEL,DARK-HWY NOT LIGHTED,0,0,0,1
31937541,CAMPBELL,KY1120,StateRoute,1045,FT THOMAS,AVE,S,39.06424434,-84.44697497,5.375,7/1/2023 0:00,1719,2,2,0,0,O,CLEAR,DRY,0,1 VEHICLE PARKED POSITION (NOT PARKING LOT/DRIVEWAY),BACKING,STRAIGHT & LEVEL,DAYLIGHT,0,0,0,1
31838568,CAMPBELL,,OTHR,,COVERT RUN,PIKE,,39.1007296,-84.46475795,0.844,7/1/2023 0:00,108,1,1,0,1,B,RAINING,WET,0,COLLISION WITH FIXED OBJECT NON - INTERSECTION - FIRST EVENT COLLISION 09 - 32 EXCLUDING 16,SINGLE VEHICLE,STRAIGHT & GRADE,DARK-HWY LIGHTED/ON,0,0,0,1
31858473,CAMPBELL,,OTHR,141,RIDGE HILL,DR,,39.02064153,-84.46420246,0.331,7/1/2023 0:00,638,2,2,0,0,O,CLOUDY,DRY,1,1 VEHICLE PARKED POSITION (NOT PARKING LOT/DRIVEWAY),REAR END,STRAIGHT & GRADE,DARK (UNKNOWN ROADWAY LIGHTING),0,0,0,1
31841091,CAMPBELL,KY0009,StateRoute,900,CENTRAL,AVE,,39.08592138,-84.49449366,22.655,7/2/2023 0:00,1300,2,2,0,0,O,CLEAR,DRY,0,1 VEHICLE ENTERING/LEAVING ENTRANCE,ANGLE,STRAIGHT & LEVEL,DAYLIGHT,0,0,0,1
31858493,CAMPBELL,,OTHR,7,ELBLAINE,DR,,39.03450474,-84.45276018,0.05,7/3/2023 0:00,1116,2,2,0,0,O,CLOUDY,WET,0,1 VEHICLE PARKED POSITION (NOT PARKING LOT/DRIVEWAY),BACKING,STRAIGHT & LEVEL,DAYLIGHT,0,0,0,1
31848862,CAMPBELL,I 0275,Interstate,,I275 E,,,39.05567233,-84.43364393,73.39,7/3/2023 0:00,1459,2,2,0,0,O,CLEAR,DRY,0,REAR END IN TRAFFIC LANES BOTH VEHICLES MOVING,REAR END,STRAIGHT & LEVEL,DAYLIGHT,0,0,0,1
31847738,CAMPBELL,,OTHR,54,PARKVIEW,AVE,,39.08198161,-84.48548479,0.256,7/3/2023 0:00,1653,2,2,0,0,O,CLEAR,DRY,0,HEAD-ON COLLISION,HEAD ON,CURVE & GRADE,DAYLIGHT,0,0,0,1
31859287,CAMPBELL,KY0008,StateRoute,,DAVE COWENS,DR,,39.10135592,-84.48920835,1.4,7/3/2023 0:00,1702,2,2,0,0,O,CLOUDY,DRY,0,1 VEHICLE ENTERING/LEAVING ENTRANCE,ANGLE,STRAIGHT & LEVEL,DAYLIGHT,0,0,0,1
31869729,CAMPBELL,US0027,USRoute,,ALEXANDRIA,PIKE,,38.85319505,-84.38337127,2.473,7/3/2023 0:00,1317,2,2,0,0,O,CLOUDY,DRY,0,1 VEHICLE ENTERING/LEAVING ENTRANCE,ANGLE,STRAIGHT & GRADE,DAYLIGHT,0,0,0,1
31858497,CAMPBELL,I 0275,Interstate,,I275 W,,,39.05010986,-84.44709008,74.209,7/3/2023 0:00,1405,2,1,0,1,A,CLEAR,DRY,0,COLLISION WITH PEDESTRIAN NON - INTERSECTION,SINGLE VEHICLE,STRAIGHT & GRADE,DAYLIGHT,0,0,1,0
31853898,CAMPBELL,US0027,USRoute,,ALEXANDRIA,PIKE,,38.97368481,-84.39226829,11.154,7/3/2023 0:00,1638,2,2,0,0,O,CLEAR,DRY,0,OPPOSING LEFT TURN,OPPOSING LEFT TURN,STRAIGHT & LEVEL,DAYLIGHT,0,0,0,1
31867614,CAMPBELL,,OTHR,806,6TH,AVE,,39.11374642,-84.4692035,0.043,7/4/2023 0:00,427,2,2,0,0,O,CLEAR,DRY,0,1 VEHICLE PARKED POSITION (NOT PARKING LOT/DRIVEWAY),SIDESWIPE-SAME DIRECTION,STRAIGHT & LEVEL,DARK-HWY LIGHTED/ON,0,0,0,1
31848860,CAMPBELL,,OTHR,67,SUMMER HILL,AVE,,39.07883733,-84.48320718,0.26,7/4/2023 0:00,1311,2,2,0,0,O,CLOUDY,DRY,0,1 VEHICLE PARKED POSITION (NOT PARKING LOT/DRIVEWAY),SIDESWIPE-SAME DIRECTION,STRAIGHT & LEVEL,DAYLIGHT,0,0,0,1
31848859,CAMPBELL,US0027,USRoute,,US27 TURN LANE TO,,,39.09336396,-84.49710179,0.006,7/4/2023 0:00,1041,2,2,0,0,O,CLEAR,DRY,0,REAR END IN TRAFFIC LANES BOTH VEHICLES MOVING,REAR END,STRAIGHT & LEVEL,DAYLIGHT,0,0,0,1
31854255,CAMPBELL,,OTHR,1000,BRIGHTON,ST,,39.08232949,-84.49722373,0.193,7/5/2023 0:00,925,3,3,0,0,O,CLOUDY,DRY,0,1 VEHICLE PARKED POSITION (NOT PARKING LOT/DRIVEWAY),SIDESWIPE-SAME DIRECTION,STRAIGHT & LEVEL,DAYLIGHT,0,0,0,1
31856672,CAMPBELL,,OTHR,,BLOSSOM,LN,,39.06134048,-84.45898445,0.142,7/5/2023 0:00,1356,2,2,0,0,O,CLEAR,DRY,0,1 VEHICLE PARKED POSITION (NOT PARKING LOT/DRIVEWAY),SIDESWIPE-OPPOSITE DIRECTION,STRAIGHT & LEVEL,DAYLIGHT,0,0,0,1
31856089,CAMPBELL,KY2925,StateRoute,6631,ALEXANDRIA,PIKE,E,39.00024501,-84.40172225,0.066,7/5/2023 0:00,216,1,1,0,0,O,CLEAR,DRY,0,OTHER ROADWAY OR MID-BLOCK COLLISION,SINGLE VEHICLE,CURVE & LEVEL,DARK (UNKNOWN ROADWAY LIGHTING),0,0,0,1
31862081,CAMPBELL,KY0471,StateRoute,,KY471,,,39.03746294,-84.45407829,0.033,7/5/2023 0:00,1154,2,2,0,0,O,CLEAR,DRY,0,OTHER ROADWAY OR MID-BLOCK COLLISION,REAR END,STRAIGHT & LEVEL,DAYLIGHT,0,0,0,1
31856669,CAMPBELL,,OTHR,93,VILLA,PL,W,39.07157267,-84.45028941,0.215,7/5/2023 0:00,1809,2,2,0,0,O,CLEAR,DRY,1,1 VEHICLE PARKED POSITION (NOT PARKING LOT/DRIVEWAY),SIDESWIPE-SAME DIRECTION,STRAIGHT & LEVEL,DAYLIGHT,0,0,0,1
31862174,CAMPBELL,KY1120,StateRoute,1017,FT THOMAS,AVE,S,39.06511333,-84.44629148,5.299,7/5/2023 0:00,1143,2,2,0,0,O,CLEAR,DRY,0,1 VEHICLE PARKED POSITION (NOT PARKING LOT/DRIVEWAY),SIDESWIPE-SAME DIRECTION,STRAIGHT & LEVEL,DAYLIGHT,0,0,0,1
31863617,CAMPBELL,,OTHR,,CENTER,ST,,39.10507556,-84.4771041,0.455,7/5/2023 0:00,246,3,3,0,1,B,CLOUDY,DRY,0,COLLISION WITH PARKED VEHICLE,SIDESWIPE-SAME DIRECTION,STRAIGHT & GRADE,DARK-HWY LIGHTED/ON,0,0,0,1
31854257,CAMPBELL,,OTHR,,LOWELL,ST,,39.07939149,-84.49639931,0.309,7/5/2023 0:00,1500,2,2,0,0,O,CLEAR,DRY,0,ANGLE COLLISION - ONE VEHICLE TURNING LEFT,ANGLE,STRAIGHT & LEVEL,DAYLIGHT,0,0,0,1
31862074,CAMPBELL,,OTHR,,TOWN,DR,,39.01810956,-84.48021452,0.001,7/5/2023 0:00,1842,2,2,0,2,B,CLEAR,DRY,0,OPPOSING LEFT TURN,OPPOSING LEFT TURN,STRAIGHT & LEVEL,DAYLIGHT,0,0,0,1
31859286,CAMPBELL,,OTHR,,8TH,ST,W,39.08800601,-84.4941367,0.343,7/6/2023 0:00,937,2,2,0,0,O,CLOUDY,DRY,0,SIDESWIPE-SAME DIRECTION,SIDESWIPE-SAME DIRECTION,STRAIGHT & LEVEL,DAYLIGHT,0,0,0,1
31867621,CAMPBELL,KY0008,StateRoute,,6TH,AVE,,39.11158924,-84.47576612,2.408,7/6/2023 0:00,1630,2,2,0,0,O,CLEAR,DRY,0,ANGLE COLLISION - ONE VEHICLE TURNING LEFT,ANGLE,STRAIGHT & LEVEL,DAYLIGHT,0,0,0,1
31859288,CAMPBELL,I 0471,Interstate,,I471 S,,,39.09717154,-84.48455,4.323,7/6/2023 0:00,734,2,2,0,0,O,RAINING,WET,0,COLLISION WITH FIXED OBJECT NON - INTERSECTION - FIRST EVENT COLLISION 09 - 32 EXCLUDING 16,SIDESWIPE-SAME DIRECTION,STRAIGHT & LEVEL,DAYLIGHT,0,0,0,1
31862390,CAMPBELL,KY0915,StateRoute,,LICKING,PIKE,,39.00791958,-84.46158725,9.29,7/6/2023 0:00,2002,1,1,0,0,O,CLEAR,DRY,0,COLLISION WITH FIXED OBJECT NON - INTERSECTION - FIRST EVENT COLLISION 09 - 32 EXCLUDING 16,SINGLE VEHICLE,STRAIGHT & GRADE,DAYLIGHT,0,0,0,1
31936293,CAMPBELL,KY0008,StateRoute,,4TH,ST,W,39.08820327,-84.50363225,0.058,7/6/2023 0:00,1710,2,2,0,0,O,CLEAR,DRY,0,SIDESWIPE COLLISION - SAME DIRECTION,SIDESWIPE-SAME DIRECTION,CURVE & LEVEL,DAYLIGHT,0,0,0,1
31871283,CAMPBELL,US0027,USRoute,,ALEXANDRIA,PIKE,,39.03578238,-84.4540674,16.664,7/6/2023 0:00,1519,2,2,0,0,O,CLOUDY,DRY,0,OTHER ROADWAY OR MID-BLOCK COLLISION,REAR END,STRAIGHT & LEVEL,DAYLIGHT,0,0,0,1
31869731,CAMPBELL,US0027,USRoute,,ALEXANDRIA,PIKE,,38.84561746,-84.37685901,1.842,7/6/2023 0:00,1125,2,2,0,0,O,CLEAR,DRY,0,1 VEHICLE ENTERING/LEAVING ENTRANCE,ANGLE,STRAIGHT & LEVEL,DAYLIGHT,0,0,0,1
31858501,CAMPBELL,,OTHR,303,KNOLLWOOD,DR,,39.02360324,-84.46110793,0.346,7/6/2023 0:00,506,2,2,0,0,O,CLEAR,DRY,0,1 VEHICLE PARKED POSITION (NOT PARKING LOT/DRIVEWAY),REAR END,STRAIGHT & LEVEL,DARK-HWY NOT LIGHTED,0,0,0,1
31878119,CAMPBELL,US0027,USRoute,9274,ALEXANDRIA,PIKE,,38.93984028,-84.39489456,8.879,7/7/2023 0:00,1206,2,2,0,0,O,CLEAR,DRY,0,VEHICLE BACKING NON INTERSECTION,BACKING,STRAIGHT & LEVEL,DAYLIGHT,0,0,0,1
31873996,CAMPBELL,KY1998,StateRoute,,POOLES CREEK,RD,,39.02396241,-84.44625066,1.631,7/7/2023 0:00,742,2,2,0,0,O,CLEAR,DRY,1,SIDESWIPE COLLISION - SAME DIRECTION,SIDESWIPE-SAME DIRECTION,STRAIGHT & GRADE,DAYLIGHT,0,0,0,1
31877321,CAMPBELL,I 0471,Interstate,,I471 S,,,39.09591014,-84.48240247,4.179,7/7/2023 0:00,1540,2,2,0,0,O,CLEAR,DRY,0,SIDESWIPE COLLISION - SAME DIRECTION,SIDESWIPE-SAME DIRECTION,STRAIGHT & LEVEL,DAYLIGHT,0,0,0,1
31877317,CAMPBELL,KY1120,StateRoute,,10TH,ST,E,39.0872984,-84.48868756,0.782,7/7/2023 0:00,1536,2,2,0,0,O,CLEAR,DRY,0,SIDESWIPE-SAME DIRECTION,SIDESWIPE-SAME DIRECTION,STRAIGHT & LEVEL,DAYLIGHT,0,0,0,1
31867651,CAMPBELL,KY0008,StateRoute,,3RD,ST,E,39.09502576,-84.49430337,0.739,7/8/2023 0:00,1747,2,2,0,0,O,CLOUDY,DRY,0,SIDESWIPE-SAME DIRECTION,SIDESWIPE-SAME DIRECTION,STRAIGHT & LEVEL,DAYLIGHT,0,0,0,1
31867652,CAMPBELL,I 0471,Interstate,,I471 S,,,39.0955065,-84.48195494,4.143,7/8/2023 0:00,2025,1,1,0,0,O,RAINING,WET,0,COLLISION WITH FIXED OBJECT NON - INTERSECTION - FIRST EVENT COLLISION 09 - 32 EXCLUDING 16,SINGLE VEHICLE,STRAIGHT & LEVEL,DAYLIGHT,0,0,0,1
31872327,CAMPBELL,,OTHR,29,GLENWAY,AVE,,39.07445768,-84.44572164,0.082,7/8/2023 0:00,1650,2,2,0,0,O,CLEAR,DRY,0,VEHICLE BACKING NON INTERSECTION,BACKING,STRAIGHT & GRADE,DAYLIGHT,0,0,0,1
31869301,CAMPBELL,I 0471,Interstate,,,,,39.09292536,-84.4789452,0.186,7/9/2023 0:00,1640,2,2,0,0,O,CLEAR,DRY,0,OTHER RAMP RELATED COLLISIONS NOT LISTED ABOVE,REAR END,CURVE & GRADE,DAYLIGHT,0,0,0,1
31871303,CAMPBELL,,OTHR,,MEADOW TRAIL,DR,,39.02752285,-84.46768894,0.054,7/9/2023 0:00,1731,2,2,0,0,O,CLEAR,DRY,1,1 VEHICLE PARKED POSITION (NOT PARKING LOT/DRIVEWAY),SIDESWIPE-SAME DIRECTION,STRAIGHT & LEVEL,DAYLIGHT,0,0,0,1
31882418,CAMPBELL,I 0471,Interstate,,I471 S,,,39.067253,-84.46490754,1.836,7/9/2023 0:00,641,4,4,0,2,B,CLEAR,DRY,0,REAR END IN TRAFFIC LANES BOTH VEHICLES MOVING,REAR END,STRAIGHT & LEVEL,DAYLIGHT,0,0,0,1
31890372,CAMPBELL,I 0275,Interstate,,I275 E,,,39.05604939,-84.43279433,73.337,7/9/2023 0:00,1801,3,3,0,0,O,CLEAR,DRY,0,REAR END IN TRAFFIC LANES BOTH VEHICLES MOVING,REAR END,STRAIGHT & LEVEL,DAYLIGHT,0,0,0,1
31885763,CAMPBELL,I 0275,Interstate,,I275 W,,,39.0498561,-84.44767271,74.244,7/9/2023 0:00,2324,2,2,0,0,O,CLEAR,DRY,0,REAR END IN TRAFFIC LANES BOTH VEHICLES MOVING,REAR END,STRAIGHT & LEVEL,DARK-HWY LIGHTED/ON,0,0,0,1
31890074,CAMPBELL,I 0275,Interstate,,I275 E,,,39.0481996,-84.45117728,74.464,7/9/2023 0:00,1849,2,2,0,0,O,CLEAR,DRY,0,SIDESWIPE COLLISION - SAME DIRECTION,SIDESWIPE-SAME DIRECTION,STRAIGHT & LEVEL,DAYLIGHT,0,0,0,1
31887230,CAMPBELL,,OTHR,,SOUTHWOOD,DR,,38.94718062,-84.39057384,0.002,7/9/2023 0:00,1807,2,2,0,0,O,CLEAR,DRY,0,ANGLE COLLISION - OTHER,ANGLE,STRAIGHT & LEVEL,DAYLIGHT,0,0,0,1
31873399,CAMPBELL,I 0471,Interstate,,I471 N,,,39.05350851,-84.46870926,0.786,7/10/2023 0:00,1019,1,1,0,1,B,CLEAR,DRY,0,COLLISION WITH ANIMAL NON INTERSECTION,SINGLE VEHICLE,CURVE & LEVEL,DAYLIGHT,0,0,0,1
31878360,CAMPBELL,US0027,USRoute,,ALEXANDRIA,PIKE,,39.06572631,-84.46465845,19.508,7/10/2023 0:00,2131,1,1,0,0,O,CLEAR,DRY,0,COLLISION WITH ANIMAL NON INTERSECTION,SINGLE VEHICLE,STRAIGHT & LEVEL,DUSK,0,0,0,1