IncidentID,County,RdwyNumber,RdwyType,Street,RoadwayName,StreetSfx,StreetDir,Latitude,Longitude,Milepoint,CollisionDate,CollisionTime,UnitsInvolved,MotorVehiclesInvolved,NumberKilled,NumberInjured,KABCO,Weather,RdwyConditionCode,HitandRun,DirAnalysisCode,MannerofCollision,RdwyCharacter,LightCondition,Intersection Crash,Bicyclist,Pedestrian,Motor Vehicles
31882413,CAMPBELL,US0027,USRoute,1467,ALEXANDRIA,PIKE,,39.0598234,-84.45218355,18.605,7/10/2023 0:00,830,1,1,0,0,O,CLEAR,DRY,0,RAN OFF ROADWAY (1 VEHICLE WITH/EARTH EMBANKMENT/DITCH),SINGLE VEHICLE,CURVE & GRADE,DAYLIGHT,0,0,0,1
31874021,CAMPBELL,,OTHR,,ERVIN,TER,,39.1094842,-84.47258083,0.077,7/10/2023 0:00,743,2,2,0,0,O,CLEAR,DRY,0,VEHICLE BACKING IN INTERSECTION,BACKING,STRAIGHT & GRADE,DAYLIGHT,1,0,0,1
32525962,CAMPBELL,,OTHR,,LOCUST,ST,,39.10806522,-84.47186465,0.002,7/10/2023 0:00,1354,2,2,0,0,O,CLEAR,DRY,0,COLLISION WITH PARKED VEHICLE,SIDESWIPE-OPPOSITE DIRECTION,STRAIGHT & GRADE,DAYLIGHT,0,0,0,1
31870955,CAMPBELL,KY1892,StateRoute,63,CAROTHERS,RD,,39.08577919,-84.47962153,2.292,7/10/2023 0:00,40,2,2,0,0,O,CLEAR,DRY,0,SIDESWIPE COLLISION - SAME DIRECTION,SIDESWIPE-SAME DIRECTION,STRAIGHT & LEVEL,DARK-HWY LIGHTED/ON,0,0,0,1
31879341,CAMPBELL,,OTHR,110,WESSEX,CT,,39.09080234,-84.4602474,0.039,7/10/2023 0:00,1530,2,2,0,0,O,CLEAR,DRY,0,1 VEHICLE PARKED POSITION (NOT PARKING LOT/DRIVEWAY),BACKING,STRAIGHT & GRADE,DAYLIGHT,0,0,0,1
31884293,CAMPBELL,,OTHR,,WILSON,RD,,39.09276793,-84.47532631,0.154,7/11/2023 0:00,1352,2,2,0,0,O,CLEAR,DRY,0,OTHER ROADWAY OR MID-BLOCK COLLISION,OPPOSING LEFT TURN,STRAIGHT & LEVEL,DAYLIGHT,0,0,0,1
31904614,CAMPBELL,KY0709,StateRoute,,ALEXANDRIA,PIKE,E,38.98799613,-84.39582803,0.413,7/11/2023 0:00,811,2,2,0,0,O,CLEAR,DRY,0,OTHER INTERSECTION COLLISIONS,REAR END,STRAIGHT & LEVEL,DAYLIGHT,1,0,0,1
31886085,CAMPBELL,KY0008,StateRoute,,MARY INGLES,HWY,,39.02166792,-84.33774227,13.822,7/11/2023 0:00,1845,1,1,0,0,O,CLEAR,DRY,0,COLLISION WITH ANIMAL NON INTERSECTION,SINGLE VEHICLE,STRAIGHT & LEVEL,DAYLIGHT,0,0,0,1
31876416,CAMPBELL,,OTHR,,13TH,ST,E,39.08418781,-84.48637663,0.014,7/11/2023 0:00,330,1,1,0,0,O,CLEAR,DRY,0,COLLISION WITH FIXED OBJECT NON - INTERSECTION - FIRST EVENT COLLISION 09 - 32 EXCLUDING 16,SINGLE VEHICLE,STRAIGHT & LEVEL,DARK-HWY LIGHTED/ON,0,0,0,1
31884142,CAMPBELL,US0027,USRoute,,ALEXANDRIA,PIKE,,39.02031763,-84.43828777,15.246,7/12/2023 0:00,700,2,2,0,0,O,CLEAR,DRY,0,OTHER ROADWAY OR MID-BLOCK COLLISION,REAR END,STRAIGHT & LEVEL,DAYLIGHT,0,0,0,1
31890370,CAMPBELL,I 0275,Interstate,,I275 E,,,39.05714374,-84.43018402,73.178,7/12/2023 0:00,1726,6,6,0,3,B,CLEAR,DRY,0,REAR END IN TRAFFIC LANES BOTH VEHICLES MOVING,REAR END,STRAIGHT & LEVEL,DAYLIGHT,0,0,0,1
31887136,CAMPBELL,I 0471,Interstate,,I471 N,,,39.0742442,-84.46584737,2.371,7/12/2023 0:00,859,2,2,0,0,O,CLEAR,DRY,0,REAR END IN TRAFFIC LANES BOTH VEHICLES MOVING,REAR END,STRAIGHT & LEVEL,DAYLIGHT,0,0,0,1
31884212,CAMPBELL,I 0471,Interstate,,I471 N,,,39.09952018,-84.49254634,4.79,7/12/2023 0:00,830,2,2,0,0,O,CLEAR,DRY,0,OTHER ROADWAY OR MID-BLOCK COLLISION,REAR END,STRAIGHT & LEVEL,DAYLIGHT,0,0,0,1
31908480,CAMPBELL,KY0008,StateRoute,,FAIRFIELD,AVE,,39.1040418,-84.48599121,1.655,7/12/2023 0:00,1212,2,2,0,0,O,CLEAR,DRY,0,OTHER ROADWAY OR MID-BLOCK COLLISION,REAR END,STRAIGHT & LEVEL,DAYLIGHT,0,0,0,1
31889470,CAMPBELL,,OTHR,,RIVERBOAT,ROW,,39.08773203,-84.50339422,1.345,7/13/2023 0:00,1039,1,1,0,0,O,CLOUDY,DRY,0,COLLISION WITH FIXED OBJECT NON - INTERSECTION - FIRST EVENT COLLISION 09 - 32 EXCLUDING 16,SINGLE VEHICLE,STRAIGHT & LEVEL,DAYLIGHT,0,0,0,1
31892342,CAMPBELL,,OTHR,28,WOODLAND HILLS,DR,,39.05683411,-84.47865603,0.505,7/13/2023 0:00,1234,2,1,0,1,C,CLEAR,DRY,0,COLLISION WITH PEDESTRIAN NON - INTERSECTION,SINGLE VEHICLE,STRAIGHT & LEVEL,DAYLIGHT,0,0,1,0
31930043,CAMPBELL,US0027,USRoute,,ALEXANDRIA,PIKE,,38.82267762,-84.36335456,,7/13/2023 0:00,843,2,2,0,0,O,CLEAR,DRY,0,COLLISION WITH NON-FIXED OBJECT ,ANGLE,STRAIGHT & GRADE,DAYLIGHT,0,0,0,1
31893127,CAMPBELL,,OTHR,,FORREST,ST,,39.08820766,-84.48535107,0.134,7/13/2023 0:00,1507,1,1,0,0,O,CLOUDY,DRY,0,OTHER INTERSECTION COLLISIONS,SINGLE VEHICLE,CURVE & LEVEL,DAYLIGHT,1,0,0,1
31903324,CAMPBELL,I 0275,Interstate,,I275 E,,,39.05623666,-84.43244931,,7/13/2023 0:00,1700,3,3,0,0,O,CLEAR,DRY,0,REAR END IN TRAFFIC LANES BOTH VEHICLES MOVING,REAR END,STRAIGHT & LEVEL,DAYLIGHT,0,0,0,1
31934775,CAMPBELL,,OTHR,,GLORIA TERRELL,DR,,39.00929673,-84.46968774,0.867,7/13/2023 0:00,1155,2,2,0,0,O,CLEAR,DRY,0,SIDESWIPE COLLISION - SAME DIRECTION,SIDESWIPE-SAME DIRECTION,STRAIGHT & LEVEL,DAYLIGHT,0,0,0,1
31897352,CAMPBELL,KY1566,StateRoute,,ONEONTA,RD,,38.95969565,-84.32789118,0.114,7/13/2023 0:00,1850,2,2,0,0,O,CLEAR,DRY,0,SIDESWIPE COLLISION - OPPOSITE DIRECTION,SIDESWIPE-OPPOSITE DIRECTION,CURVE & HILLCREST,DAYLIGHT,0,0,0,1
31974889,CAMPBELL,I 0275,Interstate,,,,,39.04794284,-84.46258418,0.403,7/14/2023 0:00,1010,2,2,0,1,B,CLEAR,DRY,0,OTHER ROADWAY OR MID-BLOCK COLLISION,REAR END,CURVE & GRADE,DAYLIGHT,0,0,0,1
31897272,CAMPBELL,US0027,USRoute,,ALEXANDRIA,PIKE,,39.03984502,-84.4492375,17.047,7/14/2023 0:00,1150,2,2,0,0,O,CLEAR,DRY,0,OTHER ROADWAY OR MID-BLOCK COLLISION,REAR END,STRAIGHT & LEVEL,DAYLIGHT,0,0,0,1
31897801,CAMPBELL,US0027,USRoute,,ALEXANDRIA,PIKE,,39.00485369,-84.42526987,13.991,7/14/2023 0:00,1602,2,2,0,0,O,CLEAR,DRY,0,SIDESWIPE COLLISION - SAME DIRECTION,SIDESWIPE-SAME DIRECTION,STRAIGHT & LEVEL,DAYLIGHT,0,0,0,1
31896374,CAMPBELL,KY0009,StateRoute,,LICKING,PIKE,,39.02274605,-84.48114308,17.739,7/14/2023 0:00,1515,5,5,0,3,C,CLEAR,DRY,0,REAR END IN TRAFFIC LANES BOTH VEHICLES MOVING,REAR END,STRAIGHT & LEVEL,DAYLIGHT,0,0,0,1
31908274,CAMPBELL,KY1892,StateRoute,,GRAND,AVE,,39.08476737,-84.47325828,1.896,7/14/2023 0:00,1300,2,2,0,0,O,CLEAR,DRY,0,OPPOSING LEFT TURN,OPPOSING LEFT TURN,STRAIGHT & LEVEL,DAYLIGHT,0,0,0,1
32209888,CAMPBELL,I 0471,Interstate,,I471 N,,,39.0713675,-84.46308772,2.118,7/14/2023 0:00,933,2,2,1,1,K,CLEAR,DRY,0,COLLISION WITH NON-FIXED OBJECT ,HEAD ON,CURVE & LEVEL,DAYLIGHT,0,0,0,1
31903203,CAMPBELL,I 0275,Interstate,,I275 W,,,39.05470608,-84.43681324,73.571,7/14/2023 0:00,2057,1,1,0,0,O,CLEAR,DRY,1,RAN OFF ROADWAY (1 VEHICLE WITH/EARTH EMBANKMENT/DITCH),SINGLE VEHICLE,STRAIGHT & GRADE,DUSK,0,0,0,1
31903193,CAMPBELL,,OTHR,234,NEWMAN,AVE,,39.08064389,-84.46323922,0.345,7/14/2023 0:00,826,2,2,0,0,O,CLEAR,DRY,0,COLLISION WITH FIXED OBJECT NON - INTERSECTION - FIRST EVENT COLLISION 09 - 32 EXCLUDING 16,SIDESWIPE-SAME DIRECTION,STRAIGHT & LEVEL,DAYLIGHT,0,0,0,1
31904616,CAMPBELL,,OTHR,319,WASHINGTON,ST,,38.96291644,-84.39069282,0.165,7/15/2023 0:00,1510,2,2,0,0,O,RAINING,WET,0,1 VEHICLE PARKED POSITION (NOT PARKING LOT/DRIVEWAY),SIDESWIPE-SAME DIRECTION,STRAIGHT & GRADE,DAYLIGHT,0,0,0,1
31898264,CAMPBELL,US0027,USRoute,,3RD,ST,E,39.09409302,-84.49578583,22.195,7/15/2023 0:00,2158,2,2,0,0,O,CLOUDY,DRY,0,ANGLE COLLISION - OTHER,ANGLE,STRAIGHT & LEVEL,DARK-HWY LIGHTED/ON,0,0,0,1
31898697,CAMPBELL,I 0275,Interstate,,I275 E,,,39.02339491,-84.48101705,77.104,7/15/2023 0:00,1909,1,1,0,3,B,CLOUDY,DRY,0,OTHER COLLISIONS ON SHOULDER,SINGLE VEHICLE,STRAIGHT & GRADE,DAYLIGHT,0,0,0,1
31897354,CAMPBELL,I 0275,Interstate,,I275 E,,,39.05584356,-84.4331681,73.361,7/15/2023 0:00,1651,3,3,0,2,B,CLEAR,DRY,0,REAR END IN TRAFFIC LANES BOTH VEHICLES MOVING,REAR END,STRAIGHT & LEVEL,DAYLIGHT,0,0,0,1
31896563,CAMPBELL,US0027,USRoute,,MONMOUTH,ST,,39.07851971,-84.48001238,20.789,7/15/2023 0:00,1415,2,2,0,0,O,RAINING,WET,0,1 VEHICLE ENTERING/LEAVING ENTRANCE,ANGLE,STRAIGHT & GRADE,DAYLIGHT,0,0,0,1
31953431,CAMPBELL,,OTHR,,RIVIERA,DR,,39.09761318,-84.48382335,0.391,7/15/2023 0:00,1353,2,2,0,0,O,RAINING,WET,1,OTHER ROADWAY OR MID-BLOCK COLLISION,OPPOSING LEFT TURN,STRAIGHT & LEVEL,DAYLIGHT,0,0,0,1
31906750,CAMPBELL,KY0009,StateRoute,,AA,HWY,,38.9596168,-84.34272494,8.554,7/16/2023 0:00,1330,2,2,0,0,O,CLEAR,DRY,0,SIDESWIPE-SAME DIRECTION,SIDESWIPE-SAME DIRECTION,STRAIGHT & GRADE,DAYLIGHT,0,0,0,1
31904617,CAMPBELL,US0027,USRoute,,ALEXANDRIA,PIKE,,38.97253414,-84.39223966,11.127,7/16/2023 0:00,1311,2,2,0,0,O,CLEAR,DRY,0,OTHER INTERSECTION COLLISIONS,REAR END,STRAIGHT & LEVEL,DAYLIGHT,1,0,0,1
31900897,CAMPBELL,KY1892,StateRoute,,GRAND,AVE,,39.08637493,-84.47723006,2.151,7/16/2023 0:00,1945,3,3,0,0,O,CLOUDY,DRY,0,OTHER INTERSECTION COLLISIONS,REAR END,STRAIGHT & GRADE,DAYLIGHT,1,0,0,1
31900900,CAMPBELL,US0027,USRoute,2102,MONMOUTH,ST,,39.078237,-84.47973016,20.762,7/16/2023 0:00,146,1,1,0,0,O,CLEAR,DRY,1,COLLISION WITH FIXED OBJECT NON - INTERSECTION - FIRST EVENT COLLISION 09 - 32 EXCLUDING 16,SINGLE VEHICLE,STRAIGHT & GRADE,DARK-HWY LIGHTED/ON,0,0,0,1
31906094,CAMPBELL,,OTHR,,11TH,ST,E,39.08620303,-84.48745859,0.004,7/17/2023 0:00,1930,3,3,0,0,O,CLOUDY,DRY,1,SIDESWIPE-SAME DIRECTION,SIDESWIPE-SAME DIRECTION,STRAIGHT & LEVEL,DAYLIGHT,0,0,0,1
31908277,CAMPBELL,I 0471,Interstate,,I471 N,,,39.09472749,-84.48026181,4.031,7/17/2023 0:00,710,2,2,0,0,O,CLEAR,DRY,1,SIDESWIPE COLLISION - SAME DIRECTION,SIDESWIPE-SAME DIRECTION,STRAIGHT & LEVEL,DAYLIGHT,0,0,0,1
31907204,CAMPBELL,US0027,USRoute,,ALEXANDRIA,PIKE,,39.02527189,-84.44583573,15.789,7/17/2023 0:00,1528,2,2,0,0,O,CLEAR,DRY,0,OTHER ROADWAY OR MID-BLOCK COLLISION,REAR END,STRAIGHT & LEVEL,DAYLIGHT,0,0,0,1
31904676,CAMPBELL,US0027,USRoute,900,MONMOUTH,ST,,39.08825961,-84.4901538,21.67,7/17/2023 0:00,810,2,2,0,0,O,CLOUDY,DRY,0,1 VEHICLE PARKED POSITION (NOT PARKING LOT/DRIVEWAY),SIDESWIPE-SAME DIRECTION,STRAIGHT & LEVEL,DAYLIGHT,0,0,0,1
31904677,CAMPBELL,,OTHR,1248,WATERWORKS,RD,,39.09400822,-84.46645358,0.578,7/17/2023 0:00,1544,2,2,0,0,O,CLEAR,DRY,0,1 VEHICLE PARKED POSITION (NOT PARKING LOT/DRIVEWAY),REAR END,STRAIGHT & LEVEL,DAYLIGHT,0,0,0,1
31909774,CAMPBELL,KY0009,StateRoute,,LICKING,PIKE,,39.02369685,-84.48076481,17.819,7/17/2023 0:00,707,2,2,0,0,O,CLEAR,DRY,0,REAR END IN TRAFFIC LANES BOTH VEHICLES MOVING,REAR END,STRAIGHT & LEVEL,DAYLIGHT,0,0,0,1
31919180,CAMPBELL,I 0471,Interstate,,,,,39.0854103,-84.4746558,0.218,7/17/2023 0:00,1647,2,2,0,0,O,CLOUDY,DRY,0,OTHER RAMP RELATED COLLISIONS NOT LISTED ABOVE,REAR END,CURVE & LEVEL,DAYLIGHT,0,0,0,1
31933842,CAMPBELL,US0027,USRoute,,ALEXANDRIA,PIKE,,39.00333293,-84.42341813,13.85,7/18/2023 0:00,745,2,2,0,1,B,CLOUDY,DRY,0,1 VEHICLE ENTERING/LEAVING ENTRANCE,ANGLE,STRAIGHT & LEVEL,DAYLIGHT,0,0,0,1
31909524,CAMPBELL,KY1892,StateRoute,,GRAND,AVE,N,39.08035588,-84.46736508,1.428,7/18/2023 0:00,1530,2,2,0,0,O,CLEAR,DRY,0,SIDESWIPE COLLISION - SAME DIRECTION,SIDESWIPE-SAME DIRECTION,STRAIGHT & GRADE,DAYLIGHT,0,0,0,1
31911806,CAMPBELL,KY1120,StateRoute,1020,FORT THOMAS,AVE,S,39.06472078,-84.44648455,5.33,7/18/2023 0:00,1820,2,2,0,0,O,CLOUDY,DRY,0,SIDESWIPE COLLISION - SAME DIRECTION,SIDESWIPE-SAME DIRECTION,CURVE & LEVEL,DAYLIGHT,0,0,0,1
31974891,CAMPBELL,I 0275,Interstate,,I275 W,,,39.03434797,-84.47061092,76.153,7/18/2023 0:00,935,2,2,0,0,O,CLEAR,DRY,1,SIDESWIPE COLLISION - SAME DIRECTION,SIDESWIPE-SAME DIRECTION,STRAIGHT & LEVEL,DAYLIGHT,0,0,0,1
31911801,CAMPBELL,KY1120,StateRoute,1017,FT THOMAS,AVE,S,39.06483659,-84.44640003,5.321,7/18/2023 0:00,1410,2,2,0,0,O,CLOUDY,DRY,0,SIDESWIPE COLLISION - OPPOSITE DIRECTION,SIDESWIPE-OPPOSITE DIRECTION,CURVE & LEVEL,DAYLIGHT,0,0,0,1
31927459,CAMPBELL,US0027,USRoute,,ALEXANDRIA,PIKE,,39.03696962,-84.4541005,16.728,7/18/2023 0:00,1724,2,2,0,0,O,CLEAR,DRY,0,SIDESWIPE-SAME DIRECTION,SIDESWIPE-SAME DIRECTION,STRAIGHT & LEVEL,DAYLIGHT,0,0,0,1
31972761,CAMPBELL,KY0008,StateRoute,,DAVE COWENS,DR,,39.10142961,-84.48918145,1.405,7/18/2023 0:00,843,2,2,0,0,O,CLEAR,DRY,0,SIDESWIPE-SAME DIRECTION,SIDESWIPE-SAME DIRECTION,STRAIGHT & LEVEL,DAYLIGHT,0,0,0,1
31911952,CAMPBELL,US0027,USRoute,,ALEXANDRIA,PIKE,,39.03519073,-84.45396207,16.628,7/18/2023 0:00,1720,2,2,0,0,O,CLEAR,DRY,0,OTHER INTERSECTION COLLISIONS,REAR END,STRAIGHT & LEVEL,DAYLIGHT,1,0,0,1
31913028,CAMPBELL,KY1120,StateRoute,,11TH,ST,W,39.08420927,-84.49092232,0.577,7/18/2023 0:00,1105,2,2,0,0,O,CLEAR,DRY,0,OTHER INTERSECTION COLLISIONS,REAR END,STRAIGHT & LEVEL,DAYLIGHT,1,0,0,1
31913524,CAMPBELL,KY0008,StateRoute,,DAVE COWENS,DR,,39.10072366,-84.48986429,1.34,7/18/2023 0:00,1035,2,2,0,0,O,RAINING,WET,0,OTHER INTERSECTION COLLISIONS,REAR TO REAR,STRAIGHT & LEVEL,DAYLIGHT,1,0,0,1
31915625,CAMPBELL,US0027,USRoute,,MONMOUTH,ST,,39.08005528,-84.48134913,20.91,7/19/2023 0:00,1734,2,2,0,0,O,CLEAR,DRY,0,OPPOSING LEFT TURN,OPPOSING LEFT TURN,STRAIGHT & LEVEL,DAYLIGHT,0,0,0,1
31918979,CAMPBELL,US0027,USRoute,,ALEXANDRIA,PIKE,,38.90571095,-84.38414061,6.372,7/19/2023 0:00,1703,1,1,0,0,O,CLEAR,DRY,0,OTHER ROADWAY OR MID-BLOCK COLLISION,SINGLE VEHICLE,STRAIGHT & LEVEL,DAYLIGHT,0,0,0,1
31981855,CAMPBELL,,OTHR,,CALIFORNIA,XRD,,38.87435897,-84.32415674,1.63,7/19/2023 0:00,1420,1,1,0,0,O,CLOUDY,DRY,0,OTHER COLLISIONS ON SHOULDER,SINGLE VEHICLE,CURVE & LEVEL,DAYLIGHT,0,0,0,1
31917470,CAMPBELL,US0027,USRoute,,ALEXANDRIA,PIKE,,39.06507451,-84.4636672,19.452,7/19/2023 0:00,2104,2,2,0,0,O,CLOUDY,DRY,0,OTHER ROADWAY OR MID-BLOCK COLLISION,REAR END,CURVE & LEVEL,DUSK,0,0,0,1
31930042,CAMPBELL,I 0275,Interstate,,I275 E,,,39.05596638,-84.43318122,73.358,7/20/2023 0:00,1649,3,3,0,1,B,CLOUDY,DRY,0,REAR END IN TRAFFIC LANES BOTH VEHICLES MOVING,REAR END,STRAIGHT & LEVEL,DAYLIGHT,0,0,0,1
31953938,CAMPBELL,KY0008,StateRoute,715,FAIRFIELD,AVE,,39.1089647,-84.48016867,2.116,7/20/2023 0:00,1934,4,4,0,1,B,CLEAR,DRY,0,1 VEHICLE PARKED POSITION (NOT PARKING LOT/DRIVEWAY),ANGLE,STRAIGHT & LEVEL,DAYLIGHT,0,0,0,1
31920216,CAMPBELL,I 0471,Interstate,,I471 S,,,39.09992485,-84.4937312,4.859,7/20/2023 0:00,2045,2,2,0,0,O,CLOUDY,DRY,0,SIDESWIPE COLLISION - SAME DIRECTION,SIDESWIPE-SAME DIRECTION,STRAIGHT & LEVEL,DUSK,0,0,0,1
31925364,CAMPBELL,KY0471,StateRoute,,KY471,,S,39.03701582,-84.45410938,0.003,7/20/2023 0:00,850,2,2,0,0,O,CLEAR,DRY,0,OTHER INTERSECTION COLLISIONS,REAR END,STRAIGHT & LEVEL,DAYLIGHT,1,0,0,1
31923206,CAMPBELL,,OTHR,,16TH,ST,,39.08262425,-84.48539433,0.083,7/20/2023 0:00,2130,2,2,0,0,O,CLEAR,DRY,1,1 VEHICLE PARKED POSITION (NOT PARKING LOT/DRIVEWAY),SIDESWIPE-SAME DIRECTION,STRAIGHT & GRADE,DARK-HWY LIGHTED/ON,0,0,0,1
31921644,CAMPBELL,KY1120,StateRoute,2179,MEMORIAL,PKWY,,39.08708325,-84.44877954,3.501,7/20/2023 0:00,1542,2,2,0,0,O,CLOUDY,DRY,0,1 VEHICLE PARKED POSITION (NOT PARKING LOT/DRIVEWAY),BACKING,STRAIGHT & LEVEL,DAYLIGHT,0,0,0,1
31920914,CAMPBELL,US0027,USRoute,,ALEXANDRIA,PIKE,,38.86906269,-84.394645,3.735,7/21/2023 0:00,200,1,1,0,0,O,FOG,WET,0,COLLISION WITH ANIMAL NON INTERSECTION,SINGLE VEHICLE,STRAIGHT & LEVEL,DARK (UNKNOWN ROADWAY LIGHTING),0,0,0,1
31923433,CAMPBELL,,OTHR,600,PATTERSON,ST,,39.08722561,-84.49963743,0.546,7/21/2023 0:00,742,1,1,0,0,O,CLEAR,DRY,0,COLLISION WITH FIXED OBJECT NON - INTERSECTION - FIRST EVENT COLLISION 09 - 32 EXCLUDING 16,SINGLE VEHICLE,STRAIGHT & LEVEL,DAYLIGHT,0,0,0,1
31920886,CAMPBELL,KY0008,StateRoute,,WASHINGTON,AVE,,39.09673877,-84.49423798,0.908,7/21/2023 0:00,251,1,1,0,0,O,CLEAR,DRY,0,COLLISION WITH FIXED OBJECT NON - INTERSECTION - FIRST EVENT COLLISION 09 - 32 EXCLUDING 16,SINGLE VEHICLE,STRAIGHT & LEVEL,DARK-HWY LIGHTED/ON,0,0,0,1
31923432,CAMPBELL,KY0008,StateRoute,,3RD,ST,E,39.09476956,-84.49465596,0.711,7/21/2023 0:00,1312,2,2,0,0,O,CLEAR,DRY,0,OTHER INTERSECTION COLLISIONS,REAR END,STRAIGHT & LEVEL,DAYLIGHT,1,0,0,1
31933872,CAMPBELL,KY1892,StateRoute,,GRAND,AVE,N,39.07856344,-84.46505431,1.264,7/21/2023 0:00,948,1,1,0,0,O,CLEAR,DRY,0,OTHER INTERSECTION COLLISIONS,SINGLE VEHICLE,STRAIGHT & GRADE,DAYLIGHT,1,0,0,1
31925173,CAMPBELL,,OTHR,,COLUMBIA,ST,,39.0915171,-84.49762296,0.211,7/21/2023 0:00,1945,2,2,0,0,O,CLEAR,DRY,0,SIDESWIPE-SAME DIRECTION,SIDESWIPE-SAME DIRECTION,STRAIGHT & LEVEL,DAYLIGHT,0,0,0,1
31921017,CAMPBELL,,OTHR,,MONROE,ST,,39.08956829,-84.48464131,0.001,7/21/2023 0:00,136,3,3,0,0,O,CLEAR,DRY,1,COLLISION WITH PARKED VEHICLE,SIDESWIPE-SAME DIRECTION,STRAIGHT & LEVEL,DARK-HWY LIGHTED/ON,0,0,0,1
31953939,CAMPBELL,,OTHR,53,DONNERMEYER,BLVD,,39.09836834,-84.4812845,0.135,7/21/2023 0:00,1646,2,2,0,0,O,CLEAR,DRY,0,1 VEHICLE PARKED POSITION (NOT PARKING LOT/DRIVEWAY),HEAD ON,STRAIGHT & LEVEL,DAYLIGHT,0,0,0,1
31923511,CAMPBELL,,OTHR,914,SARATOGA,ST,,39.08851644,-84.48874787,0.172,7/21/2023 0:00,1300,2,2,0,0,O,CLEAR,DRY,1,1 VEHICLE PARKED POSITION (NOT PARKING LOT/DRIVEWAY),SIDESWIPE-SAME DIRECTION,STRAIGHT & LEVEL,DAYLIGHT,0,0,0,1
31975101,CAMPBELL,I 0275,Interstate,,I275 E,,,39.05037345,-84.44547194,,7/21/2023 0:00,1911,2,2,0,0,O,CLEAR,DRY,0,REAR END IN TRAFFIC LANES BOTH VEHICLES MOVING,REAR END,STRAIGHT & GRADE,DAYLIGHT,0,0,0,1
31926211,CAMPBELL,I 0471,Interstate,,I471 N,,,39.10087917,-84.49518088,4.961,7/21/2023 0:00,1632,2,2,0,0,O,CLEAR,DRY,0,REAR END IN TRAFFIC LANES BOTH VEHICLES MOVING,REAR END,STRAIGHT & LEVEL,DAYLIGHT,0,0,0,1
31938118,CAMPBELL,I 0471,Interstate,,,,,39.0854113,-84.4746567,0.218,7/21/2023 0:00,1200,2,2,0,0,O,CLOUDY,DRY,0,OTHER RAMP RELATED COLLISIONS NOT LISTED ABOVE,REAR END,CURVE & LEVEL,DAYLIGHT,0,0,0,1
31926210,CAMPBELL,I 0471,Interstate,,,,,39.09294757,-84.47890966,0.135,7/22/2023 0:00,1437,2,2,0,0,O,CLEAR,DRY,0,OTHER RAMP RELATED COLLISIONS NOT LISTED ABOVE,REAR END,CURVE & GRADE,DAYLIGHT,0,0,0,1
31933494,CAMPBELL,I 0471,Interstate,,,,,39.06793736,-84.46609063,0.391,7/22/2023 0:00,1935,2,2,0,0,O,CLEAR,DRY,0,OTHER RAMP RELATED COLLISIONS NOT LISTED ABOVE,REAR END,CURVE & GRADE,DAYLIGHT,0,0,0,1
31929755,CAMPBELL,US0027,USRoute,,ALEXANDRIA,PIKE,,39.0386492,-84.45037886,16.95,7/22/2023 0:00,2001,2,2,0,0,O,CLEAR,DRY,0,SIDESWIPE COLLISION - SAME DIRECTION,SIDESWIPE-SAME DIRECTION,STRAIGHT & LEVEL,DUSK,0,0,0,1
31925002,CAMPBELL,KY0536,StateRoute,,CREEKTRACE,RD,,38.92628198,-84.43603721,0.825,7/22/2023 0:00,5,1,1,0,0,O,CLEAR,DRY,0,COLLISION WITH ANIMAL NON INTERSECTION,SINGLE VEHICLE,STRAIGHT & GRADE,DARK-HWY NOT LIGHTED,0,0,0,1
31951815,CAMPBELL,US0027,USRoute,,ALEXANDRIA,PIKE,,38.95769141,-84.39317338,10.042,7/23/2023 0:00,2016,2,2,0,0,O,CLEAR,DRY,0,OTHER INTERSECTION COLLISIONS,REAR END,STRAIGHT & HILLCREST,DUSK,1,0,0,1
31928027,CAMPBELL,,OTHR,336,8TH,ST,W,39.08605105,-84.49813984,0.073,7/23/2023 0:00,129,2,2,0,0,O,CLEAR,DRY,0,1 VEHICLE PARKED POSITION (NOT PARKING LOT/DRIVEWAY),REAR END,STRAIGHT & LEVEL,DARK-HWY LIGHTED/ON,0,0,0,1
31929168,CAMPBELL,,OTHR,45,KENTUCKY,DR,,39.0745003,-84.47861969,0.646,7/23/2023 0:00,1225,2,2,0,0,O,CLEAR,DRY,0,HEAD-ON COLLISION,HEAD ON,CURVE & HILLCREST,DAYLIGHT,0,0,0,1
31933879,CAMPBELL,,OTHR,55,FISCHER,LN,,39.07441055,-84.4691383,0.209,7/23/2023 0:00,1613,2,2,0,0,O,CLEAR,DRY,0,VEHICLE BACKING NON INTERSECTION,BACKING,STRAIGHT & LEVEL,DAYLIGHT,0,0,0,1
31930040,CAMPBELL,I 0275,Interstate,,I275 E,,,39.05732326,-84.42994784,73.16,7/23/2023 0:00,1829,2,2,0,0,O,CLEAR,DRY,0,OTHER ROADWAY OR MID-BLOCK COLLISION,REAR END,STRAIGHT & LEVEL,DAYLIGHT,0,0,0,1
31930039,CAMPBELL,I 0275,Interstate,,I275 E,,,39.05622856,-84.43228123,73.307,7/23/2023 0:00,1829,2,2,0,0,O,CLEAR,DRY,0,OTHER ROADWAY OR MID-BLOCK COLLISION,REAR TO REAR,STRAIGHT & LEVEL,DAYLIGHT,0,0,0,1