IncidentID,County,RdwyNumber,RdwyType,Street,RoadwayName,StreetSfx,StreetDir,Latitude,Longitude,Milepoint,CollisionDate,CollisionTime,UnitsInvolved,MotorVehiclesInvolved,NumberKilled,NumberInjured,KABCO,Weather,RdwyConditionCode,HitandRun,DirAnalysisCode,MannerofCollision,RdwyCharacter,LightCondition,Intersection Crash,Bicyclist,Pedestrian,Motor Vehicles
31969744,CAMPBELL,KY0471,StateRoute,,KY471,,,39.03704953,-84.45413477,0.006,7/24/2023 0:00,730,2,2,0,0,O,CLEAR,DRY,0,OTHER ROADWAY OR MID-BLOCK COLLISION,REAR END,STRAIGHT & LEVEL,DAYLIGHT,0,0,0,1
31981927,CAMPBELL,,OTHR,14,RIDGEWOOD,PL,,39.07474034,-84.45822733,0.022,7/24/2023 0:00,1700,2,2,0,0,O,CLEAR,DRY,0,1 VEHICLE PARKED POSITION (NOT PARKING LOT/DRIVEWAY),SIDESWIPE-OPPOSITE DIRECTION,STRAIGHT & GRADE,UNKNOWN,0,0,0,1
31937657,CAMPBELL,,OTHR,45,CLOVER RIDGE,AVE,,39.09528987,-84.45580393,0.334,7/24/2023 0:00,800,2,2,0,0,O,CLEAR,DRY,1,1 VEHICLE PARKED POSITION (NOT PARKING LOT/DRIVEWAY),SIDESWIPE-SAME DIRECTION,STRAIGHT & GRADE,UNKNOWN,0,0,0,1
31953118,CAMPBELL,US0027,USRoute,,ALEXANDRIA,PIKE,,38.96906189,-84.39299992,10.837,7/24/2023 0:00,1711,2,2,0,0,O,RAINING,WATER (STANDING OR MOVING),0,OTHER INTERSECTION COLLISIONS,REAR END,STRAIGHT & LEVEL,DAYLIGHT,1,0,0,1
31934225,CAMPBELL,KY1892,StateRoute,,CAROTHERS,RD,,39.08637944,-84.47730027,2.155,7/24/2023 0:00,950,2,2,0,0,O,CLOUDY,WET,0,OTHER INTERSECTION COLLISIONS,REAR END,STRAIGHT & HILLCREST,DAYLIGHT,1,0,0,1
32057321,CAMPBELL,KY0536,StateRoute,297,CREEKTRACE,RD,,38.92945734,-84.42508219,1.49,7/24/2023 0:00,1820,1,1,0,0,O,RAINING,WATER (STANDING OR MOVING),0,COLLISION WITH FIXED OBJECT NON - INTERSECTION - FIRST EVENT COLLISION 09 - 32 EXCLUDING 16,SINGLE VEHICLE,CURVE & LEVEL,DAYLIGHT,0,0,0,1
31937898,CAMPBELL,I 0471,Interstate,,I471 N,,,39.0997087,-84.49291186,4.813,7/25/2023 0:00,655,3,3,0,0,O,CLEAR,DRY,0,REAR END IN TRAFFIC LANES BOTH VEHICLES MOVING,REAR END,STRAIGHT & LEVEL,DAWN,0,0,0,1
31975224,CAMPBELL,I 0471,Interstate,,I471 N,,,39.10103839,-84.49545196,4.979,7/25/2023 0:00,929,2,2,0,0,O,CLOUDY,DRY,0,REAR END IN TRAFFIC LANES BOTH VEHICLES MOVING,REAR END,STRAIGHT & LEVEL,DAYLIGHT,0,0,0,1
31975225,CAMPBELL,I 0471,Interstate,,I471 N,,,39.10106265,-84.49548227,4.981,7/25/2023 0:00,929,2,2,0,0,O,CLOUDY,DRY,0,REAR END IN TRAFFIC LANES BOTH VEHICLES MOVING,REAR END,STRAIGHT & LEVEL,DAYLIGHT,0,0,0,1
31999735,CAMPBELL,KY0008,StateRoute,119,FAIRFIELD,AVE,,39.10335595,-84.48684319,1.59,7/25/2023 0:00,1933,2,2,0,0,O,CLEAR,DRY,0,OTHER ROADWAY OR MID-BLOCK COLLISION,REAR END,STRAIGHT & GRADE,DAYLIGHT,0,0,0,1
31969745,CAMPBELL,US0027,USRoute,,ALEXANDRIA,PIKE,,39.03537551,-84.45420513,16.643,7/25/2023 0:00,1030,2,2,0,0,O,CLEAR,DRY,0,OTHER ROADWAY OR MID-BLOCK COLLISION,REAR END,STRAIGHT & LEVEL,DAYLIGHT,0,0,0,1
31937899,CAMPBELL,I 0471,Interstate,,I471 N,,,39.0997087,-84.49291186,4.813,7/25/2023 0:00,929,2,2,0,0,O,CLEAR,DRY,0,OTHER ROADWAY OR MID-BLOCK COLLISION,REAR END,STRAIGHT & LEVEL,DAYLIGHT,0,0,0,1
31953781,CAMPBELL,,OTHR,,3RD,ST,W,39.09161767,-84.50050616,0.046,7/26/2023 0:00,1403,2,2,0,1,B,CLEAR,DRY,0,OPPOSITE DIRECTION - BOTH VEHICLES GOING STRAIGHT AHEAD,SIDESWIPE-OPPOSITE DIRECTION,CURVE & LEVEL,DAYLIGHT,0,0,0,1
31953340,CAMPBELL,,OTHR,,NEWPORT PAVILION,,,39.09263063,-84.48057514,0.003,7/26/2023 0:00,1120,2,2,0,1,C,CLEAR,DRY,0,OTHER INTERSECTION COLLISIONS,REAR END,STRAIGHT & LEVEL,DAYLIGHT,1,0,0,1
31953644,CAMPBELL,,OTHR,200,3RD,ST,W,39.09206136,-84.49959844,0.063,7/26/2023 0:00,1420,2,2,0,0,O,CLEAR,DRY,0,SIDESWIPE COLLISION - SAME DIRECTION,SIDESWIPE-SAME DIRECTION,STRAIGHT & LEVEL,DAYLIGHT,0,0,0,1
32312462,CAMPBELL,KY1120,StateRoute,,MEMORIAL,PKWY,,39.09434074,-84.47421636,1.794,7/26/2023 0:00,1045,2,2,0,1,C,CLEAR,DRY,0,1 VEHICLE ENTERING/LEAVING ENTRANCE,ANGLE,STRAIGHT & LEVEL,DAYLIGHT,0,0,0,1
31965494,CAMPBELL,,OTHR,17,9TH,ST,W,39.0871101,-84.4924128,0.039,7/26/2023 0:00,2252,2,2,0,0,O,CLOUDY,DRY,1,1 VEHICLE PARKED POSITION (NOT PARKING LOT/DRIVEWAY),SIDESWIPE-SAME DIRECTION,STRAIGHT & LEVEL,DARK-HWY LIGHTED/ON,0,0,0,1
31965495,CAMPBELL,US0027,USRoute,724,YORK,ST,,39.08909235,-84.49337409,21.954,7/26/2023 0:00,2132,3,3,0,0,O,CLEAR,DRY,0,1 VEHICLE PARKED POSITION (NOT PARKING LOT/DRIVEWAY),REAR END,STRAIGHT & LEVEL,DARK-HWY NOT LIGHTED,0,0,0,1
31969748,CAMPBELL,I 0275,Interstate,,I275 E,,,39.04863723,-84.449875,74.388,7/27/2023 0:00,1741,2,2,0,0,O,CLOUDY,DRY,0,REAR END IN TRAFFIC LANES BOTH VEHICLES MOVING,REAR END,STRAIGHT & LEVEL,DAYLIGHT,0,0,0,1
31970205,CAMPBELL,KY0008,StateRoute,,WASHINGTON,AVE,,39.09619756,-84.49371761,0.86,7/27/2023 0:00,2356,2,2,0,0,O,CLOUDY,WET,0,SIDESWIPE COLLISION - SAME DIRECTION,SIDESWIPE-SAME DIRECTION,STRAIGHT & LEVEL,DARK-HWY LIGHTED/ON,0,0,0,1
31976435,CAMPBELL,,OTHR,,DONNERMEYER,BLVD,,39.09719556,-84.48329253,0.001,7/27/2023 0:00,1850,2,2,0,0,O,CLOUDY,WET,0,VEHICLE BACKING IN INTERSECTION,BACKING,STRAIGHT & LEVEL,DAYLIGHT,1,0,0,1
31971259,CAMPBELL,,OTHR,,RIVERPOINTE,DR,,39.10995569,-84.46408872,,7/27/2023 0:00,1520,1,1,0,0,O,CLOUDY,DRY,0,COLLISION WITH FIXED OBJECT NON - INTERSECTION - FIRST EVENT COLLISION 09 - 32 EXCLUDING 16,SINGLE VEHICLE,CURVE & GRADE,DAYLIGHT,0,0,0,1
31969747,CAMPBELL,I 0275,Interstate,,I275 E,,,39.04074472,-84.46987484,75.636,7/27/2023 0:00,1237,1,1,0,0,O,CLOUDY,DRY,0,COLLISION WITH FIXED OBJECT NON - INTERSECTION - FIRST EVENT COLLISION 09 - 32 EXCLUDING 16,SINGLE VEHICLE,STRAIGHT & LEVEL,DAYLIGHT,0,0,0,1
31972056,CAMPBELL,US0027,USRoute,,ALEXANDRIA,PIKE,,38.92550783,-84.39238977,7.817,7/27/2023 0:00,553,1,1,0,1,B,CLEAR,DRY,0,COLLISION WITH ANIMAL NON INTERSECTION,SINGLE VEHICLE,STRAIGHT & HILLCREST,DARK-HWY NOT LIGHTED,0,0,0,1
31969633,CAMPBELL,I 0471,Interstate,,,,,39.10076125,-84.48971868,0.549,7/27/2023 0:00,2026,2,2,0,0,O,CLEAR,DRY,0,OTHER RAMP RELATED COLLISIONS NOT LISTED ABOVE,REAR END,STRAIGHT & LEVEL,DAYLIGHT,0,0,0,1
31981853,CAMPBELL,KY0915,StateRoute,9705,LICKING,PIKE,,38.93071146,-84.40308283,1.173,7/28/2023 0:00,1153,1,1,0,0,O,CLOUDY,DRY,0,COLLISION WITH FIXED OBJECT NON - INTERSECTION - FIRST EVENT COLLISION 09 - 32 EXCLUDING 16,SINGLE VEHICLE,STRAIGHT & LEVEL,DAYLIGHT,0,0,0,1
31982741,CAMPBELL,US0027,USRoute,,ALEXANDRIA,PIKE,,38.97353031,-84.39222866,11.157,7/28/2023 0:00,1425,2,2,0,0,O,CLOUDY,DRY,0,SIDESWIPE-SAME DIRECTION,SIDESWIPE-SAME DIRECTION,STRAIGHT & LEVEL,DAYLIGHT,0,0,0,1
31970204,CAMPBELL,KY1120,StateRoute,,11TH,ST,W,39.08192316,-84.49503157,0.305,7/28/2023 0:00,101,2,2,0,1,C,RAINING,WET,0,COLLISION WITH PARKED VEHICLE,REAR END,STRAIGHT & GRADE,DARK-HWY LIGHTED/ON,0,0,0,1
31976446,CAMPBELL,US0027,USRoute,,YORK,ST,,39.08634764,-84.49083244,21.696,7/28/2023 0:00,1920,2,2,0,0,O,CLEAR,DRY,0,ANGLE COLLISION - OTHER,ANGLE,STRAIGHT & LEVEL,DAYLIGHT,0,0,0,1
31972758,CAMPBELL,KY0008,StateRoute,330,4TH,ST,W,39.09216614,-84.49643179,0.53,7/28/2023 0:00,741,2,2,0,0,O,CLEAR,DRY,0,VEHICLE BACKING NON INTERSECTION,BACKING,STRAIGHT & LEVEL,DAYLIGHT,0,0,0,1
31985938,CAMPBELL,I 0471,Interstate,,I471 N,,,39.10030232,-84.49400287,4.885,7/28/2023 0:00,1035,2,2,0,0,O,CLOUDY,DRY,1,SIDESWIPE COLLISION - SAME DIRECTION,SIDESWIPE-SAME DIRECTION,STRAIGHT & LEVEL,DAYLIGHT,0,0,0,1
31972759,CAMPBELL,I 0471,Interstate,,I471 N,,,39.10073061,-84.49490522,4.942,7/28/2023 0:00,1043,2,2,0,0,O,CLOUDY,DRY,0,REAR END IN TRAFFIC LANES BOTH VEHICLES MOVING,REAR END,STRAIGHT & GRADE,DAYLIGHT,0,0,0,1
31981921,CAMPBELL,KY1120,StateRoute,1800,MEMORIAL,PKWY,,39.0932943,-84.46175827,2.506,7/28/2023 0:00,1138,2,2,0,0,O,CLOUDY,DRY,0,REAR END IN TRAFFIC LANES BOTH VEHICLES MOVING,REAR END,STRAIGHT & GRADE,DAYLIGHT,0,0,0,1
31974570,CAMPBELL,I 0471,Interstate,,I471 N,,,39.09958067,-84.49267398,4.798,7/28/2023 0:00,1753,4,4,0,0,O,CLEAR,DRY,0,REAR END IN TRAFFIC LANES BOTH VEHICLES MOVING,REAR END,STRAIGHT & LEVEL,DAYLIGHT,0,0,0,1
31972914,CAMPBELL,US0027,USRoute,998,MONMOUTH,ST,,39.08740523,-84.48903231,21.587,7/28/2023 0:00,1400,2,2,0,0,O,CLOUDY,DRY,0,1 VEHICLE PARKED POSITION (NOT PARKING LOT/DRIVEWAY),BACKING,STRAIGHT & LEVEL,DAYLIGHT,0,0,0,1
31971071,CAMPBELL,KY1120,StateRoute,744,10TH,ST,E,39.09246197,-84.48115049,1.342,7/28/2023 0:00,800,2,2,0,0,O,CLOUDY,DRY,0,1 VEHICLE PARKED POSITION (NOT PARKING LOT/DRIVEWAY),SIDESWIPE-SAME DIRECTION,CURVE & LEVEL,DAYLIGHT,0,0,0,1
31980623,CAMPBELL,KY2925,StateRoute,,ALEXANDRIA,PIKE,E,39.01090197,-84.41497614,1.182,7/28/2023 0:00,822,2,2,0,0,O,CLEAR,WET,0,1 VEHICLE PARKED POSITION (NOT PARKING LOT/DRIVEWAY),ANGLE,CURVE & LEVEL,DAYLIGHT,0,0,0,1
31978063,CAMPBELL,,OTHR,128,ELECTRIC,AVE,,39.07470025,-84.47751178,,7/29/2023 0:00,1220,2,2,0,0,O,CLEAR,DRY,0,1 VEHICLE PARKED POSITION (NOT PARKING LOT/DRIVEWAY),BACKING,STRAIGHT & LEVEL,OTHER,0,0,0,1
32017713,CAMPBELL,I 0275,Interstate,,I275 E,,,39.05607051,-84.43308655,73.35,7/29/2023 0:00,1824,2,2,0,0,O,CLEAR,DRY,0,REAR END IN TRAFFIC LANES BOTH VEHICLES MOVING,REAR END,STRAIGHT & LEVEL,DAYLIGHT,0,0,0,1
31975396,CAMPBELL,US0027,USRoute,700,MONMOUTH,ST,,39.08947083,-84.49158572,21.785,7/29/2023 0:00,1207,2,2,0,0,O,CLEAR,DRY,1,REAR END IN TRAFFIC LANES BOTH VEHICLES MOVING,REAR END,STRAIGHT & LEVEL,DAYLIGHT,0,0,0,1
32017718,CAMPBELL,I 0275,Interstate,,I275 E,,,39.05624868,-84.43252196,73.317,7/29/2023 0:00,1944,2,2,0,0,O,CLEAR,DRY,0,REAR END IN TRAFFIC LANES BOTH VEHICLES MOVING,REAR END,STRAIGHT & LEVEL,DAYLIGHT,0,0,0,1
31975398,CAMPBELL,,OTHR,500,WASHINGTON,AVE,,39.09384078,-84.49160538,0.148,7/29/2023 0:00,1430,2,2,0,0,O,CLEAR,DRY,0,1 VEHICLE ENTERING/LEAVING ENTRANCE,ANGLE,STRAIGHT & LEVEL,DAYLIGHT,0,0,0,1
31985702,CAMPBELL,KY0008,StateRoute,,DAVE COWENS,DR,,39.09820692,-84.4926405,1.054,7/29/2023 0:00,1748,1,1,0,0,O,CLEAR,DRY,1,COLLISION WITH FIXED OBJECT IN INTERSECTION - FIRST EVENT COLLISION 09 - 32,SINGLE VEHICLE,STRAIGHT & LEVEL,DAYLIGHT,1,0,0,1
31982742,CAMPBELL,KY0009,StateRoute,,AA,HWY,,38.98871107,-84.3951917,12.131,7/29/2023 0:00,1620,2,2,0,0,O,CLEAR,DRY,0,OPPOSING LEFT TURN,OPPOSING LEFT TURN,STRAIGHT & GRADE,DAYLIGHT,0,0,0,1
32009841,CAMPBELL,KY0010,StateRoute,,FLAGG SPRINGS,PIKE,,38.91779745,-84.32044184,,7/29/2023 0:00,624,1,1,0,0,O,OTHER,WET,0,COLLISION WITH FIXED OBJECT NON - INTERSECTION - FIRST EVENT COLLISION 09 - 32 EXCLUDING 16,SINGLE VEHICLE,CURVE & LEVEL,DARK-HWY NOT LIGHTED,0,0,0,1
31976805,CAMPBELL,I 0275,Interstate,,INTERSTATE,EXPY,,39.04679639,-84.45705895,0.42,7/29/2023 0:00,1900,3,3,0,1,C,CLEAR,DRY,0,OTHER RAMP RELATED COLLISIONS NOT LISTED ABOVE,REAR END,CURVE & GRADE,DAYLIGHT,0,0,0,1
31983727,CAMPBELL,KY0008,StateRoute,200,DAVE COWENS,DR,,39.09789826,-84.49299261,1.014,7/30/2023 0:00,1700,2,2,0,0,O,CLEAR,DRY,1,OTHER ROADWAY OR MID-BLOCK COLLISION,REAR END,STRAIGHT & LEVEL,DAYLIGHT,0,0,0,1
31997883,CAMPBELL,,OTHR,,PAT FANNING,WAY,,38.98297999,-84.40011393,0.038,7/30/2023 0:00,1039,2,2,0,0,O,CLEAR,DRY,0,ANGLE COLLISION - OTHER,ANGLE,STRAIGHT & LEVEL,DAYLIGHT,0,0,0,1
31978408,CAMPBELL,US0027,USRoute,,3RD,ST,E,39.09362901,-84.49691098,22.253,7/30/2023 0:00,1133,2,2,0,0,O,CLEAR,DRY,1,SIDESWIPE COLLISION - SAME DIRECTION,SIDESWIPE-SAME DIRECTION,CURVE & LEVEL,DAYLIGHT,0,0,0,1
31981854,CAMPBELL,,OTHR,,ASH,ST,,39.03653766,-84.39432285,0.078,7/30/2023 0:00,1052,2,2,0,0,O,CLEAR,DRY,0,VEHICLE BACKING NON INTERSECTION,BACKING,STRAIGHT & LEVEL,DAYLIGHT,0,0,0,1
31999736,CAMPBELL,,OTHR,514,VAN VOAST,AVE,,39.10347193,-84.47529455,0.09,7/30/2023 0:00,1,2,2,0,0,O,CLEAR,DRY,1,1 VEHICLE PARKED POSITION (NOT PARKING LOT/DRIVEWAY),SIDESWIPE-SAME DIRECTION,STRAIGHT & GRADE,DARK-HWY NOT LIGHTED,0,0,0,1
31983731,CAMPBELL,,OTHR,,3RD,ST,W,39.09221339,-84.49910011,0.056,7/30/2023 0:00,100,2,2,0,0,O,CLEAR,DRY,1,1 VEHICLE PARKED POSITION (NOT PARKING LOT/DRIVEWAY),SIDESWIPE-SAME DIRECTION,STRAIGHT & LEVEL,DARK-HWY LIGHTED/ON,0,0,0,1
31983733,CAMPBELL,US0027,USRoute,300,MONMOUTH,ST,,39.09307395,-84.49488639,22.089,7/30/2023 0:00,1130,2,2,0,0,O,CLEAR,DRY,1,1 VEHICLE PARKED POSITION (NOT PARKING LOT/DRIVEWAY),BACKING,STRAIGHT & LEVEL,DAYLIGHT,0,0,0,1
32018097,CAMPBELL,,OTHR,1070,DAVJO,DR,,39.00735537,-84.42535404,0.108,7/31/2023 0:00,1510,2,1,0,0,O,CLEAR,DRY,1,1 VEHICLE PARKED POSITION (NOT PARKING LOT/DRIVEWAY),REAR TO REAR,STRAIGHT & LEVEL,DAYLIGHT,0,0,0,1
31988820,CAMPBELL,,OTHR,,SIXTH,AVE,,39.11378647,-84.46918212,,7/31/2023 0:00,1932,2,2,0,1,C,CLEAR,DRY,0,1 VEHICLE PARKED POSITION (NOT PARKING LOT/DRIVEWAY),SIDESWIPE-OPPOSITE DIRECTION,STRAIGHT & GRADE,DAYLIGHT,0,0,0,1
31983728,CAMPBELL,KY1892,StateRoute,,GRAND,AVE,,39.08542971,-84.47470552,1.99,7/31/2023 0:00,1330,2,2,0,0,O,CLEAR,DRY,0,REAR END IN TRAFFIC LANES BOTH VEHICLES MOVING,REAR END,CURVE & LEVEL,DAYLIGHT,0,0,0,1
32017723,CAMPBELL,,OTHR,,ALEXANDRIA,PIKE,,38.91100031,-84.38564644,,7/31/2023 0:00,618,2,2,0,0,O,CLEAR,DRY,1,SIDESWIPE COLLISION - SAME DIRECTION,SIDESWIPE-SAME DIRECTION,STRAIGHT & LEVEL,DAWN,0,0,0,1
31985701,CAMPBELL,KY1892,StateRoute,,CAROTHERS,RD,,39.08637464,-84.477269,2.154,7/31/2023 0:00,1912,2,2,0,0,O,CLEAR,DRY,1,OTHER INTERSECTION COLLISIONS,REAR END,STRAIGHT & LEVEL,DAYLIGHT,1,0,0,1
31985704,CAMPBELL,US0027,USRoute,,MONMOUTH,ST,,39.08721179,-84.48878947,21.569,7/31/2023 0:00,1745,2,2,0,0,O,CLEAR,DRY,0,SIDESWIPE-SAME DIRECTION,SIDESWIPE-SAME DIRECTION,STRAIGHT & LEVEL,DAYLIGHT,0,0,0,1
31999739,CAMPBELL,,OTHR,,LAFAYETTE,AVE,,39.10421094,-84.48448284,0.155,7/31/2023 0:00,1005,2,2,0,0,O,CLEAR,DRY,0,COLLISION WITH PARKED VEHICLE,BACKING,STRAIGHT & GRADE,DAYLIGHT,0,0,0,1
32009840,CAMPBELL,KY0009,StateRoute,,AA,HWY,,38.92616899,-84.30099443,5.268,7/31/2023 0:00,519,1,1,0,0,O,CLEAR,DRY,0,COLLISION WITH ANIMAL NON INTERSECTION,SINGLE VEHICLE,STRAIGHT & LEVEL,DARK-HWY NOT LIGHTED,0,0,0,1
31986224,CAMPBELL,US0027,USRoute,,ALEXANDRIA,PIKE,,39.06493893,-84.46306303,19.429,7/31/2023 0:00,1531,2,1,0,1,B,CLEAR,DRY,0,COLLISION WITH PEDESTRIAN NON - INTERSECTION,SINGLE VEHICLE,STRAIGHT & LEVEL,DAYLIGHT,0,0,1,0
31997904,CAMPBELL,KY0008,StateRoute,,FAIRFIELD,AVE,,39.10342347,-84.48686829,1.593,8/1/2023 0:00,1948,2,2,0,0,O,CLEAR,DRY,0,OTHER ROADWAY OR MID-BLOCK COLLISION,REAR END,STRAIGHT & LEVEL,DAYLIGHT,0,0,0,1
31985706,CAMPBELL,US0027,USRoute,,TAYLOR SOUTHGATE,BRG,,39.09385021,-84.49882074,22.369,8/1/2023 0:00,46,1,1,0,1,B,CLEAR,DRY,0,COLLISION WITH FIXED OBJECT NON - INTERSECTION - FIRST EVENT COLLISION 09 - 32 EXCLUDING 16,SINGLE VEHICLE,CURVE & GRADE,DARK-HWY LIGHTED/ON,0,0,0,1
32013207,CAMPBELL,KY0009,StateRoute,,AA,HWY,,38.9799742,-84.37032643,10.635,8/1/2023 0:00,1715,1,1,1,2,K,CLEAR,DRY,0,COLLISION WITH FIXED OBJECT NON - INTERSECTION - FIRST EVENT COLLISION 09 - 32 EXCLUDING 16,SINGLE VEHICLE,STRAIGHT & GRADE,DAYLIGHT,0,0,0,1
32017759,CAMPBELL,,OTHR,,LAFAYETTE,AVE,,39.09964181,-84.47971935,0.561,8/1/2023 0:00,2117,2,2,0,0,O,CLEAR,DRY,1,COLLISION WITH PARKED VEHICLE,SIDESWIPE-SAME DIRECTION,STRAIGHT & GRADE,DARK-HWY LIGHTED/ON,0,0,0,1
31998017,CAMPBELL,,OTHR,,TAYLOR,AVE,,39.10284853,-84.48084331,0.378,8/1/2023 0:00,1104,2,2,0,0,O,CLEAR,DRY,0,SIDESWIPE-SAME DIRECTION,SIDESWIPE-SAME DIRECTION,STRAIGHT & LEVEL,DAYLIGHT,0,0,0,1
31985414,CAMPBELL,KY1120,StateRoute,,10TH,ST,E,39.08840696,-84.48668669,0.985,8/1/2023 0:00,256,2,2,0,0,O,CLEAR,DRY,0,OTHER INTERSECTION COLLISIONS,REAR END,STRAIGHT & LEVEL,DARK-HWY LIGHTED/ON,1,0,0,1
32012602,CAMPBELL,KY0009,StateRoute,,AA,HWY,,38.93664111,-84.31793249,6.437,8/1/2023 0:00,1545,2,2,0,0,O,CLEAR,DRY,0,SIDESWIPE COLLISION - SAME DIRECTION,SIDESWIPE-SAME DIRECTION,STRAIGHT & LEVEL,DAYLIGHT,0,0,0,1
32013518,CAMPBELL,,OTHR,9,STURBRIDGE,DR,,39.0057634,-84.42774505,0.073,8/1/2023 0:00,1525,3,3,0,0,O,CLEAR,DRY,0,1 VEHICLE PARKED POSITION (NOT PARKING LOT/DRIVEWAY),SIDESWIPE-SAME DIRECTION,CURVE & LEVEL,DAYLIGHT,0,0,0,1
31996579,CAMPBELL,,OTHR,24,ROSSFORD,AVE,,39.09741191,-84.45065773,0.961,8/1/2023 0:00,1100,2,2,0,0,O,CLEAR,DRY,1,1 VEHICLE PARKED POSITION (NOT PARKING LOT/DRIVEWAY),SIDESWIPE-SAME DIRECTION,STRAIGHT & GRADE,DAYLIGHT,0,0,0,1
32001135,CAMPBELL,I 0471,Interstate,,I471 N,,,39.06009845,-84.46935831,1.24,8/2/2023 0:00,1030,2,2,0,0,O,CLEAR,DRY,1,REAR END IN TRAFFIC LANES BOTH VEHICLES MOVING,REAR END,CURVE & LEVEL,DAYLIGHT,0,0,0,1
32009837,CAMPBELL,I 0275,Interstate,,I275 E,,,39.05588219,-84.43320165,,8/2/2023 0:00,1745,4,4,0,0,O,CLEAR,DRY,0,REAR END IN TRAFFIC LANES BOTH VEHICLES MOVING,REAR END,STRAIGHT & LEVEL,DAYLIGHT,0,0,0,1
32021911,CAMPBELL,I 0471,Interstate,,I471 NB,,,39.05142517,-84.46682118,0.608,8/2/2023 0:00,954,3,3,0,1,B,CLEAR,DRY,0,SIDESWIPE COLLISION - SAME DIRECTION,SIDESWIPE-SAME DIRECTION,CURVE & LEVEL,DAYLIGHT,0,0,0,1
32031214,CAMPBELL,KY0547,StateRoute,,FOUR MILE,RD,,39.0187731,-84.37743292,4.983,8/2/2023 0:00,33,1,1,0,0,O,CLEAR,DRY,0,COLLISION WITH FIXED OBJECT NON - INTERSECTION - FIRST EVENT COLLISION 09 - 32 EXCLUDING 16,SINGLE VEHICLE,CURVE & LEVEL,DARK-HWY NOT LIGHTED,0,0,0,1
32005226,CAMPBELL,I 0275,Interstate,,I275 E,,,39.02373722,-84.48029185,77.055,8/2/2023 0:00,1340,1,1,0,0,O,CLEAR,DRY,0,OTHER ROADWAY OR MID-BLOCK COLLISION,SINGLE VEHICLE,STRAIGHT & GRADE,DAYLIGHT,0,0,0,1
32004829,CAMPBELL,,OTHR,5867,BOULDER,VW,,39.01660155,-84.43985691,0.07,8/3/2023 0:00,1636,2,2,0,0,O,CLEAR,DRY,0,OTHER ROADWAY OR MID-BLOCK COLLISION,REAR TO REAR,STRAIGHT & LEVEL,DAYLIGHT,0,0,0,1
31999665,CAMPBELL,KY1936,StateRoute,,KENTON STATION,RD,,38.86254622,-84.39709964,0.346,8/3/2023 0:00,1510,1,1,0,0,O,CLEAR,DRY,0,OTHER ROADWAY OR MID-BLOCK COLLISION,SINGLE VEHICLE,STRAIGHT & GRADE,DAYLIGHT,0,0,0,1
32002490,CAMPBELL,KY1120,StateRoute,322,11TH,ST,W,39.08233125,-84.49437673,0.351,8/3/2023 0:00,1644,2,2,0,0,O,CLEAR,DRY,0,OTHER ROADWAY OR MID-BLOCK COLLISION,REAR END,STRAIGHT & LEVEL,DAYLIGHT,0,0,0,1
32013514,CAMPBELL,US0027,USRoute,,ALEXANDRIA,PIKE,,39.00084523,-84.42036204,13.622,8/3/2023 0:00,1353,2,2,0,0,O,CLEAR,DRY,1,OTHER INTERSECTION COLLISIONS,REAR END,STRAIGHT & LEVEL,DAYLIGHT,1,0,0,1
32013515,CAMPBELL,US0027,USRoute,,ALEXANDRIA,PIKE,,39.00431255,-84.42463506,13.941,8/3/2023 0:00,1449,2,2,0,0,O,CLEAR,DRY,0,OTHER INTERSECTION COLLISIONS,REAR END,STRAIGHT & HILLCREST,DAYLIGHT,1,0,0,1
32019155,CAMPBELL,KY1120,StateRoute,,10TH,ST,E,39.08843917,-84.48664142,0.985,8/3/2023 0:00,1135,2,2,0,0,O,CLEAR,DRY,0,SIDESWIPE-SAME DIRECTION,SIDESWIPE-SAME DIRECTION,STRAIGHT & LEVEL,DAYLIGHT,0,0,0,1
32022792,CAMPBELL,US0027,USRoute,,ALEXANDRIA,PIKE,,38.98578104,-84.40290289,12.246,8/3/2023 0:00,2158,2,2,0,0,O,CLEAR,DRY,0,ANGLE COLLISION - ONE VEHICLE TURNING LEFT,ANGLE,STRAIGHT & LEVEL,DARK-HWY LIGHTED/ON,0,0,0,1
31998888,CAMPBELL,I 0471,Interstate,,I471 N,,,39.10060658,-84.49465511,4.926,8/3/2023 0:00,857,2,2,0,0,O,CLEAR,DRY,0,REAR END IN TRAFFIC LANES BOTH VEHICLES MOVING,REAR END,STRAIGHT & LEVEL,DAYLIGHT,0,0,0,1
32000362,CAMPBELL,KY1120,StateRoute,402,10TH,ST,E,39.08936733,-84.48504117,1.064,8/3/2023 0:00,1846,2,2,0,0,O,CLEAR,DRY,0,1 VEHICLE PARKED POSITION (NOT PARKING LOT/DRIVEWAY),BACKING,STRAIGHT & GRADE,DAYLIGHT,0,0,0,1
32003406,CAMPBELL,,OTHR,,9TH,ST,E,39.08852758,-84.48984468,0.615,8/4/2023 0:00,810,2,2,0,0,O,CLEAR,DRY,1,1 VEHICLE PARKED POSITION (NOT PARKING LOT/DRIVEWAY),BACKING,STRAIGHT & LEVEL,DAYLIGHT,0,0,0,1
32012610,CAMPBELL,KY1998,StateRoute,,INDUSTRIAL,RD,,39.0440753,-84.42052818,3.938,8/4/2023 0:00,1316,2,2,0,0,O,CLEAR,DRY,0,REAR END IN TRAFFIC LANES BOTH VEHICLES MOVING,REAR END,STRAIGHT & LEVEL,DAYLIGHT,0,0,0,1