IncidentID,County,RdwyNumber,RdwyType,Street,RoadwayName,StreetSfx,StreetDir,Latitude,Longitude,Milepoint,CollisionDate,CollisionTime,UnitsInvolved,MotorVehiclesInvolved,NumberKilled,NumberInjured,KABCO,Weather,RdwyConditionCode,HitandRun,DirAnalysisCode,MannerofCollision,RdwyCharacter,LightCondition,Intersection Crash,Bicyclist,Pedestrian,Motor Vehicles
32014239,CAMPBELL,US0027,USRoute,,ALEXANDRIA,PIKE,,38.9831204,-84.39977727,11.987,8/4/2023 0:00,1034,2,2,0,0,O,CLEAR,DRY,0,REAR END IN TRAFFIC LANES BOTH VEHICLES MOVING,REAR END,STRAIGHT & GRADE,DAYLIGHT,0,0,0,1
32017755,CAMPBELL,KY0008,StateRoute,,DAVE COWENS,DR,,39.10184266,-84.48868056,1.444,8/4/2023 0:00,2119,2,2,0,0,O,CLEAR,DRY,0,OTHER INTERSECTION COLLISIONS,REAR END,STRAIGHT & LEVEL,DARK-HWY LIGHTED/ON,1,0,0,1
32006010,CAMPBELL,,OTHR,737,DODD,DR,,39.11697049,-84.47368251,0.637,8/4/2023 0:00,902,1,1,0,0,O,CLEAR,DRY,0,COLLISION WITH FIXED OBJECT NON - INTERSECTION - FIRST EVENT COLLISION 09 - 32 EXCLUDING 16,SINGLE VEHICLE,STRAIGHT & LEVEL,DAYLIGHT,0,0,0,1
32018044,CAMPBELL,,OTHR,,ECHO,HLS,,38.93267414,-84.39671477,0.693,8/5/2023 0:00,1000,1,1,0,0,O,CLOUDY,DRY,0,COLLISION WITH FIXED OBJECT NON - INTERSECTION - FIRST EVENT COLLISION 09 - 32 EXCLUDING 16,SINGLE VEHICLE,STRAIGHT & LEVEL,DAYLIGHT,0,0,0,1
32012708,CAMPBELL,KY0009,StateRoute,,AA,HWY,,38.95314653,-84.33707617,7.999,8/5/2023 0:00,1110,2,2,0,0,O,CLEAR,DRY,0,ANGLE COLLISION - OTHER,ANGLE,STRAIGHT & LEVEL,DAYLIGHT,0,0,0,1
32009089,CAMPBELL,I 0471,Interstate,,I471 N,,,39.10013288,-84.49341298,4.852,8/5/2023 0:00,1525,3,3,0,0,O,CLEAR,DRY,0,REAR END IN TRAFFIC LANES BOTH VEHICLES MOVING,REAR END,STRAIGHT & LEVEL,DAYLIGHT,0,0,0,1
32006349,CAMPBELL,KY1120,StateRoute,322,11TH,ST,W,39.08282951,-84.49345498,0.412,8/5/2023 0:00,1240,4,4,0,0,O,CLEAR,DRY,0,REAR END IN TRAFFIC LANES BOTH VEHICLES MOVING,REAR END,STRAIGHT & LEVEL,DAYLIGHT,0,0,0,1
32006164,CAMPBELL,,OTHR,,HOME,ST,,39.08058661,-84.48821844,0.207,8/5/2023 0:00,941,2,2,0,0,O,CLOUDY,DRY,0,1 VEHICLE PARKED POSITION (NOT PARKING LOT/DRIVEWAY),SIDESWIPE-OPPOSITE DIRECTION,STRAIGHT & LEVEL,DAYLIGHT,0,0,0,1
32013594,CAMPBELL,,OTHR,1019,ISABELLA,ST,,39.08373011,-84.49454926,0.175,8/5/2023 0:00,1730,2,2,0,0,O,CLEAR,DRY,0,1 VEHICLE PARKED POSITION (NOT PARKING LOT/DRIVEWAY),SIDESWIPE-OPPOSITE DIRECTION,STRAIGHT & LEVEL,DAYLIGHT,0,0,0,1
32006314,CAMPBELL,KY1892,StateRoute,,CAROTHERS,RD,,39.08585136,-84.47953755,2.285,8/5/2023 0:00,1516,2,2,0,0,O,CLEAR,DRY,0,SIDESWIPE COLLISION - SAME DIRECTION,SIDESWIPE-SAME DIRECTION,STRAIGHT & LEVEL,DAYLIGHT,0,0,0,1
32013517,CAMPBELL,US0027,USRoute,,ALEXANDRIA,PIKE,,39.01822887,-84.43571486,15.03,8/5/2023 0:00,1951,2,2,0,0,O,CLEAR,DRY,0,1 VEHICLE ENTERING/LEAVING ENTRANCE,ANGLE,STRAIGHT & LEVEL,DAYLIGHT,0,0,0,1
32009087,CAMPBELL,,OTHR,138,NEWPORT PAVILION,,,39.09146066,-84.47793602,0.176,8/6/2023 0:00,1457,2,2,0,0,O,CLEAR,DRY,0,1 VEHICLE ENTERING/LEAVING ENTRANCE,ANGLE,CURVE & HILLCREST,DAYLIGHT,0,0,0,1
32012723,CAMPBELL,,OTHR,,UPPER LICK BRANCH,RD,,38.96324404,-84.36182577,,8/6/2023 0:00,1805,2,2,0,0,O,CLEAR,DRY,0,SIDESWIPE COLLISION - OPPOSITE DIRECTION,SIDESWIPE-OPPOSITE DIRECTION,STRAIGHT & LEVEL,DAYLIGHT,0,0,0,1
32009088,CAMPBELL,,OTHR,835,ISABELLA,ST,,39.08554494,-84.49621417,0.342,8/6/2023 0:00,1445,2,2,0,0,O,CLEAR,DRY,0,1 VEHICLE PARKED POSITION (NOT PARKING LOT/DRIVEWAY),REAR END,STRAIGHT & LEVEL,DAYLIGHT,0,0,0,1
32014521,CAMPBELL,KY1120,StateRoute,,MEMORIAL,PKWY,,39.09286117,-84.47929206,1.451,8/6/2023 0:00,1348,2,2,0,0,O,CLEAR,DRY,0,REAR END IN TRAFFIC LANES BOTH VEHICLES MOVING,REAR END,STRAIGHT & LEVEL,DAYLIGHT,0,0,0,1
32012688,CAMPBELL,US0027,USRoute,,ALEXANDRIA,PIKE,,39.06879116,-84.46681688,19.773,8/6/2023 0:00,2312,1,1,0,0,O,CLEAR,DRY,0,COLLISION WITH FIXED OBJECT IN INTERSECTION - FIRST EVENT COLLISION 09 - 32,SINGLE VEHICLE,STRAIGHT & LEVEL,DARK-HWY LIGHTED/ON,1,0,0,1
32017850,CAMPBELL,,OTHR,581,DRY CREEK,RD,,39.01247455,-84.44804104,0.733,8/6/2023 0:00,1612,1,1,0,0,O,CLEAR,DRY,0,COLLISION WITH FIXED OBJECT NON - INTERSECTION - FIRST EVENT COLLISION 09 - 32 EXCLUDING 16,SINGLE VEHICLE,CURVE & LEVEL,DAYLIGHT,0,0,0,1
32010791,CAMPBELL,,OTHR,,MARTZ,DR,,39.01991536,-84.33365282,0.018,8/6/2023 0:00,2331,2,1,0,0,O,CLEAR,DRY,0,COLLISION WITH TRAIN,SINGLE VEHICLE,STRAIGHT & LEVEL,DARK-HWY NOT LIGHTED,0,0,0,1
32012711,CAMPBELL,KY0915,StateRoute,6600,LICKING,PIKE,,38.99579936,-84.44712143,8.059,8/6/2023 0:00,1720,1,1,0,0,O,CLEAR,DRY,0,OTHER ROADWAY OR MID-BLOCK COLLISION,SINGLE VEHICLE,CURVE & GRADE,DAYLIGHT,0,0,0,1
32012615,CAMPBELL,US0027,USRoute,,ALEXANDRIA,PIKE,,39.00082608,-84.42058811,13.625,8/6/2023 0:00,1707,2,2,0,0,O,CLEAR,DRY,0,OTHER ROADWAY OR MID-BLOCK COLLISION,REAR END,STRAIGHT & LEVEL,DAYLIGHT,0,0,0,1
32015655,CAMPBELL,KY1120,StateRoute,,10TH,ST,E,39.08729912,-84.48870375,0.783,8/7/2023 0:00,1822,2,2,0,0,O,CLEAR,DRY,0,VEHICLE BACKING IN INTERSECTION,BACKING,STRAIGHT & LEVEL,DAYLIGHT,1,0,0,1
32015469,CAMPBELL,KY1120,StateRoute,,10TH,ST,E,39.08840466,-84.48665973,0.985,8/7/2023 0:00,1920,2,2,0,0,O,CLOUDY,WET,0,OTHER INTERSECTION COLLISIONS,REAR END,STRAIGHT & LEVEL,DAYLIGHT,1,0,0,1
32018858,CAMPBELL,,OTHR,,ARCADIA,BLVD,,38.98093964,-84.40485119,,8/7/2023 0:00,606,1,1,0,0,O,CLEAR,DRY,0,COLLISION WITH ANIMAL IN INTERSECTION,SINGLE VEHICLE,STRAIGHT & GRADE,DARK (UNKNOWN ROADWAY LIGHTING),1,0,0,1
32042096,CAMPBELL,,OTHR,,ST. ELIZABETH EAST HOSPITAL,,,39.07848024,-84.46800705,0.187,8/7/2023 0:00,930,2,2,0,0,O,CLOUDY,DRY,0,1 VEHICLE PARKED POSITION (NOT PARKING LOT/DRIVEWAY),SIDESWIPE-SAME DIRECTION,STRAIGHT & LEVEL,DAYLIGHT,0,0,0,1
32029003,CAMPBELL,,OTHR,200,PARK,AVE,,39.09713936,-84.49167682,0.256,8/7/2023 0:00,1038,2,2,0,0,O,CLOUDY,WET,0,SIDESWIPE COLLISION - SAME DIRECTION,SIDESWIPE-SAME DIRECTION,CURVE & HILLCREST,DAYLIGHT,0,0,0,1
32021913,CAMPBELL,,OTHR,712,RAVINE,CIR,,39.06538358,-84.47052744,0.262,8/7/2023 0:00,1232,2,2,0,0,O,CLOUDY,DRY,0,VEHICLE BACKING NON INTERSECTION,BACKING,CURVE & HILLCREST,DAYLIGHT,0,0,0,1
32022356,CAMPBELL,US0027,USRoute,,,,,39.00061914,-84.42068577,0.519,8/8/2023 0:00,1725,2,2,0,0,O,CLEAR,DRY,0,OTHER RAMP RELATED COLLISIONS NOT LISTED ABOVE,REAR END,STRAIGHT & LEVEL,DAYLIGHT,0,0,0,1
32039026,CAMPBELL,,OTHR,169,NEWPORT PAVILION,,,39.08689679,-84.47703883,0.562,8/8/2023 0:00,1240,2,2,0,0,O,CLEAR,DRY,0,VEHICLE BACKING NON INTERSECTION,BACKING,STRAIGHT & LEVEL,DAYLIGHT,0,0,0,1
32021089,CAMPBELL,KY1892,StateRoute,75,CAROTHERS,RD,,39.08640619,-84.47840757,2.214,8/8/2023 0:00,1747,2,2,0,0,O,CLEAR,DRY,1,SIDESWIPE COLLISION - SAME DIRECTION,SIDESWIPE-SAME DIRECTION,STRAIGHT & LEVEL,DAYLIGHT,0,0,0,1
32044570,CAMPBELL,,OTHR,1214,ASPEN PINES,DR,,39.06322824,-84.48460205,0.132,8/8/2023 0:00,1511,2,2,0,3,C,CLEAR,DRY,0,REAR END IN TRAFFIC LANES BOTH VEHICLES MOVING,REAR END,CURVE & GRADE,DAYLIGHT,0,0,0,1
32023333,CAMPBELL,,OTHR,127,16TH,ST,,39.08162019,-84.48664235,0.041,8/8/2023 0:00,1607,2,2,0,0,O,CLEAR,DRY,0,1 VEHICLE PARKED POSITION (NOT PARKING LOT/DRIVEWAY),BACKING,STRAIGHT & LEVEL,DAYLIGHT,0,0,0,1
32028926,CAMPBELL,,OTHR,404,LAFAYETTE,AVE,,39.10176139,-84.48196115,0.372,8/8/2023 0:00,1351,2,2,0,0,O,CLEAR,DRY,1,1 VEHICLE PARKED POSITION (NOT PARKING LOT/DRIVEWAY),REAR END,STRAIGHT & LEVEL,DAYLIGHT,0,0,0,1
32020095,CAMPBELL,US0027,USRoute,,ALEXANDRIA,PIKE,,39.03411036,-84.45363651,16.544,8/8/2023 0:00,1245,2,2,0,0,O,CLOUDY,DRY,0,REAR END IN TRAFFIC LANES BOTH VEHICLES MOVING,REAR END,STRAIGHT & GRADE,DAYLIGHT,0,0,0,1
32043856,CAMPBELL,,OTHR,,POPLAR RIDGE,RD,,38.97359571,-84.39207447,0.009,8/8/2023 0:00,2047,2,2,0,0,O,CLEAR,DRY,0,OPPOSING LEFT TURN,OPPOSING LEFT TURN,STRAIGHT & LEVEL,DARK-HWY LIGHTED/ON,0,0,0,1
32118329,CAMPBELL,KY1892,StateRoute,20,GRAND,AVE,N,39.07683034,-84.46260784,1.096,8/8/2023 0:00,1354,2,2,0,0,O,CLOUDY,DRY,0,1 VEHICLE PARKED POSITION (NOT PARKING LOT/DRIVEWAY),SIDESWIPE-SAME DIRECTION,STRAIGHT & LEVEL,DAYLIGHT,0,0,0,1
32020094,CAMPBELL,I 0275,Interstate,,I275 E,,,39.04801323,-84.45202225,74.511,8/8/2023 0:00,850,1,1,0,0,O,CLOUDY,DRY,0,COLLISION WITH FIXED OBJECT NON - INTERSECTION - FIRST EVENT COLLISION 09 - 32 EXCLUDING 16,SINGLE VEHICLE,STRAIGHT & GRADE,DAYLIGHT,0,0,0,1
32046708,CAMPBELL,US0027,USRoute,1475,ALEXANDRIA,PIKE,,39.05975573,-84.45215089,18.596,8/9/2023 0:00,1628,1,1,0,0,O,CLEAR,DRY,0,RAN OFF ROADWAY (1 VEHICLE WITH/EARTH EMBANKMENT/DITCH),SINGLE VEHICLE,CURVE & GRADE,DAYLIGHT,0,0,0,1
32024752,CAMPBELL,US0027,USRoute,,ALEXANDRIA,PIKE,,39.00430198,-84.42465174,13.94,8/9/2023 0:00,1607,2,2,0,0,O,CLEAR,DRY,0,OTHER INTERSECTION COLLISIONS,REAR END,STRAIGHT & LEVEL,DAYLIGHT,1,0,0,1
32066123,CAMPBELL,,OTHR,,5TH,AVE,,39.1126401,-84.47563212,,8/9/2023 0:00,1954,2,2,0,0,O,CLEAR,DRY,0,1 VEHICLE PARKED POSITION (NOT PARKING LOT/DRIVEWAY),SIDESWIPE-SAME DIRECTION,STRAIGHT & GRADE,DAYLIGHT,0,0,0,1
32025489,CAMPBELL,KY1120,StateRoute,201,11TH,ST,W,39.08305247,-84.49305943,0.438,8/9/2023 0:00,2044,2,2,0,0,O,RAINING,WET,1,1 VEHICLE PARKED POSITION (NOT PARKING LOT/DRIVEWAY),SIDESWIPE-SAME DIRECTION,,DAYLIGHT,0,0,0,1
32026921,CAMPBELL,I 0471,Interstate,,I471 S,,,39.07314288,-84.46504916,2.152,8/9/2023 0:00,1715,2,2,0,0,O,CLOUDY,DRY,0,REAR END IN TRAFFIC LANES BOTH VEHICLES MOVING,REAR END,CURVE & GRADE,DAYLIGHT,0,0,0,1
32025492,CAMPBELL,KY0008,StateRoute,,4TH,ST,E,39.0930887,-84.49476606,0.627,8/9/2023 0:00,1800,2,2,0,0,O,CLEAR,DRY,0,1 VEHICLE ENTERING/LEAVING ENTRANCE,ANGLE,STRAIGHT & LEVEL,DAYLIGHT,0,0,0,1
32026922,CAMPBELL,US0027,USRoute,,ALEXANDRIA,PIKE,,39.06531178,-84.46436371,19.506,8/9/2023 0:00,1808,2,2,0,0,O,CLOUDY,DRY,0,1 VEHICLE ENTERING/LEAVING ENTRANCE,ANGLE,CURVE & LEVEL,DAYLIGHT,0,0,0,1
32029115,CAMPBELL,,OTHR,,TOWN,DR,,39.01787706,-84.48202234,0.113,8/10/2023 0:00,1225,2,2,0,0,O,CLEAR,DRY,0,SIDESWIPE COLLISION - OPPOSITE DIRECTION,SIDESWIPE-OPPOSITE DIRECTION,STRAIGHT & GRADE,DAYLIGHT,0,0,0,1
32093509,CAMPBELL,I 0471,Interstate,,I471 N,,,39.10008708,-84.49363653,4.861,8/10/2023 0:00,1241,3,3,0,0,O,CLOUDY,DRY,0,REAR END IN TRAFFIC LANES BOTH VEHICLES MOVING,REAR END,STRAIGHT & LEVEL,DAYLIGHT,0,0,0,1
32039533,CAMPBELL,KY0010,StateRoute,12978,FLAGG SPRINGS,PIKE,,38.86402906,-84.26813646,13.259,8/10/2023 0:00,1941,1,1,0,3,A,CLEAR,DRY,0,COLLISION WITH FIXED OBJECT NON - INTERSECTION - FIRST EVENT COLLISION 09 - 32 EXCLUDING 16,SINGLE VEHICLE,CURVE & LEVEL,DAYLIGHT,0,0,0,1
32028193,CAMPBELL,KY0009,StateRoute,,LICKING,PIKE,,39.05344718,-84.48845513,20.029,8/10/2023 0:00,705,1,1,0,0,O,CLOUDY,DRY,0,COLLISION WITH FIXED OBJECT NON - INTERSECTION - FIRST EVENT COLLISION 09 - 32 EXCLUDING 16,SINGLE VEHICLE,STRAIGHT & LEVEL,DAYLIGHT,0,0,0,1
32030597,CAMPBELL,,OTHR,730,9TH,ST,E,39.09229063,-84.48309575,0.157,8/10/2023 0:00,2250,1,1,0,0,O,CLEAR,DRY,0,COLLISION WITH FIXED OBJECT NON - INTERSECTION - FIRST EVENT COLLISION 09 - 32 EXCLUDING 16,SINGLE VEHICLE,STRAIGHT & LEVEL,DARK-HWY NOT LIGHTED,0,0,0,1
32042159,CAMPBELL,KY0445,StateRoute,,RIVER,RD,,39.06091801,-84.44572725,1.933,8/11/2023 0:00,1750,2,2,0,0,O,CLEAR,DRY,1,OTHER ROADWAY OR MID-BLOCK COLLISION,OPPOSING LEFT TURN,CURVE & GRADE,DAYLIGHT,0,0,0,1
32033636,CAMPBELL,I 0471,Interstate,,,,,39.08319322,-84.47019045,0.218,8/11/2023 0:00,1425,1,1,0,0,O,CLEAR,DRY,0,OTHER RAMP RELATED COLLISIONS NOT LISTED ABOVE,SINGLE VEHICLE,CURVE & LEVEL,DAYLIGHT,0,0,0,1
32036364,CAMPBELL,I 0275,Interstate,,I275 E,,,39.02372702,-84.48023214,77.053,8/11/2023 0:00,800,2,2,0,0,O,CLEAR,DRY,1,SIDESWIPE COLLISION - SAME DIRECTION,SIDESWIPE-SAME DIRECTION,CURVE & GRADE,DAYLIGHT,0,0,0,1
32043104,CAMPBELL,,OTHR,424,LAFAYETTE,AVE,,39.10131593,-84.4814985,0.411,8/12/2023 0:00,0,2,2,0,0,O,OTHER,DRY,1,1 VEHICLE PARKED POSITION (NOT PARKING LOT/DRIVEWAY),SIDESWIPE-SAME DIRECTION,STRAIGHT & LEVEL,UNKNOWN,0,0,0,1
32036032,CAMPBELL,KY0010,StateRoute,,MAIN,ST,W,38.94782922,-84.39999777,0.458,8/12/2023 0:00,1229,2,2,0,2,B,CLEAR,WET,0,HEAD-ON COLLISION,HEAD ON,CURVE & GRADE,DAYLIGHT,0,0,0,1
32035803,CAMPBELL,,OTHR,,4TH,ST,E,39.09391028,-84.49329416,0.365,8/12/2023 0:00,711,2,2,0,0,O,CLOUDY,DRY,0,SIDESWIPE COLLISION - SAME DIRECTION,SIDESWIPE-SAME DIRECTION,STRAIGHT & LEVEL,DAWN,0,0,0,1
32057308,CAMPBELL,US0027,USRoute,,ALEXANDRIA,PIKE,,38.92806367,-84.39335228,7.997,8/12/2023 0:00,1840,3,3,0,0,O,CLEAR,DRY,1,SIDESWIPE COLLISION - SAME DIRECTION,SIDESWIPE-SAME DIRECTION,STRAIGHT & LEVEL,DAYLIGHT,0,0,0,1
32036408,CAMPBELL,KY0009,StateRoute,,LICKING,PIKE,,39.05507329,-84.48739965,20.176,8/12/2023 0:00,1138,2,2,0,0,O,CLEAR,DRY,0,VEHICLE BACKING NON INTERSECTION,BACKING,STRAIGHT & LEVEL,DAYLIGHT,0,0,0,1
32037253,CAMPBELL,,OTHR,130,NEWPORT PAVILION,,,39.09010876,-84.47625029,0.307,8/12/2023 0:00,2223,2,2,0,0,O,CLOUDY,WET,0,VEHICLE BACKING NON INTERSECTION,BACKING,STRAIGHT & LEVEL,DARK-HWY LIGHTED/ON,0,0,0,1
32043857,CAMPBELL,KY0709,StateRoute,,ALEXANDRIA,PIKE,E,38.98573641,-84.39786686,0.234,8/12/2023 0:00,2126,1,1,0,1,B,CLEAR,DRY,0,COLLISION WITH FIXED OBJECT NON - INTERSECTION - FIRST EVENT COLLISION 09 - 32 EXCLUDING 16,SINGLE VEHICLE,CURVE & HILLCREST,DARK-HWY LIGHTED/ON,0,0,0,1
32035214,CAMPBELL,,OTHR,,PARKER,RD,,39.07977767,-84.47675259,0.114,8/12/2023 0:00,0,2,2,0,0,O,CLEAR,DRY,1,OPPOSITE DIRECTION - BOTH VEHICLES GOING STRAIGHT AHEAD,SIDESWIPE-OPPOSITE DIRECTION,CURVE & GRADE,DARK-HWY LIGHTED/ON,0,0,0,1
32043096,CAMPBELL,KY0008,StateRoute,145,FAIRFIELD,AVE,,39.10412893,-84.48586899,1.664,8/12/2023 0:00,1509,2,2,0,0,O,CLEAR,DRY,0,OTHER ROADWAY OR MID-BLOCK COLLISION,REAR END,STRAIGHT & GRADE,DAYLIGHT,0,0,0,1
32045105,CAMPBELL,,OTHR,30,VISTA POINTE,DR,,39.05588557,-84.48466691,0.206,8/13/2023 0:00,1542,2,2,0,0,O,CLEAR,DRY,0,VEHICLE BACKING NON INTERSECTION,BACKING,CURVE & GRADE,DAYLIGHT,0,0,0,1
32043935,CAMPBELL,I 0471,Interstate,4.3,I471 N,,,39.09891663,-84.49126419,4.709,8/13/2023 0:00,1440,2,2,0,0,O,CLEAR,DRY,0,SIDESWIPE COLLISION - SAME DIRECTION,SIDESWIPE-SAME DIRECTION,STRAIGHT & LEVEL,DAYLIGHT,0,0,0,1
32039127,CAMPBELL,,OTHR,160,NEWPORT PAVILION,,,39.08715228,-84.47700201,0.545,8/13/2023 0:00,1426,2,2,0,0,O,CLEAR,DRY,0,REAR END IN TRAFFIC LANES BOTH VEHICLES MOVING,REAR END,STRAIGHT & LEVEL,DAYLIGHT,0,0,0,1
32058800,CAMPBELL,,OTHR,169,NEWPORT PAVILION,,,39.08768385,-84.47640072,0.497,8/14/2023 0:00,1613,2,2,0,0,O,RAINING,WET,0,REAR END IN TRAFFIC LANES BOTH VEHICLES MOVING,REAR END,STRAIGHT & LEVEL,DAYLIGHT,0,0,0,1
32045106,CAMPBELL,KY0009,StateRoute,,AA,HWY,,39.01653617,-84.47837654,17.247,8/14/2023 0:00,749,2,2,0,0,O,CLOUDY,DRY,0,REAR END IN TRAFFIC LANES BOTH VEHICLES MOVING,REAR END,STRAIGHT & LEVEL,DAYLIGHT,0,0,0,1
32046482,CAMPBELL,I 0471,Interstate,,I471 S,,,39.07294889,-84.46440443,2.272,8/14/2023 0:00,915,1,1,0,0,O,RAINING,WET,0,OTHER COLLISIONS ON SHOULDER,SINGLE VEHICLE,CURVE & LEVEL,DAYLIGHT,0,0,0,1
32162865,CAMPBELL,US0027,USRoute,,ALEXANDRIA,PIKE,,39.0043554,-84.42453974,13.954,8/14/2023 0:00,1046,2,2,0,0,O,RAINING,WET,0,1 VEHICLE ENTERING/LEAVING ENTRANCE,ANGLE,STRAIGHT & LEVEL,DAYLIGHT,0,0,0,1
32054441,CAMPBELL,US0027,USRoute,,ALEXANDRIA,PIKE,,39.02775778,-84.44929397,16.042,8/14/2023 0:00,2034,2,2,0,0,O,RAINING,WET,0,1 VEHICLE ENTERING/LEAVING ENTRANCE,ANGLE,STRAIGHT & LEVEL,DARK-HWY LIGHTED/ON,0,0,0,1
32046463,CAMPBELL,I 0471,Interstate,,I471 SB,,,39.06360333,-84.46772154,1.519,8/14/2023 0:00,1554,2,2,0,2,C,RAINING,WET,0,1 VEHICLE ENTERING/LEAVING ENTRANCE,ANGLE,CURVE & LEVEL,DAYLIGHT,0,0,0,1
32044098,CAMPBELL,,OTHR,,LOWELL,ST,,39.07928175,-84.4963134,0.316,8/14/2023 0:00,539,2,2,0,0,O,CLEAR,DRY,0,COLLISION WITH FIXED OBJECT IN INTERSECTION - FIRST EVENT COLLISION 09 - 32,ANGLE,STRAIGHT & LEVEL,DUSK,1,0,0,1
32053774,CAMPBELL,US0027,USRoute,,ALEXANDRIA,PIKE,,38.96166764,-84.39292026,10.342,8/14/2023 0:00,1346,2,2,0,1,C,CLEAR,DRY,0,ANGLE COLLISION - OTHER,ANGLE,STRAIGHT & HILLCREST,DAYLIGHT,0,0,0,1
32077515,CAMPBELL,KY0709,StateRoute,,ALEXANDRIA,PIKE,E,38.98671366,-84.39715716,0.308,8/14/2023 0:00,1722,2,2,0,0,O,CLOUDY,WET,0,OTHER INTERSECTION COLLISIONS,REAR END,CURVE & GRADE,DAYLIGHT,1,0,0,1
32045843,CAMPBELL,KY0915,StateRoute,,LICKING,PIKE,,38.95884461,-84.42248364,3.728,8/14/2023 0:00,1837,1,1,0,0,O,CLOUDY,WET,0,COLLISION WITH FIXED OBJECT NON - INTERSECTION - FIRST EVENT COLLISION 09 - 32 EXCLUDING 16,SINGLE VEHICLE,CURVE & LEVEL,DAYLIGHT,0,0,0,1
32044865,CAMPBELL,KY0536,StateRoute,,CREEKTRACE,RD,,38.93418565,-84.41970077,1.938,8/14/2023 0:00,1738,1,1,0,0,O,CLEAR,WET,0,OTHER ROADWAY OR MID-BLOCK COLLISION,SINGLE VEHICLE,CURVE & LEVEL,DAYLIGHT,0,0,0,1
32055043,CAMPBELL,I 0275,Interstate,,I275 E,,,39.05696055,-84.43072882,,8/15/2023 0:00,1820,2,2,0,0,O,CLEAR,DRY,0,OTHER ROADWAY OR MID-BLOCK COLLISION,REAR END,STRAIGHT & LEVEL,DAYLIGHT,0,0,0,1
32050103,CAMPBELL,I 0275,Interstate,,I275 E,,,39.0565772,-84.43159081,,8/15/2023 0:00,1800,2,2,0,0,O,CLEAR,DRY,0,REAR END IN TRAFFIC LANES BOTH VEHICLES MOVING,REAR END,STRAIGHT & LEVEL,DAYLIGHT,0,0,0,1
32056299,CAMPBELL,I 0471,Interstate,,I471 NB,,,39.05290403,-84.46873736,0.753,8/16/2023 0:00,1309,1,1,0,1,C,CLEAR,DRY,0,OTHER COLLISIONS ON SHOULDER,SINGLE VEHICLE,STRAIGHT & GRADE,DAYLIGHT,0,0,0,1
32056672,CAMPBELL,US0027,USRoute,880,ALEXANDRIA,PIKE,,39.05990193,-84.45243509,18.618,8/16/2023 0:00,637,2,2,0,0,O,CLEAR,DRY,0,SIDESWIPE COLLISION - SAME DIRECTION,SIDESWIPE-SAME DIRECTION,CURVE & GRADE,DAWN,0,0,0,1
32107455,CAMPBELL,I 0471,Interstate,,I471 SB,,,39.05381707,-84.46921854,0.782,8/16/2023 0:00,750,3,3,0,0,O,CLEAR,DRY,1,SIDESWIPE COLLISION - SAME DIRECTION,SIDESWIPE-SAME DIRECTION,CURVE & LEVEL,DAYLIGHT,0,0,0,1
32053741,CAMPBELL,,OTHR,,WOESTE,RD,,38.89697718,-84.37677063,2.045,8/16/2023 0:00,1114,1,1,0,0,O,CLEAR,DRY,0,COLLISION WITH FIXED OBJECT IN INTERSECTION - FIRST EVENT COLLISION 09 - 32,SINGLE VEHICLE,STRAIGHT & LEVEL,DAYLIGHT,1,0,0,1
32059244,CAMPBELL,KY0008,StateRoute,,FAIRFIELD,AVE,,39.1057983,-84.48390614,1.82,8/16/2023 0:00,1930,2,1,0,0,O,CLEAR,DRY,0,COLLISION WITH PEDESTRIAN IN INTERSECTION,SINGLE VEHICLE,STRAIGHT & LEVEL,DAYLIGHT,1,0,1,0
32073804,CAMPBELL,,OTHR,6,CEDARWOOD,CT,S,38.94902311,-84.36238957,0.022,8/17/2023 0:00,550,2,2,0,0,O,CLEAR,DRY,0,COLLISION WITH PARKED VEHICLE,OPPOSING LEFT TURN,STRAIGHT & LEVEL,DARK-HWY NOT LIGHTED,0,0,0,1
32085750,CAMPBELL,,OTHR,440,LAFAYETTE,AVE,,39.10087293,-84.48100141,0.442,8/17/2023 0:00,1648,2,2,0,0,O,CLEAR,DRY,0,1 VEHICLE PARKED POSITION (NOT PARKING LOT/DRIVEWAY),BACKING,STRAIGHT & LEVEL,DAYLIGHT,0,0,0,1
32062262,CAMPBELL,,OTHR,1048,FT THOMAS,AVE,N,39.09106045,-84.447394,0.549,8/17/2023 0:00,1059,2,2,0,0,O,CLEAR,DRY,0,1 VEHICLE PARKED POSITION (NOT PARKING LOT/DRIVEWAY),SIDESWIPE-SAME DIRECTION,STRAIGHT & LEVEL,DAYLIGHT,0,0,0,1
32086685,CAMPBELL,I 0471,Interstate,,I471 S,,,39.05992545,-84.46952083,1.22,8/17/2023 0:00,2327,2,2,0,1,A,RAINING,WET,0,REAR END IN TRAFFIC LANES BOTH VEHICLES MOVING,REAR END,CURVE & LEVEL,DARK-HWY LIGHTED/ON,0,0,0,1
32059002,CAMPBELL,KY0009,StateRoute,,AA,HWY,,39.00977386,-84.46893445,16.531,8/17/2023 0:00,838,2,2,0,0,O,CLEAR,DRY,0,REAR END IN TRAFFIC LANES BOTH VEHICLES MOVING,REAR END,STRAIGHT & LEVEL,DAYLIGHT,0,0,0,1
32064636,CAMPBELL,I 0471,Interstate,,I471 N,,,39.09570834,-84.48159968,4.128,8/18/2023 0:00,1804,2,2,0,0,O,CLEAR,DRY,0,SIDESWIPE COLLISION - SAME DIRECTION,SIDESWIPE-SAME DIRECTION,STRAIGHT & LEVEL,DAYLIGHT,0,0,0,1