IncidentID,County,RdwyNumber,RdwyType,Street,RoadwayName,StreetSfx,StreetDir,Latitude,Longitude,Milepoint,CollisionDate,CollisionTime,UnitsInvolved,MotorVehiclesInvolved,NumberKilled,NumberInjured,KABCO,Weather,RdwyConditionCode,HitandRun,DirAnalysisCode,MannerofCollision,RdwyCharacter,LightCondition,Intersection Crash,Bicyclist,Pedestrian,Motor Vehicles
32066037,CAMPBELL,US0027,USRoute,,ALEXANDRIA,PIKE,,39.02078681,-84.43860853,15.284,8/18/2023 0:00,817,3,3,0,0,O,CLEAR,DRY,0,OTHER ROADWAY OR MID-BLOCK COLLISION,REAR END,STRAIGHT & LEVEL,DAYLIGHT,0,0,0,1
32067701,CAMPBELL,,OTHR,211,KNOLLWOOD,DR,,39.02606888,-84.46113952,0.087,8/18/2023 0:00,1640,2,2,0,0,O,CLEAR,DRY,0,VEHICLE BACKING NON INTERSECTION,BACKING,STRAIGHT & LEVEL,DAYLIGHT,0,0,0,1
32079393,CAMPBELL,KY1120,StateRoute,100,MEMORIAL,PKWY,,39.09290334,-84.47893323,1.432,8/18/2023 0:00,1600,2,2,0,0,O,CLEAR,DRY,0,REAR END IN TRAFFIC LANES BOTH VEHICLES MOVING,REAR END,CURVE & LEVEL,DAYLIGHT,0,0,0,1
32063390,CAMPBELL,KY0009,StateRoute,,AA,HWY,,39.00978476,-84.46890155,16.529,8/18/2023 0:00,755,2,2,0,0,O,CLEAR,DRY,0,REAR END IN TRAFFIC LANES BOTH VEHICLES MOVING,REAR END,STRAIGHT & LEVEL,DAYLIGHT,0,0,0,1
32063045,CAMPBELL,,OTHR,,LOWELL,ST,,39.07924069,-84.49632489,0.314,8/18/2023 0:00,1436,2,2,0,0,O,CLEAR,DRY,0,OPPOSING LEFT TURN,OPPOSING LEFT TURN,STRAIGHT & LEVEL,DAYLIGHT,0,0,0,1
32073656,CAMPBELL,KY0009,StateRoute,,AA,HWY,,38.98765938,-84.39291737,11.989,8/18/2023 0:00,644,2,2,0,0,O,CLEAR,DRY,1,SIDESWIPE-SAME DIRECTION,SIDESWIPE-SAME DIRECTION,STRAIGHT & LEVEL,DAWN,0,0,0,1
32074615,CAMPBELL,I 0275,Interstate,,,,,39.04822766,-84.45707679,0.049,8/19/2023 0:00,1551,2,2,0,1,C,CLEAR,DRY,0,OTHER RAMP RELATED COLLISIONS NOT LISTED ABOVE,SIDESWIPE-SAME DIRECTION,STRAIGHT & LEVEL,DAYLIGHT,0,0,0,1
32086456,CAMPBELL,I 0275,Interstate,,,,,39.04867938,-84.45994678,0.207,8/19/2023 0:00,1009,3,3,0,2,B,CLEAR,DRY,0,OTHER RAMP RELATED COLLISIONS NOT LISTED ABOVE,REAR END,CURVE & GRADE,DAYLIGHT,0,0,0,1
32066138,CAMPBELL,I 0471,Interstate,,,,,39.08541545,-84.47458131,0.214,8/19/2023 0:00,906,2,2,0,0,O,CLEAR,DRY,0,OTHER RAMP RELATED COLLISIONS NOT LISTED ABOVE,REAR END,CURVE & HILLCREST,DAYLIGHT,0,0,0,1
32072367,CAMPBELL,KY1120,StateRoute,2301,MEMORIAL,PKWY,,39.08943781,-84.45015199,3.319,8/19/2023 0:00,854,2,2,0,2,C,CLEAR,DRY,0,OPPOSING LEFT TURN,OPPOSING LEFT TURN,STRAIGHT & GRADE,DAYLIGHT,0,0,0,1
32080474,CAMPBELL,,OTHR,,PARK,AVE,,39.09741189,-84.49202466,0.291,8/19/2023 0:00,417,1,1,0,0,O,CLEAR,DRY,1,COLLISION WITH FIXED OBJECT IN INTERSECTION - FIRST EVENT COLLISION 09 - 32,SINGLE VEHICLE,STRAIGHT & GRADE,DARK-HWY LIGHTED/ON,1,0,0,1
32095451,CAMPBELL,I 0275,Interstate,,I275 E,,,39.04901754,-84.44800047,74.285,8/19/2023 0:00,1100,1,1,0,0,O,CLEAR,DRY,0,RAN OFF ROADWAY (1 VEHICLE WITH/EARTH EMBANKMENT/DITCH),SINGLE VEHICLE,STRAIGHT & HILLCREST,DAYLIGHT,0,0,0,1
32075125,CAMPBELL,I 0471,Interstate,,I471 N,,,39.05173858,-84.46717858,0.638,8/19/2023 0:00,15,1,1,0,0,O,CLEAR,DRY,0,COLLISION WITH FIXED OBJECT NON - INTERSECTION - FIRST EVENT COLLISION 09 - 32 EXCLUDING 16,SINGLE VEHICLE,CURVE & GRADE,DARK (UNKNOWN ROADWAY LIGHTING),0,0,0,1
32066132,CAMPBELL,KY0009,StateRoute,,LICKING,PIKE,,39.02183846,-84.48128854,17.672,8/19/2023 0:00,1050,2,2,0,0,O,CLEAR,DRY,0,REAR END IN TRAFFIC LANES BOTH VEHICLES MOVING,REAR END,STRAIGHT & LEVEL,DAYLIGHT,0,0,0,1
32065072,CAMPBELL,KY0008,StateRoute,,4TH,ST,W,39.08813404,-84.5040182,0.034,8/19/2023 0:00,222,2,2,0,0,O,CLEAR,DRY,0,HEAD-ON COLLISION,HEAD ON,CURVE & GRADE,DARK-HWY LIGHTED/ON,0,0,0,1
32354284,CAMPBELL,US0027,USRoute,,ALEXANDRIA,PIKE,,39.01967614,-84.43757935,15.185,8/19/2023 0:00,1228,2,2,0,0,O,CLOUDY,DRY,0,SIDESWIPE COLLISION - SAME DIRECTION,SIDESWIPE-SAME DIRECTION,STRAIGHT & LEVEL,DAYLIGHT,0,0,0,1
32099588,CAMPBELL,KY0009,StateRoute,,LICKING,PIKE,,39.02175885,-84.48109871,17.667,8/20/2023 0:00,1252,2,2,0,0,O,CLEAR,DRY,0,REAR END IN TRAFFIC LANES BOTH VEHICLES MOVING,REAR END,STRAIGHT & LEVEL,DAYLIGHT,0,0,0,1
32090191,CAMPBELL,I 0471,Interstate,,I471 N,,,39.08422291,-84.47248857,3.172,8/20/2023 0:00,1724,2,2,0,0,O,CLEAR,DRY,0,REAR END IN TRAFFIC LANES BOTH VEHICLES MOVING,REAR END,STRAIGHT & LEVEL,DAYLIGHT,0,0,0,1
32074980,CAMPBELL,I 0471,Interstate,,I471 N,,,39.04811426,-84.45922923,0.138,8/20/2023 0:00,1549,3,3,0,1,B,CLEAR,DRY,0,OTHER INTERSECTION COLLISIONS,REAR END,STRAIGHT & LEVEL,DAYLIGHT,1,0,0,1
32108222,CAMPBELL,KY1120,StateRoute,,MEMORIAL,PKWY,,39.0922832,-84.47622526,1.607,8/20/2023 0:00,1441,2,2,0,0,O,CLEAR,DRY,0,OTHER ROADWAY OR MID-BLOCK COLLISION,OPPOSING LEFT TURN,STRAIGHT & GRADE,DAYLIGHT,0,0,0,1
32068781,CAMPBELL,I 0471,Interstate,,,,,39.08554617,-84.47424108,0.181,8/20/2023 0:00,1504,2,2,0,0,O,CLEAR,DRY,0,OTHER RAMP RELATED COLLISIONS NOT LISTED ABOVE,REAR END,CURVE & LEVEL,DAYLIGHT,0,0,0,1
32073790,CAMPBELL,I 0471,Interstate,3.8,I471 N,,,39.09476275,-84.48029701,4.01,8/21/2023 0:00,700,1,1,0,0,O,CLEAR,DRY,0,RAN OFF ROADWAY (1 VEHICLE WITH/EARTH EMBANKMENT/DITCH),SINGLE VEHICLE,STRAIGHT & LEVEL,DAYLIGHT,0,0,0,1
32073792,CAMPBELL,,OTHR,,NEWPORT PAVILION,,,39.08639348,-84.477263,0.598,8/21/2023 0:00,950,2,2,0,0,O,CLEAR,DRY,0,SIDESWIPE-SAME DIRECTION,SIDESWIPE-SAME DIRECTION,STRAIGHT & LEVEL,DAYLIGHT,0,0,0,1
32083664,CAMPBELL,,OTHR,406,FT THOMAS,AVE,N,39.08357176,-84.45195377,0.102,8/21/2023 0:00,756,2,2,0,0,O,CLEAR,DRY,0,COLLISION WITH PARKED VEHICLE,ANGLE,STRAIGHT & LEVEL,DAYLIGHT,0,0,0,1
32073791,CAMPBELL,KY1892,StateRoute,83,CAROTHERS,RD,,39.08626241,-84.47872425,2.232,8/21/2023 0:00,1119,2,2,0,0,O,CLOUDY,DRY,0,1 VEHICLE ENTERING/LEAVING ENTRANCE,ANGLE,CURVE & GRADE,DAYLIGHT,0,0,0,1
32076383,CAMPBELL,I 0275,Interstate,,I275 W,,,39.04817727,-84.45298631,74.554,8/21/2023 0:00,1229,2,2,0,0,O,CLEAR,,1,SIDESWIPE COLLISION - SAME DIRECTION,SIDESWIPE-SAME DIRECTION,STRAIGHT & GRADE,DAYLIGHT,0,0,0,1
32081878,CAMPBELL,I 0471,Interstate,,I471 NB,,,39.06201136,-84.46843129,1.386,8/21/2023 0:00,841,2,2,0,0,O,CLEAR,DRY,1,SIDESWIPE COLLISION - SAME DIRECTION,SIDESWIPE-SAME DIRECTION,CURVE & LEVEL,DAYLIGHT,0,0,0,1
32099590,CAMPBELL,KY0009,StateRoute,,LICKING,PIKE,,39.04418367,-84.48425677,19.268,8/21/2023 0:00,2034,1,1,0,0,O,CLEAR,DRY,0,OTHER COLLISIONS ON SHOULDER,SINGLE VEHICLE,STRAIGHT & LEVEL,DUSK,0,0,0,1
32104351,CAMPBELL,,OTHR,,POPLAR RIDGE,RD,,38.97368801,-84.39181962,0.024,8/22/2023 0:00,1756,2,2,0,0,O,CLEAR,DRY,0,OTHER ROADWAY OR MID-BLOCK COLLISION,OPPOSING LEFT TURN,STRAIGHT & LEVEL,DAYLIGHT,0,0,0,1
32082375,CAMPBELL,,OTHR,3,RAINTREE,DR,,39.02833409,-84.37144297,0.001,8/22/2023 0:00,1448,1,1,0,2,C,CLEAR,DRY,0,OTHER ROADWAY OR MID-BLOCK COLLISION,SINGLE VEHICLE,STRAIGHT & GRADE,DAYLIGHT,0,0,0,1
32089426,CAMPBELL,US0027,USRoute,,ALEXANDRIA,PIKE,,39.01994123,-84.43768075,15.206,8/22/2023 0:00,825,3,3,0,0,O,CLEAR,DRY,0,OTHER ROADWAY OR MID-BLOCK COLLISION,REAR END,STRAIGHT & LEVEL,DAYLIGHT,0,0,0,1
32084412,CAMPBELL,KY1892,StateRoute,100,CAROTHERS,RD,,39.0863611,-84.47737063,2.159,8/22/2023 0:00,1200,2,2,0,0,O,CLEAR,DRY,0,OTHER ROADWAY OR MID-BLOCK COLLISION,REAR END,STRAIGHT & LEVEL,DAYLIGHT,0,0,0,1
32099591,CAMPBELL,KY2345,StateRoute,,JOHNS HILL,RD,,39.05246253,-84.48877789,3.297,8/22/2023 0:00,822,2,2,0,0,O,CLEAR,DRY,0,REAR END - ONE VEHICLE TURNING RIGHT,REAR END,STRAIGHT & LEVEL,DAYLIGHT,0,0,0,1
32082376,CAMPBELL,US0027,USRoute,,ALEXANDRIA,PIKE,,38.86424377,-84.39249611,3.38,8/22/2023 0:00,1546,2,2,0,0,O,CLEAR,DRY,0,ANGLE COLLISION - OTHER,ANGLE,STRAIGHT & GRADE,DAYLIGHT,0,0,0,1
32096671,CAMPBELL,US0027,USRoute,,YORK,ST,,39.09316847,-84.49719602,22.297,8/22/2023 0:00,500,1,1,0,0,O,CLEAR,DRY,0,OTHER INTERSECTION COLLISIONS,SINGLE VEHICLE,STRAIGHT & LEVEL,DAYLIGHT,1,0,0,1
32083669,CAMPBELL,KY1892,StateRoute,85,GRAND,AVE,N,39.07852388,-84.46495453,1.258,8/22/2023 0:00,1456,2,2,0,0,O,CLOUDY,DRY,0,1 VEHICLE PARKED POSITION (NOT PARKING LOT/DRIVEWAY),BACKING,STRAIGHT & GRADE,DAYLIGHT,0,0,0,1
32085749,CAMPBELL,,OTHR,512,LAFAYETTE,AVE,,39.10038045,-84.48045335,0.497,8/22/2023 0:00,238,3,3,0,0,O,CLEAR,DRY,0,1 VEHICLE PARKED POSITION (NOT PARKING LOT/DRIVEWAY),SIDESWIPE-SAME DIRECTION,STRAIGHT & GRADE,DARK-HWY LIGHTED/ON,0,0,0,1
32083396,CAMPBELL,I 0471,Interstate,,I471 N,,,39.10108723,-84.49590969,5,8/23/2023 0:00,831,3,3,0,0,O,CLEAR,DRY,0,OTHER ROADWAY OR MID-BLOCK COLLISION,REAR END,STRAIGHT & LEVEL,DAYLIGHT,0,0,0,1
32085451,CAMPBELL,,OTHR,,10TH,ST,W,39.08545907,-84.49204856,0.434,8/23/2023 0:00,1722,2,1,0,1,B,CLEAR,DRY,0,COLLISION WITH BICYCLIST NON INTERSECTION,SINGLE VEHICLE,STRAIGHT & LEVEL,DAYLIGHT,0,1,0,0
32086127,CAMPBELL,,OTHR,717,PATTERSON,ST,,39.08690406,-84.49940228,0.521,8/23/2023 0:00,1804,2,2,0,0,O,CLEAR,DRY,1,1 VEHICLE PARKED POSITION (NOT PARKING LOT/DRIVEWAY),SIDESWIPE-OPPOSITE DIRECTION,STRAIGHT & LEVEL,DAYLIGHT,0,0,0,1
32083722,CAMPBELL,US0027,USRoute,,ALEXANDRIA,PIKE,,39.00083361,-84.42035731,13.623,8/23/2023 0:00,825,2,2,0,0,O,CLEAR,DRY,0,OTHER INTERSECTION COLLISIONS,REAR END,STRAIGHT & LEVEL,DAYLIGHT,1,0,0,1
32085880,CAMPBELL,US0027,USRoute,,ALEXANDRIA,PIKE,,39.02768148,-84.44937817,16.048,8/23/2023 0:00,1200,2,2,0,0,O,CLEAR,DRY,0,OTHER INTERSECTION COLLISIONS,REAR END,STRAIGHT & LEVEL,DAYLIGHT,1,0,0,1
32086072,CAMPBELL,KY1892,StateRoute,,CAROTHERS,RD,,39.08393817,-84.48376703,2.56,8/23/2023 0:00,1921,2,2,0,0,O,CLEAR,DRY,0,OTHER INTERSECTION COLLISIONS,REAR END,STRAIGHT & LEVEL,DAYLIGHT,1,0,0,1
32089308,CAMPBELL,US0027,USRoute,,ALEXANDRIA,PIKE,,39.02026383,-84.43798551,15.226,8/23/2023 0:00,1936,2,2,0,0,O,CLEAR,DRY,0,OTHER INTERSECTION COLLISIONS,REAR END,STRAIGHT & LEVEL,DAYLIGHT,1,0,0,1
32086458,CAMPBELL,US0027,USRoute,,ALEXANDRIA,PIKE,,38.90323715,-84.38404177,6.204,8/23/2023 0:00,1852,2,2,0,1,C,CLEAR,DRY,0,ANGLE COLLISION - OTHER,ANGLE,STRAIGHT & LEVEL,DAYLIGHT,0,0,0,1
32107662,CAMPBELL,,OTHR,107,WASHINGTON,ST,,38.96067014,-84.3889329,0.346,8/23/2023 0:00,1628,2,2,0,0,O,CLEAR,DRY,0,1 VEHICLE PARKED POSITION (NOT PARKING LOT/DRIVEWAY),BACKING,STRAIGHT & LEVEL,DAYLIGHT,0,0,0,1
32102436,CAMPBELL,I 0275,Interstate,,I275 E,,,39.05050064,-84.4452901,74.111,8/23/2023 0:00,1736,2,2,0,0,O,CLEAR,DRY,0,SIDESWIPE COLLISION - SAME DIRECTION,SIDESWIPE-SAME DIRECTION,STRAIGHT & GRADE,DAYLIGHT,0,0,0,1
32101422,CAMPBELL,I 0471,Interstate,,I471 SB,,,39.0610103,-84.46951867,1.296,8/24/2023 0:00,750,2,2,0,0,O,RAINING,WET,0,SIDESWIPE COLLISION - SAME DIRECTION,SIDESWIPE-SAME DIRECTION,STRAIGHT & LEVEL,DAYLIGHT,0,0,0,1
32102290,CAMPBELL,,OTHR,,THOMAS POINTE,DR,,39.08407473,-84.46783186,0.095,8/24/2023 0:00,1700,2,2,0,0,O,CLEAR,DRY,0,1 VEHICLE PARKED POSITION (NOT PARKING LOT/DRIVEWAY),BACKING,STRAIGHT & LEVEL,DAYLIGHT,0,0,0,1
32123531,CAMPBELL,,OTHR,,VINE,ST,,39.11170409,-84.47809148,0.093,8/24/2023 0:00,1110,2,2,0,0,O,CLOUDY,WET,0,1 VEHICLE PARKED POSITION (NOT PARKING LOT/DRIVEWAY),SIDESWIPE-SAME DIRECTION,STRAIGHT & LEVEL,DAYLIGHT,0,0,0,1
32104912,CAMPBELL,,OTHR,402,TAYLOR,AVE,,39.10411245,-84.48214191,0.266,8/24/2023 0:00,1927,2,2,0,0,O,CLEAR,DRY,0,1 VEHICLE PARKED POSITION (NOT PARKING LOT/DRIVEWAY),SIDESWIPE-SAME DIRECTION,STRAIGHT & LEVEL,DAYLIGHT,0,0,0,1
32093277,CAMPBELL,,OTHR,1148,WATERWORKS,RD,,39.09439958,-84.47101109,0.35,8/24/2023 0:00,2300,2,2,0,0,O,CLEAR,DRY,1,1 VEHICLE PARKED POSITION (NOT PARKING LOT/DRIVEWAY),SIDESWIPE-SAME DIRECTION,STRAIGHT & LEVEL,DARK (UNKNOWN ROADWAY LIGHTING),0,0,0,1
32393013,CAMPBELL,,OTHR,8088,ARCADIA,BLVD,,38.96788949,-84.40535663,1.254,8/24/2023 0:00,1752,2,1,0,1,A,CLEAR,DRY,0,COLLISION WITH BICYCLIST NON INTERSECTION,SINGLE VEHICLE,STRAIGHT & LEVEL,DAYLIGHT,0,1,0,0
32111313,CAMPBELL,I 0275,Interstate,,I275 E,,,39.03379736,-84.47035105,76.122,8/24/2023 0:00,930,4,4,0,0,O,RAINING,WET,1,OTHER ROADWAY OR MID-BLOCK COLLISION,REAR TO REAR,STRAIGHT & LEVEL,DAYLIGHT,0,0,0,1
32113249,CAMPBELL,KY0010,StateRoute,,MAIN,ST,E,38.9588605,-84.3890652,1.549,8/25/2023 0:00,707,2,2,0,0,O,CLEAR,DRY,0,ANGLE COLLISION - OTHER,ANGLE,STRAIGHT & LEVEL,DAYLIGHT,0,0,0,1
32159550,CAMPBELL,KY0010,StateRoute,,MAIN,ST,E,38.96008329,-84.38572555,1.748,8/25/2023 0:00,2304,2,2,0,0,O,CLEAR,DRY,0,COLLISION WITH PARKED VEHICLE,SIDESWIPE-SAME DIRECTION,CURVE & LEVEL,DARK-HWY LIGHTED/ON,0,0,0,1
32109356,CAMPBELL,,OTHR,634,4TH,AVE,,39.11490506,-84.47255483,0.279,8/25/2023 0:00,1738,2,2,0,0,O,CLEAR,DRY,0,SIDESWIPE-SAME DIRECTION,SIDESWIPE-SAME DIRECTION,STRAIGHT & LEVEL,DAYLIGHT,0,0,0,1
32102295,CAMPBELL,KY1120,StateRoute,,MEMORIAL,PKWY,,39.08604836,-84.44961021,3.63,8/25/2023 0:00,,2,2,0,0,O,CLEAR,DRY,1,1 VEHICLE PARKED POSITION (NOT PARKING LOT/DRIVEWAY),SIDESWIPE-SAME DIRECTION,CURVE & LEVEL,DARK-HWY LIGHTED/ON,0,0,0,1
32091459,CAMPBELL,,OTHR,110,KENTUCKY,DR,,39.07463104,-84.48036528,0.58,8/25/2023 0:00,612,2,2,0,0,O,CLOUDY,DRY,1,1 VEHICLE PARKED POSITION (NOT PARKING LOT/DRIVEWAY),SIDESWIPE-SAME DIRECTION,STRAIGHT & GRADE,DARK-HWY NOT LIGHTED,0,0,0,1
32094294,CAMPBELL,KY0009,StateRoute,,AA,HWY,,38.91834662,-84.28756684,4.361,8/25/2023 0:00,640,2,2,0,0,O,CLEAR,DRY,0,REAR END IN TRAFFIC LANES BOTH VEHICLES MOVING,REAR END,CURVE & GRADE,DAWN,0,0,0,1
32098748,CAMPBELL,US0027,USRoute,3800,ALEXANDRIA,PIKE,,39.02564778,-84.44664596,15.835,8/25/2023 0:00,1554,2,2,0,0,O,CLOUDY,DRY,0,REAR END IN TRAFFIC LANES BOTH VEHICLES MOVING,REAR END,STRAIGHT & LEVEL,DAYLIGHT,0,0,0,1
32102293,CAMPBELL,KY1120,StateRoute,1017,FT THOMAS,AVE,S,39.06477191,-84.44646624,5.326,8/25/2023 0:00,1928,2,2,0,0,O,CLEAR,DRY,0,SIDESWIPE COLLISION - SAME DIRECTION,SIDESWIPE-SAME DIRECTION,CURVE & LEVEL,DAYLIGHT,0,0,0,1
32123671,CAMPBELL,I 0471,Interstate,,I471 S,,,39.05133053,-84.46714026,0.566,8/25/2023 0:00,1741,2,2,0,0,O,CLOUDY,DRY,1,SIDESWIPE COLLISION - SAME DIRECTION,SIDESWIPE-SAME DIRECTION,STRAIGHT & LEVEL,DAYLIGHT,0,0,0,1
32096025,CAMPBELL,KY1120,StateRoute,28,11TH,ST,W,39.08448181,-84.49047891,0.608,8/26/2023 0:00,840,4,4,0,0,O,CLOUDY,WET,0,1 VEHICLE PARKED POSITION (NOT PARKING LOT/DRIVEWAY),SIDESWIPE-SAME DIRECTION,STRAIGHT & LEVEL,DAYLIGHT,0,0,0,1
32098516,CAMPBELL,,OTHR,,CALIFORNIA,XRD,,38.90550414,-84.28920763,,8/26/2023 0:00,2044,1,1,0,0,O,FOG WITH RAIN,WET,0,RAN OFF ROADWAY (1 VEHICLE WITH/EARTH EMBANKMENT/DITCH),SINGLE VEHICLE,CURVE & GRADE,DARK (UNKNOWN ROADWAY LIGHTING),0,0,0,1
32109354,CAMPBELL,,OTHR,919,MAPLE,ST,,39.10709858,-84.47407511,0.132,8/26/2023 0:00,2252,2,2,0,0,O,CLEAR,DRY,0,1 VEHICLE PARKED POSITION (NOT PARKING LOT/DRIVEWAY),BACKING,STRAIGHT & GRADE,DARK (UNKNOWN ROADWAY LIGHTING),0,0,0,1
32121548,CAMPBELL,KY0008,StateRoute,136,6TH,AVE,,39.11001829,-84.47843034,2.234,8/26/2023 0:00,2108,2,2,0,0,O,CLOUDY,DRY,0,ANGLE COLLISION - OTHER,ANGLE,STRAIGHT & GRADE,DARK-HWY LIGHTED/ON,0,0,0,1
32096024,CAMPBELL,KY1892,StateRoute,,CAROTHERS,RD,,39.08638594,-84.47731534,2.156,8/26/2023 0:00,928,2,2,0,0,O,CLOUDY,DRY,0,OTHER ROADWAY OR MID-BLOCK COLLISION,REAR END,CURVE & GRADE,DAYLIGHT,0,0,0,1
32099592,CAMPBELL,I 0275,Interstate,,,,,39.02126967,-84.4813904,0.043,8/26/2023 0:00,1840,2,2,0,0,O,CLOUDY,WET,0,OTHER RAMP RELATED COLLISIONS NOT LISTED ABOVE,ANGLE,STRAIGHT & LEVEL,DAYLIGHT,0,0,0,1
32099593,CAMPBELL,KY0009,StateRoute,,AA,HWY,,39.00983271,-84.46909249,16.536,8/27/2023 0:00,1208,2,2,0,0,O,CLEAR,DRY,0,OTHER INTERSECTION COLLISIONS,REAR END,STRAIGHT & LEVEL,DAYLIGHT,1,0,0,1
32104173,CAMPBELL,KY0536,StateRoute,384,CREEKTRACE,RD,,38.92764392,-84.4316604,1.006,8/27/2023 0:00,1200,1,1,0,0,O,CLEAR,DRY,0,COLLISION WITH FIXED OBJECT NON - INTERSECTION - FIRST EVENT COLLISION 09 - 32 EXCLUDING 16,SINGLE VEHICLE,STRAIGHT & LEVEL,DAYLIGHT,0,0,0,1
32098732,CAMPBELL,,OTHR,135,CLEVELAND,AVE,,39.09923103,-84.47334772,0.307,8/27/2023 0:00,930,1,1,0,0,O,CLOUDY,DRY,0,COLLISION WITH FIXED OBJECT NON - INTERSECTION - FIRST EVENT COLLISION 09 - 32 EXCLUDING 16,SINGLE VEHICLE,STRAIGHT & LEVEL,DAYLIGHT,0,0,0,1
32104175,CAMPBELL,US0027,USRoute,,ALEXANDRIA,PIKE,,38.91629178,-84.38824514,7.14,8/27/2023 0:00,900,1,1,0,0,O,CLOUDY,DRY,0,OTHER ROADWAY OR MID-BLOCK COLLISION,SINGLE VEHICLE,STRAIGHT & LEVEL,DAYLIGHT,0,0,0,1
32113248,CAMPBELL,US0027,USRoute,,ALEXANDRIA,PIKE,,38.98037095,-84.39429426,11.637,8/27/2023 0:00,1617,2,2,0,0,O,CLEAR,DRY,0,SIDESWIPE COLLISION - SAME DIRECTION,SIDESWIPE-SAME DIRECTION,STRAIGHT & LEVEL,DAYLIGHT,0,0,0,1
32104178,CAMPBELL,US0027,USRoute,13687,ALEXANDRIA,PIKE,,38.83595646,-84.36798789,1.016,8/27/2023 0:00,530,1,1,0,0,O,CLOUDY,DRY,1,OTHER COLLISIONS ON SHOULDER,SINGLE VEHICLE,CURVE & GRADE,DARK-HWY LIGHTED/ON,0,0,0,1
32129632,CAMPBELL,KY0008,StateRoute,206,6TH,AVE,,39.11014474,-84.47820065,2.223,8/28/2023 0:00,1750,2,2,0,0,O,CLEAR,DRY,1,1 VEHICLE PARKED POSITION (NOT PARKING LOT/DRIVEWAY),SIDESWIPE-SAME DIRECTION,STRAIGHT & LEVEL,DAYLIGHT,0,0,0,1
32123674,CAMPBELL,KY0009,StateRoute,,AA,HWY,,39.01231636,-84.47389619,16.862,8/28/2023 0:00,1515,2,2,0,0,O,CLEAR,DRY,0,1 VEHICLE ENTERING/LEAVING ENTRANCE,ANGLE,STRAIGHT & LEVEL,DAYLIGHT,0,0,0,1
32107383,CAMPBELL,US0027,USRoute,,ALEXANDRIA,PIKE,,39.06285509,-84.45294279,18.849,8/28/2023 0:00,1600,2,2,0,0,O,CLEAR,DRY,0,REAR END - ONE VEHICLE TURNING LEFT,REAR END,STRAIGHT & GRADE,DAYLIGHT,0,0,0,1
32116615,CAMPBELL,KY0915,StateRoute,,LICKING,PIKE,,38.92531527,-84.39958921,0.753,8/28/2023 0:00,722,2,2,0,0,O,CLEAR,DRY,0,ANGLE COLLISION - OTHER,ANGLE,STRAIGHT & GRADE,DAYLIGHT,0,0,0,1
32114783,CAMPBELL,US0027,USRoute,,ALEXANDRIA,PIKE,,39.02076945,-84.43883472,15.292,8/28/2023 0:00,1515,2,2,0,0,O,CLEAR,DRY,0,OTHER ROADWAY OR MID-BLOCK COLLISION,REAR END,STRAIGHT & LEVEL,DAYLIGHT,0,0,0,1
32112284,CAMPBELL,US0027,USRoute,,ALEXANDRIA,PIKE,,39.06926788,-84.46798665,19.849,8/29/2023 0:00,748,2,2,0,0,O,CLEAR,DRY,0,OTHER ROADWAY OR MID-BLOCK COLLISION,REAR END,STRAIGHT & GRADE,DAYLIGHT,0,0,0,1
32136750,CAMPBELL,KY0009,StateRoute,,AA,HWY,,39.02130574,-84.48126612,17.625,8/29/2023 0:00,1222,2,2,0,0,O,CLEAR,DRY,0,OTHER INTERSECTION COLLISIONS,REAR END,STRAIGHT & LEVEL,DAYLIGHT,1,0,0,1
32112285,CAMPBELL,I 0471,Interstate,,I471 S,,,39.06143492,-84.46904903,1.335,8/29/2023 0:00,1710,2,2,0,0,O,CLEAR,DRY,1,SIDESWIPE COLLISION - SAME DIRECTION,SIDESWIPE-SAME DIRECTION,CURVE & LEVEL,DAYLIGHT,0,0,0,1
32115740,CAMPBELL,US0027,USRoute,,ALEXANDRIA,PIKE,,39.01862342,-84.43615601,15.07,8/29/2023 0:00,840,4,4,0,0,O,CLEAR,DRY,0,REAR END IN TRAFFIC LANES BOTH VEHICLES MOVING,REAR END,STRAIGHT & LEVEL,DAYLIGHT,0,0,0,1
32108379,CAMPBELL,KY1632,StateRoute,,KY1632 TURN LANE,,,39.0682781,-84.46658745,0.022,8/29/2023 0:00,750,2,2,0,0,O,CLEAR,DRY,0,REAR END IN TRAFFIC LANES BOTH VEHICLES MOVING,REAR END,CURVE & HILLCREST,DAYLIGHT,0,0,0,1
32111314,CAMPBELL,,OTHR,3,HIGHLAND MEADOWS,DR,,39.02572985,-84.45866715,0.223,8/29/2023 0:00,1057,2,2,0,0,O,CLEAR,DRY,0,1 VEHICLE PARKED POSITION (NOT PARKING LOT/DRIVEWAY),SIDESWIPE-SAME DIRECTION,STRAIGHT & LEVEL,DAYLIGHT,0,0,0,1
32115248,CAMPBELL,US0027,USRoute,1700,MONMOUTH,ST,,39.082882,-84.48235783,21.107,8/30/2023 0:00,1551,2,2,0,0,O,CLEAR,DRY,0,SIDESWIPE COLLISION - SAME DIRECTION,SIDESWIPE-SAME DIRECTION,STRAIGHT & LEVEL,DAYLIGHT,0,0,0,1
32128801,CAMPBELL,,OTHR,,6TH,ST,E,39.09264122,-84.49150593,0.542,8/30/2023 0:00,1351,2,2,0,0,O,CLOUDY,DRY,0,COLLISION WITH PARKED VEHICLE,ANGLE,STRAIGHT & LEVEL,DAYLIGHT,0,0,0,1