IncidentID,County,RdwyNumber,RdwyType,Street,RoadwayName,StreetSfx,StreetDir,Latitude,Longitude,Milepoint,CollisionDate,CollisionTime,UnitsInvolved,MotorVehiclesInvolved,NumberKilled,NumberInjured,KABCO,Weather,RdwyConditionCode,HitandRun,DirAnalysisCode,MannerofCollision,RdwyCharacter,LightCondition,Intersection Crash,Bicyclist,Pedestrian,Motor Vehicles
32116882,CAMPBELL,KY0008,StateRoute,200,3RD,ST,E,39.09482087,-84.49487675,0.713,8/30/2023 0:00,2211,2,1,0,0,O,CLEAR,DRY,0,COLLISION WITH PEDESTRIAN NON - INTERSECTION,SINGLE VEHICLE,STRAIGHT & LEVEL,DARK-HWY LIGHTED/ON,0,0,1,0
32118853,CAMPBELL,US0027,USRoute,,ALEXANDRIA,PIKE,,38.91351402,-84.38714207,6.94,8/30/2023 0:00,2038,1,1,0,0,O,CLEAR,DRY,0,OTHER ROADWAY OR MID-BLOCK COLLISION,SINGLE VEHICLE,STRAIGHT & LEVEL,DARK-HWY LIGHTED/ON,0,0,0,1
32116885,CAMPBELL,I 0471,Interstate,,,,,39.08543982,-84.47444146,0.171,8/30/2023 0:00,2143,2,2,0,0,O,CLEAR,DRY,0,OTHER RAMP RELATED COLLISIONS NOT LISTED ABOVE,REAR END,STRAIGHT & LEVEL,DARK-HWY LIGHTED/ON,0,0,0,1
32114421,CAMPBELL,I 0471,Interstate,,,,,39.0850391,-84.47443065,0.206,8/30/2023 0:00,1320,2,2,0,0,O,CLEAR,DRY,0,OTHER RAMP RELATED COLLISIONS NOT LISTED ABOVE,REAR END,CURVE & GRADE,DAYLIGHT,0,0,0,1
32124350,CAMPBELL,,OTHR,,LOUIE B NUNN,DR,,39.03194088,-84.4631502,0.21,8/31/2023 0:00,1348,1,1,0,0,O,CLEAR,DRY,0,COLLISION WITH FIXED OBJECT NON - INTERSECTION - FIRST EVENT COLLISION 09 - 32 EXCLUDING 16,SINGLE VEHICLE,STRAIGHT & LEVEL,DAYLIGHT,0,0,0,1
32119134,CAMPBELL,,OTHR,1031,ERVIN,TER,,39.10843511,-84.47120427,0.008,8/31/2023 0:00,725,2,2,0,0,O,CLEAR,DRY,0,1 VEHICLE PARKED POSITION (NOT PARKING LOT/DRIVEWAY),REAR TO REAR,STRAIGHT & HILLCREST,DAYLIGHT,0,0,0,1
32119710,CAMPBELL,,OTHR,520,LINDSEY,ST,,39.0827814,-84.49852391,0.044,8/31/2023 0:00,1320,2,2,0,0,O,CLEAR,DRY,0,1 VEHICLE PARKED POSITION (NOT PARKING LOT/DRIVEWAY),SIDESWIPE-SAME DIRECTION,STRAIGHT & LEVEL,DAYLIGHT,0,0,0,1
32134464,CAMPBELL,,OTHR,1200,MAPLE,ST,,39.10704388,-84.47391048,0.141,8/31/2023 0:00,625,2,2,0,0,O,CLOUDY,DRY,1,1 VEHICLE PARKED POSITION (NOT PARKING LOT/DRIVEWAY),BACKING,STRAIGHT & LEVEL,DARK-HWY LIGHTED/ON,0,0,0,1
32122711,CAMPBELL,,OTHR,6434,LOWER TUG FORK,RD,,39.00272626,-84.37986604,1.347,8/31/2023 0:00,1918,1,1,0,0,O,CLEAR,DRY,0,COLLISION WITH FIXED OBJECT NON - INTERSECTION - FIRST EVENT COLLISION 09 - 32 EXCLUDING 16,SINGLE VEHICLE,CURVE & LEVEL,DAYLIGHT,0,0,0,1
32122374,CAMPBELL,KY0009,StateRoute,,AA,HWY,,38.9141465,-84.28375482,3.999,8/31/2023 0:00,402,1,1,0,0,O,CLEAR,DRY,0,COLLISION WITH ANIMAL NON INTERSECTION,SINGLE VEHICLE,STRAIGHT & LEVEL,DARK-HWY NOT LIGHTED,0,0,0,1
32166379,CAMPBELL,,OTHR,,VIEW POINT,DR,,38.98577028,-84.40289254,0.676,8/31/2023 0:00,1521,2,2,0,0,O,CLEAR,DRY,0,ANGLE COLLISION - OTHER,ANGLE,STRAIGHT & LEVEL,DAYLIGHT,0,0,0,1
32130704,CAMPBELL,KY0154,StateRoute,,PEACH GROVE,RD,,38.85153165,-84.37208866,,8/31/2023 0:00,816,2,2,0,0,O,CLEAR,DRY,0,1 VEHICLE ENTERING/LEAVING ENTRANCE,ANGLE,STRAIGHT & GRADE,DAYLIGHT,0,0,0,1
32121589,CAMPBELL,US0027,USRoute,,YORK,ST,,39.09311563,-84.49708011,22.293,8/31/2023 0:00,1842,2,2,0,0,O,CLEAR,DRY,0,1 VEHICLE ENTERING/LEAVING ENTRANCE,ANGLE,CURVE & LEVEL,DAYLIGHT,0,0,0,1
32119878,CAMPBELL,I 0275,Interstate,,I275 W,,,39.04804716,-84.45443951,74.632,8/31/2023 0:00,1355,2,2,0,0,O,CLEAR,DRY,0,SIDESWIPE COLLISION - SAME DIRECTION,SIDESWIPE-SAME DIRECTION,STRAIGHT & HILLCREST,DAYLIGHT,0,0,0,1
32125028,CAMPBELL,,OTHR,,BOONE,ST,,39.08960296,-84.48566814,0.097,9/1/2023 0:00,1028,2,2,0,0,O,CLEAR,DRY,0,SIDESWIPE COLLISION - SAME DIRECTION,SIDESWIPE-SAME DIRECTION,STRAIGHT & LEVEL,DAYLIGHT,0,0,0,1
32130634,CAMPBELL,,OTHR,,NINE MILE,RD,,39.00502781,-84.34761553,1.429,9/1/2023 0:00,1630,2,2,0,0,O,CLEAR,DRY,0,SIDESWIPE COLLISION - SAME DIRECTION,SIDESWIPE-SAME DIRECTION,STRAIGHT & GRADE,DAYLIGHT,0,0,0,1
32138885,CAMPBELL,,OTHR,111,NEWMAN,AVE,,39.07804364,-84.46176103,0.148,9/1/2023 0:00,1741,2,2,0,0,O,CLOUDY,DRY,0,SIDESWIPE COLLISION - SAME DIRECTION,SIDESWIPE-SAME DIRECTION,STRAIGHT & GRADE,DAYLIGHT,0,0,0,1
32156025,CAMPBELL,I 0471,Interstate,5,I471 N,,,39.10011194,-84.49350658,4.856,9/1/2023 0:00,800,2,2,0,0,O,CLEAR,DRY,0,SIDESWIPE COLLISION - SAME DIRECTION,SIDESWIPE-SAME DIRECTION,STRAIGHT & LEVEL,DAYLIGHT,0,0,0,1
32166384,CAMPBELL,,OTHR,105,WASHINGTON,ST,,38.95999458,-84.3882792,0.38,9/1/2023 0:00,2014,2,2,0,0,O,CLEAR,DRY,0,VEHICLE BACKING NON INTERSECTION,BACKING,STRAIGHT & LEVEL,DAYLIGHT,0,0,0,1
32138890,CAMPBELL,,OTHR,,HIGHLAND,AVE,,39.0763797,-84.45378267,1.065,9/1/2023 0:00,530,2,2,0,0,O,CLEAR,DRY,0,1 VEHICLE PARKED POSITION (NOT PARKING LOT/DRIVEWAY),SIDESWIPE-SAME DIRECTION,STRAIGHT & LEVEL,DARK-HWY LIGHTED/ON,0,0,0,1
32138961,CAMPBELL,I 0471,Interstate,,I471 N,,,39.09955681,-84.49257984,4.793,9/1/2023 0:00,1609,3,3,0,0,O,CLEAR,DRY,0,REAR END IN TRAFFIC LANES BOTH VEHICLES MOVING,REAR END,STRAIGHT & LEVEL,DAYLIGHT,0,0,0,1
32124222,CAMPBELL,,OTHR,,PARK,AVE,,39.09791586,-84.49271294,0.342,9/1/2023 0:00,1152,3,3,0,1,C,CLEAR,DRY,1,COLLISION WITH FIXED OBJECT IN INTERSECTION - FIRST EVENT COLLISION 09 - 32,REAR END,STRAIGHT & LEVEL,DAYLIGHT,1,0,0,1
32125693,CAMPBELL,US0027,USRoute,,ALEXANDRIA,PIKE,,39.00430764,-84.4246284,13.941,9/1/2023 0:00,740,2,2,0,0,O,CLEAR,DRY,0,VEHICLE BACKING IN INTERSECTION,BACKING,STRAIGHT & HILLCREST,DAYLIGHT,1,0,0,1
32131210,CAMPBELL,US0027,USRoute,2350,ALEXANDRIA,PIKE,,39.07463813,-84.47533375,20.407,9/1/2023 0:00,1329,1,1,0,0,O,CLEAR,DRY,0,COLLISION WITH FIXED OBJECT NON - INTERSECTION - FIRST EVENT COLLISION 09 - 32 EXCLUDING 16,SINGLE VEHICLE,STRAIGHT & LEVEL,DAYLIGHT,0,0,0,1
32126155,CAMPBELL,KY0008,StateRoute,200,WASHINGTON,AVE,,39.09662624,-84.49420599,0.9,9/1/2023 0:00,1952,1,1,0,0,O,CLEAR,DRY,0,COLLISION WITH FIXED OBJECT NON - INTERSECTION - FIRST EVENT COLLISION 09 - 32 EXCLUDING 16,SINGLE VEHICLE,CURVE & LEVEL,DUSK,0,0,0,1
32136221,CAMPBELL,,OTHR,,PRIVATE DRIVEWAY,,,38.97450039,-84.30317507,,9/2/2023 0:00,2146,2,1,0,0,O,CLEAR,DRY,0,COLLISION WITH TRAIN,SINGLE VEHICLE,STRAIGHT & LEVEL,DARK-HWY NOT LIGHTED,0,0,0,1
32128472,CAMPBELL,I 0471,Interstate,,,,,39.08286705,-84.47041699,0.202,9/2/2023 0:00,1002,1,1,0,0,O,CLEAR,DRY,0,COLLISION WITH FIXED OBJECT NOT IN GORE ,SINGLE VEHICLE,CURVE & LEVEL,DAYLIGHT,0,0,0,1
32130569,CAMPBELL,KY0008,StateRoute,,4TH,ST,W,39.09156382,-84.4975612,0.451,9/2/2023 0:00,2326,2,2,0,0,O,CLEAR,DRY,0,ANGLE COLLISION - OTHER,ANGLE,STRAIGHT & GRADE,DARK-HWY LIGHTED/ON,0,0,0,1
32128818,CAMPBELL,KY1892,StateRoute,76,CAROTHERS,RD,,39.08617837,-84.4788971,2.243,9/2/2023 0:00,1315,2,2,0,0,O,CLEAR,DRY,0,REAR END IN TRAFFIC LANES BOTH VEHICLES MOVING,REAR END,CURVE & GRADE,DAYLIGHT,0,0,0,1
32130999,CAMPBELL,,OTHR,2076,GRANDVIEW,RD,,38.96071039,-84.35734374,,9/2/2023 0:00,1805,1,1,0,0,O,CLEAR,DRY,0,OTHER COLLISIONS ON SHOULDER,SINGLE VEHICLE,CURVE & GRADE,DAYLIGHT,0,0,0,1
32135556,CAMPBELL,,OTHR,306,COVERT RUN,PIKE,,39.09992564,-84.47702843,0.116,9/2/2023 0:00,1605,2,2,0,0,O,CLEAR,DRY,0,1 VEHICLE PARKED POSITION (NOT PARKING LOT/DRIVEWAY),SIDESWIPE-SAME DIRECTION,CURVE & LEVEL,DAYLIGHT,0,0,0,1
32159723,CAMPBELL,,OTHR,228,FOOTE,AVE,,39.10684248,-84.48144118,0.198,9/2/2023 0:00,1316,2,2,0,0,O,CLEAR,DRY,1,1 VEHICLE PARKED POSITION (NOT PARKING LOT/DRIVEWAY),SIDESWIPE-SAME DIRECTION,STRAIGHT & GRADE,DAYLIGHT,0,0,0,1
32132257,CAMPBELL,US0027,USRoute,,3RD,ST,E,39.09363016,-84.49688627,22.255,9/2/2023 0:00,2300,2,2,0,0,O,CLEAR,DRY,1,SIDESWIPE COLLISION - SAME DIRECTION,SIDESWIPE-SAME DIRECTION,CURVE & LEVEL,DARK-HWY LIGHTED/ON,0,0,0,1
32131000,CAMPBELL,,OTHR,,FAIRLANE,RD,,38.82858769,-84.37132017,0.326,9/2/2023 0:00,755,2,2,0,1,C,CLEAR,DRY,0,SIDESWIPE COLLISION - OPPOSITE DIRECTION,SIDESWIPE-OPPOSITE DIRECTION,STRAIGHT & GRADE,DAYLIGHT,0,0,0,1
32133896,CAMPBELL,,OTHR,10,3RD,ST,W,39.09321801,-84.49720837,0.004,9/3/2023 0:00,1400,2,2,0,0,O,CLEAR,DRY,0,SIDESWIPE COLLISION - SAME DIRECTION,SIDESWIPE-SAME DIRECTION,CURVE & LEVEL,DAYLIGHT,0,0,0,1
32132549,CAMPBELL,I 0471,Interstate,,I471 N,,,39.10011432,-84.49364531,4.862,9/3/2023 0:00,2220,2,2,0,0,O,CLEAR,DRY,0,REAR END IN TRAFFIC LANES BOTH VEHICLES MOVING,REAR END,STRAIGHT & GRADE,DARK-HWY LIGHTED/ON,0,0,0,1
32133556,CAMPBELL,I 0471,Interstate,,I471 N,,,39.09876305,-84.49099824,4.669,9/3/2023 0:00,2255,2,2,0,0,O,CLEAR,DRY,0,REAR END IN TRAFFIC LANES BOTH VEHICLES MOVING,REAR END,STRAIGHT & LEVEL,DARK-HWY LIGHTED/ON,0,0,0,1
32131658,CAMPBELL,KY0008,StateRoute,600,DAVE COWENS,DR,,39.09986511,-84.49075583,1.267,9/3/2023 0:00,1100,2,2,0,0,O,CLEAR,DRY,0,REAR END IN TRAFFIC LANES BOTH VEHICLES MOVING,REAR END,STRAIGHT & LEVEL,DAYLIGHT,0,0,0,1
32160594,CAMPBELL,I 0471,Interstate,,I471 S,,,39.09960361,-84.49304021,4.816,9/3/2023 0:00,1550,2,2,0,0,O,CLEAR,DRY,0,REAR END IN TRAFFIC LANES BOTH VEHICLES MOVING,REAR END,STRAIGHT & LEVEL,DUSK,0,0,0,1
32133131,CAMPBELL,KY0008,StateRoute,,5TH,ST,W,39.09088574,-84.49698097,0.452,9/3/2023 0:00,1802,1,1,0,1,C,CLEAR,DRY,0,OTHER INTERSECTION COLLISIONS,SINGLE VEHICLE,STRAIGHT & LEVEL,DAYLIGHT,1,0,0,1
32197163,CAMPBELL,,OTHR,,AULICK,RD,,38.83218248,-84.40027471,0.001,9/3/2023 0:00,1648,1,1,1,0,K,CLEAR,DRY,0,OTHER INTERSECTION COLLISIONS,SINGLE VEHICLE,STRAIGHT & GRADE,DAYLIGHT,1,0,0,1
32133475,CAMPBELL,KY1120,StateRoute,,11TH,ST,W,39.08123702,-84.49632152,0.231,9/3/2023 0:00,2051,2,2,0,0,O,CLEAR,DRY,1,SIDESWIPE-SAME DIRECTION,SIDESWIPE-SAME DIRECTION,STRAIGHT & LEVEL,DARK-HWY LIGHTED/ON,0,0,0,1
32212875,CAMPBELL,KY1120,StateRoute,,MEMORIAL,PKWY,,39.09496129,-84.47367053,1.841,9/3/2023 0:00,2255,2,2,0,0,O,CLEAR,DRY,0,OTHER ROADWAY OR MID-BLOCK COLLISION,REAR END,STRAIGHT & LEVEL,DARK-HWY LIGHTED/ON,0,0,0,1
32137611,CAMPBELL,KY0010,StateRoute,9031,MAIN,ST,E,38.94492874,-84.36272546,3.462,9/4/2023 0:00,2153,1,1,0,0,O,CLEAR,DRY,0,OTHER ROADWAY OR MID-BLOCK COLLISION,SINGLE VEHICLE,CURVE & GRADE,DARK-HWY NOT LIGHTED,0,0,0,1
32158460,CAMPBELL,,OTHR,,LICKING,PIKE,S,38.89410952,-84.38858466,0.369,9/4/2023 0:00,2230,1,1,0,2,B,CLEAR,DRY,0,RAN OFF ROADWAY (1 VEHICLE WITH/EARTH EMBANKMENT/DITCH),SINGLE VEHICLE,STRAIGHT & GRADE,DARK-HWY NOT LIGHTED,0,0,0,1
32138892,CAMPBELL,KY1120,StateRoute,,FORT THOMAS,AVE,S,39.06223127,-84.4484615,5.548,9/4/2023 0:00,1334,2,2,0,0,O,CLEAR,DRY,0,ANGLE COLLISION - OTHER,ANGLE,CURVE & LEVEL,DAYLIGHT,0,0,0,1
32162565,CAMPBELL,KY0471,StateRoute,,KY471,,,39.04320573,-84.45555724,0.437,9/4/2023 0:00,1529,2,2,0,0,O,CLEAR,DRY,0,REAR END IN TRAFFIC LANES BOTH VEHICLES MOVING,REAR END,STRAIGHT & LEVEL,DAYLIGHT,0,0,0,1
32136262,CAMPBELL,I 0275,Interstate,,I275 W,,,39.04157103,-84.46977449,75.638,9/4/2023 0:00,1653,2,2,0,0,O,CLEAR,DRY,0,SIDESWIPE COLLISION - SAME DIRECTION,SIDESWIPE-SAME DIRECTION,CURVE & LEVEL,DAYLIGHT,0,0,0,1
32141801,CAMPBELL,KY0009,StateRoute,,LICKING,PIKE,,39.02372851,-84.48076893,17.821,9/5/2023 0:00,631,2,2,0,0,O,CLEAR,DRY,0,REAR END IN TRAFFIC LANES BOTH VEHICLES MOVING,REAR END,STRAIGHT & LEVEL,DARK-HWY LIGHTED/ON,0,0,0,1
32160192,CAMPBELL,,OTHR,934,MAPLE,ST,,39.10760573,-84.47461202,0.087,9/5/2023 0:00,2025,2,2,0,0,O,CLEAR,DRY,0,1 VEHICLE PARKED POSITION (NOT PARKING LOT/DRIVEWAY),REAR END,STRAIGHT & HILLCREST,UNKNOWN,0,0,0,1
32162568,CAMPBELL,,OTHR,10581,WOESTE,RD,,38.91715118,-84.38277975,0.51,9/5/2023 0:00,1527,1,1,0,0,O,CLEAR,DRY,0,RAN OFF ROADWAY (1 VEHICLE WITH/EARTH EMBANKMENT/DITCH),SINGLE VEHICLE,CURVE & HILLCREST,DAYLIGHT,0,0,0,1
32141802,CAMPBELL,I 0275,Interstate,,I275 W,,,39.02632386,-84.47610601,76.789,9/5/2023 0:00,1018,1,1,0,0,O,CLEAR,DRY,0,RAN OFF ROADWAY (1 VEHICLE WITH/EARTH EMBANKMENT/DITCH),SINGLE VEHICLE,STRAIGHT & GRADE,DAYLIGHT,0,0,0,1
32171012,CAMPBELL,,OTHR,,BARRS BRANCH,RD,,38.93463373,-84.3600246,,9/5/2023 0:00,1432,1,1,0,0,O,CLEAR,DRY,0,COLLISION WITH FIXED OBJECT NON - INTERSECTION - FIRST EVENT COLLISION 09 - 32 EXCLUDING 16,SINGLE VEHICLE,CURVE & LEVEL,DAYLIGHT,0,0,0,1
32156015,CAMPBELL,,OTHR,,9TH,ST,W,39.08662667,-84.49322101,0.094,9/6/2023 0:00,1312,2,2,0,0,O,CLOUDY,DRY,0,OTHER INTERSECTION COLLISIONS,REAR END,STRAIGHT & LEVEL,DAYLIGHT,1,0,0,1
32156701,CAMPBELL,,OTHR,402,HODGE,ST,,39.08261129,-84.49549854,0.085,9/6/2023 0:00,1529,1,1,0,0,O,CLOUDY,DRY,0,OTHER INTERSECTION COLLISIONS,SINGLE VEHICLE,STRAIGHT & LEVEL,DAYLIGHT,1,0,0,1
32184952,CAMPBELL,,OTHR,,VINE,ST,,39.10892365,-84.47509642,0.343,9/6/2023 0:00,1945,2,2,0,0,O,CLEAR,DRY,1,COLLISION WITH PARKED VEHICLE,BACKING,STRAIGHT & LEVEL,UNKNOWN,0,0,0,1
32164182,CAMPBELL,KY0154,StateRoute,,PEACH GROVE,RD,,38.85156076,-84.37209035,0.66,9/6/2023 0:00,1300,1,1,0,0,O,CLEAR,DRY,0,OTHER COLLISIONS ON SHOULDER,SINGLE VEHICLE,CURVE & GRADE,DAYLIGHT,0,0,0,1
32156518,CAMPBELL,KY1120,StateRoute,402,10TH,ST,E,39.089291,-84.48467986,1.071,9/6/2023 0:00,1600,2,2,0,0,O,CLOUDY,DRY,0,VEHICLE BACKING NON INTERSECTION,BACKING,STRAIGHT & LEVEL,DAYLIGHT,0,0,0,1
32211087,CAMPBELL,,OTHR,,NEWPORT PAVILION,,,39.08997728,-84.47623244,0.316,9/6/2023 0:00,1813,2,2,0,0,O,CLEAR,DRY,0,1 VEHICLE ENTERING/LEAVING ENTRANCE,ANGLE,STRAIGHT & LEVEL,DAYLIGHT,0,0,0,1
32166415,CAMPBELL,,OTHR,101,RIVERBOAT,ROW,,39.09350031,-84.50084578,0.908,9/7/2023 0:00,1423,2,2,0,0,O,CLEAR,DRY,0,REAR END IN TRAFFIC LANES BOTH VEHICLES MOVING,REAR END,STRAIGHT & LEVEL,DAYLIGHT,0,0,0,1
32160384,CAMPBELL,,OTHR,315,GRANDVIEW,AVE,,39.07254486,-84.48910982,0.678,9/7/2023 0:00,1120,2,2,0,0,O,CLOUDY,DRY,0,1 VEHICLE PARKED POSITION (NOT PARKING LOT/DRIVEWAY),SIDESWIPE-SAME DIRECTION,STRAIGHT & LEVEL,DAYLIGHT,0,0,0,1
32166392,CAMPBELL,,OTHR,2420,HICKORYWOOD,CT,,38.95653995,-84.34501112,,9/7/2023 0:00,2229,2,2,0,0,O,CLEAR,DRY,0,COLLISION WITH PARKED VEHICLE,BACKING,STRAIGHT & GRADE,DARK-HWY NOT LIGHTED,0,0,0,1
32187321,CAMPBELL,,OTHR,,WARD,AVE,,39.10791311,-84.48128995,0.509,9/7/2023 0:00,731,2,2,0,0,O,CLEAR,DRY,0,VEHICLE BACKING IN INTERSECTION,BACKING,STRAIGHT & GRADE,DAYLIGHT,1,0,0,1
32171015,CAMPBELL,KY1998,StateRoute,,INDUSTRIAL,RD,,39.04407965,-84.42052714,3.939,9/7/2023 0:00,1602,2,2,0,0,O,CLEAR,DRY,0,OTHER INTERSECTION COLLISIONS,REAR END,STRAIGHT & GRADE,DAYLIGHT,1,0,0,1
32176172,CAMPBELL,US0027,USRoute,1403,ALEXANDRIA,PIKE,,39.05505619,-84.44936975,18.209,9/7/2023 0:00,1606,2,1,0,0,O,CLOUDY,DRY,0,COLLISION WITH PEDESTRIAN NON - INTERSECTION,SINGLE VEHICLE,STRAIGHT & LEVEL,DAYLIGHT,0,0,1,0
32166414,CAMPBELL,,OTHR,101,RIVERBOAT,ROW,,39.0937107,-84.50037936,0.879,9/7/2023 0:00,1423,2,2,0,0,O,CLEAR,DRY,0,1 VEHICLE PARKED POSITION (NOT PARKING LOT/DRIVEWAY),SIDESWIPE-OPPOSITE DIRECTION,STRAIGHT & LEVEL,DAYLIGHT,0,0,0,1
32176173,CAMPBELL,KY1892,StateRoute,128,GRAND,AVE,S,39.07308661,-84.45989645,0.758,9/7/2023 0:00,2258,3,3,0,0,O,CLEAR,DRY,1,1 VEHICLE PARKED POSITION (NOT PARKING LOT/DRIVEWAY),HEAD ON,CURVE & LEVEL,DARK-HWY NOT LIGHTED,0,0,0,1
32168884,CAMPBELL,KY0008,StateRoute,,6TH,AVE,,39.11275226,-84.4731745,2.575,9/8/2023 0:00,1237,1,1,0,0,O,CLEAR,DRY,0,COLLISION WITH FIXED OBJECT NON - INTERSECTION - FIRST EVENT COLLISION 09 - 32 EXCLUDING 16,SINGLE VEHICLE,STRAIGHT & LEVEL,DAYLIGHT,0,0,0,1
32172663,CAMPBELL,US0027,USRoute,,ALEXANDRIA,PIKE,,39.03697059,-84.45403242,16.731,9/8/2023 0:00,1211,2,2,0,0,O,CLOUDY,DRY,0,REAR END - ONE VEHICLE TURNING RIGHT,REAR END,STRAIGHT & LEVEL,DAYLIGHT,0,0,0,1
32166416,CAMPBELL,KY1892,StateRoute,,GRAND,AVE,,39.08581103,-84.47559484,2.049,9/8/2023 0:00,1209,2,2,0,0,O,CLEAR,DRY,0,SIDESWIPE COLLISION - SAME DIRECTION,SIDESWIPE-SAME DIRECTION,STRAIGHT & LEVEL,DAYLIGHT,0,0,0,1
32177806,CAMPBELL,,OTHR,,RIVIERA,DR,,39.10151285,-84.48838451,0.026,9/8/2023 0:00,1715,2,2,0,0,O,CLEAR,DRY,0,REAR END IN TRAFFIC LANES BOTH VEHICLES MOVING,REAR END,STRAIGHT & LEVEL,DAYLIGHT,0,0,0,1
32177511,CAMPBELL,KY0009,StateRoute,,AA,HWY,,39.00254576,-84.43408842,14.594,9/8/2023 0:00,1820,2,2,0,0,O,CLEAR,DRY,0,REAR END IN TRAFFIC LANES BOTH VEHICLES MOVING,REAR END,STRAIGHT & LEVEL,DAYLIGHT,0,0,0,1
32185547,CAMPBELL,US0027,USRoute,,ALEXANDRIA,PIKE,,38.96364574,-84.39262986,10.473,9/9/2023 0:00,1315,2,2,0,0,O,CLOUDY,DRY,0,OTHER ROADWAY OR MID-BLOCK COLLISION,REAR END,STRAIGHT & HILLCREST,DAYLIGHT,0,0,0,1
32197439,CAMPBELL,,OTHR,,VAN VOAST,AVE,,39.1065809,-84.47864397,0.337,9/9/2023 0:00,224,3,3,0,0,O,CLEAR,DRY,0,COLLISION WITH PARKED VEHICLE,HEAD ON,STRAIGHT & LEVEL,DARK-HWY LIGHTED/ON,0,0,0,1
32172933,CAMPBELL,KY0536,StateRoute,,CREEKTRACE,RD,,38.92664912,-84.43495459,0.888,9/9/2023 0:00,2245,1,1,0,0,O,CLEAR,DRY,0,COLLISION WITH ANIMAL NON INTERSECTION,SINGLE VEHICLE,STRAIGHT & LEVEL,DARK-HWY NOT LIGHTED,0,0,0,1
32176179,CAMPBELL,KY1120,StateRoute,1960,MEMORIAL,PKWY,,39.09150184,-84.454282,3.025,9/10/2023 0:00,1730,1,1,0,0,O,CLEAR,DRY,0,COLLISION WITH ANIMAL NON INTERSECTION,SINGLE VEHICLE,CURVE & GRADE,DAYLIGHT,0,0,0,1
32177192,CAMPBELL,,OTHR,18,16TH,ST,,39.08351952,-84.48423938,0.225,9/10/2023 0:00,1125,2,2,0,0,O,CLOUDY,DRY,1,1 VEHICLE PARKED POSITION (NOT PARKING LOT/DRIVEWAY),SIDESWIPE-SAME DIRECTION,STRAIGHT & GRADE,UNKNOWN,0,0,0,1
32179447,CAMPBELL,,OTHR,216,HEATHER HILL,DR,,39.05484697,-84.46476875,0.059,9/10/2023 0:00,1359,2,2,0,0,O,CLEAR,DRY,0,1 VEHICLE PARKED POSITION (NOT PARKING LOT/DRIVEWAY),BACKING,STRAIGHT & LEVEL,DAYLIGHT,0,0,0,1
32202403,CAMPBELL,,OTHR,1011,5TH,AVE,,39.11427866,-84.46591727,0.285,9/10/2023 0:00,1948,2,2,0,0,O,CLEAR,DRY,1,1 VEHICLE PARKED POSITION (NOT PARKING LOT/DRIVEWAY),SIDESWIPE-SAME DIRECTION,STRAIGHT & LEVEL,DAYLIGHT,0,0,0,1
32174649,CAMPBELL,,OTHR,,3RD,ST,W,39.09327529,-84.49715223,0.001,9/10/2023 0:00,1635,2,2,0,0,O,CLEAR,DRY,1,SIDESWIPE-SAME DIRECTION,SIDESWIPE-SAME DIRECTION,CURVE & LEVEL,DAYLIGHT,0,0,0,1
32174646,CAMPBELL,KY1120,StateRoute,,11TH,ST,W,39.08127596,-84.49624158,0.23,9/10/2023 0:00,1600,2,2,0,0,O,CLEAR,DRY,0,OTHER INTERSECTION COLLISIONS,REAR TO REAR,STRAIGHT & LEVEL,DAYLIGHT,1,0,0,1
32171751,CAMPBELL,,OTHR,,NEWPORT PAVILION,,,39.0884632,-84.47571268,0.43,9/10/2023 0:00,1530,2,2,0,0,O,CLOUDY,DRY,0,ANGLE COLLISION - OTHER,ANGLE,STRAIGHT & LEVEL,DAYLIGHT,0,0,0,1
32174320,CAMPBELL,,OTHR,,CAMPBELL,DR,,39.03583444,-84.46555519,0.084,9/10/2023 0:00,1205,2,2,0,0,O,CLEAR,DRY,0,1 VEHICLE ENTERING/LEAVING ENTRANCE,ANGLE,STRAIGHT & HILLCREST,DAYLIGHT,0,0,0,1
32173301,CAMPBELL,I 0471,Interstate,,I471 S,,,39.0844478,-84.47303059,3.217,9/10/2023 0:00,2108,2,2,0,2,C,CLEAR,DRY,0,REAR END IN TRAFFIC LANES BOTH VEHICLES MOVING,REAR END,STRAIGHT & LEVEL,DARK-HWY LIGHTED/ON,0,0,0,1
32191663,CAMPBELL,KY1892,StateRoute,,GRAND,AVE,,39.08545072,-84.47475762,1.994,9/11/2023 0:00,1400,2,2,0,0,O,CLEAR,DRY,0,REAR END IN TRAFFIC LANES BOTH VEHICLES MOVING,REAR END,STRAIGHT & LEVEL,DAYLIGHT,0,0,0,1
32180286,CAMPBELL,,OTHR,,FT THOMAS,AVE,N,39.08330914,-84.45172086,0.08,9/11/2023 0:00,1500,2,2,0,0,O,CLEAR,DRY,0,1 VEHICLE PARKED POSITION (NOT PARKING LOT/DRIVEWAY),REAR END,STRAIGHT & LEVEL,DAYLIGHT,0,0,0,1
32178982,CAMPBELL,,OTHR,,SARATOGA,ST,,39.08886569,-84.4889048,0.194,9/11/2023 0:00,1500,2,2,0,0,O,CLEAR,DRY,1,1 VEHICLE PARKED POSITION (NOT PARKING LOT/DRIVEWAY),SIDESWIPE-SAME DIRECTION,STRAIGHT & LEVEL,DAYLIGHT,0,0,0,1
32187223,CAMPBELL,US0027,USRoute,5400,ALEXANDRIA,PIKE,,38.99927273,-84.41873211,13.486,9/11/2023 0:00,1510,2,2,0,3,B,CLEAR,DRY,0,REAR END IN TRAFFIC LANES BOTH VEHICLES MOVING,REAR END,STRAIGHT & LEVEL,DAYLIGHT,0,0,0,1