IncidentID,County,RdwyNumber,RdwyType,Street,RoadwayName,StreetSfx,StreetDir,Latitude,Longitude,Milepoint,CollisionDate,CollisionTime,UnitsInvolved,MotorVehiclesInvolved,NumberKilled,NumberInjured,KABCO,Weather,RdwyConditionCode,HitandRun,DirAnalysisCode,MannerofCollision,RdwyCharacter,LightCondition,Intersection Crash,Bicyclist,Pedestrian,Motor Vehicles
32176379,CAMPBELL,US0027,USRoute,,YORK,ST,,39.08562796,-84.49013198,21.656,9/11/2023 0:00,1225,2,2,0,0,O,CLEAR,DRY,0,SIDESWIPE COLLISION - SAME DIRECTION,SIDESWIPE-SAME DIRECTION,STRAIGHT & GRADE,DAYLIGHT,0,0,0,1
32180029,CAMPBELL,US0027,USRoute,,ALEXANDRIA,PIKE,,39.03373638,-84.45338282,16.517,9/11/2023 0:00,1554,3,3,0,0,O,CLEAR,DRY,0,1 VEHICLE ENTERING/LEAVING ENTRANCE,ANGLE,STRAIGHT & GRADE,DAYLIGHT,0,0,0,1
32191666,CAMPBELL,,OTHR,,8TH,ST,W,39.08858932,-84.49299108,0.437,9/11/2023 0:00,1343,3,3,0,0,O,CLEAR,DRY,1,OTHER INTERSECTION COLLISIONS,REAR END,STRAIGHT & LEVEL,DAYLIGHT,1,0,0,1
32196346,CAMPBELL,,OTHR,1100,PUTNAM,ST,,39.08396643,-84.4896603,0.442,9/11/2023 0:00,1200,2,2,0,0,O,CLEAR,DRY,1,1 VEHICLE PARKED POSITION (NOT PARKING LOT/DRIVEWAY),REAR END,STRAIGHT & LEVEL,DAYLIGHT,0,0,0,1
32180288,CAMPBELL,KY1120,StateRoute,,MEMORIAL,PKWY,,39.09074054,-84.45722097,2.857,9/11/2023 0:00,2014,1,1,0,0,O,CLEAR,DRY,0,COLLISION WITH ANIMAL NON INTERSECTION,SINGLE VEHICLE,STRAIGHT & LEVEL,DUSK,0,0,0,1
32213810,CAMPBELL,,OTHR,,MADDOX,RD,,38.91514944,-84.40813288,0.215,9/12/2023 0:00,1041,1,1,0,0,O,RAINING,WET,0,COLLISION WITH FIXED OBJECT NON - INTERSECTION - FIRST EVENT COLLISION 09 - 32 EXCLUDING 16,SINGLE VEHICLE,CURVE & GRADE,DAYLIGHT,0,0,0,1
32183844,CAMPBELL,,OTHR,,SARATOGA,ST,,39.08898095,-84.48921006,0.202,9/12/2023 0:00,1818,2,2,0,0,O,CLEAR,WET,0,1 VEHICLE PARKED POSITION (NOT PARKING LOT/DRIVEWAY),SIDESWIPE-SAME DIRECTION,STRAIGHT & LEVEL,DAYLIGHT,0,0,0,1
32197162,CAMPBELL,KY0154,StateRoute,,PEACH GROVE,RD,,38.83833636,-84.34539871,2.508,9/12/2023 0:00,837,1,1,0,0,O,RAINING,WET,0,RAN OFF ROADWAY (1 VEHICLE WITH/EARTH EMBANKMENT/DITCH),SINGLE VEHICLE,CURVE & LEVEL,DAYLIGHT,0,0,0,1
32181487,CAMPBELL,KY1120,StateRoute,,MEMORIAL,PKWY,,39.09273191,-84.47521704,1.673,9/12/2023 0:00,754,2,2,0,0,O,RAINING,WET,0,ANGLE COLLISION - OTHER,ANGLE,CURVE & LEVEL,DAWN,0,0,0,1
32183838,CAMPBELL,KY1120,StateRoute,,MEMORIAL,PKWY,,39.09240734,-84.47584467,1.636,9/12/2023 0:00,1955,2,2,0,0,O,CLOUDY,DRY,1,SIDESWIPE-SAME DIRECTION,SIDESWIPE-SAME DIRECTION,STRAIGHT & LEVEL,DARK-HWY LIGHTED/ON,0,0,0,1
32181508,CAMPBELL,US0027,USRoute,1745,MONMOUTH,ST,,39.0828114,-84.48239107,21.103,9/12/2023 0:00,720,2,2,0,0,O,RAINING,WET,0,1 VEHICLE ENTERING/LEAVING ENTRANCE,ANGLE,STRAIGHT & HILLCREST,DAYLIGHT,0,0,0,1
32181491,CAMPBELL,I 0471,Interstate,,I471 N,,,39.09547807,-84.48134965,4.109,9/12/2023 0:00,701,2,2,0,0,O,RAINING,WET,0,SIDESWIPE COLLISION - SAME DIRECTION,SIDESWIPE-SAME DIRECTION,STRAIGHT & LEVEL,DAWN,0,0,0,1
32189792,CAMPBELL,I 0471,Interstate,,I471 N,,,39.07569084,-84.46792659,2.522,9/12/2023 0:00,1335,2,2,0,0,O,CLEAR,WET,0,SIDESWIPE COLLISION - SAME DIRECTION,SIDESWIPE-SAME DIRECTION,CURVE & GRADE,DAYLIGHT,0,0,0,1
32187136,CAMPBELL,,OTHR,,NEWPORT PAVILION,,,39.08680273,-84.47710116,0.569,9/12/2023 0:00,1706,2,2,0,0,O,CLEAR,DRY,0,SIDESWIPE COLLISION - SAME DIRECTION,SIDESWIPE-SAME DIRECTION,STRAIGHT & LEVEL,DAYLIGHT,0,0,0,1
32184092,CAMPBELL,I 0275,Interstate,,I275 W,,,39.03483238,-84.47073104,76.122,9/12/2023 0:00,250,1,1,0,0,O,CLOUDY,DRY,0,OTHER COLLISIONS ON SHOULDER,SINGLE VEHICLE,STRAIGHT & GRADE,DARK-HWY NOT LIGHTED,0,0,0,1
32181485,CAMPBELL,I 0471,Interstate,,I471 N,,,39.0793899,-84.47052639,2.82,9/12/2023 0:00,734,2,2,0,0,O,RAINING,WET,0,REAR END IN TRAFFIC LANES BOTH VEHICLES MOVING,REAR END,STRAIGHT & LEVEL,DAYLIGHT,0,0,0,1
32189950,CAMPBELL,US0027,USRoute,,ALEXANDRIA,PIKE,,39.03048053,-84.45132788,16.258,9/12/2023 0:00,801,2,2,0,0,O,RAINING,WET,0,REAR END IN TRAFFIC LANES BOTH VEHICLES MOVING,REAR END,STRAIGHT & LEVEL,DAYLIGHT,0,0,0,1
32189951,CAMPBELL,US0027,USRoute,,ALEXANDRIA,PIKE,,39.03056564,-84.45150364,16.25,9/12/2023 0:00,1651,2,2,0,0,O,CLOUDY,DRY,0,REAR END IN TRAFFIC LANES BOTH VEHICLES MOVING,REAR END,STRAIGHT & LEVEL,DAYLIGHT,0,0,0,1
32187135,CAMPBELL,I 0471,Interstate,,I-471,,S,39.0854321,-84.47418523,0.013,9/13/2023 0:00,1345,2,2,0,0,O,CLEAR,DRY,0,OTHER RAMP RELATED COLLISIONS NOT LISTED ABOVE,REAR END,STRAIGHT & HILLCREST,DAYLIGHT,0,0,0,1
32198957,CAMPBELL,KY1120,StateRoute,235,MEMORIAL,PKWY,,39.09574786,-84.47282819,1.903,9/14/2023 0:00,1800,2,2,0,0,O,CLEAR,DRY,1,1 VEHICLE PARKED POSITION (NOT PARKING LOT/DRIVEWAY),SIDESWIPE-SAME DIRECTION,CURVE & LEVEL,DAYLIGHT,0,0,0,1
32194461,CAMPBELL,,OTHR,139,HOLIDAY,LN,,39.06980221,-84.46000642,0.172,9/14/2023 0:00,1203,2,2,0,0,O,CLEAR,DRY,0,1 VEHICLE PARKED POSITION (NOT PARKING LOT/DRIVEWAY),SIDESWIPE-OPPOSITE DIRECTION,STRAIGHT & LEVEL,DAYLIGHT,0,0,0,1
32195229,CAMPBELL,,OTHR,,POPLAR RIDGE,RD,,38.97596356,-84.37525636,0.944,9/14/2023 0:00,757,2,2,0,0,O,CLEAR,DRY,0,SIDESWIPE COLLISION - OPPOSITE DIRECTION,SIDESWIPE-OPPOSITE DIRECTION,STRAIGHT & LEVEL,DARK (UNKNOWN ROADWAY LIGHTING),0,0,0,1
32191686,CAMPBELL,KY0009,StateRoute,,AA,HWY,,39.02131349,-84.48120319,17.628,9/14/2023 0:00,1453,2,2,0,0,O,CLEAR,DRY,0,1 VEHICLE ENTERING/LEAVING ENTRANCE,ANGLE,STRAIGHT & LEVEL,DAYLIGHT,0,0,0,1
32192827,CAMPBELL,US0027,USRoute,3906,ALEXANDRIA,PIKE,,39.02485381,-84.44443021,15.73,9/14/2023 0:00,659,2,2,0,0,O,CLEAR,DRY,0,1 VEHICLE ENTERING/LEAVING ENTRANCE,ANGLE,STRAIGHT & GRADE,DARK-HWY NOT LIGHTED,0,0,0,1
32191673,CAMPBELL,I 0471,Interstate,,I471 N,,,39.10109067,-84.49552693,4.984,9/14/2023 0:00,727,2,2,0,0,O,CLEAR,DRY,0,COLLISION WITH FIXED OBJECT NON - INTERSECTION - FIRST EVENT COLLISION 09 - 32 EXCLUDING 16,REAR END,STRAIGHT & LEVEL,DAWN,0,0,0,1
32211083,CAMPBELL,I 0471,Interstate,,,,,39.09285097,-84.47906076,0.194,9/15/2023 0:00,1536,2,2,0,0,O,CLEAR,DRY,0,OTHER RAMP RELATED COLLISIONS NOT LISTED ABOVE,REAR END,CURVE & LEVEL,DAYLIGHT,0,0,0,1
32198047,CAMPBELL,I 0471,Interstate,,,,,39.09296068,-84.47891407,0.183,9/15/2023 0:00,2020,2,2,0,0,O,CLEAR,DRY,0,OTHER RAMP RELATED COLLISIONS NOT LISTED ABOVE,REAR END,CURVE & GRADE,DARK-HWY LIGHTED/ON,0,0,0,1
32201549,CAMPBELL,,OTHR,1327,ASPEN PINES,DR,,39.06075883,-84.48413564,0.285,9/15/2023 0:00,1329,2,2,0,0,O,CLEAR,DRY,1,1 VEHICLE PARKED POSITION (NOT PARKING LOT/DRIVEWAY),BACKING,,DAYLIGHT,0,0,0,1
32199736,CAMPBELL,US0027,USRoute,,ALEXANDRIA,PIKE,,39.01826927,-84.4357598,15.031,9/15/2023 0:00,1126,2,2,0,0,O,CLEAR,DRY,0,ANGLE COLLISION - OTHER,ANGLE,STRAIGHT & LEVEL,DAYLIGHT,0,0,0,1
32198048,CAMPBELL,US0027,USRoute,,YORK,ST,,39.09212222,-84.49605701,22.208,9/15/2023 0:00,2325,2,2,0,0,O,CLEAR,DRY,0,SIDESWIPE COLLISION - SAME DIRECTION,SIDESWIPE-SAME DIRECTION,STRAIGHT & LEVEL,DAYLIGHT,0,0,0,1
32198366,CAMPBELL,US0027,USRoute,,ALEXANDRIA,PIKE,,39.07088897,-84.46996606,19.995,9/15/2023 0:00,747,3,3,0,0,O,CLEAR,DRY,0,SIDESWIPE COLLISION - SAME DIRECTION,SIDESWIPE-SAME DIRECTION,STRAIGHT & LEVEL,DAYLIGHT,0,0,0,1
32202321,CAMPBELL,I 0275,Interstate,,I275 E,,,39.04508168,-84.46359041,75.166,9/15/2023 0:00,911,2,2,0,0,O,CLEAR,DRY,0,SIDESWIPE COLLISION - SAME DIRECTION,SIDESWIPE-SAME DIRECTION,STRAIGHT & LEVEL,DAYLIGHT,0,0,0,1
32198043,CAMPBELL,US0027,USRoute,,MONMOUTH,ST,,39.08978149,-84.49185487,21.811,9/15/2023 0:00,1758,2,2,0,0,O,CLEAR,DRY,0,SIDESWIPE COLLISION - SAME DIRECTION,SIDESWIPE-SAME DIRECTION,STRAIGHT & LEVEL,DAYLIGHT,0,0,0,1
32257482,CAMPBELL,,OTHR,,PLAZA,DR,,39.00403023,-84.42497757,0.038,9/15/2023 0:00,1615,2,2,0,0,O,CLEAR,DRY,0,SIDESWIPE COLLISION - OPPOSITE DIRECTION,SIDESWIPE-OPPOSITE DIRECTION,CURVE & GRADE,DAYLIGHT,0,0,0,1
32206401,CAMPBELL,I 0275,Interstate,,I275 E,,,39.05601639,-84.43261919,73.33,9/15/2023 0:00,1605,2,2,0,0,O,CLOUDY,DRY,0,REAR END IN TRAFFIC LANES BOTH VEHICLES MOVING,REAR END,STRAIGHT & LEVEL,DAYLIGHT,0,0,0,1
32225745,CAMPBELL,,OTHR,,SUNSET,DR,,39.03980913,-84.46346772,0.072,9/15/2023 0:00,1411,2,2,0,0,O,CLEAR,DRY,0,REAR END IN TRAFFIC LANES BOTH VEHICLES MOVING,REAR END,STRAIGHT & LEVEL,DAYLIGHT,0,0,0,1
32206405,CAMPBELL,I 0275,Interstate,,I275 E,,,39.05192558,-84.44214924,73.915,9/15/2023 0:00,1624,2,2,0,0,O,CLOUDY,DRY,0,REAR END IN TRAFFIC LANES BOTH VEHICLES MOVING,REAR END,STRAIGHT & GRADE,DAYLIGHT,0,0,0,1
32199813,CAMPBELL,KY0009,StateRoute,,AA,HWY,,38.88652365,-84.26505171,1.793,9/16/2023 0:00,1950,1,1,0,0,O,CLEAR,DRY,0,OTHER COLLISIONS ON SHOULDER,SINGLE VEHICLE,STRAIGHT & LEVEL,DUSK,0,0,0,1
32220056,CAMPBELL,KY0008,StateRoute,300,FAIRFIELD,AVE,,39.10691808,-84.48250308,1.929,9/16/2023 0:00,10,2,2,0,0,O,CLEAR,DRY,0,1 VEHICLE PARKED POSITION (NOT PARKING LOT/DRIVEWAY),SIDESWIPE-OPPOSITE DIRECTION,STRAIGHT & LEVEL,DARK-HWY NOT LIGHTED,0,0,0,1
32206411,CAMPBELL,,OTHR,10,WASHINGTON,AVE,,39.07218575,-84.46806464,0.161,9/16/2023 0:00,420,2,2,0,0,O,CLEAR,DRY,0,1 VEHICLE PARKED POSITION (NOT PARKING LOT/DRIVEWAY),REAR END,STRAIGHT & LEVEL,DARK-HWY NOT LIGHTED,0,0,0,1
32200649,CAMPBELL,US0027,USRoute,,3RD,ST,E,39.09366075,-84.49682156,22.253,9/16/2023 0:00,2019,2,2,0,0,O,CLEAR,DRY,0,SIDESWIPE COLLISION - SAME DIRECTION,SIDESWIPE-SAME DIRECTION,STRAIGHT & LEVEL,DARK-HWY LIGHTED/ON,0,0,0,1
32206414,CAMPBELL,,OTHR,,LINDEN,AVE,,39.07531862,-84.44736512,0.171,9/16/2023 0:00,1412,2,2,0,0,O,CLEAR,DRY,0,SIDESWIPE COLLISION - SAME DIRECTION,SIDESWIPE-SAME DIRECTION,STRAIGHT & LEVEL,DAYLIGHT,0,0,0,1
32206408,CAMPBELL,KY1120,StateRoute,428,FT THOMAS,AVE,S,39.07272211,-84.44644961,4.663,9/16/2023 0:00,1610,2,2,0,0,O,CLOUDY,DRY,0,1 VEHICLE ENTERING/LEAVING ENTRANCE,ANGLE,STRAIGHT & LEVEL,DAYLIGHT,0,0,0,1
32200093,CAMPBELL,,OTHR,,UHL,RD,,39.03352409,-84.39106046,0.141,9/16/2023 0:00,500,1,1,0,0,O,CLEAR,DRY,0,COLLISION WITH FIXED OBJECT NON - INTERSECTION - FIRST EVENT COLLISION 09 - 32 EXCLUDING 16,SINGLE VEHICLE,STRAIGHT & LEVEL,DARK-HWY NOT LIGHTED,0,0,0,1
32202663,CAMPBELL,KY0009,StateRoute,,AA,HWY,,38.8665617,-84.26250407,0.322,9/16/2023 0:00,2128,1,1,0,0,O,CLEAR,DRY,0,COLLISION WITH ANIMAL NON INTERSECTION,SINGLE VEHICLE,STRAIGHT & HILLCREST,DARK-HWY NOT LIGHTED,0,0,0,1
32410370,CAMPBELL,I 0471,Interstate,,I471 N,,,39.09993358,-84.49309819,4.83,9/16/2023 0:00,2157,1,1,0,0,O,CLEAR,DRY,1,OTHER ROADWAY OR MID-BLOCK COLLISION,SINGLE VEHICLE,STRAIGHT & LEVEL,DARK-HWY LIGHTED/ON,0,0,0,1
32203072,CAMPBELL,,OTHR,,SARATOGA,ST,,39.0948062,-84.49447428,0.713,9/17/2023 0:00,1914,2,2,0,0,O,CLOUDY,DRY,1,VEHICLE BACKING IN INTERSECTION,BACKING,STRAIGHT & LEVEL,DAYLIGHT,1,0,0,1
32204573,CAMPBELL,,OTHR,1116,WATERWORKS,RD,,39.09130195,-84.47413303,0.06,9/17/2023 0:00,100,2,2,0,0,O,CLEAR,DRY,1,1 VEHICLE PARKED POSITION (NOT PARKING LOT/DRIVEWAY),SIDESWIPE-SAME DIRECTION,CURVE & LEVEL,DARK-HWY LIGHTED/ON,0,0,0,1
32203070,CAMPBELL,I 0471,Interstate,,I471 N,,,39.09967106,-84.49285781,4.81,9/17/2023 0:00,1735,3,3,0,0,O,CLEAR,DRY,1,REAR END IN TRAFFIC LANES BOTH VEHICLES MOVING,REAR END,STRAIGHT & LEVEL,DAYLIGHT,0,0,0,1
32225847,CAMPBELL,KY0915,StateRoute,,LICKING,PIKE,,38.9263767,-84.40003715,0.83,9/18/2023 0:00,1140,1,1,0,0,O,CLEAR,DRY,0,OTHER COLLISIONS ON SHOULDER,SINGLE VEHICLE,STRAIGHT & LEVEL,DAYLIGHT,0,0,0,1
32216897,CAMPBELL,,OTHR,,PAT FANNING,WAY,,38.98285309,-84.40008127,,9/18/2023 0:00,1735,2,2,0,0,O,CLEAR,DRY,0,SIDESWIPE COLLISION - SAME DIRECTION,SIDESWIPE-SAME DIRECTION,STRAIGHT & LEVEL,DAYLIGHT,0,0,0,1
32227306,CAMPBELL,,OTHR,,SOUTHGATE,AVE,W,39.09143892,-84.45209914,0.002,9/18/2023 0:00,957,1,1,0,0,O,CLEAR,DRY,0,COLLISION WITH ANIMAL IN INTERSECTION,SINGLE VEHICLE,CURVE & LEVEL,DAYLIGHT,1,0,0,1
32209887,CAMPBELL,,OTHR,,HIGHLAND,AVE,,39.07678476,-84.45276973,1.126,9/18/2023 0:00,804,2,2,0,0,O,CLEAR,DRY,0,COLLISION WITH PARKED VEHICLE,SIDESWIPE-SAME DIRECTION,STRAIGHT & LEVEL,DAYLIGHT,0,0,0,1
32215201,CAMPBELL,KY0009,StateRoute,,AA,HWY,,39.0028116,-84.4353205,14.662,9/18/2023 0:00,1640,2,2,0,0,O,CLEAR,DRY,0,ANGLE COLLISION - OTHER,ANGLE,STRAIGHT & LEVEL,DAYLIGHT,0,0,0,1
32215200,CAMPBELL,US0027,USRoute,,ALEXANDRIA,PIKE,,39.01980004,-84.43772574,15.2,9/18/2023 0:00,1327,2,2,0,0,O,CLEAR,DRY,1,SIDESWIPE-SAME DIRECTION,SIDESWIPE-SAME DIRECTION,STRAIGHT & LEVEL,DAYLIGHT,0,0,0,1
32208902,CAMPBELL,I 0471,Interstate,,,,,39.08541381,-84.47465018,0.218,9/18/2023 0:00,1912,2,2,0,0,O,CLEAR,DRY,0,OTHER RAMP RELATED COLLISIONS NOT LISTED ABOVE,REAR END,CURVE & GRADE,DAYLIGHT,0,0,0,1
32215965,CAMPBELL,I 0471,Interstate,,GRAND AVE,,N,39.08208216,-84.46977292,0.003,9/19/2023 0:00,1200,2,2,0,0,O,CLEAR,DRY,0,OTHER RAMP RELATED COLLISIONS NOT LISTED ABOVE,REAR END,CURVE & LEVEL,DAYLIGHT,0,0,0,1
32227314,CAMPBELL,KY1892,StateRoute,,GRAND,AVE,N,39.07564647,-84.4624887,1.018,9/19/2023 0:00,1202,3,3,0,3,C,CLEAR,DRY,0,OTHER INTERSECTION COLLISIONS,REAR END,STRAIGHT & HILLCREST,DAYLIGHT,1,0,0,1
32213981,CAMPBELL,,OTHR,,NEWPORT PAVILION,,,39.09265723,-84.48059531,0.003,9/19/2023 0:00,1901,2,2,0,0,O,CLEAR,DRY,0,OTHER INTERSECTION COLLISIONS,REAR END,STRAIGHT & LEVEL,DAYLIGHT,1,0,0,1
32212313,CAMPBELL,,OTHR,,LOWELL,ST,,39.0793152,-84.49626918,0.317,9/19/2023 0:00,1434,2,2,0,0,O,CLEAR,DRY,0,COLLISION WITH FIXED OBJECT IN INTERSECTION - FIRST EVENT COLLISION 09 - 32,REAR END,STRAIGHT & LEVEL,DAYLIGHT,1,0,0,1
32220058,CAMPBELL,,OTHR,,RIVIERA,DR,,39.09746748,-84.48354481,0.379,9/19/2023 0:00,1320,2,2,0,0,O,CLEAR,DRY,0,1 VEHICLE ENTERING/LEAVING ENTRANCE,ANGLE,STRAIGHT & LEVEL,DAYLIGHT,0,0,0,1
32234369,CAMPBELL,KY2238,StateRoute,,UNIVERSITY,DR,,39.04061247,-84.46454237,0.909,9/19/2023 0:00,830,2,2,0,0,O,CLEAR,DRY,0,1 VEHICLE ENTERING/LEAVING ENTRANCE,ANGLE,CURVE & LEVEL,DAYLIGHT,0,0,0,1
32234370,CAMPBELL,KY2238,StateRoute,,LOUIE B NUNN,DR,,39.03482244,-84.45474162,0.046,9/19/2023 0:00,1100,2,2,0,0,O,CLEAR,DRY,0,SIDESWIPE COLLISION - SAME DIRECTION,SIDESWIPE-SAME DIRECTION,STRAIGHT & HILLCREST,DAYLIGHT,0,0,0,1
32213813,CAMPBELL,,OTHR,,CROSSROADS,BLVD,,39.00513657,-84.42225656,0.152,9/19/2023 0:00,1606,2,2,0,0,O,CLEAR,DRY,0,REAR END IN TRAFFIC LANES BOTH VEHICLES MOVING,REAR END,STRAIGHT & GRADE,DAYLIGHT,0,0,0,1
32211864,CAMPBELL,,OTHR,,LINDEN,RD,,39.07810578,-84.4769462,0.055,9/19/2023 0:00,627,2,2,0,0,O,CLEAR,DRY,1,1 VEHICLE PARKED POSITION (NOT PARKING LOT/DRIVEWAY),BACKING,STRAIGHT & LEVEL,DARK-HWY NOT LIGHTED,0,0,0,1
32230520,CAMPBELL,I 0471,Interstate,,I471 S,,,39.09959994,-84.49312647,4.819,9/20/2023 0:00,1735,2,2,0,0,O,CLEAR,DRY,0,REAR END IN TRAFFIC LANES BOTH VEHICLES MOVING,REAR END,STRAIGHT & LEVEL,DAYLIGHT,0,0,0,1
32240243,CAMPBELL,,OTHR,818,5TH,AVE,,39.11448433,-84.46863927,0.433,9/20/2023 0:00,735,2,2,0,0,O,CLEAR,DRY,0,SIDESWIPE COLLISION - SAME DIRECTION,SIDESWIPE-SAME DIRECTION,STRAIGHT & LEVEL,DAYLIGHT,0,0,0,1
32217134,CAMPBELL,KY1892,StateRoute,,GRAND,AVE,,39.08050301,-84.46756635,1.445,9/20/2023 0:00,1355,2,2,0,0,O,CLEAR,DRY,0,OTHER ROADWAY OR MID-BLOCK COLLISION,REAR END,STRAIGHT & GRADE,DAYLIGHT,0,0,0,1
32216217,CAMPBELL,I 0471,Interstate,,I471 N,,,39.08871686,-84.47480751,3.509,9/20/2023 0:00,832,2,2,0,0,O,CLEAR,DRY,0,OTHER ROADWAY OR MID-BLOCK COLLISION,REAR END,STRAIGHT & LEVEL,DAYLIGHT,0,0,0,1
32214082,CAMPBELL,US0027,USRoute,,ALEXANDRIA,PIKE,,38.89583037,-84.38528538,5.683,9/20/2023 0:00,320,1,1,0,0,O,CLEAR,DRY,0,COLLISION WITH ANIMAL NON INTERSECTION,SINGLE VEHICLE,STRAIGHT & LEVEL,DARK-HWY NOT LIGHTED,0,0,0,1
32217131,CAMPBELL,US0027,USRoute,,MONMOUTH,ST,,39.08714509,-84.48871198,21.563,9/20/2023 0:00,921,2,2,0,0,O,CLEAR,DRY,0,OTHER ROADWAY OR MID-BLOCK COLLISION,REAR END,STRAIGHT & LEVEL,DAYLIGHT,0,0,0,1
32234779,CAMPBELL,I 0275,Interstate,,I275 E,,,39.05678019,-84.43108588,73.232,9/20/2023 0:00,1611,2,2,0,0,O,CLEAR,DRY,0,OTHER ROADWAY OR MID-BLOCK COLLISION,REAR END,STRAIGHT & LEVEL,DAYLIGHT,0,0,0,1
32216216,CAMPBELL,I 0471,Interstate,,,,,39.09223718,-84.47615428,0.233,9/20/2023 0:00,1010,3,3,0,0,O,CLEAR,DRY,0,OTHER RAMP RELATED COLLISIONS NOT LISTED ABOVE,REAR END,STRAIGHT & HILLCREST,DAYLIGHT,0,0,0,1
32222312,CAMPBELL,I 0471,Interstate,"2,8",I471 N,,,39.08119476,-84.47122414,2.951,9/21/2023 0:00,818,2,2,0,0,O,CLEAR,DRY,0,OTHER ROADWAY OR MID-BLOCK COLLISION,REAR TO REAR,STRAIGHT & LEVEL,DAYLIGHT,0,0,0,1
32221017,CAMPBELL,I 0471,Interstate,,I471 N,,,39.10051869,-84.49448104,4.915,9/21/2023 0:00,726,4,4,0,0,O,CLEAR,DRY,0,OTHER ROADWAY OR MID-BLOCK COLLISION,REAR END,STRAIGHT & LEVEL,DAWN,0,0,0,1
32221249,CAMPBELL,,OTHR,,PARK,AVE,,39.09796212,-84.49279944,0.348,9/21/2023 0:00,1043,2,2,0,0,O,CLEAR,DRY,0,OTHER ROADWAY OR MID-BLOCK COLLISION,REAR END,STRAIGHT & GRADE,DAYLIGHT,0,0,0,1
32222285,CAMPBELL,,OTHR,,10TH,ST,W,39.0846559,-84.49341627,0.342,9/21/2023 0:00,1521,2,2,0,0,O,CLEAR,DRY,0,OTHER INTERSECTION COLLISIONS,REAR END,STRAIGHT & LEVEL,DAYLIGHT,1,0,0,1
32222311,CAMPBELL,KY1892,StateRoute,,CAROTHERS,RD,,39.08637277,-84.47738711,2.16,9/21/2023 0:00,1256,2,2,0,0,O,CLEAR,DRY,0,OTHER INTERSECTION COLLISIONS,REAR END,STRAIGHT & LEVEL,DAYLIGHT,1,0,0,1
32237906,CAMPBELL,US0027,USRoute,,ALEXANDRIA,PIKE,,38.93975418,-84.39412751,8.806,9/21/2023 0:00,1432,2,2,0,0,O,CLEAR,DRY,0,OTHER INTERSECTION COLLISIONS,REAR END,STRAIGHT & LEVEL,DAYLIGHT,1,0,0,1
32228465,CAMPBELL,I 0275,Interstate,,I275 E,,,39.05603567,-84.43293143,73.344,9/21/2023 0:00,1556,4,4,0,2,B,CLEAR,DRY,0,REAR END IN TRAFFIC LANES BOTH VEHICLES MOVING,REAR END,STRAIGHT & LEVEL,DAYLIGHT,0,0,0,1
32234775,CAMPBELL,I 0275,Interstate,,I275 E,,,39.05751826,-84.42947211,73.131,9/21/2023 0:00,1556,3,3,0,0,O,CLEAR,DRY,0,REAR END IN TRAFFIC LANES BOTH VEHICLES MOVING,REAR END,STRAIGHT & LEVEL,DAYLIGHT,0,0,0,1
32221010,CAMPBELL,I 0471,Interstate,,I471 N,,,39.09513602,-84.48085891,4.074,9/21/2023 0:00,845,3,3,0,0,O,CLEAR,DRY,0,REAR END IN TRAFFIC LANES BOTH VEHICLES MOVING,REAR END,STRAIGHT & LEVEL,DAYLIGHT,0,0,0,1
32229315,CAMPBELL,US0027,USRoute,,MONMOUTH,ST,,39.08585331,-84.48712937,21.436,9/22/2023 0:00,2050,2,2,0,0,O,CLEAR,DRY,0,REAR END IN TRAFFIC LANES BOTH VEHICLES MOVING,REAR END,STRAIGHT & GRADE,DARK-HWY LIGHTED/ON,0,0,0,1
32229572,CAMPBELL,I 0471,Interstate,,I471 S,,,39.05499856,-84.46961076,0.867,9/22/2023 0:00,1710,2,2,0,0,O,CLEAR,DRY,0,REAR END IN TRAFFIC LANES BOTH VEHICLES MOVING,REAR END,CURVE & LEVEL,DAYLIGHT,0,0,0,1
32228431,CAMPBELL,I 0275,Interstate,,I275 E,,,39.05588997,-84.43326281,73.364,9/22/2023 0:00,1620,3,3,0,0,O,CLEAR,DRY,0,REAR END IN TRAFFIC LANES BOTH VEHICLES MOVING,REAR END,STRAIGHT & LEVEL,DAYLIGHT,0,0,0,1
32225643,CAMPBELL,,OTHR,,9TH,ST,E,39.08754217,-84.49160309,0.732,9/22/2023 0:00,746,2,2,0,0,O,CLEAR,DRY,0,SIDESWIPE COLLISION - SAME DIRECTION,SIDESWIPE-SAME DIRECTION,STRAIGHT & LEVEL,DAYLIGHT,0,0,0,1
32237911,CAMPBELL,KY0709,StateRoute,,ALEXANDRIA,PIKE,E,38.98412794,-84.39781446,,9/22/2023 0:00,1612,2,2,0,1,B,CLEAR,DRY,0,ANGLE COLLISION - ONE VEHICLE TURNING LEFT,ANGLE,STRAIGHT & GRADE,DAYLIGHT,0,0,0,1
32233619,CAMPBELL,KY0008,StateRoute,,6TH,AVE,,39.11297181,-84.47285695,2.595,9/22/2023 0:00,148,2,2,0,0,O,CLEAR,DRY,1,COLLISION WITH PARKED VEHICLE,BACKING,STRAIGHT & LEVEL,DARK-HWY LIGHTED/ON,0,0,0,1