IncidentID,County,RdwyNumber,RdwyType,Street,RoadwayName,StreetSfx,StreetDir,Latitude,Longitude,Milepoint,CollisionDate,CollisionTime,UnitsInvolved,MotorVehiclesInvolved,NumberKilled,NumberInjured,KABCO,Weather,RdwyConditionCode,HitandRun,DirAnalysisCode,MannerofCollision,RdwyCharacter,LightCondition,Intersection Crash,Bicyclist,Pedestrian,Motor Vehicles
32241419,CAMPBELL,,OTHR,,4TH,AVE,,39.11140891,-84.47887901,0.179,9/22/2023 0:00,1642,2,2,0,0,O,CLEAR,DRY,0,1 VEHICLE PARKED POSITION (NOT PARKING LOT/DRIVEWAY),SIDESWIPE-SAME DIRECTION,STRAIGHT & LEVEL,DAYLIGHT,0,0,0,1
32235684,CAMPBELL,,OTHR,24,HIGH,ST,,39.04475743,-84.44778554,0.065,9/22/2023 0:00,1836,2,2,0,0,O,CLEAR,DRY,1,1 VEHICLE PARKED POSITION (NOT PARKING LOT/DRIVEWAY),SIDESWIPE-SAME DIRECTION,STRAIGHT & GRADE,DAYLIGHT,0,0,0,1
32274515,CAMPBELL,,OTHR,613,BERRY,ST,,39.11368433,-84.47110579,0.117,9/22/2023 0:00,50,2,2,0,0,O,CLEAR,DRY,1,1 VEHICLE PARKED POSITION (NOT PARKING LOT/DRIVEWAY),BACKING,STRAIGHT & LEVEL,DARK (UNKNOWN ROADWAY LIGHTING),0,0,0,1
32242917,CAMPBELL,,OTHR,,FLATWOODS,RD,,38.88421272,-84.36113681,0.501,9/23/2023 0:00,600,1,1,0,1,B,CLEAR,DRY,0,OTHER ROADWAY OR MID-BLOCK COLLISION,SINGLE VEHICLE,CURVE & GRADE,DARK-HWY NOT LIGHTED,0,0,0,1
32236465,CAMPBELL,,OTHR,,PLAZA,DR,,39.00428597,-84.42466934,0.003,9/23/2023 0:00,2015,2,1,0,0,O,CLEAR,DRY,0,OTHER ROADWAY OR MID-BLOCK COLLISION,OPPOSING LEFT TURN,STRAIGHT & GRADE,DARK-HWY NOT LIGHTED,0,0,0,1
32237812,CAMPBELL,I 0471,Interstate,I471,I471,,N,39.0933977,-84.47909569,0.147,9/23/2023 0:00,1200,1,1,0,0,O,CLEAR,DRY,0,COLLISION WITH FIXED OBJECT NOT IN GORE ,SINGLE VEHICLE,CURVE & GRADE,DAYLIGHT,0,0,0,1
32232787,CAMPBELL,KY0008,StateRoute,,3RD,ST,E,39.09435285,-84.4955994,0.655,9/23/2023 0:00,1655,2,2,0,0,O,CLEAR,DRY,0,1 VEHICLE PARKED POSITION (NOT PARKING LOT/DRIVEWAY),HEAD ON,STRAIGHT & LEVEL,DAYLIGHT,0,0,0,1
32232786,CAMPBELL,I 0471,Interstate,,,,,39.09300863,-84.47887566,0.179,9/23/2023 0:00,1330,2,2,0,0,O,CLEAR,DRY,0,OTHER INTERSECTION COLLISIONS,REAR END,STRAIGHT & LEVEL,DAYLIGHT,1,0,0,1
32230431,CAMPBELL,US0027,USRoute,,YORK,ST,,39.08742373,-84.49179375,21.81,9/23/2023 0:00,1415,2,2,0,0,O,CLEAR,DRY,0,OTHER INTERSECTION COLLISIONS,REAR END,STRAIGHT & LEVEL,DAYLIGHT,1,0,0,1
32231190,CAMPBELL,US0027,USRoute,,ALEXANDRIA,PIKE,,39.01880136,-84.43655525,15.096,9/23/2023 0:00,1245,2,2,0,0,O,CLEAR,DRY,0,OTHER INTERSECTION COLLISIONS,REAR END,STRAIGHT & LEVEL,DAYLIGHT,1,0,0,1
32237916,CAMPBELL,KY0009,StateRoute,,AA,HWY,,38.98892164,-84.39540401,12.15,9/23/2023 0:00,2121,2,2,0,0,O,CLEAR,DRY,0,OTHER INTERSECTION COLLISIONS,REAR END,STRAIGHT & LEVEL,DARK-HWY LIGHTED/ON,1,0,0,1
32230169,CAMPBELL,,OTHR,,MONROE,ST,,39.08961925,-84.48466818,0.004,9/23/2023 0:00,812,2,2,0,0,O,CLEAR,DRY,1,OPPOSITE DIRECTION - BOTH VEHICLES GOING STRAIGHT AHEAD,SIDESWIPE-OPPOSITE DIRECTION,,DAYLIGHT,0,0,0,1
32266908,CAMPBELL,,OTHR,,HIGHLAND,AVE,,39.07545242,-84.46311401,0.486,9/23/2023 0:00,2103,2,2,0,0,O,CLEAR,DRY,0,COLLISION WITH PARKED VEHICLE,SIDESWIPE-SAME DIRECTION,STRAIGHT & LEVEL,DARK-HWY LIGHTED/ON,0,0,0,1
32232789,CAMPBELL,,OTHR,,PARK,AVE,,39.09747789,-84.49210814,0.298,9/23/2023 0:00,1522,2,2,0,0,O,CLEAR,DRY,0,SIDESWIPE COLLISION - SAME DIRECTION,SIDESWIPE-SAME DIRECTION,STRAIGHT & LEVEL,DAYLIGHT,0,0,0,1
32234429,CAMPBELL,I 0471,Interstate,,I471 N,,,39.09958524,-84.49265489,4.797,9/23/2023 0:00,1700,2,2,0,0,O,CLEAR,DRY,1,SIDESWIPE COLLISION - SAME DIRECTION,SIDESWIPE-SAME DIRECTION,STRAIGHT & GRADE,DAYLIGHT,0,0,0,1
32262280,CAMPBELL,KY1120,StateRoute,,FT THOMAS,AVE,S,39.06670128,-84.44665404,5.217,9/23/2023 0:00,1700,2,2,0,0,O,CLEAR,DRY,1,SIDESWIPE COLLISION - SAME DIRECTION,SIDESWIPE-SAME DIRECTION,STRAIGHT & LEVEL,DAYLIGHT,0,0,0,1
32277775,CAMPBELL,KY1120,StateRoute,,FT THOMAS,AVE,S,39.06644181,-84.4465782,5.201,9/23/2023 0:00,1928,2,2,0,0,O,CLEAR,DRY,1,SIDESWIPE COLLISION - SAME DIRECTION,SIDESWIPE-SAME DIRECTION,CURVE & LEVEL,DAYLIGHT,0,0,0,1
32277374,CAMPBELL,US0027,USRoute,,ALEXANDRIA,PIKE,,39.00892016,-84.42927357,14.332,9/23/2023 0:00,1930,2,2,0,0,O,CLEAR,DRY,0,SIDESWIPE COLLISION - SAME DIRECTION,SIDESWIPE-SAME DIRECTION,STRAIGHT & LEVEL,DUSK,0,0,0,1
32230518,CAMPBELL,,OTHR,,NEWPORT PAVILION,,,39.0925704,-84.48055655,0.008,9/23/2023 0:00,1300,2,2,0,0,O,CLEAR,DRY,0,REAR END IN TRAFFIC LANES BOTH VEHICLES MOVING,REAR END,CURVE & LEVEL,DAYLIGHT,0,0,0,1
32235186,CAMPBELL,,OTHR,626,OAK,ST,,39.09545837,-84.48462431,0.047,9/24/2023 0:00,1956,2,2,0,0,O,CLEAR,DRY,0,1 VEHICLE PARKED POSITION (NOT PARKING LOT/DRIVEWAY),SIDESWIPE-SAME DIRECTION,STRAIGHT & LEVEL,DARK-HWY LIGHTED/OFF,0,0,0,1
32235188,CAMPBELL,,OTHR,130,9TH,ST,W,39.08615408,-84.49416257,0.154,9/24/2023 0:00,2149,2,2,0,0,O,CLEAR,DRY,1,1 VEHICLE PARKED POSITION (NOT PARKING LOT/DRIVEWAY),ANGLE,STRAIGHT & LEVEL,DARK-HWY LIGHTED/ON,0,0,0,1
32300549,CAMPBELL,,OTHR,629,SARATOGA,ST,,39.09189381,-84.49190437,0.461,9/24/2023 0:00,1241,2,2,0,0,O,CLEAR,DRY,0,SIDESWIPE COLLISION - SAME DIRECTION,SIDESWIPE-SAME DIRECTION,STRAIGHT & LEVEL,DAYLIGHT,0,0,0,1
32346615,CAMPBELL,KY1892,StateRoute,100,CAROTHERS,RD,,39.08525364,-84.48051265,2.354,9/24/2023 0:00,1245,2,2,0,0,O,CLEAR,DRY,1,1 VEHICLE PARKED POSITION (NOT PARKING LOT/DRIVEWAY),BACKING,STRAIGHT & LEVEL,DAYLIGHT,0,0,0,1
32245358,CAMPBELL,KY1120,StateRoute,,MEMORIAL,PKWY,,39.09267253,-84.47523311,1.677,9/25/2023 0:00,1650,2,2,0,0,O,CLEAR,DRY,0,ANGLE COLLISION - OTHER,ANGLE,STRAIGHT & LEVEL,DAYLIGHT,0,0,0,1
32240548,CAMPBELL,,OTHR,,LOWELL,ST,,39.07935287,-84.4963677,0.312,9/25/2023 0:00,1927,2,2,0,0,O,CLEAR,DRY,0,ANGLE COLLISION - OTHER,ANGLE,STRAIGHT & LEVEL,DUSK,0,0,0,1
32237643,CAMPBELL,KY1120,StateRoute,,10TH,ST,E,39.08729556,-84.48879729,0.784,9/25/2023 0:00,1105,2,2,0,0,O,CLEAR,DRY,0,VEHICLE BACKING IN INTERSECTION,BACKING,STRAIGHT & LEVEL,DAYLIGHT,1,0,0,1
32240765,CAMPBELL,KY1998,StateRoute,,INDUSTRIAL,RD,,39.0440672,-84.42053343,3.938,9/25/2023 0:00,1535,2,2,0,1,C,CLEAR,DRY,0,OTHER INTERSECTION COLLISIONS,REAR END,STRAIGHT & LEVEL,DAYLIGHT,1,0,0,1
32245393,CAMPBELL,US0027,USRoute,,ALEXANDRIA,PIKE,,39.03680451,-84.45390972,16.724,9/25/2023 0:00,1300,2,2,0,0,O,CLEAR,DRY,0,OTHER ROADWAY OR MID-BLOCK COLLISION,REAR END,STRAIGHT & LEVEL,DAYLIGHT,0,0,0,1
32260412,CAMPBELL,KY0009,StateRoute,,AA,HWY,,39.0182144,-84.48011148,17.393,9/25/2023 0:00,1736,2,2,0,0,O,CLEAR,DRY,0,1 VEHICLE ENTERING/LEAVING ENTRANCE,ANGLE,STRAIGHT & LEVEL,DAYLIGHT,0,0,0,1
32237813,CAMPBELL,,OTHR,130,NEWPORT PAVILION,,,39.0901789,-84.47639978,0.299,9/25/2023 0:00,1300,2,2,0,0,O,CLEAR,DRY,0,1 VEHICLE PARKED POSITION (NOT PARKING LOT/DRIVEWAY),SIDESWIPE-SAME DIRECTION,STRAIGHT & LEVEL,DAYLIGHT,0,0,0,1
32266574,CAMPBELL,KY0008,StateRoute,407,FAIRFIELD,AVE,,39.1071664,-84.48232795,1.947,9/26/2023 0:00,738,2,2,0,0,O,CLEAR,DRY,1,REAR END IN TRAFFIC LANES BOTH VEHICLES MOVING,REAR END,STRAIGHT & LEVEL,DAYLIGHT,0,0,0,1
32257096,CAMPBELL,US0027,USRoute,,ALEXANDRIA,PIKE,,38.99833036,-84.41758812,13.4,9/26/2023 0:00,1452,2,2,0,0,O,CLEAR,DRY,0,REAR END IN TRAFFIC LANES BOTH VEHICLES MOVING,REAR END,STRAIGHT & LEVEL,DAYLIGHT,0,0,0,1
32278263,CAMPBELL,US0027,USRoute,2335,ALEXANDRIA,PIKE,,39.07459147,-84.47506976,20.39,9/26/2023 0:00,900,2,2,0,0,O,CLEAR,DRY,1,1 VEHICLE PARKED POSITION (NOT PARKING LOT/DRIVEWAY),SIDESWIPE-OPPOSITE DIRECTION,STRAIGHT & LEVEL,OTHER,0,0,0,1
32261844,CAMPBELL,,OTHR,122,HIGHLAND,AVE,,39.07731667,-84.45148785,1.204,9/26/2023 0:00,1349,2,2,0,0,O,CLEAR,DRY,0,1 VEHICLE PARKED POSITION (NOT PARKING LOT/DRIVEWAY),BACKING,STRAIGHT & LEVEL,DAYLIGHT,0,0,0,1
32261845,CAMPBELL,KY1120,StateRoute,1041,FT THOMAS,AVE,S,39.06419264,-84.44706369,5.381,9/26/2023 0:00,1249,2,2,0,0,O,CLOUDY,DRY,0,1 VEHICLE PARKED POSITION (NOT PARKING LOT/DRIVEWAY),BACKING,STRAIGHT & LEVEL,DAYLIGHT,0,0,0,1
32243932,CAMPBELL,I 0471,Interstate,,I471 N,,,39.10084849,-84.49501329,4.952,9/26/2023 0:00,721,3,3,0,0,O,CLEAR,DRY,0,REAR END IN TRAFFIC LANES BOTH VEHICLES MOVING,REAR END,STRAIGHT & LEVEL,DAWN,0,0,0,1
32243935,CAMPBELL,I 0471,Interstate,,I471 S,,,39.09433081,-84.47997931,4.008,9/26/2023 0:00,1236,2,2,0,0,O,CLEAR,DRY,0,SIDESWIPE COLLISION - SAME DIRECTION,SIDESWIPE-SAME DIRECTION,STRAIGHT & LEVEL,DAYLIGHT,0,0,0,1
32245398,CAMPBELL,KY0471,StateRoute,,KY471,,,39.03723866,-84.45396132,0.019,9/26/2023 0:00,726,2,2,0,0,O,CLEAR,DRY,1,SIDESWIPE COLLISION - SAME DIRECTION,SIDESWIPE-SAME DIRECTION,STRAIGHT & LEVEL,DUSK,0,0,0,1
32244056,CAMPBELL,,OTHR,160,NEWPORT PAVILION,,,39.08713429,-84.47678954,0.541,9/26/2023 0:00,1230,2,2,0,0,O,CLEAR,DRY,0,OTHER ROADWAY OR MID-BLOCK COLLISION,OPPOSING LEFT TURN,CURVE & LEVEL,DAYLIGHT,0,0,0,1
32256098,CAMPBELL,KY0547,StateRoute,,FOUR MILE,RD,,39.03667821,-84.39018521,6.516,9/26/2023 0:00,716,2,2,0,0,O,FOG,DRY,0,VEHICLE BACKING NON INTERSECTION,BACKING,STRAIGHT & LEVEL,DAWN,0,0,0,1
32262283,CAMPBELL,,OTHR,,FT THOMAS,AVE,N,39.08555598,-84.45256673,0.03,9/26/2023 0:00,800,2,2,0,0,O,CLEAR,DRY,0,1 VEHICLE PARKED POSITION (NOT PARKING LOT/DRIVEWAY),BACKING,STRAIGHT & LEVEL,DAYLIGHT,0,0,0,1
32315881,CAMPBELL,,OTHR,121,CLOVER RIDGE,AVE,,39.09524874,-84.45588415,0.329,9/26/2023 0:00,2008,2,2,0,0,O,CLOUDY,DRY,1,1 VEHICLE PARKED POSITION (NOT PARKING LOT/DRIVEWAY),SIDESWIPE-SAME DIRECTION,CURVE & GRADE,DUSK,0,0,0,1
32260414,CAMPBELL,KY0009,StateRoute,,LICKING,PIKE,,39.03440513,-84.48080766,18.557,9/26/2023 0:00,2051,1,1,0,0,O,CLOUDY,DRY,0,COLLISION WITH ANIMAL NON INTERSECTION,SINGLE VEHICLE,STRAIGHT & LEVEL,DARK-HWY NOT LIGHTED,0,0,0,1
32245400,CAMPBELL,,OTHR,,STEELMAN,AVE,,39.04317166,-84.44209919,0.235,9/26/2023 0:00,2215,2,2,0,0,O,RAINING,WET,0,COLLISION WITH PARKED VEHICLE,ANGLE,STRAIGHT & LEVEL,DARK-HWY NOT LIGHTED,0,0,0,1
32242921,CAMPBELL,,OTHR,,POPLAR RIDGE,RD,,38.98715368,-84.37399897,0.583,9/26/2023 0:00,657,2,2,0,0,O,FOG,DRY,0,ANGLE COLLISION - ONE VEHICLE TURNING LEFT,ANGLE,STRAIGHT & GRADE,DAWN,0,0,0,1
32271541,CAMPBELL,I 0471,Interstate,,,,,39.08630347,-84.47425448,0.139,9/27/2023 0:00,1638,2,2,0,0,O,CLEAR,DRY,0,OTHER RAMP RELATED COLLISIONS NOT LISTED ABOVE,REAR END,STRAIGHT & HILLCREST,DAYLIGHT,0,0,0,1
32277427,CAMPBELL,US0027,USRoute,,ALEXANDRIA,PIKE,,39.00425109,-84.42453966,13.935,9/27/2023 0:00,1700,2,2,0,0,O,CLEAR,DRY,0,OTHER INTERSECTION COLLISIONS,REAR END,STRAIGHT & LEVEL,DAYLIGHT,1,0,0,1
32266577,CAMPBELL,,OTHR,1004,BERRY,AVE,,39.09652323,-84.47741894,0.128,9/27/2023 0:00,1203,2,2,0,0,O,,,1,1 VEHICLE PARKED POSITION (NOT PARKING LOT/DRIVEWAY),BACKING,STRAIGHT & GRADE,UNKNOWN,0,0,0,1
32258741,CAMPBELL,KY0008,StateRoute,,4TH,ST,W,39.08953629,-84.50105682,0.253,9/27/2023 0:00,752,2,2,0,0,O,CLOUDY,WET,0,SIDESWIPE COLLISION - SAME DIRECTION,SIDESWIPE-SAME DIRECTION,CURVE & LEVEL,DAWN,0,0,0,1
32260415,CAMPBELL,I 0275,Interstate,,I275 E,,,39.02257732,-84.48911625,77.567,9/27/2023 0:00,958,2,2,0,1,B,CLOUDY,WET,0,REAR END IN TRAFFIC LANES BOTH VEHICLES MOVING,REAR END,STRAIGHT & LEVEL,DAYLIGHT,0,0,0,1
32278357,CAMPBELL,US0027,USRoute,,ALEXANDRIA,PIKE,,38.95853016,-84.39296242,,9/28/2023 0:00,1049,2,2,0,3,C,CLOUDY,DRY,0,1 VEHICLE ENTERING/LEAVING ENTRANCE,ANGLE,STRAIGHT & HILLCREST,DAYLIGHT,0,0,0,1
32266151,CAMPBELL,KY0010,StateRoute,8687,MAIN,ST,W,38.94716421,-84.40118518,0.382,9/28/2023 0:00,1431,1,1,0,1,B,CLOUDY,DRY,0,RAN OFF ROADWAY (1 VEHICLE WITH/EARTH EMBANKMENT/DITCH),SINGLE VEHICLE,CURVE & GRADE,DAYLIGHT,0,0,0,1
32267873,CAMPBELL,,OTHR,1301,KMART SHOPPING CENTER,,,39.08483497,-84.48473458,0.129,9/28/2023 0:00,1145,1,1,0,0,O,CLOUDY,WET,0,COLLISION WITH FIXED OBJECT NON - INTERSECTION - FIRST EVENT COLLISION 09 - 32 EXCLUDING 16,SINGLE VEHICLE,STRAIGHT & LEVEL,DAYLIGHT,0,0,0,1
32263306,CAMPBELL,US0027,USRoute,,MONMOUTH,ST,,39.07847448,-84.47997841,20.787,9/28/2023 0:00,1245,2,2,0,0,O,RAINING,WET,0,ANGLE COLLISION - ONE VEHICLE TURNING LEFT,ANGLE,STRAIGHT & GRADE,DAYLIGHT,0,0,0,1
32277372,CAMPBELL,US0027,USRoute,5400,ALEXANDRIA,PIKE,,39.00077615,-84.42053885,13.621,9/28/2023 0:00,1840,2,2,0,0,O,CLOUDY,DRY,1,OTHER INTERSECTION COLLISIONS,REAR END,STRAIGHT & LEVEL,DAYLIGHT,1,0,0,1
32278354,CAMPBELL,US0027,USRoute,,ALEXANDRIA,PIKE,,38.93992487,-84.39412601,8.818,9/28/2023 0:00,720,2,2,0,0,O,CLOUDY,WET,0,OTHER INTERSECTION COLLISIONS,REAR END,STRAIGHT & LEVEL,DAWN,1,0,0,1
32264068,CAMPBELL,I 0471,Interstate,,,,,39.08540707,-84.47464461,0.217,9/28/2023 0:00,1209,2,2,0,0,O,CLOUDY,DRY,0,OTHER RAMP RELATED COLLISIONS NOT LISTED ABOVE,REAR END,CURVE & LEVEL,DAYLIGHT,0,0,0,1
32265794,CAMPBELL,I 0471,Interstate,,,,,39.08510137,-84.47354483,0.448,9/28/2023 0:00,2045,2,2,0,0,O,CLEAR,DRY,0,OTHER RAMP RELATED COLLISIONS NOT LISTED ABOVE,REAR END,CURVE & GRADE,DARK-HWY LIGHTED/ON,0,0,0,1
32271093,CAMPBELL,I 0471,Interstate,,,,,39.06701779,-84.466427,0.056,9/29/2023 0:00,1427,2,2,0,0,O,CLEAR,DRY,0,OTHER RAMP RELATED COLLISIONS NOT LISTED ABOVE,REAR END,STRAIGHT & HILLCREST,DAYLIGHT,0,0,0,1
32301518,CAMPBELL,US0027,USRoute,,ALEXANDRIA,PIKE,,39.00424638,-84.42477786,13.943,9/29/2023 0:00,1345,2,2,0,0,O,CLEAR,DRY,0,ANGLE COLLISION - ONE VEHICLE TURNING LEFT,ANGLE,STRAIGHT & GRADE,DAYLIGHT,0,0,0,1
32279177,CAMPBELL,KY0709,StateRoute,,ALEXANDRIA,PIKE,E,38.98320037,-84.39774867,,9/29/2023 0:00,1514,2,2,0,0,O,CLEAR,DRY,0,ANGLE COLLISION - OTHER,ANGLE,STRAIGHT & GRADE,DAYLIGHT,0,0,0,1
32270499,CAMPBELL,KY0009,StateRoute,908,CENTRAL,AVE,,39.08580136,-84.49426226,22.642,9/29/2023 0:00,2324,2,2,0,0,O,CLEAR,DRY,0,1 VEHICLE PARKED POSITION (NOT PARKING LOT/DRIVEWAY),SIDESWIPE-SAME DIRECTION,STRAIGHT & LEVEL,DARK-HWY NOT LIGHTED,0,0,0,1
32277770,CAMPBELL,,OTHR,,ST LUKE EAST HOSPITAL,,,39.0779533,-84.46764635,0.219,9/29/2023 0:00,804,2,2,0,0,O,CLOUDY,WET,0,SIDESWIPE COLLISION - SAME DIRECTION,SIDESWIPE-SAME DIRECTION,STRAIGHT & LEVEL,DAYLIGHT,0,0,0,1
32271094,CAMPBELL,I 0471,Interstate,,I471 N,,,39.05675041,-84.46933857,1.008,9/29/2023 0:00,1520,2,2,0,3,C,CLEAR,DRY,0,SIDESWIPE COLLISION - SAME DIRECTION,SIDESWIPE-SAME DIRECTION,CURVE & LEVEL,DAYLIGHT,0,0,0,1
32276603,CAMPBELL,,OTHR,,BON JAN,LN,,39.03047356,-84.45116851,0.007,9/29/2023 0:00,1546,2,2,0,0,O,CLOUDY,DRY,0,1 VEHICLE ENTERING/LEAVING ENTRANCE,ANGLE,STRAIGHT & LEVEL,DAYLIGHT,0,0,0,1
32270504,CAMPBELL,US0027,USRoute,,TAYLOR SOUTHGATE,BRG,,39.09346094,-84.49719371,22.279,9/29/2023 0:00,1907,2,2,0,0,O,CLEAR,DRY,0,1 VEHICLE ENTERING/LEAVING ENTRANCE,ANGLE,CURVE & LEVEL,DAYLIGHT,0,0,0,1
32278296,CAMPBELL,,OTHR,135,HARVARD,AVE,,39.07195368,-84.47770337,0.117,9/29/2023 0:00,200,2,2,0,0,O,CLOUDY,DRY,1,1 VEHICLE PARKED POSITION (NOT PARKING LOT/DRIVEWAY),SIDESWIPE-OPPOSITE DIRECTION,STRAIGHT & GRADE,DAYLIGHT,0,0,0,1
32278302,CAMPBELL,KY0009,StateRoute,,AA,HWY,,39.01847652,-84.48031299,17.419,9/30/2023 0:00,1630,2,2,0,0,O,CLEAR,DRY,0,REAR END IN TRAFFIC LANES BOTH VEHICLES MOVING,REAR END,STRAIGHT & LEVEL,DAYLIGHT,0,0,0,1
32284421,CAMPBELL,I 0275,Interstate,,I275 W,,,39.05611333,-84.43349135,,9/30/2023 0:00,1813,3,3,0,0,O,CLEAR,DRY,1,SIDESWIPE COLLISION - SAME DIRECTION,SIDESWIPE-SAME DIRECTION,STRAIGHT & GRADE,DAYLIGHT,0,0,0,1
32284410,CAMPBELL,I 0275,Interstate,,I275 E,,,39.05711318,-84.43039428,,9/30/2023 0:00,1938,2,2,0,0,O,CLEAR,DRY,0,SIDESWIPE COLLISION - SAME DIRECTION,SIDESWIPE-SAME DIRECTION,STRAIGHT & LEVEL,DAYLIGHT,0,0,0,1
32272963,CAMPBELL,I 0471,Interstate,,I471 N,,,39.09957179,-84.49266929,4.797,9/30/2023 0:00,1827,4,4,0,2,B,CLEAR,DRY,0,SIDESWIPE COLLISION - SAME DIRECTION,SIDESWIPE-SAME DIRECTION,STRAIGHT & LEVEL,DAYLIGHT,0,0,0,1
32282362,CAMPBELL,KY0008,StateRoute,,6TH,AVE,,39.10903123,-84.47992619,2.13,9/30/2023 0:00,1812,1,1,0,0,O,CLEAR,OTHER,0,COLLISION WITH FIXED OBJECT IN INTERSECTION - FIRST EVENT COLLISION 09 - 32,SINGLE VEHICLE,STRAIGHT & LEVEL,DAYLIGHT,1,0,0,1
32280795,CAMPBELL,KY0009,StateRoute,,AA,HWY,,39.00972414,-84.46858732,16.512,9/30/2023 0:00,1609,2,2,0,0,O,CLEAR,DRY,0,OTHER INTERSECTION COLLISIONS,REAR END,STRAIGHT & LEVEL,DAYLIGHT,1,0,0,1
32270502,CAMPBELL,US0027,USRoute,,MONMOUTH,ST,,39.08610708,-84.48741697,21.46,9/30/2023 0:00,111,2,2,0,0,O,CLEAR,DRY,0,OTHER INTERSECTION COLLISIONS,REAR END,STRAIGHT & GRADE,DARK-HWY LIGHTED/ON,1,0,0,1
32279178,CAMPBELL,US0027,USRoute,,ALEXANDRIA,PIKE,,38.95935499,-84.39293411,10.175,10/1/2023 0:00,1753,1,1,0,0,O,CLEAR,DRY,0,OTHER INTERSECTION COLLISIONS,SINGLE VEHICLE,STRAIGHT & GRADE,DAYLIGHT,1,0,0,1
32275125,CAMPBELL,KY1892,StateRoute,,GRAND,AVE,,39.08511821,-84.47390901,1.94,10/1/2023 0:00,1930,2,2,0,0,O,CLEAR,DRY,0,OTHER INTERSECTION COLLISIONS,REAR END,STRAIGHT & LEVEL,DAYLIGHT,1,0,0,1
32525961,CAMPBELL,,OTHR,,8TH,AVE,,39.11007343,-84.47640288,0.385,10/1/2023 0:00,1055,2,2,0,0,O,CLEAR,DRY,0,COLLISION WITH PARKED VEHICLE,SIDESWIPE-SAME DIRECTION,STRAIGHT & LEVEL,DAYLIGHT,0,0,0,1
32278304,CAMPBELL,,OTHR,381,LINDEN,RD,,39.07698928,-84.47587281,0.153,10/1/2023 0:00,2120,2,2,0,0,O,CLEAR,DRY,1,1 VEHICLE PARKED POSITION (NOT PARKING LOT/DRIVEWAY),ANGLE,STRAIGHT & LEVEL,DARK-HWY NOT LIGHTED,0,0,0,1
32277644,CAMPBELL,,OTHR,900,6TH,ST,E,39.09661072,-84.48428179,0.067,10/1/2023 0:00,1708,2,2,0,0,O,CLEAR,DRY,0,REAR END IN TRAFFIC LANES BOTH VEHICLES MOVING,REAR END,CURVE & LEVEL,DAYLIGHT,0,0,0,1
32280822,CAMPBELL,US0027,USRoute,,3RD,ST,E,39.09362823,-84.49693086,22.252,10/2/2023 0:00,1950,2,2,0,0,O,CLEAR,DRY,1,1 VEHICLE ENTERING/LEAVING ENTRANCE,ANGLE,CURVE & LEVEL,DARK-HWY LIGHTED/ON,0,0,0,1
32278719,CAMPBELL,I 0471,Interstate,,I471 N,,,39.09574987,-84.48185851,4.143,10/2/2023 0:00,638,2,2,0,0,O,CLOUDY,DRY,0,REAR END IN TRAFFIC LANES BOTH VEHICLES MOVING,REAR END,STRAIGHT & LEVEL,DARK-HWY LIGHTED/ON,0,0,0,1
32278720,CAMPBELL,I 0471,Interstate,,I471 N,,,39.10027832,-84.49400911,4.885,10/2/2023 0:00,928,2,2,0,0,O,CLEAR,DRY,0,REAR END IN TRAFFIC LANES BOTH VEHICLES MOVING,REAR END,STRAIGHT & LEVEL,DAYLIGHT,0,0,0,1
32280797,CAMPBELL,I 0275,Interstate,,I275 E,,,39.02259358,-84.48891336,77.555,10/2/2023 0:00,1700,1,1,0,0,O,CLEAR,DRY,0,OTHER COLLISIONS ON SHOULDER,SINGLE VEHICLE,STRAIGHT & GRADE,DAYLIGHT,0,0,0,1
32278718,CAMPBELL,,OTHR,,6TH,ST,E,39.09416254,-84.48876918,0.362,10/2/2023 0:00,1206,2,1,0,1,B,CLEAR,DRY,0,COLLISION WITH PEDESTRIAN IN INTERSECTION,SINGLE VEHICLE,STRAIGHT & LEVEL,DAYLIGHT,1,0,1,0
32293929,CAMPBELL,KY1120,StateRoute,,11TH,ST,W,39.08499053,-84.48956405,0.667,10/2/2023 0:00,1400,2,1,0,1,B,CLEAR,DRY,0,COLLISION WITH PEDESTRIAN IN INTERSECTION,SINGLE VEHICLE,STRAIGHT & LEVEL,DAYLIGHT,1,0,1,0
32293930,CAMPBELL,,OTHR,,PARK,AVE,,39.09800527,-84.49288421,0.353,10/2/2023 0:00,820,2,2,0,0,O,CLEAR,DRY,1,SIDESWIPE-SAME DIRECTION,SIDESWIPE-SAME DIRECTION,CURVE & LEVEL,DAYLIGHT,0,0,0,1
32277642,CAMPBELL,,OTHR,1004,BRIGHTON,ST,,39.08237082,-84.49729941,0.198,10/2/2023 0:00,610,2,2,0,0,O,CLEAR,DRY,0,1 VEHICLE PARKED POSITION (NOT PARKING LOT/DRIVEWAY),SIDESWIPE-OPPOSITE DIRECTION,STRAIGHT & LEVEL,DARK-HWY LIGHTED/ON,0,0,0,1
32282247,CAMPBELL,,OTHR,21,GARRISON,AVE,,39.06324238,-84.44704769,0.047,10/2/2023 0:00,945,2,2,0,0,O,CLEAR,DRY,1,1 VEHICLE PARKED POSITION (NOT PARKING LOT/DRIVEWAY),SIDESWIPE-SAME DIRECTION,STRAIGHT & GRADE,DAYLIGHT,0,0,0,1
32282148,CAMPBELL,US0027,USRoute,,ALEXANDRIA,PIKE,,39.03059963,-84.4515864,16.276,10/2/2023 0:00,1743,2,2,0,0,O,CLEAR,DRY,0,OTHER ROADWAY OR MID-BLOCK COLLISION,REAR END,STRAIGHT & LEVEL,DAYLIGHT,0,0,0,1