IncidentID,County,RdwyNumber,RdwyType,Street,RoadwayName,StreetSfx,StreetDir,Latitude,Longitude,Milepoint,CollisionDate,CollisionTime,UnitsInvolved,MotorVehiclesInvolved,NumberKilled,NumberInjured,KABCO,Weather,RdwyConditionCode,HitandRun,DirAnalysisCode,MannerofCollision,RdwyCharacter,LightCondition,Intersection Crash,Bicyclist,Pedestrian,Motor Vehicles
32287171,CAMPBELL,KY1120,StateRoute,,MEMORIAL,PKWY,,39.09483985,-84.46328755,2.377,10/3/2023 0:00,1915,1,1,0,0,O,CLEAR,DRY,0,COLLISION WITH ANIMAL NON INTERSECTION,SINGLE VEHICLE,CURVE & LEVEL,DARK-HWY LIGHTED/ON,0,0,0,1
32336578,CAMPBELL,,OTHR,,BELMONT,,,39.10884344,-84.47032818,,10/3/2023 0:00,1730,2,2,0,0,O,CLEAR,DRY,0,1 VEHICLE PARKED POSITION (NOT PARKING LOT/DRIVEWAY),BACKING,CURVE & GRADE,DAWN,0,0,0,1
32285061,CAMPBELL,KY0009,StateRoute,,LICKING,PIKE,,39.02532813,-84.48067766,17.946,10/3/2023 0:00,1302,2,2,0,0,O,CLEAR,DRY,0,SIDESWIPE-SAME DIRECTION,SIDESWIPE-SAME DIRECTION,STRAIGHT & LEVEL,DAYLIGHT,0,0,0,1
32284873,CAMPBELL,KY0009,StateRoute,,LICKING,PIKE,,39.02926705,-84.47989097,18.182,10/3/2023 0:00,449,1,1,0,0,O,CLEAR,DRY,0,COLLISION WITH ANIMAL IN INTERSECTION,SINGLE VEHICLE,STRAIGHT & LEVEL,DARK-HWY LIGHTED/ON,1,0,0,1
32284541,CAMPBELL,KY0008,StateRoute,,FAIRFIELD,AVE,,39.10577351,-84.48389149,1.822,10/3/2023 0:00,743,2,2,0,0,O,CLEAR,DRY,0,OPPOSING LEFT TURN,OPPOSING LEFT TURN,STRAIGHT & LEVEL,DAYLIGHT,0,0,0,1
32289947,CAMPBELL,US0027,USRoute,,ALEXANDRIA,PIKE,,39.00429343,-84.42461233,13.939,10/3/2023 0:00,1320,2,2,0,0,O,CLEAR,DRY,0,OPPOSING LEFT TURN,OPPOSING LEFT TURN,STRAIGHT & LEVEL,DAYLIGHT,0,0,0,1
32312467,CAMPBELL,KY0008,StateRoute,,FAIRFIELD,AVE,,39.10232493,-84.48806386,1.494,10/3/2023 0:00,1700,2,2,0,0,O,CLEAR,DRY,0,REAR END IN TRAFFIC LANES BOTH VEHICLES MOVING,REAR END,STRAIGHT & LEVEL,DAYLIGHT,0,0,0,1
32289948,CAMPBELL,US0027,USRoute,,ALEXANDRIA,PIKE,,39.01973052,-84.43744917,15.185,10/3/2023 0:00,1252,2,2,0,0,O,CLEAR,DRY,0,REAR END IN TRAFFIC LANES BOTH VEHICLES MOVING,REAR END,STRAIGHT & LEVEL,DAYLIGHT,0,0,0,1
32330665,CAMPBELL,KY0009,StateRoute,,LICKING,PIKE,,39.02477118,-84.48062345,17.903,10/3/2023 0:00,720,2,2,0,0,O,CLEAR,DRY,0,REAR END IN TRAFFIC LANES BOTH VEHICLES MOVING,REAR END,STRAIGHT & LEVEL,DAWN,0,0,0,1
32287170,CAMPBELL,,OTHR,57,TAYLOR,AVE,,39.08690475,-84.45373182,0.224,10/3/2023 0:00,1133,2,2,0,0,O,CLEAR,DRY,0,1 VEHICLE PARKED POSITION (NOT PARKING LOT/DRIVEWAY),REAR END,STRAIGHT & GRADE,DAYLIGHT,0,0,0,1
32308074,CAMPBELL,I 0275,Interstate,,I275 E,,,39.04884194,-84.44900824,74.34,10/3/2023 0:00,1736,2,2,0,1,C,CLEAR,DRY,0,REAR END IN TRAFFIC LANES BOTH VEHICLES MOVING,REAR END,STRAIGHT & GRADE,DAYLIGHT,0,0,0,1
32284751,CAMPBELL,KY1120,StateRoute,,MEMORIAL,PKWY,,39.09273297,-84.4805937,1.378,10/3/2023 0:00,1617,2,2,0,0,O,CLEAR,DRY,0,1 VEHICLE ENTERING/LEAVING ENTRANCE,ANGLE,STRAIGHT & LEVEL,DAYLIGHT,0,0,0,1
32286819,CAMPBELL,I 0275,Interstate,,I275 E,,,39.05644958,-84.43189276,73.281,10/3/2023 0:00,1805,2,2,0,0,O,CLEAR,DRY,0,SIDESWIPE COLLISION - SAME DIRECTION,SIDESWIPE-SAME DIRECTION,STRAIGHT & LEVEL,DAYLIGHT,0,0,0,1
32286544,CAMPBELL,I 0471,Interstate,,I471 N,,,39.08874926,-84.47484275,3.512,10/3/2023 0:00,1800,2,2,0,0,O,CLEAR,DRY,0,SIDESWIPE COLLISION - SAME DIRECTION,SIDESWIPE-SAME DIRECTION,STRAIGHT & LEVEL,DAYLIGHT,0,0,0,1
32296083,CAMPBELL,KY1120,StateRoute,,MEMORIAL,PKWY,,39.09266475,-84.47798278,1.52,10/4/2023 0:00,1730,2,2,0,0,O,CLOUDY,WET,0,OTHER ROADWAY OR MID-BLOCK COLLISION,REAR END,STRAIGHT & LEVEL,DAYLIGHT,0,0,0,1
32288095,CAMPBELL,KY1892,StateRoute,,GRAND,AVE,,39.08543181,-84.47470983,1.99,10/4/2023 0:00,748,2,2,0,0,O,CLEAR,DRY,0,REAR END IN TRAFFIC LANES BOTH VEHICLES MOVING,REAR END,STRAIGHT & LEVEL,DAYLIGHT,0,0,0,1
32303389,CAMPBELL,KY1892,StateRoute,100,CAROTHERS,RD,,39.08640077,-84.47780485,2.183,10/4/2023 0:00,1200,2,2,0,0,O,CLEAR,DRY,0,REAR END IN TRAFFIC LANES BOTH VEHICLES MOVING,REAR END,STRAIGHT & LEVEL,DAYLIGHT,0,0,0,1
32289972,CAMPBELL,I 0275,Interstate,,I275 E,,,39.0570235,-84.43066289,,10/4/2023 0:00,1702,2,2,0,0,O,CLEAR,DRY,0,REAR END IN TRAFFIC LANES BOTH VEHICLES MOVING,REAR END,STRAIGHT & LEVEL,DAYLIGHT,0,0,0,1
32292054,CAMPBELL,KY1120,StateRoute,,MEMORIAL,PKWY,,39.09348148,-84.46178818,2.494,10/4/2023 0:00,836,1,1,0,0,O,CLEAR,DRY,0,COLLISION WITH ANIMAL NON INTERSECTION,SINGLE VEHICLE,STRAIGHT & LEVEL,DAYLIGHT,0,0,0,1
32330666,CAMPBELL,KY0009,StateRoute,,LICKING,PIKE,,39.05842003,-84.48661735,20.417,10/4/2023 0:00,822,1,1,0,0,O,CLEAR,DRY,0,COLLISION WITH ANIMAL NON INTERSECTION,SINGLE VEHICLE,STRAIGHT & LEVEL,DAWN,0,0,0,1
32298135,CAMPBELL,KY1892,StateRoute,30,CAROTHERS,RD,,39.08562253,-84.47989861,2.311,10/5/2023 0:00,1600,2,2,0,0,O,RAINING,WET,0,OTHER ROADWAY OR MID-BLOCK COLLISION,OPPOSING LEFT TURN,CURVE & GRADE,DAYLIGHT,0,0,0,1
32330667,CAMPBELL,I 0275,Interstate,,I275 W,,,39.02279029,-84.48677272,77.433,10/5/2023 0:00,1734,2,2,0,1,C,RAINING,WET,0,OTHER ROADWAY OR MID-BLOCK COLLISION,REAR END,STRAIGHT & GRADE,DAYLIGHT,0,0,0,1
32303091,CAMPBELL,US0027,USRoute,,ALEXANDRIA,PIKE,,39.06730611,-84.46591757,19.647,10/5/2023 0:00,640,2,2,0,1,C,CLEAR,DRY,0,OPPOSING LEFT TURN,OPPOSING LEFT TURN,CURVE & LEVEL,DARK-HWY LIGHTED/ON,0,0,0,1
32295896,CAMPBELL,KY1120,StateRoute,,MEMORIAL,PKWY,,39.09269545,-84.48057657,1.377,10/5/2023 0:00,1622,2,2,0,0,O,RAINING,WET,0,OTHER INTERSECTION COLLISIONS,REAR END,STRAIGHT & GRADE,DAYLIGHT,1,0,0,1
32299277,CAMPBELL,KY1892,StateRoute,95,CAROTHERS,RD,,39.08694055,-84.47821161,2.318,10/5/2023 0:00,2018,2,2,0,0,O,CLOUDY,WET,0,REAR END IN TRAFFIC LANES BOTH VEHICLES MOVING,REAR END,STRAIGHT & LEVEL,DARK-HWY LIGHTED/ON,0,0,0,1
32295909,CAMPBELL,US0027,USRoute,13687,ALEXANDRIA,PIKE,,38.84079084,-84.37247904,1.433,10/5/2023 0:00,630,1,1,0,1,B,CLEAR,DRY,0,OTHER COLLISIONS ON SHOULDER,SINGLE VEHICLE,STRAIGHT & LEVEL,DARK-HWY NOT LIGHTED,0,0,0,1
32294714,CAMPBELL,KY0824,StateRoute,,RACE TRACK,RD,,38.89464539,-84.37297111,,10/5/2023 0:00,2010,1,1,0,0,O,RAINING,WET,0,OTHER COLLISIONS ON SHOULDER,SINGLE VEHICLE,CURVE & GRADE,DARK-HWY LIGHTED/OFF,0,0,0,1
32294971,CAMPBELL,US0027,USRoute,,MONMOUTH,ST,,39.08376242,-84.48362203,21.217,10/5/2023 0:00,2044,2,2,0,0,O,RAINING,WET,1,SIDESWIPE COLLISION - SAME DIRECTION,SIDESWIPE-SAME DIRECTION,STRAIGHT & LEVEL,DARK-HWY LIGHTED/ON,0,0,0,1
32299278,CAMPBELL,KY1892,StateRoute,30,CAROTHERS,RD,,39.08482097,-84.48122332,2.404,10/6/2023 0:00,2021,2,2,0,0,O,CLEAR,DRY,0,1 VEHICLE ENTERING/LEAVING ENTRANCE,ANGLE,STRAIGHT & LEVEL,DARK-HWY LIGHTED/ON,0,0,0,1
32301517,CAMPBELL,US0027,USRoute,4757,ALEXANDRIA,PIKE,,39.00828094,-84.42854994,14.276,10/6/2023 0:00,710,2,2,0,0,O,CLOUDY,WET,0,1 VEHICLE ENTERING/LEAVING ENTRANCE,ANGLE,STRAIGHT & LEVEL,DARK-HWY LIGHTED/ON,0,0,0,1
32306311,CAMPBELL,US0027,USRoute,,ALEXANDRIA,PIKE,,39.05814363,-84.45058101,18.446,10/6/2023 0:00,2308,2,2,0,3,B,CLOUDY,DRY,0,HEAD-ON COLLISION,HEAD ON,CURVE & LEVEL,DARK-HWY LIGHTED/ON,0,0,0,1
32299634,CAMPBELL,KY0008,StateRoute,,6TH,AVE,,39.11001178,-84.47847439,2.232,10/6/2023 0:00,846,2,2,0,0,O,CLOUDY,DRY,0,REAR END IN TRAFFIC LANES BOTH VEHICLES MOVING,REAR END,STRAIGHT & LEVEL,DAYLIGHT,0,0,0,1
32299879,CAMPBELL,,OTHR,130,NEWPORT PAVILION,,,39.09037655,-84.47651113,0.284,10/6/2023 0:00,2305,4,4,0,1,C,CLEAR,DRY,1,REAR END IN TRAFFIC LANES BOTH VEHICLES MOVING,REAR END,STRAIGHT & LEVEL,DARK-HWY LIGHTED/ON,0,0,0,1
32300247,CAMPBELL,KY0008,StateRoute,,DAVE COWENS,DR,,39.10179491,-84.48871552,1.443,10/6/2023 0:00,1848,2,2,0,0,O,CLEAR,DRY,0,SIDESWIPE-SAME DIRECTION,SIDESWIPE-SAME DIRECTION,STRAIGHT & LEVEL,DAYLIGHT,0,0,0,1
32300849,CAMPBELL,,OTHR,1112,PATTERSON,ST,,39.08166749,-84.4946236,0.075,10/7/2023 0:00,1213,2,2,0,0,O,CLEAR,DRY,1,COLLISION WITH PARKED VEHICLE,SIDESWIPE-OPPOSITE DIRECTION,STRAIGHT & LEVEL,DAYLIGHT,0,0,0,1
32327838,CAMPBELL,US0027,USRoute,,ALEXANDRIA,PIKE,,38.98311774,-84.39972488,11.984,10/7/2023 0:00,1220,2,2,0,0,O,CLEAR,DRY,0,SIDESWIPE-SAME DIRECTION,SIDESWIPE-SAME DIRECTION,STRAIGHT & GRADE,DAYLIGHT,0,0,0,1
32311238,CAMPBELL,KY1632,StateRoute,,MOOCK,RD,,39.06074072,-84.47324743,0.991,10/7/2023 0:00,849,1,1,0,0,O,CLEAR,DRY,0,COLLISION WITH ANIMAL NON INTERSECTION,SINGLE VEHICLE,CURVE & GRADE,DAYLIGHT,0,0,0,1
32303388,CAMPBELL,,OTHR,95,NEWPORT PAVILION,,,39.08745291,-84.47660336,0.517,10/7/2023 0:00,1300,2,2,0,0,O,CLEAR,DRY,0,SIDESWIPE COLLISION - OPPOSITE DIRECTION,SIDESWIPE-OPPOSITE DIRECTION,STRAIGHT & LEVEL,DAYLIGHT,0,0,0,1
32302441,CAMPBELL,US0027,USRoute,2128,MONMOUTH,ST,,39.08027549,-84.48143022,20.931,10/7/2023 0:00,1754,2,2,0,0,O,CLEAR,DRY,0,1 VEHICLE ENTERING/LEAVING ENTRANCE,ANGLE,STRAIGHT & LEVEL,DAYLIGHT,0,0,0,1
32306055,CAMPBELL,I 0471,Interstate,,I471 N,,,39.09953465,-84.49261743,4.794,10/8/2023 0:00,1525,2,2,0,0,O,CLEAR,DRY,0,REAR END IN TRAFFIC LANES BOTH VEHICLES MOVING,REAR END,STRAIGHT & LEVEL,DAYLIGHT,0,0,0,1
32328026,CAMPBELL,US0027,USRoute,,ALEXANDRIA,PIKE,,38.93300732,-84.39430833,8.341,10/8/2023 0:00,2328,2,2,0,0,O,RAINING,WET,0,REAR END IN TRAFFIC LANES BOTH VEHICLES MOVING,REAR END,STRAIGHT & LEVEL,DARK-HWY LIGHTED/ON,0,0,0,1
32328027,CAMPBELL,,OTHR,302,BROOKWOOD,DR,,38.95307103,-84.36608813,0.313,10/8/2023 0:00,121,2,2,0,0,O,CLEAR,DRY,1,COLLISION WITH PARKED VEHICLE,BACKING,STRAIGHT & LEVEL,DARK (UNKNOWN ROADWAY LIGHTING),0,0,0,1
32330669,CAMPBELL,I 0275,Interstate,,,,,39.02470841,-84.48084362,0.048,10/8/2023 0:00,1152,2,2,0,0,O,CLEAR,DRY,0,OTHER RAMP RELATED COLLISIONS NOT LISTED ABOVE,REAR END,CURVE & GRADE,DAYLIGHT,0,0,0,1
32311241,CAMPBELL,I 0471,Interstate,,I471 NB,,,39.06320638,-84.46763977,1.439,10/9/2023 0:00,940,1,1,0,0,O,CLEAR,DRY,0,COLLISION WITH FIXED OBJECT NON - INTERSECTION - FIRST EVENT COLLISION 09 - 32 EXCLUDING 16,SINGLE VEHICLE,CURVE & LEVEL,DAYLIGHT,0,0,0,1
32308762,CAMPBELL,,OTHR,312,9TH,ST,W,39.08495305,-84.49627788,0.295,10/9/2023 0:00,406,2,2,0,0,O,CLEAR,DRY,1,1 VEHICLE PARKED POSITION (NOT PARKING LOT/DRIVEWAY),SIDESWIPE-SAME DIRECTION,STRAIGHT & LEVEL,DARK-HWY LIGHTED/ON,0,0,0,1
32330820,CAMPBELL,,OTHR,920,3RD,AVE,,39.11602773,-84.4672169,0.301,10/9/2023 0:00,1700,3,3,0,0,O,CLEAR,DRY,0,1 VEHICLE PARKED POSITION (NOT PARKING LOT/DRIVEWAY),SIDESWIPE-SAME DIRECTION,STRAIGHT & LEVEL,DAYLIGHT,0,0,0,1
32311905,CAMPBELL,US0027,USRoute,,ALEXANDRIA,PIKE,,38.99817977,-84.4174949,13.386,10/9/2023 0:00,1716,2,2,0,0,O,CLEAR,DRY,0,OPPOSING LEFT TURN,OPPOSING LEFT TURN,STRAIGHT & LEVEL,DAYLIGHT,0,0,0,1
33851012,CAMPBELL,US0027,USRoute,,ALEXANDRIA,PIKE,,38.98223315,-84.39775204,11.863,10/9/2023 0:00,1206,2,2,0,0,O,CLEAR,DRY,1,OTHER INTERSECTION COLLISIONS,REAR END,STRAIGHT & GRADE,DAYLIGHT,1,0,0,1
32320875,CAMPBELL,KY0009,StateRoute,,AA,HWY,,38.95952171,-84.34253124,8.551,10/9/2023 0:00,1205,2,2,0,0,O,CLEAR,DRY,0,OTHER INTERSECTION COLLISIONS,REAR END,STRAIGHT & GRADE,DAYLIGHT,1,0,0,1
32311221,CAMPBELL,KY1120,StateRoute,130,FT THOMAS,AVE,N,39.08098969,-84.449181,4.052,10/9/2023 0:00,1450,2,2,0,0,O,CLEAR,DRY,0,SIDESWIPE COLLISION - SAME DIRECTION,SIDESWIPE-SAME DIRECTION,STRAIGHT & LEVEL,DAYLIGHT,0,0,0,1
32311222,CAMPBELL,I 0471,Interstate,,I471 S,,,39.06156233,-84.46906678,1.343,10/9/2023 0:00,2010,2,2,0,0,O,CLEAR,DRY,0,SIDESWIPE COLLISION - SAME DIRECTION,SIDESWIPE-SAME DIRECTION,STRAIGHT & LEVEL,DARK-HWY NOT LIGHTED,0,0,0,1
32311958,CAMPBELL,I 0471,Interstate,,,,,39.08541424,-84.47463118,0.216,10/10/2023 0:00,955,2,2,0,0,O,CLEAR,DRY,0,OTHER RAMP RELATED COLLISIONS NOT LISTED ABOVE,REAR END,CURVE & LEVEL,DAYLIGHT,0,0,0,1
32315882,CAMPBELL,KY1892,StateRoute,85,GRAND,AVE,N,39.07910189,-84.46581269,1.316,10/10/2023 0:00,1513,2,2,0,0,O,CLOUDY,DRY,0,VEHICLE BACKING NON INTERSECTION,BACKING,STRAIGHT & LEVEL,DAYLIGHT,0,0,0,1
32328028,CAMPBELL,KY0010,StateRoute,8370,MAIN,ST,E,38.9601268,-84.38610946,1.738,10/10/2023 0:00,630,2,2,0,0,O,CLEAR,DRY,0,1 VEHICLE ENTERING/LEAVING ENTRANCE,ANGLE,CURVE & LEVEL,DARK-HWY LIGHTED/ON,0,0,0,1
32313894,CAMPBELL,,OTHR,5138,WHITNEY,DR,,39.03510608,-84.39641576,0.034,10/10/2023 0:00,1501,2,2,0,0,O,CLEAR,DRY,1,1 VEHICLE PARKED POSITION (NOT PARKING LOT/DRIVEWAY),BACKING,CURVE & LEVEL,DARK-HWY NOT LIGHTED,0,0,0,1
32349480,CAMPBELL,US0027,USRoute,,ALEXANDRIA,PIKE,,38.98555272,-84.4028054,12.233,10/10/2023 0:00,1210,2,2,0,0,O,CLEAR,DRY,0,REAR END IN TRAFFIC LANES BOTH VEHICLES MOVING,REAR END,STRAIGHT & GRADE,DAYLIGHT,0,0,0,1
32315955,CAMPBELL,US0027,USRoute,601,MONMOUTH,ST,,39.09105631,-84.49302864,21.919,10/10/2023 0:00,1649,1,1,0,0,O,CLEAR,DRY,0,COLLISION WITH FIXED OBJECT NON - INTERSECTION - FIRST EVENT COLLISION 09 - 32 EXCLUDING 16,SINGLE VEHICLE,STRAIGHT & LEVEL,DAYLIGHT,0,0,0,1
32343293,CAMPBELL,I 0275,Interstate,,I275 E,,,39.05456162,-84.43619511,73.567,10/11/2023 0:00,56,1,1,0,0,O,CLEAR,DRY,0,COLLISION WITH ANIMAL NON INTERSECTION,SINGLE VEHICLE,STRAIGHT & LEVEL,DARK-HWY LIGHTED/ON,0,0,0,1
32343287,CAMPBELL,US0027,USRoute,,ALEXANDRIA,PIKE,,39.033763,-84.45317546,16.51,10/11/2023 0:00,1215,2,2,0,0,O,CLEAR,DRY,0,SIDESWIPE-SAME DIRECTION,SIDESWIPE-SAME DIRECTION,STRAIGHT & LEVEL,DAYLIGHT,0,0,0,1
32366912,CAMPBELL,,OTHR,,8TH,AVE,,39.11019662,-84.47606984,0.373,10/11/2023 0:00,2011,2,2,0,0,O,CLEAR,DRY,0,COLLISION WITH PARKED VEHICLE,SIDESWIPE-OPPOSITE DIRECTION,STRAIGHT & LEVEL,DARK (UNKNOWN ROADWAY LIGHTING),0,0,0,1
32337455,CAMPBELL,US0027,USRoute,,ALEXANDRIA,PIKE,,39.01986134,-84.4376033,15.199,10/11/2023 0:00,1205,2,1,0,0,O,CLEAR,DRY,0,OTHER ROADWAY OR MID-BLOCK COLLISION,REAR END,STRAIGHT & LEVEL,DAYLIGHT,0,0,0,1
32316886,CAMPBELL,I 0471,Interstate,,I471 N,,,39.07648028,-84.46882259,2.596,10/11/2023 0:00,736,2,2,0,0,O,CLEAR,DRY,0,OTHER ROADWAY OR MID-BLOCK COLLISION,REAR END,STRAIGHT & LEVEL,DAWN,0,0,0,1
32331585,CAMPBELL,US0027,USRoute,,ALEXANDRIA,PIKE,,38.92011236,-84.3901275,7.422,10/12/2023 0:00,1200,2,2,0,0,O,CLEAR,DRY,0,SIDESWIPE COLLISION - OPPOSITE DIRECTION,SIDESWIPE-OPPOSITE DIRECTION,STRAIGHT & LEVEL,DAYLIGHT,0,0,0,1
32335893,CAMPBELL,KY0536,StateRoute,,CREEKTRACE,RD,,38.94032642,-84.39541418,3.374,10/12/2023 0:00,1846,2,2,0,0,O,CLEAR,DRY,0,1 VEHICLE ENTERING/LEAVING ENTRANCE,ANGLE,STRAIGHT & LEVEL,DAYLIGHT,0,0,0,1
32326132,CAMPBELL,I 0471,Interstate,,I471 N,,,39.09638211,-84.48285514,4.213,10/12/2023 0:00,1722,4,4,0,0,O,CLEAR,DRY,0,OTHER ROADWAY OR MID-BLOCK COLLISION,REAR END,CURVE & LEVEL,DAYLIGHT,0,0,0,1
32326341,CAMPBELL,I 0471,Interstate,,I471 SB,,,39.05364451,-84.46901851,0.767,10/12/2023 0:00,1644,2,2,0,0,O,CLEAR,DRY,0,OTHER ROADWAY OR MID-BLOCK COLLISION,REAR END,STRAIGHT & LEVEL,DAYLIGHT,0,0,0,1
32327284,CAMPBELL,,OTHR,160,NEWPORT PAVILION,,,39.08766687,-84.47642473,0.499,10/12/2023 0:00,1500,2,2,0,0,O,CLEAR,DRY,0,VEHICLE BACKING NON INTERSECTION,BACKING,STRAIGHT & LEVEL,DAYLIGHT,0,0,0,1
32326769,CAMPBELL,KY1892,StateRoute,,CAROTHERS,RD,,39.08488723,-84.48110926,2.392,10/12/2023 0:00,1614,2,2,0,2,B,CLEAR,DRY,0,HEAD-ON COLLISION,HEAD ON,STRAIGHT & LEVEL,DAYLIGHT,0,0,0,1
32327445,CAMPBELL,I 0471,Interstate,,I471 S,,,39.0953179,-84.48151168,4.116,10/12/2023 0:00,1704,2,2,0,2,B,CLEAR,DRY,0,REAR END IN TRAFFIC LANES BOTH VEHICLES MOVING,REAR END,STRAIGHT & LEVEL,DAYLIGHT,0,0,0,1
32326340,CAMPBELL,US0027,USRoute,,ALEXANDRIA,PIKE,,39.06754097,-84.46616255,19.662,10/12/2023 0:00,1730,2,2,0,0,O,CLEAR,DRY,0,REAR END IN TRAFFIC LANES BOTH VEHICLES MOVING,REAR END,CURVE & LEVEL,DAYLIGHT,0,0,0,1
32326767,CAMPBELL,I 0471,Interstate,,I471 N,,,39.09958648,-84.49264733,4.797,10/12/2023 0:00,802,3,3,0,0,O,CLEAR,DRY,0,REAR END IN TRAFFIC LANES BOTH VEHICLES MOVING,REAR END,STRAIGHT & LEVEL,DAWN,0,0,0,1
32328658,CAMPBELL,I 0275,Interstate,,I275 E,,,39.05667906,-84.43110905,73.237,10/12/2023 0:00,1553,4,4,0,0,O,CLEAR,DRY,0,REAR END IN TRAFFIC LANES BOTH VEHICLES MOVING,REAR END,STRAIGHT & LEVEL,DAYLIGHT,0,0,0,1
32330672,CAMPBELL,I 0275,Interstate,,I275 W,,,39.0228779,-84.48458654,77.285,10/12/2023 0:00,1804,2,2,0,0,O,CLEAR,DRY,0,REAR END IN TRAFFIC LANES BOTH VEHICLES MOVING,REAR END,STRAIGHT & LEVEL,DAYLIGHT,0,0,0,1
32343285,CAMPBELL,KY0471,StateRoute,,KY471,,,39.04122686,-84.45557203,0.286,10/12/2023 0:00,1651,2,2,0,0,O,CLEAR,DRY,0,REAR END IN TRAFFIC LANES BOTH VEHICLES MOVING,REAR END,STRAIGHT & LEVEL,DAYLIGHT,0,0,0,1
32328659,CAMPBELL,I 0275,Interstate,,I275 E,,,39.05642483,-84.43192342,73.283,10/12/2023 0:00,1553,2,2,0,0,O,CLEAR,DRY,1,REAR END IN TRAFFIC LANES BOTH VEHICLES MOVING,REAR END,STRAIGHT & LEVEL,DAYLIGHT,0,0,0,1
32346570,CAMPBELL,KY0008,StateRoute,,DAVE COWENS,DR,,39.10181466,-84.48867818,1.446,10/12/2023 0:00,241,1,1,0,0,O,CLEAR,DRY,0,COLLISION WITH FIXED OBJECT IN INTERSECTION - FIRST EVENT COLLISION 09 - 32,SINGLE VEHICLE,STRAIGHT & LEVEL,DARK-HWY LIGHTED/ON,1,0,0,1
32360647,CAMPBELL,KY1632,StateRoute,,KY1632 TURN LANE,,,39.06831812,-84.46673673,0.032,10/12/2023 0:00,830,2,2,0,0,O,CLEAR,DRY,0,OTHER INTERSECTION COLLISIONS,REAR END,CURVE & GRADE,DAYLIGHT,1,0,0,1
32340999,CAMPBELL,,OTHR,140,NEWPORT PAVILION,,,39.0896584,-84.47618728,0.337,10/12/2023 0:00,1500,2,2,0,0,O,CLEAR,DRY,0,1 VEHICLE PARKED POSITION (NOT PARKING LOT/DRIVEWAY),SIDESWIPE-SAME DIRECTION,STRAIGHT & LEVEL,DAYLIGHT,0,0,0,1
32326510,CAMPBELL,KY1120,StateRoute,115,FT THOMAS,AVE,N,39.08062782,-84.4488832,4.083,10/12/2023 0:00,1328,2,2,0,0,O,CLEAR,DRY,0,1 VEHICLE PARKED POSITION (NOT PARKING LOT/DRIVEWAY),SIDESWIPE-SAME DIRECTION,CURVE & LEVEL,DAYLIGHT,0,0,0,1
32323748,CAMPBELL,US0027,USRoute,998,MONMOUTH,ST,,39.08735317,-84.4889648,21.561,10/12/2023 0:00,1200,1,1,0,0,O,CLEAR,DRY,0,COLLISION WITH FIXED OBJECT NON - INTERSECTION - FIRST EVENT COLLISION 09 - 32 EXCLUDING 16,SINGLE VEHICLE,STRAIGHT & LEVEL,DAYLIGHT,0,0,0,1
32331588,CAMPBELL,,OTHR,,DAVJO,DR,,39.00668949,-84.42713613,0.001,10/12/2023 0:00,0,1,1,0,0,O,CLEAR,DRY,1,COLLISION WITH FIXED OBJECT NON - INTERSECTION - FIRST EVENT COLLISION 09 - 32 EXCLUDING 16,SINGLE VEHICLE,STRAIGHT & HILLCREST,DARK (UNKNOWN ROADWAY LIGHTING),0,0,0,1
32330822,CAMPBELL,,OTHR,304,8TH,AVE,,39.11013564,-84.47616056,0.379,10/13/2023 0:00,1658,2,2,0,0,O,CLEAR,DRY,1,1 VEHICLE PARKED POSITION (NOT PARKING LOT/DRIVEWAY),SIDESWIPE-SAME DIRECTION,STRAIGHT & LEVEL,DAYLIGHT,0,0,0,1
32340431,CAMPBELL,,OTHR,941,MONROE,ST,,39.08989905,-84.48490702,0.025,10/13/2023 0:00,1720,2,2,0,0,O,CLEAR,DRY,0,1 VEHICLE PARKED POSITION (NOT PARKING LOT/DRIVEWAY),BACKING,STRAIGHT & LEVEL,DAYLIGHT,0,0,0,1
32337763,CAMPBELL,US0027,USRoute,,ALEXANDRIA,PIKE,,38.94845424,-84.39352974,9.409,10/13/2023 0:00,2300,1,1,0,0,O,CLEAR,DRY,0,COLLISION WITH ANIMAL IN INTERSECTION,SINGLE VEHICLE,STRAIGHT & LEVEL,DARK-HWY LIGHTED/ON,1,0,0,1
32327735,CAMPBELL,,OTHR,231,10TH,ST,W,39.08410961,-84.49443197,0.277,10/13/2023 0:00,1352,2,2,0,0,O,CLEAR,DRY,1,1 VEHICLE PARKED POSITION (NOT PARKING LOT/DRIVEWAY),ANGLE,STRAIGHT & LEVEL,DAYLIGHT,0,0,0,1
32335828,CAMPBELL,KY1120,StateRoute,,MEMORIAL,PKWY,,39.09525404,-84.46486249,2.296,10/13/2023 0:00,747,2,2,0,0,O,CLEAR,DRY,0,REAR END IN TRAFFIC LANES BOTH VEHICLES MOVING,REAR END,STRAIGHT & LEVEL,DAYLIGHT,0,0,0,1
32328665,CAMPBELL,I 0275,Interstate,,I275 E,,,39.05708604,-84.43052793,73.196,10/13/2023 0:00,1557,3,3,0,0,O,CLEAR,DRY,0,REAR END IN TRAFFIC LANES BOTH VEHICLES MOVING,REAR END,STRAIGHT & LEVEL,DAYLIGHT,0,0,0,1