IncidentID,County,RdwyNumber,RdwyType,Street,RoadwayName,StreetSfx,StreetDir,Latitude,Longitude,Milepoint,CollisionDate,CollisionTime,UnitsInvolved,MotorVehiclesInvolved,NumberKilled,NumberInjured,KABCO,Weather,RdwyConditionCode,HitandRun,DirAnalysisCode,MannerofCollision,RdwyCharacter,LightCondition,Intersection Crash,Bicyclist,Pedestrian,Motor Vehicles
32327286,CAMPBELL,US0027,USRoute,,MONMOUTH,ST,,39.08606413,-84.48738473,21.456,10/13/2023 0:00,730,2,2,0,0,O,CLEAR,DRY,0,REAR END IN TRAFFIC LANES BOTH VEHICLES MOVING,REAR END,STRAIGHT & GRADE,DAWN,0,0,0,1
32325499,CAMPBELL,US0027,USRoute,,TAYLOR SOUTHGATE,BRG,,39.0936249,-84.49800452,22.322,10/13/2023 0:00,117,1,1,0,0,O,CLEAR,DRY,0,OTHER COLLISIONS ON SHOULDER,SINGLE VEHICLE,CURVE & GRADE,DARK-HWY LIGHTED/ON,0,0,0,1
32331589,CAMPBELL,I 0275,Interstate,,I275 E,,,39.05674844,-84.43122958,,10/13/2023 0:00,1557,2,2,0,0,O,CLEAR,DRY,0,OTHER ROADWAY OR MID-BLOCK COLLISION,REAR END,STRAIGHT & LEVEL,DAYLIGHT,0,0,0,1
32343405,CAMPBELL,US0027,USRoute,,ALEXANDRIA,PIKE,,39.04161486,-84.44869994,17.165,10/13/2023 0:00,1801,2,2,0,0,O,CLEAR,DRY,0,1 VEHICLE ENTERING/LEAVING ENTRANCE,ANGLE,STRAIGHT & LEVEL,DAYLIGHT,0,0,0,1
32340462,CAMPBELL,I 0471,Interstate,,I471 S,,,39.0952331,-84.48136063,4.106,10/13/2023 0:00,1605,2,2,0,0,O,CLOUDY,DRY,0,SIDESWIPE COLLISION - SAME DIRECTION,SIDESWIPE-SAME DIRECTION,STRAIGHT & LEVEL,DAYLIGHT,0,0,0,1
32326651,CAMPBELL,I 0471,Interstate,,I471 NB,,,39.06249117,-84.46835268,1.42,10/13/2023 0:00,901,2,2,0,0,O,CLEAR,DRY,0,SIDESWIPE COLLISION - SAME DIRECTION,SIDESWIPE-SAME DIRECTION,STRAIGHT & LEVEL,DAYLIGHT,0,0,0,1
32335833,CAMPBELL,I 0471,Interstate,,I471 N,,,39.05135764,-84.46655401,0.593,10/14/2023 0:00,1037,2,2,0,0,O,CLEAR,WET,0,SIDESWIPE COLLISION - SAME DIRECTION,SIDESWIPE-SAME DIRECTION,STRAIGHT & LEVEL,DAYLIGHT,0,0,0,1
32359401,CAMPBELL,KY0471,StateRoute,,KY471,,,39.03713812,-84.45415527,0.016,10/14/2023 0:00,1538,2,2,0,0,O,CLOUDY,DRY,0,SIDESWIPE COLLISION - SAME DIRECTION,SIDESWIPE-SAME DIRECTION,STRAIGHT & LEVEL,DAYLIGHT,0,0,0,1
32372044,CAMPBELL,US0027,USRoute,,MONMOUTH,ST,,39.08591497,-84.48720728,21.442,10/14/2023 0:00,1729,3,3,0,0,O,RAINING,WET,0,OTHER ROADWAY OR MID-BLOCK COLLISION,REAR END,STRAIGHT & HILLCREST,DAYLIGHT,0,0,0,1
32330642,CAMPBELL,KY0009,StateRoute,,LICKING,PIKE,,39.02225742,-84.48099851,17.706,10/14/2023 0:00,1335,3,3,0,1,C,RAINING,WET,0,REAR END IN TRAFFIC LANES BOTH VEHICLES MOVING,REAR END,STRAIGHT & LEVEL,DAYLIGHT,0,0,0,1
32339322,CAMPBELL,KY0009,StateRoute,,AA,HWY,,39.01819214,-84.48009701,17.395,10/14/2023 0:00,1742,3,3,0,0,O,CLOUDY,WET,0,OTHER INTERSECTION COLLISIONS,REAR END,STRAIGHT & LEVEL,DAYLIGHT,1,0,0,1
32339323,CAMPBELL,,OTHR,,TOWN,DR,,39.01866833,-84.48253344,0.178,10/14/2023 0:00,2143,2,2,0,0,O,RAINING,WET,0,ANGLE COLLISION - OTHER,ANGLE,STRAIGHT & LEVEL,DARK-HWY LIGHTED/ON,0,0,0,1
32335838,CAMPBELL,,OTHR,,DUMFRIES,AVE,,39.08711643,-84.44664951,0.051,10/14/2023 0:00,1600,1,1,0,0,O,CLOUDY,WET,0,COLLISION WITH ANIMAL NON INTERSECTION,SINGLE VEHICLE,STRAIGHT & GRADE,DAYLIGHT,0,0,0,1
32333006,CAMPBELL,KY1892,StateRoute,,CAROTHERS,RD,,39.08644128,-84.47737619,2.161,10/15/2023 0:00,1556,2,2,0,0,O,CLOUDY,DRY,0,OTHER INTERSECTION COLLISIONS,REAR END,CURVE & LEVEL,DAYLIGHT,1,0,0,1
32348870,CAMPBELL,KY0008,StateRoute,200,WASHINGTON,AVE,,39.09596041,-84.49354752,0.842,10/15/2023 0:00,1657,2,2,0,0,O,CLEAR,DRY,0,SIDESWIPE COLLISION - SAME DIRECTION,SIDESWIPE-SAME DIRECTION,STRAIGHT & HILLCREST,DAYLIGHT,0,0,0,1
32334638,CAMPBELL,US0027,USRoute,700,YORK,ST,,39.08911839,-84.49326734,21.952,10/15/2023 0:00,2150,2,2,0,0,O,CLEAR,DRY,0,SIDESWIPE COLLISION - SAME DIRECTION,SIDESWIPE-SAME DIRECTION,STRAIGHT & LEVEL,DARK-HWY LIGHTED/ON,0,0,0,1
32334694,CAMPBELL,I 0471,Interstate,,,,,39.08543343,-84.4744955,0.209,10/15/2023 0:00,1105,2,2,0,0,O,CLOUDY,DRY,0,OTHER RAMP RELATED COLLISIONS NOT LISTED ABOVE,REAR END,CURVE & GRADE,DAYLIGHT,0,0,0,1
32352667,CAMPBELL,KY0009,StateRoute,,LICKING,PIKE,,39.02302239,-84.48085247,17.766,10/16/2023 0:00,649,2,2,0,0,O,CLOUDY,DRY,0,SIDESWIPE COLLISION - SAME DIRECTION,SIDESWIPE-SAME DIRECTION,STRAIGHT & LEVEL,DARK-HWY LIGHTED/ON,0,0,0,1
32339891,CAMPBELL,I 0471,Interstate,,I471 N,,,39.06258925,-84.46822135,1.43,10/16/2023 0:00,2058,2,2,0,0,O,CLEAR,DRY,0,SIDESWIPE COLLISION - SAME DIRECTION,SIDESWIPE-SAME DIRECTION,CURVE & LEVEL,DARK-HWY LIGHTED/ON,0,0,0,1
32342710,CAMPBELL,US0027,USRoute,3970,ALEXANDRIA,PIKE,,39.02335242,-84.44206117,15.548,10/16/2023 0:00,1301,2,2,0,0,O,CLOUDY,DRY,0,VEHICLE BACKING NON INTERSECTION,BACKING,STRAIGHT & LEVEL,DAYLIGHT,0,0,0,1
32337933,CAMPBELL,US0027,USRoute,,ALEXANDRIA,PIKE,,38.99248766,-84.40985344,12.83,10/16/2023 0:00,1339,1,1,0,0,O,CLOUDY,DRY,0,OTHER ROADWAY OR MID-BLOCK COLLISION,SINGLE VEHICLE,STRAIGHT & GRADE,DAYLIGHT,0,0,0,1
32341201,CAMPBELL,KY1998,StateRoute,,POOLES CREEK,RD,,39.0236664,-84.44665678,1.601,10/16/2023 0:00,1802,2,2,0,0,O,CLOUDY,WET,0,1 VEHICLE ENTERING/LEAVING ENTRANCE,ANGLE,STRAIGHT & GRADE,DAYLIGHT,0,0,0,1
32354194,CAMPBELL,,OTHR,,POPLAR RIDGE,RD,,38.97602706,-84.37490233,0.964,10/16/2023 0:00,655,2,2,0,0,O,RAINING,WET,0,OPPOSING LEFT TURN,OPPOSING LEFT TURN,STRAIGHT & LEVEL,DAWN,0,0,0,1
32341728,CAMPBELL,,OTHR,100,5TH,ST,E,39.09260491,-84.49388555,0.026,10/17/2023 0:00,1147,1,1,0,1,C,CLEAR,DRY,0,COLLISION WITH FIXED OBJECT NON - INTERSECTION - FIRST EVENT COLLISION 09 - 32 EXCLUDING 16,SINGLE VEHICLE,STRAIGHT & LEVEL,DAYLIGHT,0,0,0,1
32346613,CAMPBELL,,OTHR,,CENTER,ST,,39.08921399,-84.48221823,0.048,10/17/2023 0:00,1718,2,2,0,0,O,CLEAR,DRY,1,COLLISION WITH PARKED VEHICLE,REAR END,STRAIGHT & GRADE,DAYLIGHT,0,0,0,1
32353349,CAMPBELL,US0027,USRoute,,ALEXANDRIA,PIKE,,38.92080929,-84.39069784,7.534,10/17/2023 0:00,1943,2,2,0,0,O,CLEAR,DRY,0,SIDESWIPE COLLISION - SAME DIRECTION,SIDESWIPE-SAME DIRECTION,STRAIGHT & LEVEL,DARK-HWY NOT LIGHTED,0,0,0,1
32341745,CAMPBELL,,OTHR,1163,WATERWORKS,RD,,39.09296399,-84.47316813,0.199,10/17/2023 0:00,1131,2,2,0,0,O,CLOUDY,DRY,1,1 VEHICLE PARKED POSITION (NOT PARKING LOT/DRIVEWAY),SIDESWIPE-OPPOSITE DIRECTION,STRAIGHT & LEVEL,UNKNOWN,0,0,0,1
32339357,CAMPBELL,I 0471,Interstate,,,,,39.08577959,-84.47298465,0.326,10/17/2023 0:00,47,2,2,0,0,O,CLOUDY,DRY,0,OTHER RAMP RELATED COLLISIONS NOT LISTED ABOVE,REAR END,CURVE & LEVEL,DARK-HWY LIGHTED/ON,0,0,0,1
32349751,CAMPBELL,KY1120,StateRoute,427,FT THOMAS,AVE,S,39.07297391,-84.44671505,4.645,10/18/2023 0:00,1458,2,2,0,0,O,CLOUDY,DRY,0,1 VEHICLE PARKED POSITION (NOT PARKING LOT/DRIVEWAY),SIDESWIPE-SAME DIRECTION,STRAIGHT & LEVEL,DAYLIGHT,0,0,0,1
32345125,CAMPBELL,I 0471,Interstate,,I471 N,,,39.09524193,-84.48106453,4.087,10/18/2023 0:00,713,2,2,0,1,C,CLOUDY,DRY,0,REAR END IN TRAFFIC LANES BOTH VEHICLES MOVING,REAR END,STRAIGHT & LEVEL,DAWN,0,0,0,1
32354036,CAMPBELL,I 0471,Interstate,,I471 S,,,39.0530195,-84.46880818,0.722,10/18/2023 0:00,2006,2,2,0,0,O,CLEAR,DRY,0,SIDESWIPE COLLISION - SAME DIRECTION,SIDESWIPE-SAME DIRECTION,STRAIGHT & LEVEL,DARK-HWY NOT LIGHTED,0,0,0,1
32345124,CAMPBELL,KY0008,StateRoute,,4TH,ST,W,39.08869439,-84.50187376,0.167,10/18/2023 0:00,734,2,2,0,0,O,CLOUDY,DRY,0,SIDESWIPE COLLISION - SAME DIRECTION,SIDESWIPE-SAME DIRECTION,CURVE & LEVEL,DAYLIGHT,0,0,0,1
32365106,CAMPBELL,KY0008,StateRoute,,MARY INGLES,HWY,,39.03816872,-84.39611818,10.444,10/18/2023 0:00,1332,2,2,0,0,O,CLEAR,DRY,0,SIDESWIPE COLLISION - OPPOSITE DIRECTION,SIDESWIPE-OPPOSITE DIRECTION,STRAIGHT & LEVEL,DAYLIGHT,0,0,0,1
32349754,CAMPBELL,,OTHR,30,TAYLOR,AVE,,39.08631246,-84.45339412,0.269,10/18/2023 0:00,1545,2,2,0,0,O,CLEAR,DRY,0,1 VEHICLE PARKED POSITION (NOT PARKING LOT/DRIVEWAY),SIDESWIPE-SAME DIRECTION,STRAIGHT & GRADE,DAYLIGHT,0,0,0,1
32347879,CAMPBELL,KY0008,StateRoute,,MARY INGLES,HWY,,38.8944322,-84.2520623,,10/18/2023 0:00,1907,1,1,0,0,O,CLEAR,DRY,0,COLLISION WITH ANIMAL NON INTERSECTION,SINGLE VEHICLE,STRAIGHT & LEVEL,DARK-HWY NOT LIGHTED,0,0,0,1
32349978,CAMPBELL,I 0471,Interstate,,I471 S,,,39.07273807,-84.4641634,2.201,10/19/2023 0:00,829,1,1,0,0,O,CLEAR,DRY,0,COLLISION WITH NON-FIXED OBJECT ,SINGLE VEHICLE,CURVE & LEVEL,DAYLIGHT,0,0,0,1
32351803,CAMPBELL,KY1120,StateRoute,10,10TH,ST,E,39.08652566,-84.49004664,0.708,10/19/2023 0:00,917,4,4,0,0,O,CLOUDY,DRY,1,1 VEHICLE PARKED POSITION (NOT PARKING LOT/DRIVEWAY),SIDESWIPE-SAME DIRECTION,STRAIGHT & LEVEL,DAYLIGHT,0,0,0,1
32351814,CAMPBELL,KY1120,StateRoute,,10TH,ST,E,39.08736755,-84.48857465,0.811,10/19/2023 0:00,717,2,2,0,0,O,CLEAR,DRY,0,VEHICLE BACKING NON INTERSECTION,BACKING,STRAIGHT & LEVEL,DARK-HWY LIGHTED/ON,0,0,0,1
32360351,CAMPBELL,I 0275,Interstate,,I275 W,,,39.02506109,-84.47835865,76.944,10/19/2023 0:00,1748,2,2,0,0,O,CLOUDY,WET,0,REAR END IN TRAFFIC LANES BOTH VEHICLES MOVING,REAR END,STRAIGHT & GRADE,DAYLIGHT,0,0,0,1
32353970,CAMPBELL,I 0275,Interstate,,I275 W,,,39.02284456,-84.48901552,77.562,10/19/2023 0:00,1722,2,2,0,0,O,RAINING,WET,0,REAR END IN TRAFFIC LANES BOTH VEHICLES MOVING,REAR END,STRAIGHT & LEVEL,DAYLIGHT,0,0,0,1
32363919,CAMPBELL,US0027,USRoute,1540,MONMOUTH,ST,,39.08402203,-84.48427651,21.236,10/20/2023 0:00,1230,2,1,0,0,O,CLOUDY,WET,0,REAR END IN TRAFFIC LANES BOTH VEHICLES MOVING,REAR END,STRAIGHT & HILLCREST,DAYLIGHT,0,0,0,1
32357653,CAMPBELL,US0027,USRoute,,ALEXANDRIA,PIKE,,39.0683281,-84.46671198,19.74,10/20/2023 0:00,1758,2,2,0,0,O,CLOUDY,DRY,0,REAR END IN TRAFFIC LANES BOTH VEHICLES MOVING,REAR END,CURVE & LEVEL,DAYLIGHT,0,0,0,1
32366116,CAMPBELL,,OTHR,7914,ALEXANDRIA,PIKE,,38.97230822,-84.39227504,,10/20/2023 0:00,846,2,2,0,0,O,RAINING,WET,0,1 VEHICLE ENTERING/LEAVING ENTRANCE,ANGLE,STRAIGHT & LEVEL,DAYLIGHT,0,0,0,1
32374021,CAMPBELL,US0027,USRoute,7930,ALEXANDRIA,PIKE,,38.96935857,-84.39293326,10.863,10/20/2023 0:00,1956,2,2,0,0,O,CLOUDY,DRY,0,OTHER ROADWAY OR MID-BLOCK COLLISION,REAR END,STRAIGHT & LEVEL,DAYLIGHT,0,0,0,1
32355839,CAMPBELL,KY0008,StateRoute,10,4TH,ST,W,39.09204668,-84.49670078,0.514,10/20/2023 0:00,956,2,2,0,0,O,CLOUDY,WET,0,SIDESWIPE COLLISION - SAME DIRECTION,SIDESWIPE-SAME DIRECTION,STRAIGHT & LEVEL,DAYLIGHT,0,0,0,1
32357976,CAMPBELL,KY0547,StateRoute,,FOUR MILE,RD,,38.97530321,-84.36452601,1.681,10/20/2023 0:00,1702,2,2,0,1,C,CLEAR,DRY,0,ANGLE COLLISION - OTHER,ANGLE,STRAIGHT & GRADE,DAYLIGHT,0,0,0,1
32355657,CAMPBELL,KY1892,StateRoute,,CAROTHERS,RD,,39.08391877,-84.48373048,2.56,10/20/2023 0:00,1256,2,2,0,0,O,CLOUDY,WET,0,OTHER INTERSECTION COLLISIONS,REAR END,STRAIGHT & LEVEL,DAYLIGHT,1,0,0,1
32368837,CAMPBELL,,OTHR,1681,GRANDVIEW,RD,,38.9571614,-84.37093579,0.433,10/20/2023 0:00,1147,1,1,0,0,O,CLOUDY,WET,0,COLLISION WITH FIXED OBJECT NON - INTERSECTION - FIRST EVENT COLLISION 09 - 32 EXCLUDING 16,SINGLE VEHICLE,CURVE & LEVEL,DAYLIGHT,0,0,0,1
32387422,CAMPBELL,KY0010,StateRoute,8878,MAIN,ST,E,38.94710907,-84.36563993,,10/20/2023 0:00,1849,1,1,0,2,C,CLOUDY,DRY,0,RAN OFF ROADWAY (1 VEHICLE WITH/EARTH EMBANKMENT/DITCH),SINGLE VEHICLE,CURVE & GRADE,DUSK,0,0,0,1
32357973,CAMPBELL,KY0009,StateRoute,,AA,HWY,,38.939535,-84.32302712,6.781,10/21/2023 0:00,12,1,1,0,0,O,CLEAR,DRY,0,COLLISION WITH ANIMAL NON INTERSECTION,SINGLE VEHICLE,STRAIGHT & LEVEL,DARK-HWY NOT LIGHTED,0,0,0,1
32362383,CAMPBELL,,OTHR,222,KENTUCKY,DR,,39.07337553,-84.4887919,0.036,10/21/2023 0:00,2140,2,2,0,0,O,CLEAR,DRY,0,1 VEHICLE PARKED POSITION (NOT PARKING LOT/DRIVEWAY),SIDESWIPE-SAME DIRECTION,STRAIGHT & LEVEL,DARK-HWY LIGHTED/ON,0,0,0,1
32357278,CAMPBELL,KY0009,StateRoute,,12TH,ST,W,39.07979206,-84.49555997,22.057,10/21/2023 0:00,38,2,2,0,0,O,CLOUDY,DRY,1,1 VEHICLE PARKED POSITION (NOT PARKING LOT/DRIVEWAY),SIDESWIPE-OPPOSITE DIRECTION,STRAIGHT & LEVEL,DARK-HWY LIGHTED/ON,0,0,0,1
32358526,CAMPBELL,KY0009,StateRoute,,CENTRAL,AVE,,39.08602075,-84.49459126,22.665,10/21/2023 0:00,1606,1,1,0,0,O,CLEAR,DRY,0,OTHER INTERSECTION COLLISIONS,SINGLE VEHICLE,STRAIGHT & LEVEL,DAYLIGHT,1,0,0,1
32360897,CAMPBELL,US0027,USRoute,,ALEXANDRIA,PIKE,,39.00968235,-84.42971547,14.383,10/21/2023 0:00,2202,1,1,0,0,O,CLEAR,DRY,0,COLLISION WITH ANIMAL IN INTERSECTION,SINGLE VEHICLE,STRAIGHT & HILLCREST,DARK-HWY LIGHTED/ON,1,0,0,1
32358520,CAMPBELL,US0027,USRoute,400,MONMOUTH,ST,,39.09300381,-84.49481199,22.083,10/21/2023 0:00,1248,3,3,0,2,B,CLEAR,DRY,0,1 VEHICLE ENTERING/LEAVING ENTRANCE,ANGLE,STRAIGHT & LEVEL,DAYLIGHT,0,0,0,1
32358020,CAMPBELL,KY0009,StateRoute,,AA,HWY,,39.0142993,-84.47631052,17.034,10/21/2023 0:00,1107,2,2,0,1,C,CLEAR,DRY,0,REAR END IN TRAFFIC LANES BOTH VEHICLES MOVING,REAR END,STRAIGHT & LEVEL,DAYLIGHT,0,0,0,1
32364521,CAMPBELL,I 0471,Interstate,,I471 S,,,39.07360114,-84.46518899,2.334,10/21/2023 0:00,1305,2,2,0,0,O,CLEAR,DRY,0,REAR END IN TRAFFIC LANES BOTH VEHICLES MOVING,REAR END,CURVE & LEVEL,DAYLIGHT,0,0,0,1
32368838,CAMPBELL,US0027,USRoute,,ALEXANDRIA,PIKE,,38.98121893,-84.39501674,11.704,10/21/2023 0:00,1136,2,2,0,0,O,CLEAR,DRY,0,OTHER ROADWAY OR MID-BLOCK COLLISION,REAR END,CURVE & LEVEL,DAYLIGHT,0,0,0,1
32369733,CAMPBELL,KY0008,StateRoute,119,FAIRFIELD,AVE,,39.10331339,-84.48695401,1.584,10/21/2023 0:00,1517,2,2,0,0,O,CLEAR,DRY,0,OTHER ROADWAY OR MID-BLOCK COLLISION,REAR END,STRAIGHT & LEVEL,DAYLIGHT,0,0,0,1
32360781,CAMPBELL,US0027,USRoute,,ALEXANDRIA,PIKE,,38.90973869,-84.38533756,6.659,10/22/2023 0:00,915,1,1,0,1,B,CLOUDY,DRY,0,OTHER COLLISIONS ON SHOULDER,SINGLE VEHICLE,STRAIGHT & LEVEL,DAYLIGHT,0,0,0,1
32366101,CAMPBELL,,OTHR,165,NEWPORT PAVILION,,,39.08774051,-84.47633843,0.492,10/22/2023 0:00,1732,2,2,0,1,B,CLEAR,DRY,0,OTHER ROADWAY OR MID-BLOCK COLLISION,OPPOSING LEFT TURN,STRAIGHT & LEVEL,DAYLIGHT,0,0,0,1
32360874,CAMPBELL,I 0471,Interstate,,I471 N,,,39.09534019,-84.48122176,4.098,10/22/2023 0:00,1500,2,2,0,0,O,CLEAR,DRY,1,SIDESWIPE COLLISION - SAME DIRECTION,SIDESWIPE-SAME DIRECTION,STRAIGHT & LEVEL,DAYLIGHT,0,0,0,1
32400441,CAMPBELL,KY0008,StateRoute,,6TH,AVE,,39.11001044,-84.47842526,2.234,10/22/2023 0:00,910,1,1,0,0,O,CLOUDY,DRY,1,OTHER INTERSECTION COLLISIONS,SINGLE VEHICLE,STRAIGHT & LEVEL,DAYLIGHT,1,0,0,1
32362050,CAMPBELL,,OTHR,,PINOAK,ST,,38.86023282,-84.38845257,,10/22/2023 0:00,1754,2,2,0,0,O,CLEAR,DRY,0,1 VEHICLE PARKED POSITION (NOT PARKING LOT/DRIVEWAY),BACKING,STRAIGHT & LEVEL,DAYLIGHT,0,0,0,1
32368736,CAMPBELL,,OTHR,2700,ALEXANDRIA,PIKE,,39.03375819,-84.45313827,0.22,10/22/2023 0:00,840,2,1,0,0,O,CLOUDY,DRY,0,COLLISION WITH PEDESTRIAN NON - INTERSECTION,SINGLE VEHICLE,STRAIGHT & GRADE,DAYLIGHT,0,0,1,0
32362038,CAMPBELL,KY0009,StateRoute,,LICKING,PIKE,,39.05074153,-84.49001876,19.822,10/22/2023 0:00,1902,1,1,0,0,O,CLEAR,DRY,0,COLLISION WITH ANIMAL NON INTERSECTION,SINGLE VEHICLE,STRAIGHT & LEVEL,DAYLIGHT,0,0,0,1
32360782,CAMPBELL,US0027,USRoute,,ALEXANDRIA,PIKE,,38.83247484,-84.36533275,,10/22/2023 0:00,810,1,1,0,0,O,CLOUDY,DRY,0,COLLISION WITH ANIMAL NON INTERSECTION,SINGLE VEHICLE,CURVE & GRADE,DAYLIGHT,0,0,0,1
32369739,CAMPBELL,KY0008,StateRoute,,FAIRFIELD,AVE,,39.10295005,-84.48734555,1.541,10/23/2023 0:00,1907,3,3,0,0,O,CLEAR,DRY,0,SIDESWIPE-SAME DIRECTION,SIDESWIPE-SAME DIRECTION,STRAIGHT & LEVEL,DUSK,0,0,0,1
32369106,CAMPBELL,US0027,USRoute,,ALEXANDRIA,PIKE,,38.96159319,-84.39294347,10.347,10/23/2023 0:00,2027,2,2,0,0,O,CLEAR,DRY,0,ANGLE COLLISION - OTHER,ANGLE,STRAIGHT & LEVEL,DARK-HWY LIGHTED/ON,0,0,0,1
32383818,CAMPBELL,US0027,USRoute,,ALEXANDRIA,PIKE,,38.95735574,-84.39303875,10.026,10/23/2023 0:00,5,1,1,0,0,O,CLEAR,DRY,0,COLLISION WITH ANIMAL IN INTERSECTION,SINGLE VEHICLE,STRAIGHT & LEVEL,DARK-HWY LIGHTED/ON,1,0,0,1
32368566,CAMPBELL,US0027,USRoute,,ALEXANDRIA,PIKE,,39.075457,-84.47677908,20.494,10/23/2023 0:00,1925,3,3,0,3,C,CLEAR,DRY,0,OTHER ROADWAY OR MID-BLOCK COLLISION,REAR END,STRAIGHT & LEVEL,DARK-HWY LIGHTED/ON,0,0,0,1
32366102,CAMPBELL,I 0471,Interstate,,I471 N,,,39.0988915,-84.49133429,4.711,10/23/2023 0:00,821,2,2,0,1,C,CLEAR,DRY,0,REAR END IN TRAFFIC LANES BOTH VEHICLES MOVING,REAR END,STRAIGHT & LEVEL,DAYLIGHT,0,0,0,1
32368567,CAMPBELL,US0027,USRoute,,ALEXANDRIA,PIKE,,39.07535909,-84.47670912,20.504,10/23/2023 0:00,1958,2,2,0,0,O,CLEAR,DRY,0,REAR END IN TRAFFIC LANES BOTH VEHICLES MOVING,REAR END,STRAIGHT & LEVEL,DARK-HWY LIGHTED/ON,0,0,0,1
32397005,CAMPBELL,I 0471,Interstate,,I471 N,,,39.07389351,-84.46526759,2.332,10/24/2023 0:00,735,2,2,0,0,O,CLEAR,DRY,1,OTHER ROADWAY OR MID-BLOCK COLLISION,REAR END,STRAIGHT & LEVEL,DARK-HWY LIGHTED/ON,0,0,0,1
32370990,CAMPBELL,,OTHR,10,3RD,ST,W,39.09243582,-84.49837746,0.088,10/24/2023 0:00,800,2,2,0,0,O,CLEAR,DRY,1,1 VEHICLE ENTERING/LEAVING ENTRANCE,ANGLE,STRAIGHT & LEVEL,DAYLIGHT,0,0,0,1
32370989,CAMPBELL,US0027,USRoute,1000,MONMOUTH,ST,,39.08701586,-84.48862511,21.553,10/24/2023 0:00,1128,2,2,0,0,O,CLEAR,DRY,0,OTHER ROADWAY OR MID-BLOCK COLLISION,REAR END,STRAIGHT & LEVEL,DAYLIGHT,0,0,0,1
32373087,CAMPBELL,,OTHR,,PLEASANT RIDGE,RD,,38.90472021,-84.41554589,4.765,10/24/2023 0:00,1015,2,2,0,0,O,CLEAR,DRY,0,SIDESWIPE COLLISION - OPPOSITE DIRECTION,SIDESWIPE-OPPOSITE DIRECTION,CURVE & LEVEL,DAYLIGHT,0,0,0,1
32369857,CAMPBELL,US0027,USRoute,,11TH,ST,E,39.08521333,-84.48900766,21.567,10/24/2023 0:00,728,2,1,0,1,C,CLEAR,DRY,0,COLLISION WITH PEDESTRIAN NON - INTERSECTION,SINGLE VEHICLE,STRAIGHT & LEVEL,DAWN,0,0,1,0
32370706,CAMPBELL,,OTHR,819,ISABELLA,ST,,39.08594022,-84.49658647,0.364,10/24/2023 0:00,1525,2,2,0,0,O,CLEAR,DRY,0,1 VEHICLE PARKED POSITION (NOT PARKING LOT/DRIVEWAY),REAR END,STRAIGHT & LEVEL,DAYLIGHT,0,0,0,1
32370992,CAMPBELL,,OTHR,,4TH,ST,E,39.09303946,-84.49484656,0.468,10/24/2023 0:00,1500,2,2,0,0,O,CLEAR,DRY,0,ANGLE COLLISION - OTHER,ANGLE,STRAIGHT & LEVEL,DAYLIGHT,0,0,0,1
32373057,CAMPBELL,US0027,USRoute,,ALEXANDRIA,PIKE,,38.86431291,-84.39243164,3.388,10/24/2023 0:00,1321,2,2,0,2,B,CLEAR,DRY,0,ANGLE COLLISION - OTHER,ANGLE,STRAIGHT & LEVEL,DAYLIGHT,0,0,0,1
32383819,CAMPBELL,KY0010,StateRoute,,MAIN,ST,E,38.95943701,-84.38789711,1.626,10/24/2023 0:00,1420,2,2,0,0,O,CLOUDY,DRY,0,OTHER INTERSECTION COLLISIONS,REAR END,STRAIGHT & LEVEL,DAYLIGHT,1,0,0,1
32370205,CAMPBELL,,OTHR,,SUMMIT,AVE,,39.07282421,-84.4554336,0.006,10/24/2023 0:00,622,2,2,0,0,O,CLEAR,DRY,0,SIDESWIPE-SAME DIRECTION,SIDESWIPE-SAME DIRECTION,STRAIGHT & LEVEL,DARK-HWY LIGHTED/ON,0,0,0,1
32377227,CAMPBELL,KY1120,StateRoute,,MEMORIAL,PKWY,,39.09284375,-84.47913196,1.463,10/25/2023 0:00,1835,2,2,0,0,O,CLEAR,DRY,0,OTHER INTERSECTION COLLISIONS,REAR END,STRAIGHT & LEVEL,DAYLIGHT,1,0,0,1
32383445,CAMPBELL,,OTHR,,WALNUT,ST,,39.11064688,-84.47904883,0.443,10/25/2023 0:00,1804,2,2,0,0,O,CLEAR,DRY,0,ANGLE COLLISION - OTHER,ANGLE,STRAIGHT & LEVEL,DAYLIGHT,0,0,0,1
32375684,CAMPBELL,KY1892,StateRoute,1359,GRAND,AVE,,39.08045216,-84.46737964,1.435,10/25/2023 0:00,1330,1,1,0,2,C,CLOUDY,DRY,0,COLLISION WITH FIXED OBJECT NON - INTERSECTION - FIRST EVENT COLLISION 09 - 32 EXCLUDING 16,SINGLE VEHICLE,STRAIGHT & LEVEL,DAYLIGHT,0,0,0,1
32378287,CAMPBELL,,OTHR,,ROSSMORE,AVE,,39.07086788,-84.44603654,0.013,10/25/2023 0:00,942,2,2,0,0,O,CLEAR,DRY,0,SIDESWIPE COLLISION - SAME DIRECTION,SIDESWIPE-SAME DIRECTION,STRAIGHT & LEVEL,DAYLIGHT,0,0,0,1
32383622,CAMPBELL,US0027,USRoute,,ALEXANDRIA,PIKE,,38.98441023,-84.40117555,12.104,10/25/2023 0:00,1638,2,2,0,0,O,CLEAR,DRY,0,SIDESWIPE COLLISION - SAME DIRECTION,SIDESWIPE-SAME DIRECTION,STRAIGHT & GRADE,DAYLIGHT,0,0,0,1