IncidentID,County,RdwyNumber,RdwyType,Street,RoadwayName,StreetSfx,StreetDir,Latitude,Longitude,Milepoint,CollisionDate,CollisionTime,UnitsInvolved,MotorVehiclesInvolved,NumberKilled,NumberInjured,KABCO,Weather,RdwyConditionCode,HitandRun,DirAnalysisCode,MannerofCollision,RdwyCharacter,LightCondition,Intersection Crash,Bicyclist,Pedestrian,Motor Vehicles
32372620,CAMPBELL,I 0471,Interstate,,I471 N,,,39.08421551,-84.47243987,3.171,10/25/2023 0:00,310,2,2,0,0,O,CLEAR,DRY,0,1 VEHICLE ENTERING/LEAVING ENTRANCE,ANGLE,STRAIGHT & LEVEL,DARK-HWY LIGHTED/ON,0,0,0,1
32946662,CAMPBELL,,OTHR,1082,DAVJO,DR,,39.00749441,-84.42496789,0.131,10/25/2023 0:00,1259,2,2,0,0,O,CLOUDY,DRY,1,1 VEHICLE PARKED POSITION (NOT PARKING LOT/DRIVEWAY),ANGLE,STRAIGHT & HILLCREST,DAYLIGHT,0,0,0,1
32378288,CAMPBELL,,OTHR,,FORT THOMAS,PLZ,,39.06902138,-84.46538507,0.035,10/25/2023 0:00,1012,2,2,0,0,O,CLEAR,DRY,0,1 VEHICLE PARKED POSITION (NOT PARKING LOT/DRIVEWAY),BACKING,STRAIGHT & LEVEL,DAYLIGHT,0,0,0,1
32373701,CAMPBELL,KY0009,StateRoute,435,12TH,ST,W,39.08022376,-84.49484475,22.107,10/25/2023 0:00,900,2,2,0,0,O,CLEAR,DRY,1,1 VEHICLE PARKED POSITION (NOT PARKING LOT/DRIVEWAY),SIDESWIPE-SAME DIRECTION,STRAIGHT & LEVEL,UNKNOWN,0,0,0,1
32390315,CAMPBELL,,OTHR,1005,TOWN,DR,,39.01775622,-84.4810148,0.044,10/25/2023 0:00,1644,2,2,0,0,O,CLOUDY,DRY,0,1 VEHICLE PARKED POSITION (NOT PARKING LOT/DRIVEWAY),SIDESWIPE-SAME DIRECTION,STRAIGHT & LEVEL,DAYLIGHT,0,0,0,1
32378286,CAMPBELL,I 0471,Interstate,,,,,39.06787457,-84.46593462,0.382,10/25/2023 0:00,809,2,2,0,0,O,CLEAR,DRY,0,OTHER RAMP RELATED COLLISIONS NOT LISTED ABOVE,REAR END,CURVE & LEVEL,DAYLIGHT,0,0,0,1
32383320,CAMPBELL,I 0275,Interstate,,I275 E,,,39.05520067,-84.43456969,73.449,10/26/2023 0:00,1645,2,2,0,0,O,CLOUDY,DRY,0,REAR END IN TRAFFIC LANES BOTH VEHICLES MOVING,REAR END,STRAIGHT & GRADE,DAYLIGHT,0,0,0,1
32383068,CAMPBELL,KY1892,StateRoute,,GRAND,AVE,,39.08544735,-84.47475046,1.993,10/26/2023 0:00,1723,2,2,0,0,O,CLEAR,DRY,0,REAR END IN TRAFFIC LANES BOTH VEHICLES MOVING,REAR END,CURVE & LEVEL,DAYLIGHT,0,0,0,1
32382533,CAMPBELL,,OTHR,,HIGHLAND,AVE,,39.07082241,-84.46968201,0.008,10/26/2023 0:00,1001,2,2,0,0,O,CLOUDY,DRY,0,SIDESWIPE COLLISION - SAME DIRECTION,SIDESWIPE-SAME DIRECTION,STRAIGHT & GRADE,DAYLIGHT,0,0,0,1
33359373,CAMPBELL,KY0010,StateRoute,,FLAGG SPRINGS,PIKE,,38.86985642,-84.26413812,12.801,10/26/2023 0:00,1601,2,2,0,0,O,CLEAR,DRY,1,SIDESWIPE COLLISION - OPPOSITE DIRECTION,SIDESWIPE-OPPOSITE DIRECTION,STRAIGHT & GRADE,DAYLIGHT,0,0,0,1
32383322,CAMPBELL,,OTHR,37,AUDUBON,PL,,39.07770764,-84.4493568,0.069,10/26/2023 0:00,1753,2,2,0,1,B,CLOUDY,DRY,0,1 VEHICLE PARKED POSITION (NOT PARKING LOT/DRIVEWAY),ANGLE,STRAIGHT & LEVEL,DAYLIGHT,0,0,0,1
32388427,CAMPBELL,KY0536,StateRoute,,CREEKTRACE,RD,,38.93563327,-84.41543761,2.21,10/26/2023 0:00,26,1,1,0,0,O,CLOUDY,DRY,0,COLLISION WITH ANIMAL NON INTERSECTION,SINGLE VEHICLE,CURVE & LEVEL,DARK-HWY NOT LIGHTED,0,0,0,1
32384148,CAMPBELL,US0027,USRoute,,ALEXANDRIA,PIKE,,39.02895804,-84.45066376,16.159,10/26/2023 0:00,1923,2,2,0,0,O,CLOUDY,DRY,0,OTHER INTERSECTION COLLISIONS,REAR END,STRAIGHT & LEVEL,DARK-HWY LIGHTED/ON,1,0,0,1
32388425,CAMPBELL,KY0915,StateRoute,,LICKING,PIKE,,39.00798614,-84.46156985,9.275,10/26/2023 0:00,2350,1,1,0,0,O,CLOUDY,DRY,0,OTHER INTERSECTION COLLISIONS,SINGLE VEHICLE,STRAIGHT & GRADE,DARK-HWY NOT LIGHTED,1,0,0,1
32390317,CAMPBELL,KY0009,StateRoute,600,LICKING,PIKE,,39.0522243,-84.48926309,19.952,10/27/2023 0:00,2116,1,1,0,0,O,CLEAR,DRY,0,COLLISION WITH ANIMAL IN INTERSECTION,SINGLE VEHICLE,CURVE & GRADE,DARK-HWY LIGHTED/ON,1,0,0,1
32460048,CAMPBELL,,OTHR,,7TH,AVE,,39.11287383,-84.46852674,0.104,10/27/2023 0:00,2224,2,2,0,1,A,CLEAR,DRY,1,COLLISION WITH PARKED VEHICLE,REAR END,STRAIGHT & GRADE,DUSK,0,0,0,1
32396701,CAMPBELL,I 0471,Interstate,,I471 N,,,39.06223169,-84.46838776,1.402,10/27/2023 0:00,301,1,1,0,1,A,RAINING,WET,0,COLLISION WITH ANIMAL NON INTERSECTION,SINGLE VEHICLE,CURVE & LEVEL,DARK-HWY LIGHTED/ON,0,0,0,1
32398430,CAMPBELL,,OTHR,,COVERT RUN,PIKE,,39.10108528,-84.4549297,0.16,10/27/2023 0:00,2328,1,1,0,1,A,CLEAR,DRY,0,COLLISION WITH FIXED OBJECT NON - INTERSECTION - FIRST EVENT COLLISION 09 - 32 EXCLUDING 16,SINGLE VEHICLE,CURVE & GRADE,DARK-HWY NOT LIGHTED,0,0,0,1
32384687,CAMPBELL,,OTHR,,WASHINGTON,AVE,,39.09061214,-84.4887013,0.395,10/27/2023 0:00,1245,2,2,0,0,O,CLOUDY,WET,0,1 VEHICLE PARKED POSITION (NOT PARKING LOT/DRIVEWAY),SIDESWIPE-SAME DIRECTION,STRAIGHT & LEVEL,DAYLIGHT,0,0,0,1
32401507,CAMPBELL,US0027,USRoute,,ALEXANDRIA,PIKE,,38.98289446,-84.39933186,11.959,10/27/2023 0:00,1242,2,2,0,0,O,CLOUDY,WET,0,OTHER ROADWAY OR MID-BLOCK COLLISION,REAR END,STRAIGHT & GRADE,DAYLIGHT,0,0,0,1
32386041,CAMPBELL,I 0471,Interstate,,I471 N,,,39.09980475,-84.49276783,4.811,10/27/2023 0:00,1842,3,3,0,0,O,CLEAR,DRY,0,REAR END IN TRAFFIC LANES BOTH VEHICLES MOVING,REAR END,STRAIGHT & LEVEL,DAYLIGHT,0,0,0,1
32384404,CAMPBELL,,OTHR,,8TH,ST,W,39.08783212,-84.49435315,0.346,10/27/2023 0:00,913,2,2,0,0,O,CLOUDY,DRY,0,1 VEHICLE PARKED POSITION (NOT PARKING LOT/DRIVEWAY),REAR END,STRAIGHT & LEVEL,DAYLIGHT,0,0,0,1
32393028,CAMPBELL,US0027,USRoute,,ALEXANDRIA,PIKE,,38.98719176,-84.40458421,12.366,10/27/2023 0:00,1924,2,2,0,3,A,CLOUDY,WET,0,OTHER ROADWAY OR MID-BLOCK COLLISION,OPPOSING LEFT TURN,STRAIGHT & HILLCREST,DARK-HWY NOT LIGHTED,0,0,0,1
32401509,CAMPBELL,US0027,USRoute,,ALEXANDRIA,PIKE,,38.98406647,-84.40090757,12.077,10/28/2023 0:00,1557,2,2,0,0,O,CLOUDY,WET,0,REAR END IN TRAFFIC LANES BOTH VEHICLES MOVING,REAR END,STRAIGHT & GRADE,DAYLIGHT,0,0,0,1
32390318,CAMPBELL,KY0009,StateRoute,,AA,HWY,,39.02122317,-84.48119638,17.625,10/28/2023 0:00,1206,2,2,0,0,O,CLOUDY,DRY,0,REAR END IN TRAFFIC LANES BOTH VEHICLES MOVING,REAR END,CURVE & LEVEL,DAYLIGHT,0,0,0,1
32391341,CAMPBELL,KY0915,StateRoute,,LICKING,PIKE,,38.99426744,-84.42963424,,10/28/2023 0:00,1725,1,1,0,0,O,CLEAR,DRY,1,OTHER COLLISIONS ON SHOULDER,SINGLE VEHICLE,CURVE & LEVEL,DAYLIGHT,0,0,0,1
32397338,CAMPBELL,KY2345,StateRoute,,JOHNS HILL,RD,,39.02805942,-84.46719592,1.019,10/28/2023 0:00,2123,2,2,0,0,O,RAINING,WET,0,SIDESWIPE COLLISION - SAME DIRECTION,SIDESWIPE-SAME DIRECTION,STRAIGHT & LEVEL,DARK-HWY LIGHTED/ON,0,0,0,1
32397343,CAMPBELL,,OTHR,13,CLEARVIEW,DR,,39.02894834,-84.45972568,0.068,10/28/2023 0:00,2300,2,2,0,0,O,RAINING,WET,0,1 VEHICLE PARKED POSITION (NOT PARKING LOT/DRIVEWAY),BACKING,STRAIGHT & LEVEL,DARK (UNKNOWN ROADWAY LIGHTING),0,0,0,1
32391916,CAMPBELL,KY0009,StateRoute,,AA,HWY,,39.00167762,-84.41258775,13.431,10/28/2023 0:00,658,1,1,0,0,O,CLOUDY,WET,0,COLLISION WITH ANIMAL NON INTERSECTION,SINGLE VEHICLE,CURVE & HILLCREST,DARK-HWY NOT LIGHTED,0,0,0,1
32391919,CAMPBELL,US0027,USRoute,,ALEXANDRIA,PIKE,,38.9936164,-84.41192711,12.962,10/28/2023 0:00,2051,1,1,0,1,C,RAINING,WET,0,COLLISION WITH ANIMAL NON INTERSECTION,SINGLE VEHICLE,STRAIGHT & HILLCREST,DARK-HWY LIGHTED/ON,0,0,0,1
32406227,CAMPBELL,,OTHR,,6TH,ST,E,39.09299735,-84.49085302,0.499,10/28/2023 0:00,1229,2,2,0,0,O,CLOUDY,DRY,1,ANGLE COLLISION - OTHER,ANGLE,STRAIGHT & LEVEL,DAYLIGHT,0,0,0,1
32389069,CAMPBELL,,OTHR,,3RD,ST,W,39.09245938,-84.49844408,0.087,10/28/2023 0:00,2205,2,2,0,0,O,RAINING,WET,0,ANGLE COLLISION - OTHER,ANGLE,STRAIGHT & LEVEL,DARK-HWY LIGHTED/ON,0,0,0,1
32391918,CAMPBELL,US0027,USRoute,,ALEXANDRIA,PIKE,,39.01826236,-84.43572638,15.031,10/28/2023 0:00,1619,2,2,0,0,O,CLOUDY,WET,0,OTHER INTERSECTION COLLISIONS,REAR END,STRAIGHT & LEVEL,DAYLIGHT,1,0,0,1
32400439,CAMPBELL,,OTHR,,6TH AVENUE,,,39.11270759,-84.47337581,,10/29/2023 0:00,10,3,3,0,0,O,RAINING,WET,0,1 VEHICLE PARKED POSITION (NOT PARKING LOT/DRIVEWAY),ANGLE,STRAIGHT & GRADE,DAYLIGHT,0,0,0,1
32408388,CAMPBELL,KY0008,StateRoute,407,FAIRFIELD,AVE,,39.10690216,-84.48252911,1.927,10/29/2023 0:00,2143,3,3,0,0,O,CLEAR,DRY,0,1 VEHICLE PARKED POSITION (NOT PARKING LOT/DRIVEWAY),SIDESWIPE-SAME DIRECTION,STRAIGHT & LEVEL,DARK-HWY LIGHTED/ON,0,0,0,1
32511188,CAMPBELL,,OTHR,403,BERRY,AVE,,39.10150563,-84.4826529,0.573,10/29/2023 0:00,1700,2,2,0,0,O,CLEAR,DRY,0,1 VEHICLE PARKED POSITION (NOT PARKING LOT/DRIVEWAY),SIDESWIPE-SAME DIRECTION,STRAIGHT & LEVEL,DARK-HWY NOT LIGHTED,0,0,0,1
32395078,CAMPBELL,KY0471,StateRoute,,KY471,,,39.04243658,-84.45696574,0.392,10/30/2023 0:00,245,1,1,0,0,O,RAINING,WET,0,RAN OFF ROADWAY (1 VEHICLE WITH/EARTH EMBANKMENT/DITCH),SINGLE VEHICLE,STRAIGHT & GRADE,DARK-HWY LIGHTED/ON,0,0,0,1
32396128,CAMPBELL,US0027,USRoute,,3RD,ST,E,39.09328838,-84.49734135,22.244,10/30/2023 0:00,2311,2,2,0,0,O,CLEAR,DRY,0,SIDESWIPE COLLISION - SAME DIRECTION,SIDESWIPE-SAME DIRECTION,CURVE & LEVEL,DARK-HWY LIGHTED/ON,0,0,0,1
32396018,CAMPBELL,KY0008,StateRoute,,4TH,ST,W,39.08922956,-84.50121706,0.229,10/30/2023 0:00,1819,2,2,0,0,O,CLOUDY,DRY,0,SIDESWIPE COLLISION - SAME DIRECTION,SIDESWIPE-SAME DIRECTION,CURVE & LEVEL,DUSK,0,0,0,1
32396971,CAMPBELL,US0027,USRoute,,,,,39.00037173,-84.42107902,0.489,10/30/2023 0:00,1553,2,2,0,0,O,CLOUDY,DRY,0,OTHER RAMP RELATED COLLISIONS NOT LISTED ABOVE,REAR END,STRAIGHT & LEVEL,DAYLIGHT,0,0,0,1
32409723,CAMPBELL,US0027,USRoute,,ALEXANDRIA,PIKE,,39.03382387,-84.45344429,16.522,10/30/2023 0:00,630,2,2,0,0,O,RAINING,WET,0,OTHER ROADWAY OR MID-BLOCK COLLISION,REAR END,STRAIGHT & LEVEL,DARK-HWY LIGHTED/ON,0,0,0,1
32454789,CAMPBELL,I 0275,Interstate,,I275 E,,,39.02256621,-84.48904549,77.563,10/31/2023 0:00,1650,7,7,1,4,K,CLEAR,DRY,0,1 VEHICLE ENTERING/LEAVING ENTRANCE,ANGLE,STRAIGHT & LEVEL,DAYLIGHT,0,0,0,1
32398207,CAMPBELL,I 0471,Interstate,,I471 N,,,39.09948203,-84.49242198,4.783,10/31/2023 0:00,907,3,3,0,0,O,CLEAR,DRY,0,REAR END IN TRAFFIC LANES BOTH VEHICLES MOVING,REAR END,STRAIGHT & LEVEL,DAWN,0,0,0,1
32428948,CAMPBELL,US0027,USRoute,,ALEXANDRIA,PIKE,,38.96457116,-84.39275711,10.53,10/31/2023 0:00,1225,2,2,0,0,O,CLEAR,DRY,0,OPPOSING LEFT TURN,OPPOSING LEFT TURN,STRAIGHT & GRADE,DAYLIGHT,0,0,0,1
32422331,CAMPBELL,US0027,USRoute,,ALEXANDRIA,PIKE,,38.98309282,-84.3996823,11.982,10/31/2023 0:00,1741,1,1,0,0,O,CLEAR,DRY,0,COLLISION WITH FIXED OBJECT IN INTERSECTION - FIRST EVENT COLLISION 09 - 32,SINGLE VEHICLE,STRAIGHT & LEVEL,DUSK,1,0,0,1
32451772,CAMPBELL,KY0009,StateRoute,,AA,HWY,,38.9583225,-84.341359,8.453,10/31/2023 0:00,722,3,3,0,0,O,CLEAR,DRY,0,COLLISION WITH ANIMAL NON INTERSECTION,HEAD ON,STRAIGHT & LEVEL,DARK (UNKNOWN ROADWAY LIGHTING),0,0,0,1
32402917,CAMPBELL,KY0009,StateRoute,,AA,HWY,,38.91962549,-84.28904971,4.48,10/31/2023 0:00,700,1,1,0,0,O,CLOUDY,DRY,0,COLLISION WITH ANIMAL NON INTERSECTION,SINGLE VEHICLE,STRAIGHT & LEVEL,DAWN,0,0,0,1
32396968,CAMPBELL,KY0009,StateRoute,,AA,HWY,,39.00721117,-84.4571109,15.872,10/31/2023 0:00,641,1,1,0,0,O,CLEAR,DRY,0,COLLISION WITH ANIMAL NON INTERSECTION,SINGLE VEHICLE,STRAIGHT & GRADE,DARK-HWY NOT LIGHTED,0,0,0,1
32428229,CAMPBELL,KY0008,StateRoute,,MARY INGLES,HWY,,38.87027117,-84.24447943,,10/31/2023 0:00,1845,1,1,0,0,O,CLOUDY,DRY,0,COLLISION WITH ANIMAL NON INTERSECTION,SINGLE VEHICLE,STRAIGHT & GRADE,DARK-HWY NOT LIGHTED,0,0,0,1
32424711,CAMPBELL,I 0471,Interstate,2.5,I471 N,,,39.07706577,-84.46923511,2.643,11/1/2023 0:00,1215,1,1,0,0,O,CLEAR,DRY,0,COLLISION WITH ANIMAL NON INTERSECTION,SINGLE VEHICLE,STRAIGHT & LEVEL,DAYLIGHT,0,0,0,1
32422337,CAMPBELL,KY0536,StateRoute,,CREEKTRACE,RD,,38.94025315,-84.39853448,3.208,11/1/2023 0:00,1817,1,1,0,0,O,CLEAR,DRY,0,COLLISION WITH ANIMAL NON INTERSECTION,SINGLE VEHICLE,STRAIGHT & LEVEL,DAYLIGHT,0,0,0,1
32431076,CAMPBELL,,OTHR,,ALEXANDRIA,PIKE,,38.9160285,-84.39031581,1.495,11/1/2023 0:00,2125,1,1,0,0,O,CLEAR,DRY,0,COLLISION WITH ANIMAL NON INTERSECTION,SINGLE VEHICLE,STRAIGHT & LEVEL,DARK-HWY NOT LIGHTED,0,0,0,1
32406813,CAMPBELL,KY0471,StateRoute,,KY471,,S,39.03701113,-84.45410829,0.003,11/1/2023 0:00,1807,2,2,0,1,C,CLEAR,DRY,0,OTHER INTERSECTION COLLISIONS,REAR END,STRAIGHT & LEVEL,DAYLIGHT,1,0,0,1
32406440,CAMPBELL,KY0009,StateRoute,,AA,HWY,,39.00809015,-84.46134508,16.105,11/1/2023 0:00,1629,2,2,0,0,O,CLEAR,DRY,0,REAR END IN TRAFFIC LANES BOTH VEHICLES MOVING,REAR END,STRAIGHT & GRADE,DAYLIGHT,0,0,0,1
32413420,CAMPBELL,,OTHR,241,WALNUT,ST,,39.10199565,-84.48025079,0.081,11/1/2023 0:00,1308,2,2,0,0,O,CLEAR,DRY,1,1 VEHICLE PARKED POSITION (NOT PARKING LOT/DRIVEWAY),SIDESWIPE-SAME DIRECTION,STRAIGHT & LEVEL,DUSK,0,0,0,1
32403737,CAMPBELL,,OTHR,,THORNTON,ST,,39.0806225,-84.49578392,0.078,11/1/2023 0:00,1233,2,2,0,1,C,CLEAR,DRY,0,1 VEHICLE ENTERING/LEAVING ENTRANCE,ANGLE,STRAIGHT & LEVEL,DAYLIGHT,0,0,0,1
32411208,CAMPBELL,US0027,USRoute,,ALEXANDRIA,PIKE,,39.00295012,-84.42292338,13.767,11/2/2023 0:00,1731,2,2,0,0,O,CLEAR,DRY,0,OTHER ROADWAY OR MID-BLOCK COLLISION,REAR END,STRAIGHT & LEVEL,DAWN,0,0,0,1
32409725,CAMPBELL,US0027,USRoute,,ALEXANDRIA,PIKE,,39.03578518,-84.45403816,16.664,11/2/2023 0:00,1200,2,2,0,0,O,CLEAR,DRY,0,SIDESWIPE COLLISION - SAME DIRECTION,SIDESWIPE-SAME DIRECTION,STRAIGHT & LEVEL,DAYLIGHT,0,0,0,1
32413421,CAMPBELL,KY0008,StateRoute,100,FAIRFIELD,AVE,,39.10195631,-84.48851235,1.459,11/2/2023 0:00,1134,2,2,0,0,O,CLEAR,DRY,0,REAR END IN TRAFFIC LANES BOTH VEHICLES MOVING,REAR END,STRAIGHT & LEVEL,DAYLIGHT,0,0,0,1
32406848,CAMPBELL,,OTHR,,PARKVIEW,AVE,,39.0825162,-84.48615518,0.339,11/2/2023 0:00,738,2,2,0,0,O,CLEAR,DRY,0,1 VEHICLE PARKED POSITION (NOT PARKING LOT/DRIVEWAY),SIDESWIPE-SAME DIRECTION,STRAIGHT & LEVEL,DAWN,0,0,0,1
32408504,CAMPBELL,,OTHR,600,DAYTON,ST,,39.09152007,-84.49248186,0.032,11/2/2023 0:00,1121,2,2,0,0,O,CLOUDY,DRY,0,1 VEHICLE PARKED POSITION (NOT PARKING LOT/DRIVEWAY),SIDESWIPE-SAME DIRECTION,STRAIGHT & LEVEL,DAYLIGHT,0,0,0,1
32441487,CAMPBELL,I 0471,Interstate,,I471 SB,,,39.06338304,-84.46783334,1.39,11/2/2023 0:00,1738,2,2,0,0,O,CLEAR,DRY,0,REAR END IN TRAFFIC LANES BOTH VEHICLES MOVING,REAR END,STRAIGHT & LEVEL,DUSK,0,0,0,1
32411206,CAMPBELL,US0027,USRoute,,ALEXANDRIA,PIKE,,39.02523106,-84.44542986,15.772,11/2/2023 0:00,1300,2,2,0,0,O,CLEAR,DRY,0,OTHER INTERSECTION COLLISIONS,REAR END,STRAIGHT & GRADE,DAYLIGHT,1,0,0,1
32416262,CAMPBELL,KY0009,StateRoute,,AA,HWY,,39.01423572,-84.47629881,17.034,11/2/2023 0:00,843,1,1,0,0,O,CLEAR,DRY,0,COLLISION WITH FIXED OBJECT IN INTERSECTION - FIRST EVENT COLLISION 09 - 32,SINGLE VEHICLE,STRAIGHT & LEVEL,DAYLIGHT,1,0,0,1
32408392,CAMPBELL,KY0008,StateRoute,,FAIRFIELD,AVE,,39.10573614,-84.48393521,1.818,11/2/2023 0:00,833,3,3,0,2,C,CLOUDY,DRY,0,COLLISION WITH PARKED VEHICLE,HEAD ON,STRAIGHT & LEVEL,DAYLIGHT,0,0,0,1
32416263,CAMPBELL,KY0009,StateRoute,,AA,HWY,,39.02129901,-84.48119043,17.629,11/2/2023 0:00,1139,2,2,0,0,O,CLEAR,DRY,0,REAR END - ONE VEHICLE TURNING LEFT,REAR END,STRAIGHT & LEVEL,DAYLIGHT,0,0,0,1
32946660,CAMPBELL,KY0009,StateRoute,,AA,HWY,,38.87450545,-84.26064465,0.851,11/2/2023 0:00,731,2,2,0,0,O,FOG,DRY,0,COLLISION WITH ANIMAL NON INTERSECTION,HEAD ON,STRAIGHT & HILLCREST,DARK-HWY NOT LIGHTED,0,0,0,1
32428488,CAMPBELL,KY1120,StateRoute,1356,FT THOMAS,AVE,S,39.06089248,-84.45024327,5.675,11/3/2023 0:00,1410,2,2,0,0,O,CLEAR,DRY,1,1 VEHICLE PARKED POSITION (NOT PARKING LOT/DRIVEWAY),SIDESWIPE-SAME DIRECTION,STRAIGHT & LEVEL,DAYLIGHT,0,0,0,1
32493135,CAMPBELL,US0027,USRoute,,ALEXANDRIA,PIKE,,38.85872011,-84.38841109,2.941,11/3/2023 0:00,1923,1,1,0,0,O,CLEAR,DRY,0,COLLISION WITH ANIMAL NON INTERSECTION,SINGLE VEHICLE,STRAIGHT & LEVEL,DARK-HWY NOT LIGHTED,0,0,0,1
32419099,CAMPBELL,KY0009,StateRoute,,AA,HWY,,39.00835108,-84.46273095,16.187,11/3/2023 0:00,850,1,1,0,0,O,CLEAR,DRY,0,COLLISION WITH ANIMAL NON INTERSECTION,SINGLE VEHICLE,STRAIGHT & GRADE,DAYLIGHT,0,0,0,1
32493136,CAMPBELL,KY0009,StateRoute,,AA,HWY,,38.92649611,-84.30169359,5.315,11/3/2023 0:00,2125,1,1,0,0,O,CLOUDY,DRY,0,COLLISION WITH ANIMAL IN INTERSECTION,SINGLE VEHICLE,STRAIGHT & LEVEL,DARK-HWY NOT LIGHTED,1,0,0,1
32452412,CAMPBELL,KY0009,StateRoute,,AA,HWY,,38.98883826,-84.39541237,12.146,11/3/2023 0:00,1627,2,2,0,0,O,CLEAR,DRY,0,OTHER INTERSECTION COLLISIONS,REAR END,STRAIGHT & GRADE,DAYLIGHT,1,0,0,1
32422724,CAMPBELL,US0027,USRoute,,ALEXANDRIA,PIKE,,39.00408457,-84.42434482,13.918,11/3/2023 0:00,1515,2,2,0,0,O,CLEAR,DRY,0,REAR END IN TRAFFIC LANES BOTH VEHICLES MOVING,REAR END,STRAIGHT & GRADE,DAYLIGHT,0,0,0,1
32422823,CAMPBELL,,OTHR,,ALEXANDRIA,PIKE,,39.03180325,-84.45169031,0.028,11/3/2023 0:00,2150,2,2,0,0,O,CLEAR,DRY,0,1 VEHICLE ENTERING/LEAVING ENTRANCE,ANGLE,STRAIGHT & GRADE,DARK (UNKNOWN ROADWAY LIGHTING),0,0,0,1
32420882,CAMPBELL,I 0275,Interstate,,,,,39.02551142,-84.48089877,0.025,11/4/2023 0:00,2029,2,2,0,0,O,CLEAR,DRY,0,OTHER RAMP RELATED COLLISIONS NOT LISTED ABOVE,OPPOSING LEFT TURN,STRAIGHT & LEVEL,DARK-HWY LIGHTED/ON,0,0,0,1
32419007,CAMPBELL,,OTHR,711,SARATOGA,ST,,39.0909437,-84.49099711,0.379,11/4/2023 0:00,1000,2,2,0,0,O,CLEAR,DRY,0,1 VEHICLE PARKED POSITION (NOT PARKING LOT/DRIVEWAY),SIDESWIPE-SAME DIRECTION,STRAIGHT & LEVEL,DAYLIGHT,0,0,0,1
32419005,CAMPBELL,,OTHR,,7TH,ST,E,39.09140653,-84.49044876,0.427,11/4/2023 0:00,1725,2,2,0,0,O,CLEAR,DRY,0,COLLISION WITH FIXED OBJECT IN INTERSECTION - FIRST EVENT COLLISION 09 - 32,ANGLE,STRAIGHT & LEVEL,DAYLIGHT,1,0,0,1
32422732,CAMPBELL,KY1998,StateRoute,425,POOLES CREEK,RD,,39.01474463,-84.46304729,0.474,11/4/2023 0:00,212,1,1,0,1,C,CLEAR,DRY,0,COLLISION WITH FIXED OBJECT NON - INTERSECTION - FIRST EVENT COLLISION 09 - 32 EXCLUDING 16,SINGLE VEHICLE,CURVE & LEVEL,DARK-HWY LIGHTED/OFF,0,0,0,1
32452410,CAMPBELL,KY0010,StateRoute,8544,MAIN,ST,E,38.95712388,-84.37935676,2.188,11/4/2023 0:00,650,1,1,0,0,O,CLEAR,DRY,0,COLLISION WITH FIXED OBJECT NON - INTERSECTION - FIRST EVENT COLLISION 09 - 32 EXCLUDING 16,SINGLE VEHICLE,CURVE & GRADE,DARK-HWY LIGHTED/ON,0,0,0,1
32465680,CAMPBELL,,OTHR,,TAYLOR,AVE,,39.10202331,-84.47995503,0.452,11/4/2023 0:00,1125,2,2,0,0,O,CLEAR,DRY,1,1 VEHICLE PARKED POSITION (NOT PARKING LOT/DRIVEWAY),SIDESWIPE-SAME DIRECTION,STRAIGHT & LEVEL,DARK-HWY LIGHTED/ON,0,0,0,1
33435602,CAMPBELL,US0027,USRoute,,MONMOUTH,ST,,39.08413987,-84.48468824,21.255,11/5/2023 0:00,1859,2,2,0,0,O,CLEAR,DRY,0,REAR END IN TRAFFIC LANES BOTH VEHICLES MOVING,REAR END,CURVE & LEVEL,DARK-HWY LIGHTED/ON,0,0,0,1
32424725,CAMPBELL,US0027,USRoute,700,YORK,ST,,39.08871033,-84.49298778,21.921,11/5/2023 0:00,1630,2,2,0,0,O,CLEAR,DRY,0,SIDESWIPE COLLISION - SAME DIRECTION,SIDESWIPE-SAME DIRECTION,STRAIGHT & LEVEL,DAYLIGHT,0,0,0,1
32423835,CAMPBELL,,OTHR,165,NEWPORT PAVILION,,,39.08809095,-84.47593691,0.46,11/5/2023 0:00,1504,2,2,0,0,O,CLEAR,DRY,0,SIDESWIPE COLLISION - SAME DIRECTION,SIDESWIPE-SAME DIRECTION,STRAIGHT & LEVEL,DAYLIGHT,0,0,0,1
32432058,CAMPBELL,US0027,USRoute,,ALEXANDRIA,PIKE,,39.07563637,-84.47697859,20.512,11/5/2023 0:00,1439,2,2,0,0,O,CLEAR,DRY,0,SIDESWIPE COLLISION - SAME DIRECTION,SIDESWIPE-SAME DIRECTION,CURVE & GRADE,DAYLIGHT,0,0,0,1
32428400,CAMPBELL,KY1120,StateRoute,2400,MEMORIAL,PKWY,,39.08532416,-84.45104213,3.709,11/6/2023 0:00,1452,2,2,0,0,O,CLOUDY,DRY,1,1 VEHICLE PARKED POSITION (NOT PARKING LOT/DRIVEWAY),SIDESWIPE-SAME DIRECTION,STRAIGHT & LEVEL,DAYLIGHT,0,0,0,1
32426479,CAMPBELL,KY1120,StateRoute,,11TH,ST,W,39.08399596,-84.49132529,0.552,11/6/2023 0:00,2210,2,2,0,0,O,CLEAR,DRY,0,1 VEHICLE PARKED POSITION (NOT PARKING LOT/DRIVEWAY),SIDESWIPE-SAME DIRECTION,STRAIGHT & LEVEL,DARK-HWY LIGHTED/ON,0,0,0,1