IncidentID,County,RdwyNumber,RdwyType,Street,RoadwayName,StreetSfx,StreetDir,Latitude,Longitude,Milepoint,CollisionDate,CollisionTime,UnitsInvolved,MotorVehiclesInvolved,NumberKilled,NumberInjured,KABCO,Weather,RdwyConditionCode,HitandRun,DirAnalysisCode,MannerofCollision,RdwyCharacter,LightCondition,Intersection Crash,Bicyclist,Pedestrian,Motor Vehicles
32473615,CAMPBELL,,OTHR,10,5TH,ST,E,39.09238968,-84.49427337,,11/6/2023 0:00,2130,3,3,0,0,O,CLOUDY,DRY,1,REAR END IN TRAFFIC LANES BOTH VEHICLES MOVING,REAR END,STRAIGHT & LEVEL,DARK-HWY LIGHTED/ON,0,0,0,1
32453792,CAMPBELL,,OTHR,,EDEN,AVE,,39.10901395,-84.48380872,0.271,11/6/2023 0:00,1630,2,2,0,0,O,CLEAR,DRY,0,1 VEHICLE PARKED POSITION (NOT PARKING LOT/DRIVEWAY),SIDESWIPE-SAME DIRECTION,STRAIGHT & LEVEL,DAYLIGHT,0,0,0,1
32426480,CAMPBELL,I 0471,Interstate,,I471 N,,,39.09468003,-84.48001822,4.015,11/6/2023 0:00,2231,1,1,0,1,C,CLEAR,DRY,0,COLLISION WITH FIXED OBJECT NON - INTERSECTION - FIRST EVENT COLLISION 09 - 32 EXCLUDING 16,SINGLE VEHICLE,STRAIGHT & LEVEL,DARK-HWY LIGHTED/ON,0,0,0,1
32437461,CAMPBELL,,OTHR,1450,ST JOHNS,LN,,39.01083279,-84.46895855,0.027,11/6/2023 0:00,2210,1,1,0,0,O,CLEAR,DRY,0,COLLISION WITH FIXED OBJECT NON - INTERSECTION - FIRST EVENT COLLISION 09 - 32 EXCLUDING 16,SINGLE VEHICLE,STRAIGHT & LEVEL,DARK-HWY LIGHTED/OFF,0,0,0,1
32425758,CAMPBELL,US0027,USRoute,,ALEXANDRIA,PIKE,,38.85662748,-84.38635947,2.76,11/6/2023 0:00,536,1,1,0,0,O,CLEAR,DRY,0,COLLISION WITH ANIMAL NON INTERSECTION,SINGLE VEHICLE,STRAIGHT & LEVEL,DARK-HWY NOT LIGHTED,0,0,0,1
32428396,CAMPBELL,I 0275,Interstate,,I275 W,,,39.05523247,-84.43543397,73.488,11/6/2023 0:00,415,1,1,0,0,O,CLEAR,DRY,0,COLLISION WITH ANIMAL NON INTERSECTION,SINGLE VEHICLE,STRAIGHT & LEVEL,DARK-HWY LIGHTED/ON,0,0,0,1
32438383,CAMPBELL,US0027,USRoute,1100,MONMOUTH,ST,,39.08488981,-84.48594196,21.345,11/6/2023 0:00,1730,2,1,0,1,A,CLEAR,DRY,0,COLLISION WITH PEDESTRIAN NON - INTERSECTION,SINGLE VEHICLE,STRAIGHT & GRADE,DAYLIGHT,0,0,1,0
32428407,CAMPBELL,,OTHR,219,HIGHLAND,AVE,,39.07696508,-84.45244208,1.147,11/6/2023 0:00,1501,2,1,0,1,C,CLEAR,DRY,0,COLLISION WITH PEDESTRIAN NON - INTERSECTION,SINGLE VEHICLE,STRAIGHT & LEVEL,DAYLIGHT,0,0,1,0
32438382,CAMPBELL,KY1120,StateRoute,,11TH,ST,W,39.08124936,-84.49629022,0.23,11/6/2023 0:00,1600,2,2,0,0,O,CLEAR,DRY,0,SIDESWIPE-SAME DIRECTION,SIDESWIPE-SAME DIRECTION,STRAIGHT & LEVEL,DAYLIGHT,0,0,0,1
32425757,CAMPBELL,KY0009,StateRoute,,AA,HWY,,38.9754079,-84.36277669,10.1,11/6/2023 0:00,1950,1,1,0,0,O,CLEAR,DRY,0,OTHER INTERSECTION COLLISIONS,SINGLE VEHICLE,STRAIGHT & LEVEL,DARK-HWY LIGHTED/ON,1,0,0,1
32437465,CAMPBELL,KY0009,StateRoute,,LICKING,PIKE,,39.02500281,-84.48053657,17.921,11/6/2023 0:00,1417,3,3,0,0,O,CLEAR,DRY,0,OTHER INTERSECTION COLLISIONS,REAR END,STRAIGHT & LEVEL,DAYLIGHT,1,0,0,1
32437468,CAMPBELL,,OTHR,,ELM,ST,,39.05669796,-84.48813175,0.162,11/6/2023 0:00,1518,2,2,0,0,O,CLEAR,DRY,0,COLLISION WITH PARKED VEHICLE,SIDESWIPE-SAME DIRECTION,STRAIGHT & GRADE,DAYLIGHT,0,0,0,1
32432647,CAMPBELL,US0027,USRoute,,ALEXANDRIA,PIKE,,39.01837288,-84.43585478,15.025,11/7/2023 0:00,1313,2,2,0,0,O,CLEAR,DRY,0,OTHER ROADWAY OR MID-BLOCK COLLISION,REAR END,STRAIGHT & LEVEL,DAYLIGHT,0,0,0,1
32431112,CAMPBELL,KY0008,StateRoute,,DAVE COWENS,DR,,39.09869035,-84.49207828,1.123,11/7/2023 0:00,2011,2,2,0,0,O,CLEAR,DRY,0,OTHER INTERSECTION COLLISIONS,REAR END,STRAIGHT & LEVEL,DARK-HWY LIGHTED/ON,1,0,0,1
32447660,CAMPBELL,,OTHR,,3RD,ST,W,39.092429,-84.49847348,0.088,11/7/2023 0:00,1603,2,2,0,0,O,CLEAR,DRY,1,VEHICLE BACKING IN INTERSECTION,BACKING,STRAIGHT & LEVEL,DAYLIGHT,1,0,0,1
32432755,CAMPBELL,I 0275,Interstate,,I275 W,,,39.05563099,-84.43503348,73.455,11/7/2023 0:00,1947,1,1,0,0,O,CLEAR,DRY,0,COLLISION WITH ANIMAL NON INTERSECTION,SINGLE VEHICLE,STRAIGHT & LEVEL,DARK-HWY LIGHTED/ON,0,0,0,1
32435985,CAMPBELL,,OTHR,81,CROWELL,AVE,,39.05330474,-84.45335726,0.112,11/7/2023 0:00,1900,2,2,0,0,O,CLEAR,DRY,1,1 VEHICLE PARKED POSITION (NOT PARKING LOT/DRIVEWAY),BACKING,STRAIGHT & LEVEL,DARK-HWY NOT LIGHTED,0,0,0,1
32427330,CAMPBELL,KY0471,StateRoute,,KY471,,,39.04291111,-84.45536212,0.415,11/7/2023 0:00,639,2,2,0,0,O,CLEAR,DRY,0,SIDESWIPE COLLISION - SAME DIRECTION,SIDESWIPE-SAME DIRECTION,STRAIGHT & LEVEL,DAYLIGHT,0,0,0,1
32436343,CAMPBELL,I 0471,Interstate,,I471 N,,,39.09947005,-84.49238246,4.78,11/8/2023 0:00,1816,2,2,0,0,O,CLEAR,DRY,0,REAR END IN TRAFFIC LANES BOTH VEHICLES MOVING,REAR END,STRAIGHT & LEVEL,DARK-HWY LIGHTED/ON,0,0,0,1
32436347,CAMPBELL,I 0471,Interstate,,I471 S,,,39.09706747,-84.48441175,4.313,11/8/2023 0:00,1825,2,2,0,0,O,CLEAR,DRY,0,REAR END IN TRAFFIC LANES BOTH VEHICLES MOVING,REAR END,STRAIGHT & LEVEL,DARK-HWY LIGHTED/ON,0,0,0,1
32450688,CAMPBELL,I 0471,Interstate,,I471 N,,,39.08180966,-84.4714153,2.995,11/8/2023 0:00,1719,2,2,0,0,O,CLEAR,DRY,0,REAR END IN TRAFFIC LANES BOTH VEHICLES MOVING,REAR END,STRAIGHT & LEVEL,DUSK,0,0,0,1
32451763,CAMPBELL,I 0275,Interstate,,I275 E,,,39.03496522,-84.47028453,76.037,11/8/2023 0:00,1734,2,2,0,0,O,CLEAR,DRY,0,REAR END IN TRAFFIC LANES BOTH VEHICLES MOVING,REAR END,STRAIGHT & LEVEL,DARK-HWY LIGHTED/ON,0,0,0,1
32452424,CAMPBELL,I 0275,Interstate,,I275 E,,,39.05648061,-84.43179143,73.275,11/8/2023 0:00,1633,4,4,0,2,C,CLEAR,DRY,0,REAR END IN TRAFFIC LANES BOTH VEHICLES MOVING,REAR END,STRAIGHT & LEVEL,DAYLIGHT,0,0,0,1
32454462,CAMPBELL,,OTHR,912,5TH,AVE,,39.1144221,-84.46767431,0.367,11/8/2023 0:00,1742,2,2,0,0,O,CLEAR,DRY,0,1 VEHICLE PARKED POSITION (NOT PARKING LOT/DRIVEWAY),BACKING,STRAIGHT & LEVEL,DUSK,0,0,0,1
32442184,CAMPBELL,I 0275,Interstate,,I275 E,,,39.05642001,-84.43205013,73.289,11/8/2023 0:00,1654,2,2,0,0,O,CLEAR,DRY,0,OTHER ROADWAY OR MID-BLOCK COLLISION,REAR END,STRAIGHT & LEVEL,DAYLIGHT,0,0,0,1
32447627,CAMPBELL,US0027,USRoute,,ALEXANDRIA,PIKE,,38.82955086,-84.36538443,0.464,11/8/2023 0:00,620,1,1,0,0,O,CLOUDY,DRY,0,COLLISION WITH ANIMAL NON INTERSECTION,SINGLE VEHICLE,STRAIGHT & GRADE,DARK-HWY NOT LIGHTED,0,0,0,1
32445709,CAMPBELL,KY0009,StateRoute,,AA,HWY,,38.92582125,-84.3001264,5.216,11/8/2023 0:00,508,1,1,0,0,O,CLEAR,DRY,0,COLLISION WITH ANIMAL NON INTERSECTION,SINGLE VEHICLE,STRAIGHT & LEVEL,DARK-HWY NOT LIGHTED,0,0,0,1
32445581,CAMPBELL,US0027,USRoute,,MONMOUTH,ST,,39.09404819,-84.49581921,22.178,11/8/2023 0:00,1314,1,1,0,0,O,CLEAR,DRY,0,COLLISION WITH FIXED OBJECT IN INTERSECTION - FIRST EVENT COLLISION 09 - 32,SINGLE VEHICLE,STRAIGHT & LEVEL,DAYLIGHT,1,0,0,1
32436342,CAMPBELL,I 0471,Interstate,,,,,39.09762145,-84.48647623,0.329,11/8/2023 0:00,1800,2,2,0,0,O,CLOUDY,DRY,0,OTHER RAMP RELATED COLLISIONS NOT LISTED ABOVE,REAR END,STRAIGHT & HILLCREST,DAYLIGHT,0,0,0,1
32454163,CAMPBELL,US0027,USRoute,,ALEXANDRIA,PIKE,,38.98520776,-84.40205075,12.182,11/9/2023 0:00,1805,2,2,0,0,O,CLEAR,DRY,0,OTHER ROADWAY OR MID-BLOCK COLLISION,REAR END,STRAIGHT & GRADE,DARK-HWY NOT LIGHTED,0,0,0,1
32439548,CAMPBELL,KY0009,StateRoute,,AA,HWY,,39.00970322,-84.4691725,16.535,11/9/2023 0:00,1555,2,2,0,1,C,CLEAR,DRY,0,OTHER ROADWAY OR MID-BLOCK COLLISION,REAR END,STRAIGHT & LEVEL,DAYLIGHT,0,0,0,1
32463538,CAMPBELL,KY0009,StateRoute,,AA,HWY,,38.9689848,-84.35354344,9.441,11/9/2023 0:00,1940,1,1,0,0,O,CLEAR,DRY,0,COLLISION WITH ANIMAL NON INTERSECTION,SINGLE VEHICLE,STRAIGHT & LEVEL,DARK-HWY NOT LIGHTED,0,0,0,1
32439547,CAMPBELL,KY0009,StateRoute,,LICKING,PIKE,,39.06587785,-84.4869832,20.927,11/9/2023 0:00,757,1,1,0,0,O,CLEAR,DRY,0,COLLISION WITH ANIMAL NON INTERSECTION,SINGLE VEHICLE,STRAIGHT & LEVEL,DAYLIGHT,0,0,0,1
32451771,CAMPBELL,I 0275,Interstate,,I275 WB,,,39.0482379,-84.45258241,74.531,11/9/2023 0:00,1802,1,1,0,0,O,CLEAR,DRY,0,COLLISION WITH FIXED OBJECT NON - INTERSECTION - FIRST EVENT COLLISION 09 - 32 EXCLUDING 16,SINGLE VEHICLE,STRAIGHT & LEVEL,DARK-HWY LIGHTED/ON,0,0,0,1
32457803,CAMPBELL,,OTHR,100,LOUIE B NUNN,DR,,39.03325389,-84.46206829,0.022,11/9/2023 0:00,1150,2,2,0,0,O,CLEAR,DRY,0,SIDESWIPE COLLISION - SAME DIRECTION,SIDESWIPE-SAME DIRECTION,STRAIGHT & LEVEL,DAYLIGHT,0,0,0,1
32449206,CAMPBELL,I 0275,Interstate,,I275 E,,,39.05596552,-84.43327318,73.362,11/9/2023 0:00,1701,2,2,0,0,O,CLEAR,DRY,0,REAR END IN TRAFFIC LANES BOTH VEHICLES MOVING,REAR END,STRAIGHT & LEVEL,DAYLIGHT,0,0,0,1
32441709,CAMPBELL,I 0275,Interstate,,I275 W,,,39.02287015,-84.48454613,77.304,11/9/2023 0:00,900,2,2,0,0,O,CLOUDY,DRY,0,REAR END IN TRAFFIC LANES BOTH VEHICLES MOVING,REAR END,CURVE & LEVEL,DAYLIGHT,0,0,0,1
32452204,CAMPBELL,US0027,USRoute,,ALEXANDRIA,PIKE,,39.03485205,-84.4538525,16.601,11/10/2023 0:00,959,2,2,0,0,O,CLEAR,DRY,1,REAR END IN TRAFFIC LANES BOTH VEHICLES MOVING,REAR END,STRAIGHT & LEVEL,DAYLIGHT,0,0,0,1
32442682,CAMPBELL,,OTHR,114,CLEVELAND,AVE,,39.09774918,-84.47765768,0.044,11/10/2023 0:00,1324,2,2,0,0,O,CLEAR,DRY,0,1 VEHICLE PARKED POSITION (NOT PARKING LOT/DRIVEWAY),REAR END,STRAIGHT & LEVEL,DAYLIGHT,0,0,0,1
32444986,CAMPBELL,KY0009,StateRoute,,AA,HWY,,39.02079336,-84.48144915,17.598,11/10/2023 0:00,1550,2,2,0,0,O,CLEAR,DRY,0,SIDESWIPE COLLISION - SAME DIRECTION,SIDESWIPE-SAME DIRECTION,STRAIGHT & LEVEL,DAYLIGHT,0,0,0,1
32445713,CAMPBELL,I 0275,Interstate,,I275 W,,,39.05150802,-84.4441555,74.024,11/10/2023 0:00,1527,2,2,0,0,O,CLEAR,DRY,0,SIDESWIPE COLLISION - SAME DIRECTION,SIDESWIPE-SAME DIRECTION,STRAIGHT & LEVEL,DAYLIGHT,0,0,0,1
32458843,CAMPBELL,I 0471,Interstate,,I471 S,,,39.08836543,-84.47490951,3.505,11/10/2023 0:00,1400,2,2,0,0,O,CLEAR,DRY,1,SIDESWIPE COLLISION - SAME DIRECTION,SIDESWIPE-SAME DIRECTION,STRAIGHT & LEVEL,DAYLIGHT,0,0,0,1
32447630,CAMPBELL,US0027,USRoute,,ALEXANDRIA,PIKE,,38.88965457,-84.38615372,5.254,11/10/2023 0:00,617,1,1,0,0,O,CLEAR,DRY,0,COLLISION WITH ANIMAL NON INTERSECTION,SINGLE VEHICLE,STRAIGHT & LEVEL,DARK-HWY NOT LIGHTED,0,0,0,1
32452700,CAMPBELL,US0027,USRoute,,ALEXANDRIA,PIKE,,38.9682279,-84.39334852,10.783,11/10/2023 0:00,1813,1,1,0,0,O,CLEAR,DRY,0,COLLISION WITH ANIMAL IN INTERSECTION,SINGLE VEHICLE,STRAIGHT & LEVEL,DARK-HWY LIGHTED/ON,1,0,0,1
32457982,CAMPBELL,I 0471,Interstate,,I471 N,,,39.09946821,-84.49243186,4.783,11/10/2023 0:00,1510,2,2,0,0,O,CLEAR,DRY,0,OTHER ROADWAY OR MID-BLOCK COLLISION,REAR END,STRAIGHT & LEVEL,DAYLIGHT,0,0,0,1
32445585,CAMPBELL,I 0471,Interstate,,,,,39.08233003,-84.46996577,0.019,11/11/2023 0:00,1540,2,2,0,0,O,CLEAR,DRY,0,OTHER RAMP RELATED COLLISIONS NOT LISTED ABOVE,REAR END,CURVE & HILLCREST,DAYLIGHT,0,0,0,1
32447628,CAMPBELL,US0027,USRoute,,ALEXANDRIA,PIKE,,38.9576553,-84.39320061,10.037,11/11/2023 0:00,531,1,1,0,0,O,CLEAR,DRY,0,COLLISION WITH ANIMAL NON INTERSECTION,SINGLE VEHICLE,STRAIGHT & LEVEL,DARK-HWY NOT LIGHTED,0,0,0,1
32444483,CAMPBELL,,OTHR,,5TH,ST,W,39.08895363,-84.50078064,0.121,11/11/2023 0:00,11,1,1,0,1,C,CLEAR,DRY,0,COLLISION WITH FIXED OBJECT NON - INTERSECTION - FIRST EVENT COLLISION 09 - 32 EXCLUDING 16,SINGLE VEHICLE,CURVE & LEVEL,DARK-HWY LIGHTED/ON,0,0,0,1
32444484,CAMPBELL,,OTHR,818,ISABELLA,ST,,39.08604988,-84.49669633,0.385,11/11/2023 0:00,201,2,2,0,0,O,CLEAR,DRY,0,1 VEHICLE PARKED POSITION (NOT PARKING LOT/DRIVEWAY),REAR END,STRAIGHT & LEVEL,DARK-HWY LIGHTED/ON,0,0,0,1
32449861,CAMPBELL,I 0471,Interstate,,I471 N,,,39.0996046,-84.49270463,4.8,11/11/2023 0:00,1747,2,2,0,0,O,CLEAR,DRY,0,REAR END IN TRAFFIC LANES BOTH VEHICLES MOVING,REAR END,STRAIGHT & LEVEL,DARK-HWY LIGHTED/ON,0,0,0,1
32452131,CAMPBELL,,OTHR,41074,4TH,AVE,,39.11089593,-84.47948577,0.132,11/11/2023 0:00,1038,2,2,0,0,O,CLEAR,DRY,0,1 VEHICLE PARKED POSITION (NOT PARKING LOT/DRIVEWAY),SIDESWIPE-SAME DIRECTION,STRAIGHT & LEVEL,DAYLIGHT,0,0,0,1
32454167,CAMPBELL,US0027,USRoute,6711,ALEXANDRIA,PIKE,,38.9862277,-84.40342583,12.283,11/11/2023 0:00,2005,2,2,0,0,O,CLEAR,DRY,0,REAR END IN TRAFFIC LANES BOTH VEHICLES MOVING,REAR END,STRAIGHT & GRADE,DARK (UNKNOWN ROADWAY LIGHTING),0,0,0,1
32450145,CAMPBELL,KY1120,StateRoute,,MEMORIAL,PKWY,,39.092713,-84.47633297,1.584,11/12/2023 0:00,1842,2,2,0,1,C,CLEAR,DRY,0,REAR END - ONE VEHICLE TURNING RIGHT,REAR END,CURVE & LEVEL,DARK-HWY LIGHTED/ON,0,0,0,1
32453927,CAMPBELL,I 0471,Interstate,,,,,39.08540208,-84.47464222,0.217,11/13/2023 0:00,800,2,2,0,0,O,CLEAR,DRY,0,OTHER RAMP RELATED COLLISIONS NOT LISTED ABOVE,REAR END,CURVE & GRADE,DAYLIGHT,0,0,0,1
32455040,CAMPBELL,,OTHR,47,16TH,ST,,39.08317018,-84.48470463,0.191,11/13/2023 0:00,2047,1,1,0,0,O,CLEAR,DRY,0,OTHER ROADWAY OR MID-BLOCK COLLISION,SINGLE VEHICLE,STRAIGHT & GRADE,DARK-HWY LIGHTED/ON,0,0,0,1
32453687,CAMPBELL,KY1120,StateRoute,,MEMORIAL,PKWY,,39.09552962,-84.47312459,1.884,11/13/2023 0:00,753,2,2,0,0,O,CLEAR,DRY,0,REAR END IN TRAFFIC LANES BOTH VEHICLES MOVING,REAR END,CURVE & LEVEL,DAYLIGHT,0,0,0,1
32459163,CAMPBELL,KY0010,StateRoute,,MAIN,ST,E,38.95112984,-84.37121467,2.795,11/13/2023 0:00,751,2,2,0,0,O,CLEAR,DRY,0,ANGLE COLLISION - OTHER,ANGLE,STRAIGHT & GRADE,DAWN,0,0,0,1
32456496,CAMPBELL,US0027,USRoute,5400,ALEXANDRIA,PIKE,,38.99912934,-84.41888713,13.462,11/13/2023 0:00,1822,2,2,0,0,O,CLEAR,DRY,0,OTHER INTERSECTION COLLISIONS,REAR END,STRAIGHT & LEVEL,DARK-HWY NOT LIGHTED,1,0,0,1
32460709,CAMPBELL,I 0275,Interstate,,I275 W,,,39.0270922,-84.47464893,76.695,11/13/2023 0:00,1401,1,1,0,0,O,CLEAR,DRY,0,COLLISION WITH ANIMAL NON INTERSECTION,SINGLE VEHICLE,STRAIGHT & GRADE,DAYLIGHT,0,0,0,1
32453474,CAMPBELL,US0027,USRoute,,ALEXANDRIA,PIKE,,38.88332522,-84.38728873,4.817,11/13/2023 0:00,537,1,1,0,0,O,CLEAR,DRY,0,COLLISION WITH ANIMAL NON INTERSECTION,SINGLE VEHICLE,STRAIGHT & LEVEL,DARK-HWY NOT LIGHTED,0,0,0,1
32463556,CAMPBELL,KY0009,StateRoute,,AA,HWY,,39.00878287,-84.46486212,16.303,11/13/2023 0:00,815,1,1,0,0,O,CLEAR,DRY,0,COLLISION WITH ANIMAL NON INTERSECTION,SINGLE VEHICLE,STRAIGHT & LEVEL,DAYLIGHT,0,0,0,1
32461997,CAMPBELL,I 0471,Interstate,,I471 N,,,39.05611479,-84.46924728,0.964,11/14/2023 0:00,2103,3,3,0,0,O,CLEAR,DRY,0,COLLISION WITH FIXED OBJECT NON - INTERSECTION - FIRST EVENT COLLISION 09 - 32 EXCLUDING 16,HEAD ON,CURVE & LEVEL,DARK-HWY LIGHTED/ON,0,0,0,1
32470545,CAMPBELL,KY0009,StateRoute,,AA,HWY,,38.98236836,-84.38153995,11.266,11/14/2023 0:00,1816,1,1,0,0,O,CLEAR,DRY,0,COLLISION WITH ANIMAL NON INTERSECTION,SINGLE VEHICLE,STRAIGHT & LEVEL,DARK-HWY NOT LIGHTED,0,0,0,1
32459383,CAMPBELL,,OTHR,,SARATOGA,ST,,39.09480963,-84.49446795,0.713,11/14/2023 0:00,1015,2,2,0,0,O,CLEAR,DRY,0,VEHICLE BACKING IN INTERSECTION,BACKING,STRAIGHT & LEVEL,DAYLIGHT,1,0,0,1
32463148,CAMPBELL,,OTHR,,COLUMBIA,ST,,39.08417189,-84.49092043,0.098,11/14/2023 0:00,1518,2,2,0,0,O,CLOUDY,DRY,1,COLLISION WITH PARKED VEHICLE,BACKING,STRAIGHT & GRADE,DAYLIGHT,0,0,0,1
32458844,CAMPBELL,KY1120,StateRoute,,11TH,ST,W,39.07978266,-84.49887164,0.046,11/14/2023 0:00,1235,3,3,0,0,O,CLEAR,DRY,0,REAR END IN TRAFFIC LANES BOTH VEHICLES MOVING,REAR END,STRAIGHT & GRADE,DAYLIGHT,0,0,0,1
32466520,CAMPBELL,I 0471,Interstate,,I471 SB,,,39.05828555,-84.46964002,1.1,11/15/2023 0:00,1702,2,2,0,0,O,CLEAR,DRY,0,OTHER ROADWAY OR MID-BLOCK COLLISION,REAR END,STRAIGHT & LEVEL,DAYLIGHT,0,0,0,1
32466519,CAMPBELL,I 0275,Interstate,,,,,39.04988425,-84.46316666,0.399,11/15/2023 0:00,839,2,2,0,0,O,CLEAR,DRY,0,OTHER RAMP RELATED COLLISIONS NOT LISTED ABOVE,REAR END,CURVE & LEVEL,DAYLIGHT,0,0,0,1
32476556,CAMPBELL,US0027,USRoute,1930,MONMOUTH,ST,,39.07920289,-84.48063522,20.847,11/15/2023 0:00,1726,2,2,0,1,C,CLEAR,DRY,0,HEAD-ON COLLISION,HEAD ON,STRAIGHT & LEVEL,DAYLIGHT,0,0,0,1
32470548,CAMPBELL,US0027,USRoute,,ALEXANDRIA,PIKE,,38.98506768,-84.40200345,12.172,11/15/2023 0:00,1745,2,2,0,0,O,CLEAR,DRY,0,REAR END IN TRAFFIC LANES BOTH VEHICLES MOVING,REAR END,STRAIGHT & GRADE,DARK-HWY NOT LIGHTED,0,0,0,1
32476555,CAMPBELL,KY1892,StateRoute,95,CAROTHERS,RD,,39.08541345,-84.48027881,2.336,11/15/2023 0:00,1300,2,2,0,0,O,CLEAR,DRY,0,1 VEHICLE ENTERING/LEAVING ENTRANCE,ANGLE,STRAIGHT & LEVEL,DAYLIGHT,0,0,0,1
32487236,CAMPBELL,,OTHR,1,HIGHLAND,AVE,,39.07843314,-84.4488678,1.365,11/15/2023 0:00,730,2,2,0,0,O,CLEAR,DRY,0,SIDESWIPE COLLISION - OPPOSITE DIRECTION,SIDESWIPE-OPPOSITE DIRECTION,STRAIGHT & GRADE,DAYLIGHT,0,0,0,1
32485770,CAMPBELL,US0027,USRoute,,ALEXANDRIA,PIKE,,38.84552251,-84.37673831,1.833,11/15/2023 0:00,2240,1,1,0,0,O,CLEAR,DRY,0,COLLISION WITH ANIMAL NON INTERSECTION,SINGLE VEHICLE,STRAIGHT & GRADE,DARK-HWY NOT LIGHTED,0,0,0,1
32475835,CAMPBELL,I 0275,Interstate,,I275 W,,,39.04369193,-84.46754408,75.45,11/15/2023 0:00,1017,1,1,0,0,O,CLEAR,DRY,0,COLLISION WITH ANIMAL NON INTERSECTION,SINGLE VEHICLE,STRAIGHT & LEVEL,DAYLIGHT,0,0,0,1
32625410,CAMPBELL,,OTHR,765,MILTON,RD,,38.9113342,-84.40716915,0.034,11/15/2023 0:00,1200,1,1,0,0,O,CLEAR,DRY,1,COLLISION WITH ANIMAL NON INTERSECTION,SINGLE VEHICLE,STRAIGHT & LEVEL,DAYLIGHT,0,0,0,1
32463150,CAMPBELL,I 0471,Interstate,,I471 N,,,39.09814107,-84.48837403,4.54,11/15/2023 0:00,801,2,2,0,0,O,CLEAR,DRY,0,COLLISION WITH FIXED OBJECT NON - INTERSECTION - FIRST EVENT COLLISION 09 - 32 EXCLUDING 16,REAR END,STRAIGHT & LEVEL,DAYLIGHT,0,0,0,1
32475836,CAMPBELL,KY0009,StateRoute,,LICKING,PIKE,,39.02354174,-84.48074845,17.807,11/16/2023 0:00,1853,2,2,0,0,O,CLEAR,DRY,0,OTHER INTERSECTION COLLISIONS,REAR END,STRAIGHT & LEVEL,DARK-HWY LIGHTED/ON,1,0,0,1
32469064,CAMPBELL,,OTHR,,7TH,ST,E,39.08982819,-84.49330525,0.622,11/16/2023 0:00,1535,2,1,0,0,O,CLEAR,DRY,0,COLLISION WITH BICYCLIST NON INTERSECTION,SINGLE VEHICLE,STRAIGHT & LEVEL,DAYLIGHT,0,1,0,0
32471644,CAMPBELL,KY2238,StateRoute,,UNIVERSITY,DR,,39.03634332,-84.46263482,0.583,11/16/2023 0:00,1511,2,2,0,0,O,CLEAR,DRY,0,HEAD-ON COLLISION,HEAD ON,STRAIGHT & LEVEL,DAYLIGHT,0,0,0,1
32475578,CAMPBELL,,OTHR,,16TH,ST,,39.08177097,-84.48652487,0.053,11/17/2023 0:00,1830,1,1,0,0,O,CLOUDY,WET,0,OTHER ROADWAY OR MID-BLOCK COLLISION,SINGLE VEHICLE,STRAIGHT & GRADE,DARK-HWY LIGHTED/ON,0,0,0,1
32474637,CAMPBELL,KY0008,StateRoute,301,FAIRFIELD,AVE,,39.10579158,-84.48386332,1.82,11/17/2023 0:00,1833,2,2,0,0,O,CLOUDY,WET,0,SIDESWIPE COLLISION - SAME DIRECTION,SIDESWIPE-SAME DIRECTION,STRAIGHT & LEVEL,DARK-HWY LIGHTED/ON,0,0,0,1
32482875,CAMPBELL,I 0471,Interstate,,I471 N,,,39.07143296,-84.46311118,2.123,11/17/2023 0:00,929,2,2,0,0,O,RAINING,WET,0,SIDESWIPE COLLISION - SAME DIRECTION,SIDESWIPE-SAME DIRECTION,STRAIGHT & LEVEL,DAYLIGHT,0,0,0,1
32480538,CAMPBELL,,OTHR,103,CROSSING,DR,,39.01811353,-84.48336976,0.059,11/17/2023 0:00,1852,2,2,0,0,O,RAINING,WET,0,1 VEHICLE ENTERING/LEAVING ENTRANCE,ANGLE,STRAIGHT & LEVEL,DARK-HWY LIGHTED/ON,0,0,0,1
32478750,CAMPBELL,,OTHR,,CROSSROADS,BLVD,,39.00498317,-84.42112519,0.214,11/17/2023 0:00,1503,2,2,0,0,O,RAINING,WET,0,OTHER ROADWAY OR MID-BLOCK COLLISION,REAR END,STRAIGHT & GRADE,DAYLIGHT,0,0,0,1
32482885,CAMPBELL,,OTHR,,DIXIE,PL,,39.09082071,-84.44912733,0.084,11/17/2023 0:00,1500,2,2,0,0,O,RAINING,WET,0,VEHICLE BACKING NON INTERSECTION,BACKING,CURVE & LEVEL,DAYLIGHT,0,0,0,1
32478687,CAMPBELL,,OTHR,322,EDEN,AVE,,39.10762708,-84.48414959,0.192,11/17/2023 0:00,1913,2,2,0,0,O,RAINING,WET,0,1 VEHICLE PARKED POSITION (NOT PARKING LOT/DRIVEWAY),BACKING,STRAIGHT & LEVEL,DARK-HWY LIGHTED/ON,0,0,0,1
32487837,CAMPBELL,KY1892,StateRoute,82,CAROTHERS,RD,,39.08635293,-84.47736156,2.159,11/17/2023 0:00,1715,2,2,0,0,O,CLOUDY,WET,0,REAR END IN TRAFFIC LANES BOTH VEHICLES MOVING,REAR END,CURVE & HILLCREST,DAYLIGHT,0,0,0,1