IncidentID,County,RdwyNumber,RdwyType,Street,RoadwayName,StreetSfx,StreetDir,Latitude,Longitude,Milepoint,CollisionDate,CollisionTime,UnitsInvolved,MotorVehiclesInvolved,NumberKilled,NumberInjured,KABCO,Weather,RdwyConditionCode,HitandRun,DirAnalysisCode,MannerofCollision,RdwyCharacter,LightCondition,Intersection Crash,Bicyclist,Pedestrian,Motor Vehicles
32475866,CAMPBELL,US0027,USRoute,2600,ALEXANDRIA,PIKE,,39.07147198,-84.4704167,20.063,11/17/2023 0:00,1505,2,2,0,0,O,RAINING,WET,0,REAR END IN TRAFFIC LANES BOTH VEHICLES MOVING,REAR END,STRAIGHT & GRADE,DAYLIGHT,0,0,0,1
32478751,CAMPBELL,,OTHR,,UHL,RD,,39.01962893,-84.41318758,0.044,11/17/2023 0:00,1510,1,1,0,0,O,RAINING,WET,0,OTHER COLLISIONS ON SHOULDER,SINGLE VEHICLE,CURVE & HILLCREST,DAYLIGHT,0,0,0,1
32478752,CAMPBELL,US0027,USRoute,4140,ALEXANDRIA,PIKE,,39.02033783,-84.43832792,15.249,11/17/2023 0:00,1742,2,2,0,0,O,CLOUDY,WET,0,REAR END IN TRAFFIC LANES BOTH VEHICLES MOVING,REAR END,STRAIGHT & LEVEL,DAYLIGHT,0,0,0,1
32485709,CAMPBELL,KY0010,StateRoute,,MAIN,ST,W,38.94764574,-84.40001762,0.449,11/17/2023 0:00,1507,1,1,0,0,O,RAINING,WET,0,COLLISION WITH FIXED OBJECT NON - INTERSECTION - FIRST EVENT COLLISION 09 - 32 EXCLUDING 16,SINGLE VEHICLE,CURVE & GRADE,DAYLIGHT,0,0,0,1
32482882,CAMPBELL,I 0471,Interstate,,I471 S,,,39.06604773,-84.46592481,1.731,11/17/2023 0:00,1749,1,1,0,0,O,RAINING,WATER (STANDING OR MOVING),0,COLLISION WITH FIXED OBJECT NON - INTERSECTION - FIRST EVENT COLLISION 09 - 32 EXCLUDING 16,SINGLE VEHICLE,STRAIGHT & LEVEL,DARK-HWY LIGHTED/ON,0,0,0,1
32473617,CAMPBELL,KY1120,StateRoute,,11TH,ST,W,39.082155,-84.49487874,0.303,11/17/2023 0:00,1110,2,2,0,0,O,RAINING,WET,0,ANGLE COLLISION - OTHER,ANGLE,STRAIGHT & LEVEL,DAYLIGHT,0,0,0,1
32487836,CAMPBELL,,OTHR,,CHESAPEAKE,AVE,,39.08862502,-84.47408682,0.122,11/17/2023 0:00,1450,2,2,0,0,O,RAINING,WET,0,OPPOSING LEFT TURN,OPPOSING LEFT TURN,STRAIGHT & HILLCREST,DAYLIGHT,0,0,0,1
32476554,CAMPBELL,KY0008,StateRoute,,DAVE COWENS,DR,,39.09873742,-84.49199153,1.13,11/18/2023 0:00,932,2,2,0,1,C,CLEAR,DRY,0,ANGLE COLLISION - OTHER,ANGLE,STRAIGHT & LEVEL,DAYLIGHT,0,0,0,1
32491181,CAMPBELL,,OTHR,,ISABELLA,ST,,39.08211899,-84.49309344,0.05,11/18/2023 0:00,234,1,1,0,0,O,CLEAR,DRY,1,COLLISION WITH FIXED OBJECT IN INTERSECTION - FIRST EVENT COLLISION 09 - 32,SINGLE VEHICLE,STRAIGHT & LEVEL,DARK-HWY LIGHTED/ON,1,0,0,1
32476552,CAMPBELL,,OTHR,642,OVERTON,ST,,39.09257036,-84.48873975,0.193,11/18/2023 0:00,100,2,2,0,0,O,CLEAR,DRY,1,1 VEHICLE PARKED POSITION (NOT PARKING LOT/DRIVEWAY),SIDESWIPE-SAME DIRECTION,STRAIGHT & LEVEL,DARK (UNKNOWN ROADWAY LIGHTING),0,0,0,1
32479332,CAMPBELL,,OTHR,936,SARATOGA,ST,,39.0877758,-84.48814717,0.112,11/18/2023 0:00,1630,2,2,0,0,O,CLOUDY,DRY,1,1 VEHICLE PARKED POSITION (NOT PARKING LOT/DRIVEWAY),SIDESWIPE-SAME DIRECTION,STRAIGHT & LEVEL,DAYLIGHT,0,0,0,1
32525959,CAMPBELL,,OTHR,124,4TH,AVE,,39.11058938,-84.48005658,0.095,11/18/2023 0:00,1030,2,2,0,0,O,CLEAR,DRY,0,1 VEHICLE PARKED POSITION (NOT PARKING LOT/DRIVEWAY),SIDESWIPE-OPPOSITE DIRECTION,STRAIGHT & LEVEL,DAYLIGHT,0,0,0,1
32485537,CAMPBELL,US0027,USRoute,100,3RD,ST,E,39.09350434,-84.49690923,22.248,11/18/2023 0:00,1853,2,2,0,0,O,CLEAR,DRY,0,SIDESWIPE COLLISION - SAME DIRECTION,SIDESWIPE-SAME DIRECTION,CURVE & LEVEL,DARK-HWY LIGHTED/ON,0,0,0,1
32477715,CAMPBELL,KY0008,StateRoute,,3RD,ST,E,39.0946952,-84.49509038,0.697,11/18/2023 0:00,2130,2,2,0,0,O,CLEAR,DRY,0,SIDESWIPE COLLISION - SAME DIRECTION,SIDESWIPE-SAME DIRECTION,STRAIGHT & LEVEL,DARK-HWY LIGHTED/ON,0,0,0,1
32476553,CAMPBELL,I 0471,Interstate,,,,,39.08540836,-84.47465342,0.218,11/18/2023 0:00,1111,2,2,0,0,O,CLEAR,DRY,0,OTHER RAMP RELATED COLLISIONS NOT LISTED ABOVE,REAR END,CURVE & LEVEL,DAYLIGHT,0,0,0,1
32983047,CAMPBELL,I 0275,Interstate,,,,,39.02560316,-84.48076664,0.015,11/18/2023 0:00,1210,2,2,0,0,O,CLEAR,DRY,0,OTHER RAMP RELATED COLLISIONS NOT LISTED ABOVE,REAR END,CURVE & LEVEL,DAYLIGHT,0,0,0,1
32479333,CAMPBELL,KY0008,StateRoute,100,4TH,ST,E,39.09255508,-84.49572826,0.575,11/19/2023 0:00,1022,2,2,0,0,O,CLEAR,DRY,1,1 VEHICLE ENTERING/LEAVING ENTRANCE,ANGLE,STRAIGHT & LEVEL,DAYLIGHT,0,0,0,1
32539569,CAMPBELL,,OTHR,,NEWPORT PAVILION,,,39.08701067,-84.47700639,0.554,11/19/2023 0:00,1740,2,2,0,0,O,RAINING,WET,0,1 VEHICLE ENTERING/LEAVING ENTRANCE,ANGLE,STRAIGHT & LEVEL,DAYLIGHT,0,0,0,1
32498521,CAMPBELL,US0027,USRoute,,ALEXANDRIA,PIKE,,39.00077342,-84.42043761,13.627,11/19/2023 0:00,1857,2,2,0,0,O,CLEAR,DRY,0,REAR END IN TRAFFIC LANES BOTH VEHICLES MOVING,REAR END,STRAIGHT & LEVEL,DARK-HWY LIGHTED/ON,0,0,0,1
32512063,CAMPBELL,,OTHR,,DEVONSHIRE DR,,,38.98146491,-84.40236869,,11/19/2023 0:00,1106,2,2,0,0,O,CLEAR,DRY,0,HEAD-ON COLLISION,HEAD ON,STRAIGHT & GRADE,DAYLIGHT,0,0,0,1
32485708,CAMPBELL,US0027,USRoute,,ALEXANDRIA,PIKE,,38.97004142,-84.39266419,10.912,11/19/2023 0:00,1437,1,1,0,1,C,CLEAR,DRY,0,COLLISION WITH ANIMAL NON INTERSECTION,SINGLE VEHICLE,STRAIGHT & LEVEL,DAYLIGHT,0,0,0,1
32486149,CAMPBELL,KY0008,StateRoute,,MARY INGLES,HWY,,39.03090836,-84.37203515,11.84,11/19/2023 0:00,1422,1,1,0,0,O,CLEAR,DRY,0,OTHER INTERSECTION COLLISIONS,SINGLE VEHICLE,STRAIGHT & LEVEL,DAYLIGHT,1,0,0,1
32483765,CAMPBELL,KY1120,StateRoute,,MEMORIAL,PKWY,,39.09251258,-84.47728676,1.556,11/19/2023 0:00,1434,2,2,0,0,O,CLEAR,DRY,1,OTHER INTERSECTION COLLISIONS,REAR END,STRAIGHT & LEVEL,DAYLIGHT,1,0,0,1
32512064,CAMPBELL,US0027,USRoute,,ALEXANDRIA,PIKE,,38.97361571,-84.39233244,11.155,11/19/2023 0:00,1801,2,2,0,1,C,CLEAR,DRY,0,OPPOSING LEFT TURN,OPPOSING LEFT TURN,STRAIGHT & LEVEL,DARK-HWY LIGHTED/ON,0,0,0,1
32578240,CAMPBELL,US0027,USRoute,,ALEXANDRIA,PIKE,,39.01978792,-84.43776939,15.19,11/20/2023 0:00,1614,2,2,0,0,O,RAINING,WET,0,OTHER INTERSECTION COLLISIONS,REAR END,STRAIGHT & LEVEL,DAYLIGHT,1,0,0,1
32498522,CAMPBELL,US0027,USRoute,,ALEXANDRIA,PIKE,,39.01988355,-84.43764163,15.198,11/20/2023 0:00,948,1,1,0,0,O,CLEAR,DRY,0,COLLISION WITH ANIMAL NON INTERSECTION,SINGLE VEHICLE,STRAIGHT & LEVEL,DAYLIGHT,0,0,0,1
32486997,CAMPBELL,I 0471,Interstate,,I471 S,,,39.0643475,-84.46716664,1.584,11/20/2023 0:00,1742,1,1,0,0,O,CLEAR,WET,0,COLLISION WITH ANIMAL NON INTERSECTION,SINGLE VEHICLE,STRAIGHT & LEVEL,DARK-HWY LIGHTED/ON,0,0,0,1
32487239,CAMPBELL,I 0471,Interstate,,I471 N,,,39.06729985,-84.46443533,1.823,11/20/2023 0:00,1740,1,1,0,0,O,RAINING,WET,0,COLLISION WITH ANIMAL NON INTERSECTION,SINGLE VEHICLE,STRAIGHT & GRADE,DARK-HWY LIGHTED/ON,0,0,0,1
32492037,CAMPBELL,KY1120,StateRoute,24,FT THOMAS,AVE,S,39.07787635,-84.44793147,4.289,11/20/2023 0:00,730,1,1,0,0,O,CLEAR,DRY,0,COLLISION WITH FIXED OBJECT NON - INTERSECTION - FIRST EVENT COLLISION 09 - 32 EXCLUDING 16,SINGLE VEHICLE,STRAIGHT & LEVEL,DAYLIGHT,0,0,0,1
32485918,CAMPBELL,KY0009,StateRoute,,AA,HWY,,39.01563959,-84.47767669,17.174,11/20/2023 0:00,1750,2,2,0,1,C,CLOUDY,WET,0,REAR END IN TRAFFIC LANES BOTH VEHICLES MOVING,REAR END,STRAIGHT & LEVEL,DARK-HWY NOT LIGHTED,0,0,0,1
32490558,CAMPBELL,US0027,USRoute,,ALEXANDRIA,PIKE,,38.98008515,-84.39413996,11.616,11/20/2023 0:00,1805,2,2,0,0,O,RAINING,WET,0,REAR END IN TRAFFIC LANES BOTH VEHICLES MOVING,REAR END,STRAIGHT & LEVEL,DARK-HWY LIGHTED/ON,0,0,0,1
32484836,CAMPBELL,US0027,USRoute,1600,MONMOUTH,ST,,39.08384922,-84.48379875,21.211,11/20/2023 0:00,1400,2,2,0,0,O,RAINING,WET,0,OTHER ROADWAY OR MID-BLOCK COLLISION,REAR TO REAR,STRAIGHT & LEVEL,DAYLIGHT,0,0,0,1
32486441,CAMPBELL,KY1892,StateRoute,75,CAROTHERS,RD,,39.08537228,-84.48030189,2.339,11/20/2023 0:00,1918,2,2,0,0,O,RAINING,WET,0,1 VEHICLE ENTERING/LEAVING ENTRANCE,ANGLE,CURVE & GRADE,DARK-HWY LIGHTED/ON,0,0,0,1
32491673,CAMPBELL,US0027,USRoute,,ALEXANDRIA,PIKE,,39.01813349,-84.43558971,15.022,11/21/2023 0:00,1758,2,2,0,0,O,RAINING,WET,0,OTHER ROADWAY OR MID-BLOCK COLLISION,REAR END,STRAIGHT & LEVEL,DARK-HWY LIGHTED/ON,0,0,0,1
32506898,CAMPBELL,US0027,USRoute,,ALEXANDRIA,PIKE,,39.03501025,-84.45388135,16.613,11/21/2023 0:00,1740,2,2,0,0,O,RAINING,WET,0,REAR END IN TRAFFIC LANES BOTH VEHICLES MOVING,REAR END,STRAIGHT & LEVEL,DARK-HWY LIGHTED/ON,0,0,0,1
32490613,CAMPBELL,I 0275,Interstate,,I275 E,,,39.02259668,-84.48888278,77.553,11/21/2023 0:00,744,2,2,0,0,O,RAINING,WET,0,REAR END IN TRAFFIC LANES BOTH VEHICLES MOVING,REAR END,STRAIGHT & GRADE,DARK-HWY LIGHTED/ON,0,0,0,1
32513104,CAMPBELL,,OTHR,,WALNUT,ST,,39.06821021,-84.47868956,0.11,11/21/2023 0:00,815,2,2,0,0,O,RAINING,WET,0,1 VEHICLE PARKED POSITION (NOT PARKING LOT/DRIVEWAY),SIDESWIPE-SAME DIRECTION,STRAIGHT & LEVEL,DAYLIGHT,0,0,0,1
32490637,CAMPBELL,,OTHR,,CALIFORNIA,XRD,,38.88349942,-84.31164384,0.349,11/21/2023 0:00,1913,1,1,0,0,O,CLOUDY,WET,0,COLLISION WITH FIXED OBJECT NON - INTERSECTION - FIRST EVENT COLLISION 09 - 32 EXCLUDING 16,SINGLE VEHICLE,CURVE & LEVEL,DARK-HWY NOT LIGHTED,0,0,0,1
32491274,CAMPBELL,,OTHR,,NEWPORT PAVILION,,,39.09267236,-84.48061085,0.004,11/21/2023 0:00,1645,2,2,0,0,O,CLOUDY,WET,0,OTHER INTERSECTION COLLISIONS,REAR END,CURVE & GRADE,DAYLIGHT,1,0,0,1
32490614,CAMPBELL,,OTHR,,GLORIA TERRELL,DR,,39.00956713,-84.46924521,0.898,11/21/2023 0:00,1048,2,2,0,0,O,RAINING,WET,0,REAR END - ONE VEHICLE TURNING RIGHT,REAR END,CURVE & LEVEL,DAYLIGHT,0,0,0,1
32512069,CAMPBELL,US0027,USRoute,,ALEXANDRIA,PIKE,,38.97357761,-84.39223732,11.16,11/22/2023 0:00,1936,2,2,0,2,B,CLEAR,DRY,0,OTHER INTERSECTION COLLISIONS,REAR END,STRAIGHT & LEVEL,DARK-HWY LIGHTED/ON,1,0,0,1
32497980,CAMPBELL,US0027,USRoute,,ALEXANDRIA,PIKE,,38.85202546,-84.38197392,2.364,11/22/2023 0:00,600,1,1,0,0,O,CLOUDY,DRY,0,COLLISION WITH ANIMAL NON INTERSECTION,SINGLE VEHICLE,STRAIGHT & LEVEL,DARK-HWY NOT LIGHTED,0,0,0,1
32494864,CAMPBELL,I 0471,Interstate,,I471 S,,,39.05386494,-84.46924339,0.5,11/22/2023 0:00,2028,1,1,0,0,O,CLEAR,DRY,0,COLLISION WITH ANIMAL NON INTERSECTION,SINGLE VEHICLE,STRAIGHT & LEVEL,DARK-HWY LIGHTED/ON,0,0,0,1
32502073,CAMPBELL,KY1892,StateRoute,82,CAROTHERS,RD,,39.08640021,-84.47762901,2.173,11/22/2023 0:00,1700,2,2,0,0,O,CLOUDY,DRY,0,REAR END IN TRAFFIC LANES BOTH VEHICLES MOVING,REAR END,CURVE & GRADE,DAYLIGHT,0,0,0,1
32518716,CAMPBELL,KY1120,StateRoute,130,FT THOMAS,AVE,N,39.08095843,-84.44910618,4.058,11/22/2023 0:00,1749,2,2,0,0,O,RAINING,WET,0,1 VEHICLE PARKED POSITION (NOT PARKING LOT/DRIVEWAY),SIDESWIPE-SAME DIRECTION,STRAIGHT & LEVEL,DARK-HWY LIGHTED/ON,0,0,0,1
32502010,CAMPBELL,KY0008,StateRoute,,6TH,AVE,,39.11154505,-84.47585665,2.403,11/22/2023 0:00,1940,2,2,0,0,O,CLEAR,DRY,0,1 VEHICLE PARKED POSITION (NOT PARKING LOT/DRIVEWAY),SIDESWIPE-SAME DIRECTION,STRAIGHT & LEVEL,DARK-HWY LIGHTED/ON,0,0,0,1
32504299,CAMPBELL,,OTHR,900,BOONE,ST,,39.0898425,-84.48591954,0.118,11/22/2023 0:00,1427,2,2,0,0,O,CLEAR,DRY,1,1 VEHICLE PARKED POSITION (NOT PARKING LOT/DRIVEWAY),SIDESWIPE-SAME DIRECTION,STRAIGHT & LEVEL,DAYLIGHT,0,0,0,1
32493900,CAMPBELL,KY1892,StateRoute,57,CAROTHERS,RD,,39.08560251,-84.4799926,2.316,11/22/2023 0:00,1435,2,2,0,0,O,CLEAR,DRY,0,OTHER ROADWAY OR MID-BLOCK COLLISION,REAR END,STRAIGHT & HILLCREST,DAYLIGHT,0,0,0,1
32528678,CAMPBELL,,OTHR,,ECHO,HLS,,38.93517912,-84.39648162,0.882,11/22/2023 0:00,1220,2,2,0,0,O,CLOUDY,DRY,0,SIDESWIPE COLLISION - OPPOSITE DIRECTION,SIDESWIPE-OPPOSITE DIRECTION,STRAIGHT & GRADE,DAYLIGHT,0,0,0,1
32498879,CAMPBELL,,OTHR,,PARK,AVE,,39.09798537,-84.49285538,0.351,11/23/2023 0:00,1630,2,2,0,0,O,CLEAR,DRY,0,OTHER ROADWAY OR MID-BLOCK COLLISION,REAR END,STRAIGHT & LEVEL,DAYLIGHT,0,0,0,1
32495609,CAMPBELL,US0027,USRoute,,YORK,ST,,39.09326096,-84.49715373,22.303,11/23/2023 0:00,43,2,2,0,0,O,CLOUDY,DRY,0,SIDESWIPE-SAME DIRECTION,SIDESWIPE-SAME DIRECTION,CURVE & GRADE,DARK-HWY LIGHTED/ON,0,0,0,1
32502015,CAMPBELL,,OTHR,545,LAFAYETTE,AVE,,39.09976322,-84.47982827,0.551,11/24/2023 0:00,851,2,2,0,0,O,CLOUDY,DRY,1,1 VEHICLE PARKED POSITION (NOT PARKING LOT/DRIVEWAY),BACKING,STRAIGHT & LEVEL,DAYLIGHT,0,0,0,1
32508104,CAMPBELL,,OTHR,,CRESCENT,AVE,N,39.0698141,-84.44788172,0.002,11/24/2023 0:00,1929,2,2,0,0,O,CLEAR,DRY,1,OTHER INTERSECTION COLLISIONS,REAR END,STRAIGHT & GRADE,DARK-HWY LIGHTED/ON,1,0,0,1
32543244,CAMPBELL,I 0471,Interstate,,I471 S,,,39.07733171,-84.46983005,2.696,11/24/2023 0:00,2130,2,1,0,2,B,CLEAR,DRY,0,SIDESWIPE COLLISION - SAME DIRECTION,SIDESWIPE-SAME DIRECTION,CURVE & GRADE,DARK-HWY LIGHTED/ON,0,0,0,1
32500427,CAMPBELL,KY0008,StateRoute,,4TH,ST,W,39.08966266,-84.50103589,0.248,11/24/2023 0:00,2144,2,2,0,0,O,CLEAR,DRY,0,SIDESWIPE COLLISION - SAME DIRECTION,SIDESWIPE-SAME DIRECTION,CURVE & LEVEL,DARK-HWY NOT LIGHTED,0,0,0,1
32500971,CAMPBELL,US0027,USRoute,,ALEXANDRIA,PIKE,,38.98316048,-84.39958365,11.981,11/24/2023 0:00,2030,2,2,0,0,O,CLEAR,DRY,0,1 VEHICLE ENTERING/LEAVING ENTRANCE,ANGLE,STRAIGHT & LEVEL,DARK-HWY LIGHTED/ON,0,0,0,1
32527768,CAMPBELL,I 0471,Interstate,,I471 S,,,39.07160155,-84.46343364,2.159,11/24/2023 0:00,1500,1,1,0,0,O,CLEAR,DRY,0,OTHER COLLISIONS ON SHOULDER,SINGLE VEHICLE,CURVE & LEVEL,DAYLIGHT,0,0,0,1
32500429,CAMPBELL,I 0471,Interstate,,,,,39.08544752,-84.47446624,0.207,11/24/2023 0:00,1630,2,2,0,0,O,CLEAR,DRY,1,OTHER RAMP RELATED COLLISIONS NOT LISTED ABOVE,REAR END,CURVE & GRADE,DAYLIGHT,0,0,0,1
32503228,CAMPBELL,US0027,USRoute,,MONMOUTH,ST,,39.07983492,-84.48112684,20.897,11/25/2023 0:00,2104,2,2,0,0,O,CLEAR,DRY,0,1 VEHICLE ENTERING/LEAVING ENTRANCE,ANGLE,STRAIGHT & LEVEL,DARK-HWY LIGHTED/ON,0,0,0,1
32508115,CAMPBELL,,OTHR,911,HIGHLAND,AVE,,39.07338419,-84.46580379,0.281,11/25/2023 0:00,1237,2,2,0,0,O,CLEAR,DRY,0,VEHICLE BACKING NON INTERSECTION,BACKING,STRAIGHT & LEVEL,DAYLIGHT,0,0,0,1
32504034,CAMPBELL,,OTHR,,SHAW GOETZ,RD,,38.85684831,-84.30316547,,11/25/2023 0:00,1041,2,2,0,0,O,CLEAR,DRY,0,SIDESWIPE COLLISION - OPPOSITE DIRECTION,SIDESWIPE-OPPOSITE DIRECTION,CURVE & HILLCREST,DAYLIGHT,0,0,0,1
32512320,CAMPBELL,,OTHR,,STEFFEN,LN,,39.01822046,-84.48009469,0.008,11/25/2023 0:00,1811,2,2,0,0,O,CLEAR,DRY,0,COLLISION WITH PARKED VEHICLE,SIDESWIPE-SAME DIRECTION,STRAIGHT & LEVEL,DARK-HWY LIGHTED/ON,0,0,0,1
32503660,CAMPBELL,KY0008,StateRoute,,DAVE COWENS,DR,,39.09873245,-84.4919843,1.129,11/25/2023 0:00,1831,2,2,0,0,O,CLEAR,DRY,0,OPPOSING LEFT TURN,OPPOSING LEFT TURN,STRAIGHT & LEVEL,DARK-HWY LIGHTED/ON,0,0,0,1
32504808,CAMPBELL,KY0009,StateRoute,700,CENTRAL,AVE,,39.08830809,-84.49681404,22.86,11/25/2023 0:00,1130,2,1,0,0,O,CLEAR,DRY,0,COLLISION WITH PEDESTRIAN NON - INTERSECTION,SINGLE VEHICLE,STRAIGHT & LEVEL,DAYLIGHT,0,0,1,0
32503725,CAMPBELL,KY0009,StateRoute,,AA,HWY,,38.97457095,-84.36160537,10.014,11/26/2023 0:00,49,1,1,0,1,B,CLOUDY,DRY,0,COLLISION WITH ANIMAL NON INTERSECTION,SINGLE VEHICLE,STRAIGHT & GRADE,DARK-HWY LIGHTED/ON,0,0,0,1
32516140,CAMPBELL,KY0009,StateRoute,,AA,HWY,,39.01822816,-84.48027116,17.386,11/26/2023 0:00,1415,2,2,0,0,O,RAINING,WET,0,ANGLE COLLISION - OTHER,ANGLE,STRAIGHT & LEVEL,DAYLIGHT,0,0,0,1
32505189,CAMPBELL,,OTHR,,3RD,ST,W,39.0923973,-84.49841317,0.092,11/26/2023 0:00,250,1,1,0,0,O,CLEAR,DRY,1,COLLISION WITH FIXED OBJECT IN INTERSECTION - FIRST EVENT COLLISION 09 - 32,SINGLE VEHICLE,STRAIGHT & LEVEL,DARK-HWY LIGHTED/ON,1,0,0,1
32504302,CAMPBELL,KY1120,StateRoute,211,10TH,ST,E,39.0878718,-84.487645,0.896,11/26/2023 0:00,739,2,2,0,0,O,CLEAR,DRY,0,1 VEHICLE PARKED POSITION (NOT PARKING LOT/DRIVEWAY),SIDESWIPE-SAME DIRECTION,STRAIGHT & LEVEL,DAWN,0,0,0,1
32538420,CAMPBELL,KY0824,StateRoute,,RACE TRACK,RD,,38.89230334,-84.3536361,2.284,11/26/2023 0:00,1305,1,1,0,1,B,RAINING,WET,0,OTHER COLLISIONS ON SHOULDER,SINGLE VEHICLE,CURVE & GRADE,DAYLIGHT,0,0,0,1
32505943,CAMPBELL,I 0471,Interstate,,I471 S,,,39.08380237,-84.47269975,3.169,11/26/2023 0:00,2254,2,2,0,0,O,CLEAR,WET,0,REAR END IN TRAFFIC LANES BOTH VEHICLES MOVING,REAR END,STRAIGHT & LEVEL,DARK-HWY LIGHTED/ON,0,0,0,1
32516643,CAMPBELL,US0027,USRoute,,ALEXANDRIA,PIKE,,38.98489147,-84.40133208,12.138,11/27/2023 0:00,649,2,2,0,0,O,CLEAR,DRY,0,REAR END IN TRAFFIC LANES BOTH VEHICLES MOVING,REAR END,STRAIGHT & GRADE,DARK-HWY LIGHTED/ON,0,0,0,1
32508120,CAMPBELL,KY1120,StateRoute,1011,FT THOMAS,AVE,S,39.06539897,-84.44617929,5.28,11/27/2023 0:00,609,1,1,0,0,O,CLEAR,DRY,0,COLLISION WITH FIXED OBJECT NON - INTERSECTION - FIRST EVENT COLLISION 09 - 32 EXCLUDING 16,SINGLE VEHICLE,CURVE & LEVEL,DARK-HWY LIGHTED/ON,0,0,0,1
32518727,CAMPBELL,I 0471,Interstate,,,,,39.08542841,-84.47458883,0.214,11/28/2023 0:00,1553,2,2,0,0,O,CLEAR,DRY,0,OTHER RAMP RELATED COLLISIONS NOT LISTED ABOVE,SIDESWIPE-SAME DIRECTION,CURVE & LEVEL,DAYLIGHT,0,0,0,1
32521828,CAMPBELL,,OTHR,1100,YORK,ST,,39.08454582,-84.48908145,0.039,11/29/2023 0:00,1530,2,2,0,0,O,CLEAR,DRY,1,1 VEHICLE PARKED POSITION (NOT PARKING LOT/DRIVEWAY),BACKING,STRAIGHT & LEVEL,DARK-HWY LIGHTED/ON,0,0,0,1
32526096,CAMPBELL,US0027,USRoute,,ALEXANDRIA,PIKE,,38.94039838,-84.3942937,8.851,11/29/2023 0:00,928,2,2,0,0,O,CLEAR,DRY,0,OTHER INTERSECTION COLLISIONS,REAR END,STRAIGHT & LEVEL,DAYLIGHT,1,0,0,1
32526439,CAMPBELL,US0027,USRoute,,ALEXANDRIA,PIKE,,39.0304155,-84.4514727,16.253,11/29/2023 0:00,705,2,2,0,0,O,CLEAR,DRY,0,ANGLE COLLISION - OTHER,ANGLE,STRAIGHT & LEVEL,DUSK,0,0,0,1
32521826,CAMPBELL,KY1120,StateRoute,,11TH,ST,W,39.08422726,-84.49094165,0.577,11/29/2023 0:00,1632,2,2,0,0,O,CLEAR,DRY,0,ANGLE COLLISION - ONE VEHICLE TURNING LEFT,ANGLE,STRAIGHT & LEVEL,DAYLIGHT,0,0,0,1
32539571,CAMPBELL,KY1892,StateRoute,25,CAROTHERS,RD,,39.08457859,-84.48215167,2.459,11/29/2023 0:00,1600,2,2,0,0,O,CLEAR,DRY,0,1 VEHICLE PARKED POSITION (NOT PARKING LOT/DRIVEWAY),BACKING,STRAIGHT & LEVEL,DAYLIGHT,0,0,0,1
32532284,CAMPBELL,,OTHR,817,OVERTON,ST,,39.09095182,-84.48725992,0.056,11/29/2023 0:00,800,2,2,0,0,O,CLOUDY,DRY,1,1 VEHICLE PARKED POSITION (NOT PARKING LOT/DRIVEWAY),SIDESWIPE-SAME DIRECTION,STRAIGHT & LEVEL,UNKNOWN,0,0,0,1
32523291,CAMPBELL,KY0009,StateRoute,,AA,HWY,,39.00450696,-84.44370544,15.127,11/29/2023 0:00,1549,2,2,0,3,B,CLEAR,DRY,0,1 VEHICLE ENTERING/LEAVING ENTRANCE,ANGLE,STRAIGHT & LEVEL,DAYLIGHT,0,0,0,1
32527137,CAMPBELL,I 0471,Interstate,,I471 N,,,39.0994734,-84.4923913,4.781,11/30/2023 0:00,1806,2,2,0,0,O,CLEAR,DRY,0,REAR END IN TRAFFIC LANES BOTH VEHICLES MOVING,REAR END,STRAIGHT & LEVEL,DARK-HWY LIGHTED/ON,0,0,0,1
32543702,CAMPBELL,,OTHR,412,OVERTON,ST,,39.09462308,-84.49061317,0.367,11/30/2023 0:00,1500,2,2,0,0,O,CLEAR,DRY,0,1 VEHICLE PARKED POSITION (NOT PARKING LOT/DRIVEWAY),SIDESWIPE-SAME DIRECTION,STRAIGHT & LEVEL,DAYLIGHT,0,0,0,1
32527770,CAMPBELL,KY1120,StateRoute,,FT THOMAS,AVE,S,39.06222119,-84.4484859,5.547,11/30/2023 0:00,1915,2,2,0,0,O,CLEAR,DRY,0,ANGLE COLLISION - OTHER,ANGLE,STRAIGHT & LEVEL,DARK-HWY NOT LIGHTED,0,0,0,1
32530503,CAMPBELL,US0027,USRoute,,ALEXANDRIA,PIKE,,38.95748695,-84.39301053,10.035,11/30/2023 0:00,1829,2,2,0,0,O,CLEAR,DRY,0,OTHER INTERSECTION COLLISIONS,REAR END,STRAIGHT & LEVEL,DARK-HWY LIGHTED/ON,1,0,0,1
32538383,CAMPBELL,KY0008,StateRoute,,FAIRFIELD,AVE,,39.10791455,-84.48136493,2.019,11/30/2023 0:00,1008,2,2,0,0,O,CLEAR,DRY,0,OTHER INTERSECTION COLLISIONS,REAR END,STRAIGHT & LEVEL,DAYLIGHT,1,0,0,1
32523299,CAMPBELL,KY0009,StateRoute,,AA,HWY,,38.99861579,-84.40751002,13.085,11/30/2023 0:00,616,1,1,0,0,O,CLEAR,DRY,0,COLLISION WITH ANIMAL NON INTERSECTION,SINGLE VEHICLE,STRAIGHT & HILLCREST,DARK-HWY NOT LIGHTED,0,0,0,1