IncidentID,County,RdwyNumber,RdwyType,Street,RoadwayName,StreetSfx,StreetDir,Latitude,Longitude,Milepoint,CollisionDate,CollisionTime,UnitsInvolved,MotorVehiclesInvolved,NumberKilled,NumberInjured,KABCO,Weather,RdwyConditionCode,HitandRun,DirAnalysisCode,MannerofCollision,RdwyCharacter,LightCondition,Intersection Crash,Bicyclist,Pedestrian,Motor Vehicles
32529082,CAMPBELL,,OTHR,,WIGEON,DR,,38.91832357,-84.40748615,0.003,11/30/2023 0:00,1115,2,2,0,0,O,CLEAR,DRY,0,1 VEHICLE PARKED POSITION (NOT PARKING LOT/DRIVEWAY),BACKING,STRAIGHT & LEVEL,DAYLIGHT,0,0,0,1
32528368,CAMPBELL,KY1120,StateRoute,,10TH,ST,E,39.08961718,-84.48457133,1.081,12/1/2023 0:00,839,2,2,0,0,O,RAINING,WET,0,SIDESWIPE-SAME DIRECTION,SIDESWIPE-SAME DIRECTION,STRAIGHT & HILLCREST,DAWN,0,0,0,1
32543701,CAMPBELL,KY0008,StateRoute,,WASHINGTON,AVE,,39.09671743,-84.49424566,0.906,12/1/2023 0:00,1338,2,2,0,0,O,CLOUDY,WET,0,SIDESWIPE-SAME DIRECTION,SIDESWIPE-SAME DIRECTION,CURVE & GRADE,DAYLIGHT,0,0,0,1
32544885,CAMPBELL,KY0008,StateRoute,,4TH,ST,W,39.09151049,-84.49761059,0.455,12/1/2023 0:00,1719,2,2,0,0,O,CLOUDY,DRY,1,ANGLE COLLISION - OTHER,ANGLE,STRAIGHT & GRADE,DUSK,0,0,0,1
32531310,CAMPBELL,KY1892,StateRoute,,GRAND,AVE,,39.08231839,-84.47027926,1.64,12/1/2023 0:00,1729,2,2,0,0,O,RAINING,WET,0,ANGLE COLLISION - OTHER,ANGLE,STRAIGHT & GRADE,DARK-HWY LIGHTED/ON,0,0,0,1
32541599,CAMPBELL,US0027,USRoute,,ALEXANDRIA,PIKE,,38.96453835,-84.39292886,10.527,12/1/2023 0:00,718,2,1,0,1,B,RAINING,WET,0,COLLISION WITH PEDESTRIAN IN INTERSECTION,SINGLE VEHICLE,STRAIGHT & LEVEL,DARK-HWY LIGHTED/ON,1,0,1,0
32578485,CAMPBELL,,OTHR,,9TH,AVE,,39.10917896,-84.4743765,0.06,12/1/2023 0:00,1400,2,2,0,0,O,OTHER,OTHER,1,1 VEHICLE PARKED POSITION (NOT PARKING LOT/DRIVEWAY),BACKING,STRAIGHT & LEVEL,DAYLIGHT,0,0,0,1
32529955,CAMPBELL,KY1892,StateRoute,82,CAROTHERS,RD,,39.08641149,-84.47773277,2.179,12/1/2023 0:00,1125,2,2,0,1,C,RAINING,WET,0,REAR END IN TRAFFIC LANES BOTH VEHICLES MOVING,REAR END,CURVE & LEVEL,DAYLIGHT,0,0,0,1
32531740,CAMPBELL,KY1632,StateRoute,,MOOCK,RD,,39.06597149,-84.46816573,1.46,12/1/2023 0:00,1752,1,1,0,0,O,RAINING,WET,0,OTHER ROADWAY OR MID-BLOCK COLLISION,SINGLE VEHICLE,STRAIGHT & GRADE,DARK-HWY NOT LIGHTED,0,0,0,1
32532509,CAMPBELL,,OTHR,,BEACON,DR,,39.016072,-84.47878781,0.007,12/1/2023 0:00,1334,2,2,0,0,O,CLOUDY,WET,0,1 VEHICLE ENTERING/LEAVING ENTRANCE,ANGLE,STRAIGHT & GRADE,DAYLIGHT,0,0,0,1
32538971,CAMPBELL,,OTHR,,HIDDEN VALLEY,DR,,39.03521968,-84.4538724,0.005,12/1/2023 0:00,856,2,2,0,0,O,RAINING,WET,0,1 VEHICLE ENTERING/LEAVING ENTRANCE,ANGLE,STRAIGHT & LEVEL,DAYLIGHT,0,0,0,1
32536163,CAMPBELL,KY0008,StateRoute,,DAVE COWENS,DR,,39.10126724,-84.48928564,1.392,12/1/2023 0:00,1815,2,2,0,0,O,RAINING,WET,0,OTHER ROADWAY OR MID-BLOCK COLLISION,REAR END,STRAIGHT & LEVEL,DARK-HWY LIGHTED/ON,0,0,0,1
32539070,CAMPBELL,US0027,USRoute,,ALEXANDRIA,PIKE,,39.02893051,-84.45042339,16.142,12/1/2023 0:00,917,2,2,0,0,O,RAINING,WET,0,OTHER ROADWAY OR MID-BLOCK COLLISION,REAR END,STRAIGHT & LEVEL,DAYLIGHT,0,0,0,1
32535863,CAMPBELL,I 0471,Interstate,,I471 N,,,39.10079705,-84.49504374,4.951,12/2/2023 0:00,1805,2,2,0,3,C,CLEAR,DRY,0,OTHER ROADWAY OR MID-BLOCK COLLISION,REAR END,STRAIGHT & LEVEL,DARK-HWY LIGHTED/ON,0,0,0,1
32545806,CAMPBELL,US0027,USRoute,,ALEXANDRIA,PIKE,,38.97237565,-84.39232326,11.078,12/2/2023 0:00,1823,2,2,0,0,O,CLEAR,DRY,0,1 VEHICLE ENTERING/LEAVING ENTRANCE,ANGLE,STRAIGHT & LEVEL,DARK-HWY NOT LIGHTED,0,0,0,1
32535864,CAMPBELL,I 0471,Interstate,,I471 N,,,39.09967964,-84.4928482,4.809,12/2/2023 0:00,1813,2,2,0,0,O,CLEAR,DRY,1,REAR END IN TRAFFIC LANES BOTH VEHICLES MOVING,REAR END,STRAIGHT & LEVEL,DARK-HWY LIGHTED/ON,0,0,0,1
32541589,CAMPBELL,KY0010,StateRoute,,MAIN,ST,W,38.95684733,-84.39480349,1.191,12/2/2023 0:00,1138,2,2,0,0,O,CLEAR,DRY,0,OPPOSING LEFT TURN,OPPOSING LEFT TURN,STRAIGHT & LEVEL,DAYLIGHT,0,0,0,1
32541600,CAMPBELL,,OTHR,,ARCADIA,BLVD,,38.9664316,-84.40185588,,12/2/2023 0:00,2125,2,2,0,0,O,CLEAR,DRY,0,SIDESWIPE-SAME DIRECTION,SIDESWIPE-SAME DIRECTION,STRAIGHT & HILLCREST,DARK-HWY NOT LIGHTED,0,0,0,1
32534413,CAMPBELL,I 0471,Interstate,,I471 SB,,,39.05448643,-84.46953863,0.832,12/2/2023 0:00,535,1,1,0,0,O,CLOUDY,DRY,0,RAN OFF ROADWAY (1 VEHICLE WITH/EARTH EMBANKMENT/DITCH),SINGLE VEHICLE,STRAIGHT & LEVEL,DARK-HWY NOT LIGHTED,0,0,0,1
32542902,CAMPBELL,US0027,USRoute,,ALEXANDRIA,PIKE,,39.06572558,-84.46466868,19.508,12/2/2023 0:00,830,1,1,0,0,O,CLOUDY,WET,0,COLLISION WITH FIXED OBJECT NON - INTERSECTION - FIRST EVENT COLLISION 09 - 32 EXCLUDING 16,SINGLE VEHICLE,STRAIGHT & LEVEL,DAYLIGHT,0,0,0,1
32542912,CAMPBELL,KY0445,StateRoute,45,GRANDVIEW,AVE,,39.06255849,-84.45072249,1.158,12/3/2023 0:00,2000,2,2,0,0,O,CLEAR,DRY,1,1 VEHICLE PARKED POSITION (NOT PARKING LOT/DRIVEWAY),SIDESWIPE-SAME DIRECTION,CURVE & GRADE,DARK-HWY NOT LIGHTED,0,0,0,1
32537075,CAMPBELL,KY1120,StateRoute,,MEMORIAL,PKWY,,39.09265521,-84.47526845,1.674,12/3/2023 0:00,1833,2,2,0,0,O,CLEAR,DRY,0,ANGLE COLLISION - ONE VEHICLE TURNING RIGHT,ANGLE,STRAIGHT & LEVEL,DARK-HWY LIGHTED/ON,0,0,0,1
32539074,CAMPBELL,US0027,USRoute,,ALEXANDRIA,PIKE,,39.0043,-84.42461278,13.95,12/3/2023 0:00,2027,2,2,0,1,B,CLEAR,DRY,0,OTHER ROADWAY OR MID-BLOCK COLLISION,OPPOSING LEFT TURN,STRAIGHT & HILLCREST,DARK-HWY LIGHTED/ON,0,0,0,1
32578555,CAMPBELL,,OTHR,,TAYLOR,AVE,,39.1027689,-84.48073999,0.386,12/4/2023 0:00,753,2,2,0,0,O,CLOUDY,DRY,0,REAR END IN TRAFFIC LANES BOTH VEHICLES MOVING,REAR END,STRAIGHT & LEVEL,DAYLIGHT,0,0,0,1
32543212,CAMPBELL,,OTHR,475,CROSSROADS,BLVD,,39.00261121,-84.4137515,0.685,12/4/2023 0:00,1531,2,2,0,0,O,CLEAR,DRY,0,OTHER ROADWAY OR MID-BLOCK COLLISION,REAR END,STRAIGHT & LEVEL,DAYLIGHT,0,0,0,1
32544114,CAMPBELL,I 0471,Interstate,,I471 N,,,39.05389623,-84.46880283,0.812,12/4/2023 0:00,1445,3,3,0,0,O,CLEAR,DRY,0,SIDESWIPE COLLISION - SAME DIRECTION,SIDESWIPE-SAME DIRECTION,CURVE & LEVEL,DAYLIGHT,0,0,0,1
32540342,CAMPBELL,KY1120,StateRoute,500,11TH,ST,W,39.07980748,-84.49929825,0.026,12/4/2023 0:00,1500,2,2,0,0,O,CLEAR,DRY,0,SIDESWIPE COLLISION - SAME DIRECTION,SIDESWIPE-SAME DIRECTION,STRAIGHT & LEVEL,DAYLIGHT,0,0,0,1
32543216,CAMPBELL,US0027,USRoute,,ALEXANDRIA,PIKE,,39.0066612,-84.42721576,14.15,12/4/2023 0:00,1751,3,3,0,0,O,CLEAR,DRY,0,SIDESWIPE COLLISION - SAME DIRECTION,SIDESWIPE-SAME DIRECTION,STRAIGHT & LEVEL,DARK-HWY LIGHTED/ON,0,0,0,1
32727298,CAMPBELL,US0027,USRoute,,ALEXANDRIA,PIKE,,38.92132978,-84.39068822,7.512,12/4/2023 0:00,1745,2,2,0,2,B,CLEAR,DRY,0,OTHER INTERSECTION COLLISIONS,REAR END,STRAIGHT & LEVEL,DARK-HWY LIGHTED/ON,1,0,0,1
32548849,CAMPBELL,KY0471,StateRoute,,KY471,,,39.03698644,-84.45413613,0.002,12/4/2023 0:00,1222,2,2,0,1,B,CLEAR,DRY,0,OTHER INTERSECTION COLLISIONS,REAR END,STRAIGHT & LEVEL,DAYLIGHT,1,0,0,1
32545802,CAMPBELL,,OTHR,,PETE NEISER,ST,,38.96176922,-84.38979836,0.161,12/4/2023 0:00,724,2,2,0,1,C,CLEAR,DRY,0,ANGLE COLLISION - ONE VEHICLE TURNING LEFT,ANGLE,STRAIGHT & LEVEL,DAYLIGHT,0,0,0,1
32542990,CAMPBELL,,OTHR,,FT THOMAS,AVE,N,39.10162147,-84.44990069,1.666,12/4/2023 0:00,715,1,1,0,0,O,CLOUDY,DRY,0,COLLISION WITH ANIMAL IN INTERSECTION,SINGLE VEHICLE,STRAIGHT & LEVEL,DARK-HWY LIGHTED/ON,1,0,0,1
32538975,CAMPBELL,I 0275,Interstate,,I275 E,,,39.03974671,-84.46997132,75.702,12/4/2023 0:00,423,1,1,0,0,O,CLEAR,DRY,0,COLLISION WITH FIXED OBJECT NON - INTERSECTION - FIRST EVENT COLLISION 09 - 32 EXCLUDING 16,SINGLE VEHICLE,STRAIGHT & LEVEL,DARK-HWY LIGHTED/ON,0,0,0,1
32537076,CAMPBELL,KY0008,StateRoute,,4TH,ST,W,39.08870674,-84.50188404,0.209,12/4/2023 0:00,18,1,1,0,0,O,CLEAR,DRY,0,COLLISION WITH FIXED OBJECT NON - INTERSECTION - FIRST EVENT COLLISION 09 - 32 EXCLUDING 16,SINGLE VEHICLE,CURVE & LEVEL,DARK-HWY LIGHTED/ON,0,0,0,1
32561788,CAMPBELL,US0027,USRoute,,ALEXANDRIA,PIKE,,39.07079817,-84.46980096,20.003,12/5/2023 0:00,1420,2,2,0,0,O,CLOUDY,DRY,0,ANGLE COLLISION - ONE VEHICLE TURNING RIGHT,ANGLE,STRAIGHT & HILLCREST,DAYLIGHT,0,0,0,1
32567848,CAMPBELL,KY0009,StateRoute,,LICKING,PIKE,,39.02229195,-84.48122926,17.706,12/5/2023 0:00,700,2,2,0,0,O,RAINING,WET,0,OTHER INTERSECTION COLLISIONS,REAR END,STRAIGHT & LEVEL,DARK-HWY LIGHTED/ON,1,0,0,1
32556884,CAMPBELL,KY0009,StateRoute,,AA,HWY,,38.98871862,-84.39525077,12.12,12/5/2023 0:00,1555,2,2,0,0,O,RAINING,WET,0,OTHER INTERSECTION COLLISIONS,REAR END,STRAIGHT & LEVEL,DAYLIGHT,1,0,0,1
32551834,CAMPBELL,US0027,USRoute,,ALEXANDRIA,PIKE,,38.95768988,-84.3930083,10.045,12/5/2023 0:00,1447,2,2,0,0,O,CLOUDY,DRY,0,OTHER INTERSECTION COLLISIONS,REAR END,STRAIGHT & LEVEL,DAYLIGHT,1,0,0,1
32561786,CAMPBELL,,OTHR,,10TH,ST,W,39.08392345,-84.49477704,0.254,12/5/2023 0:00,1225,2,2,0,0,O,CLOUDY,WET,0,VEHICLE BACKING IN INTERSECTION,BACKING,STRAIGHT & LEVEL,DAYLIGHT,1,0,0,1
32561789,CAMPBELL,US0027,USRoute,2509,ALEXANDRIA,PIKE,,39.07201495,-84.47090012,20.108,12/5/2023 0:00,1831,2,2,0,0,O,CLOUDY,WET,0,SIDESWIPE COLLISION - SAME DIRECTION,SIDESWIPE-SAME DIRECTION,STRAIGHT & HILLCREST,DARK-HWY LIGHTED/ON,0,0,0,1
32547484,CAMPBELL,KY0915,StateRoute,,CAMEL,XING,,38.91944975,-84.39563672,0.288,12/5/2023 0:00,804,2,2,0,0,O,RAINING,WET,0,1 VEHICLE ENTERING/LEAVING ENTRANCE,ANGLE,STRAIGHT & LEVEL,DAYLIGHT,0,0,0,1
32547487,CAMPBELL,,OTHR,1099,BOB HUBER,DR,,38.91222301,-84.38575344,,12/5/2023 0:00,617,2,2,0,1,B,RAINING,WET,0,1 VEHICLE ENTERING/LEAVING ENTRANCE,ANGLE,STRAIGHT & LEVEL,DARK (UNKNOWN ROADWAY LIGHTING),0,0,0,1
32548984,CAMPBELL,KY0709,StateRoute,,ALEXANDRIA,PIKE,E,38.98608329,-84.39767229,0.259,12/5/2023 0:00,1803,1,1,0,0,O,RAINING,WET,0,OTHER COLLISIONS ON SHOULDER,SINGLE VEHICLE,CURVE & GRADE,DARK-HWY NOT LIGHTED,0,0,0,1
32543708,CAMPBELL,I 0471,Interstate,,,,,39.08537321,-84.47464142,0.215,12/5/2023 0:00,1113,2,2,0,0,O,RAINING,WET,0,OTHER RAMP RELATED COLLISIONS NOT LISTED ABOVE,REAR END,STRAIGHT & HILLCREST,DAYLIGHT,0,0,0,1
32555278,CAMPBELL,I 0471,Interstate,,,,,39.0923189,-84.47586348,0.247,12/6/2023 0:00,1532,2,2,0,0,O,CLOUDY,DRY,0,OTHER RAMP RELATED COLLISIONS NOT LISTED ABOVE,REAR END,STRAIGHT & LEVEL,DAYLIGHT,0,0,0,1
32552208,CAMPBELL,I 0471,Interstate,,I471 S,,,39.0977743,-84.48657465,4.44,12/6/2023 0:00,1840,1,1,0,0,O,CLOUDY,DRY,0,OTHER ROADWAY OR MID-BLOCK COLLISION,SINGLE VEHICLE,STRAIGHT & LEVEL,DARK-HWY LIGHTED/ON,0,0,0,1
32559904,CAMPBELL,,OTHR,408,10TH,AVE,,39.10962421,-84.4721057,0.115,12/6/2023 0:00,1905,2,2,0,0,O,CLEAR,DRY,0,1 VEHICLE PARKED POSITION (NOT PARKING LOT/DRIVEWAY),BACKING,STRAIGHT & HILLCREST,DARK-HWY LIGHTED/ON,0,0,0,1
32556886,CAMPBELL,KY0709,StateRoute,,ALEXANDRIA,PIKE,E,38.98793733,-84.39591854,0.407,12/6/2023 0:00,1749,2,2,0,0,O,CLEAR,DRY,0,REAR END IN TRAFFIC LANES BOTH VEHICLES MOVING,REAR END,STRAIGHT & LEVEL,DARK-HWY NOT LIGHTED,0,0,0,1
32553488,CAMPBELL,US0027,USRoute,,ALEXANDRIA,PIKE,,39.02426306,-84.44303809,15.619,12/6/2023 0:00,1755,2,2,0,0,O,CLOUDY,DRY,0,1 VEHICLE ENTERING/LEAVING ENTRANCE,ANGLE,STRAIGHT & LEVEL,DARK-HWY LIGHTED/ON,0,0,0,1
32553094,CAMPBELL,I 0471,Interstate,,I471 N,,,39.07496473,-84.46687749,2.446,12/6/2023 0:00,1545,2,2,0,0,O,CLOUDY,DRY,0,SIDESWIPE COLLISION - SAME DIRECTION,SIDESWIPE-SAME DIRECTION,STRAIGHT & LEVEL,DAYLIGHT,0,0,0,1
32638613,CAMPBELL,,OTHR,,BONNIE LESLIE,AVE,,39.09496063,-84.47609568,0.3,12/6/2023 0:00,1702,2,2,0,0,O,CLEAR,DRY,0,1 VEHICLE PARKED POSITION (NOT PARKING LOT/DRIVEWAY),SIDESWIPE-SAME DIRECTION,STRAIGHT & GRADE,DARK-HWY NOT LIGHTED,0,0,0,1
32559333,CAMPBELL,,OTHR,,HIGHLAND COUNTRY CLUB,DR,,39.0625894,-84.4527368,,12/7/2023 0:00,1733,1,1,0,1,B,CLOUDY,DRY,0,COLLISION WITH FIXED OBJECT IN INTERSECTION - FIRST EVENT COLLISION 09 - 32,SINGLE VEHICLE,STRAIGHT & HILLCREST,DARK-HWY LIGHTED/ON,1,0,0,1
32557363,CAMPBELL,,OTHR,,BOONE SMITH,RD,,38.86069559,-84.41517882,0.624,12/7/2023 0:00,2210,1,1,0,0,O,CLEAR,DRY,0,COLLISION WITH ANIMAL NON INTERSECTION,SINGLE VEHICLE,STRAIGHT & GRADE,DARK-HWY NOT LIGHTED,0,0,0,1
32565712,CAMPBELL,KY0915,StateRoute,,LICKING,PIKE,,38.99202342,-84.44294727,7.68,12/7/2023 0:00,1445,1,1,0,0,O,CLEAR,DRY,0,RAN OFF ROADWAY (1 VEHICLE WITH/EARTH EMBANKMENT/DITCH),SINGLE VEHICLE,CURVE & GRADE,DAYLIGHT,0,0,0,1
32559767,CAMPBELL,US0027,USRoute,,3RD,ST,E,39.09356242,-84.49681429,22.242,12/7/2023 0:00,1548,2,2,0,0,O,CLEAR,DRY,1,1 VEHICLE ENTERING/LEAVING ENTRANCE,ANGLE,CURVE & LEVEL,DAYLIGHT,0,0,0,1
32602117,CAMPBELL,,OTHR,408,10TH,AVE,,39.10977094,-84.47182182,0.096,12/7/2023 0:00,2111,2,2,0,0,O,CLEAR,DRY,0,1 VEHICLE PARKED POSITION (NOT PARKING LOT/DRIVEWAY),SIDESWIPE-SAME DIRECTION,CURVE & HILLCREST,DARK-HWY LIGHTED/ON,0,0,0,1
32565709,CAMPBELL,I 0275,Interstate,,I275 E,,,39.05612503,-84.4326503,73.328,12/7/2023 0:00,1711,5,5,0,0,O,CLEAR,DRY,0,REAR END IN TRAFFIC LANES BOTH VEHICLES MOVING,REAR END,STRAIGHT & LEVEL,DARK-HWY LIGHTED/ON,0,0,0,1
32558249,CAMPBELL,,OTHR,900,SARATOGA,ST,,39.08886999,-84.48909932,0.203,12/7/2023 0:00,1231,2,2,0,0,O,CLOUDY,DRY,1,1 VEHICLE PARKED POSITION (NOT PARKING LOT/DRIVEWAY),SIDESWIPE-SAME DIRECTION,STRAIGHT & LEVEL,DAYLIGHT,0,0,0,1
32561790,CAMPBELL,,OTHR,239,EVERGREEN,AVE,,39.07305146,-84.47372042,0.067,12/7/2023 0:00,1318,3,3,0,0,O,CLEAR,DRY,0,1 VEHICLE PARKED POSITION (NOT PARKING LOT/DRIVEWAY),SIDESWIPE-SAME DIRECTION,STRAIGHT & LEVEL,DAYLIGHT,0,0,0,1
32559768,CAMPBELL,US0027,USRoute,1100,MONMOUTH,ST,,39.0859103,-84.48719247,21.442,12/7/2023 0:00,1709,3,3,0,0,O,CLEAR,DRY,0,OTHER ROADWAY OR MID-BLOCK COLLISION,REAR END,STRAIGHT & HILLCREST,DAYLIGHT,0,0,0,1
32558425,CAMPBELL,KY1892,StateRoute,35,CAROTHERS,RD,,39.08556377,-84.47995874,2.316,12/7/2023 0:00,1456,2,2,0,0,O,CLEAR,DRY,0,OTHER ROADWAY OR MID-BLOCK COLLISION,OPPOSING LEFT TURN,STRAIGHT & GRADE,DAYLIGHT,0,0,0,1
32558424,CAMPBELL,I 0471,Interstate,,,,,39.08543063,-84.47460464,0.165,12/7/2023 0:00,1530,2,2,0,0,O,CLEAR,DRY,0,OTHER RAMP RELATED COLLISIONS NOT LISTED ABOVE,REAR END,CURVE & LEVEL,DAYLIGHT,0,0,0,1
32568793,CAMPBELL,KY1998,StateRoute,,INDUSTRIAL,RD,,39.03010611,-84.44408593,2.081,12/8/2023 0:00,701,2,1,0,0,O,CLEAR,DRY,0,OTHER ROADWAY OR MID-BLOCK COLLISION,REAR END,CURVE & GRADE,DARK-HWY NOT LIGHTED,0,0,0,1
32559328,CAMPBELL,,OTHR,711,ISABELLA,ST,,39.08725188,-84.49774095,0.469,12/8/2023 0:00,1152,2,2,0,0,O,CLOUDY,DRY,1,1 VEHICLE PARKED POSITION (NOT PARKING LOT/DRIVEWAY),ANGLE,STRAIGHT & LEVEL,DAYLIGHT,0,0,0,1
32578488,CAMPBELL,KY0008,StateRoute,911,4TH,AVE,,39.11514466,-84.46674057,3.008,12/8/2023 0:00,2224,2,2,0,0,O,CLEAR,DRY,1,1 VEHICLE PARKED POSITION (NOT PARKING LOT/DRIVEWAY),SIDESWIPE-SAME DIRECTION,STRAIGHT & LEVEL,DARK-HWY NOT LIGHTED,0,0,0,1
32559788,CAMPBELL,KY1120,StateRoute,300,11TH,ST,W,39.08257517,-84.49399892,0.377,12/8/2023 0:00,1200,3,3,0,0,O,CLEAR,DRY,0,OTHER ROADWAY OR MID-BLOCK COLLISION,REAR END,STRAIGHT & LEVEL,DAYLIGHT,0,0,0,1
32572416,CAMPBELL,,OTHR,,PAT FANNING,WAY,,38.98293021,-84.39996813,,12/8/2023 0:00,1627,2,2,0,1,B,CLEAR,DRY,0,1 VEHICLE ENTERING/LEAVING ENTRANCE,ANGLE,STRAIGHT & LEVEL,DAYLIGHT,0,0,0,1
32568787,CAMPBELL,,OTHR,40,CLOVER RIDGE,AVE,,39.09619589,-84.4546098,0.426,12/8/2023 0:00,1842,2,1,0,2,B,CLEAR,DRY,0,SIDESWIPE COLLISION - OPPOSITE DIRECTION,SIDESWIPE-OPPOSITE DIRECTION,CURVE & GRADE,DARK-HWY NOT LIGHTED,0,0,0,1
32572566,CAMPBELL,US0027,USRoute,,ALEXANDRIA,PIKE,,38.82952709,-84.36530227,0.548,12/8/2023 0:00,1647,2,2,0,0,O,CLEAR,DRY,0,SIDESWIPE COLLISION - SAME DIRECTION,SIDESWIPE-SAME DIRECTION,STRAIGHT & GRADE,DAYLIGHT,0,0,0,1
32560803,CAMPBELL,KY0009,StateRoute,,AA,HWY,,38.88756387,-84.26602765,1.882,12/8/2023 0:00,2031,1,1,0,1,C,CLEAR,DRY,0,COLLISION WITH FIXED OBJECT NON - INTERSECTION - FIRST EVENT COLLISION 09 - 32 EXCLUDING 16,SINGLE VEHICLE,STRAIGHT & GRADE,DARK-HWY NOT LIGHTED,0,0,0,1
32564071,CAMPBELL,US0027,USRoute,,ALEXANDRIA,PIKE,,38.92169278,-84.39110094,7.542,12/8/2023 0:00,2000,1,1,0,0,O,CLEAR,DRY,0,COLLISION WITH ANIMAL NON INTERSECTION,SINGLE VEHICLE,STRAIGHT & GRADE,DARK-HWY NOT LIGHTED,0,0,0,1
32626402,CAMPBELL,,OTHR,,CHURCHILL,DR,,39.08043268,-84.46736689,0.283,12/8/2023 0:00,1802,2,2,0,0,O,CLEAR,DRY,0,OTHER INTERSECTION COLLISIONS,REAR END,STRAIGHT & LEVEL,DARK-HWY LIGHTED/ON,1,0,0,1
32574299,CAMPBELL,KY1892,StateRoute,,GRAND,AVE,N,39.07571303,-84.46252653,1.023,12/8/2023 0:00,1725,2,2,0,0,O,CLEAR,DRY,0,REAR END - ONE VEHICLE TURNING RIGHT,REAR END,STRAIGHT & GRADE,DARK-HWY LIGHTED/ON,0,0,0,1
32564068,CAMPBELL,,OTHR,,LOW GAP,RD,W,38.98466269,-84.41648903,0.059,12/9/2023 0:00,2315,1,1,0,0,O,CLOUDY,WET,0,OTHER COLLISIONS ON SHOULDER,SINGLE VEHICLE,STRAIGHT & GRADE,DARK-HWY NOT LIGHTED,0,0,0,1
32564072,CAMPBELL,KY0008,StateRoute,,MARY INGLES,HWY,,39.03746612,-84.39331332,10.603,12/9/2023 0:00,53,3,3,0,1,C,CLEAR,DRY,0,1 VEHICLE PARKED POSITION (NOT PARKING LOT/DRIVEWAY),REAR END,STRAIGHT & LEVEL,DARK-HWY LIGHTED/ON,0,0,0,1
32659308,CAMPBELL,US0027,USRoute,,ALEXANDRIA,PIKE,,39.0350027,-84.45380826,16.611,12/9/2023 0:00,1137,2,2,0,4,C,RAINING,WET,0,OTHER ROADWAY OR MID-BLOCK COLLISION,REAR END,STRAIGHT & LEVEL,DAYLIGHT,0,0,0,1
32569152,CAMPBELL,I 0471,Interstate,,,,,39.09866704,-84.49063858,0.315,12/9/2023 0:00,953,2,2,0,0,O,CLOUDY,WET,0,OTHER RAMP RELATED COLLISIONS NOT LISTED ABOVE,REAR END,CURVE & LEVEL,DAYLIGHT,0,0,0,1
32564898,CAMPBELL,I 0471,Interstate,,,,,39.08545659,-84.4743767,0.203,12/10/2023 0:00,1400,2,2,0,0,O,CLOUDY,DRY,0,OTHER RAMP RELATED COLLISIONS NOT LISTED ABOVE,REAR END,CURVE & GRADE,DAYLIGHT,0,0,0,1
32566604,CAMPBELL,I 0471,Interstate,,I471 N,,,39.09952594,-84.49246519,4.786,12/10/2023 0:00,1135,2,2,0,0,O,CLOUDY,DRY,0,OTHER ROADWAY OR MID-BLOCK COLLISION,REAR END,STRAIGHT & LEVEL,DAYLIGHT,0,0,0,1
32587074,CAMPBELL,,OTHR,,10TH,ST,W,39.08507294,-84.4926721,0.392,12/10/2023 0:00,941,2,2,0,0,O,CLOUDY,DRY,0,ANGLE COLLISION - OTHER,ANGLE,STRAIGHT & LEVEL,DAYLIGHT,0,0,0,1
32587183,CAMPBELL,,OTHR,,EIGHT MILE,RD,,39.0256878,-84.34783096,0.011,12/10/2023 0:00,1850,1,1,0,0,O,CLOUDY,DRY,0,OTHER INTERSECTION COLLISIONS,SINGLE VEHICLE,STRAIGHT & LEVEL,DARK-HWY NOT LIGHTED,1,0,0,1
32565711,CAMPBELL,,OTHR,9817,ECHO,HLS,,38.925073,-84.39654452,0.154,12/10/2023 0:00,1530,1,1,0,0,O,CLOUDY,DRY,1,COLLISION WITH FIXED OBJECT NON - INTERSECTION - FIRST EVENT COLLISION 09 - 32 EXCLUDING 16,SINGLE VEHICLE,STRAIGHT & LEVEL,DAYLIGHT,0,0,0,1
32571391,CAMPBELL,,OTHR,,RIVIERA,DR,,39.09832932,-84.48470006,0.322,12/10/2023 0:00,2219,2,2,0,0,O,CLEAR,DRY,0,REAR END IN TRAFFIC LANES BOTH VEHICLES MOVING,REAR END,STRAIGHT & LEVEL,DARK-HWY LIGHTED/ON,0,0,0,1
32572562,CAMPBELL,,OTHR,118,KNOLLWOOD,DR,,39.02577241,-84.46086257,0.112,12/10/2023 0:00,1756,2,2,0,0,O,CLEAR,DRY,0,HEAD-ON COLLISION,HEAD ON,CURVE & LEVEL,DARK-HWY NOT LIGHTED,0,0,0,1
32571963,CAMPBELL,I 0471,Interstate,,I471 S,,,39.09198023,-84.47697779,3.779,12/11/2023 0:00,1745,3,3,0,0,O,CLEAR,DRY,0,REAR END IN TRAFFIC LANES BOTH VEHICLES MOVING,REAR END,STRAIGHT & LEVEL,DARK-HWY LIGHTED/ON,0,0,0,1
32574308,CAMPBELL,,OTHR,,WATERWORKS,RD,,39.08942327,-84.44957813,0.097,12/11/2023 0:00,700,2,2,0,0,O,CLEAR,DRY,0,1 VEHICLE PARKED POSITION (NOT PARKING LOT/DRIVEWAY),SIDESWIPE-SAME DIRECTION,STRAIGHT & HILLCREST,DAYLIGHT,0,0,0,1