IncidentID,County,RdwyNumber,RdwyType,Street,RoadwayName,StreetSfx,StreetDir,Latitude,Longitude,Milepoint,CollisionDate,CollisionTime,UnitsInvolved,MotorVehiclesInvolved,NumberKilled,NumberInjured,KABCO,Weather,RdwyConditionCode,HitandRun,DirAnalysisCode,MannerofCollision,RdwyCharacter,LightCondition,Intersection Crash,Bicyclist,Pedestrian,Motor Vehicles
32572563,CAMPBELL,KY0547,StateRoute,,FOUR MILE,RD,,38.99436943,-84.36358774,3.035,12/11/2023 0:00,1940,2,2,0,0,O,CLEAR,DRY,0,1 VEHICLE ENTERING/LEAVING ENTRANCE,ANGLE,CURVE & LEVEL,DARK-HWY NOT LIGHTED,0,0,0,1
32571962,CAMPBELL,KY1892,StateRoute,57,CAROTHERS,RD,,39.08466998,-84.48159198,2.427,12/11/2023 0:00,1938,2,2,0,0,O,CLEAR,DRY,0,1 VEHICLE ENTERING/LEAVING ENTRANCE,ANGLE,STRAIGHT & LEVEL,DARK-HWY LIGHTED/ON,0,0,0,1
32576505,CAMPBELL,US0027,USRoute,,ALEXANDRIA,PIKE,,38.95761629,-84.39316019,10.045,12/11/2023 0:00,1806,2,2,0,0,O,CLEAR,DRY,1,OTHER INTERSECTION COLLISIONS,REAR END,STRAIGHT & HILLCREST,DARK-HWY LIGHTED/ON,1,0,0,1
32579174,CAMPBELL,,OTHR,,HIDDEN VALLEY,DR,,39.03523521,-84.45391072,0.004,12/11/2023 0:00,1430,2,2,0,0,O,CLEAR,DRY,0,OTHER INTERSECTION COLLISIONS,REAR END,STRAIGHT & LEVEL,DAYLIGHT,1,0,0,1
32579170,CAMPBELL,US0027,USRoute,,ALEXANDRIA,PIKE,,39.03138426,-84.45204578,16.333,12/11/2023 0:00,1219,2,2,0,0,O,CLEAR,DRY,0,OTHER INTERSECTION COLLISIONS,REAR END,STRAIGHT & LEVEL,DAYLIGHT,1,0,0,1
32570895,CAMPBELL,KY0009,StateRoute,,LICKING,PIKE,,39.05636662,-84.48674118,20.271,12/11/2023 0:00,746,2,2,0,0,O,CLEAR,DRY,0,ANGLE COLLISION - OTHER,ANGLE,STRAIGHT & LEVEL,DAWN,0,0,0,1
32570896,CAMPBELL,KY0471,StateRoute,,KY471,,,39.04159256,-84.4558994,0.315,12/11/2023 0:00,1452,2,2,0,0,O,CLEAR,DRY,1,ANGLE COLLISION - ONE VEHICLE TURNING RIGHT,ANGLE,STRAIGHT & LEVEL,DAYLIGHT,0,0,0,1
32572556,CAMPBELL,,OTHR,,6TH,ST,E,39.09609605,-84.48529514,0.132,12/11/2023 0:00,1840,2,1,0,0,O,CLEAR,DRY,0,COLLISION WITH PEDESTRIAN IN INTERSECTION,SINGLE VEHICLE,STRAIGHT & LEVEL,DARK-HWY LIGHTED/ON,1,0,1,0
32570591,CAMPBELL,I 0471,Interstate,,,,,39.08583464,-84.47421389,0.172,12/11/2023 0:00,1606,2,2,0,0,O,CLEAR,DRY,0,OTHER RAMP RELATED COLLISIONS NOT LISTED ABOVE,REAR END,CURVE & LEVEL,DAYLIGHT,0,0,0,1
32571964,CAMPBELL,I 0471,Interstate,,,,,39.08782352,-84.47482484,0.03,12/11/2023 0:00,1815,2,2,0,0,O,CLEAR,DRY,0,OTHER RAMP RELATED COLLISIONS NOT LISTED ABOVE,REAR END,STRAIGHT & LEVEL,DARK-HWY LIGHTED/ON,0,0,0,1
32587804,CAMPBELL,I 0471,Interstate,,,,,39.09270222,-84.47623249,0.028,12/12/2023 0:00,704,1,1,0,1,B,CLEAR,DRY,0,COLLISION WITH FIXED OBJECT NOT IN GORE ,SINGLE VEHICLE,CURVE & GRADE,DARK-HWY LIGHTED/ON,0,0,0,1
32587596,CAMPBELL,KY0009,StateRoute,,AA,HWY,,39.01815066,-84.48004389,17.391,12/12/2023 0:00,802,2,2,0,0,O,CLEAR,DRY,0,REAR END IN TRAFFIC LANES BOTH VEHICLES MOVING,REAR END,STRAIGHT & LEVEL,DAYLIGHT,0,0,0,1
32578711,CAMPBELL,,OTHR,,HIGHLAND,AVE,,39.07617185,-84.45432649,1.032,12/12/2023 0:00,730,2,2,0,0,O,CLEAR,DRY,0,REAR END IN TRAFFIC LANES BOTH VEHICLES MOVING,REAR END,STRAIGHT & LEVEL,DAYLIGHT,0,0,0,1
32579313,CAMPBELL,I 0471,Interstate,,I471 N,,,39.0740841,-84.46552603,2.351,12/12/2023 0:00,652,2,2,0,0,O,CLEAR,DRY,0,1 VEHICLE PARKED POSITION (NOT PARKING LOT/DRIVEWAY),SIDESWIPE-SAME DIRECTION,STRAIGHT & LEVEL,DARK-HWY LIGHTED/ON,0,0,0,1
32577684,CAMPBELL,,OTHR,137,HARVARD,AVE,,39.07174067,-84.47765147,0.103,12/12/2023 0:00,1207,2,2,0,0,O,CLEAR,DRY,0,1 VEHICLE PARKED POSITION (NOT PARKING LOT/DRIVEWAY),SIDESWIPE-OPPOSITE DIRECTION,STRAIGHT & GRADE,DAYLIGHT,0,0,0,1
32574431,CAMPBELL,I 0471,Interstate,,I471 N,,,39.07285558,-84.46393618,2.232,12/12/2023 0:00,550,2,2,0,0,O,CLEAR,DRY,0,REAR END IN TRAFFIC LANES BOTH VEHICLES MOVING,REAR END,CURVE & LEVEL,DARK-HWY LIGHTED/ON,0,0,0,1
32587667,CAMPBELL,I 0471,Interstate,,I471 N,,,39.07461712,-84.46636592,2.409,12/12/2023 0:00,642,2,1,0,0,O,CLEAR,DRY,0,REAR END IN TRAFFIC LANES BOTH VEHICLES MOVING,REAR END,CURVE & LEVEL,DARK-HWY LIGHTED/ON,0,0,0,1
32586154,CAMPBELL,US0027,USRoute,,ALEXANDRIA,PIKE,,38.95762458,-84.3929774,10.043,12/13/2023 0:00,1401,2,2,0,0,O,CLEAR,DRY,0,SIDESWIPE-SAME DIRECTION,SIDESWIPE-SAME DIRECTION,STRAIGHT & LEVEL,DAYLIGHT,0,0,0,1
32580339,CAMPBELL,I 0471,Interstate,4,I471 S,,,39.09519226,-84.48140085,4.106,12/13/2023 0:00,1340,2,2,0,0,O,CLEAR,DRY,0,SIDESWIPE COLLISION - SAME DIRECTION,SIDESWIPE-SAME DIRECTION,STRAIGHT & LEVEL,DAYLIGHT,0,0,0,1
32604778,CAMPBELL,KY0009,StateRoute,1220,LICKING,PIKE,,39.07894193,-84.49617183,21.979,12/13/2023 0:00,1441,2,2,0,0,O,CLOUDY,DRY,0,1 VEHICLE ENTERING/LEAVING ENTRANCE,ANGLE,STRAIGHT & GRADE,DAYLIGHT,0,0,0,1
32581836,CAMPBELL,I 0471,Interstate,,I471 S,,,39.08863153,-84.47503238,3.525,12/13/2023 0:00,1736,2,2,0,0,O,CLEAR,DRY,0,REAR END IN TRAFFIC LANES BOTH VEHICLES MOVING,REAR END,STRAIGHT & GRADE,DUSK,0,0,0,1
32605150,CAMPBELL,US0027,USRoute,10,11TH,ST,E,39.08589556,-84.4878793,21.49,12/13/2023 0:00,1700,2,2,0,0,O,CLEAR,DRY,0,REAR END IN TRAFFIC LANES BOTH VEHICLES MOVING,REAR END,STRAIGHT & LEVEL,DAYLIGHT,0,0,0,1
32587911,CAMPBELL,I 0471,Interstate,,,,,39.06790438,-84.46604749,0.388,12/13/2023 0:00,1411,2,2,0,0,O,CLEAR,DRY,0,OTHER RAMP RELATED COLLISIONS NOT LISTED ABOVE,REAR END,CURVE & LEVEL,DAYLIGHT,0,0,0,1
32581831,CAMPBELL,I 0471,Interstate,,,,,39.0856868,-84.47418005,0.182,12/13/2023 0:00,1721,2,2,0,0,O,CLEAR,DRY,0,OTHER RAMP RELATED COLLISIONS NOT LISTED ABOVE,REAR END,CURVE & GRADE,DUSK,0,0,0,1
32584849,CAMPBELL,KY0008,StateRoute,179,FAIRFIELD,AVE,,39.10449353,-84.48546895,1.697,12/14/2023 0:00,755,2,2,0,0,O,CLEAR,DRY,0,REAR END IN TRAFFIC LANES BOTH VEHICLES MOVING,REAR END,STRAIGHT & LEVEL,DAYLIGHT,0,0,0,1
32601420,CAMPBELL,,OTHR,7,SPILMAN,DR,,38.9550936,-84.39603316,0.067,12/14/2023 0:00,1232,2,2,0,0,O,CLEAR,DRY,0,1 VEHICLE ENTERING/LEAVING ENTRANCE,ANGLE,STRAIGHT & LEVEL,DAYLIGHT,0,0,0,1
32602120,CAMPBELL,,OTHR,900,6TH,AVE,,39.11368008,-84.46827403,0.08,12/14/2023 0:00,1500,2,2,0,0,O,CLOUDY,DRY,0,SIDESWIPE COLLISION - SAME DIRECTION,SIDESWIPE-SAME DIRECTION,STRAIGHT & LEVEL,DAYLIGHT,0,0,0,1
32584850,CAMPBELL,,OTHR,1130,WATERWORKS,RD,,39.0920406,-84.47363332,0.101,12/14/2023 0:00,1510,2,2,0,0,O,CLEAR,DRY,0,SIDESWIPE COLLISION - SAME DIRECTION,SIDESWIPE-SAME DIRECTION,STRAIGHT & LEVEL,DAYLIGHT,0,0,0,1
32601419,CAMPBELL,US0027,USRoute,,ALEXANDRIA,PIKE,,38.96604779,-84.39311335,10.635,12/14/2023 0:00,1418,2,2,0,0,O,CLEAR,DRY,0,SIDESWIPE COLLISION - SAME DIRECTION,SIDESWIPE-SAME DIRECTION,STRAIGHT & LEVEL,DAYLIGHT,0,0,0,1
32599031,CAMPBELL,US0027,USRoute,,ALEXANDRIA,PIKE,,39.02524112,-84.44543074,15.771,12/14/2023 0:00,935,3,3,0,1,B,CLEAR,DRY,0,SIDESWIPE-SAME DIRECTION,SIDESWIPE-SAME DIRECTION,STRAIGHT & LEVEL,DAYLIGHT,0,0,0,1
32584167,CAMPBELL,US0027,USRoute,,MONMOUTH,ST,,39.08720869,-84.48877658,21.568,12/14/2023 0:00,1250,2,2,0,0,O,CLEAR,DRY,0,SIDESWIPE-SAME DIRECTION,SIDESWIPE-SAME DIRECTION,STRAIGHT & LEVEL,DAYLIGHT,0,0,0,1
32612191,CAMPBELL,,OTHR,918,COLUMBIA,ST,,39.08648607,-84.49300565,0.293,12/15/2023 0:00,1645,2,2,0,0,O,CLEAR,DRY,0,1 VEHICLE PARKED POSITION (NOT PARKING LOT/DRIVEWAY),BACKING,STRAIGHT & LEVEL,DAYLIGHT,0,0,0,1
32599917,CAMPBELL,KY1892,StateRoute,,CAROTHERS,RD,,39.08486383,-84.48103766,2.393,12/15/2023 0:00,1156,3,3,0,0,O,CLEAR,DRY,0,ANGLE COLLISION - OTHER,ANGLE,STRAIGHT & LEVEL,DAYLIGHT,0,0,0,1
32616122,CAMPBELL,,OTHR,,NEWPORT PAVILION,,,39.08650402,-84.47728597,0.59,12/15/2023 0:00,1842,2,2,0,0,O,CLEAR,DRY,1,SIDESWIPE-SAME DIRECTION,SIDESWIPE-SAME DIRECTION,STRAIGHT & LEVEL,DARK-HWY LIGHTED/ON,0,0,0,1
32603135,CAMPBELL,KY0471,StateRoute,,KY471,,,39.03717422,-84.45403346,0.015,12/15/2023 0:00,1430,2,2,0,0,O,CLEAR,DRY,0,OTHER ROADWAY OR MID-BLOCK COLLISION,REAR END,STRAIGHT & LEVEL,DAYLIGHT,0,0,0,1
32599855,CAMPBELL,KY0008,StateRoute,,4TH,ST,W,39.090455,-84.49932305,0.344,12/15/2023 0:00,912,2,2,0,0,O,CLEAR,DRY,0,REAR END IN TRAFFIC LANES BOTH VEHICLES MOVING,REAR END,CURVE & LEVEL,DAYLIGHT,0,0,0,1
32601558,CAMPBELL,I 0471,Interstate,,I471 N,,,39.09501655,-84.48072482,4.063,12/15/2023 0:00,1900,3,3,0,0,O,CLEAR,DRY,0,REAR END IN TRAFFIC LANES BOTH VEHICLES MOVING,REAR END,STRAIGHT & LEVEL,DARK-HWY LIGHTED/ON,0,0,0,1
32608872,CAMPBELL,,OTHR,17,AVON,PL,,39.0717751,-84.45524757,0.033,12/16/2023 0:00,1001,2,2,0,0,O,CLEAR,DRY,0,1 VEHICLE PARKED POSITION (NOT PARKING LOT/DRIVEWAY),BACKING,STRAIGHT & LEVEL,DAYLIGHT,0,0,0,1
32612919,CAMPBELL,I 0275,Interstate,,I275 E,,,39.05527882,-84.43451332,73.444,12/16/2023 0:00,1845,3,3,0,3,A,CLEAR,DRY,0,REAR END IN TRAFFIC LANES BOTH VEHICLES MOVING,REAR END,STRAIGHT & LEVEL,DARK-HWY LIGHTED/ON,0,0,0,1
32608723,CAMPBELL,I 0275,Interstate,,I275 E,,,39.05443331,-84.43639866,73.561,12/16/2023 0:00,2113,4,4,0,3,B,RAINING,WET,0,REAR END IN TRAFFIC LANES BOTH VEHICLES MOVING,REAR END,STRAIGHT & LEVEL,DARK-HWY LIGHTED/ON,0,0,0,1
32609732,CAMPBELL,US0027,USRoute,2100,MONMOUTH,ST,,39.07814291,-84.47967889,20.755,12/16/2023 0:00,1705,2,2,0,0,O,CLEAR,DRY,0,SIDESWIPE COLLISION - SAME DIRECTION,SIDESWIPE-SAME DIRECTION,STRAIGHT & GRADE,DAYLIGHT,0,0,0,1
32608754,CAMPBELL,I 0275,Interstate,,I275 E,,,39.05204731,-84.44185089,73.897,12/16/2023 0:00,2145,2,2,0,0,O,RAINING,WET,0,SIDESWIPE COLLISION - SAME DIRECTION,SIDESWIPE-SAME DIRECTION,STRAIGHT & GRADE,DARK-HWY LIGHTED/ON,0,0,0,1
32606202,CAMPBELL,KY0008,StateRoute,600,DAVE COWENS,DR,,39.09986671,-84.49080469,1.265,12/16/2023 0:00,2138,2,2,0,0,O,CLOUDY,WET,0,1 VEHICLE ENTERING/LEAVING ENTRANCE,ANGLE,STRAIGHT & LEVEL,DARK-HWY LIGHTED/ON,0,0,0,1
32608721,CAMPBELL,US0027,USRoute,1410,ALEXANDRIA,PIKE,,39.0549028,-84.44939998,18.198,12/16/2023 0:00,1218,1,1,0,0,O,CLOUDY,DRY,0,COLLISION WITH FIXED OBJECT NON - INTERSECTION - FIRST EVENT COLLISION 09 - 32 EXCLUDING 16,SINGLE VEHICLE,CURVE & LEVEL,DAYLIGHT,0,0,0,1
32615255,CAMPBELL,KY0009,StateRoute,,LICKING,PIKE,,39.02498223,-84.48055288,17.92,12/17/2023 0:00,1010,2,2,0,2,A,CLEAR,DRY,0,ANGLE COLLISION - OTHER,ANGLE,STRAIGHT & LEVEL,DAYLIGHT,0,0,0,1
32608724,CAMPBELL,KY1120,StateRoute,,MEMORIAL,PKWY,,39.09165758,-84.45335455,3.075,12/17/2023 0:00,418,1,1,0,0,O,RAINING,WET,1,COLLISION WITH FIXED OBJECT NON - INTERSECTION - FIRST EVENT COLLISION 09 - 32 EXCLUDING 16,SINGLE VEHICLE,CURVE & LEVEL,DARK-HWY LIGHTED/ON,0,0,0,1
32611136,CAMPBELL,US0027,USRoute,,ALEXANDRIA,PIKE,,38.85969695,-84.38936517,3.025,12/17/2023 0:00,1714,1,1,0,1,B,CLEAR,DRY,0,COLLISION WITH ANIMAL NON INTERSECTION,SINGLE VEHICLE,STRAIGHT & LEVEL,DUSK,0,0,0,1
32605824,CAMPBELL,I 0275,Interstate,,I275 E,,,39.05673019,-84.43124291,73.241,12/17/2023 0:00,1911,2,2,0,0,O,CLOUDY,DRY,0,OTHER ROADWAY OR MID-BLOCK COLLISION,REAR END,STRAIGHT & LEVEL,DARK-HWY LIGHTED/ON,0,0,0,1
32606465,CAMPBELL,I 0275,Interstate,,I275 E,,,39.02585071,-84.47623998,76.781,12/17/2023 0:00,1854,2,2,0,0,O,CLOUDY,DRY,0,SIDESWIPE COLLISION - SAME DIRECTION,SIDESWIPE-SAME DIRECTION,STRAIGHT & GRADE,DARK-HWY LIGHTED/ON,0,0,0,1
32618404,CAMPBELL,,OTHR,24,STACY,LN,,39.10538259,-84.45742974,0.066,12/17/2023 0:00,1500,2,2,0,0,O,CLEAR,DRY,0,1 VEHICLE PARKED POSITION (NOT PARKING LOT/DRIVEWAY),BACKING,STRAIGHT & GRADE,DAYLIGHT,0,0,0,1
32615188,CAMPBELL,,OTHR,908,TAYLOR,AVE,,39.09716352,-84.47484299,0.885,12/17/2023 0:00,56,2,2,0,0,O,RAINING,WET,0,1 VEHICLE PARKED POSITION (NOT PARKING LOT/DRIVEWAY),SIDESWIPE-SAME DIRECTION,STRAIGHT & GRADE,DARK-HWY LIGHTED/ON,0,0,0,1
32615555,CAMPBELL,,OTHR,1021,6TH,AVE,,39.1134947,-84.46591124,0.221,12/17/2023 0:00,0,2,2,0,0,O,RAINING,WET,1,1 VEHICLE PARKED POSITION (NOT PARKING LOT/DRIVEWAY),SIDESWIPE-SAME DIRECTION,STRAIGHT & HILLCREST,UNKNOWN,0,0,0,1
32605149,CAMPBELL,I 0471,Interstate,I471,471,,N,39.08240558,-84.47051426,0.172,12/17/2023 0:00,1200,1,1,0,0,O,CLEAR,WET,0,OTHER RAMP RELATED COLLISIONS NOT LISTED ABOVE,SINGLE VEHICLE,CURVE & GRADE,DAYLIGHT,0,0,0,1
32616419,CAMPBELL,US0027,USRoute,,ALEXANDRIA,PIKE,,38.96644789,-84.39300572,10.66,12/18/2023 0:00,1438,2,2,0,0,O,CLOUDY,WET,0,SIDESWIPE COLLISION - SAME DIRECTION,SIDESWIPE-SAME DIRECTION,STRAIGHT & LEVEL,DAYLIGHT,0,0,0,1
32615189,CAMPBELL,KY1120,StateRoute,,MEMORIAL,PKWY,,39.095585,-84.47310446,1.887,12/18/2023 0:00,1813,2,2,0,0,O,CLOUDY,WET,0,SIDESWIPE COLLISION - SAME DIRECTION,SIDESWIPE-SAME DIRECTION,CURVE & GRADE,DARK-HWY LIGHTED/ON,0,0,0,1
32613278,CAMPBELL,US0027,USRoute,,ALEXANDRIA,PIKE,,39.00424638,-84.42477786,13.943,12/18/2023 0:00,1709,3,3,0,0,O,CLOUDY,DRY,0,OTHER ROADWAY OR MID-BLOCK COLLISION,REAR END,STRAIGHT & GRADE,DAYLIGHT,0,0,0,1
32685818,CAMPBELL,,OTHR,401,5TH,AVE,,39.11209312,-84.47610311,0.888,12/18/2023 0:00,910,1,1,0,0,O,CLEAR,DRY,1,COLLISION WITH FIXED OBJECT NON - INTERSECTION - FIRST EVENT COLLISION 09 - 32 EXCLUDING 16,SINGLE VEHICLE,STRAIGHT & LEVEL,DAYLIGHT,0,0,0,1
32628564,CAMPBELL,,OTHR,,PLEASANT RIDGE,RD,,38.91209814,-84.40647941,5.647,12/18/2023 0:00,711,1,1,0,0,O,CLOUDY,WET,0,COLLISION WITH FIXED OBJECT NON - INTERSECTION - FIRST EVENT COLLISION 09 - 32 EXCLUDING 16,SINGLE VEHICLE,CURVE & LEVEL,DARK-HWY NOT LIGHTED,0,0,0,1
32611723,CAMPBELL,US0027,USRoute,,ALEXANDRIA,PIKE,,38.89136605,-84.3860702,5.371,12/18/2023 0:00,2155,1,1,0,0,O,CLEAR,DRY,0,COLLISION WITH ANIMAL NON INTERSECTION,SINGLE VEHICLE,STRAIGHT & GRADE,DARK-HWY NOT LIGHTED,0,0,0,1
32611126,CAMPBELL,KY0009,StateRoute,,AA,HWY,,38.99812007,-84.40697893,13.04,12/18/2023 0:00,2055,1,1,0,0,O,CLEAR,DRY,0,COLLISION WITH NON-FIXED OBJECT ,SINGLE VEHICLE,STRAIGHT & GRADE,DARK-HWY NOT LIGHTED,0,0,0,1
32613389,CAMPBELL,KY0009,StateRoute,,AA,HWY,,38.98076533,-84.37445032,10.867,12/18/2023 0:00,1830,2,2,0,0,O,CLEAR,DRY,0,SIDESWIPE-SAME DIRECTION,SIDESWIPE-SAME DIRECTION,STRAIGHT & LEVEL,DARK-HWY LIGHTED/ON,0,0,0,1
32616420,CAMPBELL,US0027,USRoute,,ALEXANDRIA,PIKE,,38.94077742,-84.39436868,8.879,12/18/2023 0:00,1305,2,2,0,0,O,CLOUDY,WET,0,OTHER INTERSECTION COLLISIONS,REAR END,STRAIGHT & LEVEL,DAYLIGHT,1,0,0,1
32641308,CAMPBELL,,OTHR,,HIGHLAND,AVE,,39.07610309,-84.45456327,1.019,12/18/2023 0:00,1209,2,2,0,0,O,SNOWING,DRY,0,OTHER INTERSECTION COLLISIONS,REAR END,STRAIGHT & LEVEL,DAYLIGHT,1,0,0,1
32616123,CAMPBELL,KY1892,StateRoute,82,CAROTHERS,RD,,39.08616338,-84.47896568,2.247,12/19/2023 0:00,1844,2,2,0,0,O,CLEAR,DRY,0,OTHER ROADWAY OR MID-BLOCK COLLISION,REAR END,STRAIGHT & LEVEL,DARK-HWY LIGHTED/ON,0,0,0,1
32861243,CAMPBELL,,OTHR,7789,DEVONSHIRE,DR,,38.98262371,-84.40128239,,12/19/2023 0:00,1335,2,2,0,0,O,CLEAR,DRY,1,SIDESWIPE-SAME DIRECTION,SIDESWIPE-SAME DIRECTION,STRAIGHT & GRADE,DAYLIGHT,0,0,0,1
32620665,CAMPBELL,,OTHR,,BERRY,AVE,,39.09568847,-84.47653335,0.051,12/19/2023 0:00,1916,2,2,0,0,O,CLEAR,DRY,0,ANGLE COLLISION - OTHER,ANGLE,STRAIGHT & GRADE,DARK-HWY NOT LIGHTED,0,0,0,1
32618403,CAMPBELL,KY1120,StateRoute,,FT THOMAS,AVE,N,39.0813012,-84.44953942,4.021,12/19/2023 0:00,749,2,2,0,0,O,CLEAR,DRY,0,ANGLE COLLISION - OTHER,ANGLE,STRAIGHT & LEVEL,DAYLIGHT,0,0,0,1
32620670,CAMPBELL,US0027,USRoute,,ALEXANDRIA,PIKE,,38.92533121,-84.39254975,7.803,12/19/2023 0:00,1459,2,2,0,0,O,CLEAR,DRY,0,ANGLE COLLISION - OTHER,ANGLE,STRAIGHT & LEVEL,DAYLIGHT,0,0,0,1
32615570,CAMPBELL,KY0009,StateRoute,,LICKING,PIKE,,39.02530085,-84.48067634,17.947,12/19/2023 0:00,528,2,2,0,2,B,CLOUDY,DRY,0,ANGLE COLLISION - OTHER,ANGLE,STRAIGHT & LEVEL,DARK-HWY LIGHTED/ON,0,0,0,1
32615035,CAMPBELL,KY1120,StateRoute,,10TH,ST,E,39.08841451,-84.48668076,0.986,12/19/2023 0:00,1000,2,1,0,0,O,CLEAR,DRY,0,COLLISION WITH PEDESTRIAN IN INTERSECTION,SINGLE VEHICLE,STRAIGHT & LEVEL,DAYLIGHT,1,0,1,0
32618402,CAMPBELL,US0027,USRoute,,ALEXANDRIA,PIKE,,39.05519321,-84.44941014,18.219,12/19/2023 0:00,645,1,1,0,0,O,CLEAR,DRY,0,COLLISION WITH FIXED OBJECT IN INTERSECTION - FIRST EVENT COLLISION 09 - 32,SINGLE VEHICLE,STRAIGHT & LEVEL,DARK-HWY LIGHTED/ON,1,0,0,1
32616586,CAMPBELL,,OTHR,,SARATOGA,ST,,39.0898859,-84.48997797,0.287,12/19/2023 0:00,2225,2,2,0,0,O,CLEAR,DRY,0,1 VEHICLE PARKED POSITION (NOT PARKING LOT/DRIVEWAY),SIDESWIPE-SAME DIRECTION,STRAIGHT & LEVEL,DARK-HWY LIGHTED/ON,0,0,0,1
32619270,CAMPBELL,KY2345,StateRoute,,MARTHA L COLLINS,BLVD,,39.02859131,-84.45117237,0.039,12/19/2023 0:00,2049,1,1,0,0,O,CLEAR,DRY,0,COLLISION WITH FIXED OBJECT NON - INTERSECTION - FIRST EVENT COLLISION 09 - 32 EXCLUDING 16,SINGLE VEHICLE,STRAIGHT & LEVEL,DARK-HWY LIGHTED/ON,0,0,0,1
32636494,CAMPBELL,I 0275,Interstate,,I275 E,,,39.05586251,-84.43312328,,12/19/2023 0:00,1945,2,2,0,2,B,CLOUDY,DRY,0,REAR END IN TRAFFIC LANES BOTH VEHICLES MOVING,REAR END,STRAIGHT & LEVEL,DARK-HWY LIGHTED/ON,0,0,0,1
32618365,CAMPBELL,,OTHR,,ROSSFORD,AVE,,39.09939946,-84.46090486,0.229,12/19/2023 0:00,1900,2,2,0,0,O,CLEAR,DRY,0,1 VEHICLE PARKED POSITION (NOT PARKING LOT/DRIVEWAY),SIDESWIPE-OPPOSITE DIRECTION,CURVE & GRADE,DARK-HWY NOT LIGHTED,0,0,0,1
32616125,CAMPBELL,KY1892,StateRoute,30,CAROTHERS,RD,,39.08458482,-84.48185854,2.443,12/19/2023 0:00,1807,2,2,0,0,O,CLOUDY,DRY,0,SIDESWIPE COLLISION - SAME DIRECTION,SIDESWIPE-SAME DIRECTION,STRAIGHT & LEVEL,DARK-HWY LIGHTED/ON,0,0,0,1
32641267,CAMPBELL,I 0275,Interstate,73.6,I275 E,,,39.05411012,-84.43715054,73.607,12/19/2023 0:00,801,2,2,0,0,O,CLEAR,DRY,0,SIDESWIPE COLLISION - SAME DIRECTION,SIDESWIPE-SAME DIRECTION,STRAIGHT & LEVEL,DAYLIGHT,0,0,0,1
32628569,CAMPBELL,I 0275,Interstate,,I275 E,,,39.05732463,-84.42990236,73.158,12/19/2023 0:00,1740,3,3,0,0,O,CLOUDY,DRY,1,SIDESWIPE COLLISION - SAME DIRECTION,SIDESWIPE-SAME DIRECTION,STRAIGHT & LEVEL,DARK-HWY LIGHTED/ON,0,0,0,1
32620667,CAMPBELL,,OTHR,,GRANDVIEW,RD,,38.95828354,-84.34329049,1.374,12/19/2023 0:00,836,2,2,0,0,O,CLEAR,DRY,0,HEAD-ON COLLISION,HEAD ON,STRAIGHT & GRADE,DAYLIGHT,0,0,0,1
32625446,CAMPBELL,I 0275,Interstate,,I275 E,,,39.03671371,-84.47016736,75.912,12/20/2023 0:00,651,3,3,0,0,O,CLEAR,DRY,0,REAR END IN TRAFFIC LANES BOTH VEHICLES MOVING,REAR END,STRAIGHT & LEVEL,DAWN,0,0,0,1
32623177,CAMPBELL,US0027,USRoute,,ALEXANDRIA,PIKE,,39.02753235,-84.44927688,16.03,12/20/2023 0:00,1254,2,2,0,0,O,CLEAR,DRY,0,REAR END IN TRAFFIC LANES BOTH VEHICLES MOVING,REAR END,STRAIGHT & LEVEL,DAYLIGHT,0,0,0,1
32622990,CAMPBELL,KY1632,StateRoute,,MOOCK,RD,,39.06065731,-84.47506857,0.893,12/20/2023 0:00,1320,1,1,0,0,O,CLEAR,DRY,0,COLLISION WITH ANIMAL NON INTERSECTION,SINGLE VEHICLE,STRAIGHT & LEVEL,DAYLIGHT,0,0,0,1
32627519,CAMPBELL,,OTHR,160,NEWPORT PAVILION,,,39.0894041,-84.47588019,0.36,12/20/2023 0:00,1800,2,2,0,0,O,CLOUDY,DRY,1,1 VEHICLE PARKED POSITION (NOT PARKING LOT/DRIVEWAY),ANGLE,STRAIGHT & LEVEL,DARK-HWY LIGHTED/ON,0,0,0,1
32627093,CAMPBELL,KY0009,StateRoute,,AA,HWY,,39.02107212,-84.48135054,17.612,12/20/2023 0:00,2008,3,3,0,2,B,CLEAR,DRY,0,OPPOSING LEFT TURN,OPPOSING LEFT TURN,STRAIGHT & LEVEL,DARK-HWY LIGHTED/ON,0,0,0,1
32635763,CAMPBELL,,OTHR,305,WASHINGTON,ST,,38.9623404,-84.39026999,0.21,12/21/2023 0:00,1700,2,2,0,0,O,CLEAR,DRY,1,1 VEHICLE PARKED POSITION (NOT PARKING LOT/DRIVEWAY),SIDESWIPE-SAME DIRECTION,STRAIGHT & GRADE,DAYLIGHT,0,0,0,1
32628520,CAMPBELL,KY1892,StateRoute,,GRAND,AVE,N,39.08018803,-84.46726487,1.416,12/21/2023 0:00,1400,2,2,0,0,O,CLEAR,DRY,0,1 VEHICLE PARKED POSITION (NOT PARKING LOT/DRIVEWAY),BACKING,STRAIGHT & LEVEL,DAYLIGHT,0,0,0,1
32627033,CAMPBELL,KY1632,StateRoute,85,MOOCK,RD,,39.05999002,-84.4781412,0.721,12/21/2023 0:00,1804,1,1,0,0,O,CLEAR,DRY,0,COLLISION WITH FIXED OBJECT NON - INTERSECTION - FIRST EVENT COLLISION 09 - 32 EXCLUDING 16,SINGLE VEHICLE,CURVE & LEVEL,DARK-HWY LIGHTED/ON,0,0,0,1