IncidentID,County,RdwyNumber,RdwyType,Street,RoadwayName,StreetSfx,StreetDir,Latitude,Longitude,Milepoint,CollisionDate,CollisionTime,UnitsInvolved,MotorVehiclesInvolved,NumberKilled,NumberInjured,KABCO,Weather,RdwyConditionCode,HitandRun,DirAnalysisCode,MannerofCollision,RdwyCharacter,LightCondition,Intersection Crash,Bicyclist,Pedestrian,Motor Vehicles
32640331,CAMPBELL,KY0009,StateRoute,,AA,HWY,,39.00050575,-84.41001178,13.274,12/21/2023 0:00,1853,2,2,0,0,O,CLOUDY,DRY,0,1 VEHICLE ENTERING/LEAVING ENTRANCE,ANGLE,CURVE & GRADE,DARK-HWY LIGHTED/ON,0,0,0,1
32635764,CAMPBELL,,OTHR,,TRAPP,CT,,38.96681859,-84.39357911,0.022,12/21/2023 0:00,1153,2,2,0,0,O,CLEAR,DRY,0,1 VEHICLE ENTERING/LEAVING ENTRANCE,ANGLE,STRAIGHT & LEVEL,DAYLIGHT,0,0,0,1
32627766,CAMPBELL,,OTHR,900,ERVIN,TER,,39.10963403,-84.47325331,0.149,12/21/2023 0:00,1210,2,2,0,0,O,CLOUDY,DRY,0,SIDESWIPE COLLISION - OPPOSITE DIRECTION,SIDESWIPE-OPPOSITE DIRECTION,STRAIGHT & HILLCREST,DAYLIGHT,0,0,0,1
32626000,CAMPBELL,I 0275,Interstate,,I275 E,,,39.05698295,-84.43062752,73.204,12/21/2023 0:00,2130,3,3,0,1,B,CLEAR,DRY,0,REAR END IN TRAFFIC LANES BOTH VEHICLES MOVING,REAR END,STRAIGHT & LEVEL,DARK-HWY LIGHTED/ON,0,0,0,1
32631630,CAMPBELL,,OTHR,3038,NINE MILE,RD,,39.00550241,-84.35182807,1.748,12/21/2023 0:00,2157,1,1,0,0,O,CLEAR,DRY,1,OTHER COLLISIONS ON SHOULDER,SINGLE VEHICLE,CURVE & LEVEL,DARK-HWY LIGHTED/ON,0,0,0,1
32628561,CAMPBELL,I 0275,Interstate,,I275 W,,,39.04429158,-84.46736206,75.411,12/21/2023 0:00,1049,2,2,0,0,O,CLOUDY,DRY,0,OTHER COLLISIONS ON SHOULDER,SIDESWIPE-SAME DIRECTION,CURVE & LEVEL,DAYLIGHT,0,0,0,1
32624467,CAMPBELL,I 0471,Interstate,,I471 N,,,39.1012498,-84.49597267,5.01,12/21/2023 0:00,1132,5,5,0,1,B,CLOUDY,DRY,0,REAR END IN TRAFFIC LANES BOTH VEHICLES MOVING,REAR END,STRAIGHT & LEVEL,DAYLIGHT,0,0,0,1
32630475,CAMPBELL,KY1632,StateRoute,,MOOCK,RD,,39.05503396,-84.48700911,0.018,12/22/2023 0:00,1349,2,2,0,0,O,CLOUDY,DRY,0,1 VEHICLE ENTERING/LEAVING ENTRANCE,ANGLE,STRAIGHT & LEVEL,DAYLIGHT,0,0,0,1
32628521,CAMPBELL,US0027,USRoute,1300,MONMOUTH,ST,,39.08447317,-84.48493346,21.243,12/22/2023 0:00,1315,2,2,0,0,O,CLEAR,DRY,0,SIDESWIPE COLLISION - SAME DIRECTION,SIDESWIPE-SAME DIRECTION,STRAIGHT & GRADE,DAYLIGHT,0,0,0,1
32628519,CAMPBELL,I 0471,Interstate,,I471 S,,,39.08838233,-84.47492037,3.506,12/22/2023 0:00,1350,2,2,0,0,O,CLEAR,DRY,0,OTHER ROADWAY OR MID-BLOCK COLLISION,REAR END,STRAIGHT & LEVEL,DAYLIGHT,0,0,0,1
32640480,CAMPBELL,,OTHR,2895,ALEXANDRIA,PIKE,,39.03159513,-84.45149685,0.022,12/22/2023 0:00,1224,2,2,0,0,O,CLEAR,DRY,0,1 VEHICLE ENTERING/LEAVING ENTRANCE,ANGLE,STRAIGHT & LEVEL,DAYLIGHT,0,0,0,1
32638614,CAMPBELL,,OTHR,,TAYLOR,AVE,,39.10577302,-84.48388967,0.118,12/22/2023 0:00,1907,2,1,0,1,B,CLEAR,DRY,0,OTHER INTERSECTION COLLISIONS,SINGLE VEHICLE,STRAIGHT & LEVEL,DARK-HWY LIGHTED/ON,1,0,0,1
32641265,CAMPBELL,KY1120,StateRoute,,FT THOMAS,AVE,S,39.06231034,-84.44870076,5.558,12/22/2023 0:00,2137,2,2,0,0,O,CLEAR,DRY,0,ANGLE COLLISION - OTHER,ANGLE,STRAIGHT & HILLCREST,DARK-HWY NOT LIGHTED,0,0,0,1
32636932,CAMPBELL,I 0471,Interstate,,I471 N,,,39.09952046,-84.49257169,4.791,12/22/2023 0:00,1706,2,2,0,0,O,CLEAR,DRY,0,OTHER ROADWAY OR MID-BLOCK COLLISION,REAR END,STRAIGHT & LEVEL,DUSK,0,0,0,1
32630723,CAMPBELL,I 0275,Interstate,,I275 E,,,39.05596058,-84.43315761,73.357,12/22/2023 0:00,1832,2,2,0,2,B,CLEAR,DRY,0,OTHER ROADWAY OR MID-BLOCK COLLISION,REAR END,STRAIGHT & LEVEL,DARK-HWY LIGHTED/ON,0,0,0,1
32629783,CAMPBELL,I 0471,Interstate,,,,,39.08543059,-84.47458751,0.214,12/22/2023 0:00,2101,2,2,0,0,O,CLEAR,DRY,0,OTHER RAMP RELATED COLLISIONS NOT LISTED ABOVE,REAR END,CURVE & LEVEL,DARK-HWY LIGHTED/ON,0,0,0,1
32656009,CAMPBELL,US0027,USRoute,,ALEXANDRIA,PIKE,,38.98884057,-84.40632948,12.474,12/23/2023 0:00,832,1,1,0,0,O,CLEAR,DRY,0,OTHER ROADWAY OR MID-BLOCK COLLISION,SINGLE VEHICLE,STRAIGHT & HILLCREST,DAYLIGHT,0,0,0,1
32639091,CAMPBELL,US0027,USRoute,,TAYLOR SOUTHGATE,BRG,,39.09353462,-84.49717097,22.276,12/23/2023 0:00,33,2,2,0,0,O,CLEAR,DRY,0,1 VEHICLE ENTERING/LEAVING ENTRANCE,ANGLE,CURVE & LEVEL,DARK-HWY LIGHTED/ON,0,0,0,1
32651270,CAMPBELL,,OTHR,708,ERVIN,TER,,39.11086046,-84.47514817,0.287,12/23/2023 0:00,1340,2,2,0,0,O,RAINING,WET,1,1 VEHICLE PARKED POSITION (NOT PARKING LOT/DRIVEWAY),SIDESWIPE-SAME DIRECTION,STRAIGHT & LEVEL,UNKNOWN,0,0,0,1
32639095,CAMPBELL,KY1120,StateRoute,305,11TH,ST,W,39.0827194,-84.49370118,0.396,12/23/2023 0:00,508,4,4,0,0,O,CLEAR,WET,1,1 VEHICLE PARKED POSITION (NOT PARKING LOT/DRIVEWAY),ANGLE,STRAIGHT & LEVEL,DARK-HWY LIGHTED/ON,0,0,0,1
32648128,CAMPBELL,US0027,USRoute,,ALEXANDRIA,PIKE,,39.00191943,-84.4216712,13.719,12/23/2023 0:00,1332,2,2,0,0,O,CLOUDY,DRY,0,REAR END IN TRAFFIC LANES BOTH VEHICLES MOVING,REAR END,STRAIGHT & LEVEL,DAYLIGHT,0,0,0,1
32636505,CAMPBELL,KY0154,StateRoute,,PEACH GROVE,RD,,38.8514531,-84.37204061,0.664,12/24/2023 0:00,1300,1,1,0,0,O,CLOUDY,WET,0,RAN OFF ROADWAY (1 VEHICLE WITH/EARTH EMBANKMENT/DITCH),SINGLE VEHICLE,CURVE & HILLCREST,DAYLIGHT,0,0,0,1
32633641,CAMPBELL,,OTHR,,NEWPORT PAVILION,,,39.08636686,-84.47721913,0.599,12/24/2023 0:00,1252,3,3,0,0,O,CLOUDY,WET,0,OTHER INTERSECTION COLLISIONS,REAR END,STRAIGHT & HILLCREST,DAYLIGHT,1,0,0,1
32640485,CAMPBELL,US0027,USRoute,,ALEXANDRIA,PIKE,,39.03528389,-84.45415906,16.633,12/24/2023 0:00,1620,2,2,0,0,O,CLEAR,DRY,0,OTHER ROADWAY OR MID-BLOCK COLLISION,REAR END,STRAIGHT & LEVEL,DAYLIGHT,0,0,0,1
32635944,CAMPBELL,US0027,USRoute,,MONMOUTH,ST,,39.09298833,-84.49480291,22.082,12/25/2023 0:00,1929,2,1,0,1,C,RAINING,WET,0,COLLISION WITH PEDESTRIAN IN INTERSECTION,SINGLE VEHICLE,STRAIGHT & LEVEL,DARK-HWY LIGHTED/ON,1,0,1,0
32641268,CAMPBELL,,OTHR,,LOCKWOOD,PL,,39.07050553,-84.44685089,0.017,12/25/2023 0:00,2213,2,2,0,0,O,CLEAR,WET,0,VEHICLE BACKING IN INTERSECTION,BACKING,STRAIGHT & LEVEL,DARK-HWY NOT LIGHTED,1,0,0,1
32636397,CAMPBELL,I 0471,Interstate,,I471 N,,,39.059121,-84.46933968,1.173,12/25/2023 0:00,1953,1,1,0,0,O,RAINING,WET,0,COLLISION WITH NON-FIXED OBJECT ,SINGLE VEHICLE,CURVE & LEVEL,DARK-HWY LIGHTED/ON,0,0,0,1
32638320,CAMPBELL,I 0275,Interstate,,I275 W,,,39.04081915,-84.47010617,75.692,12/26/2023 0:00,1603,2,2,0,0,O,CLOUDY,DRY,0,SIDESWIPE COLLISION - SAME DIRECTION,SIDESWIPE-SAME DIRECTION,STRAIGHT & LEVEL,DAYLIGHT,0,0,0,1
32639096,CAMPBELL,US0027,USRoute,,MONMOUTH,ST,,39.08622267,-84.48755609,21.456,12/26/2023 0:00,1755,2,2,0,0,O,CLEAR,WET,0,OTHER INTERSECTION COLLISIONS,REAR END,STRAIGHT & HILLCREST,DARK-HWY LIGHTED/ON,1,0,0,1
32639047,CAMPBELL,KY0009,StateRoute,,AA,HWY,,39.01804292,-84.48018298,17.389,12/26/2023 0:00,1922,2,2,0,0,O,CLEAR,DRY,0,ANGLE COLLISION - OTHER,ANGLE,STRAIGHT & LEVEL,DARK-HWY NOT LIGHTED,0,0,0,1
32651171,CAMPBELL,,OTHR,,WALNUT,ST,,39.11159375,-84.48012733,0.528,12/26/2023 0:00,1741,1,1,0,0,O,CLOUDY,WET,0,COLLISION WITH FIXED OBJECT IN INTERSECTION - FIRST EVENT COLLISION 09 - 32,SINGLE VEHICLE,STRAIGHT & HILLCREST,DAYLIGHT,1,0,0,1
32641070,CAMPBELL,US0027,USRoute,,ALEXANDRIA,PIKE,,38.98948531,-84.40652471,12.557,12/27/2023 0:00,730,2,2,0,0,O,CLOUDY,DRY,0,SIDESWIPE-SAME DIRECTION,SIDESWIPE-SAME DIRECTION,STRAIGHT & GRADE,DAWN,0,0,0,1
32638876,CAMPBELL,US0027,USRoute,,ALEXANDRIA,PIKE,,38.91071779,-84.38578753,6.731,12/27/2023 0:00,35,1,1,0,0,O,CLEAR,DRY,0,COLLISION WITH ANIMAL NON INTERSECTION,SINGLE VEHICLE,STRAIGHT & GRADE,DARK-HWY NOT LIGHTED,0,0,0,1
32642417,CAMPBELL,KY0009,StateRoute,,AA,HWY,,39.02135198,-84.48144969,17.616,12/27/2023 0:00,1558,2,2,0,0,O,CLOUDY,DRY,0,OTHER ROADWAY OR MID-BLOCK COLLISION,REAR END,STRAIGHT & LEVEL,DAYLIGHT,0,0,0,1
32644239,CAMPBELL,US0027,USRoute,,ALEXANDRIA,PIKE,,39.07181687,-84.47060167,20.04,12/27/2023 0:00,1407,2,2,0,0,O,CLEAR,DRY,1,SIDESWIPE COLLISION - OPPOSITE DIRECTION,SIDESWIPE-OPPOSITE DIRECTION,STRAIGHT & GRADE,DAYLIGHT,0,0,0,1
32678668,CAMPBELL,,OTHR,353,ROSSFORD,AVE,,39.09806863,-84.45733696,0.481,12/27/2023 0:00,1450,2,2,0,0,O,CLEAR,DRY,0,REAR END IN TRAFFIC LANES BOTH VEHICLES MOVING,REAR END,STRAIGHT & GRADE,DAYLIGHT,0,0,0,1
32643348,CAMPBELL,US0027,USRoute,,MONMOUTH,ST,,39.08362841,-84.48294653,21.163,12/27/2023 0:00,1740,2,2,0,0,O,CLEAR,DRY,0,HEAD-ON COLLISION,HEAD ON,STRAIGHT & LEVEL,DARK-HWY LIGHTED/ON,0,0,0,1
32641092,CAMPBELL,I 0471,Interstate,,,,,39.08539325,-84.47461471,0.215,12/27/2023 0:00,1256,2,2,0,0,O,CLEAR,DRY,0,OTHER RAMP RELATED COLLISIONS NOT LISTED ABOVE,REAR END,CURVE & LEVEL,DAYLIGHT,0,0,0,1
32643431,CAMPBELL,I 0275,Interstate,,,,,39.0459136,-84.46323174,0.283,12/28/2023 0:00,110,1,1,0,0,O,CLEAR,DRY,0,COLLISION WITH FIXED OBJECT NOT IN GORE ,SINGLE VEHICLE,CURVE & GRADE,DARK-HWY LIGHTED/ON,0,0,0,1
32648131,CAMPBELL,US0027,USRoute,,ALEXANDRIA,PIKE,,39.00423407,-84.42476479,13.942,12/28/2023 0:00,1440,2,2,0,0,O,CLOUDY,DRY,0,OTHER ROADWAY OR MID-BLOCK COLLISION,REAR END,STRAIGHT & LEVEL,DAYLIGHT,0,0,0,1
32649500,CAMPBELL,,OTHR,,THELMA LEE,DR,,38.98883491,-84.39509581,0.002,12/28/2023 0:00,1754,2,2,0,0,O,CLEAR,DRY,0,SIDESWIPE-SAME DIRECTION,SIDESWIPE-SAME DIRECTION,STRAIGHT & LEVEL,DARK-HWY LIGHTED/ON,0,0,0,1
32674870,CAMPBELL,KY0009,StateRoute,,AA,HWY,,38.98868584,-84.39522952,12.128,12/28/2023 0:00,1632,3,3,0,1,C,CLOUDY,DRY,0,OPPOSING LEFT TURN,OPPOSING LEFT TURN,STRAIGHT & LEVEL,DAYLIGHT,0,0,0,1
32713635,CAMPBELL,,OTHR,,NEWPORT PAVILION,,,39.09266794,-84.48060019,,12/28/2023 0:00,1547,2,2,0,0,O,CLOUDY,DRY,0,REAR END - ONE VEHICLE TURNING RIGHT,REAR END,STRAIGHT & GRADE,DAYLIGHT,0,0,0,1
32678512,CAMPBELL,KY1892,StateRoute,,GRAND,AVE,N,39.08031535,-84.4673075,1.424,12/29/2023 0:00,1724,2,2,0,0,O,CLOUDY,DRY,0,OTHER INTERSECTION COLLISIONS,REAR END,STRAIGHT & GRADE,DAYLIGHT,1,0,0,1
32650395,CAMPBELL,KY0008,StateRoute,,DAVE COWENS,DR,,39.10083333,-84.48971936,1.345,12/29/2023 0:00,2047,2,2,0,0,O,CLOUDY,DRY,1,SIDESWIPE-SAME DIRECTION,SIDESWIPE-SAME DIRECTION,STRAIGHT & LEVEL,DARK-HWY LIGHTED/ON,0,0,0,1
32659807,CAMPBELL,US0027,USRoute,,ALEXANDRIA,PIKE,,38.86486562,-84.39293627,3.43,12/29/2023 0:00,1757,1,1,0,0,O,"SLEET, HAIL, FREEZING RAIN",WET,0,COLLISION WITH ANIMAL NON INTERSECTION,SINGLE VEHICLE,STRAIGHT & LEVEL,DARK-HWY LIGHTED/ON,0,0,0,1
32651175,CAMPBELL,KY1632,StateRoute,,MOOCK,RD,,39.06446319,-84.46975139,1.33,12/29/2023 0:00,1254,1,1,0,0,O,CLOUDY,WET,0,COLLISION WITH FIXED OBJECT NON - INTERSECTION - FIRST EVENT COLLISION 09 - 32 EXCLUDING 16,SINGLE VEHICLE,STRAIGHT & LEVEL,DAYLIGHT,0,0,0,1
32649113,CAMPBELL,I 0471,Interstate,,I471 N,,,39.09780871,-84.4861271,4.417,12/29/2023 0:00,1123,2,2,0,0,O,RAINING,WET,0,REAR END IN TRAFFIC LANES BOTH VEHICLES MOVING,REAR END,STRAIGHT & LEVEL,DAYLIGHT,0,0,0,1
32661198,CAMPBELL,,OTHR,211,WALNUT,ST,,39.06859606,-84.47725352,0.193,12/29/2023 0:00,1255,2,1,0,0,O,CLOUDY,DRY,1,1 VEHICLE PARKED POSITION (NOT PARKING LOT/DRIVEWAY),SIDESWIPE-SAME DIRECTION,CURVE & LEVEL,DARK (UNKNOWN ROADWAY LIGHTING),0,0,0,1
32674871,CAMPBELL,,OTHR,,GRANDVIEW,RD,,38.95730508,-84.370819,0.444,12/29/2023 0:00,1019,2,2,0,0,O,CLOUDY,DRY,0,1 VEHICLE ENTERING/LEAVING ENTRANCE,ANGLE,CURVE & LEVEL,DAYLIGHT,0,0,0,1
32650394,CAMPBELL,US0027,USRoute,,YORK,ST,,39.09128842,-84.49530147,22.139,12/29/2023 0:00,2316,2,2,0,0,O,CLEAR,DRY,1,1 VEHICLE ENTERING/LEAVING ENTRANCE,ANGLE,STRAIGHT & LEVEL,DARK-HWY LIGHTED/ON,0,0,0,1
32650393,CAMPBELL,I 0471,Interstate,,,,,39.08829864,-84.47483537,0.003,12/29/2023 0:00,1818,2,2,0,0,O,CLOUDY,DRY,0,OTHER RAMP RELATED COLLISIONS NOT LISTED ABOVE,REAR END,STRAIGHT & LEVEL,DARK-HWY LIGHTED/ON,0,0,0,1
32673856,CAMPBELL,I 0471,Interstate,,,,,39.10079935,-84.4897742,0.553,12/29/2023 0:00,1710,2,2,0,0,O,CLOUDY,DRY,1,OTHER RAMP RELATED COLLISIONS NOT LISTED ABOVE,SIDESWIPE-SAME DIRECTION,STRAIGHT & LEVEL,DAYLIGHT,0,0,0,1
32652524,CAMPBELL,KY0010,StateRoute,9042,MAIN,ST,E,38.9460023,-84.36536746,,12/30/2023 0:00,1010,1,1,0,0,O,CLOUDY,WET,0,OTHER COLLISIONS ON SHOULDER,SINGLE VEHICLE,STRAIGHT & GRADE,DAYLIGHT,0,0,0,1
32650764,CAMPBELL,,OTHR,410,LINDSEY,ST,,39.08340615,-84.49744088,0.117,12/30/2023 0:00,306,3,3,0,0,O,RAINING,WET,0,1 VEHICLE PARKED POSITION (NOT PARKING LOT/DRIVEWAY),SIDESWIPE-OPPOSITE DIRECTION,STRAIGHT & LEVEL,DARK-HWY LIGHTED/OFF,0,0,0,1
32650572,CAMPBELL,US0027,USRoute,,ALEXANDRIA,PIKE,,38.9042785,-84.3839853,6.272,12/30/2023 0:00,57,1,1,0,0,O,SNOWING,WET,0,COLLISION WITH ANIMAL NON INTERSECTION,SINGLE VEHICLE,STRAIGHT & LEVEL,DARK-HWY NOT LIGHTED,0,0,0,1
32659310,CAMPBELL,US0027,USRoute,,ALEXANDRIA,PIKE,,39.03695162,-84.45397827,16.734,12/30/2023 0:00,1126,2,2,0,0,O,CLOUDY,WET,0,OTHER INTERSECTION COLLISIONS,REAR END,STRAIGHT & LEVEL,DAYLIGHT,1,0,0,1
32674864,CAMPBELL,KY0009,StateRoute,,AA,HWY,,38.98867355,-84.39515835,12.121,12/30/2023 0:00,1537,3,3,0,0,O,CLOUDY,DRY,0,ANGLE COLLISION - OTHER,ANGLE,STRAIGHT & LEVEL,DAYLIGHT,0,0,0,1
32656335,CAMPBELL,US0027,USRoute,,YORK,ST,,39.0923277,-84.49627323,22.219,12/31/2023 0:00,225,2,2,0,0,O,CLEAR,DRY,1,ANGLE COLLISION - OTHER,ANGLE,STRAIGHT & LEVEL,DARK-HWY LIGHTED/ON,0,0,0,1
32653362,CAMPBELL,,OTHR,,3RD,ST,W,39.09239455,-84.49841539,0.092,12/31/2023 0:00,130,1,1,0,0,O,CLEAR,DRY,0,OTHER INTERSECTION COLLISIONS,SINGLE VEHICLE,CURVE & LEVEL,DARK-HWY LIGHTED/ON,1,0,0,1
32658852,CAMPBELL,US0027,USRoute,,MONMOUTH,ST,,39.08938157,-84.49148307,21.778,12/31/2023 0:00,538,2,2,0,0,O,CLEAR,DRY,0,OTHER INTERSECTION COLLISIONS,REAR END,STRAIGHT & LEVEL,DARK-HWY LIGHTED/ON,1,0,0,1
32685201,CAMPBELL,,OTHR,530,4TH,ST,E,39.09612549,-84.48941343,0.106,12/31/2023 0:00,200,2,2,0,0,O,CLEAR,DRY,1,1 VEHICLE PARKED POSITION (NOT PARKING LOT/DRIVEWAY),SIDESWIPE-SAME DIRECTION,STRAIGHT & LEVEL,DARK-HWY NOT LIGHTED,0,0,0,1
32685204,CAMPBELL,,OTHR,401,RIVERBOAT,ROW,,39.10043465,-84.49107142,0.173,12/31/2023 0:00,1700,2,2,0,0,O,CLEAR,DRY,1,1 VEHICLE PARKED POSITION (NOT PARKING LOT/DRIVEWAY),BACKING,STRAIGHT & LEVEL,DAYLIGHT,0,0,0,1
32692408,CAMPBELL,KY0009,StateRoute,,AA,HWY,,39.02112491,-84.4812122,17.618,12/31/2023 0:00,1546,2,2,0,0,O,CLOUDY,WET,0,REAR END IN TRAFFIC LANES BOTH VEHICLES MOVING,REAR END,STRAIGHT & LEVEL,DAYLIGHT,0,0,0,1
32656702,CAMPBELL,KY0008,StateRoute,,DAVE COWENS,DR,,39.10098661,-84.48955559,1.366,12/31/2023 0:00,2149,3,3,0,0,O,CLEAR,DRY,0,REAR END IN TRAFFIC LANES BOTH VEHICLES MOVING,REAR END,STRAIGHT & LEVEL,DARK-HWY LIGHTED/ON,0,0,0,1
32658854,CAMPBELL,,OTHR,,HAMLET,ST,,39.08821274,-84.48537821,0.256,1/1/2024 0:00,1957,2,2,0,0,O,CLOUDY,DRY,0,ANGLE COLLISION - OTHER,ANGLE,STRAIGHT & LEVEL,DARK-HWY LIGHTED/ON,0,0,0,1
32677372,CAMPBELL,US0027,USRoute,,ALEXANDRIA,PIKE,,39.03405668,-84.453546,16.536,1/2/2024 0:00,1151,2,2,0,0,O,CLEAR,DRY,0,1 VEHICLE ENTERING/LEAVING ENTRANCE,ANGLE,STRAIGHT & LEVEL,DAYLIGHT,0,0,0,1
32679330,CAMPBELL,KY1892,StateRoute,,GRAND,AVE,,39.08638643,-84.47718602,2.149,1/2/2024 0:00,1653,2,2,0,0,O,CLOUDY,DRY,0,OTHER INTERSECTION COLLISIONS,REAR END,CURVE & GRADE,DUSK,1,0,0,1
32676538,CAMPBELL,KY1120,StateRoute,,FT THOMAS,AVE,N,39.08020955,-84.44855859,4.117,1/2/2024 0:00,1750,2,2,0,0,O,CLOUDY,DRY,0,ANGLE COLLISION - OTHER,ANGLE,STRAIGHT & LEVEL,DUSK,0,0,0,1
32694163,CAMPBELL,US0027,USRoute,,ALEXANDRIA,PIKE,,38.98565379,-84.40297151,12.245,1/3/2024 0:00,1646,2,2,0,0,O,CLOUDY,DRY,0,ANGLE COLLISION - OTHER,ANGLE,STRAIGHT & GRADE,DUSK,0,0,0,1
32706004,CAMPBELL,US0027,USRoute,,MONMOUTH,ST,,39.08938692,-84.49149562,21.777,1/3/2024 0:00,1648,2,2,0,0,O,CLOUDY,DRY,1,ANGLE COLLISION - OTHER,ANGLE,STRAIGHT & GRADE,DAYLIGHT,0,0,0,1
32680507,CAMPBELL,KY0008,StateRoute,,DAVE COWENS,DR,,39.10164842,-84.48884715,1.43,1/3/2024 0:00,1539,2,2,0,0,O,CLEAR,DRY,0,OTHER INTERSECTION COLLISIONS,REAR END,STRAIGHT & LEVEL,DAYLIGHT,1,0,0,1
32684008,CAMPBELL,US0027,USRoute,,ALEXANDRIA,PIKE,,39.0008486,-84.42042972,13.623,1/3/2024 0:00,1403,2,2,0,0,O,CLEAR,DRY,0,OTHER INTERSECTION COLLISIONS,REAR END,STRAIGHT & LEVEL,DAYLIGHT,1,0,0,1
32688592,CAMPBELL,KY0009,StateRoute,,AA,HWY,,39.00828725,-84.46152502,16.122,1/3/2024 0:00,755,2,2,0,0,O,CLEAR,DRY,0,SIDESWIPE COLLISION - SAME DIRECTION,SIDESWIPE-SAME DIRECTION,STRAIGHT & GRADE,DAYLIGHT,0,0,0,1
32694162,CAMPBELL,US0027,USRoute,,ALEXANDRIA,PIKE,,38.95853082,-84.3929562,,1/3/2024 0:00,1434,2,2,0,0,O,CLEAR,DRY,0,REAR END IN TRAFFIC LANES BOTH VEHICLES MOVING,REAR END,STRAIGHT & GRADE,DAYLIGHT,0,0,0,1
32692410,CAMPBELL,KY0009,StateRoute,,AA,HWY,,39.02160189,-84.48113924,17.611,1/3/2024 0:00,744,2,2,0,0,O,CLOUDY,DRY,0,REAR END IN TRAFFIC LANES BOTH VEHICLES MOVING,REAR END,STRAIGHT & LEVEL,DAYLIGHT,0,0,0,1
32688256,CAMPBELL,KY1892,StateRoute,,CAROTHERS,RD,,39.08626434,-84.47871918,2.232,1/4/2024 0:00,1100,2,2,0,0,O,CLEAR,DRY,0,OTHER ROADWAY OR MID-BLOCK COLLISION,REAR END,STRAIGHT & LEVEL,DAYLIGHT,0,0,0,1
33203262,CAMPBELL,KY1120,StateRoute,1011,FORT THOMAS,AVE,S,39.06567884,-84.44609865,5.261,1/4/2024 0:00,1000,2,2,0,0,O,RAINING,WET,1,1 VEHICLE PARKED POSITION (NOT PARKING LOT/DRIVEWAY),BACKING,STRAIGHT & LEVEL,DARK (UNKNOWN ROADWAY LIGHTING),0,0,0,1
32688791,CAMPBELL,KY0010,StateRoute,,MAIN,ST,W,38.95764904,-84.39307353,1.302,1/4/2024 0:00,2109,2,2,0,0,O,CLEAR,DRY,0,OPPOSING LEFT TURN,OPPOSING LEFT TURN,STRAIGHT & LEVEL,DARK-HWY LIGHTED/ON,0,0,0,1
32686956,CAMPBELL,US0027,USRoute,,ALEXANDRIA,PIKE,,38.92123148,-84.39089105,7.509,1/4/2024 0:00,1453,2,2,0,2,B,CLEAR,DRY,0,ANGLE COLLISION - ONE VEHICLE TURNING LEFT,ANGLE,STRAIGHT & GRADE,DAYLIGHT,0,0,0,1
32708834,CAMPBELL,KY2345,StateRoute,,JOHNS HILL,RD,,39.02804617,-84.46715646,1.017,1/5/2024 0:00,1822,2,1,0,0,O,CLEAR,DRY,0,COLLISION WITH PEDESTRIAN IN INTERSECTION,SINGLE VEHICLE,STRAIGHT & LEVEL,DARK-HWY LIGHTED/OFF,1,0,1,0
32727306,CAMPBELL,KY0009,StateRoute,,AA,HWY,,38.96660223,-84.35050954,9.199,1/5/2024 0:00,848,1,1,0,0,O,CLEAR,DRY,0,NON-COLLISION OBJECT COLLISION,SINGLE VEHICLE,STRAIGHT & LEVEL,DAYLIGHT,0,0,0,1
32703308,CAMPBELL,,OTHR,,NEWPORT PAVILION,,,39.09262037,-84.48057774,0.003,1/5/2024 0:00,1438,2,2,0,0,O,CLOUDY,DRY,0,REAR END - ONE VEHICLE TURNING RIGHT,REAR END,CURVE & LEVEL,DAYLIGHT,0,0,0,1
32692412,CAMPBELL,KY0009,StateRoute,,AA,HWY,,39.01419395,-84.47623364,17.036,1/5/2024 0:00,1813,2,2,0,0,O,CLEAR,DRY,0,OTHER INTERSECTION COLLISIONS,REAR END,STRAIGHT & LEVEL,DARK-HWY NOT LIGHTED,1,0,0,1
32702421,CAMPBELL,KY0009,StateRoute,,AA,HWY,,38.98881365,-84.39506343,12.13,1/5/2024 0:00,701,2,2,0,0,O,CLEAR,DRY,0,OTHER INTERSECTION COLLISIONS,REAR END,STRAIGHT & GRADE,DAWN,1,0,0,1
32691936,CAMPBELL,KY0009,StateRoute,,AA,HWY,,38.86914733,-84.26115855,0.511,1/5/2024 0:00,2236,1,1,0,0,O,CLOUDY,DRY,0,COLLISION WITH ANIMAL NON INTERSECTION,SINGLE VEHICLE,STRAIGHT & GRADE,DARK-HWY LIGHTED/ON,0,0,0,1
32703932,CAMPBELL,KY1120,StateRoute,,FT THOMAS,AVE,N,39.08092353,-84.44927885,4.054,1/5/2024 0:00,1455,2,2,0,0,O,CLOUDY,DRY,0,1 VEHICLE PARKED POSITION (NOT PARKING LOT/DRIVEWAY),SIDESWIPE-SAME DIRECTION,STRAIGHT & LEVEL,DAYLIGHT,0,0,0,1
34237433,CAMPBELL,,OTHR,24,13TH,ST,W,39.08295371,-84.48803013,0.127,1/5/2024 0:00,1447,2,2,0,0,O,SNOWING,SNOW/SLUSH,0,1 VEHICLE PARKED POSITION (NOT PARKING LOT/DRIVEWAY),SIDESWIPE-SAME DIRECTION,STRAIGHT & GRADE,DAYLIGHT,0,0,0,1