IncidentID,County,RdwyNumber,RdwyType,Street,RoadwayName,StreetSfx,StreetDir,Latitude,Longitude,Milepoint,CollisionDate,CollisionTime,UnitsInvolved,MotorVehiclesInvolved,NumberKilled,NumberInjured,KABCO,Weather,RdwyConditionCode,HitandRun,DirAnalysisCode,MannerofCollision,RdwyCharacter,LightCondition,Intersection Crash,Bicyclist,Pedestrian,Motor Vehicles
32739204,CAMPBELL,,OTHR,500,9TH,ST,E,39.09127799,-84.48487329,0.284,1/5/2024 0:00,1200,2,2,0,0,O,CLEAR,DRY,1,1 VEHICLE ENTERING/LEAVING ENTRANCE,ANGLE,STRAIGHT & LEVEL,DAYLIGHT,0,0,0,1
32689055,CAMPBELL,US0027,USRoute,1900,MONMOUTH,ST,,39.07961103,-84.48100249,20.881,1/5/2024 0:00,759,2,2,0,0,O,CLEAR,DRY,0,1 VEHICLE ENTERING/LEAVING ENTRANCE,ANGLE,STRAIGHT & LEVEL,DAYLIGHT,0,0,0,1
32690781,CAMPBELL,US0027,USRoute,1200,MONMOUTH,ST,,39.08499216,-84.48603823,21.354,1/5/2024 0:00,1815,2,2,0,0,O,CLEAR,DRY,0,OTHER ROADWAY OR MID-BLOCK COLLISION,REAR END,STRAIGHT & GRADE,DARK-HWY LIGHTED/ON,0,0,0,1
32690782,CAMPBELL,,OTHR,,NEWPORT PAVILION,,,39.08712549,-84.47708301,0.548,1/5/2024 0:00,1750,2,2,0,0,O,CLEAR,DRY,0,OTHER ROADWAY OR MID-BLOCK COLLISION,OPPOSING LEFT TURN,STRAIGHT & LEVEL,DARK-HWY LIGHTED/ON,0,0,0,1
32693903,CAMPBELL,I 0471,Interstate,,I471 S EXIT 4 OFF RAMP TO KY1120,,,39.09278143,-84.47854352,0.045,1/6/2024 0:00,2031,2,2,0,0,O,CLOUDY,WET,0,OTHER RAMP RELATED COLLISIONS NOT LISTED ABOVE,REAR END,STRAIGHT & HILLCREST,DARK-HWY LIGHTED/ON,0,0,0,1
32693906,CAMPBELL,US0027,USRoute,,11TH,ST,E,39.08608534,-84.48756673,21.469,1/6/2024 0:00,1748,2,2,0,0,O,RAINING,WET,0,OTHER ROADWAY OR MID-BLOCK COLLISION,REAR END,STRAIGHT & LEVEL,DARK-HWY LIGHTED/ON,0,0,0,1
32718881,CAMPBELL,KY0010,StateRoute,,MAIN,ST,W,38.94803124,-84.39997083,0.469,1/6/2024 0:00,1320,1,1,0,0,O,CLOUDY,WET,0,OTHER ROADWAY OR MID-BLOCK COLLISION,SINGLE VEHICLE,CURVE & GRADE,DAYLIGHT,0,0,0,1
32691890,CAMPBELL,I 0275,Interstate,,,,,39.04563224,-84.46352103,0.262,1/6/2024 0:00,35,1,1,0,1,A,CLEAR,DRY,0,COLLISION WITH FIXED OBJECT NOT IN GORE ,SINGLE VEHICLE,CURVE & GRADE,DARK-HWY LIGHTED/ON,0,0,0,1
32692459,CAMPBELL,,OTHR,616,9TH,ST,E,39.0913388,-84.48476034,0.281,1/6/2024 0:00,654,1,1,0,0,O,RAINING,WET,0,COLLISION WITH FIXED OBJECT NON - INTERSECTION - FIRST EVENT COLLISION 09 - 32 EXCLUDING 16,SINGLE VEHICLE,STRAIGHT & LEVEL,DARK-HWY NOT LIGHTED,0,0,0,1
32692738,CAMPBELL,US0027,USRoute,,MONMOUTH,ST,,39.08832244,-84.49016511,21.673,1/6/2024 0:00,1255,2,2,0,0,O,CLOUDY,WET,0,ANGLE COLLISION - OTHER,ANGLE,STRAIGHT & LEVEL,DAYLIGHT,0,0,0,1
32695036,CAMPBELL,,OTHR,,9TH,AVE,,39.10762138,-84.47716456,0.246,1/6/2024 0:00,55,3,2,0,0,O,CLEAR,WET,1,COLLISION WITH PARKED VEHICLE,REAR END,STRAIGHT & HILLCREST,DARK-HWY LIGHTED/ON,0,0,0,1
32701168,CAMPBELL,US0027,USRoute,700,YORK,ST,,39.08953891,-84.4937342,21.991,1/7/2024 0:00,1550,2,2,0,0,O,CLEAR,DRY,0,1 VEHICLE ENTERING/LEAVING ENTRANCE,ANGLE,STRAIGHT & LEVEL,DAYLIGHT,0,0,0,1
32697751,CAMPBELL,I 0471,Interstate,,I471 N,,,39.09918591,-84.49190365,4.748,1/7/2024 0:00,1137,3,3,0,0,O,RAINING,WET,0,REAR END IN TRAFFIC LANES BOTH VEHICLES MOVING,REAR END,STRAIGHT & LEVEL,DAYLIGHT,0,0,0,1
32738868,CAMPBELL,,OTHR,1204,JOHN,ST,,39.08437985,-84.48698091,0.011,1/7/2024 0:00,2055,2,2,0,0,O,CLEAR,DRY,1,1 VEHICLE PARKED POSITION (NOT PARKING LOT/DRIVEWAY),BACKING,STRAIGHT & GRADE,DARK-HWY LIGHTED/OFF,0,0,0,1
32697650,CAMPBELL,,OTHR,826,SARATOGA,ST,,39.08947938,-84.4896773,0.255,1/7/2024 0:00,1804,2,2,0,0,O,CLEAR,DRY,1,1 VEHICLE PARKED POSITION (NOT PARKING LOT/DRIVEWAY),SIDESWIPE-SAME DIRECTION,STRAIGHT & LEVEL,DARK-HWY NOT LIGHTED,0,0,0,1
32702917,CAMPBELL,,OTHR,10885,WOESTE,RD,,38.90043116,-84.37993263,1.752,1/7/2024 0:00,215,1,1,0,0,O,RAINING,WET,1,OTHER COLLISIONS ON SHOULDER,SINGLE VEHICLE,STRAIGHT & GRADE,DARK-HWY NOT LIGHTED,0,0,0,1
32697649,CAMPBELL,,OTHR,828,SARATOGA,ST,,39.08976344,-84.48987404,0.277,1/7/2024 0:00,2206,2,2,0,0,O,CLEAR,DRY,1,1 VEHICLE PARKED POSITION (NOT PARKING LOT/DRIVEWAY),SIDESWIPE-SAME DIRECTION,STRAIGHT & LEVEL,DARK-HWY NOT LIGHTED,0,0,0,1
32698827,CAMPBELL,,OTHR,107,2ND,ST,W,39.03494155,-84.39158864,0.067,1/7/2024 0:00,1815,2,2,0,0,O,CLOUDY,DRY,0,1 VEHICLE PARKED POSITION (NOT PARKING LOT/DRIVEWAY),BACKING,STRAIGHT & LEVEL,DARK-HWY LIGHTED/ON,0,0,0,1
32859134,CAMPBELL,,OTHR,112,REGENCY,CT,,39.03463666,-84.44691004,0.073,1/7/2024 0:00,2100,2,2,0,0,O,CLEAR,DRY,1,1 VEHICLE PARKED POSITION (NOT PARKING LOT/DRIVEWAY),SIDESWIPE-SAME DIRECTION,STRAIGHT & LEVEL,DARK (UNKNOWN ROADWAY LIGHTING),0,0,0,1
32717533,CAMPBELL,US0027,USRoute,,ALEXANDRIA,PIKE,,38.95762542,-84.39297039,10.043,1/8/2024 0:00,2001,2,2,0,1,B,CLOUDY,DRY,0,ANGLE COLLISION - OTHER,ANGLE,STRAIGHT & LEVEL,DARK-HWY NOT LIGHTED,0,0,0,1
32705311,CAMPBELL,KY0009,StateRoute,,AA,HWY,,39.00389183,-84.4398975,14.919,1/8/2024 0:00,1819,1,1,0,0,O,CLOUDY,DRY,0,COLLISION WITH FIXED OBJECT NON - INTERSECTION - FIRST EVENT COLLISION 09 - 32 EXCLUDING 16,SINGLE VEHICLE,STRAIGHT & LEVEL,DARK-HWY LIGHTED/ON,0,0,0,1
32703043,CAMPBELL,KY0009,StateRoute,,LICKING,PIKE,,39.02507334,-84.48051099,17.927,1/8/2024 0:00,1847,2,2,0,0,O,CLEAR,DRY,0,REAR END IN TRAFFIC LANES BOTH VEHICLES MOVING,REAR END,STRAIGHT & LEVEL,DARK-HWY LIGHTED/ON,0,0,0,1
32713658,CAMPBELL,KY1892,StateRoute,57,CAROTHERS,RD,,39.08536252,-84.48023248,2.337,1/8/2024 0:00,1705,2,2,0,0,O,CLOUDY,DRY,0,1 VEHICLE ENTERING/LEAVING ENTRANCE,ANGLE,STRAIGHT & LEVEL,DARK-HWY LIGHTED/ON,0,0,0,1
32711134,CAMPBELL,KY1892,StateRoute,10,GRAND,AVE,,39.08172582,-84.46958494,1.618,1/9/2024 0:00,1300,2,2,0,0,O,RAINING,WET,0,REAR END IN TRAFFIC LANES BOTH VEHICLES MOVING,REAR END,STRAIGHT & GRADE,DAYLIGHT,0,0,0,1
32747086,CAMPBELL,,OTHR,9217,ECHO,HLS,,38.93995273,-84.39836552,1.249,1/9/2024 0:00,1045,1,1,0,0,O,CLOUDY,SNOW/SLUSH,0,COLLISION WITH FIXED OBJECT NON - INTERSECTION - FIRST EVENT COLLISION 09 - 32 EXCLUDING 16,SINGLE VEHICLE,STRAIGHT & GRADE,DAYLIGHT,0,0,0,1
32710455,CAMPBELL,,OTHR,1000,SARATOGA,ST,,39.08674998,-84.48722275,0.026,1/9/2024 0:00,1530,2,2,0,0,O,RAINING,WET,0,1 VEHICLE PARKED POSITION (NOT PARKING LOT/DRIVEWAY),SIDESWIPE-SAME DIRECTION,STRAIGHT & LEVEL,DAYLIGHT,0,0,0,1
32705101,CAMPBELL,,OTHR,,WASHINGTON,AVE,,39.08844339,-84.48670608,0.608,1/9/2024 0:00,1215,2,1,0,0,O,RAINING,WET,1,COLLISION WITH PEDESTRIAN IN INTERSECTION,SINGLE VEHICLE,STRAIGHT & LEVEL,DAYLIGHT,1,0,1,0
32710224,CAMPBELL,US0027,USRoute,,ALEXANDRIA,PIKE,,39.00968208,-84.42969083,14.383,1/9/2024 0:00,1704,2,2,0,0,O,RAINING,WET,1,SIDESWIPE-SAME DIRECTION,SIDESWIPE-SAME DIRECTION,STRAIGHT & LEVEL,DAYLIGHT,0,0,0,1
32710225,CAMPBELL,KY1998,StateRoute,,INDUSTRIAL,RD,,39.02541938,-84.44540058,1.735,1/9/2024 0:00,1718,2,2,0,0,O,RAINING,WET,0,OPPOSING LEFT TURN,OPPOSING LEFT TURN,STRAIGHT & LEVEL,DAYLIGHT,0,0,0,1
32707158,CAMPBELL,I 0471,Interstate,,,,,39.08540791,-84.47464736,0.217,1/9/2024 0:00,1757,2,2,0,0,O,RAINING,WET,0,OTHER RAMP RELATED COLLISIONS NOT LISTED ABOVE,REAR END,CURVE & GRADE,DARK-HWY LIGHTED/ON,0,0,0,1
32719274,CAMPBELL,I 0275,Interstate,,,,,39.0347184,-84.47025977,0.004,1/9/2024 0:00,913,4,4,0,0,O,RAINING,WET,0,OTHER RAMP RELATED COLLISIONS NOT LISTED ABOVE,REAR END,STRAIGHT & LEVEL,DAYLIGHT,0,0,0,1
32737997,CAMPBELL,I 0275,Interstate,,I275 E,,,39.03169691,-84.47055611,76.272,1/10/2024 0:00,831,3,3,0,0,O,RAINING,WET,0,OTHER ROADWAY OR MID-BLOCK COLLISION,REAR END,STRAIGHT & GRADE,DAYLIGHT,0,0,0,1
32710229,CAMPBELL,US0027,USRoute,4961,ALEXANDRIA,PIKE,,39.00583111,-84.42634319,14.078,1/10/2024 0:00,737,2,2,0,0,O,RAINING,WET,0,OTHER ROADWAY OR MID-BLOCK COLLISION,REAR END,STRAIGHT & LEVEL,DARK-HWY LIGHTED/ON,0,0,0,1
32718784,CAMPBELL,KY0536,StateRoute,361,CREEKTRACE,RD,,38.93351622,-84.41985091,1.906,1/10/2024 0:00,733,1,1,0,0,O,RAINING,WET,0,OTHER ROADWAY OR MID-BLOCK COLLISION,SINGLE VEHICLE,CURVE & GRADE,DAYLIGHT,0,0,0,1
32711287,CAMPBELL,I 0471,Interstate,,,,,39.08541007,-84.47465595,0.218,1/10/2024 0:00,1532,2,2,0,0,O,RAINING,WET,0,OTHER RAMP RELATED COLLISIONS NOT LISTED ABOVE,REAR END,CURVE & GRADE,DAYLIGHT,0,0,0,1
32778040,CAMPBELL,I 0275,Interstate,,,,,39.04971992,-84.46378437,0.524,1/10/2024 0:00,747,3,3,0,0,O,RAINING,WET,0,OTHER RAMP RELATED COLLISIONS NOT LISTED ABOVE,REAR END,CURVE & GRADE,DAWN,0,0,0,1
32707285,CAMPBELL,KY1892,StateRoute,1409,GRAND,AVE,,39.08030349,-84.46736914,1.434,1/10/2024 0:00,20,1,1,0,0,O,CLEAR,WET,0,COLLISION WITH ANIMAL NON INTERSECTION,SINGLE VEHICLE,STRAIGHT & LEVEL,DARK-HWY LIGHTED/ON,0,0,0,1
32711961,CAMPBELL,KY0915,StateRoute,,LICKING,PIKE,,38.92858785,-84.40124842,0.996,1/10/2024 0:00,1721,1,1,0,1,B,CLOUDY,WET,0,COLLISION WITH FIXED OBJECT NON - INTERSECTION - FIRST EVENT COLLISION 09 - 32 EXCLUDING 16,SINGLE VEHICLE,CURVE & LEVEL,DARK-HWY NOT LIGHTED,0,0,0,1
32712353,CAMPBELL,,OTHR,,5TH,ST,E,39.09240292,-84.49425484,0.001,1/10/2024 0:00,1927,2,2,0,0,O,CLEAR,DRY,0,SIDESWIPE COLLISION - SAME DIRECTION,SIDESWIPE-SAME DIRECTION,STRAIGHT & LEVEL,DARK-HWY LIGHTED/ON,0,0,0,1
32719383,CAMPBELL,,OTHR,,SOUTHVIEW,AVE,,39.06334666,-84.4498216,0.088,1/10/2024 0:00,1145,2,2,0,0,O,CLOUDY,WET,0,SIDESWIPE COLLISION - OPPOSITE DIRECTION,SIDESWIPE-OPPOSITE DIRECTION,STRAIGHT & LEVEL,DAYLIGHT,0,0,0,1
32714919,CAMPBELL,I 0471,Interstate,,I471 N,,,39.0900648,-84.47552297,3.612,1/11/2024 0:00,759,2,2,0,0,O,CLEAR,DRY,0,SIDESWIPE COLLISION - SAME DIRECTION,SIDESWIPE-SAME DIRECTION,STRAIGHT & LEVEL,DAYLIGHT,0,0,0,1
32726508,CAMPBELL,KY0709,StateRoute,,ALEXANDRIA,PIKE,E,38.98307906,-84.39767772,0.057,1/11/2024 0:00,1601,2,2,0,0,O,CLEAR,DRY,0,1 VEHICLE ENTERING/LEAVING ENTRANCE,ANGLE,STRAIGHT & GRADE,DAYLIGHT,0,0,0,1
32718791,CAMPBELL,KY0536,StateRoute,208,CREEKTRACE,RD,,38.9280733,-84.42717069,1.343,1/11/2024 0:00,617,1,1,0,0,O,CLEAR,ICE,0,OTHER COLLISIONS ON SHOULDER,SINGLE VEHICLE,CURVE & LEVEL,DARK (UNKNOWN ROADWAY LIGHTING),0,0,0,1
32718765,CAMPBELL,KY0009,StateRoute,,LICKING,PIKE,,39.07498183,-84.49429635,21.773,1/11/2024 0:00,1024,2,2,0,1,B,CLEAR,DRY,0,HEAD-ON COLLISION,HEAD ON,STRAIGHT & LEVEL,DAYLIGHT,0,0,0,1
32747082,CAMPBELL,,OTHR,,PLEASANT RIDGE,RD,,38.91328582,-84.40502757,5.768,1/11/2024 0:00,659,1,1,0,0,O,CLEAR,ICE,0,COLLISION WITH FIXED OBJECT NON - INTERSECTION - FIRST EVENT COLLISION 09 - 32 EXCLUDING 16,SINGLE VEHICLE,CURVE & LEVEL,DAWN,0,0,0,1
32727303,CAMPBELL,KY1996,StateRoute,,CARTHAGE,RD,,38.93228104,-84.31856988,,1/11/2024 0:00,731,1,1,0,0,O,CLEAR,DRY,0,COLLISION WITH ANIMAL NON INTERSECTION,SINGLE VEHICLE,STRAIGHT & GRADE,DAYLIGHT,0,0,0,1
32743813,CAMPBELL,,OTHR,,OFALLON,AVE,,39.10901247,-84.48001493,0.504,1/11/2024 0:00,1227,2,1,0,1,B,CLEAR,DRY,0,COLLISION WITH BICYCLE IN INTERSECTION,SINGLE VEHICLE,CURVE & HILLCREST,DAYLIGHT,1,1,0,0
32715155,CAMPBELL,US0027,USRoute,,ALEXANDRIA,PIKE,,39.02429487,-84.44304305,15.621,1/11/2024 0:00,721,2,2,0,0,O,CLEAR,DRY,0,OTHER ROADWAY OR MID-BLOCK COLLISION,REAR END,STRAIGHT & LEVEL,DARK-HWY LIGHTED/ON,0,0,0,1
32727769,CAMPBELL,KY1892,StateRoute,,GRAND,AVE,N,39.07566835,-84.46249683,1.02,1/12/2024 0:00,1804,2,2,0,0,O,RAINING,WET,0,OTHER ROADWAY OR MID-BLOCK COLLISION,REAR END,STRAIGHT & LEVEL,DARK-HWY LIGHTED/ON,0,0,0,1
32720421,CAMPBELL,I 0275,Interstate,,I275 E,,,39.02263437,-84.48760343,77.477,1/12/2024 0:00,1510,2,2,0,0,O,RAINING,WET,0,OTHER ROADWAY OR MID-BLOCK COLLISION,REAR END,STRAIGHT & LEVEL,DAYLIGHT,0,0,0,1
32722208,CAMPBELL,KY2345,StateRoute,,MARTHA L COLLINS,BLVD,,39.02872585,-84.45096984,0.048,1/12/2024 0:00,1809,2,2,0,0,O,RAINING,WET,1,OTHER ROADWAY OR MID-BLOCK COLLISION,REAR END,STRAIGHT & GRADE,DARK-HWY LIGHTED/ON,0,0,0,1
32734196,CAMPBELL,US0027,USRoute,,ALEXANDRIA,PIKE,,39.03370485,-84.45323518,16.51,1/12/2024 0:00,1410,2,2,0,1,C,RAINING,WET,0,OTHER ROADWAY OR MID-BLOCK COLLISION,OPPOSING LEFT TURN,STRAIGHT & GRADE,DAYLIGHT,0,0,0,1
32721637,CAMPBELL,KY0915,StateRoute,9871,LICKING,PIKE,,38.92556385,-84.39970631,0.771,1/12/2024 0:00,1545,1,1,0,1,B,CLOUDY,WET,0,OTHER ROADWAY OR MID-BLOCK COLLISION,SINGLE VEHICLE,STRAIGHT & LEVEL,DAYLIGHT,0,0,0,1
32720546,CAMPBELL,I 0471,Interstate,,I-471 SOUTH,,,39.08542953,-84.4743649,0.203,1/12/2024 0:00,1247,2,2,0,0,O,RAINING,WET,0,OTHER RAMP RELATED COLLISIONS NOT LISTED ABOVE,REAR END,CURVE & LEVEL,DAYLIGHT,0,0,0,1
32731036,CAMPBELL,,OTHR,,5TH,AVE,,39.11294602,-84.47487567,0.812,1/12/2024 0:00,1830,2,2,0,0,O,CLEAR,DRY,1,COLLISION WITH PARKED VEHICLE,ANGLE,STRAIGHT & LEVEL,DARK-HWY LIGHTED/ON,0,0,0,1
32721779,CAMPBELL,US0027,USRoute,,YORK,ST,,39.08620343,-84.49067966,21.706,1/12/2024 0:00,1742,2,2,0,0,O,RAINING,WET,0,ANGLE COLLISION - ONE VEHICLE TURNING RIGHT,ANGLE,STRAIGHT & LEVEL,DARK-HWY LIGHTED/ON,0,0,0,1
32727704,CAMPBELL,,OTHR,220,EVERGREEN,AVE,,39.07347913,-84.47385679,0.04,1/12/2024 0:00,1100,2,2,0,0,O,CLOUDY,DRY,1,1 VEHICLE PARKED POSITION (NOT PARKING LOT/DRIVEWAY),SIDESWIPE-SAME DIRECTION,STRAIGHT & LEVEL,DARK-HWY NOT LIGHTED,0,0,0,1
32727705,CAMPBELL,,OTHR,219,LINDEN,RD,,39.07640254,-84.47491808,0.219,1/12/2024 0:00,1218,2,2,0,0,O,CLOUDY,DRY,1,1 VEHICLE PARKED POSITION (NOT PARKING LOT/DRIVEWAY),SIDESWIPE-SAME DIRECTION,STRAIGHT & LEVEL,DARK-HWY NOT LIGHTED,0,0,0,1
32720545,CAMPBELL,KY1120,StateRoute,211,10TH,ST,E,39.08794193,-84.48753678,0.907,1/12/2024 0:00,714,2,2,0,0,O,CLOUDY,DRY,1,1 VEHICLE PARKED POSITION (NOT PARKING LOT/DRIVEWAY),SIDESWIPE-SAME DIRECTION,STRAIGHT & LEVEL,DARK-HWY LIGHTED/ON,0,0,0,1
32747081,CAMPBELL,KY0536,StateRoute,873,CREEKTRACE,RD,,38.93948842,-84.40392025,2.917,1/12/2024 0:00,1430,1,1,0,0,O,RAINING,WET,0,COLLISION WITH FIXED OBJECT NON - INTERSECTION - FIRST EVENT COLLISION 09 - 32 EXCLUDING 16,SINGLE VEHICLE,CURVE & GRADE,DAYLIGHT,0,0,0,1
32721674,CAMPBELL,KY0010,StateRoute,,MAIN,ST,E,38.94532051,-84.36489103,,1/12/2024 0:00,2117,1,1,0,1,B,RAINING,WET,0,COLLISION WITH FIXED OBJECT NON - INTERSECTION - FIRST EVENT COLLISION 09 - 32 EXCLUDING 16,SINGLE VEHICLE,CURVE & GRADE,DARK-HWY NOT LIGHTED,0,0,0,1
32734197,CAMPBELL,I 0275,Interstate,,I275 E,,,39.03392473,-84.47035554,76.113,1/12/2024 0:00,1431,2,2,0,0,O,RAINING,WET,0,REAR END IN TRAFFIC LANES BOTH VEHICLES MOVING,REAR END,STRAIGHT & LEVEL,DAYLIGHT,0,0,0,1
32726903,CAMPBELL,US0027,USRoute,,ALEXANDRIA,PIKE,,39.02103656,-84.43860158,15.298,1/12/2024 0:00,743,2,2,0,0,O,RAINING,WET,0,1 VEHICLE ENTERING/LEAVING ENTRANCE,ANGLE,STRAIGHT & LEVEL,DAWN,0,0,0,1
32720302,CAMPBELL,,OTHR,1727,NEWPORT SHOPPING CENTER,,,39.08354,-84.48058972,0.268,1/12/2024 0:00,1330,2,2,0,0,O,RAINING,WET,0,VEHICLE BACKING NON INTERSECTION,BACKING,STRAIGHT & LEVEL,DAYLIGHT,0,0,0,1
32747087,CAMPBELL,,OTHR,,POPLAR RIDGE,RD,,38.98700133,-84.36396812,,1/12/2024 0:00,1120,2,2,0,0,O,RAINING,WET,0,SIDESWIPE COLLISION - OPPOSITE DIRECTION,SIDESWIPE-OPPOSITE DIRECTION,STRAIGHT & GRADE,DAYLIGHT,0,0,0,1
32737348,CAMPBELL,US0027,USRoute,300,YORK,ST,,39.09289549,-84.49681366,22.264,1/13/2024 0:00,114,2,2,0,0,O,CLEAR,WET,1,1 VEHICLE PARKED POSITION (NOT PARKING LOT/DRIVEWAY),ANGLE,STRAIGHT & LEVEL,DARK-HWY LIGHTED/ON,0,0,0,1
32724479,CAMPBELL,KY1892,StateRoute,,CAROTHERS,RD,,39.08634136,-84.47725969,2.154,1/13/2024 0:00,1949,2,2,0,0,O,CLEAR,DRY,0,REAR END IN TRAFFIC LANES BOTH VEHICLES MOVING,REAR END,STRAIGHT & LEVEL,DARK-HWY NOT LIGHTED,0,0,0,1
32728403,CAMPBELL,KY1120,StateRoute,200,10TH,ST,E,39.08841266,-84.48672246,0.983,1/13/2024 0:00,1400,2,2,0,0,O,CLEAR,DRY,0,REAR END IN TRAFFIC LANES BOTH VEHICLES MOVING,REAR END,STRAIGHT & LEVEL,DAYLIGHT,0,0,0,1
32726489,CAMPBELL,KY0547,StateRoute,6565,FOUR MILE,RD,,39.00181226,-84.3646376,3.567,1/13/2024 0:00,1922,2,2,0,0,O,CLEAR,DRY,0,1 VEHICLE PARKED POSITION (NOT PARKING LOT/DRIVEWAY),BACKING,STRAIGHT & LEVEL,DARK-HWY NOT LIGHTED,0,0,0,1
32727706,CAMPBELL,I 0471,Interstate,,I471 S,,,39.05884951,-84.46969347,1.141,1/13/2024 0:00,1556,1,1,0,0,O,CLEAR,DRY,0,COLLISION WITH NON-FIXED OBJECT ,SINGLE VEHICLE,STRAIGHT & LEVEL,DAYLIGHT,0,0,0,1
32725378,CAMPBELL,KY1120,StateRoute,,MEMORIAL,PKWY,,39.09271393,-84.4751769,1.673,1/13/2024 0:00,1251,2,2,0,0,O,CLEAR,DRY,0,SIDESWIPE-SAME DIRECTION,SIDESWIPE-SAME DIRECTION,CURVE & LEVEL,DAYLIGHT,0,0,0,1
32736213,CAMPBELL,,OTHR,267,WASHINGTON,AVE,,39.10519702,-84.48092918,0.367,1/14/2024 0:00,1049,3,3,0,0,O,CLEAR,DRY,1,COLLISION WITH PARKED VEHICLE,SIDESWIPE-SAME DIRECTION,STRAIGHT & LEVEL,DARK-HWY LIGHTED/ON,0,0,0,1
32727772,CAMPBELL,,OTHR,37,BEECHWOOD,AVE,,39.06829427,-84.45323261,0.088,1/14/2024 0:00,610,2,2,0,0,O,SNOWING,ICE,0,1 VEHICLE PARKED POSITION (NOT PARKING LOT/DRIVEWAY),BACKING,STRAIGHT & GRADE,DARK (UNKNOWN ROADWAY LIGHTING),0,0,0,1
32728404,CAMPBELL,,OTHR,911,SARATOGA,ST,,39.08864276,-84.48889978,0.184,1/14/2024 0:00,600,2,2,0,0,O,CLOUDY,DRY,1,1 VEHICLE PARKED POSITION (NOT PARKING LOT/DRIVEWAY),REAR END,STRAIGHT & LEVEL,UNKNOWN,0,0,0,1
32726491,CAMPBELL,KY0547,StateRoute,5579,FOUR MILE,RD,,39.02660828,-84.38397015,,1/14/2024 0:00,1849,1,1,0,0,O,CLEAR,DRY,0,COLLISION WITH ANIMAL NON INTERSECTION,SINGLE VEHICLE,CURVE & LEVEL,DARK-HWY NOT LIGHTED,0,0,0,1
32728405,CAMPBELL,,OTHR,200,3RD,ST,W,39.09190597,-84.50002669,0.079,1/14/2024 0:00,1542,2,2,0,0,O,CLOUDY,DRY,0,1 VEHICLE ENTERING/LEAVING ENTRANCE,ANGLE,CURVE & LEVEL,DAYLIGHT,0,0,0,1
32730237,CAMPBELL,,OTHR,46,GRANDVIEW,AVE,,39.07948216,-84.49139685,0.15,1/15/2024 0:00,2345,2,2,0,0,O,CLEAR,DRY,0,1 VEHICLE PARKED POSITION (NOT PARKING LOT/DRIVEWAY),REAR END,CURVE & GRADE,DARK-HWY LIGHTED/ON,0,0,0,1
33409672,CAMPBELL,US0027,USRoute,,MONMOUTH,ST,,39.08410728,-84.4846645,21.257,1/15/2024 0:00,1331,2,2,0,1,C,CLOUDY,DRY,1,ANGLE COLLISION - OTHER,ANGLE,STRAIGHT & GRADE,DAYLIGHT,0,0,0,1
32733350,CAMPBELL,US0027,USRoute,,ALEXANDRIA,PIKE,,38.97351621,-84.39219861,11.156,1/15/2024 0:00,1135,2,2,0,0,O,CLEAR,DRY,0,ANGLE COLLISION - ONE VEHICLE TURNING RIGHT,ANGLE,STRAIGHT & LEVEL,DAYLIGHT,0,0,0,1
32745270,CAMPBELL,KY0008,StateRoute,145,FAIRFIELD,AVE,,39.10388617,-84.48632513,1.635,1/16/2024 0:00,840,2,2,0,0,O,CLOUDY,DRY,0,SIDESWIPE COLLISION - SAME DIRECTION,SIDESWIPE-SAME DIRECTION,STRAIGHT & GRADE,DAYLIGHT,0,0,0,1
32742408,CAMPBELL,KY1120,StateRoute,2400,MEMORIAL,PKWY,,39.08300481,-84.45080366,3.863,1/16/2024 0:00,2050,2,2,0,0,O,CLEAR,DRY,1,1 VEHICLE PARKED POSITION (NOT PARKING LOT/DRIVEWAY),BACKING,STRAIGHT & LEVEL,DARK-HWY LIGHTED/ON,0,0,0,1
32745260,CAMPBELL,,OTHR,,RIVIERA,DR,,39.10134045,-84.48820855,0.042,1/16/2024 0:00,1356,2,2,0,0,O,CLEAR,DRY,0,OTHER INTERSECTION COLLISIONS,REAR END,STRAIGHT & LEVEL,DAYLIGHT,1,0,0,1
32733202,CAMPBELL,KY0735,StateRoute,3911,SMITH,RD,,38.88940697,-84.25090447,0.846,1/16/2024 0:00,1740,1,1,1,0,K,CLEAR,DRY,0,COLLISION WITH FIXED OBJECT NON - INTERSECTION - FIRST EVENT COLLISION 09 - 32 EXCLUDING 16,SINGLE VEHICLE,STRAIGHT & LEVEL,DUSK,0,0,0,1
32739990,CAMPBELL,,OTHR,,CROSSROADS,BLVD,,39.00436188,-84.42457453,0.005,1/17/2024 0:00,1109,2,2,0,0,O,CLEAR,DRY,0,SIDESWIPE-SAME DIRECTION,SIDESWIPE-SAME DIRECTION,STRAIGHT & LEVEL,DAYLIGHT,0,0,0,1
32741756,CAMPBELL,I 0275,Interstate,,I275 W,,,39.02286596,-84.48903157,77.563,1/17/2024 0:00,1744,2,2,0,0,O,CLOUDY,DRY,0,REAR END IN TRAFFIC LANES BOTH VEHICLES MOVING,REAR END,STRAIGHT & LEVEL,DAYLIGHT,0,0,0,1
34278369,CAMPBELL,US0027,USRoute,,3RD,ST,E,39.09413741,-84.49603518,22.195,1/17/2024 0:00,639,2,2,0,0,O,CLEAR,DRY,0,SIDESWIPE COLLISION - SAME DIRECTION,SIDESWIPE-SAME DIRECTION,STRAIGHT & LEVEL,DAWN,0,0,0,1