IncidentID,County,RdwyNumber,RdwyType,Street,RoadwayName,StreetSfx,StreetDir,Latitude,Longitude,Milepoint,CollisionDate,CollisionTime,UnitsInvolved,MotorVehiclesInvolved,NumberKilled,NumberInjured,KABCO,Weather,RdwyConditionCode,HitandRun,DirAnalysisCode,MannerofCollision,RdwyCharacter,LightCondition,Intersection Crash,Bicyclist,Pedestrian,Motor Vehicles
32845693,CAMPBELL,,OTHR,9,LONGWOOD,LN,N,38.95547768,-84.35711738,0.064,2/10/2024 0:00,1152,2,2,0,0,O,CLOUDY,WET,1,1 VEHICLE PARKED POSITION (NOT PARKING LOT/DRIVEWAY),REAR END,STRAIGHT & GRADE,DARK-HWY NOT LIGHTED,0,0,0,1
32845691,CAMPBELL,US0027,USRoute,,ALEXANDRIA,PIKE,,38.97353362,-84.39230014,11.156,2/10/2024 0:00,1223,2,2,0,3,B,CLEAR,DRY,0,ANGLE COLLISION - ONE VEHICLE TURNING LEFT,ANGLE,STRAIGHT & LEVEL,DAYLIGHT,0,0,0,1
32847092,CAMPBELL,KY2925,StateRoute,,ALEXANDRIA,PIKE,E,39.00790337,-84.40929793,,2/10/2024 0:00,2026,1,1,0,1,B,CLEAR,WET,0,OTHER ROADWAY OR MID-BLOCK COLLISION,SINGLE VEHICLE,CURVE & LEVEL,DARK-HWY NOT LIGHTED,0,0,0,1
32852823,CAMPBELL,KY0709,StateRoute,,ALEXANDRIA,PIKE,E,38.9851534,-84.39786749,0.197,2/10/2024 0:00,1936,2,2,0,1,A,CLEAR,DRY,0,1 VEHICLE ENTERING/LEAVING ENTRANCE,ANGLE,CURVE & HILLCREST,DARK-HWY LIGHTED/ON,0,0,0,1
32851012,CAMPBELL,KY0008,StateRoute,,FAIRFIELD,AVE,,39.10613227,-84.48352531,,2/11/2024 0:00,1650,2,2,0,0,O,CLEAR,DRY,0,OTHER ROADWAY OR MID-BLOCK COLLISION,REAR END,CURVE & LEVEL,DAYLIGHT,0,0,0,1
32887813,CAMPBELL,,OTHR,344,WARD,AVE,,39.10485382,-84.47807881,0.236,2/11/2024 0:00,0,2,2,0,0,O,CLEAR,DRY,1,1 VEHICLE PARKED POSITION (NOT PARKING LOT/DRIVEWAY),SIDESWIPE-SAME DIRECTION,STRAIGHT & HILLCREST,UNKNOWN,0,0,0,1
32840545,CAMPBELL,KY1996,StateRoute,,STEVENS BRANCH,RD,,38.91973916,-84.34743028,0.45,2/11/2024 0:00,2045,1,1,0,0,O,CLOUDY,DRY,0,COLLISION WITH FIXED OBJECT NON - INTERSECTION - FIRST EVENT COLLISION 09 - 32 EXCLUDING 16,SINGLE VEHICLE,CURVE & HILLCREST,DARK-HWY NOT LIGHTED,0,0,0,1
32841355,CAMPBELL,I 0471,Interstate,,,,,39.09229717,-84.47586904,0.245,2/11/2024 0:00,1730,2,2,0,0,O,CLEAR,DRY,0,OTHER RAMP RELATED COLLISIONS NOT LISTED ABOVE,REAR END,CURVE & HILLCREST,DAYLIGHT,0,0,0,1
32845692,CAMPBELL,US0027,USRoute,,ALEXANDRIA,PIKE,,38.95697783,-84.39299111,9.999,2/12/2024 0:00,727,3,3,0,0,O,CLEAR,DRY,0,OTHER INTERSECTION COLLISIONS,REAR END,STRAIGHT & LEVEL,DAYLIGHT,1,0,0,1
32847060,CAMPBELL,,OTHR,,ROBINSON,RD,,39.03353751,-84.44867288,0.17,2/12/2024 0:00,2353,2,2,0,0,O,CLOUDY,DRY,0,1 VEHICLE PARKED POSITION (NOT PARKING LOT/DRIVEWAY),SIDESWIPE-SAME DIRECTION,STRAIGHT & GRADE,DARK-HWY LIGHTED/ON,0,0,0,1
32859615,CAMPBELL,KY0008,StateRoute,,4TH,ST,W,39.08958212,-84.50103528,0.261,2/12/2024 0:00,1650,2,2,0,0,O,CLEAR,DRY,0,SIDESWIPE COLLISION - SAME DIRECTION,SIDESWIPE-SAME DIRECTION,CURVE & LEVEL,DAYLIGHT,0,0,0,1
32852245,CAMPBELL,I 0471,Interstate,,I471 S,,,39.06438991,-84.46702956,1.59,2/13/2024 0:00,1445,2,2,0,0,O,CLEAR,DRY,0,SIDESWIPE COLLISION - SAME DIRECTION,SIDESWIPE-SAME DIRECTION,CURVE & LEVEL,DAYLIGHT,0,0,0,1
32854092,CAMPBELL,KY1892,StateRoute,63,CAROTHERS,RD,,39.08563326,-84.47993964,2.312,2/13/2024 0:00,1708,2,2,0,0,O,CLEAR,DRY,0,1 VEHICLE ENTERING/LEAVING ENTRANCE,ANGLE,STRAIGHT & LEVEL,DAYLIGHT,0,0,0,1
32850859,CAMPBELL,KY0547,StateRoute,,FOUR MILE,RD,,39.01772673,-84.37479637,4.825,2/13/2024 0:00,2215,1,1,0,0,O,CLEAR,DRY,0,OTHER COLLISIONS ON SHOULDER,SINGLE VEHICLE,CURVE & GRADE,DARK-HWY NOT LIGHTED,0,0,0,1
32848246,CAMPBELL,US0027,USRoute,,ALEXANDRIA,PIKE,,39.01983365,-84.43776415,15.197,2/13/2024 0:00,944,2,2,0,0,O,CLEAR,DRY,0,OTHER INTERSECTION COLLISIONS,REAR END,STRAIGHT & LEVEL,DAYLIGHT,1,0,0,1
32855218,CAMPBELL,US0027,USRoute,,ALEXANDRIA,PIKE,,38.98572264,-84.40278577,12.239,2/13/2024 0:00,833,2,2,0,0,O,CLEAR,DRY,0,OTHER INTERSECTION COLLISIONS,REAR END,STRAIGHT & GRADE,DAYLIGHT,1,0,0,1
33913405,CAMPBELL,,OTHR,,MEADOWVIEW,DR,,38.97504568,-84.38291428,0.017,2/13/2024 0:00,910,2,2,0,0,O,CLEAR,DRY,0,OPPOSITE DIRECTION - BOTH VEHICLES GOING STRAIGHT AHEAD,SIDESWIPE-OPPOSITE DIRECTION,STRAIGHT & LEVEL,DAYLIGHT,0,0,0,1
32851601,CAMPBELL,,OTHR,,TOWN,DR,,39.01857306,-84.4825691,0.171,2/13/2024 0:00,1945,2,2,0,0,O,CLEAR,DRY,0,ANGLE COLLISION - OTHER,ANGLE,STRAIGHT & LEVEL,DARK-HWY NOT LIGHTED,0,0,0,1
32861242,CAMPBELL,KY0009,StateRoute,,AA,HWY,,38.98872483,-84.39522515,12.129,2/14/2024 0:00,1540,2,2,0,0,O,CLEAR,DRY,0,OTHER INTERSECTION COLLISIONS,REAR END,STRAIGHT & LEVEL,DAYLIGHT,1,0,0,1
32890982,CAMPBELL,KY0009,StateRoute,,AA,HWY,,39.0203928,-84.48148936,17.565,2/14/2024 0:00,1455,2,2,0,0,O,CLEAR,DRY,0,SIDESWIPE COLLISION - SAME DIRECTION,SIDESWIPE-SAME DIRECTION,STRAIGHT & LEVEL,DAYLIGHT,0,0,0,1
32890971,CAMPBELL,I 0275,Interstate,,I275 W,,,39.02286308,-84.48926426,77.577,2/15/2024 0:00,1719,2,2,0,0,O,CLOUDY,DRY,0,REAR END IN TRAFFIC LANES BOTH VEHICLES MOVING,REAR END,STRAIGHT & LEVEL,DAYLIGHT,0,0,0,1
32890969,CAMPBELL,KY0009,StateRoute,,LICKING,PIKE,,39.02358033,-84.48077383,17.81,2/15/2024 0:00,647,2,2,0,0,O,CLOUDY,DRY,0,REAR END IN TRAFFIC LANES BOTH VEHICLES MOVING,REAR END,STRAIGHT & LEVEL,DARK-HWY NOT LIGHTED,0,0,0,1
32896980,CAMPBELL,KY0008,StateRoute,624,6TH,AVE,,39.11328809,-84.47198109,2.651,2/15/2024 0:00,1936,2,1,0,1,C,CLEAR,DRY,0,COLLISION WITH PEDESTRIAN NON - INTERSECTION,SINGLE VEHICLE,STRAIGHT & LEVEL,DARK-HWY LIGHTED/ON,0,0,1,0
32867947,CAMPBELL,US0027,USRoute,,ALEXANDRIA,PIKE,,38.88749558,-84.38655125,5.106,2/15/2024 0:00,1512,1,1,0,0,O,CLEAR,DRY,0,COLLISION WITH ANIMAL NON INTERSECTION,SINGLE VEHICLE,STRAIGHT & LEVEL,DAYLIGHT,0,0,0,1
32867948,CAMPBELL,US0027,USRoute,,ALEXANDRIA,PIKE,,38.88719219,-84.38662389,5.082,2/15/2024 0:00,1512,1,1,0,0,O,CLEAR,DRY,0,COLLISION WITH ANIMAL NON INTERSECTION,SINGLE VEHICLE,STRAIGHT & LEVEL,DAYLIGHT,0,0,0,1
32855900,CAMPBELL,,OTHR,526,THORNTON,ST,,39.08043365,-84.49616033,0.055,2/15/2024 0:00,116,2,2,0,0,O,CLEAR,DRY,0,1 VEHICLE PARKED POSITION (NOT PARKING LOT/DRIVEWAY),ANGLE,STRAIGHT & LEVEL,DARK-HWY NOT LIGHTED,0,0,0,1
32881783,CAMPBELL,US0027,USRoute,,ALEXANDRIA,PIKE,,38.98565769,-84.40297924,12.246,2/15/2024 0:00,1710,3,3,0,0,O,CLOUDY,DRY,0,OTHER INTERSECTION COLLISIONS,REAR END,STRAIGHT & GRADE,DAYLIGHT,1,0,0,1
32881430,CAMPBELL,KY1998,StateRoute,,INDUSTRIAL,RD,,39.0440653,-84.42053641,3.937,2/15/2024 0:00,1600,2,2,0,0,O,CLEAR,DRY,0,OTHER INTERSECTION COLLISIONS,REAR END,STRAIGHT & GRADE,DAYLIGHT,1,0,0,1
32912987,CAMPBELL,KY0008,StateRoute,,FAIRFIELD,AVE,,39.10681233,-84.48263245,1.919,2/16/2024 0:00,1431,2,1,0,0,O,CLOUDY,DRY,1,OTHER INTERSECTION COLLISIONS,REAR END,STRAIGHT & LEVEL,DAYLIGHT,1,0,0,1
32878190,CAMPBELL,,OTHR,,ERVIN,TER,,39.10883106,-84.47168383,,2/16/2024 0:00,2014,2,2,0,0,O,SNOWING,SNOW/SLUSH,0,1 VEHICLE PARKED POSITION (NOT PARKING LOT/DRIVEWAY),SIDESWIPE-OPPOSITE DIRECTION,STRAIGHT & GRADE,DARK-HWY LIGHTED/ON,0,0,0,1
32946663,CAMPBELL,KY0915,StateRoute,9947,LICKING,PIKE,,38.92386029,-84.39862289,0.639,2/16/2024 0:00,2158,1,1,0,0,O,CLOUDY,WET,0,COLLISION WITH FIXED OBJECT NON - INTERSECTION - FIRST EVENT COLLISION 09 - 32 EXCLUDING 16,SINGLE VEHICLE,STRAIGHT & GRADE,DARK-HWY NOT LIGHTED,0,0,0,1
32872371,CAMPBELL,US0027,USRoute,,ALEXANDRIA,PIKE,,38.95312399,-84.39348868,9.732,2/16/2024 0:00,1835,2,2,0,0,O,SNOWING,SNOW/SLUSH,0,SIDESWIPE COLLISION - SAME DIRECTION,SIDESWIPE-SAME DIRECTION,STRAIGHT & LEVEL,DARK-HWY LIGHTED/ON,0,0,0,1
32866313,CAMPBELL,,OTHR,,DAVE COWENS,DR,,39.09678722,-84.49420401,0.004,2/16/2024 0:00,2119,2,2,0,0,O,SNOWING,SNOW/SLUSH,0,SIDESWIPE COLLISION - SAME DIRECTION,SIDESWIPE-SAME DIRECTION,STRAIGHT & LEVEL,DARK-HWY LIGHTED/ON,0,0,0,1
32871570,CAMPBELL,KY1121,StateRoute,10471,PERSIMMON GROVE,PIKE,,38.90241062,-84.3453005,5.457,2/16/2024 0:00,100,1,1,0,0,O,CLEAR,DRY,1,OTHER COLLISIONS ON SHOULDER,SINGLE VEHICLE,CURVE & GRADE,DARK-HWY LIGHTED/ON,0,0,0,1
32890978,CAMPBELL,KY0009,StateRoute,,LICKING,PIKE,,39.04578126,-84.48553197,19.399,2/16/2024 0:00,1958,2,2,0,2,A,SNOWING,SNOW/SLUSH,0,HEAD-ON COLLISION,HEAD ON,STRAIGHT & LEVEL,DARK-HWY NOT LIGHTED,0,0,0,1
32875250,CAMPBELL,,OTHR,15,9TH,ST,E,39.08784916,-84.49107253,0.703,2/17/2024 0:00,1603,2,2,0,0,O,CLEAR,DRY,1,SIDESWIPE COLLISION - SAME DIRECTION,SIDESWIPE-SAME DIRECTION,STRAIGHT & LEVEL,DAYLIGHT,0,0,0,1
32871568,CAMPBELL,KY0008,StateRoute,9008,MARY INGLES,HWY,,38.94483544,-84.28908171,19.904,2/17/2024 0:00,2045,3,3,0,0,O,CLEAR,DRY,0,1 VEHICLE PARKED POSITION (NOT PARKING LOT/DRIVEWAY),ANGLE,STRAIGHT & GRADE,DARK-HWY NOT LIGHTED,0,0,0,1
32880818,CAMPBELL,,OTHR,9,16TH,ST,,39.08385363,-84.48385414,0.256,2/17/2024 0:00,423,2,2,0,0,O,CLEAR,OTHER,0,1 VEHICLE PARKED POSITION (NOT PARKING LOT/DRIVEWAY),SIDESWIPE-OPPOSITE DIRECTION,STRAIGHT & GRADE,DARK-HWY LIGHTED/ON,0,0,0,1
32872021,CAMPBELL,US0027,USRoute,,ALEXANDRIA,PIKE,,39.00423059,-84.42475805,13.942,2/17/2024 0:00,1034,3,3,0,0,O,CLOUDY,DRY,0,OTHER INTERSECTION COLLISIONS,REAR END,STRAIGHT & LEVEL,DAYLIGHT,1,0,0,1
32869166,CAMPBELL,,OTHR,,7TH,ST,W,39.08719059,-84.49919277,0.333,2/18/2024 0:00,254,2,2,0,0,O,CLEAR,DRY,1,1 VEHICLE PARKED POSITION (NOT PARKING LOT/DRIVEWAY),SIDESWIPE-OPPOSITE DIRECTION,STRAIGHT & LEVEL,DARK-HWY LIGHTED/ON,0,0,0,1
32873550,CAMPBELL,I 0275,Interstate,,I275 E,,,39.04989461,-84.44673832,74.199,2/18/2024 0:00,1415,1,1,0,0,O,CLEAR,DRY,0,OTHER ROADWAY OR MID-BLOCK COLLISION,SINGLE VEHICLE,STRAIGHT & LEVEL,DAYLIGHT,0,0,0,1
32879121,CAMPBELL,I 0275,Interstate,,I275 W,,,39.0286566,-84.47187184,76.524,2/19/2024 0:00,2002,2,2,0,0,O,CLEAR,DRY,0,REAR END IN TRAFFIC LANES BOTH VEHICLES MOVING,REAR END,CURVE & GRADE,DARK-HWY LIGHTED/ON,0,0,0,1
32873599,CAMPBELL,,OTHR,310,KNOLLWOOD,DR,,39.0238737,-84.46023217,0.294,2/19/2024 0:00,906,2,2,0,0,O,CLEAR,DRY,0,VEHICLE BACKING NON INTERSECTION,BACKING,STRAIGHT & LEVEL,DAYLIGHT,0,0,0,1
32878162,CAMPBELL,US0027,USRoute,,ALEXANDRIA,PIKE,,39.0741856,-84.47382816,20.328,2/19/2024 0:00,1719,2,2,0,0,O,CLEAR,DRY,0,ANGLE COLLISION - ONE VEHICLE TURNING LEFT,ANGLE,STRAIGHT & LEVEL,DAYLIGHT,0,0,0,1
32875252,CAMPBELL,,OTHR,,6TH,ST,E,39.09224259,-84.49216194,0.581,2/19/2024 0:00,1133,2,2,0,0,O,CLEAR,DRY,0,ANGLE COLLISION - OTHER,ANGLE,STRAIGHT & LEVEL,DAYLIGHT,0,0,0,1
32875254,CAMPBELL,,OTHR,174,MAIN,ST,,39.07933346,-84.48853961,0.255,2/19/2024 0:00,1126,2,2,0,0,O,CLEAR,DRY,1,1 VEHICLE PARKED POSITION (NOT PARKING LOT/DRIVEWAY),SIDESWIPE-SAME DIRECTION,STRAIGHT & GRADE,DARK-HWY NOT LIGHTED,0,0,0,1
32876725,CAMPBELL,,OTHR,719,SARATOGA,ST,,39.09071536,-84.49072307,0.358,2/19/2024 0:00,343,2,2,0,0,O,CLEAR,DRY,1,1 VEHICLE PARKED POSITION (NOT PARKING LOT/DRIVEWAY),REAR END,STRAIGHT & LEVEL,DARK-HWY LIGHTED/ON,0,0,0,1
32885619,CAMPBELL,I 0471,Interstate,,,,,39.08531587,-84.47416737,0.17,2/20/2024 0:00,1713,2,2,0,0,O,CLEAR,DRY,0,OTHER RAMP RELATED COLLISIONS NOT LISTED ABOVE,REAR END,CURVE & LEVEL,DAYLIGHT,0,0,0,1
32881429,CAMPBELL,,OTHR,,LAKE,CIR,,38.86149344,-84.38537247,0.208,2/20/2024 0:00,1610,2,2,0,0,O,CLEAR,DRY,0,1 VEHICLE PARKED POSITION (NOT PARKING LOT/DRIVEWAY),BACKING,STRAIGHT & LEVEL,DAYLIGHT,0,0,0,1
32882370,CAMPBELL,,OTHR,,TERRACE,AVE,,39.02371546,-84.41976166,0.001,2/20/2024 0:00,1944,2,2,0,0,O,CLEAR,DRY,0,COLLISION WITH PARKED VEHICLE,BACKING,STRAIGHT & GRADE,DARK (UNKNOWN ROADWAY LIGHTING),0,0,0,1
32878472,CAMPBELL,KY0009,StateRoute,,AA,HWY,,39.00977582,-84.46887207,16.528,2/20/2024 0:00,740,2,2,0,0,O,CLEAR,DRY,0,OTHER INTERSECTION COLLISIONS,REAR END,STRAIGHT & HILLCREST,DAYLIGHT,1,0,0,1
32885620,CAMPBELL,,OTHR,400,RIVERBOAT,ROW,,39.10074856,-84.49072864,0.142,2/20/2024 0:00,1420,2,2,0,0,O,CLEAR,DRY,0,1 VEHICLE ENTERING/LEAVING ENTRANCE,ANGLE,STRAIGHT & LEVEL,DAYLIGHT,0,0,0,1
32882875,CAMPBELL,KY0536,StateRoute,,CREEKTRACE,RD,,38.9379091,-84.40969188,2.59,2/20/2024 0:00,1153,3,3,0,0,O,CLEAR,DRY,0,1 VEHICLE ENTERING/LEAVING ENTRANCE,ANGLE,STRAIGHT & LEVEL,DAYLIGHT,0,0,0,1
32954109,CAMPBELL,I 0275,Interstate,,I275 E,,,39.05243792,-84.44079359,73.834,2/20/2024 0:00,1940,1,1,0,0,O,CLEAR,DRY,0,OTHER COLLISIONS ON SHOULDER,SINGLE VEHICLE,STRAIGHT & LEVEL,DARK-HWY LIGHTED/ON,0,0,0,1
32881428,CAMPBELL,I 0275,Interstate,,I275 E,,,39.05674906,-84.43117829,,2/20/2024 0:00,1730,2,2,0,0,O,CLEAR,DRY,0,REAR END IN TRAFFIC LANES BOTH VEHICLES MOVING,REAR END,STRAIGHT & LEVEL,DAYLIGHT,0,0,0,1
32887815,CAMPBELL,KY0008,StateRoute,407,FAIRFIELD,AVE,,39.10718833,-84.48226793,1.9,2/20/2024 0:00,818,2,2,0,0,O,CLEAR,DRY,0,REAR END IN TRAFFIC LANES BOTH VEHICLES MOVING,REAR END,STRAIGHT & LEVEL,DAYLIGHT,0,0,0,1
32879185,CAMPBELL,I 0471,Interstate,,I471 N,,,39.09223767,-84.47696436,3.781,2/20/2024 0:00,851,2,2,0,1,C,CLEAR,DRY,0,REAR END IN TRAFFIC LANES BOTH VEHICLES MOVING,REAR END,CURVE & GRADE,DAYLIGHT,0,0,0,1
32891231,CAMPBELL,,OTHR,15,ORLANDO,DR,,38.97573812,-84.3933925,0.054,2/21/2024 0:00,827,2,2,0,0,O,CLEAR,DRY,0,HEAD-ON COLLISION,HEAD ON,CURVE & LEVEL,DAYLIGHT,0,0,0,1
32899416,CAMPBELL,US0027,USRoute,,ALEXANDRIA,PIKE,,38.98158677,-84.39584313,11.751,2/21/2024 0:00,1957,2,2,0,0,O,CLEAR,DRY,0,SIDESWIPE COLLISION - SAME DIRECTION,SIDESWIPE-SAME DIRECTION,CURVE & LEVEL,DARK-HWY NOT LIGHTED,0,0,0,1
32887448,CAMPBELL,KY1892,StateRoute,,CAROTHERS,RD,,39.0863816,-84.47725917,2.153,2/21/2024 0:00,2103,2,2,0,0,O,CLEAR,DRY,0,OTHER ROADWAY OR MID-BLOCK COLLISION,REAR END,STRAIGHT & LEVEL,DARK-HWY LIGHTED/ON,0,0,0,1
32885628,CAMPBELL,US0027,USRoute,,MONMOUTH,ST,,39.09149287,-84.49342355,21.955,2/21/2024 0:00,1453,2,2,0,0,O,CLEAR,DRY,0,ANGLE COLLISION - OTHER,ANGLE,STRAIGHT & LEVEL,DAYLIGHT,0,0,0,1
32899421,CAMPBELL,US0027,USRoute,,ALEXANDRIA,PIKE,,38.95767321,-84.39302549,10.046,2/21/2024 0:00,1838,2,2,0,0,O,CLEAR,DRY,0,ANGLE COLLISION - OTHER,ANGLE,STRAIGHT & LEVEL,DARK-HWY NOT LIGHTED,0,0,0,1
32882382,CAMPBELL,,OTHR,72,19TH,ST,,39.07969404,-84.48475732,0.19,2/21/2024 0:00,134,2,2,0,0,O,CLEAR,DRY,0,1 VEHICLE PARKED POSITION (NOT PARKING LOT/DRIVEWAY),SIDESWIPE-SAME DIRECTION,STRAIGHT & GRADE,DARK-HWY LIGHTED/ON,0,0,0,1
32903510,CAMPBELL,,OTHR,19,VALLEYVIEW,CIR,,38.95254481,-84.37026967,0.048,2/21/2024 0:00,2008,1,1,0,0,O,CLEAR,DRY,0,COLLISION WITH FIXED OBJECT NON - INTERSECTION - FIRST EVENT COLLISION 09 - 32 EXCLUDING 16,SINGLE VEHICLE,STRAIGHT & GRADE,DARK-HWY NOT LIGHTED,0,0,0,1
32885617,CAMPBELL,I 0471,Interstate,,,,,39.08541021,-84.47465419,0.218,2/21/2024 0:00,1144,2,2,0,0,O,CLOUDY,DRY,0,OTHER RAMP RELATED COLLISIONS NOT LISTED ABOVE,REAR END,CURVE & GRADE,DAYLIGHT,0,0,0,1
32892004,CAMPBELL,US0027,USRoute,,MONMOUTH,ST,,39.0791799,-84.48062142,20.837,2/22/2024 0:00,2332,1,1,0,0,O,CLEAR,WET,0,COLLISION WITH FIXED OBJECT NON - INTERSECTION - FIRST EVENT COLLISION 09 - 32 EXCLUDING 16,SINGLE VEHICLE,STRAIGHT & GRADE,DARK-HWY LIGHTED/ON,0,0,0,1
32924587,CAMPBELL,I 0275,Interstate,,I275 W,,,39.04845735,-84.45150091,74.471,2/22/2024 0:00,1647,1,1,0,0,O,RAINING,WET,0,COLLISION WITH FIXED OBJECT NON - INTERSECTION - FIRST EVENT COLLISION 09 - 32 EXCLUDING 16,SINGLE VEHICLE,STRAIGHT & LEVEL,DAYLIGHT,0,0,0,1
32899778,CAMPBELL,,OTHR,,RAVINE,CIR,,39.06433089,-84.46982798,0.01,2/22/2024 0:00,1658,2,2,0,0,O,RAINING,WATER (STANDING OR MOVING),1,COLLISION WITH FIXED OBJECT NON - INTERSECTION - FIRST EVENT COLLISION 09 - 32 EXCLUDING 16,REAR END,STRAIGHT & LEVEL,DAYLIGHT,0,0,0,1
32909084,CAMPBELL,US0027,USRoute,900,MONMOUTH,ST,,39.08771989,-84.48941847,21.617,2/22/2024 0:00,1230,2,2,0,0,O,CLOUDY,DRY,0,1 VEHICLE ENTERING OR LEAVING PARKED POSITION (NOT PARKING LOT),SIDESWIPE-SAME DIRECTION,STRAIGHT & LEVEL,DAYLIGHT,0,0,0,1
32901570,CAMPBELL,US0027,USRoute,,ALEXANDRIA,PIKE,,39.03037025,-84.4512771,16.253,2/22/2024 0:00,1940,2,1,0,0,O,CLOUDY,WET,1,COLLISION WITH PEDESTRIAN IN INTERSECTION,SINGLE VEHICLE,STRAIGHT & LEVEL,DARK-HWY LIGHTED/ON,1,0,1,0
32921219,CAMPBELL,,OTHR,,TOWN,DR,,39.01809684,-84.48025156,0.002,2/22/2024 0:00,1542,2,2,0,0,O,RAINING,WET,0,ANGLE COLLISION - OTHER,ANGLE,STRAIGHT & GRADE,DAYLIGHT,0,0,0,1
32894584,CAMPBELL,I 0471,Interstate,,I471 N,,,39.0882922,-84.4745885,3.477,2/22/2024 0:00,740,2,2,0,0,O,CLEAR,DRY,0,REAR END IN TRAFFIC LANES BOTH VEHICLES MOVING,REAR END,STRAIGHT & LEVEL,DAYLIGHT,0,0,0,1
32892165,CAMPBELL,KY2924,StateRoute,7653,TOLLGATE,RD,,38.97842008,-84.41237124,,2/22/2024 0:00,2157,1,1,0,0,O,CLEAR,WET,0,OTHER COLLISIONS ON SHOULDER,SINGLE VEHICLE,CURVE & GRADE,DARK-HWY NOT LIGHTED,0,0,0,1
32946664,CAMPBELL,,OTHR,814,EUSTACE,AVE,,39.05279029,-84.4544145,0.071,2/22/2024 0:00,2030,2,2,0,0,O,CLEAR,WET,1,1 VEHICLE PARKED POSITION (NOT PARKING LOT/DRIVEWAY),SIDESWIPE-SAME DIRECTION,STRAIGHT & GRADE,DARK (UNKNOWN ROADWAY LIGHTING),0,0,0,1
32909096,CAMPBELL,I 0275,Interstate,,,,,39.04815511,-84.45277067,0.021,2/23/2024 0:00,658,2,2,0,0,O,CLEAR,DRY,0,OTHER RAMP RELATED COLLISIONS NOT LISTED ABOVE,SIDESWIPE-SAME DIRECTION,STRAIGHT & LEVEL,DAYLIGHT,0,0,0,1
32896324,CAMPBELL,KY1892,StateRoute,14,CAROTHERS,RD,,39.08414592,-84.48344654,2.537,2/23/2024 0:00,1857,2,2,0,0,O,CLEAR,DRY,0,OTHER ROADWAY OR MID-BLOCK COLLISION,REAR TO REAR,STRAIGHT & LEVEL,DARK-HWY LIGHTED/ON,0,0,0,1
32899779,CAMPBELL,US0027,USRoute,,MONMOUTH,ST,,39.07752712,-84.47889563,20.691,2/23/2024 0:00,1254,2,2,0,0,O,CLEAR,DRY,0,REAR END IN TRAFFIC LANES BOTH VEHICLES MOVING,REAR END,STRAIGHT & LEVEL,DAYLIGHT,0,0,0,1
32894579,CAMPBELL,,OTHR,130,NEWPORT PAVILION,,,39.09017812,-84.47634739,0.3,2/23/2024 0:00,1234,2,2,0,0,O,CLEAR,DRY,0,VEHICLE BACKING NON INTERSECTION,BACKING,STRAIGHT & LEVEL,DAYLIGHT,0,0,0,1
32901259,CAMPBELL,KY0008,StateRoute,,MARY INGLES,HWY,,39.03672593,-84.39026478,10.776,2/23/2024 0:00,1447,2,2,0,0,O,CLEAR,DRY,1,SIDESWIPE COLLISION - OPPOSITE DIRECTION,SIDESWIPE-OPPOSITE DIRECTION,STRAIGHT & LEVEL,DAYLIGHT,0,0,0,1
32897225,CAMPBELL,US0027,USRoute,,ALEXANDRIA,PIKE,,39.00915116,-84.42920224,14.343,2/23/2024 0:00,2044,2,2,0,0,O,CLEAR,DRY,0,1 VEHICLE ENTERING/LEAVING ENTRANCE,ANGLE,STRAIGHT & LEVEL,DARK-HWY LIGHTED/ON,0,0,0,1
32893473,CAMPBELL,KY1120,StateRoute,,FT THOMAS,AVE,S,39.06915397,-84.44762125,5.002,2/23/2024 0:00,840,2,2,0,0,O,CLEAR,DRY,0,SIDESWIPE COLLISION - SAME DIRECTION,SIDESWIPE-SAME DIRECTION,STRAIGHT & LEVEL,DAYLIGHT,0,0,0,1
32901258,CAMPBELL,US0027,USRoute,,ALEXANDRIA,PIKE,,38.92120193,-84.39090195,7.521,2/23/2024 0:00,1511,2,2,0,2,B,CLEAR,DRY,0,ANGLE COLLISION - ONE VEHICLE TURNING LEFT,ANGLE,STRAIGHT & LEVEL,DAYLIGHT,0,0,0,1
32896322,CAMPBELL,KY1892,StateRoute,,GRAND,AVE,,39.08512373,-84.47430052,1.961,2/23/2024 0:00,1935,2,2,0,1,B,CLEAR,DRY,0,OPPOSING LEFT TURN,OPPOSING LEFT TURN,STRAIGHT & LEVEL,DARK-HWY LIGHTED/ON,0,0,0,1
32894582,CAMPBELL,,OTHR,,MONROE,ST,,39.08957155,-84.4846098,0.001,2/23/2024 0:00,1032,2,2,0,0,O,CLEAR,DRY,0,OTHER INTERSECTION COLLISIONS,REAR END,STRAIGHT & LEVEL,DAYLIGHT,1,0,0,1
32928456,CAMPBELL,,OTHR,240,CENTER,ST,,39.1029939,-84.48037873,0.227,2/23/2024 0:00,1050,2,2,0,0,O,CLEAR,DRY,0,1 VEHICLE PARKED POSITION (NOT PARKING LOT/DRIVEWAY),REAR END,STRAIGHT & LEVEL,DAYLIGHT,0,0,0,1
32983041,CAMPBELL,I 0275,Interstate,,I275 E,,,39.03026159,-84.47077085,76.368,2/23/2024 0:00,219,1,1,0,1,B,CLEAR,DRY,0,RAN OFF ROADWAY (1 VEHICLE WITH/EARTH EMBANKMENT/DITCH),SINGLE VEHICLE,CURVE & GRADE,DARK-HWY LIGHTED/ON,0,0,0,1