IncidentID,County,RdwyNumber,RdwyType,Street,RoadwayName,StreetSfx,StreetDir,Latitude,Longitude,Milepoint,CollisionDate,CollisionTime,UnitsInvolved,MotorVehiclesInvolved,NumberKilled,NumberInjured,KABCO,Weather,RdwyConditionCode,HitandRun,DirAnalysisCode,MannerofCollision,RdwyCharacter,LightCondition,Intersection Crash,Bicyclist,Pedestrian,Motor Vehicles
32910859,CAMPBELL,,OTHR,800,BRIGHTON,ST,,39.08483772,-84.50030723,0.388,2/23/2024 0:00,723,2,2,0,0,O,CLOUDY,DRY,0,1 VEHICLE PARKED POSITION (NOT PARKING LOT/DRIVEWAY),BACKING,STRAIGHT & LEVEL,DARK-HWY LIGHTED/ON,0,0,0,1
32902165,CAMPBELL,,OTHR,1796,REDSTONE,RD,,38.948811,-84.35650034,0.424,2/23/2024 0:00,1929,1,1,0,0,O,CLEAR,DRY,0,COLLISION WITH ANIMAL NON INTERSECTION,SINGLE VEHICLE,STRAIGHT & HILLCREST,DARK-HWY NOT LIGHTED,0,0,0,1
32921222,CAMPBELL,KY0009,StateRoute,,LICKING,PIKE,,39.03601104,-84.48135673,18.675,2/23/2024 0:00,724,1,1,0,0,O,CLOUDY,WET,0,COLLISION WITH ANIMAL NON INTERSECTION,SINGLE VEHICLE,STRAIGHT & LEVEL,DAYLIGHT,0,0,0,1
32899928,CAMPBELL,I 0471,Interstate,,I471 N,,,39.09952287,-84.4924974,4.788,2/24/2024 0:00,1333,2,2,0,0,O,CLEAR,DRY,0,REAR END IN TRAFFIC LANES BOTH VEHICLES MOVING,REAR END,STRAIGHT & LEVEL,DAYLIGHT,0,0,0,1
32911989,CAMPBELL,I 0275,Interstate,,I275 W,,,39.02976306,-84.47136744,76.452,2/25/2024 0:00,2222,1,1,0,0,O,CLEAR,DRY,0,OTHER ROADWAY OR MID-BLOCK COLLISION,SINGLE VEHICLE,CURVE & GRADE,DARK-HWY LIGHTED/ON,0,0,0,1
32911991,CAMPBELL,I 0275,Interstate,,I275 W,,,39.03028503,-84.47113188,76.417,2/25/2024 0:00,2206,1,1,0,0,O,CLEAR,DRY,0,OTHER COLLISIONS ON SHOULDER,SINGLE VEHICLE,CURVE & GRADE,DARK-HWY LIGHTED/ON,0,0,0,1
32905441,CAMPBELL,KY1120,StateRoute,,MEMORIAL,PKWY,,39.09136728,-84.45193981,3.154,2/25/2024 0:00,809,1,1,0,0,O,CLEAR,DRY,0,COLLISION WITH FIXED OBJECT NON - INTERSECTION - FIRST EVENT COLLISION 09 - 32 EXCLUDING 16,SINGLE VEHICLE,CURVE & LEVEL,DAYLIGHT,0,0,0,1
32900461,CAMPBELL,,OTHR,1124,PUTNAM,ST,,39.08421537,-84.48995358,0.42,2/25/2024 0:00,1400,2,2,0,0,O,CLEAR,DRY,1,1 VEHICLE PARKED POSITION (NOT PARKING LOT/DRIVEWAY),SIDESWIPE-SAME DIRECTION,STRAIGHT & LEVEL,DAYLIGHT,0,0,0,1
32908073,CAMPBELL,US0027,USRoute,,ALEXANDRIA,PIKE,,38.98567136,-84.40299769,12.247,2/25/2024 0:00,1636,3,3,0,3,B,CLEAR,DRY,0,ANGLE COLLISION - ONE VEHICLE TURNING LEFT,ANGLE,STRAIGHT & LEVEL,DAYLIGHT,0,0,0,1
32905183,CAMPBELL,,OTHR,,BRIGHTON,ST,,39.08004574,-84.49513967,,2/25/2024 0:00,1028,2,2,0,0,O,CLEAR,DRY,0,ANGLE COLLISION - OTHER,ANGLE,STRAIGHT & LEVEL,DAYLIGHT,0,0,0,1
32910244,CAMPBELL,KY0445,StateRoute,449,RIVER,RD,,39.05656902,-84.44061464,0.352,2/26/2024 0:00,1658,1,1,0,1,C,CLEAR,DRY,0,RAN OFF ROADWAY (1 VEHICLE WITH/EARTH EMBANKMENT/DITCH),SINGLE VEHICLE,STRAIGHT & GRADE,DAYLIGHT,0,0,0,1
32924363,CAMPBELL,,OTHR,,ALEXANDRIA,PIKE,E,39.01953019,-84.43209797,0.374,2/26/2024 0:00,1550,2,1,0,1,A,CLEAR,DRY,1,COLLISION WITH PEDESTRIAN NON - INTERSECTION,SINGLE VEHICLE,STRAIGHT & LEVEL,DAYLIGHT,0,0,1,0
32924581,CAMPBELL,,OTHR,,TARVIN,RD,,38.89067049,-84.39249873,0.926,2/26/2024 0:00,1845,1,1,0,0,O,CLEAR,DRY,0,COLLISION WITH ANIMAL NON INTERSECTION,SINGLE VEHICLE,STRAIGHT & LEVEL,DARK-HWY NOT LIGHTED,0,0,0,1
32911986,CAMPBELL,KY0915,StateRoute,,LICKING,PIKE,,38.9200796,-84.39591735,0.338,2/26/2024 0:00,1702,1,1,0,0,O,CLEAR,DRY,0,COLLISION WITH ANIMAL NON INTERSECTION,SINGLE VEHICLE,CURVE & GRADE,DAYLIGHT,0,0,0,1
32906506,CAMPBELL,KY1892,StateRoute,,CAROTHERS,RD,,39.0859466,-84.47926887,2.268,2/26/2024 0:00,1649,2,2,0,0,O,CLEAR,DRY,0,OTHER ROADWAY OR MID-BLOCK COLLISION,REAR END,STRAIGHT & LEVEL,DAYLIGHT,0,0,0,1
32910155,CAMPBELL,I 0471,Interstate,,,,,39.06790137,-84.46597462,0.384,2/26/2024 0:00,1209,2,2,0,0,O,CLEAR,DRY,0,OTHER RAMP RELATED COLLISIONS NOT LISTED ABOVE,REAR END,STRAIGHT & LEVEL,DAYLIGHT,0,0,0,1
32923706,CAMPBELL,KY1892,StateRoute,,GRAND,AVE,N,39.07590801,-84.46270551,1.04,2/27/2024 0:00,1621,2,2,0,0,O,CLEAR,DRY,0,1 VEHICLE ENTERING/LEAVING ENTRANCE,ANGLE,STRAIGHT & LEVEL,DAYLIGHT,0,0,0,1
32917424,CAMPBELL,KY1892,StateRoute,30,CAROTHERS,RD,,39.08508289,-84.48069268,2.369,2/27/2024 0:00,2131,2,2,0,0,O,CLEAR,DRY,0,1 VEHICLE ENTERING/LEAVING ENTRANCE,ANGLE,STRAIGHT & LEVEL,DARK-HWY LIGHTED/ON,0,0,0,1
32913201,CAMPBELL,,OTHR,,11TH,ST,E,39.08612157,-84.48748657,0.001,2/27/2024 0:00,1725,2,2,0,0,O,CLEAR,DRY,0,SIDESWIPE-SAME DIRECTION,SIDESWIPE-SAME DIRECTION,STRAIGHT & LEVEL,DAYLIGHT,0,0,0,1
32929815,CAMPBELL,US0027,USRoute,,MONMOUTH,ST,,39.08724546,-84.48880841,21.57,2/27/2024 0:00,933,4,4,0,0,O,CLEAR,DRY,0,SIDESWIPE-SAME DIRECTION,SIDESWIPE-SAME DIRECTION,STRAIGHT & LEVEL,DAYLIGHT,0,0,0,1
32914828,CAMPBELL,,OTHR,431,FOOTE,AVE,,39.10388336,-84.4783307,0.461,2/27/2024 0:00,1800,2,2,0,0,O,CLOUDY,DRY,1,1 VEHICLE PARKED POSITION (NOT PARKING LOT/DRIVEWAY),SIDESWIPE-SAME DIRECTION,STRAIGHT & GRADE,DAYLIGHT,0,0,0,1
32923708,CAMPBELL,I 0471,Interstate,,I471 S,,,39.07413362,-84.46601372,2.392,2/27/2024 0:00,2357,2,2,0,0,O,CLOUDY,DRY,1,1 VEHICLE PARKED POSITION (NOT PARKING LOT/DRIVEWAY),REAR END,CURVE & LEVEL,DARK-HWY LIGHTED/ON,0,0,0,1
32917427,CAMPBELL,I 0471,Interstate,,,,,39.08541209,-84.47465996,0.218,2/28/2024 0:00,2013,2,2,0,0,O,CLEAR,DRY,0,OTHER RAMP RELATED COLLISIONS NOT LISTED ABOVE,REAR END,CURVE & HILLCREST,DARK-HWY LIGHTED/ON,0,0,0,1
32925801,CAMPBELL,,OTHR,,POPLAR RIDGE,RD,,38.98054025,-84.37442065,1.044,2/28/2024 0:00,1353,2,2,0,0,O,CLEAR,DRY,0,OTHER INTERSECTION COLLISIONS,REAR END,STRAIGHT & GRADE,DAYLIGHT,1,0,0,1
32915853,CAMPBELL,US0027,USRoute,,MONMOUTH,ST,,39.0799994,-84.48127531,20.911,2/28/2024 0:00,745,2,2,0,0,O,CLOUDY,WET,0,OTHER INTERSECTION COLLISIONS,REAR END,STRAIGHT & LEVEL,DAYLIGHT,1,0,0,1
32929818,CAMPBELL,KY0009,StateRoute,,CENTRAL,AVE,,39.09012859,-84.4983757,23.013,2/28/2024 0:00,1642,2,1,0,0,O,CLEAR,DRY,0,COLLISION WITH PEDESTRIAN IN INTERSECTION,SINGLE VEHICLE,STRAIGHT & LEVEL,DAYLIGHT,1,0,1,0
32915854,CAMPBELL,I 0471,Interstate,,I471 N,,,39.10059323,-84.49459313,4.923,2/28/2024 0:00,1446,2,2,0,0,O,CLOUDY,DRY,0,REAR END IN TRAFFIC LANES BOTH VEHICLES MOVING,REAR END,STRAIGHT & LEVEL,DAYLIGHT,0,0,0,1
32915975,CAMPBELL,,OTHR,35,9TH,ST,E,39.08810918,-84.49061431,0.652,2/28/2024 0:00,1613,2,2,0,0,O,CLEAR,DRY,0,SIDESWIPE COLLISION - SAME DIRECTION,SIDESWIPE-SAME DIRECTION,STRAIGHT & LEVEL,DAYLIGHT,0,0,0,1
32925036,CAMPBELL,,OTHR,931,COLUMBIA,ST,,39.08621577,-84.49282795,0.272,2/29/2024 0:00,740,3,3,0,0,O,CLEAR,DRY,1,1 VEHICLE PARKED POSITION (NOT PARKING LOT/DRIVEWAY),BACKING,STRAIGHT & LEVEL,DAYLIGHT,0,0,0,1
32923704,CAMPBELL,,OTHR,106,DELTA,AVE,,39.06113108,-84.4428361,0.005,2/29/2024 0:00,730,2,2,0,0,O,CLEAR,DRY,0,1 VEHICLE PARKED POSITION (NOT PARKING LOT/DRIVEWAY),BACKING,STRAIGHT & LEVEL,DAYLIGHT,0,0,0,1
32925034,CAMPBELL,,OTHR,900,ISABELLA,ST,,39.08402256,-84.49481266,0.202,2/29/2024 0:00,1629,2,1,0,1,B,CLEAR,DRY,0,COLLISION WITH PEDESTRIAN NON - INTERSECTION,SINGLE VEHICLE,STRAIGHT & LEVEL,DAYLIGHT,0,0,1,0
32942498,CAMPBELL,KY0008,StateRoute,,MARY INGLES,HWY,,38.91064714,-84.2625732,22.67,2/29/2024 0:00,1233,1,1,0,0,O,CLEAR,DRY,0,COLLISION WITH FIXED OBJECT NON - INTERSECTION - FIRST EVENT COLLISION 09 - 32 EXCLUDING 16,SINGLE VEHICLE,STRAIGHT & LEVEL,DAYLIGHT,0,0,0,1
32923705,CAMPBELL,I 0471,Interstate,,,,,39.06787087,-84.46596996,0.383,2/29/2024 0:00,1231,2,2,0,0,O,CLEAR,DRY,0,OTHER RAMP RELATED COLLISIONS NOT LISTED ABOVE,REAR END,CURVE & LEVEL,DAYLIGHT,0,0,0,1
32943048,CAMPBELL,I 0471,Interstate,,,,,39.08527572,-84.47421176,0.024,3/1/2024 0:00,1730,2,2,0,0,O,RAINING,WET,0,OTHER RAMP RELATED COLLISIONS NOT LISTED ABOVE,REAR END,STRAIGHT & GRADE,DAYLIGHT,0,0,0,1
32938108,CAMPBELL,US0027,USRoute,,ALEXANDRIA,PIKE,,38.97357944,-84.39237545,11.158,3/1/2024 0:00,1148,2,2,0,0,O,CLOUDY,DRY,0,OTHER INTERSECTION COLLISIONS,REAR END,STRAIGHT & LEVEL,DAYLIGHT,1,0,0,1
32925038,CAMPBELL,,OTHR,,8TH,ST,E,39.09006992,-84.49032058,0.172,3/1/2024 0:00,927,2,2,0,0,O,CLOUDY,DRY,1,1 VEHICLE PARKED POSITION (NOT PARKING LOT/DRIVEWAY),REAR END,STRAIGHT & LEVEL,DAYLIGHT,0,0,0,1
32925035,CAMPBELL,,OTHR,415,7TH,ST,E,39.09254315,-84.48836924,0.297,3/1/2024 0:00,1400,2,2,0,0,O,CLOUDY,WET,1,1 VEHICLE PARKED POSITION (NOT PARKING LOT/DRIVEWAY),SIDESWIPE-SAME DIRECTION,STRAIGHT & LEVEL,DAYLIGHT,0,0,0,1
32926845,CAMPBELL,KY0008,StateRoute,,DAVE COWENS,DR,,39.09977452,-84.4908695,1.258,3/1/2024 0:00,1730,2,2,0,0,O,RAINING,WET,1,SIDESWIPE COLLISION - SAME DIRECTION,SIDESWIPE-SAME DIRECTION,STRAIGHT & LEVEL,DARK-HWY LIGHTED/ON,0,0,0,1
32941494,CAMPBELL,I 0471,Interstate,4.1,I471 S,,,39.09811975,-84.4892742,4.587,3/1/2024 0:00,1735,2,2,0,0,O,RAINING,WET,0,SIDESWIPE COLLISION - SAME DIRECTION,SIDESWIPE-SAME DIRECTION,STRAIGHT & LEVEL,DAYLIGHT,0,0,0,1
32926846,CAMPBELL,US0027,USRoute,600,MONMOUTH,ST,,39.09133836,-84.49328972,21.942,3/1/2024 0:00,2134,2,2,0,0,O,RAINING,WET,0,SIDESWIPE COLLISION - SAME DIRECTION,SIDESWIPE-SAME DIRECTION,STRAIGHT & LEVEL,DARK-HWY LIGHTED/ON,0,0,0,1
32958318,CAMPBELL,KY1120,StateRoute,34,11TH,ST,W,39.08473158,-84.48997975,0.613,3/1/2024 0:00,1518,2,2,0,0,O,CLOUDY,DRY,0,1 VEHICLE PARKED POSITION (NOT PARKING LOT/DRIVEWAY),REAR END,STRAIGHT & LEVEL,DAYLIGHT,0,0,0,1
32931023,CAMPBELL,I 0471,Interstate,,I471 N,,,39.09958892,-84.49268965,4.799,3/2/2024 0:00,1430,2,2,0,0,O,CLOUDY,DRY,0,OTHER ROADWAY OR MID-BLOCK COLLISION,REAR END,STRAIGHT & LEVEL,DAYLIGHT,0,0,0,1
32929819,CAMPBELL,,OTHR,,10TH,ST,W,39.08577945,-84.49145714,0.483,3/2/2024 0:00,833,2,2,0,1,B,CLOUDY,WET,0,1 VEHICLE ENTERING/LEAVING ENTRANCE,ANGLE,STRAIGHT & LEVEL,DAYLIGHT,0,0,0,1
32929526,CAMPBELL,KY1892,StateRoute,,CAROTHERS,RD,,39.08645553,-84.47727675,2.158,3/2/2024 0:00,2130,2,2,0,0,O,CLOUDY,DRY,0,OTHER INTERSECTION COLLISIONS,REAR END,STRAIGHT & HILLCREST,DARK-HWY LIGHTED/ON,1,0,0,1
32932385,CAMPBELL,,OTHR,,5TH,ST,E,39.09240427,-84.49427323,0.001,3/2/2024 0:00,2307,2,2,0,0,O,CLEAR,DRY,0,SIDESWIPE-SAME DIRECTION,SIDESWIPE-SAME DIRECTION,STRAIGHT & LEVEL,DARK-HWY LIGHTED/ON,0,0,0,1
32929816,CAMPBELL,,OTHR,,3RD,ST,W,39.0923767,-84.49840823,0.091,3/2/2024 0:00,1148,2,2,0,0,O,CLOUDY,DRY,0,ANGLE COLLISION - OTHER,ANGLE,STRAIGHT & LEVEL,DAYLIGHT,0,0,0,1
32938744,CAMPBELL,,OTHR,343,DIVISION,ST,,39.10438602,-84.48016026,0.003,3/3/2024 0:00,1944,3,3,0,0,O,CLEAR,DRY,0,COLLISION WITH PARKED VEHICLE,SIDESWIPE-OPPOSITE DIRECTION,STRAIGHT & LEVEL,DARK (UNKNOWN ROADWAY LIGHTING),0,0,0,1
32944279,CAMPBELL,US0027,USRoute,,ALEXANDRIA,PIKE,,39.03153945,-84.45189421,16.34,3/3/2024 0:00,924,2,2,0,0,O,CLEAR,DRY,0,OTHER INTERSECTION COLLISIONS,REAR END,STRAIGHT & LEVEL,DAYLIGHT,1,0,0,1
32938121,CAMPBELL,KY0008,StateRoute,5950,MARY INGLES,HWY,,39.0273961,-84.3522701,12.936,3/3/2024 0:00,1610,1,1,0,0,O,CLEAR,GRAVEL,0,RAN OFF ROADWAY (1 VEHICLE WITH/EARTH EMBANKMENT/DITCH),SINGLE VEHICLE,STRAIGHT & GRADE,DAYLIGHT,0,0,0,1
32932532,CAMPBELL,KY1120,StateRoute,,10TH,ST,E,39.08714373,-84.48904777,0.775,3/3/2024 0:00,28,2,2,0,0,O,CLEAR,DRY,0,1 VEHICLE PARKED POSITION (NOT PARKING LOT/DRIVEWAY),REAR END,STRAIGHT & LEVEL,DARK-HWY LIGHTED/ON,0,0,0,1
32937714,CAMPBELL,KY1892,StateRoute,63,CAROTHERS,RD,,39.08584939,-84.47960475,2.288,3/3/2024 0:00,1931,2,2,0,0,O,CLEAR,DRY,0,1 VEHICLE ENTERING/LEAVING ENTRANCE,ANGLE,STRAIGHT & LEVEL,DARK-HWY LIGHTED/ON,0,0,0,1
32939350,CAMPBELL,,OTHR,8,HIGHLAND,AVE,,39.07849375,-84.4487455,1.373,3/3/2024 0:00,1942,2,2,0,0,O,CLEAR,DRY,0,1 VEHICLE PARKED POSITION (NOT PARKING LOT/DRIVEWAY),BACKING,STRAIGHT & LEVEL,DARK-HWY LIGHTED/ON,0,0,0,1
32932369,CAMPBELL,,OTHR,,NEWPORT PAVILION,,,39.0868032,-84.47708655,0.569,3/3/2024 0:00,1905,2,2,0,0,O,CLEAR,DRY,0,REAR END IN TRAFFIC LANES BOTH VEHICLES MOVING,REAR END,STRAIGHT & LEVEL,DAWN,0,0,0,1
32936340,CAMPBELL,KY1892,StateRoute,,CAROTHERS,RD,,39.08436742,-84.48286555,2.509,3/4/2024 0:00,1252,2,2,0,0,O,CLEAR,DRY,0,REAR END IN TRAFFIC LANES BOTH VEHICLES MOVING,REAR END,STRAIGHT & LEVEL,DAYLIGHT,0,0,0,1
32936341,CAMPBELL,I 0471,Interstate,,I471 N,,,39.09576428,-84.48186477,4.144,3/4/2024 0:00,753,2,2,0,0,O,CLEAR,DRY,0,REAR END IN TRAFFIC LANES BOTH VEHICLES MOVING,REAR END,STRAIGHT & LEVEL,DAYLIGHT,0,0,0,1
32944281,CAMPBELL,,OTHR,211,MEADOW TRAIL,DR,,39.0273265,-84.46848545,0.112,3/4/2024 0:00,1155,2,2,0,0,O,CLEAR,DRY,0,VEHICLE BACKING NON INTERSECTION,BACKING,STRAIGHT & LEVEL,DAYLIGHT,0,0,0,1
32958568,CAMPBELL,KY0008,StateRoute,227,6TH,AVE,,39.11082307,-84.47725757,2.316,3/4/2024 0:00,951,2,2,0,0,O,CLEAR,DRY,1,1 VEHICLE PARKED POSITION (NOT PARKING LOT/DRIVEWAY),SIDESWIPE-SAME DIRECTION,STRAIGHT & LEVEL,DAYLIGHT,0,0,0,1
32942876,CAMPBELL,US0027,USRoute,,ALEXANDRIA,PIKE,,38.9615937,-84.39277159,10.347,3/4/2024 0:00,1411,2,2,0,0,O,CLEAR,DRY,0,ANGLE COLLISION - OTHER,ANGLE,STRAIGHT & GRADE,DAYLIGHT,0,0,0,1
32936334,CAMPBELL,I 0471,Interstate,,,,,39.08525825,-84.4742257,0.494,3/4/2024 0:00,1437,2,2,0,0,O,CLEAR,DRY,0,OTHER RAMP RELATED COLLISIONS NOT LISTED ABOVE,REAR END,STRAIGHT & LEVEL,DAYLIGHT,0,0,0,1
32952135,CAMPBELL,US0027,USRoute,,ALEXANDRIA,PIKE,,38.95762234,-84.39302831,10.044,3/5/2024 0:00,2058,2,2,0,0,O,CLOUDY,WET,0,ANGLE COLLISION - OTHER,ANGLE,STRAIGHT & LEVEL,DARK-HWY LIGHTED/ON,0,0,0,1
32946661,CAMPBELL,KY0824,StateRoute,,RACE TRACK,RD,,38.88890348,-84.36548326,1.528,3/5/2024 0:00,2327,1,1,0,0,O,FOG WITH RAIN,WET,0,COLLISION WITH FIXED OBJECT IN INTERSECTION - FIRST EVENT COLLISION 09 - 32,SINGLE VEHICLE,CURVE & GRADE,DARK-HWY LIGHTED/OFF,1,0,0,1
32945480,CAMPBELL,KY0008,StateRoute,,DAVE COWENS,DR,,39.10071063,-84.48986697,1.341,3/5/2024 0:00,1440,2,2,0,0,O,RAINING,WET,0,COLLISION WITH FIXED OBJECT IN INTERSECTION - FIRST EVENT COLLISION 09 - 32,SIDESWIPE-SAME DIRECTION,STRAIGHT & LEVEL,DAYLIGHT,1,0,0,1
32941493,CAMPBELL,,OTHR,1100,COLUMBIA,ST,,39.08398707,-84.49108,0.085,3/5/2024 0:00,1313,2,2,0,0,O,CLOUDY,WET,0,1 VEHICLE PARKED POSITION (NOT PARKING LOT/DRIVEWAY),SIDESWIPE-SAME DIRECTION,STRAIGHT & LEVEL,DAYLIGHT,0,0,0,1
32943939,CAMPBELL,,OTHR,119,NEWMAN,AVE,,39.07749873,-84.46152091,0.109,3/5/2024 0:00,1511,2,2,0,0,O,CLOUDY,WET,0,VEHICLE BACKING NON INTERSECTION,BACKING,STRAIGHT & HILLCREST,DAYLIGHT,0,0,0,1
32943777,CAMPBELL,I 0471,Interstate,,I471 N,,,39.05587453,-84.46926302,0.948,3/5/2024 0:00,1413,1,1,0,0,O,RAINING,WET,0,OTHER ROADWAY OR MID-BLOCK COLLISION,SINGLE VEHICLE,CURVE & LEVEL,OTHER,0,0,0,1
32952130,CAMPBELL,US0027,USRoute,7901,ALEXANDRIA,PIKE,,38.96981526,-84.39278084,10.895,3/5/2024 0:00,2000,2,2,0,0,O,CLEAR,DRY,0,1 VEHICLE ENTERING/LEAVING ENTRANCE,ANGLE,STRAIGHT & LEVEL,DARK-HWY LIGHTED/ON,0,0,0,1
32962955,CAMPBELL,US0027,USRoute,,ALEXANDRIA,PIKE,,38.95927198,-84.39309001,10.169,3/5/2024 0:00,1334,4,4,0,0,O,CLOUDY,DRY,0,REAR END IN TRAFFIC LANES BOTH VEHICLES MOVING,REAR END,STRAIGHT & GRADE,DAYLIGHT,0,0,0,1
32943917,CAMPBELL,KY1120,StateRoute,,FT THOMAS,AVE,S,39.06223134,-84.44848547,5.548,3/5/2024 0:00,915,2,2,0,0,O,CLOUDY,DRY,0,REAR END IN TRAFFIC LANES BOTH VEHICLES MOVING,REAR END,STRAIGHT & LEVEL,DAYLIGHT,0,0,0,1
32943767,CAMPBELL,I 0471,Interstate,,I471 SB,,,39.05465094,-84.4694979,0.842,3/5/2024 0:00,1450,1,1,0,0,O,RAINING,WET,0,OTHER COLLISIONS ON SHOULDER,SINGLE VEHICLE,CURVE & LEVEL,DAYLIGHT,0,0,0,1
32956143,CAMPBELL,KY0009,StateRoute,,LICKING,PIKE,,39.02357698,-84.48078537,17.809,3/6/2024 0:00,547,2,2,0,0,O,RAINING,WET,0,REAR END IN TRAFFIC LANES BOTH VEHICLES MOVING,REAR END,STRAIGHT & LEVEL,DARK-HWY LIGHTED/ON,0,0,0,1
32956144,CAMPBELL,KY0009,StateRoute,,LICKING,PIKE,,39.02367738,-84.48076546,17.817,3/6/2024 0:00,1536,2,2,0,0,O,CLOUDY,DRY,0,REAR END IN TRAFFIC LANES BOTH VEHICLES MOVING,REAR END,STRAIGHT & LEVEL,DAYLIGHT,0,0,0,1
32964659,CAMPBELL,I 0275,Interstate,,I275 E,,,39.03184247,-84.47042773,76.26,3/6/2024 0:00,739,3,3,0,0,O,RAINING,WET,0,REAR END IN TRAFFIC LANES BOTH VEHICLES MOVING,REAR END,STRAIGHT & LEVEL,DAWN,0,0,0,1
32952298,CAMPBELL,I 0471,Interstate,,I471 S,,,39.05227197,-84.46817424,0.658,3/6/2024 0:00,744,1,1,0,1,C,RAINING,WET,0,OTHER COLLISIONS ON SHOULDER,SINGLE VEHICLE,CURVE & LEVEL,DAYLIGHT,0,0,0,1
32948289,CAMPBELL,US0027,USRoute,2350,ALEXANDRIA,PIKE,,39.07449697,-84.47471081,20.376,3/6/2024 0:00,1510,2,2,0,0,O,CLOUDY,DRY,0,1 VEHICLE ENTERING/LEAVING ENTRANCE,ANGLE,STRAIGHT & LEVEL,DAYLIGHT,0,0,0,1
32950067,CAMPBELL,US0027,USRoute,,ALEXANDRIA,PIKE,,39.07640094,-84.47752985,20.527,3/6/2024 0:00,1922,2,2,0,0,O,CLOUDY,WET,0,1 VEHICLE ENTERING/LEAVING ENTRANCE,ANGLE,STRAIGHT & LEVEL,DARK-HWY NOT LIGHTED,0,0,0,1
32958319,CAMPBELL,US0027,USRoute,1704,MONMOUTH,ST,,39.08349347,-84.48285161,21.154,3/6/2024 0:00,749,2,2,0,1,C,CLOUDY,DRY,0,1 VEHICLE ENTERING/LEAVING ENTRANCE,ANGLE,CURVE & GRADE,DAWN,0,0,0,1
32947405,CAMPBELL,KY1120,StateRoute,,10TH,ST,E,39.08766445,-84.48799844,0.81,3/6/2024 0:00,1912,2,2,0,0,O,CLEAR,DRY,0,OPPOSING LEFT TURN,OPPOSING LEFT TURN,STRAIGHT & LEVEL,DAWN,0,0,0,1
33008801,CAMPBELL,US0027,USRoute,,ALEXANDRIA,PIKE,,39.00433646,-84.42464207,13.95,3/6/2024 0:00,1649,2,2,0,0,O,CLOUDY,DRY,0,OTHER INTERSECTION COLLISIONS,REAR END,STRAIGHT & GRADE,DAYLIGHT,1,0,0,1
32960666,CAMPBELL,I 0471,Interstate,,,,,39.10065776,-84.48976593,0.015,3/6/2024 0:00,1355,2,2,0,0,O,CLOUDY,DRY,0,OTHER RAMP RELATED COLLISIONS NOT LISTED ABOVE,BACKING,STRAIGHT & LEVEL,DAYLIGHT,0,0,0,1
32950512,CAMPBELL,KY0008,StateRoute,,4TH,ST,W,39.09084035,-84.4988543,0.359,3/7/2024 0:00,1056,3,3,0,0,O,CLOUDY,DRY,0,1 VEHICLE PARKED POSITION (NOT PARKING LOT/DRIVEWAY),REAR END,STRAIGHT & LEVEL,DAYLIGHT,0,0,0,1
32951932,CAMPBELL,KY0915,StateRoute,9100,LICKING,PIKE,,38.94903852,-84.41088918,2.687,3/7/2024 0:00,41,1,1,0,2,A,CLEAR,WET,0,RAN OFF ROADWAY (1 VEHICLE WITH/EARTH EMBANKMENT/DITCH),SINGLE VEHICLE,STRAIGHT & LEVEL,DARK-HWY NOT LIGHTED,0,0,0,1
32952908,CAMPBELL,,OTHR,,6TH,ST,E,39.09565028,-84.48605984,0.183,3/7/2024 0:00,1728,2,2,0,0,O,CLEAR,DRY,0,VEHICLE BACKING IN INTERSECTION,BACKING,STRAIGHT & LEVEL,DAYLIGHT,1,0,0,1
32955332,CAMPBELL,KY1892,StateRoute,,GRAND,AVE,,39.08545847,-84.47478104,1.995,3/7/2024 0:00,1630,2,2,0,0,O,CLEAR,DRY,0,REAR END IN TRAFFIC LANES BOTH VEHICLES MOVING,REAR END,CURVE & LEVEL,DAYLIGHT,0,0,0,1
32952911,CAMPBELL,I 0471,Interstate,,I471 N,,,39.09929467,-84.49211285,4.762,3/7/2024 0:00,1819,3,3,0,0,O,CLEAR,DRY,0,REAR END IN TRAFFIC LANES BOTH VEHICLES MOVING,REAR END,STRAIGHT & LEVEL,DAWN,0,0,0,1
32957243,CAMPBELL,KY0536,StateRoute,,CREEKTRACE,RD,,38.93474836,-84.41931583,1.978,3/8/2024 0:00,1845,1,1,0,0,O,RAINING,WET,0,OTHER COLLISIONS ON SHOULDER,SINGLE VEHICLE,CURVE & GRADE,DARK-HWY NOT LIGHTED,0,0,0,1
32970413,CAMPBELL,US0027,USRoute,,ALEXANDRIA,PIKE,,38.95766201,-84.39302284,10.047,3/8/2024 0:00,2203,2,2,0,3,A,RAINING,WET,0,ANGLE COLLISION - OTHER,ANGLE,CURVE & LEVEL,DARK-HWY LIGHTED/ON,0,0,0,1
33000040,CAMPBELL,,OTHR,,POPLAR,ST,,39.10343359,-84.48366386,0.398,3/8/2024 0:00,1255,2,2,0,0,O,CLOUDY,DRY,0,1 VEHICLE PARKED POSITION (NOT PARKING LOT/DRIVEWAY),ANGLE,STRAIGHT & LEVEL,DAYLIGHT,0,0,0,1
32953850,CAMPBELL,US0027,USRoute,,ALEXANDRIA,PIKE,,38.8610944,-84.38978934,3.123,3/8/2024 0:00,611,1,1,0,0,O,RAINING,WET,0,COLLISION WITH ANIMAL NON INTERSECTION,SINGLE VEHICLE,STRAIGHT & LEVEL,DAYLIGHT,0,0,0,1
32964662,CAMPBELL,US0027,USRoute,,ALEXANDRIA,PIKE,,39.04464286,-84.44605659,17.426,3/8/2024 0:00,533,1,1,0,0,O,RAINING,WET,0,COLLISION WITH ANIMAL NON INTERSECTION,SINGLE VEHICLE,STRAIGHT & LEVEL,DARK-HWY NOT LIGHTED,0,0,0,1