IncidentID,County,RdwyNumber,RdwyType,Street,RoadwayName,StreetSfx,StreetDir,Latitude,Longitude,Milepoint,CollisionDate,CollisionTime,UnitsInvolved,MotorVehiclesInvolved,NumberKilled,NumberInjured,KABCO,Weather,RdwyConditionCode,HitandRun,DirAnalysisCode,MannerofCollision,RdwyCharacter,LightCondition,Intersection Crash,Bicyclist,Pedestrian,Motor Vehicles
32958013,CAMPBELL,US0027,USRoute,,ALEXANDRIA,PIKE,,38.89144138,-84.38577715,5.379,3/8/2024 0:00,700,1,1,0,0,O,RAINING,WET,0,COLLISION WITH ANIMAL NON INTERSECTION,SINGLE VEHICLE,STRAIGHT & LEVEL,DAWN,0,0,0,1
32964665,CAMPBELL,,OTHR,234,SUNSET,DR,,39.03700798,-84.45725331,0.494,3/9/2024 0:00,2118,2,2,0,0,O,CLOUDY,DRY,1,1 VEHICLE PARKED POSITION (NOT PARKING LOT/DRIVEWAY),SIDESWIPE-SAME DIRECTION,STRAIGHT & LEVEL,DAYLIGHT,0,0,0,1
32961067,CAMPBELL,US0027,USRoute,,YORK,ST,,39.08619342,-84.49068806,21.706,3/9/2024 0:00,1240,2,2,0,0,O,CLOUDY,DRY,0,ANGLE COLLISION - OTHER,ANGLE,STRAIGHT & LEVEL,DAYLIGHT,0,0,0,1
32968590,CAMPBELL,US0027,USRoute,,ALEXANDRIA,PIKE,,38.97330881,-84.39219481,11.142,3/9/2024 0:00,2024,2,2,0,0,O,CLEAR,DRY,0,OTHER INTERSECTION COLLISIONS,REAR END,STRAIGHT & LEVEL,DARK-HWY LIGHTED/ON,1,0,0,1
32959975,CAMPBELL,KY1892,StateRoute,74,CAROTHERS,RD,,39.08622903,-84.4788123,2.238,3/9/2024 0:00,1822,2,2,0,0,O,CLEAR,DRY,0,SIDESWIPE COLLISION - SAME DIRECTION,SIDESWIPE-SAME DIRECTION,STRAIGHT & LEVEL,DAYLIGHT,0,0,0,1
32963561,CAMPBELL,KY1632,StateRoute,,MOOCK,RD,,39.06446348,-84.46963725,1.328,3/10/2024 0:00,1452,2,2,0,0,O,CLEAR,DRY,0,ANGLE COLLISION - OTHER,ANGLE,STRAIGHT & LEVEL,DAYLIGHT,0,0,0,1
32965279,CAMPBELL,US0027,USRoute,,ALEXANDRIA,PIKE,,38.8886072,-84.38635869,5.181,3/10/2024 0:00,530,1,1,0,0,O,CLEAR,DRY,0,COLLISION WITH ANIMAL NON INTERSECTION,SINGLE VEHICLE,STRAIGHT & LEVEL,DARK (UNKNOWN ROADWAY LIGHTING),0,0,0,1
33936394,CAMPBELL,,OTHR,,BLUEGRASS,AVE,,39.07531715,-84.47691327,0.297,3/11/2024 0:00,1235,2,2,0,0,O,CLEAR,DRY,0,OTHER ROADWAY OR MID-BLOCK COLLISION,OPPOSING LEFT TURN,STRAIGHT & HILLCREST,DAYLIGHT,0,0,0,1
32965866,CAMPBELL,KY0008,StateRoute,,3RD,ST,E,39.09566387,-84.49330406,0.813,3/11/2024 0:00,1319,2,2,0,0,O,CLEAR,DRY,0,OTHER INTERSECTION COLLISIONS,REAR END,STRAIGHT & LEVEL,DAYLIGHT,1,0,0,1
32966575,CAMPBELL,,OTHR,110,NEWPORT PAVILION,,,39.09184986,-84.47976489,0.079,3/11/2024 0:00,1210,2,2,0,0,O,CLEAR,DRY,1,REAR END IN TRAFFIC LANES BOTH VEHICLES MOVING,REAR END,STRAIGHT & LEVEL,DAYLIGHT,0,0,0,1
32980358,CAMPBELL,,OTHR,,HIDDEN VALLEY,DR,,39.03525465,-84.454327,0.013,3/11/2024 0:00,1907,2,2,0,0,O,CLEAR,DRY,1,SIDESWIPE COLLISION - SAME DIRECTION,SIDESWIPE-SAME DIRECTION,STRAIGHT & LEVEL,DAYLIGHT,0,0,0,1
32967800,CAMPBELL,,OTHR,,6TH,ST,E,39.09342424,-84.49015382,0.414,3/11/2024 0:00,1851,2,2,0,0,O,CLEAR,DRY,0,1 VEHICLE ENTERING/LEAVING ENTRANCE,ANGLE,STRAIGHT & LEVEL,DAYLIGHT,0,0,0,1
32976338,CAMPBELL,,OTHR,,FAUSZ,RD,,38.98181967,-84.3529009,0.372,3/11/2024 0:00,1840,2,2,0,0,O,CLEAR,DRY,0,SIDESWIPE COLLISION - OPPOSITE DIRECTION,SIDESWIPE-OPPOSITE DIRECTION,STRAIGHT & HILLCREST,DAYLIGHT,0,0,0,1
32971171,CAMPBELL,,OTHR,829,ISABELLA,ST,,39.0859835,-84.49661892,0.363,3/12/2024 0:00,624,2,2,0,0,O,CLEAR,DRY,1,1 VEHICLE PARKED POSITION (NOT PARKING LOT/DRIVEWAY),SIDESWIPE-SAME DIRECTION,STRAIGHT & LEVEL,DARK-HWY NOT LIGHTED,0,0,0,1
32974123,CAMPBELL,US0027,USRoute,4000,ALEXANDRIA,PIKE,,39.02379911,-84.44258375,15.584,3/12/2024 0:00,2018,2,2,0,0,O,CLEAR,DRY,1,REAR END IN TRAFFIC LANES BOTH VEHICLES MOVING,REAR END,STRAIGHT & LEVEL,DAYLIGHT,0,0,0,1
32975423,CAMPBELL,KY0445,StateRoute,,RIVER,RD,,39.05654332,-84.43454928,0.018,3/12/2024 0:00,1622,2,2,0,0,O,CLEAR,DRY,0,VEHICLE BACKING IN INTERSECTION,BACKING,STRAIGHT & LEVEL,DAYLIGHT,1,0,0,1
32978878,CAMPBELL,US0027,USRoute,,ALEXANDRIA,PIKE,,38.98569441,-84.40301831,12.245,3/12/2024 0:00,1120,2,2,0,0,O,CLEAR,DRY,0,OTHER INTERSECTION COLLISIONS,REAR END,STRAIGHT & GRADE,DAYLIGHT,1,0,0,1
32974127,CAMPBELL,US0027,USRoute,,ALEXANDRIA,PIKE,,38.95759474,-84.39315429,10.045,3/12/2024 0:00,6,1,1,0,0,O,CLEAR,DRY,0,COLLISION WITH ANIMAL IN INTERSECTION,SINGLE VEHICLE,STRAIGHT & GRADE,DARK-HWY LIGHTED/OFF,1,0,0,1
33002146,CAMPBELL,I 0275,Interstate,,I275 E,,,39.05676542,-84.43121841,,3/13/2024 0:00,1703,2,1,0,0,O,CLEAR,DRY,0,OTHER ROADWAY OR MID-BLOCK COLLISION,REAR END,STRAIGHT & LEVEL,DAYLIGHT,0,0,0,1
32986114,CAMPBELL,KY2238,StateRoute,,UNIVERSITY,DR,,39.03376832,-84.46024796,0.366,3/13/2024 0:00,1320,2,2,0,0,O,CLEAR,DRY,0,OTHER INTERSECTION COLLISIONS,REAR END,STRAIGHT & GRADE,DAYLIGHT,1,0,0,1
32979656,CAMPBELL,,OTHR,,LUMLEY,AVE,,39.08018789,-84.44861617,0.277,3/13/2024 0:00,900,2,2,0,0,O,CLEAR,DRY,0,SIDESWIPE-SAME DIRECTION,SIDESWIPE-SAME DIRECTION,STRAIGHT & LEVEL,DAYLIGHT,0,0,0,1
32979246,CAMPBELL,US0027,USRoute,,ALEXANDRIA,PIKE,,38.84925977,-84.37998227,,3/13/2024 0:00,1838,2,2,0,0,O,CLEAR,DRY,0,SIDESWIPE COLLISION - SAME DIRECTION,SIDESWIPE-SAME DIRECTION,STRAIGHT & GRADE,DAYLIGHT,0,0,0,1
33009372,CAMPBELL,I 0275,Interstate,,I275 E,,,39.05679804,-84.43083647,,3/13/2024 0:00,1809,2,2,0,0,O,CLEAR,DRY,0,REAR END IN TRAFFIC LANES BOTH VEHICLES MOVING,REAR END,STRAIGHT & LEVEL,DAYLIGHT,0,0,0,1
32979245,CAMPBELL,,OTHR,,DAVJO,DR,,39.00814523,-84.42338097,0.228,3/13/2024 0:00,1019,2,2,0,0,O,CLEAR,DRY,0,REAR END IN TRAFFIC LANES BOTH VEHICLES MOVING,REAR END,STRAIGHT & HILLCREST,DAYLIGHT,0,0,0,1
32989246,CAMPBELL,,OTHR,5,HIGHLAND MEADOWS,DR,,39.02618627,-84.45936888,0.272,3/13/2024 0:00,1136,2,2,0,0,O,CLEAR,DRY,0,1 VEHICLE PARKED POSITION (NOT PARKING LOT/DRIVEWAY),SIDESWIPE-SAME DIRECTION,STRAIGHT & LEVEL,DARK (UNKNOWN ROADWAY LIGHTING),0,0,0,1
32994661,CAMPBELL,,OTHR,1005,BERRY,AVE,,39.09582752,-84.47672452,0.042,3/13/2024 0:00,2300,2,2,0,0,O,CLEAR,DRY,1,1 VEHICLE PARKED POSITION (NOT PARKING LOT/DRIVEWAY),ANGLE,STRAIGHT & GRADE,DARK (UNKNOWN ROADWAY LIGHTING),0,0,0,1
32989778,CAMPBELL,KY0009,StateRoute,,AA,HWY,,39.02039044,-84.48150661,17.565,3/14/2024 0:00,1629,2,2,0,0,O,CLEAR,DRY,0,SIDESWIPE COLLISION - SAME DIRECTION,SIDESWIPE-SAME DIRECTION,CURVE & LEVEL,DAYLIGHT,0,0,0,1
32991089,CAMPBELL,,OTHR,,WASHINGTON,ST,,38.96458087,-84.39250764,0.014,3/14/2024 0:00,732,2,2,0,0,O,CLEAR,DRY,1,SIDESWIPE-SAME DIRECTION,SIDESWIPE-SAME DIRECTION,CURVE & LEVEL,DAYLIGHT,0,0,0,1
33030478,CAMPBELL,US0027,USRoute,,ALEXANDRIA,PIKE,,39.03693517,-84.45395167,16.732,3/14/2024 0:00,1216,2,2,0,0,O,CLEAR,DRY,0,SIDESWIPE-SAME DIRECTION,SIDESWIPE-SAME DIRECTION,STRAIGHT & LEVEL,DAYLIGHT,0,0,0,1
33078824,CAMPBELL,,OTHR,,GLAZIER,AVE,,39.09387129,-84.47623018,0.203,3/14/2024 0:00,900,1,1,0,0,O,CLEAR,DRY,0,OTHER INTERSECTION COLLISIONS,SINGLE VEHICLE,STRAIGHT & GRADE,DAYLIGHT,1,0,0,1
32982051,CAMPBELL,,OTHR,,NEWPORT PAVILION,,,39.09267263,-84.48060324,0.004,3/14/2024 0:00,1225,2,2,0,0,O,CLOUDY,DRY,0,OTHER INTERSECTION COLLISIONS,REAR END,STRAIGHT & GRADE,DAYLIGHT,1,0,0,1
32989247,CAMPBELL,KY0471,StateRoute,,KY471,,,39.03696511,-84.45411896,,3/14/2024 0:00,1237,2,2,0,0,O,CLEAR,DRY,0,OTHER INTERSECTION COLLISIONS,REAR END,STRAIGHT & LEVEL,DAYLIGHT,1,0,0,1
32984630,CAMPBELL,I 0471,Interstate,,I471 N,,,39.07548288,-84.46779016,2.506,3/14/2024 0:00,1427,1,1,0,0,O,RAINING,WET,0,COLLISION WITH FIXED OBJECT NON - INTERSECTION - FIRST EVENT COLLISION 09 - 32 EXCLUDING 16,SINGLE VEHICLE,STRAIGHT & GRADE,DAYLIGHT,0,0,0,1
32981888,CAMPBELL,I 0471,Interstate,,,,,39.08543274,-84.47448513,0.208,3/14/2024 0:00,1209,2,2,0,0,O,CLEAR,DRY,0,OTHER RAMP RELATED COLLISIONS NOT LISTED ABOVE,REAR END,STRAIGHT & GRADE,DAYLIGHT,0,0,0,1
32984632,CAMPBELL,,OTHR,,KEENELAND,DR,,39.08039746,-84.46475216,,3/14/2024 0:00,1930,1,1,0,0,O,CLEAR,DRY,0,OTHER ROADWAY OR MID-BLOCK COLLISION,SINGLE VEHICLE,STRAIGHT & LEVEL,DUSK,0,0,0,1
32983680,CAMPBELL,I 0275,Interstate,,,,,39.04648764,-84.46279778,0.321,3/14/2024 0:00,2201,1,1,0,1,C,CLOUDY,DRY,0,COLLISION WITH FIXED OBJECT NOT IN GORE ,SINGLE VEHICLE,CURVE & GRADE,DARK-HWY LIGHTED/ON,0,0,0,1
32987282,CAMPBELL,I 0471,Interstate,,,,,39.08539666,-84.47469676,0.216,3/15/2024 0:00,1853,2,2,0,0,O,CLOUDY,DRY,0,OTHER RAMP RELATED COLLISIONS NOT LISTED ABOVE,REAR END,CURVE & GRADE,DAYLIGHT,0,0,0,1
32989113,CAMPBELL,US0027,USRoute,,,,,39.00331102,-84.42332976,0.565,3/15/2024 0:00,858,2,2,0,0,O,CLOUDY,DRY,0,OTHER RAMP RELATED COLLISIONS NOT LISTED ABOVE,REAR END,STRAIGHT & LEVEL,DAYLIGHT,0,0,0,1
32994173,CAMPBELL,I 0275,Interstate,,I275 W,,,39.03867484,-84.47040904,75.847,3/15/2024 0:00,449,1,1,0,0,O,CLOUDY,DRY,0,COLLISION WITH ANIMAL NON INTERSECTION,SINGLE VEHICLE,STRAIGHT & GRADE,DARK-HWY LIGHTED/ON,0,0,0,1
32998973,CAMPBELL,US0027,USRoute,6801,ALEXANDRIA,PIKE,,38.98583876,-84.4029025,12.243,3/15/2024 0:00,1831,1,1,0,0,O,CLEAR,DRY,0,COLLISION WITH FIXED OBJECT NON - INTERSECTION - FIRST EVENT COLLISION 09 - 32 EXCLUDING 16,SINGLE VEHICLE,STRAIGHT & LEVEL,DAYLIGHT,0,0,0,1
32988267,CAMPBELL,US0027,USRoute,1601,MONMOUTH,ST,,39.0851259,-84.48629607,21.353,3/15/2024 0:00,130,1,1,0,1,A,CLOUDY,WET,0,COLLISION WITH FIXED OBJECT NON - INTERSECTION - FIRST EVENT COLLISION 09 - 32 EXCLUDING 16,SINGLE VEHICLE,STRAIGHT & LEVEL,DARK-HWY LIGHTED/ON,0,0,0,1
32988959,CAMPBELL,,OTHR,521,LINDSEY,ST,,39.08293328,-84.49824471,0.062,3/15/2024 0:00,1530,1,1,0,0,O,CLEAR,DRY,0,COLLISION WITH FIXED OBJECT NON - INTERSECTION - FIRST EVENT COLLISION 09 - 32 EXCLUDING 16,SINGLE VEHICLE,STRAIGHT & LEVEL,DAYLIGHT,0,0,0,1
32988233,CAMPBELL,,OTHR,,CENTRAL,ST,,39.08119145,-84.49020421,0.037,3/15/2024 0:00,2130,1,1,0,0,O,CLEAR,DRY,1,COLLISION WITH FIXED OBJECT IN INTERSECTION - FIRST EVENT COLLISION 09 - 32,SINGLE VEHICLE,STRAIGHT & GRADE,DARK-HWY LIGHTED/ON,1,0,0,1
32994663,CAMPBELL,KY0008,StateRoute,,DAVE COWENS,DR,,39.10182101,-84.48866933,1.445,3/15/2024 0:00,1200,2,2,0,0,O,CLOUDY,DRY,0,SIDESWIPE-SAME DIRECTION,SIDESWIPE-SAME DIRECTION,STRAIGHT & LEVEL,DAYLIGHT,0,0,0,1
32989330,CAMPBELL,I 0275,Interstate,,I275 E,,,39.04342022,-84.46789976,75.426,3/15/2024 0:00,1710,2,2,0,0,O,CLOUDY,DRY,0,SIDESWIPE COLLISION - SAME DIRECTION,SIDESWIPE-SAME DIRECTION,STRAIGHT & LEVEL,DAYLIGHT,0,0,0,1
32988283,CAMPBELL,KY0008,StateRoute,,4TH,ST,W,39.09151936,-84.49764267,0.453,3/16/2024 0:00,16,2,2,0,0,O,CLEAR,DRY,1,1 VEHICLE ENTERING/LEAVING ENTRANCE,ANGLE,STRAIGHT & LEVEL,DARK-HWY LIGHTED/ON,0,0,0,1
33738832,CAMPBELL,US0027,USRoute,,ALEXANDRIA,PIKE,,38.86595033,-84.39388017,3.519,3/16/2024 0:00,2237,2,2,0,0,O,CLEAR,DRY,1,SIDESWIPE COLLISION - OPPOSITE DIRECTION,SIDESWIPE-OPPOSITE DIRECTION,STRAIGHT & LEVEL,DARK-HWY NOT LIGHTED,0,0,0,1
32998970,CAMPBELL,US0027,USRoute,,ALEXANDRIA,PIKE,,38.96159486,-84.39295412,10.346,3/16/2024 0:00,1259,2,2,0,0,O,CLEAR,DRY,0,ANGLE COLLISION - OTHER,ANGLE,STRAIGHT & GRADE,DAYLIGHT,0,0,0,1
32992487,CAMPBELL,,OTHR,,OVERTON,ST,,39.09546674,-84.49138517,0.438,3/16/2024 0:00,1051,2,1,0,0,O,CLEAR,DRY,0,COLLISION WITH BICYCLIST NON INTERSECTION,SINGLE VEHICLE,STRAIGHT & LEVEL,DAYLIGHT,0,1,0,0
32991296,CAMPBELL,,OTHR,,9TH,ST,W,39.08299137,-84.49968668,0.521,3/17/2024 0:00,200,2,1,0,1,B,CLEAR,DRY,1,COLLISION WITH PEDESTRIAN IN INTERSECTION,SINGLE VEHICLE,STRAIGHT & LEVEL,DARK-HWY NOT LIGHTED,1,0,1,0
32994282,CAMPBELL,KY1892,StateRoute,,GRAND,AVE,,39.0804294,-84.46737603,1.434,3/17/2024 0:00,2011,2,2,0,0,O,CLEAR,DRY,0,ANGLE COLLISION - ONE VEHICLE TURNING LEFT,ANGLE,STRAIGHT & LEVEL,DARK-HWY LIGHTED/ON,0,0,0,1
32995207,CAMPBELL,US0027,USRoute,,ALEXANDRIA,PIKE,,39.0413891,-84.44876419,17.15,3/17/2024 0:00,1541,2,2,0,1,C,CLEAR,DRY,0,SIDESWIPE COLLISION - SAME DIRECTION,SIDESWIPE-SAME DIRECTION,STRAIGHT & LEVEL,DAYLIGHT,0,0,0,1
32997770,CAMPBELL,,OTHR,900,MONROE,ST,,39.09180809,-84.48664544,0.188,3/17/2024 0:00,1425,2,2,0,0,O,CLEAR,DRY,0,1 VEHICLE ENTERING/LEAVING ENTRANCE,ANGLE,STRAIGHT & LEVEL,DAYLIGHT,0,0,0,1
32993307,CAMPBELL,US0027,USRoute,5400,ALEXANDRIA,PIKE,,38.99925013,-84.41871706,13.484,3/17/2024 0:00,1342,2,2,0,2,B,CLEAR,DRY,0,1 VEHICLE ENTERING/LEAVING ENTRANCE,ANGLE,STRAIGHT & LEVEL,DAYLIGHT,0,0,0,1
33009424,CAMPBELL,KY0915,StateRoute,,LICKING,PIKE,,38.99179621,-84.43688107,7.328,3/18/2024 0:00,1436,2,2,0,3,B,CLOUDY,WET,0,HEAD-ON COLLISION,HEAD ON,CURVE & GRADE,DAYLIGHT,0,0,0,1
33012580,CAMPBELL,I 0275,Interstate,,I275 E,,,39.02597948,-84.47607019,76.768,3/18/2024 0:00,1818,1,1,0,0,O,CLOUDY,DRY,0,OTHER COLLISIONS ON SHOULDER,SINGLE VEHICLE,STRAIGHT & GRADE,DAYLIGHT,0,0,0,1
32997799,CAMPBELL,KY0009,StateRoute,,AA,HWY,,39.01964901,-84.48142024,17.517,3/18/2024 0:00,1344,2,2,0,0,O,SNOWING,WET,0,SIDESWIPE COLLISION - SAME DIRECTION,SIDESWIPE-SAME DIRECTION,STRAIGHT & LEVEL,DAYLIGHT,0,0,0,1
32997613,CAMPBELL,,OTHR,,13TH,ST,W,39.08125901,-84.49025834,0.294,3/18/2024 0:00,845,1,1,0,0,O,CLEAR,DRY,1,COLLISION WITH FIXED OBJECT IN INTERSECTION - FIRST EVENT COLLISION 09 - 32,SINGLE VEHICLE,STRAIGHT & HILLCREST,UNKNOWN,1,0,0,1
33002517,CAMPBELL,,OTHR,200,9TH,ST,E,39.08929278,-84.48844082,0.523,3/19/2024 0:00,1400,2,2,0,0,O,CLEAR,DRY,0,SIDESWIPE COLLISION - SAME DIRECTION,SIDESWIPE-SAME DIRECTION,STRAIGHT & LEVEL,DAYLIGHT,0,0,0,1
33002518,CAMPBELL,,OTHR,,NEWPORT PAVILION,,,39.09249571,-84.48050346,0.015,3/19/2024 0:00,930,2,2,0,0,O,CLEAR,DRY,1,SIDESWIPE COLLISION - SAME DIRECTION,SIDESWIPE-SAME DIRECTION,CURVE & LEVEL,DAYLIGHT,0,0,0,1
33031480,CAMPBELL,KY0009,StateRoute,,AA,HWY,,38.94017551,-84.32448456,6.873,3/19/2024 0:00,1815,2,2,0,1,A,CLEAR,DRY,0,REAR END IN TRAFFIC LANES BOTH VEHICLES MOVING,REAR END,STRAIGHT & LEVEL,DAYLIGHT,0,0,0,1
33009420,CAMPBELL,US0027,USRoute,,ALEXANDRIA,PIKE,,38.86395685,-84.39198891,3.35,3/20/2024 0:00,512,1,1,0,0,O,CLOUDY,DRY,0,COLLISION WITH ANIMAL NON INTERSECTION,SINGLE VEHICLE,STRAIGHT & LEVEL,DARK-HWY NOT LIGHTED,0,0,0,1
33009422,CAMPBELL,US0027,USRoute,,ALEXANDRIA,PIKE,,38.86395685,-84.39198891,3.35,3/20/2024 0:00,512,1,1,0,0,O,CLOUDY,DRY,0,COLLISION WITH ANIMAL NON INTERSECTION,SINGLE VEHICLE,STRAIGHT & LEVEL,DARK-HWY NOT LIGHTED,0,0,0,1
33012581,CAMPBELL,KY0009,StateRoute,1200,AA,HWY,,39.01812244,-84.48023683,17.394,3/20/2024 0:00,1935,2,2,0,0,O,CLEAR,DRY,0,ANGLE COLLISION - OTHER,ANGLE,STRAIGHT & LEVEL,DAYLIGHT,0,0,0,1
33011804,CAMPBELL,,OTHR,,9TH,ST,W,39.0867164,-84.49311528,0.085,3/20/2024 0:00,720,2,2,0,0,O,CLEAR,DRY,0,OTHER INTERSECTION COLLISIONS,REAR END,STRAIGHT & LEVEL,DAYLIGHT,1,0,0,1
33024225,CAMPBELL,US0027,USRoute,,ALEXANDRIA,PIKE,,39.03531633,-84.45415521,16.635,3/20/2024 0:00,1636,2,2,0,0,O,CLEAR,DRY,0,OTHER INTERSECTION COLLISIONS,REAR END,STRAIGHT & LEVEL,DAYLIGHT,1,0,0,1
33013907,CAMPBELL,KY0009,StateRoute,,AA,HWY,,38.95829589,-84.34151353,8.456,3/20/2024 0:00,2156,2,2,0,0,O,CLEAR,DRY,0,SIDESWIPE-SAME DIRECTION,SIDESWIPE-SAME DIRECTION,STRAIGHT & GRADE,DARK-HWY LIGHTED/ON,0,0,0,1
33027537,CAMPBELL,,OTHR,256,DODD,DR,,39.11221363,-84.48082309,0.129,3/20/2024 0:00,724,2,2,0,0,O,CLEAR,DRY,0,SIDESWIPE COLLISION - SAME DIRECTION,SIDESWIPE-SAME DIRECTION,STRAIGHT & LEVEL,DAYLIGHT,0,0,0,1
33027866,CAMPBELL,,OTHR,,POPLAR RIDGE,RD,,38.97554684,-84.37737908,0.826,3/20/2024 0:00,1725,2,2,0,0,O,CLEAR,DRY,0,SIDESWIPE COLLISION - OPPOSITE DIRECTION,SIDESWIPE-OPPOSITE DIRECTION,STRAIGHT & LEVEL,DAYLIGHT,0,0,0,1
33008802,CAMPBELL,US0027,USRoute,,ALEXANDRIA,PIKE,,39.01552549,-84.43372969,14.832,3/20/2024 0:00,1829,2,2,0,0,O,CLEAR,DRY,0,1 VEHICLE ENTERING/LEAVING ENTRANCE,ANGLE,STRAIGHT & LEVEL,DAYLIGHT,0,0,0,1
33013911,CAMPBELL,,OTHR,17,MAPLEWOOD,CT,,38.95226932,-84.36286524,0.064,3/20/2024 0:00,845,2,2,0,0,O,CLEAR,DRY,0,VEHICLE BACKING NON INTERSECTION,BACKING,STRAIGHT & LEVEL,DAYLIGHT,0,0,0,1
33399486,CAMPBELL,KY1120,StateRoute,700,10TH,ST,E,39.09215772,-84.48157191,1.312,3/21/2024 0:00,1558,2,2,0,0,O,CLEAR,DRY,0,SIDESWIPE COLLISION - SAME DIRECTION,SIDESWIPE-SAME DIRECTION,STRAIGHT & LEVEL,DAYLIGHT,0,0,0,1
33013422,CAMPBELL,US0027,USRoute,,MONMOUTH,ST,,39.08800049,-84.48978246,21.644,3/21/2024 0:00,1848,2,2,0,0,O,CLEAR,DRY,1,1 VEHICLE PARKED POSITION (NOT PARKING LOT/DRIVEWAY),SIDESWIPE-SAME DIRECTION,STRAIGHT & GRADE,DAYLIGHT,0,0,0,1
33018043,CAMPBELL,I 0275,Interstate,,I275 W,,,39.04578957,-84.46522095,75.254,3/21/2024 0:00,1608,2,2,0,0,O,CLEAR,DRY,0,REAR END IN TRAFFIC LANES BOTH VEHICLES MOVING,REAR END,STRAIGHT & LEVEL,DAYLIGHT,0,0,0,1
33024721,CAMPBELL,US0027,USRoute,1429,ALEXANDRIA,PIKE,,39.05429569,-84.4493906,18.157,3/21/2024 0:00,1628,2,2,0,0,O,CLEAR,DRY,0,1 VEHICLE PARKED POSITION (NOT PARKING LOT/DRIVEWAY),BACKING,STRAIGHT & LEVEL,DAYLIGHT,0,0,0,1
33018160,CAMPBELL,US0027,USRoute,,ALEXANDRIA,PIKE,,39.02313156,-84.44147191,15.518,3/21/2024 0:00,702,1,1,0,0,O,CLEAR,DRY,0,COLLISION WITH ANIMAL NON INTERSECTION,SINGLE VEHICLE,STRAIGHT & LEVEL,DARK-HWY LIGHTED/ON,0,0,0,1
33010991,CAMPBELL,I 0471,Interstate,,I471 N,,,39.07564516,-84.46794875,2.521,3/21/2024 0:00,830,3,3,0,0,O,CLEAR,DRY,0,OTHER ROADWAY OR MID-BLOCK COLLISION,REAR END,STRAIGHT & LEVEL,DAYLIGHT,0,0,0,1
33020577,CAMPBELL,KY0009,StateRoute,,LICKING,PIKE,,39.03309865,-84.48040938,18.461,3/22/2024 0:00,728,2,2,0,0,O,CLEAR,DRY,0,1 VEHICLE ENTERING/LEAVING ENTRANCE,ANGLE,STRAIGHT & LEVEL,DAWN,0,0,0,1
33020595,CAMPBELL,KY0008,StateRoute,,4TH,ST,W,39.08848381,-84.50289001,0.106,3/23/2024 0:00,1927,2,2,0,0,O,CLEAR,DRY,0,1 VEHICLE ENTERING/LEAVING ENTRANCE,ANGLE,STRAIGHT & LEVEL,DAYLIGHT,0,0,0,1
33022423,CAMPBELL,,OTHR,,ALEXANDRIA,PIKE,E,39.01987698,-84.42909818,0.203,3/23/2024 0:00,1533,2,2,0,0,O,CLEAR,DRY,0,1 VEHICLE ENTERING/LEAVING ENTRANCE,ANGLE,STRAIGHT & LEVEL,DAYLIGHT,0,0,0,1
33027520,CAMPBELL,KY1120,StateRoute,,MEMORIAL,PKWY,,39.09268099,-84.47522593,1.676,3/23/2024 0:00,1334,2,2,0,1,B,CLEAR,DRY,0,HEAD-ON COLLISION,HEAD ON,CURVE & LEVEL,DAYLIGHT,0,0,0,1
33027521,CAMPBELL,,OTHR,,RIVIERA,DR,,39.09835437,-84.48467276,0.321,3/23/2024 0:00,2240,2,2,0,0,O,CLEAR,DRY,0,REAR END IN TRAFFIC LANES BOTH VEHICLES MOVING,REAR END,STRAIGHT & LEVEL,DARK-HWY LIGHTED/ON,0,0,0,1
33027865,CAMPBELL,US0027,USRoute,7105,ALEXANDRIA,PIKE,,38.98333961,-84.39977693,11.997,3/23/2024 0:00,2143,1,1,0,0,O,CLEAR,DRY,0,COLLISION WITH FIXED OBJECT NON - INTERSECTION - FIRST EVENT COLLISION 09 - 32 EXCLUDING 16,SINGLE VEHICLE,STRAIGHT & GRADE,DARK (UNKNOWN ROADWAY LIGHTING),0,0,0,1
33021282,CAMPBELL,,OTHR,,LICKING,PIKE,S,38.89734279,-84.38773181,0.604,3/23/2024 0:00,2300,1,1,0,0,O,CLEAR,DRY,1,COLLISION WITH FIXED OBJECT NON - INTERSECTION - FIRST EVENT COLLISION 09 - 32 EXCLUDING 16,SINGLE VEHICLE,STRAIGHT & GRADE,DARK-HWY NOT LIGHTED,0,0,0,1
33024724,CAMPBELL,KY0445,StateRoute,75,GRANDVIEW,AVE,,39.06288734,-84.45224104,1.239,3/23/2024 0:00,110,4,4,0,0,O,CLEAR,WET,1,1 VEHICLE PARKED POSITION (NOT PARKING LOT/DRIVEWAY),HEAD ON,CURVE & GRADE,DARK-HWY LIGHTED/ON,0,0,0,1
33024226,CAMPBELL,,OTHR,,HIGHLAND MEADOWS,DR,,39.02566502,-84.45576252,0.002,3/23/2024 0:00,1548,2,2,0,0,O,CLEAR,DRY,0,REAR END - ONE VEHICLE TURNING LEFT,REAR END,STRAIGHT & GRADE,DAYLIGHT,0,0,0,1
33022424,CAMPBELL,US0027,USRoute,,ALEXANDRIA,PIKE,,39.01876902,-84.43658938,15.096,3/23/2024 0:00,1255,2,2,0,0,O,CLEAR,DRY,0,ANGLE COLLISION - ONE VEHICLE TURNING LEFT,ANGLE,STRAIGHT & LEVEL,DAYLIGHT,0,0,0,1