IncidentID,County,RdwyNumber,RdwyType,Street,RoadwayName,StreetSfx,StreetDir,Latitude,Longitude,Milepoint,CollisionDate,CollisionTime,UnitsInvolved,MotorVehiclesInvolved,NumberKilled,NumberInjured,KABCO,Weather,RdwyConditionCode,HitandRun,DirAnalysisCode,MannerofCollision,RdwyCharacter,LightCondition,Intersection Crash,Bicyclist,Pedestrian,Motor Vehicles
33030300,CAMPBELL,,OTHR,22,RETREAT,ST,,39.06980739,-84.47190283,0.073,3/23/2024 0:00,1146,1,1,0,0,O,CLEAR,DRY,1,OTHER ROADWAY OR MID-BLOCK COLLISION,SINGLE VEHICLE,STRAIGHT & LEVEL,DAYLIGHT,0,0,0,1
33024227,CAMPBELL,KY2238,StateRoute,,THREE MILE,RD,,39.04319906,-84.46714294,1.137,3/24/2024 0:00,55,1,1,0,0,O,CLOUDY,DRY,0,OTHER ROADWAY OR MID-BLOCK COLLISION,SINGLE VEHICLE,STRAIGHT & GRADE,DARK (UNKNOWN ROADWAY LIGHTING),0,0,0,1
33026522,CAMPBELL,KY1892,StateRoute,,CAROTHERS,RD,,39.08447506,-84.48244576,2.477,3/24/2024 0:00,1653,2,2,0,0,O,CLEAR,DRY,0,OTHER ROADWAY OR MID-BLOCK COLLISION,REAR END,STRAIGHT & HILLCREST,DAYLIGHT,0,0,0,1
33022428,CAMPBELL,US0027,USRoute,3708,ALEXANDRIA,PIKE,,39.02227079,-84.44062359,15.44,3/24/2024 0:00,1537,2,2,0,0,O,CLEAR,DRY,0,REAR END IN TRAFFIC LANES BOTH VEHICLES MOVING,REAR END,STRAIGHT & LEVEL,DAYLIGHT,0,0,0,1
33028971,CAMPBELL,,OTHR,319,TAYLOR,AVE,,39.10384828,-84.48186361,0.281,3/24/2024 0:00,1638,2,2,0,0,O,CLEAR,DRY,1,1 VEHICLE PARKED POSITION (NOT PARKING LOT/DRIVEWAY),SIDESWIPE-SAME DIRECTION,STRAIGHT & LEVEL,UNKNOWN,0,0,0,1
33023644,CAMPBELL,I 0275,Interstate,,I275 W,,,39.03279363,-84.47072281,76.257,3/24/2024 0:00,1656,1,1,0,0,O,CLEAR,DRY,0,OTHER ROADWAY OR MID-BLOCK COLLISION,SINGLE VEHICLE,STRAIGHT & LEVEL,DAYLIGHT,0,0,0,1
33026697,CAMPBELL,KY1892,StateRoute,,GRAND,AVE,,39.08037186,-84.46736353,1.429,3/25/2024 0:00,1038,2,2,0,0,O,CLOUDY,DRY,0,OTHER INTERSECTION COLLISIONS,REAR END,STRAIGHT & GRADE,DAYLIGHT,1,0,0,1
33055700,CAMPBELL,KY0008,StateRoute,,FAIRFIELD,AVE,,39.10183855,-84.48867077,1.448,3/25/2024 0:00,1738,2,2,0,2,C,CLEAR,DRY,0,OTHER INTERSECTION COLLISIONS,REAR END,STRAIGHT & LEVEL,DAYLIGHT,1,0,0,1
33030479,CAMPBELL,US0027,USRoute,,ALEXANDRIA,PIKE,,39.03526417,-84.45415469,16.626,3/25/2024 0:00,1720,2,2,0,0,O,CLEAR,DRY,0,OTHER INTERSECTION COLLISIONS,REAR END,STRAIGHT & LEVEL,DAYLIGHT,1,0,0,1
33028717,CAMPBELL,KY0008,StateRoute,,DAVE COWENS,DR,,39.09796459,-84.49288484,1.027,3/25/2024 0:00,1840,2,2,0,0,O,CLEAR,DRY,0,OTHER INTERSECTION COLLISIONS,REAR END,STRAIGHT & HILLCREST,DAYLIGHT,1,0,0,1
33029285,CAMPBELL,KY0445,StateRoute,39,GRANDVIEW,AVE,,39.06246248,-84.45033331,1.136,3/25/2024 0:00,915,1,1,0,0,O,CLOUDY,DRY,0,COLLISION WITH FIXED OBJECT NON - INTERSECTION - FIRST EVENT COLLISION 09 - 32 EXCLUDING 16,SINGLE VEHICLE,STRAIGHT & LEVEL,DAYLIGHT,0,0,0,1
33029289,CAMPBELL,,OTHR,,CRESCENT,AVE,N,39.06974059,-84.44807174,0.014,3/25/2024 0:00,1715,2,2,0,0,O,CLEAR,DRY,1,1 VEHICLE PARKED POSITION (NOT PARKING LOT/DRIVEWAY),ANGLE,STRAIGHT & GRADE,DAYLIGHT,0,0,0,1
33042283,CAMPBELL,US0027,USRoute,8131,ALEXANDRIA,PIKE,,38.95892034,-84.39297886,10.143,3/25/2024 0:00,1343,3,3,0,0,O,CLEAR,DRY,0,REAR END IN TRAFFIC LANES BOTH VEHICLES MOVING,REAR END,STRAIGHT & GRADE,DAYLIGHT,0,0,0,1
33026524,CAMPBELL,KY1120,StateRoute,336,11TH,ST,W,39.08210965,-84.49478023,0.324,3/25/2024 0:00,805,2,2,0,0,O,CLOUDY,DRY,1,REAR END IN TRAFFIC LANES BOTH VEHICLES MOVING,REAR END,STRAIGHT & LEVEL,DAYLIGHT,0,0,0,1
33041256,CAMPBELL,KY1892,StateRoute,,GRAND,AVE,,39.08048677,-84.46753197,1.443,3/25/2024 0:00,1100,2,2,0,0,O,CLEAR,DRY,0,OTHER ROADWAY OR MID-BLOCK COLLISION,REAR END,STRAIGHT & GRADE,DAYLIGHT,0,0,0,1
33032459,CAMPBELL,KY0009,StateRoute,,AA,HWY,,38.99967954,-84.40874083,13.184,3/26/2024 0:00,1841,1,1,0,0,O,CLEAR,DRY,0,OTHER ROADWAY OR MID-BLOCK COLLISION,SINGLE VEHICLE,STRAIGHT & LEVEL,DAYLIGHT,0,0,0,1
33029373,CAMPBELL,I 0275,Interstate,,I275 W,,,39.03032091,-84.47108736,76.414,3/26/2024 0:00,3,1,1,0,0,O,CLEAR,DRY,0,OTHER COLLISIONS ON SHOULDER,SINGLE VEHICLE,CURVE & GRADE,DARK (UNKNOWN ROADWAY LIGHTING),0,0,0,1
33032460,CAMPBELL,US0027,USRoute,,ALEXANDRIA,PIKE,,39.02524136,-84.44542306,15.764,3/26/2024 0:00,1525,2,2,0,2,B,CLEAR,DRY,0,HEAD-ON COLLISION,HEAD ON,STRAIGHT & LEVEL,DAYLIGHT,0,0,0,1
33042744,CAMPBELL,,OTHR,,MARIE,DR,,38.92882722,-84.41513194,0.351,3/26/2024 0:00,2200,1,1,0,0,O,RAINING,WET,1,RAN OFF ROADWAY (1 VEHICLE WITH/EARTH EMBANKMENT/DITCH),SINGLE VEHICLE,STRAIGHT & GRADE,DARK-HWY NOT LIGHTED,0,0,0,1
33035709,CAMPBELL,KY1120,StateRoute,305,11TH,ST,W,39.08246318,-84.49411701,0.368,3/26/2024 0:00,1614,2,2,0,0,O,CLOUDY,DRY,1,1 VEHICLE PARKED POSITION (NOT PARKING LOT/DRIVEWAY),BACKING,,DAYLIGHT,0,0,0,1
33035712,CAMPBELL,,OTHR,1709,NEWPORT SHOPPING CENTER,,,39.08412499,-84.48164742,0.077,3/26/2024 0:00,715,1,1,0,0,O,CLOUDY,DRY,0,COLLISION WITH FIXED OBJECT NON - INTERSECTION - FIRST EVENT COLLISION 09 - 32 EXCLUDING 16,SINGLE VEHICLE,STRAIGHT & LEVEL,DAYLIGHT,0,0,0,1
33034377,CAMPBELL,US0027,USRoute,,ALEXANDRIA,PIKE,,39.02895623,-84.45062343,16.15,3/26/2024 0:00,1746,2,2,0,0,O,CLEAR,DRY,0,ANGLE COLLISION - OTHER,ANGLE,STRAIGHT & LEVEL,DAYLIGHT,0,0,0,1
33037874,CAMPBELL,,OTHR,,PARKVIEW,AVE,,39.08223785,-84.48333659,0.123,3/27/2024 0:00,2134,2,2,0,0,O,CLEAR,DRY,1,COLLISION WITH PARKED VEHICLE,SIDESWIPE-OPPOSITE DIRECTION,STRAIGHT & HILLCREST,DARK-HWY NOT LIGHTED,0,0,0,1
33040148,CAMPBELL,KY1632,StateRoute,,MOOCK,RD,,39.06014288,-84.47781359,0.734,3/27/2024 0:00,755,2,2,0,0,O,CLEAR,DRY,0,OPPOSING LEFT TURN,OPPOSING LEFT TURN,STRAIGHT & LEVEL,DAYLIGHT,0,0,0,1
33033375,CAMPBELL,KY0154,StateRoute,,PEACH GROVE,RD,,38.84824875,-84.36167052,,3/27/2024 0:00,345,1,1,0,0,O,CLOUDY,DRY,0,COLLISION WITH FIXED OBJECT NON - INTERSECTION - FIRST EVENT COLLISION 09 - 32 EXCLUDING 16,SINGLE VEHICLE,STRAIGHT & GRADE,DARK-HWY NOT LIGHTED,0,0,0,1
33060778,CAMPBELL,KY0008,StateRoute,5088,MARY INGLES,HWY,,39.03688135,-84.39089072,10.741,3/27/2024 0:00,2330,2,2,0,0,O,CLOUDY,DRY,1,1 VEHICLE PARKED POSITION (NOT PARKING LOT/DRIVEWAY),SIDESWIPE-SAME DIRECTION,STRAIGHT & LEVEL,DARK-HWY NOT LIGHTED,0,0,0,1
33040149,CAMPBELL,US0027,USRoute,,ALEXANDRIA,PIKE,,39.07136836,-84.47024284,20.049,3/27/2024 0:00,1523,2,2,0,0,O,CLOUDY,DRY,0,1 VEHICLE ENTERING/LEAVING ENTRANCE,ANGLE,STRAIGHT & LEVEL,DAYLIGHT,0,0,0,1
33051954,CAMPBELL,US0027,USRoute,,ALEXANDRIA,PIKE,,39.02921675,-84.45063903,16.165,3/27/2024 0:00,2009,2,2,0,0,O,CLEAR,DRY,0,SIDESWIPE COLLISION - SAME DIRECTION,SIDESWIPE-SAME DIRECTION,STRAIGHT & LEVEL,DARK-HWY LIGHTED/ON,0,0,0,1
33042017,CAMPBELL,,OTHR,,LEHR,ALY,,39.08168615,-84.48462537,0.018,3/28/2024 0:00,1847,2,2,0,0,O,CLEAR,DRY,0,1 VEHICLE ENTERING/LEAVING ENTRANCE,ANGLE,STRAIGHT & LEVEL,DAYLIGHT,0,0,0,1
33053974,CAMPBELL,,OTHR,,ALEXANDRIA,PIKE,,39.03304837,-84.45179062,0.117,3/28/2024 0:00,1445,2,2,0,0,O,CLEAR,DRY,0,VEHICLE BACKING NON INTERSECTION,BACKING,STRAIGHT & LEVEL,DAYLIGHT,0,0,0,1
33053976,CAMPBELL,I 0275,Interstate,,I275 E,,,39.05013395,-84.4462111,74.166,3/28/2024 0:00,1737,2,2,0,0,O,CLEAR,DRY,0,OTHER ROADWAY OR MID-BLOCK COLLISION,REAR TO REAR,STRAIGHT & GRADE,DAYLIGHT,0,0,0,1
33043815,CAMPBELL,I 0471,Interstate,,I471 SB,,,39.05703726,-84.46943571,1.009,3/28/2024 0:00,1806,2,2,0,0,O,CLEAR,DRY,0,REAR END IN TRAFFIC LANES BOTH VEHICLES MOVING,REAR END,STRAIGHT & LEVEL,DAYLIGHT,0,0,0,1
33051957,CAMPBELL,I 0275,Interstate,,I275 E,,,39.04232798,-84.46904133,75.522,3/28/2024 0:00,1436,2,2,0,0,O,CLEAR,DRY,0,REAR END IN TRAFFIC LANES BOTH VEHICLES MOVING,REAR END,STRAIGHT & LEVEL,DAYLIGHT,0,0,0,1
33051988,CAMPBELL,US0027,USRoute,4113,ALEXANDRIA,PIKE,,39.02173436,-84.43973947,15.376,3/28/2024 0:00,1058,2,2,0,0,O,CLEAR,DRY,0,REAR END IN TRAFFIC LANES BOTH VEHICLES MOVING,REAR END,STRAIGHT & LEVEL,DAYLIGHT,0,0,0,1
33042743,CAMPBELL,KY0008,StateRoute,4680,MARY INGLES,HWY,,39.04135834,-84.41178371,9.571,3/28/2024 0:00,320,3,3,0,0,O,CLEAR,DRY,0,1 VEHICLE PARKED POSITION (NOT PARKING LOT/DRIVEWAY),ANGLE,CURVE & GRADE,DARK-HWY LIGHTED/ON,0,0,0,1
33063930,CAMPBELL,,OTHR,41,DELTA,AVE,,39.0610088,-84.44410488,0.089,3/28/2024 0:00,800,2,2,0,0,O,CLEAR,DRY,0,1 VEHICLE PARKED POSITION (NOT PARKING LOT/DRIVEWAY),BACKING,STRAIGHT & GRADE,DAYLIGHT,0,0,0,1
33043813,CAMPBELL,US0027,USRoute,,ALEXANDRIA,PIKE,,39.07463192,-84.47503341,20.39,3/28/2024 0:00,1358,1,1,0,1,C,CLEAR,DRY,0,COLLISION WITH FIXED OBJECT NON - INTERSECTION - FIRST EVENT COLLISION 09 - 32 EXCLUDING 16,SINGLE VEHICLE,STRAIGHT & LEVEL,DAYLIGHT,0,0,0,1
33046317,CAMPBELL,KY0547,StateRoute,5734,FOUR MILE,RD,,39.02938024,-84.38809326,5.983,3/28/2024 0:00,2115,1,1,0,0,O,CLEAR,DRY,0,COLLISION WITH ANIMAL NON INTERSECTION,SINGLE VEHICLE,CURVE & LEVEL,DARK-HWY NOT LIGHTED,0,0,0,1
33059163,CAMPBELL,KY0008,StateRoute,,MARY INGLES,HWY,,38.94479783,-84.28903602,19.907,3/28/2024 0:00,400,1,1,0,1,C,CLEAR,DRY,0,COLLISION WITH ANIMAL IN INTERSECTION,SINGLE VEHICLE,STRAIGHT & LEVEL,DARK-HWY NOT LIGHTED,1,0,0,1
33063232,CAMPBELL,,OTHR,37,ROSSMORE,AVE,,39.06979017,-84.44529795,0.097,3/28/2024 0:00,650,1,1,0,0,O,CLEAR,DRY,0,OTHER ROADWAY OR MID-BLOCK COLLISION,SINGLE VEHICLE,STRAIGHT & HILLCREST,DUSK,0,0,0,1
33053973,CAMPBELL,KY0471,StateRoute,,KY471,,,39.0401026,-84.45443054,0.217,3/29/2024 0:00,1525,1,1,0,1,C,CLEAR,DRY,0,OTHER ROADWAY OR MID-BLOCK COLLISION,SINGLE VEHICLE,STRAIGHT & LEVEL,DAYLIGHT,0,0,0,1
33068448,CAMPBELL,KY0008,StateRoute,,FAIRFIELD,AVE,,39.10267211,-84.48777726,1.522,3/29/2024 0:00,1516,2,2,0,0,O,CLEAR,DRY,0,OTHER INTERSECTION COLLISIONS,REAR END,STRAIGHT & LEVEL,DAYLIGHT,1,0,0,1
33110358,CAMPBELL,KY1120,StateRoute,,MEMORIAL,PKWY,,39.09268127,-84.47522458,1.676,3/29/2024 0:00,2204,2,1,0,0,O,CLEAR,DRY,0,OPPOSING LEFT TURN,OPPOSING LEFT TURN,STRAIGHT & LEVEL,DARK-HWY LIGHTED/ON,0,0,0,1
33054349,CAMPBELL,,OTHR,,POPLAR RIDGE,RD,,38.97876013,-84.37279572,1.217,3/29/2024 0:00,4,1,1,0,0,O,CLEAR,DRY,0,COLLISION WITH ANIMAL IN INTERSECTION,SINGLE VEHICLE,CURVE & GRADE,DARK (UNKNOWN ROADWAY LIGHTING),1,0,0,1
33045548,CAMPBELL,,OTHR,,COLUMBIA,ST,,39.09151335,-84.49762875,0.211,3/29/2024 0:00,1545,2,2,0,0,O,CLEAR,DRY,0,ANGLE COLLISION - OTHER,ANGLE,STRAIGHT & LEVEL,DAYLIGHT,0,0,0,1
33054348,CAMPBELL,KY0010,StateRoute,,MAIN,ST,E,38.95949888,-84.38786528,1.622,3/29/2024 0:00,722,2,2,0,0,O,CLEAR,DRY,0,ANGLE COLLISION - OTHER,ANGLE,STRAIGHT & LEVEL,DAYLIGHT,0,0,0,1
33089666,CAMPBELL,,OTHR,1001,5TH,AVE,,39.11431718,-84.46660442,0.322,3/29/2024 0:00,105,2,2,0,0,O,CLEAR,DRY,0,1 VEHICLE PARKED POSITION (NOT PARKING LOT/DRIVEWAY),REAR END,STRAIGHT & LEVEL,DARK (UNKNOWN ROADWAY LIGHTING),0,0,0,1
33051373,CAMPBELL,,OTHR,216,4TH,AVE,,39.11148543,-84.4786612,0.191,3/29/2024 0:00,2030,2,2,0,0,O,CLEAR,DRY,0,1 VEHICLE PARKED POSITION (NOT PARKING LOT/DRIVEWAY),ANGLE,STRAIGHT & HILLCREST,DARK (UNKNOWN ROADWAY LIGHTING),0,0,0,1
33055697,CAMPBELL,KY0008,StateRoute,,DAVE COWENS,DR,,39.10167591,-84.48882574,1.433,3/29/2024 0:00,1622,2,2,0,0,O,CLEAR,DRY,0,REAR END IN TRAFFIC LANES BOTH VEHICLES MOVING,REAR END,STRAIGHT & LEVEL,DAYLIGHT,0,0,0,1
33051989,CAMPBELL,US0027,USRoute,,ALEXANDRIA,PIKE,,39.00311606,-84.42313835,13.829,3/29/2024 0:00,1255,2,2,0,0,O,CLEAR,DRY,1,REAR END IN TRAFFIC LANES BOTH VEHICLES MOVING,REAR END,STRAIGHT & LEVEL,DAYLIGHT,0,0,0,1
33075498,CAMPBELL,I 0275,Interstate,,I275 E,,,39.02260456,-84.48924115,77.575,3/29/2024 0:00,1605,2,2,0,0,O,CLEAR,DRY,1,SIDESWIPE COLLISION - SAME DIRECTION,SIDESWIPE-SAME DIRECTION,STRAIGHT & LEVEL,DAYLIGHT,0,0,0,1
33051959,CAMPBELL,I 0275,Interstate,,I275 E,,,39.04238239,-84.46880824,75.512,3/30/2024 0:00,1500,3,3,0,1,C,CLOUDY,DRY,0,REAR END IN TRAFFIC LANES BOTH VEHICLES MOVING,REAR END,STRAIGHT & LEVEL,DAYLIGHT,0,0,0,1
33052868,CAMPBELL,KY0008,StateRoute,,MARY INGLES,HWY,,39.02549279,-84.34796926,13.186,3/30/2024 0:00,1544,1,1,0,0,O,CLEAR,DRY,0,COLLISION WITH FIXED OBJECT NON - INTERSECTION - FIRST EVENT COLLISION 09 - 32 EXCLUDING 16,SINGLE VEHICLE,CURVE & LEVEL,DAYLIGHT,0,0,0,1
33089190,CAMPBELL,US0027,USRoute,,ALEXANDRIA,PIKE,,38.94629096,-84.3937842,9.259,3/30/2024 0:00,2101,1,1,0,0,O,CLEAR,DRY,0,COLLISION WITH FIXED OBJECT NON - INTERSECTION - FIRST EVENT COLLISION 09 - 32 EXCLUDING 16,SINGLE VEHICLE,STRAIGHT & GRADE,DARK-HWY LIGHTED/ON,0,0,0,1
33055699,CAMPBELL,,OTHR,,RIVIERA,DR,,39.09949331,-84.48608075,0.213,3/30/2024 0:00,1908,2,2,0,0,O,CLEAR,DRY,0,OTHER INTERSECTION COLLISIONS,REAR END,STRAIGHT & LEVEL,DUSK,1,0,0,1
33051052,CAMPBELL,I 0471,Interstate,,,,,39.09224966,-84.47622465,0.025,3/30/2024 0:00,1532,2,2,0,0,O,CLEAR,DRY,0,OTHER RAMP RELATED COLLISIONS NOT LISTED ABOVE,REAR END,STRAIGHT & LEVEL,DAYLIGHT,0,0,0,1
33051269,CAMPBELL,,OTHR,1105,PATTERSON,ST,,39.08189495,-84.49484026,0.094,3/31/2024 0:00,49,1,1,0,0,O,CLEAR,DRY,1,COLLISION WITH FIXED OBJECT NON - INTERSECTION - FIRST EVENT COLLISION 09 - 32 EXCLUDING 16,SINGLE VEHICLE,STRAIGHT & LEVEL,DARK-HWY LIGHTED/ON,0,0,0,1
33089645,CAMPBELL,KY0008,StateRoute,,6TH,AVE,,39.11120381,-84.4764746,2.364,3/31/2024 0:00,237,2,2,0,0,O,CLEAR,DRY,0,1 VEHICLE PARKED POSITION (NOT PARKING LOT/DRIVEWAY),SIDESWIPE-SAME DIRECTION,STRAIGHT & LEVEL,DARK-HWY LIGHTED/ON,0,0,0,1
33065564,CAMPBELL,I 0275,Interstate,,I275 E,,,39.02258762,-84.48915799,77.57,4/1/2024 0:00,1538,2,2,0,0,O,CLEAR,DRY,0,REAR END IN TRAFFIC LANES BOTH VEHICLES MOVING,REAR END,STRAIGHT & LEVEL,DAYLIGHT,0,0,0,1
33055822,CAMPBELL,,OTHR,100,9TH,ST,E,39.0884687,-84.48994179,0.622,4/1/2024 0:00,1345,2,2,0,0,O,CLEAR,DRY,0,1 VEHICLE PARKED POSITION (NOT PARKING LOT/DRIVEWAY),SIDESWIPE-OPPOSITE DIRECTION,STRAIGHT & LEVEL,DAYLIGHT,0,0,0,1
33055213,CAMPBELL,I 0275,Interstate,,I275 E,,,39.02257537,-84.48891212,77.555,4/1/2024 0:00,1400,2,2,0,0,O,CLOUDY,DRY,0,REAR END IN TRAFFIC LANES BOTH VEHICLES MOVING,REAR END,STRAIGHT & LEVEL,DAYLIGHT,0,0,0,1
33056730,CAMPBELL,US0027,USRoute,,ALEXANDRIA,PIKE,,39.02759331,-84.44932927,16.035,4/1/2024 0:00,1307,2,2,0,0,O,CLEAR,DRY,0,SIDESWIPE COLLISION - SAME DIRECTION,SIDESWIPE-SAME DIRECTION,STRAIGHT & LEVEL,DAYLIGHT,0,0,0,1
33131986,CAMPBELL,US0027,USRoute,,ALEXANDRIA,PIKE,,38.97339556,-84.39234676,11.148,4/1/2024 0:00,1607,2,2,0,0,O,CLOUDY,DRY,0,SIDESWIPE COLLISION - SAME DIRECTION,SIDESWIPE-SAME DIRECTION,STRAIGHT & LEVEL,DAYLIGHT,0,0,0,1
33055175,CAMPBELL,,OTHR,,NEWPORT PAVILION,,,39.09266776,-84.48060039,,4/1/2024 0:00,1257,3,3,0,0,O,CLEAR,DRY,1,OTHER INTERSECTION COLLISIONS,REAR END,STRAIGHT & LEVEL,DAYLIGHT,1,0,0,1
33089191,CAMPBELL,,OTHR,,FISHER,RD,,38.8657562,-84.33169699,0.54,4/1/2024 0:00,1751,1,1,0,0,O,RAINING,WET,0,COLLISION WITH FIXED OBJECT NON - INTERSECTION - FIRST EVENT COLLISION 09 - 32 EXCLUDING 16,SINGLE VEHICLE,STRAIGHT & GRADE,DAYLIGHT,0,0,0,1
33056732,CAMPBELL,US0027,USRoute,3709,ALEXANDRIA,PIKE,,39.0251366,-84.44451401,15.73,4/1/2024 0:00,1210,2,2,0,0,O,CLEAR,DRY,1,OTHER ROADWAY OR MID-BLOCK COLLISION,REAR END,STRAIGHT & LEVEL,DAYLIGHT,0,0,0,1
33062561,CAMPBELL,,OTHR,43,16TH,ST,,39.08240206,-84.48561729,0.093,4/2/2024 0:00,2243,3,3,0,0,O,CLEAR,WET,1,1 VEHICLE PARKED POSITION (NOT PARKING LOT/DRIVEWAY),SIDESWIPE-SAME DIRECTION,STRAIGHT & GRADE,DARK-HWY NOT LIGHTED,0,0,0,1
33089188,CAMPBELL,KY0536,StateRoute,,CREEKTRACE,RD,,38.93219307,-84.42259215,1.716,4/2/2024 0:00,1837,1,1,0,0,O,RAINING,WET,0,RAN OFF ROADWAY (1 VEHICLE WITH/EARTH EMBANKMENT/DITCH),SINGLE VEHICLE,CURVE & GRADE,DUSK,0,0,0,1
33062560,CAMPBELL,I 0471,Interstate,,I471 N,,,39.0848783,-84.4728283,3.222,4/2/2024 0:00,1946,1,1,0,0,O,CLOUDY,WET,0,COLLISION WITH FIXED OBJECT NON - INTERSECTION - FIRST EVENT COLLISION 09 - 32 EXCLUDING 16,SINGLE VEHICLE,CURVE & LEVEL,DAYLIGHT,0,0,0,1
33087534,CAMPBELL,US0027,USRoute,,ALEXANDRIA,PIKE,,39.03144442,-84.45190924,16.333,4/2/2024 0:00,1410,2,2,0,1,C,RAINING,WET,0,ANGLE COLLISION - ONE VEHICLE TURNING LEFT,ANGLE,STRAIGHT & LEVEL,DAYLIGHT,0,0,0,1
33060300,CAMPBELL,I 0471,Interstate,,I471 N,,,39.09237841,-84.47702267,3.791,4/2/2024 0:00,648,2,2,0,0,O,RAINING,WET,0,1 VEHICLE ENTERING/LEAVING ENTRANCE,ANGLE,CURVE & GRADE,DARK-HWY LIGHTED/ON,0,0,0,1
33066095,CAMPBELL,KY0009,StateRoute,,AA,HWY,,38.99946451,-84.40846206,13.163,4/2/2024 0:00,1254,3,3,1,4,K,RAINING,WET,0,REAR END IN TRAFFIC LANES BOTH VEHICLES MOVING,REAR END,STRAIGHT & LEVEL,DAYLIGHT,0,0,0,1
33060301,CAMPBELL,KY1892,StateRoute,30,CAROTHERS,RD,,39.08499874,-84.48092134,2.383,4/2/2024 0:00,1150,1,1,0,0,O,CLOUDY,DRY,0,OTHER COLLISIONS ON SHOULDER,SINGLE VEHICLE,CURVE & GRADE,DAYLIGHT,0,0,0,1
33063231,CAMPBELL,I 0471,Interstate,,I471 N,,,39.07179101,-84.46327733,2.15,4/2/2024 0:00,903,1,1,0,0,O,RAINING,WET,0,OTHER COLLISIONS ON SHOULDER,SINGLE VEHICLE,CURVE & LEVEL,DAYLIGHT,0,0,0,1
33063061,CAMPBELL,I 0471,Interstate,,I471 NB,,,39.05489354,-84.46935046,0.885,4/2/2024 0:00,1439,1,1,0,0,O,RAINING,WET,0,OTHER COLLISIONS ON SHOULDER,SINGLE VEHICLE,CURVE & GRADE,DAYLIGHT,0,0,0,1
33078825,CAMPBELL,,OTHR,702,POPLAR,ST,,39.106906,-84.47825825,0.022,4/2/2024 0:00,1022,2,2,0,0,O,CLEAR,DRY,1,1 VEHICLE PARKED POSITION (NOT PARKING LOT/DRIVEWAY),SIDESWIPE-SAME DIRECTION,STRAIGHT & LEVEL,DAYLIGHT,0,0,0,1
33150319,CAMPBELL,US0027,USRoute,,ALEXANDRIA,PIKE,,39.01901641,-84.43687841,15.121,4/2/2024 0:00,1458,2,2,0,0,O,CLOUDY,WET,0,REAR END IN TRAFFIC LANES BOTH VEHICLES MOVING,REAR END,STRAIGHT & LEVEL,DAYLIGHT,0,0,0,1
33083845,CAMPBELL,KY0471,StateRoute,,KY471,,,39.03830771,-84.45389155,0.092,4/2/2024 0:00,1544,2,2,0,0,O,CLOUDY,WET,0,REAR END IN TRAFFIC LANES BOTH VEHICLES MOVING,REAR END,STRAIGHT & LEVEL,DAYLIGHT,0,0,0,1
33064270,CAMPBELL,,OTHR,,MAIN,ST,,39.08088554,-84.4867578,0.394,4/3/2024 0:00,0,2,2,0,0,O,CLOUDY,WET,1,1 VEHICLE PARKED POSITION (NOT PARKING LOT/DRIVEWAY),SIDESWIPE-OPPOSITE DIRECTION,STRAIGHT & LEVEL,DAWN,0,0,0,1
33065566,CAMPBELL,KY0009,StateRoute,251,AA,HWY,,39.0099381,-84.46964314,16.572,4/3/2024 0:00,657,2,2,0,0,O,CLOUDY,DRY,0,REAR END IN TRAFFIC LANES BOTH VEHICLES MOVING,REAR END,STRAIGHT & GRADE,DARK-HWY LIGHTED/ON,0,0,0,1
33070038,CAMPBELL,I 0275,Interstate,,I275 E,,,39.02258029,-84.48892749,77.556,4/3/2024 0:00,1620,4,4,0,0,O,CLOUDY,WET,0,REAR END IN TRAFFIC LANES BOTH VEHICLES MOVING,REAR END,STRAIGHT & LEVEL,DAYLIGHT,0,0,0,1
33094020,CAMPBELL,I 0275,Interstate,,I275 E,,,39.02254649,-84.48911318,77.567,4/3/2024 0:00,1629,2,2,0,0,O,CLOUDY,DRY,0,1 VEHICLE ENTERING/LEAVING ENTRANCE,ANGLE,STRAIGHT & LEVEL,DAYLIGHT,0,0,0,1
33083842,CAMPBELL,,OTHR,,WILSON,AVE,,39.03699917,-84.45469072,0.002,4/3/2024 0:00,1249,2,2,0,0,O,CLOUDY,WET,0,VEHICLE BACKING NON INTERSECTION,BACKING,CURVE & HILLCREST,DAYLIGHT,0,0,0,1
33087478,CAMPBELL,KY0009,StateRoute,,AA,HWY,,39.00451202,-84.44362441,15.132,4/3/2024 0:00,1210,2,2,0,1,C,CLOUDY,DRY,0,ANGLE COLLISION - ONE VEHICLE TURNING LEFT,ANGLE,STRAIGHT & HILLCREST,DAYLIGHT,0,0,0,1
33076239,CAMPBELL,US0027,USRoute,,3RD,ST,E,39.09341165,-84.49708137,22.243,4/3/2024 0:00,1415,2,2,0,0,O,CLOUDY,DRY,0,SIDESWIPE-SAME DIRECTION,SIDESWIPE-SAME DIRECTION,CURVE & LEVEL,DAYLIGHT,0,0,0,1
33079322,CAMPBELL,,OTHR,1108,BURNET,AVE,,39.089771,-84.47429071,0.021,4/3/2024 0:00,1703,1,1,0,0,O,RAINING,WET,0,COLLISION WITH FIXED OBJECT NON - INTERSECTION - FIRST EVENT COLLISION 09 - 32 EXCLUDING 16,SINGLE VEHICLE,CURVE & GRADE,DAYLIGHT,0,0,0,1
33073365,CAMPBELL,,OTHR,556,4TH,ST,E,39.09682417,-84.48864598,0.043,4/3/2024 0:00,1230,2,2,0,0,O,CLEAR,DRY,0,1 VEHICLE PARKED POSITION (NOT PARKING LOT/DRIVEWAY),SIDESWIPE-SAME DIRECTION,STRAIGHT & LEVEL,DAYLIGHT,0,0,0,1