IncidentID,County,RdwyNumber,RdwyType,Street,RoadwayName,StreetSfx,StreetDir,Latitude,Longitude,Milepoint,CollisionDate,CollisionTime,UnitsInvolved,MotorVehiclesInvolved,NumberKilled,NumberInjured,KABCO,Weather,RdwyConditionCode,HitandRun,DirAnalysisCode,MannerofCollision,RdwyCharacter,LightCondition,Intersection Crash,Bicyclist,Pedestrian,Motor Vehicles
33067739,CAMPBELL,I 0471,Interstate,,,,,39.06521683,-84.4642885,0.257,4/3/2024 0:00,1243,2,2,0,0,O,CLOUDY,DRY,0,OTHER RAMP RELATED COLLISIONS NOT LISTED ABOVE,REAR END,CURVE & LEVEL,DAYLIGHT,0,0,0,1
33070040,CAMPBELL,,OTHR,2520,ASPEN PINES,DR,,39.0610249,-84.48404979,0.304,4/4/2024 0:00,1625,1,1,0,0,O,RAINING,WET,1,1 VEHICLE PARKED POSITION (NOT PARKING LOT/DRIVEWAY),SINGLE VEHICLE,,DARK-HWY LIGHTED/ON,0,0,0,1
33150322,CAMPBELL,US0027,USRoute,,ALEXANDRIA,PIKE,,38.93306314,-84.39425284,,4/4/2024 0:00,1810,1,1,0,1,C,RAINING,WET,0,COLLISION WITH FIXED OBJECT NON - INTERSECTION - FIRST EVENT COLLISION 09 - 32 EXCLUDING 16,SINGLE VEHICLE,STRAIGHT & GRADE,DAYLIGHT,0,0,0,1
33087482,CAMPBELL,US0027,USRoute,,ALEXANDRIA,PIKE,,39.01827581,-84.43575968,15.031,4/4/2024 0:00,617,2,2,0,0,O,CLOUDY,WET,1,ANGLE COLLISION - OTHER,ANGLE,STRAIGHT & LEVEL,DARK-HWY NOT LIGHTED,0,0,0,1
33068549,CAMPBELL,KY0009,StateRoute,,12TH,ST,W,39.08004124,-84.4951526,22.086,4/4/2024 0:00,747,2,2,0,0,O,RAINING,WET,0,ANGLE COLLISION - OTHER,ANGLE,STRAIGHT & LEVEL,DAWN,0,0,0,1
33083847,CAMPBELL,I 0275,Interstate,,I275 EB,,,39.03409594,-84.4703203,76.101,4/4/2024 0:00,1729,2,2,0,0,O,CLOUDY,WET,0,REAR END IN TRAFFIC LANES BOTH VEHICLES MOVING,REAR END,STRAIGHT & LEVEL,DAYLIGHT,0,0,0,1
33075496,CAMPBELL,I 0275,Interstate,,I275 E,,,39.02521182,-84.47741479,76.86,4/5/2024 0:00,2150,2,2,0,0,O,CLOUDY,DRY,0,SIDESWIPE COLLISION - SAME DIRECTION,SIDESWIPE-SAME DIRECTION,CURVE & GRADE,DARK-HWY LIGHTED/ON,0,0,0,1
33088423,CAMPBELL,I 0471,Interstate,4.5,I471 S,,,39.09907083,-84.4920548,4.751,4/5/2024 0:00,1455,3,3,0,0,O,CLOUDY,DRY,1,SIDESWIPE COLLISION - SAME DIRECTION,SIDESWIPE-SAME DIRECTION,STRAIGHT & LEVEL,DAYLIGHT,0,0,0,1
33083849,CAMPBELL,US0027,USRoute,,ALEXANDRIA,PIKE,,39.03527428,-84.45414589,16.633,4/5/2024 0:00,1459,3,3,0,0,O,CLOUDY,DRY,0,SIDESWIPE COLLISION - SAME DIRECTION,SIDESWIPE-SAME DIRECTION,STRAIGHT & LEVEL,DAYLIGHT,0,0,0,1
33079940,CAMPBELL,KY0915,StateRoute,,LICKING,PIKE,,38.97546009,-84.42352264,5.157,4/5/2024 0:00,651,2,2,0,1,B,CLOUDY,DRY,0,SIDESWIPE COLLISION - OPPOSITE DIRECTION,SIDESWIPE-OPPOSITE DIRECTION,CURVE & GRADE,DAWN,0,0,0,1
33095412,CAMPBELL,US0027,USRoute,,ALEXANDRIA,PIKE,,38.98316922,-84.39959329,11.98,4/5/2024 0:00,738,2,2,0,1,B,CLOUDY,WET,0,OPPOSING LEFT TURN,OPPOSING LEFT TURN,STRAIGHT & GRADE,DAWN,0,0,0,1
33088424,CAMPBELL,KY1120,StateRoute,100,11TH,ST,W,39.0839305,-84.49145059,0.544,4/5/2024 0:00,1348,2,2,0,0,O,CLEAR,DRY,0,1 VEHICLE PARKED POSITION (NOT PARKING LOT/DRIVEWAY),BACKING,STRAIGHT & LEVEL,DAYLIGHT,0,0,0,1
33080955,CAMPBELL,,OTHR,521,ISABELLA,ST,,39.09039854,-84.50041694,0.6,4/6/2024 0:00,2314,1,1,0,0,O,CLEAR,DRY,0,COLLISION WITH FIXED OBJECT NON - INTERSECTION - FIRST EVENT COLLISION 09 - 32 EXCLUDING 16,SINGLE VEHICLE,CURVE & LEVEL,DARK-HWY LIGHTED/ON,0,0,0,1
33080957,CAMPBELL,I 0471,Interstate,,I471 N,,,39.08786379,-84.4742787,3.444,4/6/2024 0:00,2100,1,1,0,0,O,CLEAR,DRY,0,COLLISION WITH ANIMAL NON INTERSECTION,SINGLE VEHICLE,STRAIGHT & LEVEL,DARK-HWY LIGHTED/ON,0,0,0,1
33082746,CAMPBELL,KY1120,StateRoute,1801,MEMORIAL,PKWY,,39.09046904,-84.46023541,2.708,4/6/2024 0:00,1400,1,1,0,0,O,CLEAR,DRY,0,COLLISION WITH ANIMAL NON INTERSECTION,SINGLE VEHICLE,CURVE & LEVEL,DAYLIGHT,0,0,0,1
33086282,CAMPBELL,KY0547,StateRoute,,RILEY,RD,,38.96224407,-84.38249451,0.236,4/6/2024 0:00,854,1,1,0,0,O,CLEAR,DRY,0,COLLISION WITH ANIMAL NON INTERSECTION,SINGLE VEHICLE,STRAIGHT & GRADE,DAYLIGHT,0,0,0,1
33086278,CAMPBELL,KY0009,StateRoute,,AA,HWY,,38.9887999,-84.39537052,12.142,4/6/2024 0:00,1255,4,4,0,1,B,CLEAR,DRY,0,OTHER INTERSECTION COLLISIONS,REAR END,STRAIGHT & GRADE,DAYLIGHT,1,0,0,1
33076538,CAMPBELL,KY1892,StateRoute,,CAROTHERS,RD,,39.08637125,-84.47724406,2.152,4/6/2024 0:00,1454,2,2,0,0,O,CLEAR,DRY,0,REAR END - ONE VEHICLE TURNING LEFT,REAR END,CURVE & GRADE,DAYLIGHT,0,0,0,1
33099576,CAMPBELL,KY0009,StateRoute,,LICKING,PIKE,,39.02476266,-84.48070623,17.901,4/6/2024 0:00,1030,2,2,0,0,O,CLEAR,DRY,1,SIDESWIPE COLLISION - SAME DIRECTION,SIDESWIPE-SAME DIRECTION,STRAIGHT & LEVEL,DAYLIGHT,0,0,0,1
33096513,CAMPBELL,,OTHR,134,BONNIE LESLIE,AVE,,39.09602219,-84.47464157,0.125,4/6/2024 0:00,1515,2,2,0,1,B,CLEAR,DRY,0,1 VEHICLE PARKED POSITION (NOT PARKING LOT/DRIVEWAY),HEAD ON,STRAIGHT & HILLCREST,DAYLIGHT,0,0,0,1
33082744,CAMPBELL,,OTHR,13,GARRISON,AVE,,39.06342481,-84.44725926,0.03,4/6/2024 0:00,804,2,2,0,0,O,CLEAR,DRY,0,1 VEHICLE PARKED POSITION (NOT PARKING LOT/DRIVEWAY),REAR END,STRAIGHT & GRADE,DAYLIGHT,0,0,0,1
33079578,CAMPBELL,I 0471,Interstate,,I471 N,,,39.09966092,-84.49284559,4.809,4/6/2024 0:00,1400,2,2,0,0,O,CLEAR,DRY,0,REAR END IN TRAFFIC LANES BOTH VEHICLES MOVING,REAR END,STRAIGHT & LEVEL,DAYLIGHT,0,0,0,1
33079936,CAMPBELL,KY1936,StateRoute,,KENTON STATION,RD,,38.86205573,-84.40034162,0.523,4/6/2024 0:00,1803,1,1,0,1,A,CLEAR,DRY,0,OTHER COLLISIONS ON SHOULDER,SINGLE VEHICLE,CURVE & GRADE,DAYLIGHT,0,0,0,1
33079348,CAMPBELL,I 0471,Interstate,,I471 N,,,39.10067971,-84.4945569,4.924,4/6/2024 0:00,1519,3,3,0,0,O,CLEAR,DRY,0,REAR END IN TRAFFIC LANES BOTH VEHICLES MOVING,REAR END,STRAIGHT & LEVEL,DAYLIGHT,0,0,0,1
33079253,CAMPBELL,I 0471,Interstate,,I471 N,,,39.1005383,-84.49451464,4.917,4/6/2024 0:00,1225,2,2,0,3,B,CLEAR,DRY,0,OTHER ROADWAY OR MID-BLOCK COLLISION,REAR END,STRAIGHT & HILLCREST,DAYLIGHT,0,0,0,1
33079579,CAMPBELL,,OTHR,,3RD,ST,E,39.09373853,-84.49707176,,4/7/2024 0:00,1347,1,1,0,0,O,CLEAR,DRY,0,OTHER ROADWAY OR MID-BLOCK COLLISION,SINGLE VEHICLE,CURVE & GRADE,DAYLIGHT,0,0,0,1
33087487,CAMPBELL,,OTHR,,GRANITE SPRING,DR,,39.018648,-84.44168179,0.042,4/7/2024 0:00,21,1,1,0,0,O,CLEAR,DRY,0,COLLISION WITH NON-FIXED OBJECT ,SINGLE VEHICLE,STRAIGHT & HILLCREST,DARK-HWY NOT LIGHTED,0,0,0,1
33096019,CAMPBELL,,OTHR,340,PARK,AVE,,39.09577731,-84.49001545,0.134,4/8/2024 0:00,930,2,2,0,0,O,CLEAR,DRY,0,1 VEHICLE PARKED POSITION (NOT PARKING LOT/DRIVEWAY),SIDESWIPE-SAME DIRECTION,STRAIGHT & LEVEL,DAYLIGHT,0,0,0,1
33101425,CAMPBELL,KY2238,StateRoute,,THREE MILE,RD,,39.04296246,-84.46699229,1.094,4/8/2024 0:00,1401,1,1,0,0,O,CLEAR,DRY,0,COLLISION WITH FIXED OBJECT NON - INTERSECTION - FIRST EVENT COLLISION 09 - 32 EXCLUDING 16,SINGLE VEHICLE,CURVE & LEVEL,DAYLIGHT,0,0,0,1
33096514,CAMPBELL,KY1120,StateRoute,,MEMORIAL,PKWY,,39.09268497,-84.47526952,1.675,4/8/2024 0:00,1231,2,2,0,0,O,CLEAR,DRY,0,OPPOSING LEFT TURN,OPPOSING LEFT TURN,CURVE & GRADE,DAYLIGHT,0,0,0,1
33094698,CAMPBELL,US0027,USRoute,,ALEXANDRIA,PIKE,,38.92913381,-84.39364869,8.061,4/8/2024 0:00,1544,2,2,0,3,C,CLEAR,DRY,0,OTHER INTERSECTION COLLISIONS,REAR END,STRAIGHT & GRADE,DAYLIGHT,1,0,0,1
33090224,CAMPBELL,,OTHR,1001,MAPLE,ST,,39.10738537,-84.4743133,0.109,4/8/2024 0:00,2049,2,2,0,0,O,CLEAR,DRY,1,1 VEHICLE PARKED POSITION (NOT PARKING LOT/DRIVEWAY),BACKING,STRAIGHT & HILLCREST,UNKNOWN,0,0,0,1
33093007,CAMPBELL,,OTHR,542,MAIN,AVE,,39.04401383,-84.45274383,0.077,4/8/2024 0:00,1946,2,2,0,0,O,CLEAR,DRY,1,1 VEHICLE PARKED POSITION (NOT PARKING LOT/DRIVEWAY),SIDESWIPE-SAME DIRECTION,STRAIGHT & LEVEL,DAYLIGHT,0,0,0,1
33098840,CAMPBELL,KY0008,StateRoute,100,3RD,ST,E,39.09525945,-84.49419254,0.755,4/8/2024 0:00,1200,2,2,0,0,O,CLEAR,DRY,1,SIDESWIPE COLLISION - SAME DIRECTION,SIDESWIPE-SAME DIRECTION,STRAIGHT & LEVEL,DAYLIGHT,0,0,0,1
33089007,CAMPBELL,I 0471,Interstate,,,,,39.10066883,-84.48992624,0.011,4/9/2024 0:00,958,1,1,0,0,O,CLOUDY,DRY,0,COLLISION WITH FIXED OBJECT NOT IN GORE ,SINGLE VEHICLE,CURVE & LEVEL,DAYLIGHT,0,0,0,1
33097600,CAMPBELL,US0027,USRoute,,ALEXANDRIA,PIKE,,39.02524155,-84.44541172,15.763,4/9/2024 0:00,1600,2,2,0,2,C,CLEAR,DRY,0,1 VEHICLE ENTERING/LEAVING ENTRANCE,ANGLE,STRAIGHT & LEVEL,DAYLIGHT,0,0,0,1
33092980,CAMPBELL,I 0275,Interstate,,I275 E,,,39.03273397,-84.47041136,76.199,4/9/2024 0:00,845,2,2,0,0,O,CLEAR,DRY,0,REAR END IN TRAFFIC LANES BOTH VEHICLES MOVING,REAR END,STRAIGHT & LEVEL,DAYLIGHT,0,0,0,1
33105381,CAMPBELL,KY0008X,StateRoute,,6TH,AVE,,39.10950484,-84.47918377,1.549,4/9/2024 0:00,2118,2,2,0,0,O,CLOUDY,DRY,0,1 VEHICLE PARKED POSITION (NOT PARKING LOT/DRIVEWAY),REAR END,STRAIGHT & LEVEL,DARK-HWY LIGHTED/ON,0,0,0,1
33094026,CAMPBELL,KY0009,StateRoute,,AA,HWY,,39.0181099,-84.48024674,17.385,4/9/2024 0:00,1732,2,2,0,0,O,CLOUDY,DRY,0,ANGLE COLLISION - OTHER,ANGLE,STRAIGHT & GRADE,DAYLIGHT,0,0,0,1
33101872,CAMPBELL,KY2238,StateRoute,,LOUIE B NUNN,DR,,39.03354492,-84.45985693,0.328,4/9/2024 0:00,2000,2,2,0,0,O,RAINING,WET,0,SIDESWIPE-SAME DIRECTION,SIDESWIPE-SAME DIRECTION,CURVE & LEVEL,DUSK,0,0,0,1
33089602,CAMPBELL,US0027,USRoute,,MONMOUTH,ST,,39.0883427,-84.49022538,21.674,4/9/2024 0:00,1032,2,2,0,0,O,RAINING,WET,0,SIDESWIPE-SAME DIRECTION,SIDESWIPE-SAME DIRECTION,STRAIGHT & LEVEL,DAYLIGHT,0,0,0,1
33089642,CAMPBELL,,OTHR,,5TH,AVE,,39.11443595,-84.46773261,0.384,4/9/2024 0:00,600,2,2,0,0,O,CLOUDY,DRY,0,1 VEHICLE PARKED POSITION (NOT PARKING LOT/DRIVEWAY),REAR END,STRAIGHT & GRADE,DARK-HWY NOT LIGHTED,0,0,0,1
33096517,CAMPBELL,KY0008,StateRoute,,FAIRFIELD,AVE,,39.1089553,-84.48004256,2.122,4/10/2024 0:00,700,1,1,0,0,O,RAINING,WET,0,COLLISION WITH FIXED OBJECT NON - INTERSECTION - FIRST EVENT COLLISION 09 - 32 EXCLUDING 16,SINGLE VEHICLE,STRAIGHT & LEVEL,DAWN,0,0,0,1
33095710,CAMPBELL,I 0471,Interstate,,I471 S,,,39.09320242,-84.47824191,3.886,4/10/2024 0:00,1835,1,1,0,0,O,RAINING,WET,0,COLLISION WITH FIXED OBJECT NON - INTERSECTION - FIRST EVENT COLLISION 09 - 32 EXCLUDING 16,SINGLE VEHICLE,CURVE & LEVEL,DAYLIGHT,0,0,0,1
33116374,CAMPBELL,US0027,USRoute,2626,ALEXANDRIA,PIKE,,39.03612281,-84.45428295,16.684,4/10/2024 0:00,1020,2,2,0,0,O,CLOUDY,WET,1,1 VEHICLE PARKED POSITION (NOT PARKING LOT/DRIVEWAY),SIDESWIPE-SAME DIRECTION,STRAIGHT & LEVEL,DAYLIGHT,0,0,0,1
33096775,CAMPBELL,KY1120,StateRoute,,FT THOMAS,AVE,N,39.07966712,-84.44845704,4.153,4/10/2024 0:00,2225,1,1,0,0,O,RAINING,WET,0,COLLISION WITH FIXED OBJECT IN INTERSECTION - FIRST EVENT COLLISION 09 - 32,SINGLE VEHICLE,CURVE & LEVEL,DARK-HWY LIGHTED/ON,1,0,0,1
33094155,CAMPBELL,,OTHR,,CHURCHILL,DR,,39.08053493,-84.46710316,0.27,4/10/2024 0:00,1000,2,2,0,0,O,CLEAR,DRY,0,REAR END IN TRAFFIC LANES BOTH VEHICLES MOVING,REAR END,STRAIGHT & LEVEL,DAYLIGHT,0,0,0,1
33095413,CAMPBELL,,OTHR,7777,DEVONSHIRE,DR,,38.98308915,-84.39966075,,4/10/2024 0:00,1128,2,2,0,0,O,CLOUDY,WET,0,HEAD-ON COLLISION,HEAD ON,STRAIGHT & LEVEL,DAYLIGHT,0,0,0,1
33095707,CAMPBELL,I 0471,Interstate,,I471 N,,,39.09509043,-84.4808138,4.07,4/10/2024 0:00,1837,1,1,0,0,O,RAINING,WET,0,OTHER ROADWAY OR MID-BLOCK COLLISION,SINGLE VEHICLE,STRAIGHT & LEVEL,DAYLIGHT,0,0,0,1
33110243,CAMPBELL,US0027,USRoute,,ALEXANDRIA,PIKE,,39.01574132,-84.43358019,14.841,4/11/2024 0:00,2100,2,2,0,0,O,CLOUDY,WET,1,OTHER ROADWAY OR MID-BLOCK COLLISION,REAR END,STRAIGHT & HILLCREST,DARK-HWY NOT LIGHTED,0,0,0,1
33100868,CAMPBELL,I 0471,Interstate,,I471 S,,,39.05495402,-84.46958032,0.864,4/11/2024 0:00,1717,2,2,0,0,O,RAINING,WET,0,OTHER ROADWAY OR MID-BLOCK COLLISION,REAR END,CURVE & LEVEL,DAYLIGHT,0,0,0,1
33098841,CAMPBELL,,OTHR,200,9TH,ST,W,39.08588826,-84.4945416,0.178,4/11/2024 0:00,1000,2,2,0,0,O,RAINING,WET,0,1 VEHICLE ENTERING/LEAVING ENTRANCE,ANGLE,STRAIGHT & LEVEL,DAYLIGHT,0,0,0,1
33098925,CAMPBELL,I 0471,Interstate,,I471 S,,,39.08790615,-84.47468799,3.471,4/11/2024 0:00,1530,1,1,0,0,O,RAINING,WET,0,OTHER ROADWAY OR MID-BLOCK COLLISION,SINGLE VEHICLE,CURVE & LEVEL,DAYLIGHT,0,0,0,1
33101947,CAMPBELL,I 0471,Interstate,,I471 SB,,,39.05485479,-84.46961185,0.858,4/11/2024 0:00,1718,2,2,0,0,O,RAINING,WET,0,REAR END IN TRAFFIC LANES BOTH VEHICLES MOVING,REAR END,STRAIGHT & LEVEL,DAYLIGHT,0,0,0,1
33097966,CAMPBELL,I 0471,Interstate,,I471 SB,,,39.05550127,-84.47011884,0.908,4/11/2024 0:00,1104,2,2,0,0,O,RAINING,WET,0,OTHER COLLISIONS ON SHOULDER,ANGLE,STRAIGHT & LEVEL,DAYLIGHT,0,0,0,1
33249293,CAMPBELL,I 0275,Interstate,,I275 E,,,39.05730268,-84.43004298,,4/11/2024 0:00,1648,1,1,0,1,B,CLOUDY,WET,0,OTHER COLLISIONS ON SHOULDER,SINGLE VEHICLE,STRAIGHT & LEVEL,DAYLIGHT,0,0,0,1
33116375,CAMPBELL,KY0471,StateRoute,,KY471,,,39.03719852,-84.45411353,0.015,4/11/2024 0:00,931,2,2,0,0,O,RAINING,WET,0,REAR END IN TRAFFIC LANES BOTH VEHICLES MOVING,REAR END,STRAIGHT & LEVEL,DAYLIGHT,0,0,0,1
33103215,CAMPBELL,KY0008,StateRoute,,FAIRFIELD,AVE,,39.10681151,-84.48263405,1.919,4/11/2024 0:00,1051,2,2,0,0,O,RAINING,WET,0,ANGLE COLLISION - OTHER,ANGLE,STRAIGHT & LEVEL,DAYLIGHT,0,0,0,1
33101209,CAMPBELL,,OTHR,,SHAMROCK,LN,,39.06056419,-84.44043461,0.055,4/11/2024 0:00,1530,2,2,0,0,O,RAINING,WET,0,1 VEHICLE PARKED POSITION (NOT PARKING LOT/DRIVEWAY),BACKING,STRAIGHT & GRADE,DAYLIGHT,0,0,0,1
33101499,CAMPBELL,US0027,USRoute,,ALEXANDRIA,PIKE,,39.01729056,-84.43480471,14.958,4/11/2024 0:00,2016,2,2,0,0,O,CLEAR,DRY,0,1 VEHICLE PARKED POSITION (NOT PARKING LOT/DRIVEWAY),SIDESWIPE-SAME DIRECTION,STRAIGHT & LEVEL,DARK-HWY LIGHTED/ON,0,0,0,1
33100863,CAMPBELL,I 0471,Interstate,,I471 N,,,39.0524461,-84.467972,0.704,4/11/2024 0:00,1529,1,1,0,0,O,RAINING,WET,0,COLLISION WITH FIXED OBJECT NON - INTERSECTION - FIRST EVENT COLLISION 09 - 32 EXCLUDING 16,SINGLE VEHICLE,CURVE & LEVEL,DAYLIGHT,0,0,0,1
33100866,CAMPBELL,I 0471,Interstate,,I471 N,,,39.0524461,-84.467972,0.704,4/11/2024 0:00,1557,1,1,0,0,O,RAINING,WATER (STANDING OR MOVING),0,COLLISION WITH FIXED OBJECT NON - INTERSECTION - FIRST EVENT COLLISION 09 - 32 EXCLUDING 16,SINGLE VEHICLE,CURVE & LEVEL,DAYLIGHT,0,0,0,1
33101552,CAMPBELL,I 0471,Interstate,,I471 N,,,39.07403154,-84.46538273,2.343,4/11/2024 0:00,950,1,1,0,0,O,RAINING,WET,0,COLLISION WITH FIXED OBJECT NON - INTERSECTION - FIRST EVENT COLLISION 09 - 32 EXCLUDING 16,SINGLE VEHICLE,STRAIGHT & GRADE,DAYLIGHT,0,0,0,1
33118923,CAMPBELL,,OTHR,1322,FT THOMAS,AVE,N,39.09364968,-84.44795209,0.736,4/12/2024 0:00,1454,2,2,0,0,O,CLOUDY,WET,0,1 VEHICLE PARKED POSITION (NOT PARKING LOT/DRIVEWAY),SIDESWIPE-SAME DIRECTION,STRAIGHT & LEVEL,DAYLIGHT,0,0,0,1
33158230,CAMPBELL,,OTHR,535,RIVERPOINTE,DR,,39.11013754,-84.46374194,0.008,4/12/2024 0:00,1000,2,2,0,0,O,RAINING,WET,1,1 VEHICLE PARKED POSITION (NOT PARKING LOT/DRIVEWAY),BACKING,CURVE & GRADE,UNKNOWN,0,0,0,1
33115538,CAMPBELL,US0027,USRoute,,ALEXANDRIA,PIKE,,38.9865738,-84.4041592,12.321,4/12/2024 0:00,1552,2,2,0,0,O,CLOUDY,DRY,0,OTHER INTERSECTION COLLISIONS,REAR END,STRAIGHT & GRADE,DAYLIGHT,1,0,0,1
33107522,CAMPBELL,KY0009,StateRoute,,LICKING,PIKE,,39.02357563,-84.48099779,17.8,4/12/2024 0:00,1647,2,2,0,0,O,CLEAR,DRY,0,SIDESWIPE COLLISION - SAME DIRECTION,SIDESWIPE-SAME DIRECTION,STRAIGHT & LEVEL,DAYLIGHT,0,0,0,1
33110245,CAMPBELL,US0027,USRoute,,,,,39.0003441,-84.42121323,0.481,4/13/2024 0:00,1145,2,2,0,0,O,CLEAR,DRY,0,OTHER RAMP RELATED COLLISIONS NOT LISTED ABOVE,REAR END,STRAIGHT & LEVEL,DAYLIGHT,0,0,0,1
33110932,CAMPBELL,KY0008,StateRoute,100,5TH,ST,W,39.08987558,-84.49895532,0.334,4/13/2024 0:00,1730,2,2,0,0,O,CLEAR,DRY,0,SIDESWIPE COLLISION - SAME DIRECTION,SIDESWIPE-SAME DIRECTION,STRAIGHT & LEVEL,DAYLIGHT,0,0,0,1
33114235,CAMPBELL,KY0008,StateRoute,,5TH,ST,W,39.09054594,-84.49761968,0.415,4/13/2024 0:00,947,2,2,0,0,O,CLEAR,DRY,0,1 VEHICLE ENTERING/LEAVING ENTRANCE,ANGLE,STRAIGHT & LEVEL,DAYLIGHT,0,0,0,1
33112190,CAMPBELL,,OTHR,21,HAYWOOD,CT,,39.09281573,-84.45948053,0.046,4/13/2024 0:00,1015,2,2,0,0,O,CLEAR,DRY,0,1 VEHICLE PARKED POSITION (NOT PARKING LOT/DRIVEWAY),SIDESWIPE-SAME DIRECTION,STRAIGHT & GRADE,DAYLIGHT,0,0,0,1
33116878,CAMPBELL,KY0445,StateRoute,,RIVER,RD,,39.0640343,-84.44712835,1.033,4/13/2024 0:00,1530,2,1,0,1,B,CLEAR,DRY,0,COLLISION WITH BICYCLE IN INTERSECTION,SINGLE VEHICLE,STRAIGHT & LEVEL,DAYLIGHT,1,1,0,0
33121882,CAMPBELL,,OTHR,,SKYLINE,DR,,39.03421437,-84.41738767,0.542,4/13/2024 0:00,635,1,1,0,0,O,CLEAR,DRY,0,COLLISION WITH ANIMAL NON INTERSECTION,SINGLE VEHICLE,STRAIGHT & LEVEL,DARK-HWY NOT LIGHTED,0,0,0,1
33121358,CAMPBELL,KY0009,StateRoute,,AA,HWY,,38.97363089,-84.35995099,9.905,4/14/2024 0:00,2300,1,1,0,0,O,CLEAR,DRY,0,COLLISION WITH ANIMAL NON INTERSECTION,SINGLE VEHICLE,STRAIGHT & GRADE,DARK-HWY LIGHTED/ON,0,0,0,1
33110928,CAMPBELL,,OTHR,,RIVIERA,DR,,39.10177727,-84.48862203,0.004,4/14/2024 0:00,1352,2,2,0,0,O,CLEAR,DRY,0,OTHER INTERSECTION COLLISIONS,REAR END,STRAIGHT & LEVEL,DAYLIGHT,1,0,0,1
33110930,CAMPBELL,,OTHR,,PARK,AVE,,39.09709275,-84.49160335,0.259,4/14/2024 0:00,602,2,2,0,0,O,CLEAR,DRY,0,SIDESWIPE-SAME DIRECTION,SIDESWIPE-SAME DIRECTION,STRAIGHT & HILLCREST,DAWN,0,0,0,1
33108965,CAMPBELL,KY0008,StateRoute,,DAVE COWENS,DR,,39.10174925,-84.48875168,1.44,4/14/2024 0:00,1355,2,2,0,0,O,CLEAR,DRY,0,VEHICLE BACKING NON INTERSECTION,BACKING,STRAIGHT & LEVEL,DAYLIGHT,0,0,0,1
33110931,CAMPBELL,US0027,USRoute,,3RD,ST,E,39.09399814,-84.49617106,22.207,4/14/2024 0:00,1618,2,2,0,0,O,CLEAR,DRY,1,VEHICLE BACKING NON INTERSECTION,BACKING,STRAIGHT & LEVEL,DAYLIGHT,0,0,0,1
33110968,CAMPBELL,US0027,USRoute,,11TH,ST,E,39.08503587,-84.48942083,21.591,4/14/2024 0:00,1633,2,2,0,0,O,CLEAR,DRY,0,1 VEHICLE ENTERING/LEAVING ENTRANCE,ANGLE,STRAIGHT & LEVEL,DAWN,0,0,0,1
33116466,CAMPBELL,I 0275,Interstate,,I275 E,,,39.04372378,-84.46735694,75.39,4/14/2024 0:00,1904,2,2,0,0,O,CLEAR,DRY,1,SIDESWIPE COLLISION - SAME DIRECTION,SIDESWIPE-SAME DIRECTION,STRAIGHT & LEVEL,DAYLIGHT,0,0,0,1
33121357,CAMPBELL,US0027,USRoute,,,,,39.00218629,-84.42109969,0.377,4/14/2024 0:00,2230,1,1,0,0,O,CLEAR,DRY,0,OTHER RAMP RELATED COLLISIONS NOT LISTED ABOVE,SINGLE VEHICLE,CURVE & GRADE,DARK-HWY LIGHTED/ON,0,0,0,1
33112872,CAMPBELL,I 0471,Interstate,,,,,39.06528372,-84.46448293,0.247,4/14/2024 0:00,1908,2,2,0,1,B,CLEAR,DRY,0,OTHER RAMP RELATED COLLISIONS NOT LISTED ABOVE,REAR END,STRAIGHT & LEVEL,DAYLIGHT,0,0,0,1
33161290,CAMPBELL,I 0275,Interstate,,,,,39.04057428,-84.46962957,0.413,4/15/2024 0:00,1017,2,1,0,0,O,CLEAR,DRY,0,OTHER RAMP RELATED COLLISIONS NOT LISTED ABOVE,SIDESWIPE-SAME DIRECTION,CURVE & LEVEL,DAYLIGHT,0,0,0,1
33124547,CAMPBELL,I 0275,Interstate,,,,,39.04675272,-84.46088278,0.212,4/15/2024 0:00,924,1,1,0,1,C,CLEAR,DRY,0,OTHER RAMP RELATED COLLISIONS NOT LISTED ABOVE,SINGLE VEHICLE,CURVE & GRADE,DAYLIGHT,0,0,0,1
33444250,CAMPBELL,KY1998,StateRoute,,INDUSTRIAL,RD,,39.02941184,-84.44448813,2.032,4/15/2024 0:00,1342,2,2,0,1,B,CLEAR,DRY,0,HEAD-ON COLLISION,HEAD ON,CURVE & LEVEL,DAYLIGHT,0,0,0,1
33114234,CAMPBELL,KY1120,StateRoute,,10TH,ST,E,39.08843825,-84.48663852,0.988,4/15/2024 0:00,1136,2,2,0,0,O,CLEAR,DRY,0,OTHER ROADWAY OR MID-BLOCK COLLISION,REAR END,STRAIGHT & LEVEL,DAYLIGHT,0,0,0,1
33114238,CAMPBELL,KY0008,StateRoute,,DAVE COWENS,DR,,39.10177207,-84.48873087,1.442,4/15/2024 0:00,1328,3,3,0,0,O,CLEAR,DRY,1,1 VEHICLE ENTERING/LEAVING ENTRANCE,ANGLE,STRAIGHT & LEVEL,DAYLIGHT,0,0,0,1