IncidentID,County,RdwyNumber,RdwyType,Street,RoadwayName,StreetSfx,StreetDir,Latitude,Longitude,Milepoint,CollisionDate,CollisionTime,UnitsInvolved,MotorVehiclesInvolved,NumberKilled,NumberInjured,KABCO,Weather,RdwyConditionCode,HitandRun,DirAnalysisCode,MannerofCollision,RdwyCharacter,LightCondition,Intersection Crash,Bicyclist,Pedestrian,Motor Vehicles
33115910,CAMPBELL,KY1892,StateRoute,,CAROTHERS,RD,,39.08644278,-84.47734284,2.159,4/15/2024 0:00,1720,2,2,0,0,O,CLEAR,DRY,0,OTHER INTERSECTION COLLISIONS,REAR END,STRAIGHT & GRADE,DAYLIGHT,1,0,0,1
33115907,CAMPBELL,,OTHR,1109,VINE,AVE,,39.08959971,-84.48152712,0.125,4/15/2024 0:00,1100,2,2,0,0,O,CLEAR,DRY,1,1 VEHICLE PARKED POSITION (NOT PARKING LOT/DRIVEWAY),SIDESWIPE-SAME DIRECTION,STRAIGHT & LEVEL,DAYLIGHT,0,0,0,1
33121881,CAMPBELL,KY0008,StateRoute,4854,MARY INGLES,HWY,,39.03909652,-84.40197484,10.123,4/15/2024 0:00,655,2,2,0,0,O,CLEAR,DRY,0,1 VEHICLE PARKED POSITION (NOT PARKING LOT/DRIVEWAY),BACKING,STRAIGHT & LEVEL,DARK-HWY LIGHTED/ON,0,0,0,1
33116877,CAMPBELL,KY0445,StateRoute,23,GRANDVIEW,AVE,,39.06242447,-84.44925717,1.081,4/15/2024 0:00,1540,2,2,0,0,O,CLEAR,DRY,1,1 VEHICLE PARKED POSITION (NOT PARKING LOT/DRIVEWAY),SIDESWIPE-SAME DIRECTION,STRAIGHT & GRADE,DAYLIGHT,0,0,0,1
33110165,CAMPBELL,KY1892,StateRoute,,GRAND,AVE,,39.08138507,-84.46872741,1.543,4/15/2024 0:00,129,1,1,0,0,O,CLEAR,DRY,0,COLLISION WITH FIXED OBJECT NON - INTERSECTION - FIRST EVENT COLLISION 09 - 32 EXCLUDING 16,SINGLE VEHICLE,STRAIGHT & GRADE,DARK-HWY LIGHTED/ON,0,0,0,1
33132667,CAMPBELL,,OTHR,210,LINDEN,RD,,39.07345869,-84.47095336,0.518,4/16/2024 0:00,1341,2,2,0,0,O,CLEAR,DRY,0,1 VEHICLE PARKED POSITION (NOT PARKING LOT/DRIVEWAY),SIDESWIPE-SAME DIRECTION,STRAIGHT & LEVEL,DAYLIGHT,0,0,0,1
33123644,CAMPBELL,KY1892,StateRoute,,GRAND,AVE,,39.08641172,-84.47708192,2.143,4/16/2024 0:00,1526,2,2,0,0,O,CLEAR,DRY,0,OTHER INTERSECTION COLLISIONS,REAR END,STRAIGHT & LEVEL,DAYLIGHT,1,0,0,1
33155970,CAMPBELL,KY0008X,StateRoute,,6TH,AVE,,39.11023127,-84.47819397,1.622,4/16/2024 0:00,2034,2,1,0,0,O,CLEAR,DRY,0,COLLISION WITH PARKED VEHICLE,SIDESWIPE-SAME DIRECTION,STRAIGHT & LEVEL,DARK-HWY LIGHTED/ON,0,0,0,1
33201744,CAMPBELL,I 0275,Interstate,,I275 E,,,39.05704424,-84.43022077,,4/16/2024 0:00,1735,2,2,0,0,O,CLEAR,DRY,0,SIDESWIPE COLLISION - SAME DIRECTION,SIDESWIPE-SAME DIRECTION,STRAIGHT & LEVEL,DAYLIGHT,0,0,0,1
33132218,CAMPBELL,KY2926,StateRoute,4708,WINTERS,LN,,39.04408537,-84.43204116,,4/16/2024 0:00,1542,1,1,0,0,O,CLEAR,DRY,0,OTHER ROADWAY OR MID-BLOCK COLLISION,SINGLE VEHICLE,STRAIGHT & LEVEL,DAYLIGHT,0,0,0,1
33132981,CAMPBELL,,OTHR,439,FT THOMAS,AVE,N,39.0839997,-84.4522476,0.135,4/16/2024 0:00,745,2,2,0,0,O,CLEAR,DRY,0,1 VEHICLE PARKED POSITION (NOT PARKING LOT/DRIVEWAY),SIDESWIPE-SAME DIRECTION,STRAIGHT & LEVEL,DAYLIGHT,0,0,0,1
33125588,CAMPBELL,KY0008,StateRoute,319,FAIRFIELD,AVE,,39.10639912,-84.48313027,1.88,4/16/2024 0:00,1437,3,3,0,0,O,CLEAR,DRY,0,1 VEHICLE PARKED POSITION (NOT PARKING LOT/DRIVEWAY),SIDESWIPE-SAME DIRECTION,STRAIGHT & LEVEL,DAYLIGHT,0,0,0,1
33127109,CAMPBELL,US0027,USRoute,3701,ALEXANDRIA,PIKE,,39.02683659,-84.44839208,15.962,4/16/2024 0:00,1545,3,3,0,0,O,CLEAR,DRY,0,REAR END IN TRAFFIC LANES BOTH VEHICLES MOVING,REAR END,STRAIGHT & LEVEL,DAYLIGHT,0,0,0,1
33168414,CAMPBELL,KY2238,StateRoute,,THREE MILE,RD,,39.0435408,-84.46761269,1.171,4/17/2024 0:00,1100,1,1,0,1,B,CLEAR,DRY,0,OTHER ROADWAY OR MID-BLOCK COLLISION,SINGLE VEHICLE,STRAIGHT & GRADE,DAYLIGHT,0,0,0,1
33132219,CAMPBELL,I 0275,Interstate,,I275 E,,,39.05706052,-84.43043704,,4/17/2024 0:00,1718,5,5,0,0,O,CLEAR,DRY,0,REAR END IN TRAFFIC LANES BOTH VEHICLES MOVING,REAR END,STRAIGHT & LEVEL,DAYLIGHT,0,0,0,1
33128819,CAMPBELL,,OTHR,,SOUTHGATE,AVE,W,39.09164943,-84.45176754,0.023,4/17/2024 0:00,1704,2,2,0,0,O,CLOUDY,DRY,0,1 VEHICLE PARKED POSITION (NOT PARKING LOT/DRIVEWAY),SIDESWIPE-OPPOSITE DIRECTION,STRAIGHT & LEVEL,DAYLIGHT,0,0,0,1
33128822,CAMPBELL,,OTHR,,HOLIDAY,LN,,39.06920097,-84.46079385,0.231,4/17/2024 0:00,2210,2,2,0,0,O,CLEAR,DRY,0,1 VEHICLE PARKED POSITION (NOT PARKING LOT/DRIVEWAY),BACKING,STRAIGHT & LEVEL,DARK-HWY NOT LIGHTED,0,0,0,1
33124060,CAMPBELL,,OTHR,,LINDSEY,ST,,39.10908806,-84.47627316,0.041,4/17/2024 0:00,1220,1,1,0,0,O,CLEAR,DRY,0,OTHER ROADWAY OR MID-BLOCK COLLISION,SINGLE VEHICLE,STRAIGHT & LEVEL,DAYLIGHT,0,0,0,1
33124640,CAMPBELL,I 0275,Interstate,,I275 E,,,39.02460222,-84.47866488,76.943,4/17/2024 0:00,739,2,2,0,0,O,RAINING,WET,0,SIDESWIPE COLLISION - SAME DIRECTION,SIDESWIPE-SAME DIRECTION,STRAIGHT & GRADE,DAYLIGHT,0,0,0,1
33132672,CAMPBELL,US0027,USRoute,,ALEXANDRIA,PIKE,,39.0696039,-84.46860333,19.944,4/17/2024 0:00,1656,2,2,0,0,O,CLEAR,DRY,0,SIDESWIPE COLLISION - SAME DIRECTION,SIDESWIPE-SAME DIRECTION,STRAIGHT & GRADE,DAYLIGHT,0,0,0,1
33142648,CAMPBELL,US0027,USRoute,,ALEXANDRIA,PIKE,,39.03375313,-84.45339663,16.503,4/17/2024 0:00,1930,2,2,0,0,O,CLEAR,DRY,0,OTHER INTERSECTION COLLISIONS,REAR END,STRAIGHT & LEVEL,DAYLIGHT,1,0,0,1
33132675,CAMPBELL,US0027,USRoute,,ALEXANDRIA,PIKE,,39.06826653,-84.46654563,19.735,4/17/2024 0:00,1645,2,2,0,2,C,CLEAR,DRY,0,OTHER INTERSECTION COLLISIONS,REAR END,STRAIGHT & LEVEL,DAYLIGHT,1,0,0,1
33125154,CAMPBELL,KY1120,StateRoute,305,11TH,ST,W,39.08265448,-84.49378941,0.39,4/17/2024 0:00,700,3,3,0,0,O,RAINING,WET,1,1 VEHICLE PARKED POSITION (NOT PARKING LOT/DRIVEWAY),SIDESWIPE-SAME DIRECTION,STRAIGHT & LEVEL,DARK-HWY LIGHTED/ON,0,0,0,1
33201651,CAMPBELL,,OTHR,,NINE MILE,RD,,39.00350594,-84.36237836,2.363,4/18/2024 0:00,1104,1,1,0,0,O,CLEAR,DRY,0,COLLISION WITH ANIMAL NON INTERSECTION,SINGLE VEHICLE,STRAIGHT & LEVEL,DAYLIGHT,0,0,0,1
33136565,CAMPBELL,US0027,USRoute,,ALEXANDRIA,PIKE,,38.96457017,-84.39276047,10.53,4/18/2024 0:00,709,2,2,0,0,O,CLEAR,DRY,0,OTHER INTERSECTION COLLISIONS,REAR END,STRAIGHT & LEVEL,DAYLIGHT,1,0,0,1
33130035,CAMPBELL,I 0471,Interstate,,I471 N,,,39.07616313,-84.46847628,2.567,4/18/2024 0:00,849,2,2,0,0,O,CLEAR,DRY,0,OTHER ROADWAY OR MID-BLOCK COLLISION,REAR END,STRAIGHT & LEVEL,DAYLIGHT,0,0,0,1
33144333,CAMPBELL,US0027,USRoute,,ALEXANDRIA,PIKE,,39.0595568,-84.45201572,18.549,4/18/2024 0:00,1520,2,2,0,0,O,CLOUDY,DRY,0,VEHICLE BACKING NON INTERSECTION,BACKING,STRAIGHT & HILLCREST,DAYLIGHT,0,0,0,1
33131939,CAMPBELL,,OTHR,915,BOONE,ST,,39.09001978,-84.48606712,0.133,4/18/2024 0:00,1834,2,2,0,0,O,CLEAR,DRY,1,1 VEHICLE PARKED POSITION (NOT PARKING LOT/DRIVEWAY),SIDESWIPE-SAME DIRECTION,STRAIGHT & LEVEL,DAYLIGHT,0,0,0,1
33132706,CAMPBELL,US0027,USRoute,,ALEXANDRIA,PIKE,,39.06500595,-84.46338779,19.441,4/18/2024 0:00,1343,2,2,0,0,O,CLEAR,DRY,0,REAR END IN TRAFFIC LANES BOTH VEHICLES MOVING,REAR END,STRAIGHT & LEVEL,DAYLIGHT,0,0,0,1
33144683,CAMPBELL,,OTHR,,UNIVERSITY,DR,,39.03076036,-84.46009092,0.171,4/18/2024 0:00,840,2,2,0,0,O,CLEAR,DRY,0,REAR END IN TRAFFIC LANES BOTH VEHICLES MOVING,REAR END,STRAIGHT & GRADE,DAYLIGHT,0,0,0,1
33137367,CAMPBELL,US0027,USRoute,,ALEXANDRIA,PIKE,,39.02747391,-84.44921581,16.055,4/18/2024 0:00,1834,2,2,0,0,O,CLEAR,DRY,0,OTHER ROADWAY OR MID-BLOCK COLLISION,REAR END,STRAIGHT & LEVEL,DAYLIGHT,0,0,0,1
33132705,CAMPBELL,US0027,USRoute,,ALEXANDRIA,PIKE,,39.06555155,-84.4644772,19.518,4/18/2024 0:00,639,2,2,0,2,B,CLEAR,DRY,0,OTHER ROADWAY OR MID-BLOCK COLLISION,OPPOSING LEFT TURN,CURVE & LEVEL,DAYLIGHT,0,0,0,1
33140055,CAMPBELL,I 0471,Interstate,,I471 N,,,39.05061555,-84.46496365,0.491,4/19/2024 0:00,744,3,3,0,0,O,CLOUDY,WET,0,REAR END IN TRAFFIC LANES BOTH VEHICLES MOVING,REAR END,CURVE & GRADE,DAYLIGHT,0,0,0,1
33142654,CAMPBELL,US0027,USRoute,2625,ALEXANDRIA,PIKE,,39.03510739,-84.45389855,16.62,4/19/2024 0:00,1048,2,2,0,0,O,CLOUDY,DRY,0,REAR END IN TRAFFIC LANES BOTH VEHICLES MOVING,REAR END,STRAIGHT & GRADE,DAYLIGHT,0,0,0,1
33140495,CAMPBELL,KY1120,StateRoute,768,10TH,ST,E,39.09185467,-84.48194266,1.283,4/19/2024 0:00,1930,2,2,0,0,O,CLEAR,DRY,1,1 VEHICLE PARKED POSITION (NOT PARKING LOT/DRIVEWAY),SIDESWIPE-SAME DIRECTION,STRAIGHT & LEVEL,DAYLIGHT,0,0,0,1
33147174,CAMPBELL,,OTHR,300,COMMERCIAL,CIR,,38.9686884,-84.39152398,0.069,4/19/2024 0:00,955,1,1,0,0,O,CLOUDY,DRY,0,OTHER ROADWAY OR MID-BLOCK COLLISION,SINGLE VEHICLE,STRAIGHT & LEVEL,DAYLIGHT,0,0,0,1
33136165,CAMPBELL,KY0008,StateRoute,,3RD,ST,E,39.09489474,-84.49465831,0.727,4/19/2024 0:00,1924,2,2,0,0,O,CLEAR,DRY,0,ANGLE COLLISION - OTHER,ANGLE,STRAIGHT & LEVEL,DAYLIGHT,0,0,0,1
33147514,CAMPBELL,KY1632,StateRoute,,MOOCK,RD,,39.06437046,-84.46961648,1.321,4/19/2024 0:00,2319,2,2,0,0,O,CLEAR,DRY,0,REAR END - ONE VEHICLE TURNING RIGHT,REAR END,STRAIGHT & LEVEL,DARK (UNKNOWN ROADWAY LIGHTING),0,0,0,1
33147508,CAMPBELL,,OTHR,,KENTON,DR,,39.03161269,-84.46703485,0.254,4/19/2024 0:00,1000,2,1,0,0,O,CLOUDY,DRY,0,1 VEHICLE PARKED POSITION (NOT PARKING LOT/DRIVEWAY),ANGLE,STRAIGHT & GRADE,DAYLIGHT,0,0,0,1
33142819,CAMPBELL,KY1632,StateRoute,,MOOCK,RD,,39.06437355,-84.46959965,1.322,4/19/2024 0:00,2240,1,1,0,0,O,CLEAR,DRY,0,COLLISION WITH FIXED OBJECT NON - INTERSECTION - FIRST EVENT COLLISION 09 - 32 EXCLUDING 16,SINGLE VEHICLE,STRAIGHT & LEVEL,DARK (UNKNOWN ROADWAY LIGHTING),0,0,0,1
33137510,CAMPBELL,KY0008,StateRoute,,DAVE COWENS,DR,,39.10082974,-84.48977473,1.346,4/20/2024 0:00,1321,2,2,0,0,O,CLEAR,DRY,0,SIDESWIPE-SAME DIRECTION,SIDESWIPE-SAME DIRECTION,STRAIGHT & LEVEL,DAYLIGHT,0,0,0,1
33142820,CAMPBELL,I 0471,Interstate,,I471 S,,,39.05575168,-84.46961713,0.919,4/20/2024 0:00,2143,2,2,0,0,O,CLEAR,DRY,0,SIDESWIPE COLLISION - SAME DIRECTION,SIDESWIPE-SAME DIRECTION,STRAIGHT & LEVEL,DARK-HWY LIGHTED/ON,0,0,0,1
33151765,CAMPBELL,,OTHR,2777,CALIFORNIA,XRD,,38.89418653,-84.30128404,1.792,4/20/2024 0:00,2105,1,1,0,0,O,CLEAR,DRY,0,OTHER COLLISIONS ON SHOULDER,SINGLE VEHICLE,CURVE & HILLCREST,DARK-HWY NOT LIGHTED,0,0,0,1
33144872,CAMPBELL,KY0009,StateRoute,,AA,HWY,,38.99131322,-84.39893991,12.401,4/21/2024 0:00,2107,1,1,0,0,O,CLEAR,DRY,0,COLLISION WITH ANIMAL IN INTERSECTION,SINGLE VEHICLE,STRAIGHT & LEVEL,DARK-HWY NOT LIGHTED,1,0,0,1
33144688,CAMPBELL,KY2345,StateRoute,,JOHNS HILL,RD,,39.0403926,-84.4779028,2.167,4/21/2024 0:00,1545,2,2,0,0,O,CLEAR,DRY,0,ANGLE COLLISION - OTHER,ANGLE,STRAIGHT & LEVEL,DAYLIGHT,0,0,0,1
33150318,CAMPBELL,,OTHR,2863,CALIFORNIA,XRD,,38.89625596,-84.2990317,,4/21/2024 0:00,2158,1,1,0,0,O,CLEAR,DRY,0,COLLISION WITH ANIMAL NON INTERSECTION,SINGLE VEHICLE,STRAIGHT & LEVEL,DARK-HWY NOT LIGHTED,0,0,0,1
33144875,CAMPBELL,,OTHR,,BROOKWOOD,DR,,38.94970247,-84.36096782,0.854,4/21/2024 0:00,133,5,5,0,0,O,CLEAR,DRY,0,1 VEHICLE PARKED POSITION (NOT PARKING LOT/DRIVEWAY),ANGLE,STRAIGHT & LEVEL,DARK-HWY NOT LIGHTED,0,0,0,1
33177059,CAMPBELL,,OTHR,33,HIGHLAND MEADOWS,CIR,,39.02692325,-84.45969036,0.312,4/22/2024 0:00,1218,3,3,0,0,O,CLEAR,DRY,0,1 VEHICLE PARKED POSITION (NOT PARKING LOT/DRIVEWAY),BACKING,STRAIGHT & LEVEL,DAYLIGHT,0,0,0,1
33154275,CAMPBELL,,OTHR,1022,ERVIN,TER,,39.10883106,-84.47168383,0.045,4/22/2024 0:00,1555,2,2,0,0,O,CLOUDY,DRY,0,1 VEHICLE PARKED POSITION (NOT PARKING LOT/DRIVEWAY),BACKING,STRAIGHT & HILLCREST,DAYLIGHT,0,0,0,1
33145393,CAMPBELL,KY1892,StateRoute,82,CAROTHERS,RD,,39.08638055,-84.4782635,2.207,4/22/2024 0:00,1315,3,3,0,0,O,CLOUDY,DRY,0,REAR END IN TRAFFIC LANES BOTH VEHICLES MOVING,REAR END,CURVE & GRADE,DAYLIGHT,0,0,0,1
33145394,CAMPBELL,KY1892,StateRoute,,GRAND,AVE,,39.08184626,-84.46963891,1.613,4/22/2024 0:00,1530,2,2,0,0,O,CLEAR,DRY,0,REAR END IN TRAFFIC LANES BOTH VEHICLES MOVING,REAR END,STRAIGHT & LEVEL,DAYLIGHT,0,0,0,1
33163161,CAMPBELL,,OTHR,,SOUTHGATE,AVE,W,39.09148823,-84.45197414,0.007,4/22/2024 0:00,2313,2,2,0,0,O,CLEAR,DRY,1,SIDESWIPE COLLISION - SAME DIRECTION,SIDESWIPE-SAME DIRECTION,CURVE & HILLCREST,DARK-HWY LIGHTED/ON,0,0,0,1
33308120,CAMPBELL,US0027,USRoute,1600,MONMOUTH,ST,,39.08387047,-84.4839828,21.217,4/22/2024 0:00,735,2,1,0,0,O,CLEAR,DRY,0,COLLISION WITH PEDESTRIAN NON - INTERSECTION,SINGLE VEHICLE,STRAIGHT & LEVEL,DAYLIGHT,0,0,1,0
33151639,CAMPBELL,US0027,USRoute,,ALEXANDRIA,PIKE,,39.01872429,-84.4364928,15.109,4/22/2024 0:00,1552,2,2,0,0,O,CLEAR,DRY,0,OTHER INTERSECTION COLLISIONS,REAR END,STRAIGHT & LEVEL,DAYLIGHT,1,0,0,1
33145572,CAMPBELL,KY1120,StateRoute,,MEMORIAL,PKWY,,39.09268213,-84.47522012,1.678,4/22/2024 0:00,1400,2,2,0,0,O,CLEAR,DRY,0,OTHER INTERSECTION COLLISIONS,REAR END,STRAIGHT & LEVEL,DAYLIGHT,1,0,0,1
33148946,CAMPBELL,I 0275,Interstate,,,,,39.03465694,-84.47028602,0.001,4/22/2024 0:00,1019,2,2,0,0,O,CLEAR,DRY,0,OTHER RAMP RELATED COLLISIONS NOT LISTED ABOVE,SIDESWIPE-SAME DIRECTION,STRAIGHT & LEVEL,DAYLIGHT,0,0,0,1
33159529,CAMPBELL,I 0275,Interstate,,I275 E,,,39.0225771,-84.48831534,77.519,4/23/2024 0:00,1723,2,2,0,0,O,CLOUDY,DRY,0,OTHER ROADWAY OR MID-BLOCK COLLISION,REAR END,STRAIGHT & LEVEL,DAYLIGHT,0,0,0,1
33149793,CAMPBELL,I 0471,Interstate,,I471 N,,,39.10064496,-84.4945748,4.924,4/23/2024 0:00,956,2,2,0,0,O,CLEAR,DRY,0,OTHER ROADWAY OR MID-BLOCK COLLISION,REAR END,STRAIGHT & LEVEL,DAYLIGHT,0,0,0,1
33155812,CAMPBELL,,OTHR,,INDIAN TRACE,RD,,38.9260561,-84.43689991,0.006,4/23/2024 0:00,940,2,2,0,0,O,CLEAR,DRY,0,VEHICLE BACKING IN INTERSECTION,BACKING,STRAIGHT & GRADE,DAYLIGHT,1,0,0,1
33177062,CAMPBELL,US0027,USRoute,,ALEXANDRIA,PIKE,,39.0369101,-84.45399027,16.731,4/23/2024 0:00,1202,2,2,0,0,O,CLEAR,DRY,0,OTHER INTERSECTION COLLISIONS,REAR END,STRAIGHT & LEVEL,DAYLIGHT,1,0,0,1
33156078,CAMPBELL,KY0009,StateRoute,,AA,HWY,,38.98391941,-84.38689477,11.571,4/23/2024 0:00,2150,1,1,0,0,O,RAINING,WET,0,COLLISION WITH ANIMAL IN INTERSECTION,SINGLE VEHICLE,STRAIGHT & GRADE,DARK-HWY LIGHTED/ON,1,0,0,1
33156076,CAMPBELL,US0027,USRoute,,ALEXANDRIA,PIKE,,38.98226354,-84.39774009,11.863,4/23/2024 0:00,1000,2,2,0,0,O,CLEAR,DRY,0,ANGLE COLLISION - ONE VEHICLE TURNING LEFT,ANGLE,STRAIGHT & HILLCREST,DAYLIGHT,0,0,0,1
33151763,CAMPBELL,US0027,USRoute,,ALEXANDRIA,PIKE,,38.88877436,-84.38626678,5.192,4/23/2024 0:00,500,1,1,0,0,O,CLOUDY,DRY,0,COLLISION WITH ANIMAL NON INTERSECTION,SINGLE VEHICLE,STRAIGHT & GRADE,DARK-HWY NOT LIGHTED,0,0,0,1
33149964,CAMPBELL,I 0471,Interstate,,I471 N,,,39.07714459,-84.46936314,2.652,4/23/2024 0:00,1213,1,1,0,0,O,CLEAR,DRY,0,OTHER ROADWAY OR MID-BLOCK COLLISION,SINGLE VEHICLE,STRAIGHT & LEVEL,DAYLIGHT,0,0,0,1
33149965,CAMPBELL,I 0471,Interstate,3.3,I471 N,,,39.08319441,-84.47198491,3.096,4/23/2024 0:00,925,2,2,0,0,O,CLEAR,DRY,0,OTHER ROADWAY OR MID-BLOCK COLLISION,REAR END,STRAIGHT & LEVEL,DAYLIGHT,0,0,0,1
33155815,CAMPBELL,,OTHR,2477,UHL,RD,,39.01967078,-84.4140479,0.49,4/23/2024 0:00,1915,1,1,0,0,O,CLOUDY,DRY,0,OTHER ROADWAY OR MID-BLOCK COLLISION,SINGLE VEHICLE,STRAIGHT & LEVEL,DAYLIGHT,0,0,0,1
33177071,CAMPBELL,KY1120,StateRoute,,MEMORIAL,PKWY,,39.09595039,-84.47222109,1.935,4/23/2024 0:00,2130,2,2,0,0,O,CLEAR,DRY,1,SIDESWIPE COLLISION - SAME DIRECTION,SIDESWIPE-SAME DIRECTION,CURVE & LEVEL,DARK-HWY LIGHTED/ON,0,0,0,1
33149961,CAMPBELL,I 0471,Interstate,,I471 N,,,39.09953161,-84.49254798,4.79,4/23/2024 0:00,812,3,3,0,0,O,CLEAR,DRY,0,REAR END IN TRAFFIC LANES BOTH VEHICLES MOVING,REAR END,STRAIGHT & LEVEL,DAYLIGHT,0,0,0,1
33166471,CAMPBELL,I 0471,Interstate,,I471 S,,,39.08574229,-84.47354511,3.31,4/24/2024 0:00,1254,3,3,0,0,O,CLEAR,DRY,0,REAR END IN TRAFFIC LANES BOTH VEHICLES MOVING,REAR END,STRAIGHT & LEVEL,DAYLIGHT,0,0,0,1
33159536,CAMPBELL,KY0009,StateRoute,,LICKING,PIKE,,39.02380205,-84.48073782,17.827,4/24/2024 0:00,815,2,2,0,0,O,CLEAR,DRY,0,REAR END IN TRAFFIC LANES BOTH VEHICLES MOVING,REAR END,STRAIGHT & LEVEL,DAYLIGHT,0,0,0,1
33156488,CAMPBELL,KY1892,StateRoute,,GRAND,AVE,,39.08541605,-84.47466572,1.986,4/24/2024 0:00,1854,2,2,0,0,O,CLEAR,DRY,0,REAR END IN TRAFFIC LANES BOTH VEHICLES MOVING,REAR END,STRAIGHT & LEVEL,DAYLIGHT,0,0,0,1
33158588,CAMPBELL,I 0275,Interstate,,I275 E,,,39.05441438,-84.43652085,73.567,4/24/2024 0:00,959,2,2,0,2,B,CLOUDY,DRY,0,1 VEHICLE ENTERING/LEAVING ENTRANCE,ANGLE,STRAIGHT & LEVEL,DAYLIGHT,0,0,0,1
33162663,CAMPBELL,,OTHR,,COVERT RUN,PIKE,,39.10165958,-84.45004071,0.428,4/24/2024 0:00,1734,2,2,0,0,O,CLEAR,DRY,0,SIDESWIPE-SAME DIRECTION,SIDESWIPE-SAME DIRECTION,STRAIGHT & HILLCREST,DAYLIGHT,0,0,0,1
33193590,CAMPBELL,KY0008X,StateRoute,,6TH,AVE,,39.11081188,-84.4772008,1.687,4/25/2024 0:00,2258,2,1,0,0,O,CLEAR,DRY,1,COLLISION WITH PEDESTRIAN IN INTERSECTION,SINGLE VEHICLE,STRAIGHT & LEVEL,DARK-HWY LIGHTED/ON,1,0,1,0
33174246,CAMPBELL,US0027,USRoute,,ALEXANDRIA,PIKE,,39.03382662,-84.45341977,16.521,4/25/2024 0:00,1715,2,2,0,0,O,CLEAR,DRY,0,VEHICLE BACKING NON INTERSECTION,BACKING,CURVE & LEVEL,DAYLIGHT,0,0,0,1
33209028,CAMPBELL,,OTHR,,VILLAGE GREEN SHOPPING CENTER,,,38.98438302,-84.40111643,0.002,4/25/2024 0:00,1434,2,2,0,0,O,CLEAR,DRY,0,1 VEHICLE ENTERING/LEAVING ENTRANCE,ANGLE,STRAIGHT & GRADE,DAYLIGHT,0,0,0,1
33174920,CAMPBELL,,OTHR,,LAFAYETTE,AVE,,39.10474255,-84.48505449,0.107,4/25/2024 0:00,1739,2,2,0,0,O,CLEAR,DRY,0,1 VEHICLE PARKED POSITION (NOT PARKING LOT/DRIVEWAY),SIDESWIPE-SAME DIRECTION,STRAIGHT & HILLCREST,DAYLIGHT,0,0,0,1
33160312,CAMPBELL,,OTHR,,NEWPORT PAVILION,,,39.0882677,-84.47588029,0.416,4/25/2024 0:00,1932,2,2,0,0,O,CLEAR,DRY,0,REAR END IN TRAFFIC LANES BOTH VEHICLES MOVING,REAR END,STRAIGHT & LEVEL,DAYLIGHT,0,0,0,1
33166097,CAMPBELL,KY0008,StateRoute,334,FAIRFIELD,AVE,,39.10642625,-84.48319859,1.879,4/26/2024 0:00,1533,2,2,0,0,O,CLEAR,DRY,1,1 VEHICLE PARKED POSITION (NOT PARKING LOT/DRIVEWAY),SIDESWIPE-SAME DIRECTION,STRAIGHT & LEVEL,DAYLIGHT,0,0,0,1
33167246,CAMPBELL,I 0471,Interstate,,I471 S,,,39.07731631,-84.4700092,2.698,4/26/2024 0:00,1802,2,2,0,0,O,CLEAR,DRY,0,SIDESWIPE COLLISION - SAME DIRECTION,SIDESWIPE-SAME DIRECTION,STRAIGHT & GRADE,DAYLIGHT,0,0,0,1
33202867,CAMPBELL,,OTHR,,BON JAN,LN,,39.03053966,-84.4511724,0.011,4/26/2024 0:00,1408,2,2,0,0,O,CLEAR,DRY,0,COLLISION WITH PARKED VEHICLE,SIDESWIPE-OPPOSITE DIRECTION,STRAIGHT & LEVEL,DAYLIGHT,0,0,0,1
33174248,CAMPBELL,KY2238,StateRoute,,LOUIE B NUNN,DR,,39.03506326,-84.45410031,0.01,4/26/2024 0:00,1128,2,2,0,0,O,CLEAR,DRY,0,OTHER INTERSECTION COLLISIONS,REAR END,STRAIGHT & LEVEL,DAYLIGHT,1,0,0,1
33169769,CAMPBELL,,OTHR,947,WASHINGTON,AVE,,39.08858498,-84.48684013,0.575,4/27/2024 0:00,1332,2,2,0,0,O,CLOUDY,DRY,0,1 VEHICLE PARKED POSITION (NOT PARKING LOT/DRIVEWAY),REAR END,STRAIGHT & LEVEL,DAYLIGHT,0,0,0,1
33172016,CAMPBELL,,OTHR,237,LINDEN,RD,,39.07656675,-84.47550457,0.188,4/27/2024 0:00,927,2,2,0,0,O,CLEAR,DRY,0,1 VEHICLE PARKED POSITION (NOT PARKING LOT/DRIVEWAY),SIDESWIPE-SAME DIRECTION,STRAIGHT & LEVEL,DAYLIGHT,0,0,0,1
33222300,CAMPBELL,,OTHR,206,9TH,AVE,,39.10924498,-84.47413259,0.047,4/27/2024 0:00,1630,2,2,0,0,O,CLEAR,DRY,0,1 VEHICLE PARKED POSITION (NOT PARKING LOT/DRIVEWAY),BACKING,STRAIGHT & LEVEL,DAYLIGHT,0,0,0,1
33174919,CAMPBELL,KY1120,StateRoute,,MEMORIAL,PKWY,,39.0926725,-84.47523162,1.677,4/27/2024 0:00,901,2,2,0,0,O,CLEAR,DRY,0,ANGLE COLLISION - OTHER,ANGLE,STRAIGHT & LEVEL,DAYLIGHT,0,0,0,1
33180699,CAMPBELL,KY0547,StateRoute,6734,FOUR MILE,RD,,38.99981045,-84.36369794,3.42,4/27/2024 0:00,1709,2,2,0,0,O,CLEAR,DRY,1,HEAD-ON COLLISION,HEAD ON,CURVE & GRADE,DAYLIGHT,0,0,0,1
33174247,CAMPBELL,US0027,USRoute,,ALEXANDRIA,PIKE,,39.03371426,-84.45322051,16.505,4/27/2024 0:00,1635,2,2,0,0,O,CLOUDY,DRY,0,REAR END IN TRAFFIC LANES BOTH VEHICLES MOVING,REAR END,STRAIGHT & HILLCREST,DAYLIGHT,0,0,0,1