IncidentID,County,RdwyNumber,RdwyType,Street,RoadwayName,StreetSfx,StreetDir,Latitude,Longitude,Milepoint,CollisionDate,CollisionTime,UnitsInvolved,MotorVehiclesInvolved,NumberKilled,NumberInjured,KABCO,Weather,RdwyConditionCode,HitandRun,DirAnalysisCode,MannerofCollision,RdwyCharacter,LightCondition,Intersection Crash,Bicyclist,Pedestrian,Motor Vehicles
33170568,CAMPBELL,,OTHR,5811,GRANITE SPRING,DR,,39.01772642,-84.44377775,0.176,4/28/2024 0:00,1407,3,3,0,0,O,CLEAR,DRY,0,1 VEHICLE PARKED POSITION (NOT PARKING LOT/DRIVEWAY),SIDESWIPE-SAME DIRECTION,STRAIGHT & LEVEL,DAYLIGHT,0,0,0,1
33169772,CAMPBELL,KY0008,StateRoute,,4TH,ST,W,39.0884094,-84.50248879,0.125,4/28/2024 0:00,1320,2,2,0,0,O,CLEAR,DRY,0,SIDESWIPE COLLISION - SAME DIRECTION,SIDESWIPE-SAME DIRECTION,CURVE & LEVEL,DAYLIGHT,0,0,0,1
33174129,CAMPBELL,,OTHR,,NEWPORT PAVILION,,,39.08997842,-84.47620753,0.316,4/28/2024 0:00,1300,2,2,0,0,O,CLEAR,DRY,0,1 VEHICLE ENTERING/LEAVING ENTRANCE,ANGLE,STRAIGHT & LEVEL,DAYLIGHT,0,0,0,1
33174133,CAMPBELL,,OTHR,,PATTERSON,ST,,39.08438946,-84.49711975,0.307,4/28/2024 0:00,616,4,4,0,0,O,CLEAR,DRY,1,1 VEHICLE PARKED POSITION (NOT PARKING LOT/DRIVEWAY),REAR END,STRAIGHT & LEVEL,DAWN,0,0,0,1
33193588,CAMPBELL,,OTHR,706,DAYTON,PIKE,,39.11248682,-84.46705477,0.696,4/28/2024 0:00,2010,1,1,0,0,O,CLEAR,DRY,0,OTHER ROADWAY OR MID-BLOCK COLLISION,SINGLE VEHICLE,STRAIGHT & HILLCREST,DAYLIGHT,0,0,0,1
33178422,CAMPBELL,KY0009,StateRoute,,AA,HWY,,39.00210591,-84.42601136,14.159,4/29/2024 0:00,625,2,2,0,0,O,CLEAR,DRY,0,SIDESWIPE-SAME DIRECTION,SIDESWIPE-SAME DIRECTION,STRAIGHT & LEVEL,DAYLIGHT,0,0,0,1
33177306,CAMPBELL,KY0445,StateRoute,79,GRANDVIEW,AVE,,39.06288739,-84.45234374,1.244,4/29/2024 0:00,2151,2,2,0,0,O,CLOUDY,DRY,0,1 VEHICLE PARKED POSITION (NOT PARKING LOT/DRIVEWAY),REAR END,STRAIGHT & GRADE,DARK-HWY LIGHTED/ON,0,0,0,1
33172918,CAMPBELL,KY1120,StateRoute,2350,MEMORIAL,PKWY,,39.08395168,-84.45112187,3.799,4/29/2024 0:00,754,2,1,0,1,B,CLEAR,DRY,0,COLLISION WITH BICYCLIST NON INTERSECTION,SINGLE VEHICLE,STRAIGHT & GRADE,DAYLIGHT,0,1,0,0
33171371,CAMPBELL,I 0471,Interstate,,I471 N,,,39.09217982,-84.4768383,3.774,4/29/2024 0:00,2,3,3,0,2,A,CLEAR,DRY,0,HEAD-ON COLLISION,HEAD ON,CURVE & LEVEL,DARK-HWY LIGHTED/ON,0,0,0,1
33196215,CAMPBELL,US0027,USRoute,,ALEXANDRIA,PIKE,,39.01979807,-84.4377243,15.2,4/30/2024 0:00,1556,2,2,0,0,O,CLEAR,DRY,0,REAR END IN TRAFFIC LANES BOTH VEHICLES MOVING,REAR END,STRAIGHT & LEVEL,DAYLIGHT,0,0,0,1
33184312,CAMPBELL,I 0275,Interstate,,I275 E,,,39.05695468,-84.43091091,,4/30/2024 0:00,1626,2,2,0,0,O,CLEAR,DRY,0,REAR END IN TRAFFIC LANES BOTH VEHICLES MOVING,REAR END,STRAIGHT & LEVEL,DAYLIGHT,0,0,0,1
33182249,CAMPBELL,KY1120,StateRoute,26,FT THOMAS,AVE,N,39.07942972,-84.44841041,4.148,4/30/2024 0:00,1850,2,2,0,0,O,CLEAR,DRY,0,1 VEHICLE PARKED POSITION (NOT PARKING LOT/DRIVEWAY),BACKING,STRAIGHT & LEVEL,DAYLIGHT,0,0,0,1
33188777,CAMPBELL,,OTHR,39,SOUTHWOOD,DR,,38.94945236,-84.38584795,0.32,4/30/2024 0:00,1154,2,2,0,0,O,CLEAR,DRY,0,1 VEHICLE PARKED POSITION (NOT PARKING LOT/DRIVEWAY),BACKING,STRAIGHT & LEVEL,DAYLIGHT,0,0,0,1
33183554,CAMPBELL,US0027,USRoute,,MONMOUTH,ST,,39.08965631,-84.49169404,21.799,4/30/2024 0:00,1714,2,2,0,0,O,CLEAR,DRY,0,SIDESWIPE COLLISION - SAME DIRECTION,SIDESWIPE-SAME DIRECTION,STRAIGHT & LEVEL,DAYLIGHT,0,0,0,1
33178377,CAMPBELL,,OTHR,700,BRIGHTON,ST,,39.0860118,-84.50065772,0.507,4/30/2024 0:00,900,1,1,0,0,O,CLEAR,DRY,0,COLLISION WITH FIXED OBJECT NON - INTERSECTION - FIRST EVENT COLLISION 09 - 32 EXCLUDING 16,SINGLE VEHICLE,STRAIGHT & LEVEL,DAYLIGHT,0,0,0,1
33187161,CAMPBELL,KY1120,StateRoute,540,FT THOMAS,AVE,S,39.07188773,-84.4458633,4.701,4/30/2024 0:00,625,2,2,0,0,O,CLEAR,DRY,0,1 VEHICLE PARKED POSITION (NOT PARKING LOT/DRIVEWAY),SIDESWIPE-SAME DIRECTION,CURVE & LEVEL,DAWN,0,0,0,1
33183562,CAMPBELL,,OTHR,,7TH,ST,E,39.08956315,-84.49375809,0.652,4/30/2024 0:00,1730,2,2,0,0,O,CLOUDY,DRY,0,ANGLE COLLISION - OTHER,ANGLE,STRAIGHT & LEVEL,DAYLIGHT,0,0,0,1
33181336,CAMPBELL,I 0471,Interstate,,,,,39.08543378,-84.47445017,0.17,4/30/2024 0:00,1813,2,2,0,0,O,CLEAR,DRY,0,OTHER RAMP RELATED COLLISIONS NOT LISTED ABOVE,REAR END,CURVE & LEVEL,DAYLIGHT,0,0,0,1
33178866,CAMPBELL,I 0275,Interstate,,,,,39.02130959,-84.48119613,0.054,4/30/2024 0:00,1240,1,1,0,0,O,CLOUDY,DRY,0,COLLISION WITH FIXED OBJECT NOT IN GORE ,SINGLE VEHICLE,STRAIGHT & LEVEL,DAYLIGHT,0,0,0,1
33186425,CAMPBELL,I 0471,Interstate,,I471 N,,,39.08832022,-84.47458814,3.479,5/1/2024 0:00,2237,1,1,0,1,B,CLEAR,DRY,0,COLLISION WITH FIXED OBJECT NON - INTERSECTION - FIRST EVENT COLLISION 09 - 32 EXCLUDING 16,SINGLE VEHICLE,STRAIGHT & LEVEL,DARK-HWY LIGHTED/ON,0,0,0,1
33206603,CAMPBELL,US0027,USRoute,,ALEXANDRIA,PIKE,,39.02762696,-84.44917786,16.051,5/1/2024 0:00,1637,3,3,0,0,O,CLEAR,DRY,0,OTHER ROADWAY OR MID-BLOCK COLLISION,REAR END,STRAIGHT & LEVEL,DAYLIGHT,0,0,0,1
33274915,CAMPBELL,US0027,USRoute,,ALEXANDRIA,PIKE,,38.83453452,-84.36670147,0.898,5/1/2024 0:00,744,2,2,0,0,O,CLOUDY,DRY,0,1 VEHICLE ENTERING/LEAVING ENTRANCE,ANGLE,CURVE & GRADE,DAYLIGHT,0,0,0,1
33187927,CAMPBELL,,OTHR,406,FT THOMAS,AVE,N,39.08421677,-84.45238732,0.152,5/1/2024 0:00,1452,3,3,0,0,O,CLEAR,DRY,0,SIDESWIPE COLLISION - SAME DIRECTION,SIDESWIPE-SAME DIRECTION,STRAIGHT & LEVEL,DAYLIGHT,0,0,0,1
33187162,CAMPBELL,I 0275,Interstate,,I275 E,,,39.0225891,-84.48892973,77.556,5/1/2024 0:00,1605,2,2,0,0,O,CLEAR,DRY,0,REAR END IN TRAFFIC LANES BOTH VEHICLES MOVING,REAR END,STRAIGHT & LEVEL,DAYLIGHT,0,0,0,1
33196262,CAMPBELL,,OTHR,,WILSON,RD,,39.0937733,-84.47636435,0.052,5/2/2024 0:00,1936,2,2,0,0,O,CLEAR,DRY,0,OPPOSING LEFT TURN,OPPOSING LEFT TURN,STRAIGHT & GRADE,DAYLIGHT,0,0,0,1
33196219,CAMPBELL,,OTHR,1008,ORCHARD,TER,W,39.03266136,-84.44019973,,5/2/2024 0:00,945,1,1,0,0,O,CLEAR,DRY,0,COLLISION WITH FIXED OBJECT NON - INTERSECTION - FIRST EVENT COLLISION 09 - 32 EXCLUDING 16,SINGLE VEHICLE,STRAIGHT & LEVEL,DAYLIGHT,0,0,0,1
33202800,CAMPBELL,US0027,USRoute,2369,ALEXANDRIA,PIKE,,39.03926066,-84.44902205,16.862,5/2/2024 0:00,923,2,2,0,0,O,CLEAR,DRY,0,1 VEHICLE ENTERING OR LEAVING PARKED POSITION (NOT PARKING LOT),BACKING,STRAIGHT & LEVEL,DAYLIGHT,0,0,0,1
33193051,CAMPBELL,I 0275,Interstate,,,,,39.02247702,-84.48627079,0.009,5/2/2024 0:00,1529,2,2,0,0,O,CLEAR,DRY,0,OTHER RAMP RELATED COLLISIONS NOT LISTED ABOVE,REAR END,STRAIGHT & LEVEL,DAYLIGHT,0,0,0,1
33195511,CAMPBELL,US0027,USRoute,1723,MONMOUTH,ST,,39.08302715,-84.48242276,21.126,5/3/2024 0:00,2041,2,2,0,0,O,CLEAR,WET,1,1 VEHICLE PARKED POSITION (NOT PARKING LOT/DRIVEWAY),,,DAYLIGHT,0,0,0,1
33202872,CAMPBELL,KY0471,StateRoute,,KY471,,,39.03713804,-84.45408057,0.014,5/3/2024 0:00,2213,2,2,0,0,O,CLOUDY,DRY,0,SIDESWIPE COLLISION - SAME DIRECTION,SIDESWIPE-SAME DIRECTION,STRAIGHT & LEVEL,DARK-HWY LIGHTED/ON,0,0,0,1
33195513,CAMPBELL,KY0008,StateRoute,,4TH,ST,W,39.09016761,-84.50000795,0.314,5/3/2024 0:00,2200,2,2,0,0,O,CLEAR,WET,0,SIDESWIPE COLLISION - SAME DIRECTION,SIDESWIPE-SAME DIRECTION,CURVE & LEVEL,DARK-HWY LIGHTED/OFF,0,0,0,1
33209035,CAMPBELL,US0027,USRoute,,ALEXANDRIA,PIKE,,38.9833767,-84.4001354,12.013,5/3/2024 0:00,1540,2,2,0,0,O,CLOUDY,DRY,0,OTHER ROADWAY OR MID-BLOCK COLLISION,REAR END,STRAIGHT & GRADE,DAYLIGHT,0,0,0,1
33216716,CAMPBELL,,OTHR,,HIGHLAND,AVE,,39.07553813,-84.46293907,0.497,5/3/2024 0:00,1500,2,2,0,0,O,CLOUDY,DRY,0,1 VEHICLE ENTERING/LEAVING ENTRANCE,ANGLE,STRAIGHT & LEVEL,DAYLIGHT,0,0,0,1
33220575,CAMPBELL,,OTHR,,AA HWY,,,38.8981163,-84.27646471,,5/3/2024 0:00,543,1,1,0,0,O,CLEAR,DRY,0,COLLISION WITH ANIMAL NON INTERSECTION,SINGLE VEHICLE,STRAIGHT & LEVEL,DARK-HWY NOT LIGHTED,0,0,0,1
33203265,CAMPBELL,KY1892,StateRoute,,GRAND,AVE,N,39.07579345,-84.46261143,1.03,5/3/2024 0:00,1731,2,2,0,0,O,CLEAR,DRY,0,ANGLE COLLISION - OTHER,ANGLE,STRAIGHT & GRADE,DAYLIGHT,0,0,0,1
33201627,CAMPBELL,KY0008,StateRoute,400,4TH,ST,W,39.08819682,-84.50370025,0.054,5/4/2024 0:00,900,2,2,0,0,O,RAINING,WET,0,OTHER ROADWAY OR MID-BLOCK COLLISION,OPPOSING LEFT TURN,STRAIGHT & LEVEL,DAYLIGHT,0,0,0,1
33199669,CAMPBELL,KY1120,StateRoute,,10TH,ST,E,39.08722944,-84.48881548,0.788,5/4/2024 0:00,1345,3,3,0,2,C,CLOUDY,DRY,0,ANGLE COLLISION - OTHER,ANGLE,STRAIGHT & LEVEL,DAYLIGHT,0,0,0,1
33199670,CAMPBELL,US0027,USRoute,,US27 CROSSOVER TO,,,39.09355186,-84.49694798,0.007,5/4/2024 0:00,1055,2,2,0,0,O,CLOUDY,WET,0,ANGLE COLLISION - OTHER,ANGLE,CURVE & GRADE,DAYLIGHT,0,0,0,1
33222319,CAMPBELL,,OTHR,,VINE,ST,,39.11064626,-84.47692948,0.189,5/4/2024 0:00,1800,2,1,0,0,O,CLOUDY,WET,0,COLLISION WITH BICYCLIST NON INTERSECTION,SINGLE VEHICLE,STRAIGHT & GRADE,DAYLIGHT,0,1,0,0
33271244,CAMPBELL,KY0547,StateRoute,,FOUR MILE,RD,,39.00156719,-84.36456393,,5/4/2024 0:00,2038,1,1,0,0,O,CLEAR,DRY,0,COLLISION WITH FIXED OBJECT NON - INTERSECTION - FIRST EVENT COLLISION 09 - 32 EXCLUDING 16,SINGLE VEHICLE,STRAIGHT & LEVEL,DUSK,0,0,0,1
33201290,CAMPBELL,I 0471,Interstate,,I471 S,,,39.09983236,-84.49370566,4.854,5/4/2024 0:00,1730,4,4,0,0,O,CLEAR,DRY,0,SIDESWIPE COLLISION - SAME DIRECTION,SIDESWIPE-SAME DIRECTION,STRAIGHT & GRADE,DAYLIGHT,0,0,0,1
33201764,CAMPBELL,,OTHR,10330,PLEASANT RIDGE,RD,,38.91728493,-84.40060654,6.159,5/4/2024 0:00,1835,1,1,0,0,O,CLEAR,DRY,0,OTHER COLLISIONS ON SHOULDER,SINGLE VEHICLE,CURVE & GRADE,DAYLIGHT,0,0,0,1
33251943,CAMPBELL,KY0008,StateRoute,,FAIRFIELD,AVE,,39.10641888,-84.48309776,1.883,5/5/2024 0:00,1824,2,2,0,0,O,CLEAR,DRY,0,REAR END IN TRAFFIC LANES BOTH VEHICLES MOVING,REAR END,STRAIGHT & LEVEL,DAYLIGHT,0,0,0,1
33238648,CAMPBELL,I 0275,Interstate,,I275 E,,,39.02258072,-84.48757308,77.475,5/5/2024 0:00,1712,2,2,0,0,O,CLEAR,DRY,0,SIDESWIPE COLLISION - SAME DIRECTION,SIDESWIPE-SAME DIRECTION,STRAIGHT & LEVEL,DAYLIGHT,0,0,0,1
33201750,CAMPBELL,,OTHR,,HISSEM,RD,,38.84317099,-84.39800196,,5/5/2024 0:00,1309,2,2,0,0,O,CLEAR,DRY,0,SIDESWIPE COLLISION - OPPOSITE DIRECTION,SIDESWIPE-OPPOSITE DIRECTION,STRAIGHT & LEVEL,DAYLIGHT,0,0,0,1
33203266,CAMPBELL,,OTHR,142,RIDGEWOOD,PL,,39.07469508,-84.4583087,0.024,5/5/2024 0:00,1349,2,2,0,0,O,CLEAR,DRY,0,VEHICLE BACKING NON INTERSECTION,BACKING,STRAIGHT & LEVEL,DAYLIGHT,0,0,0,1
33201766,CAMPBELL,KY0008,StateRoute,,MARY INGLES,HWY,,38.87989862,-84.24279224,,5/5/2024 0:00,1532,1,1,0,0,O,CLEAR,DRY,0,COLLISION WITH ANIMAL NON INTERSECTION,SINGLE VEHICLE,CURVE & LEVEL,DAYLIGHT,0,0,0,1
33209032,CAMPBELL,US0027,USRoute,,ALEXANDRIA,PIKE,,38.98900458,-84.40647766,12.517,5/5/2024 0:00,2315,1,1,0,0,O,CLEAR,DRY,0,COLLISION WITH ANIMAL IN INTERSECTION,SINGLE VEHICLE,STRAIGHT & LEVEL,DARK-HWY LIGHTED/ON,1,0,0,1
33218567,CAMPBELL,I 0275,Interstate,,I275 E,,,39.05298447,-84.4396969,73.764,5/6/2024 0:00,2254,1,1,0,0,O,RAINING,WET,0,COLLISION WITH FIXED OBJECT NON - INTERSECTION - FIRST EVENT COLLISION 09 - 32 EXCLUDING 16,SINGLE VEHICLE,STRAIGHT & GRADE,DARK-HWY LIGHTED/ON,0,0,0,1
33242811,CAMPBELL,US0027,USRoute,,11TH,ST,E,39.08514646,-84.4891989,21.577,5/6/2024 0:00,1305,2,2,0,0,O,CLOUDY,DRY,0,SIDESWIPE COLLISION - SAME DIRECTION,SIDESWIPE-SAME DIRECTION,STRAIGHT & LEVEL,DAYLIGHT,0,0,0,1
33260889,CAMPBELL,I 0471,Interstate,,I471 S,,,39.09732882,-84.48501321,4.35,5/6/2024 0:00,1730,2,2,0,0,O,CLEAR,DRY,0,REAR END IN TRAFFIC LANES BOTH VEHICLES MOVING,REAR END,STRAIGHT & LEVEL,DAYLIGHT,0,0,0,1
33209425,CAMPBELL,I 0471,Interstate,,I471 S,,,39.08165099,-84.47165195,3.01,5/7/2024 0:00,1314,1,1,0,0,O,RAINING,WET,0,OTHER ROADWAY OR MID-BLOCK COLLISION,SINGLE VEHICLE,STRAIGHT & LEVEL,DARK-HWY NOT LIGHTED,0,0,0,1
33223317,CAMPBELL,I 0275,Interstate,,I275 W,,,39.04873103,-84.45072336,74.426,5/7/2024 0:00,1732,2,2,0,0,O,CLOUDY,DRY,1,SIDESWIPE COLLISION - SAME DIRECTION,SIDESWIPE-SAME DIRECTION,STRAIGHT & GRADE,DAYLIGHT,0,0,0,1
33274014,CAMPBELL,,OTHR,,VILLA,PL,E,39.07278006,-84.44633626,0.013,5/7/2024 0:00,912,2,2,0,0,O,CLEAR,DRY,0,1 VEHICLE PARKED POSITION (NOT PARKING LOT/DRIVEWAY),SIDESWIPE-SAME DIRECTION,STRAIGHT & LEVEL,DAYLIGHT,0,0,0,1
33223314,CAMPBELL,KY0536,StateRoute,,CREEKTRACE,RD,,38.93647092,-84.41314955,2.359,5/7/2024 0:00,803,1,1,0,0,O,CLOUDY,DRY,0,COLLISION WITH ANIMAL NON INTERSECTION,SINGLE VEHICLE,CURVE & LEVEL,DAYLIGHT,0,0,0,1
33209929,CAMPBELL,US0027,USRoute,,11TH,ST,E,39.08504164,-84.48951699,21.594,5/7/2024 0:00,1314,2,2,0,0,O,CLOUDY,DRY,0,ANGLE COLLISION - OTHER,ANGLE,STRAIGHT & LEVEL,DAYLIGHT,0,0,0,1
33209932,CAMPBELL,I 0471,Interstate,,I-471 SOUTH,,,39.08542953,-84.4743649,0.203,5/7/2024 0:00,1628,2,2,0,0,O,CLOUDY,DRY,0,OTHER RAMP RELATED COLLISIONS NOT LISTED ABOVE,REAR END,STRAIGHT & HILLCREST,DAYLIGHT,0,0,0,1
33214167,CAMPBELL,,OTHR,,BRIGHTON,ST,,39.08368519,-84.49842093,0.307,5/8/2024 0:00,901,2,2,0,0,O,CLEAR,DRY,0,1 VEHICLE PARKED POSITION (NOT PARKING LOT/DRIVEWAY),SIDESWIPE-SAME DIRECTION,STRAIGHT & GRADE,DAYLIGHT,0,0,0,1
33231357,CAMPBELL,I 0275,Interstate,,I275 E,,,39.04803394,-84.45183053,74.501,5/8/2024 0:00,1638,2,2,0,0,O,CLEAR,DRY,0,SIDESWIPE COLLISION - SAME DIRECTION,SIDESWIPE-SAME DIRECTION,STRAIGHT & LEVEL,DAYLIGHT,0,0,0,1
33222560,CAMPBELL,KY0008,StateRoute,,DAVE COWENS,DR,,39.09700065,-84.49402908,0.93,5/8/2024 0:00,1558,2,2,0,0,O,CLEAR,DRY,0,OTHER ROADWAY OR MID-BLOCK COLLISION,REAR END,STRAIGHT & LEVEL,DAYLIGHT,0,0,0,1
33228617,CAMPBELL,US0027,USRoute,5020,ALEXANDRIA,PIKE,,39.00467747,-84.42530662,13.983,5/8/2024 0:00,1550,2,2,0,0,O,CLEAR,DRY,0,1 VEHICLE ENTERING/LEAVING ENTRANCE,ANGLE,STRAIGHT & LEVEL,DAYLIGHT,0,0,0,1
33222559,CAMPBELL,KY1892,StateRoute,17,CAROTHERS,RD,,39.08434553,-84.48307671,2.513,5/8/2024 0:00,1641,2,2,0,0,O,CLEAR,DRY,0,1 VEHICLE ENTERING/LEAVING ENTRANCE,ANGLE,STRAIGHT & LEVEL,DAYLIGHT,0,0,0,1
33214163,CAMPBELL,KY1120,StateRoute,402,10TH,ST,E,39.08946069,-84.48486546,1.072,5/8/2024 0:00,1421,2,2,0,0,O,CLEAR,DRY,0,REAR END IN TRAFFIC LANES BOTH VEHICLES MOVING,REAR END,STRAIGHT & LEVEL,DAYLIGHT,0,0,0,1
33232371,CAMPBELL,I 0275,Interstate,,I275 E,,,39.05664456,-84.43147989,73.255,5/9/2024 0:00,1734,2,2,0,0,O,CLOUDY,DRY,0,SIDESWIPE COLLISION - SAME DIRECTION,SIDESWIPE-SAME DIRECTION,STRAIGHT & LEVEL,DAYLIGHT,0,0,0,1
33222033,CAMPBELL,,OTHR,,HIGHLAND,AVE,,39.07435027,-84.46463379,0.373,5/9/2024 0:00,1800,2,2,0,0,O,CLEAR,DRY,0,ANGLE COLLISION - OTHER,ANGLE,STRAIGHT & LEVEL,DAYLIGHT,0,0,0,1
33224071,CAMPBELL,,OTHR,438,CLARK,ST,,39.0999764,-84.48308891,0.047,5/9/2024 0:00,206,2,2,0,0,O,CLEAR,DRY,1,1 VEHICLE PARKED POSITION (NOT PARKING LOT/DRIVEWAY),SIDESWIPE-SAME DIRECTION,STRAIGHT & LEVEL,DARK-HWY LIGHTED/ON,0,0,0,1
33241840,CAMPBELL,,OTHR,300,ASHLEY,CT,,38.97415402,-84.38772621,0.025,5/9/2024 0:00,1711,2,1,0,0,O,CLEAR,DRY,0,1 VEHICLE PARKED POSITION (NOT PARKING LOT/DRIVEWAY),BACKING,STRAIGHT & LEVEL,DAYLIGHT,0,0,0,1
33223319,CAMPBELL,KY0008,StateRoute,,MARY INGLES,HWY,,38.90581705,-84.26026705,22.91,5/9/2024 0:00,1707,1,1,0,0,O,CLEAR,DRY,1,RAN OFF ROADWAY (1 VEHICLE WITH/EARTH EMBANKMENT/DITCH),SINGLE VEHICLE,STRAIGHT & LEVEL,DAYLIGHT,0,0,0,1
33222337,CAMPBELL,I 0471,Interstate,,,,,39.08547831,-84.47445443,0.206,5/9/2024 0:00,1626,2,2,0,0,O,CLOUDY,DRY,0,OTHER RAMP RELATED COLLISIONS NOT LISTED ABOVE,REAR END,CURVE & GRADE,DAYLIGHT,0,0,0,1
33231359,CAMPBELL,I 0275,Interstate,,I275 E,,,39.03446318,-84.47029447,76.073,5/10/2024 0:00,1523,2,2,0,0,O,CLEAR,DRY,0,OTHER ROADWAY OR MID-BLOCK COLLISION,REAR END,STRAIGHT & LEVEL,DAYLIGHT,0,0,0,1
33255387,CAMPBELL,KY0008X,StateRoute,,6TH,AVE,,39.11022188,-84.47804545,1.586,5/10/2024 0:00,1115,2,2,0,0,O,CLEAR,DRY,1,COLLISION WITH PARKED VEHICLE,SIDESWIPE-SAME DIRECTION,STRAIGHT & LEVEL,DAYLIGHT,0,0,0,1
33238146,CAMPBELL,US0027,USRoute,,ALEXANDRIA,PIKE,,38.98225229,-84.3977917,11.866,5/10/2024 0:00,2021,2,2,0,0,O,CLOUDY,DRY,1,REAR END - ONE VEHICLE TURNING RIGHT,REAR END,STRAIGHT & LEVEL,DAYLIGHT,0,0,0,1
33232373,CAMPBELL,KY1892,StateRoute,,GRAND,AVE,S,39.0728137,-84.45480377,0.472,5/10/2024 0:00,1940,2,2,0,0,O,CLEAR,DRY,0,VEHICLE BACKING NON INTERSECTION,BACKING,CURVE & LEVEL,DAYLIGHT,0,0,0,1
33232372,CAMPBELL,KY0445,StateRoute,89,GRANDVIEW,AVE,,39.06289947,-84.45235357,1.245,5/10/2024 0:00,1634,2,2,0,1,B,CLEAR,DRY,0,SIDESWIPE COLLISION - SAME DIRECTION,SIDESWIPE-SAME DIRECTION,STRAIGHT & LEVEL,DAYLIGHT,0,0,0,1
33228622,CAMPBELL,KY1120,StateRoute,,MEMORIAL,PKWY,,39.09268458,-84.48056354,1.378,5/10/2024 0:00,1250,2,2,0,0,O,CLEAR,DRY,0,REAR END IN TRAFFIC LANES BOTH VEHICLES MOVING,REAR END,STRAIGHT & GRADE,DAYLIGHT,0,0,0,1
33238151,CAMPBELL,US0027,USRoute,,ALEXANDRIA,PIKE,,38.96567754,-84.39291321,10.607,5/10/2024 0:00,1338,2,2,0,0,O,CLOUDY,DRY,0,REAR END IN TRAFFIC LANES BOTH VEHICLES MOVING,REAR END,CURVE & LEVEL,DAYLIGHT,0,0,0,1
33247488,CAMPBELL,,OTHR,,UPPER TUG FORK,RD,,38.99246553,-84.38432135,0.855,5/10/2024 0:00,930,2,2,0,0,O,CLEAR,DRY,0,HEAD-ON COLLISION,HEAD ON,STRAIGHT & LEVEL,DAYLIGHT,0,0,0,1
33226290,CAMPBELL,,OTHR,,NEWPORT PAVILION,,,39.09270123,-84.48060021,0.002,5/11/2024 0:00,1116,2,2,0,0,O,CLEAR,DRY,0,REAR END IN TRAFFIC LANES BOTH VEHICLES MOVING,REAR END,STRAIGHT & LEVEL,DAYLIGHT,0,0,0,1
33231360,CAMPBELL,,OTHR,,ROSE,AVE,,39.04731818,-84.44398152,0.102,5/11/2024 0:00,954,2,2,0,1,C,CLOUDY,WET,0,1 VEHICLE ENTERING/LEAVING ENTRANCE,ANGLE,STRAIGHT & GRADE,DAYLIGHT,0,0,0,1
33226291,CAMPBELL,,OTHR,920,WASHINGTON,AVE,,39.0894445,-84.48761178,0.524,5/11/2024 0:00,1423,2,2,0,0,O,CLEAR,DRY,0,1 VEHICLE ENTERING/LEAVING ENTRANCE,ANGLE,STRAIGHT & LEVEL,DAYLIGHT,0,0,0,1
33264426,CAMPBELL,KY0008,StateRoute,5903,MARY INGLES,HWY,,39.02758937,-84.35263934,12.912,5/11/2024 0:00,26,1,1,0,0,O,CLEAR,DRY,1,OTHER ROADWAY OR MID-BLOCK COLLISION,SINGLE VEHICLE,STRAIGHT & LEVEL,DARK-HWY NOT LIGHTED,0,0,0,1
33228884,CAMPBELL,,OTHR,,NEWPORT PAVILION,,,39.08730917,-84.47678086,0.53,5/11/2024 0:00,1528,2,2,0,0,O,CLEAR,DRY,0,OTHER ROADWAY OR MID-BLOCK COLLISION,OPPOSING LEFT TURN,STRAIGHT & LEVEL,DAYLIGHT,0,0,0,1
33232375,CAMPBELL,,OTHR,39,AVENEL,PL,,39.07659159,-84.44552885,0.104,5/11/2024 0:00,1451,2,2,0,0,O,CLEAR,DRY,0,VEHICLE BACKING NON INTERSECTION,BACKING,STRAIGHT & LEVEL,DAYLIGHT,0,0,0,1
33226292,CAMPBELL,,OTHR,,NEWPORT PAVILION,,,39.08843244,-84.47568303,0.431,5/11/2024 0:00,1239,2,2,0,0,O,CLEAR,DRY,0,ANGLE COLLISION - OTHER,ANGLE,STRAIGHT & LEVEL,DAYLIGHT,0,0,0,1
33235755,CAMPBELL,,OTHR,,7TH,AVE,,39.11185187,-84.47358913,0.263,5/11/2024 0:00,105,2,2,0,0,O,CLEAR,DRY,1,COLLISION WITH PARKED VEHICLE,REAR END,STRAIGHT & LEVEL,DARK (UNKNOWN ROADWAY LIGHTING),0,0,0,1
33249599,CAMPBELL,KY0009,StateRoute,,LICKING,PIKE,,39.02518213,-84.48050125,17.936,5/11/2024 0:00,1725,2,2,0,2,C,CLEAR,DRY,0,OPPOSING LEFT TURN,OPPOSING LEFT TURN,CURVE & LEVEL,DAYLIGHT,0,0,0,1
33228986,CAMPBELL,,OTHR,970,DARLINGTON CK,RD,,38.85420913,-84.38695464,0.098,5/11/2024 0:00,830,2,2,0,0,O,CLEAR,DRY,0,1 VEHICLE PARKED POSITION (NOT PARKING LOT/DRIVEWAY),BACKING,STRAIGHT & GRADE,DAYLIGHT,0,0,0,1
33242327,CAMPBELL,,OTHR,,TAYLOR,AVE,,39.10080472,-84.47868711,0.56,5/12/2024 0:00,306,1,1,0,0,O,CLEAR,DRY,1,OTHER INTERSECTION COLLISIONS,SINGLE VEHICLE,STRAIGHT & GRADE,DARK-HWY LIGHTED/ON,1,0,0,1
33233707,CAMPBELL,,OTHR,,CHESAPEAKE,AVE,,39.08843376,-84.4756732,0.21,5/12/2024 0:00,1533,2,2,0,0,O,CLEAR,DRY,0,OPPOSITE DIRECTION - BOTH VEHICLES GOING STRAIGHT AHEAD,SIDESWIPE-OPPOSITE DIRECTION,STRAIGHT & LEVEL,DAYLIGHT,0,0,0,1