IncidentID,County,RdwyNumber,RdwyType,Street,RoadwayName,StreetSfx,StreetDir,Latitude,Longitude,Milepoint,CollisionDate,CollisionTime,UnitsInvolved,MotorVehiclesInvolved,NumberKilled,NumberInjured,KABCO,Weather,RdwyConditionCode,HitandRun,DirAnalysisCode,MannerofCollision,RdwyCharacter,LightCondition,Intersection Crash,Bicyclist,Pedestrian,Motor Vehicles
33238646,CAMPBELL,KY0009,StateRoute,,LICKING,PIKE,,39.02514371,-84.48072631,17.935,5/12/2024 0:00,1725,2,2,0,3,C,CLEAR,DRY,0,OPPOSING LEFT TURN,OPPOSING LEFT TURN,STRAIGHT & LEVEL,DAYLIGHT,0,0,0,1
33227941,CAMPBELL,US0027,USRoute,,MONMOUTH,ST,,39.08384607,-84.48383911,21.21,5/12/2024 0:00,255,2,2,0,0,O,CLEAR,DRY,0,ANGLE COLLISION - OTHER,ANGLE,STRAIGHT & LEVEL,DARK-HWY LIGHTED/ON,0,0,0,1
33230340,CAMPBELL,KY0008,StateRoute,300,DAVE COWENS,DR,,39.097132,-84.49390147,0.941,5/12/2024 0:00,2005,2,2,0,0,O,CLEAR,DRY,0,SIDESWIPE COLLISION - SAME DIRECTION,SIDESWIPE-SAME DIRECTION,CURVE & LEVEL,DAYLIGHT,0,0,0,1
33242330,CAMPBELL,KY0008,StateRoute,501,FAIRFIELD,AVE,,39.10736575,-84.48196332,1.97,5/12/2024 0:00,1200,2,2,0,0,O,CLEAR,DRY,0,OTHER ROADWAY OR MID-BLOCK COLLISION,REAR END,STRAIGHT & LEVEL,DAYLIGHT,0,0,0,1
33240660,CAMPBELL,,OTHR,,SMITH HITEMAN,RD,,38.85844124,-84.40155039,0.158,5/12/2024 0:00,1256,2,2,0,0,O,CLEAR,DRY,0,1 VEHICLE ENTERING/LEAVING ENTRANCE,ANGLE,STRAIGHT & GRADE,DAYLIGHT,0,0,0,1
33232377,CAMPBELL,,OTHR,,WILSON,RD,,39.09262446,-84.47518403,0.153,5/12/2024 0:00,1530,2,2,0,0,O,CLEAR,DRY,0,REAR END IN TRAFFIC LANES BOTH VEHICLES MOVING,REAR END,STRAIGHT & GRADE,DAYLIGHT,0,0,0,1
33238149,CAMPBELL,US0027,USRoute,,ALEXANDRIA,PIKE,,38.98310673,-84.39972848,11.984,5/13/2024 0:00,1418,2,2,0,0,O,CLEAR,DRY,0,REAR END IN TRAFFIC LANES BOTH VEHICLES MOVING,REAR END,STRAIGHT & GRADE,DAYLIGHT,0,0,0,1
33250752,CAMPBELL,KY0735,StateRoute,,SMITH,RD,,38.88790263,-84.25514246,,5/13/2024 0:00,2045,2,2,0,0,O,CLEAR,DRY,0,SIDESWIPE COLLISION - OPPOSITE DIRECTION,SIDESWIPE-OPPOSITE DIRECTION,STRAIGHT & GRADE,DUSK,0,0,0,1
33237764,CAMPBELL,US0027,USRoute,,ALEXANDRIA,PIKE,,39.02516665,-84.44476018,15.731,5/13/2024 0:00,630,2,2,0,0,O,CLEAR,DRY,0,OTHER INTERSECTION COLLISIONS,REAR END,STRAIGHT & LEVEL,DAYLIGHT,1,0,0,1
33234467,CAMPBELL,I 0471,Interstate,,I471 S,,,39.09777096,-84.48657119,4.44,5/13/2024 0:00,1620,3,3,0,0,O,CLEAR,DRY,0,OTHER INTERSECTION COLLISIONS,REAR END,STRAIGHT & LEVEL,DAYLIGHT,1,0,0,1
33235986,CAMPBELL,KY0547,StateRoute,5757,FOUR MILE,RD,,39.0199166,-84.37939506,5.12,5/13/2024 0:00,1711,1,1,0,0,O,CLEAR,DRY,0,COLLISION WITH FIXED OBJECT NON - INTERSECTION - FIRST EVENT COLLISION 09 - 32 EXCLUDING 16,SINGLE VEHICLE,CURVE & HILLCREST,DAYLIGHT,0,0,0,1
33240663,CAMPBELL,KY0547,StateRoute,,FOUR MILE,RD,,38.99663018,-84.36287051,,5/13/2024 0:00,705,1,1,0,0,O,CLEAR,DRY,0,COLLISION WITH ANIMAL NON INTERSECTION,SINGLE VEHICLE,STRAIGHT & LEVEL,DAYLIGHT,0,0,0,1
33247476,CAMPBELL,,OTHR,,PERKINS,DR,,38.94282169,-84.39265364,,5/13/2024 0:00,1314,2,2,0,0,O,CLEAR,DRY,0,1 VEHICLE PARKED POSITION (NOT PARKING LOT/DRIVEWAY),BACKING,STRAIGHT & LEVEL,DAYLIGHT,0,0,0,1
33247068,CAMPBELL,I 0275,Interstate,,I275 W,,,39.05647973,-84.43272028,73.319,5/13/2024 0:00,658,1,1,0,0,O,CLEAR,DRY,0,OTHER ROADWAY OR MID-BLOCK COLLISION,SINGLE VEHICLE,STRAIGHT & LEVEL,DAYLIGHT,0,0,0,1
33236957,CAMPBELL,KY1120,StateRoute,,MEMORIAL,PKWY,,39.09421188,-84.46212345,2.445,5/13/2024 0:00,2147,1,1,0,1,B,CLEAR,DRY,0,OTHER ROADWAY OR MID-BLOCK COLLISION,SINGLE VEHICLE,CURVE & LEVEL,DARK-HWY LIGHTED/ON,0,0,0,1
33247482,CAMPBELL,KY0010,StateRoute,,MAIN,ST,W,38.94736595,-84.40051121,0.417,5/14/2024 0:00,834,1,1,0,0,O,CLEAR,WET,0,COLLISION WITH FIXED OBJECT NON - INTERSECTION - FIRST EVENT COLLISION 09 - 32 EXCLUDING 16,SINGLE VEHICLE,CURVE & LEVEL,DAYLIGHT,0,0,0,1
33240662,CAMPBELL,KY0154,StateRoute,,PEACH GROVE,RD,,38.85119208,-84.37131291,0.708,5/14/2024 0:00,1551,1,1,0,0,O,CLOUDY,WET,0,COLLISION WITH FIXED OBJECT IN INTERSECTION - FIRST EVENT COLLISION 09 - 32,SINGLE VEHICLE,CURVE & HILLCREST,DAYLIGHT,1,0,0,1
33238752,CAMPBELL,,OTHR,,COLUMBIA,ST,,39.09088417,-84.49696886,0.263,5/14/2024 0:00,1133,2,2,0,0,O,CLOUDY,WET,0,ANGLE COLLISION - OTHER,ANGLE,STRAIGHT & LEVEL,DAYLIGHT,0,0,0,1
33242370,CAMPBELL,KY1121,StateRoute,,PERSIMMON GROVE,PIKE,,38.95301605,-84.37941861,9.675,5/14/2024 0:00,806,1,1,0,0,O,RAINING,WET,0,OTHER ROADWAY OR MID-BLOCK COLLISION,SINGLE VEHICLE,CURVE & HILLCREST,DAYLIGHT,0,0,0,1
33252179,CAMPBELL,KY0445,StateRoute,91,GRANDVIEW,AVE,,39.06289041,-84.45230851,1.243,5/14/2024 0:00,945,2,2,0,0,O,CLOUDY,DRY,0,REAR END IN TRAFFIC LANES BOTH VEHICLES MOVING,REAR END,STRAIGHT & GRADE,DAYLIGHT,0,0,0,1
33259157,CAMPBELL,KY0009,StateRoute,,,,,38.97608286,-84.36187886,0.074,5/15/2024 0:00,1634,2,2,0,0,O,CLEAR,DRY,0,OTHER RAMP RELATED COLLISIONS NOT LISTED ABOVE,SIDESWIPE-OPPOSITE DIRECTION,STRAIGHT & GRADE,DAYLIGHT,0,0,0,1
33245569,CAMPBELL,I 0471,Interstate,,,,,39.06536869,-84.4647046,0.205,5/15/2024 0:00,1230,2,2,0,0,O,CLOUDY,DRY,0,OTHER RAMP RELATED COLLISIONS NOT LISTED ABOVE,REAR END,STRAIGHT & LEVEL,DAYLIGHT,0,0,0,1
33246354,CAMPBELL,,OTHR,665,VALLEY,TER,,39.00450047,-84.43737731,,5/15/2024 0:00,1300,2,2,0,0,O,CLOUDY,DRY,1,1 VEHICLE PARKED POSITION (NOT PARKING LOT/DRIVEWAY),ANGLE,STRAIGHT & LEVEL,UNKNOWN,0,0,0,1
33252044,CAMPBELL,KY0536,StateRoute,,CREEKTRACE,RD,,38.92804065,-84.42696418,1.354,5/15/2024 0:00,751,1,1,0,0,O,CLOUDY,WET,0,COLLISION WITH FIXED OBJECT NON - INTERSECTION - FIRST EVENT COLLISION 09 - 32 EXCLUDING 16,SINGLE VEHICLE,CURVE & LEVEL,DAYLIGHT,0,0,0,1
33293118,CAMPBELL,,OTHR,,RIVIERA,DR,,39.09720148,-84.48328563,0.431,5/16/2024 0:00,2136,2,1,0,0,O,CLEAR,DRY,0,ANGLE COLLISION - ONE VEHICLE TURNING LEFT,ANGLE,STRAIGHT & LEVEL,DARK-HWY LIGHTED/ON,0,0,0,1
33252186,CAMPBELL,,OTHR,,FORT THOMAS,AVE,N,39.08705327,-84.44878584,0.497,5/16/2024 0:00,1510,2,2,0,0,O,CLEAR,DRY,0,OTHER ROADWAY OR MID-BLOCK COLLISION,OPPOSING LEFT TURN,STRAIGHT & LEVEL,DAYLIGHT,0,0,0,1
33248537,CAMPBELL,,OTHR,,3RD,ST,W,39.09350325,-84.4972338,0.014,5/16/2024 0:00,1353,2,2,0,0,O,CLEAR,DRY,0,SIDESWIPE COLLISION - SAME DIRECTION,SIDESWIPE-SAME DIRECTION,CURVE & LEVEL,DAYLIGHT,0,0,0,1
33254336,CAMPBELL,I 0471,Interstate,,,,,39.09284671,-84.47905624,0.194,5/17/2024 0:00,2102,2,2,0,0,O,CLEAR,DRY,1,OTHER RAMP RELATED COLLISIONS NOT LISTED ABOVE,REAR END,CURVE & LEVEL,DARK-HWY NOT LIGHTED,0,0,0,1
33273294,CAMPBELL,US0027,USRoute,,ALEXANDRIA,PIKE,,39.03592978,-84.45410781,16.672,5/17/2024 0:00,904,3,3,0,1,C,RAINING,WET,0,REAR END IN TRAFFIC LANES BOTH VEHICLES MOVING,REAR END,STRAIGHT & LEVEL,DAYLIGHT,0,0,0,1
33253230,CAMPBELL,KY1892,StateRoute,,CAROTHERS,RD,,39.08633579,-84.47834571,2.212,5/17/2024 0:00,1416,2,2,0,0,O,CLOUDY,DRY,0,REAR END IN TRAFFIC LANES BOTH VEHICLES MOVING,REAR END,STRAIGHT & LEVEL,DAYLIGHT,0,0,0,1
33253231,CAMPBELL,,OTHR,112,9TH,ST,E,39.08850623,-84.48984082,0.608,5/17/2024 0:00,1406,2,2,0,0,O,CLEAR,DRY,0,1 VEHICLE ENTERING/LEAVING ENTRANCE,ANGLE,STRAIGHT & LEVEL,DAYLIGHT,0,0,0,1
33253761,CAMPBELL,KY0009,StateRoute,,LICKING,PIKE,,39.02349894,-84.4807921,17.803,5/17/2024 0:00,842,2,2,0,0,O,RAINING,WET,0,OTHER ROADWAY OR MID-BLOCK COLLISION,REAR END,STRAIGHT & LEVEL,DAYLIGHT,0,0,0,1
33266719,CAMPBELL,KY0709,StateRoute,,ALEXANDRIA,PIKE,E,38.98389193,-84.39779055,0.113,5/17/2024 0:00,2010,2,2,0,0,O,CLEAR,DRY,0,1 VEHICLE ENTERING/LEAVING ENTRANCE,ANGLE,STRAIGHT & HILLCREST,DAYLIGHT,0,0,0,1
33259161,CAMPBELL,US0027,USRoute,,ALEXANDRIA,PIKE,,38.90401733,-84.38374995,6.254,5/17/2024 0:00,1427,2,2,0,0,O,CLOUDY,WET,0,1 VEHICLE ENTERING/LEAVING ENTRANCE,ANGLE,STRAIGHT & LEVEL,DAYLIGHT,0,0,0,1
33262971,CAMPBELL,US0027,USRoute,,ALEXANDRIA,PIKE,,38.94519538,-84.39379811,9.183,5/17/2024 0:00,2014,2,2,0,0,O,CLOUDY,DRY,0,1 VEHICLE ENTERING/LEAVING ENTRANCE,ANGLE,STRAIGHT & LEVEL,DAYLIGHT,0,0,0,1
33291372,CAMPBELL,I 0471,Interstate,,I471 S,,,39.05298971,-84.46889551,0.723,5/17/2024 0:00,634,1,1,0,0,O,CLOUDY,WET,0,COLLISION WITH FIXED OBJECT NON - INTERSECTION - FIRST EVENT COLLISION 09 - 32 EXCLUDING 16,SINGLE VEHICLE,STRAIGHT & LEVEL,DUSK,0,0,0,1
33253232,CAMPBELL,US0027,USRoute,724,YORK,ST,,39.08909978,-84.49330392,21.953,5/17/2024 0:00,1413,3,3,0,0,O,CLEAR,DRY,1,1 VEHICLE PARKED POSITION (NOT PARKING LOT/DRIVEWAY),SIDESWIPE-SAME DIRECTION,STRAIGHT & LEVEL,DAYLIGHT,0,0,0,1
33262330,CAMPBELL,,OTHR,21,DAISY,LN,,39.08155055,-84.46210814,0.082,5/17/2024 0:00,1135,2,2,0,0,O,CLOUDY,WET,0,1 VEHICLE PARKED POSITION (NOT PARKING LOT/DRIVEWAY),SIDESWIPE-SAME DIRECTION,STRAIGHT & HILLCREST,DAYLIGHT,0,0,0,1
33309207,CAMPBELL,,OTHR,,ALEXANDRIA,PIKE,,38.92095513,-84.39189647,1.843,5/17/2024 0:00,1423,2,2,0,0,O,RAINING,WET,0,ANGLE COLLISION - OTHER,ANGLE,STRAIGHT & GRADE,DAYLIGHT,0,0,0,1
33262972,CAMPBELL,US0027,USRoute,,ALEXANDRIA,PIKE,,39.0243011,-84.44305745,15.622,5/18/2024 0:00,1707,1,1,0,0,O,CLEAR,DRY,0,OCCUPANT FELL FROM MOVING VEHICLE,SINGLE VEHICLE,STRAIGHT & LEVEL,DAYLIGHT,0,0,0,1
33257675,CAMPBELL,US0027,USRoute,,3RD,ST,E,39.093967,-84.49601977,22.203,5/18/2024 0:00,2258,2,2,0,0,O,CLEAR,DRY,0,SIDESWIPE COLLISION - SAME DIRECTION,SIDESWIPE-SAME DIRECTION,STRAIGHT & LEVEL,DARK-HWY LIGHTED/ON,0,0,0,1
33262829,CAMPBELL,,OTHR,,5TH,AVE,,39.11474812,-84.47095391,0.559,5/18/2024 0:00,1303,2,2,0,0,O,CLEAR,DRY,0,REAR END IN TRAFFIC LANES BOTH VEHICLES MOVING,REAR END,STRAIGHT & LEVEL,DAYLIGHT,0,0,0,1
33257707,CAMPBELL,I 0471,Interstate,,I471 S,,,39.0994121,-84.49292463,4.753,5/18/2024 0:00,2022,2,2,0,0,O,CLEAR,DRY,0,REAR END IN TRAFFIC LANES BOTH VEHICLES MOVING,REAR END,STRAIGHT & GRADE,DAYLIGHT,0,0,0,1
33259783,CAMPBELL,KY0008,StateRoute,,MARY INGLES,HWY,,39.03316368,-84.38078606,11.346,5/19/2024 0:00,1436,2,2,0,0,O,CLEAR,DRY,0,SIDESWIPE COLLISION - SAME DIRECTION,SIDESWIPE-SAME DIRECTION,STRAIGHT & LEVEL,DAYLIGHT,0,0,0,1
33264427,CAMPBELL,US0027,USRoute,,ALEXANDRIA,PIKE,,38.86069875,-84.38999154,3.101,5/19/2024 0:00,2340,1,1,0,0,O,CLEAR,DRY,0,COLLISION WITH ANIMAL NON INTERSECTION,SINGLE VEHICLE,STRAIGHT & LEVEL,DARK-HWY NOT LIGHTED,0,0,0,1
33264142,CAMPBELL,US0027,USRoute,2625,ALEXANDRIA,PIKE,,39.03538317,-84.45404937,16.64,5/19/2024 0:00,1328,1,1,0,0,O,CLEAR,DRY,0,COLLISION WITH FIXED OBJECT NON - INTERSECTION - FIRST EVENT COLLISION 09 - 32 EXCLUDING 16,SINGLE VEHICLE,STRAIGHT & LEVEL,DAYLIGHT,0,0,0,1
33271785,CAMPBELL,KY0008X,StateRoute,,4TH,AVE,,39.1153762,-84.46953754,2.233,5/19/2024 0:00,413,4,4,0,0,O,CLEAR,DRY,1,1 VEHICLE PARKED POSITION (NOT PARKING LOT/DRIVEWAY),REAR END,STRAIGHT & LEVEL,DARK (UNKNOWN ROADWAY LIGHTING),0,0,0,1
33260090,CAMPBELL,,OTHR,212,13TH,ST,W,39.08044264,-84.49136684,0.377,5/19/2024 0:00,1800,3,3,0,0,O,CLEAR,DRY,1,1 VEHICLE PARKED POSITION (NOT PARKING LOT/DRIVEWAY),SIDESWIPE-SAME DIRECTION,STRAIGHT & LEVEL,DAYLIGHT,0,0,0,1
33262976,CAMPBELL,US0027,USRoute,,ALEXANDRIA,PIKE,,39.0287298,-84.45043999,16.166,5/19/2024 0:00,1749,2,2,0,0,O,CLEAR,DRY,1,SIDESWIPE-SAME DIRECTION,SIDESWIPE-SAME DIRECTION,STRAIGHT & LEVEL,DAYLIGHT,0,0,0,1
33267444,CAMPBELL,I 0471,Interstate,,,,,39.06528508,-84.46446079,0.248,5/20/2024 0:00,1243,2,2,0,1,C,CLEAR,DRY,0,OTHER RAMP RELATED COLLISIONS NOT LISTED ABOVE,REAR END,STRAIGHT & GRADE,DAYLIGHT,0,0,0,1
33274009,CAMPBELL,KY1120,StateRoute,,FORT THOMAS,AVE,S,39.0594106,-84.4517641,5.8,5/20/2024 0:00,558,2,1,0,1,B,CLEAR,DRY,0,COLLISION WITH PEDESTRIAN NON - INTERSECTION,SINGLE VEHICLE,STRAIGHT & LEVEL,DAWN,0,0,1,0
33274021,CAMPBELL,KY1120,StateRoute,127,FT THOMAS,AVE,N,39.08102325,-84.44934465,4.047,5/20/2024 0:00,1449,2,2,0,0,O,CLEAR,DRY,0,COLLISION WITH BICYCLIST NON INTERSECTION,REAR END,STRAIGHT & LEVEL,DAYLIGHT,0,1,0,0
33263762,CAMPBELL,,OTHR,422,HODGE,ST,,39.08222926,-84.49626297,0.135,5/20/2024 0:00,730,2,2,0,0,O,CLEAR,DRY,0,SIDESWIPE COLLISION - SAME DIRECTION,SIDESWIPE-SAME DIRECTION,STRAIGHT & LEVEL,DAYLIGHT,0,0,0,1
33308540,CAMPBELL,US0027,USRoute,,ALEXANDRIA,PIKE,,39.03629382,-84.45403585,16.694,5/21/2024 0:00,959,2,2,0,0,O,CLOUDY,DRY,0,SIDESWIPE COLLISION - SAME DIRECTION,SIDESWIPE-SAME DIRECTION,STRAIGHT & LEVEL,DAYLIGHT,0,0,0,1
33273539,CAMPBELL,US0027,USRoute,,ALEXANDRIA,PIKE,,39.00195339,-84.4217058,13.721,5/21/2024 0:00,1248,3,3,0,0,O,CLEAR,DRY,0,REAR END IN TRAFFIC LANES BOTH VEHICLES MOVING,REAR END,STRAIGHT & LEVEL,DAYLIGHT,0,0,0,1
33268758,CAMPBELL,KY0009,StateRoute,251,AA,HWY,,39.0102036,-84.47046105,16.619,5/21/2024 0:00,914,2,2,0,0,O,CLEAR,DRY,0,REAR END IN TRAFFIC LANES BOTH VEHICLES MOVING,REAR END,STRAIGHT & LEVEL,DAYLIGHT,0,0,0,1
33272016,CAMPBELL,I 0471,Interstate,,I471 N,,,39.09971521,-84.49292844,4.814,5/21/2024 0:00,2134,5,5,0,0,O,CLEAR,DRY,1,REAR END IN TRAFFIC LANES BOTH VEHICLES MOVING,REAR END,STRAIGHT & LEVEL,DARK-HWY LIGHTED/ON,0,0,0,1
33274581,CAMPBELL,KY1120,StateRoute,,11TH,ST,W,39.08346713,-84.49226559,0.486,5/21/2024 0:00,1618,3,3,0,0,O,CLEAR,DRY,0,OTHER INTERSECTION COLLISIONS,REAR END,STRAIGHT & LEVEL,DAYLIGHT,1,0,0,1
33274579,CAMPBELL,US0027,USRoute,1300,MONMOUTH,ST,,39.08469441,-84.48568757,21.326,5/22/2024 0:00,719,1,1,0,0,O,RAINING,WET,0,COLLISION WITH FIXED OBJECT NON - INTERSECTION - FIRST EVENT COLLISION 09 - 32 EXCLUDING 16,SINGLE VEHICLE,STRAIGHT & GRADE,DAWN,0,0,0,1
33288265,CAMPBELL,KY0009,StateRoute,,AA,HWY,,39.00205102,-84.42924472,14.332,5/22/2024 0:00,1420,1,1,0,0,O,CLEAR,DRY,0,COLLISION WITH ANIMAL NON INTERSECTION,SINGLE VEHICLE,STRAIGHT & LEVEL,DAYLIGHT,0,0,0,1
33308404,CAMPBELL,,OTHR,170,CLOVER RIDGE,AVE,,39.09254933,-84.45748473,0.122,5/22/2024 0:00,1916,2,2,0,0,O,CLEAR,DRY,0,1 VEHICLE PARKED POSITION (NOT PARKING LOT/DRIVEWAY),BACKING,STRAIGHT & LEVEL,DAYLIGHT,0,0,0,1
33303177,CAMPBELL,,OTHR,203,KNOLLWOOD,DR,,39.0253779,-84.46102006,0.139,5/22/2024 0:00,1200,2,2,0,0,O,CLEAR,DRY,1,1 VEHICLE PARKED POSITION (NOT PARKING LOT/DRIVEWAY),SIDESWIPE-OPPOSITE DIRECTION,STRAIGHT & LEVEL,DAYLIGHT,0,0,0,1
33309468,CAMPBELL,I 0275,Interstate,,I275 E,,,39.05659551,-84.43159978,,5/22/2024 0:00,1800,3,3,0,0,O,CLOUDY,DRY,0,REAR END IN TRAFFIC LANES BOTH VEHICLES MOVING,REAR END,STRAIGHT & LEVEL,DAYLIGHT,0,0,0,1
33276159,CAMPBELL,I 0275,Interstate,,I275 E,,,39.05721185,-84.43024754,,5/22/2024 0:00,1912,2,2,0,0,O,CLEAR,DRY,0,REAR END IN TRAFFIC LANES BOTH VEHICLES MOVING,REAR END,STRAIGHT & LEVEL,DAYLIGHT,0,0,0,1
33274429,CAMPBELL,I 0471,Interstate,,I471 NB,,,39.05869015,-84.46957069,1.142,5/22/2024 0:00,804,2,2,0,0,O,CLOUDY,WET,0,REAR END IN TRAFFIC LANES BOTH VEHICLES MOVING,REAR END,STRAIGHT & LEVEL,DAYLIGHT,0,0,0,1
33277701,CAMPBELL,I 0275,Interstate,,I275 EB,,,39.05325239,-84.43913525,73.729,5/22/2024 0:00,1839,2,2,0,0,O,CLOUDY,DRY,0,OTHER ROADWAY OR MID-BLOCK COLLISION,REAR END,STRAIGHT & LEVEL,DAYLIGHT,0,0,0,1
33303167,CAMPBELL,,OTHR,,HIGHLAND MEADOWS,DR,,39.02559497,-84.45574403,0.007,5/22/2024 0:00,1611,2,2,0,0,O,CLEAR,DRY,0,VEHICLE BACKING NON INTERSECTION,BACKING,STRAIGHT & LEVEL,DAYLIGHT,0,0,0,1
33301770,CAMPBELL,KY0547,StateRoute,8282,RILEY,RD,,38.96181736,-84.38336286,0.181,5/23/2024 0:00,1014,2,2,0,0,O,CLOUDY,WET,0,SIDESWIPE COLLISION - OPPOSITE DIRECTION,SIDESWIPE-OPPOSITE DIRECTION,STRAIGHT & GRADE,DAYLIGHT,0,0,0,1
33293133,CAMPBELL,I 0275,Interstate,,I275 E,,,39.02258824,-84.48877557,77.547,5/23/2024 0:00,1648,2,2,0,0,O,CLOUDY,DRY,0,REAR END IN TRAFFIC LANES BOTH VEHICLES MOVING,REAR END,STRAIGHT & LEVEL,DAYLIGHT,0,0,0,1
33299892,CAMPBELL,,OTHR,,8TH,AVE,,39.11082001,-84.47495112,0.299,5/23/2024 0:00,1748,2,2,0,0,O,CLOUDY,DRY,1,COLLISION WITH PARKED VEHICLE,SIDESWIPE-SAME DIRECTION,STRAIGHT & LEVEL,DAYLIGHT,0,0,0,1
33302427,CAMPBELL,,OTHR,159,NORTH,ST,,39.07077801,-84.47875251,0.21,5/23/2024 0:00,1736,2,2,0,0,O,CLOUDY,DRY,0,1 VEHICLE PARKED POSITION (NOT PARKING LOT/DRIVEWAY),SIDESWIPE-SAME DIRECTION,STRAIGHT & LEVEL,DAYLIGHT,0,0,0,1
33303166,CAMPBELL,I 0275,Interstate,,I275 E,,,39.04171212,-84.4693779,75.566,5/23/2024 0:00,638,1,1,0,0,O,CLOUDY,DRY,0,RAN OFF ROADWAY (1 VEHICLE WITH/EARTH EMBANKMENT/DITCH),SINGLE VEHICLE,STRAIGHT & LEVEL,DAYLIGHT,0,0,0,1
33315522,CAMPBELL,,OTHR,723,PARK,AVE,,39.09313477,-84.4865258,0.127,5/23/2024 0:00,450,2,2,0,0,O,CLOUDY,DRY,1,1 VEHICLE PARKED POSITION (NOT PARKING LOT/DRIVEWAY),SIDESWIPE-SAME DIRECTION,STRAIGHT & LEVEL,DARK-HWY NOT LIGHTED,0,0,0,1
33321633,CAMPBELL,,OTHR,224,3RD,AVE,,39.11318547,-84.47828124,0.326,5/23/2024 0:00,1853,2,2,0,0,O,CLEAR,DRY,0,1 VEHICLE PARKED POSITION (NOT PARKING LOT/DRIVEWAY),BACKING,STRAIGHT & LEVEL,DAYLIGHT,0,0,0,1
33296377,CAMPBELL,I 0275,Interstate,,I275 W,,,39.04089324,-84.4700289,75.686,5/23/2024 0:00,600,1,1,0,0,O,CLOUDY,DRY,0,COLLISION WITH ANIMAL NON INTERSECTION,SINGLE VEHICLE,CURVE & GRADE,DAWN,0,0,0,1
33308396,CAMPBELL,KY1120,StateRoute,2350,MEMORIAL,PKWY,,39.08547162,-84.45062693,3.688,5/23/2024 0:00,1542,1,1,0,0,O,CLEAR,DRY,0,COLLISION WITH FIXED OBJECT NON - INTERSECTION - FIRST EVENT COLLISION 09 - 32 EXCLUDING 16,SINGLE VEHICLE,CURVE & LEVEL,DAYLIGHT,0,0,0,1
33308401,CAMPBELL,,OTHR,38,TOWER HILL,RD,,39.09487879,-84.44904645,0.095,5/24/2024 0:00,928,2,2,0,0,O,CLEAR,DRY,0,1 VEHICLE PARKED POSITION (NOT PARKING LOT/DRIVEWAY),REAR TO REAR,STRAIGHT & GRADE,DAYLIGHT,0,0,0,1
33308531,CAMPBELL,KY1120,StateRoute,,FT THOMAS,AVE,S,39.06222217,-84.44848325,5.547,5/24/2024 0:00,1700,2,2,0,0,O,CLEAR,DRY,0,ANGLE COLLISION - OTHER,ANGLE,STRAIGHT & LEVEL,DAYLIGHT,0,0,0,1
33318605,CAMPBELL,US0027,USRoute,,ALEXANDRIA,PIKE,,38.9574437,-84.39333386,10.033,5/24/2024 0:00,1047,2,2,0,0,O,CLEAR,DRY,0,REAR END - ONE VEHICLE TURNING LEFT,REAR END,STRAIGHT & LEVEL,DAYLIGHT,0,0,0,1
33393927,CAMPBELL,,OTHR,,TAYLOR,AVE,,39.09595859,-84.47219122,1.096,5/24/2024 0:00,2132,2,2,0,0,O,CLEAR,DRY,0,OTHER INTERSECTION COLLISIONS,REAR END,STRAIGHT & GRADE,DARK-HWY LIGHTED/ON,1,0,0,1
33311941,CAMPBELL,,OTHR,,3RD,ST,W,39.09355101,-84.49716978,0.015,5/24/2024 0:00,2350,2,2,0,0,O,CLEAR,DRY,0,SIDESWIPE COLLISION - SAME DIRECTION,SIDESWIPE-SAME DIRECTION,CURVE & LEVEL,DARK-HWY LIGHTED/ON,0,0,0,1
33309774,CAMPBELL,,OTHR,,RIVERBOAT,ROW,,39.09677902,-84.49507632,0.52,5/24/2024 0:00,1708,2,2,0,0,O,CLEAR,DRY,0,OTHER ROADWAY OR MID-BLOCK COLLISION,REAR END,CURVE & LEVEL,DAYLIGHT,0,0,0,1
33318606,CAMPBELL,US0027,USRoute,,ALEXANDRIA,PIKE,,38.9724464,-84.39233408,11.083,5/25/2024 0:00,1440,2,2,0,2,C,CLOUDY,DRY,0,REAR END IN TRAFFIC LANES BOTH VEHICLES MOVING,REAR END,STRAIGHT & LEVEL,DAYLIGHT,0,0,0,1
33299229,CAMPBELL,KY0009,StateRoute,,CENTRAL,AVE,,39.08584864,-84.49444171,22.65,5/25/2024 0:00,1755,2,2,0,0,O,CLEAR,DRY,0,ANGLE COLLISION - OTHER,ANGLE,STRAIGHT & LEVEL,DAYLIGHT,0,0,0,1
33301941,CAMPBELL,KY0547,StateRoute,,FOUR MILE,RD,,39.00804419,-84.36854971,4.067,5/25/2024 0:00,120,1,1,0,0,O,CLEAR,DRY,0,COLLISION WITH FIXED OBJECT NON - INTERSECTION - FIRST EVENT COLLISION 09 - 32 EXCLUDING 16,SINGLE VEHICLE,CURVE & LEVEL,DARK-HWY NOT LIGHTED,0,0,0,1
33298509,CAMPBELL,,OTHR,713,WEINGARTNER,ALY,,39.09159246,-84.48889525,0.044,5/25/2024 0:00,1919,1,1,0,0,O,CLEAR,DRY,0,COLLISION WITH FIXED OBJECT NON - INTERSECTION - FIRST EVENT COLLISION 09 - 32 EXCLUDING 16,SINGLE VEHICLE,STRAIGHT & LEVEL,DAYLIGHT,0,0,0,1