IncidentID,County,RdwyNumber,RdwyType,Street,RoadwayName,StreetSfx,StreetDir,Latitude,Longitude,Milepoint,CollisionDate,CollisionTime,UnitsInvolved,MotorVehiclesInvolved,NumberKilled,NumberInjured,KABCO,Weather,RdwyConditionCode,HitandRun,DirAnalysisCode,MannerofCollision,RdwyCharacter,LightCondition,Intersection Crash,Bicyclist,Pedestrian,Motor Vehicles
33309467,CAMPBELL,KY0008,StateRoute,,MARY INGLES,HWY,,38.87279942,-84.2432737,25.582,5/25/2024 0:00,2137,1,1,0,0,O,CLOUDY,DRY,0,COLLISION WITH ANIMAL NON INTERSECTION,SINGLE VEHICLE,CURVE & LEVEL,DARK-HWY NOT LIGHTED,0,0,0,1
33309462,CAMPBELL,KY0824,StateRoute,,RACE TRACK,RD,,38.8902278,-84.35845152,1.971,5/25/2024 0:00,1649,1,1,0,0,O,CLEAR,DRY,0,COLLISION WITH ANIMAL NON INTERSECTION,SINGLE VEHICLE,STRAIGHT & GRADE,DAYLIGHT,0,0,0,1
33318160,CAMPBELL,I 0471,Interstate,9-Jan,I471 S,,,39.06746281,-84.46466575,1.855,5/25/2024 0:00,1107,1,1,0,0,O,CLEAR,DRY,0,COLLISION WITH ANIMAL NON INTERSECTION,SINGLE VEHICLE,STRAIGHT & LEVEL,DAYLIGHT,0,0,0,1
33299230,CAMPBELL,,OTHR,,6TH,ST,E,39.09466924,-84.48785076,0.308,5/26/2024 0:00,37,2,2,0,0,O,CLEAR,DRY,0,COLLISION WITH PARKED VEHICLE,REAR END,STRAIGHT & LEVEL,DARK-HWY LIGHTED/ON,0,0,0,1
33303208,CAMPBELL,KY1892,StateRoute,,GRAND,AVE,,39.08542321,-84.47469097,1.989,5/26/2024 0:00,1250,2,2,0,0,O,CLEAR,DRY,0,OTHER ROADWAY OR MID-BLOCK COLLISION,REAR END,CURVE & LEVEL,DAYLIGHT,0,0,0,1
33306248,CAMPBELL,KY0009,StateRoute,,AA,HWY,,38.95241586,-84.33707185,7.981,5/26/2024 0:00,1410,2,2,0,0,O,RAINING,WET,0,SIDESWIPE COLLISION - SAME DIRECTION,SIDESWIPE-SAME DIRECTION,STRAIGHT & LEVEL,DAYLIGHT,0,0,0,1
33324518,CAMPBELL,,OTHR,160,NEWPORT PAVILION,,,39.09168991,-84.47907385,0.116,5/26/2024 0:00,1655,2,2,0,0,O,CLEAR,DRY,0,1 VEHICLE ENTERING/LEAVING ENTRANCE,ANGLE,STRAIGHT & LEVEL,DAYLIGHT,0,0,0,1
33306249,CAMPBELL,KY0915,StateRoute,,LICKING,PIKE,,39.00539871,-84.46080044,9.082,5/26/2024 0:00,1308,2,2,0,4,B,CLEAR,DRY,0,SIDESWIPE COLLISION - OPPOSITE DIRECTION,SIDESWIPE-OPPOSITE DIRECTION,CURVE & GRADE,DAYLIGHT,0,0,0,1
33427176,CAMPBELL,US0027,USRoute,,ALEXANDRIA,PIKE,,39.0707242,-84.46970937,19.999,5/27/2024 0:00,1951,2,2,0,2,A,CLEAR,DRY,0,OPPOSING LEFT TURN,OPPOSING LEFT TURN,STRAIGHT & HILLCREST,DAYLIGHT,0,0,0,1
33319539,CAMPBELL,,OTHR,209,KENTUCKY,DR,,39.07360993,-84.48698784,0.135,5/27/2024 0:00,1602,2,2,0,0,O,CLEAR,DRY,0,1 VEHICLE PARKED POSITION (NOT PARKING LOT/DRIVEWAY),SIDESWIPE-OPPOSITE DIRECTION,STRAIGHT & LEVEL,DAYLIGHT,0,0,0,1
33309777,CAMPBELL,,OTHR,,PROSPECT,ST,,39.10494744,-84.48333561,0.08,5/27/2024 0:00,1151,2,2,0,0,O,CLEAR,DRY,1,1 VEHICLE PARKED POSITION (NOT PARKING LOT/DRIVEWAY),SIDESWIPE-SAME DIRECTION,STRAIGHT & LEVEL,DAYLIGHT,0,0,0,1
33317208,CAMPBELL,,OTHR,,PLEASANT RIDGE,RD,,38.91816835,-84.39842976,6.284,5/27/2024 0:00,330,1,1,0,0,O,CLOUDY,WET,0,COLLISION WITH FIXED OBJECT NON - INTERSECTION - FIRST EVENT COLLISION 09 - 32 EXCLUDING 16,SINGLE VEHICLE,CURVE & GRADE,DARK-HWY NOT LIGHTED,0,0,0,1
33311942,CAMPBELL,I 0471,Interstate,,,,,39.09285942,-84.47908758,0.194,5/28/2024 0:00,1936,2,2,0,0,O,CLEAR,DRY,0,OTHER RAMP RELATED COLLISIONS NOT LISTED ABOVE,REAR END,STRAIGHT & GRADE,DAYLIGHT,0,0,0,1
33313905,CAMPBELL,,OTHR,804,BERRY,AVE,,39.0973076,-84.47823383,0.206,5/28/2024 0:00,1748,2,2,0,0,O,CLEAR,DRY,1,1 VEHICLE PARKED POSITION (NOT PARKING LOT/DRIVEWAY),BACKING,STRAIGHT & GRADE,DAYLIGHT,0,0,0,1
33333802,CAMPBELL,KY0009,StateRoute,,LICKING,PIKE,,39.02543158,-84.48065282,17.955,5/28/2024 0:00,1523,2,2,0,0,O,CLEAR,DRY,1,OTHER INTERSECTION COLLISIONS,REAR END,STRAIGHT & LEVEL,DAYLIGHT,1,0,0,1
33308938,CAMPBELL,KY0009,StateRoute,,LICKING,PIKE,,39.02131922,-84.48117476,17.632,5/28/2024 0:00,1257,2,2,0,0,O,CLEAR,DRY,0,SIDESWIPE-SAME DIRECTION,SIDESWIPE-SAME DIRECTION,STRAIGHT & LEVEL,DAYLIGHT,0,0,0,1
33317298,CAMPBELL,KY0009,StateRoute,,AA,HWY,,39.00636984,-84.45327925,15.659,5/28/2024 0:00,1457,2,2,0,0,O,CLEAR,DRY,0,REAR END IN TRAFFIC LANES BOTH VEHICLES MOVING,REAR END,STRAIGHT & GRADE,DAYLIGHT,0,0,0,1
33313421,CAMPBELL,I 0471,Interstate,,I471 N,,,39.05251733,-84.46819664,0.715,5/28/2024 0:00,923,2,2,0,0,O,CLEAR,DRY,0,REAR END IN TRAFFIC LANES BOTH VEHICLES MOVING,REAR END,CURVE & LEVEL,DAYLIGHT,0,0,0,1
33321104,CAMPBELL,US0027,USRoute,,ALEXANDRIA,PIKE,,38.94189663,-84.39400508,8.955,5/28/2024 0:00,2300,2,2,0,0,O,CLOUDY,DRY,1,SIDESWIPE COLLISION - SAME DIRECTION,SIDESWIPE-SAME DIRECTION,STRAIGHT & GRADE,DARK-HWY NOT LIGHTED,0,0,0,1
33317525,CAMPBELL,US0027,USRoute,,ALEXANDRIA,PIKE,,38.92094443,-84.39208952,7.562,5/28/2024 0:00,1347,2,2,0,1,B,CLEAR,DRY,0,1 VEHICLE ENTERING/LEAVING ENTRANCE,ANGLE,STRAIGHT & LEVEL,DAYLIGHT,0,0,0,1
33333699,CAMPBELL,I 0275,Interstate,,I275 E,,,39.04979004,-84.44693859,74.212,5/29/2024 0:00,1700,2,2,0,0,O,CLOUDY,DRY,0,SIDESWIPE COLLISION - SAME DIRECTION,SIDESWIPE-SAME DIRECTION,STRAIGHT & GRADE,DAYLIGHT,0,0,0,1
33317290,CAMPBELL,KY0008,StateRoute,,4TH,ST,W,39.08956717,-84.50099077,0.25,5/29/2024 0:00,20,2,2,0,0,O,CLEAR,DRY,0,SIDESWIPE COLLISION - SAME DIRECTION,SIDESWIPE-SAME DIRECTION,CURVE & LEVEL,DARK-HWY LIGHTED/ON,0,0,0,1
33342430,CAMPBELL,KY0008,StateRoute,5792,MARY INGLES,HWY,,39.02934831,-84.36011714,12.456,5/29/2024 0:00,1620,1,1,0,0,O,CLEAR,DRY,0,OTHER COLLISIONS ON SHOULDER,SINGLE VEHICLE,STRAIGHT & LEVEL,DAYLIGHT,0,0,0,1
33357785,CAMPBELL,,OTHR,313,FOOTE,AVE,,39.10643516,-84.48099396,0.235,5/29/2024 0:00,1348,2,2,0,0,O,CLEAR,DRY,0,1 VEHICLE PARKED POSITION (NOT PARKING LOT/DRIVEWAY),SIDESWIPE-SAME DIRECTION,STRAIGHT & LEVEL,UNKNOWN,0,0,0,1
33312925,CAMPBELL,US0027,USRoute,,,,,39.00329884,-84.42332367,0.565,5/29/2024 0:00,704,2,2,0,0,O,CLEAR,DRY,0,OTHER RAMP RELATED COLLISIONS NOT LISTED ABOVE,REAR END,STRAIGHT & LEVEL,DAWN,0,0,0,1
33334124,CAMPBELL,KY1120,StateRoute,119,FT THOMAS,AVE,N,39.08061388,-84.44887059,4.084,5/30/2024 0:00,1209,2,2,0,0,O,CLEAR,DRY,1,1 VEHICLE PARKED POSITION (NOT PARKING LOT/DRIVEWAY),SIDESWIPE-SAME DIRECTION,CURVE & LEVEL,DAYLIGHT,0,0,0,1
33422082,CAMPBELL,KY0445,StateRoute,405,RIVER,RD,,39.05746974,-84.44179522,0.439,5/30/2024 0:00,2200,1,1,0,1,C,CLEAR,DRY,0,RAN OFF ROADWAY (1 VEHICLE WITH/EARTH EMBANKMENT/DITCH),SINGLE VEHICLE,CURVE & GRADE,DARK-HWY NOT LIGHTED,0,0,0,1
33320003,CAMPBELL,,OTHR,,3RD,ST,W,39.0924918,-84.4982743,0.082,5/30/2024 0:00,1440,2,2,0,0,O,CLEAR,DRY,1,REAR END IN TRAFFIC LANES BOTH VEHICLES MOVING,REAR END,STRAIGHT & LEVEL,DAYLIGHT,0,0,0,1
33332855,CAMPBELL,KY0009,StateRoute,,AA,HWY,,38.96661091,-84.35072186,9.193,5/30/2024 0:00,1310,2,2,0,1,B,CLEAR,DRY,0,SIDESWIPE COLLISION - SAME DIRECTION,SIDESWIPE-SAME DIRECTION,STRAIGHT & LEVEL,DAYLIGHT,0,0,0,1
33322045,CAMPBELL,,OTHR,200,CROSSROADS,BLVD,,39.00504283,-84.42333515,0.094,5/30/2024 0:00,1541,2,2,0,0,O,CLEAR,DRY,0,1 VEHICLE ENTERING/LEAVING ENTRANCE,ANGLE,CURVE & GRADE,DAYLIGHT,0,0,0,1
33324614,CAMPBELL,KY1892,StateRoute,,CAROTHERS,RD,,39.08530978,-84.48031837,2.343,5/31/2024 0:00,1301,2,2,0,2,C,CLEAR,DRY,0,1 VEHICLE ENTERING/LEAVING ENTRANCE,ANGLE,STRAIGHT & GRADE,DAYLIGHT,0,0,0,1
33324565,CAMPBELL,US0027,USRoute,,3RD,ST,E,39.09363633,-84.49687418,22.255,5/31/2024 0:00,1115,1,1,0,0,O,CLEAR,DRY,0,OTHER ROADWAY OR MID-BLOCK COLLISION,SINGLE VEHICLE,CURVE & GRADE,DAYLIGHT,0,0,0,1
33324519,CAMPBELL,KY0008,StateRoute,,4TH,ST,W,39.08934367,-84.50107375,0.241,5/31/2024 0:00,738,2,2,0,0,O,CLEAR,DRY,0,SIDESWIPE COLLISION - SAME DIRECTION,SIDESWIPE-SAME DIRECTION,STRAIGHT & LEVEL,DAYLIGHT,0,0,0,1
33339875,CAMPBELL,KY1892,StateRoute,14,CAROTHERS,RD,,39.0844592,-84.48279221,2.513,5/31/2024 0:00,1724,2,2,0,0,O,CLEAR,DRY,0,SIDESWIPE COLLISION - SAME DIRECTION,SIDESWIPE-SAME DIRECTION,STRAIGHT & LEVEL,DAYLIGHT,0,0,0,1
33331072,CAMPBELL,I 0275,Interstate,,I275 E,,,39.057058,-84.43051613,,5/31/2024 0:00,1608,2,2,0,0,O,CLEAR,DRY,0,REAR END IN TRAFFIC LANES BOTH VEHICLES MOVING,REAR END,STRAIGHT & LEVEL,DAYLIGHT,0,0,0,1
33323773,CAMPBELL,,OTHR,900,9TH,ST,E,39.08832734,-84.49020815,0.639,5/31/2024 0:00,1120,2,1,0,0,O,CLEAR,DRY,0,COLLISION WITH BICYCLE IN INTERSECTION,SINGLE VEHICLE,STRAIGHT & LEVEL,DAYLIGHT,1,1,0,0
33326567,CAMPBELL,,OTHR,,6TH,ST,E,39.09300102,-84.4909068,0.498,5/31/2024 0:00,2206,2,2,0,0,O,CLEAR,DRY,0,ANGLE COLLISION - OTHER,ANGLE,STRAIGHT & LEVEL,DARK-HWY LIGHTED/ON,0,0,0,1
33333801,CAMPBELL,KY0009,StateRoute,,LICKING,PIKE,,39.06587556,-84.486938,20.927,5/31/2024 0:00,1708,2,2,0,0,O,CLEAR,DRY,1,ANGLE COLLISION - OTHER,ANGLE,STRAIGHT & LEVEL,DAYLIGHT,0,0,0,1
33326578,CAMPBELL,,OTHR,1,21ST,ST,,39.07775258,-84.48063351,0.026,5/31/2024 0:00,2135,2,2,0,0,O,CLEAR,DRY,1,1 VEHICLE PARKED POSITION (NOT PARKING LOT/DRIVEWAY),SIDESWIPE-SAME DIRECTION,STRAIGHT & HILLCREST,DAYLIGHT,0,0,0,1
33326579,CAMPBELL,KY0009,StateRoute,,CENTRAL,AVE,,39.08863658,-84.49694099,22.882,5/31/2024 0:00,2045,2,2,0,0,O,CLEAR,DRY,0,1 VEHICLE PARKED POSITION (NOT PARKING LOT/DRIVEWAY),SIDESWIPE-SAME DIRECTION,STRAIGHT & LEVEL,DUSK,0,0,0,1
33332853,CAMPBELL,,OTHR,,CALIFORNIA,XRD,,38.91870116,-84.27783396,0.499,5/31/2024 0:00,945,1,1,0,0,O,CLEAR,DRY,0,COLLISION WITH FIXED OBJECT NON - INTERSECTION - FIRST EVENT COLLISION 09 - 32 EXCLUDING 16,SINGLE VEHICLE,CURVE & GRADE,DAYLIGHT,0,0,0,1
33331076,CAMPBELL,KY0008,StateRoute,10621,MARY INGLES,HWY,,38.9001665,-84.25580895,23.484,5/31/2024 0:00,1716,1,1,0,0,O,CLEAR,DRY,0,COLLISION WITH ANIMAL NON INTERSECTION,SINGLE VEHICLE,STRAIGHT & GRADE,DAYLIGHT,0,0,0,1
33324564,CAMPBELL,I 0471,Interstate,,,,,39.08525825,-84.4742257,0.494,5/31/2024 0:00,1418,2,2,0,0,O,CLEAR,DRY,0,OTHER RAMP RELATED COLLISIONS NOT LISTED ABOVE,REAR END,CURVE & HILLCREST,DAYLIGHT,0,0,0,1
33332751,CAMPBELL,I 0471,Interstate,,,,,39.06338322,-84.46809142,0.33,5/31/2024 0:00,1323,1,1,0,0,O,CLEAR,DRY,0,COLLISION WITH FIXED OBJECT NOT IN GORE ,SINGLE VEHICLE,STRAIGHT & HILLCREST,DAYLIGHT,0,0,0,1
33334125,CAMPBELL,I 0471,Interstate,,I471 SB,,,39.07250665,-84.46399508,2.22,5/31/2024 0:00,1702,2,2,0,0,O,CLEAR,DRY,0,OTHER ROADWAY OR MID-BLOCK COLLISION,REAR TO REAR,STRAIGHT & LEVEL,DAYLIGHT,0,0,0,1
33338164,CAMPBELL,,OTHR,,COCHRAN,AVE,,39.06761461,-84.4454282,0.251,6/1/2024 0:00,49,1,1,0,0,O,CLEAR,DRY,0,COLLISION WITH FIXED OBJECT IN INTERSECTION - FIRST EVENT COLLISION 09 - 32,SINGLE VEHICLE,CURVE & LEVEL,DARK-HWY LIGHTED/ON,1,0,0,1
33328320,CAMPBELL,KY0009,StateRoute,,AA,HWY,,39.00283187,-84.4353174,14.67,6/1/2024 0:00,951,2,2,0,0,O,CLEAR,DRY,0,ANGLE COLLISION - ONE VEHICLE TURNING LEFT,ANGLE,STRAIGHT & LEVEL,DAYLIGHT,0,0,0,1
33329688,CAMPBELL,US0027,USRoute,1500,MONMOUTH,ST,,39.08412584,-84.48468939,21.255,6/1/2024 0:00,1400,2,2,0,0,O,CLEAR,DRY,0,1 VEHICLE ENTERING/LEAVING ENTRANCE,ANGLE,STRAIGHT & GRADE,DAYLIGHT,0,0,0,1
33334613,CAMPBELL,US0027,USRoute,,ALEXANDRIA,PIKE,,39.01215229,-84.43157696,14.579,6/2/2024 0:00,52,1,1,0,0,O,CLOUDY,WET,0,COLLISION WITH ANIMAL NON INTERSECTION,SINGLE VEHICLE,STRAIGHT & GRADE,DARK-HWY LIGHTED/ON,0,0,0,1
33331946,CAMPBELL,,OTHR,,NEWPORT PAVILION,,,39.08894069,-84.47565776,0.395,6/2/2024 0:00,1740,1,1,0,0,O,CLEAR,WET,0,COLLISION WITH FIXED OBJECT NON - INTERSECTION - FIRST EVENT COLLISION 09 - 32 EXCLUDING 16,SINGLE VEHICLE,STRAIGHT & LEVEL,DAYLIGHT,0,0,0,1
33334133,CAMPBELL,,OTHR,19,PEARSON,ST,,39.06773795,-84.44614901,0.038,6/2/2024 0:00,117,3,3,0,0,O,RAINING,WET,1,1 VEHICLE PARKED POSITION (NOT PARKING LOT/DRIVEWAY),BACKING,STRAIGHT & LEVEL,DARK (UNKNOWN ROADWAY LIGHTING),0,0,0,1
33334134,CAMPBELL,KY1120,StateRoute,602,FT THOMAS,AVE,S,39.07104358,-84.44615381,4.772,6/2/2024 0:00,1055,2,2,0,1,B,CLEAR,DRY,0,1 VEHICLE PARKED POSITION (NOT PARKING LOT/DRIVEWAY),ANGLE,CURVE & LEVEL,DAYLIGHT,0,0,0,1
33333707,CAMPBELL,,OTHR,8,BORDEAUX,DR,,39.0383048,-84.44994641,0.034,6/2/2024 0:00,1955,2,2,0,0,O,CLEAR,DRY,0,1 VEHICLE PARKED POSITION (NOT PARKING LOT/DRIVEWAY),BACKING,STRAIGHT & HILLCREST,DAYLIGHT,0,0,0,1
33332053,CAMPBELL,,OTHR,402,ELM,ST,,39.08621544,-84.49945876,0.068,6/2/2024 0:00,2135,2,2,0,0,O,CLEAR,DRY,1,1 VEHICLE PARKED POSITION (NOT PARKING LOT/DRIVEWAY),SIDESWIPE-OPPOSITE DIRECTION,STRAIGHT & LEVEL,DARK-HWY LIGHTED/ON,0,0,0,1
33331914,CAMPBELL,KY0008,StateRoute,,MARY INGLES,HWY,,39.05166418,-84.4302097,8.317,6/2/2024 0:00,1835,1,1,0,0,O,CLEAR,WET,0,COLLISION WITH FIXED OBJECT IN INTERSECTION - FIRST EVENT COLLISION 09 - 32,SINGLE VEHICLE,STRAIGHT & LEVEL,DAYLIGHT,1,0,0,1
33382428,CAMPBELL,KY1998,StateRoute,,INDUSTRIAL,RD,,39.044055,-84.42054338,3.937,6/2/2024 0:00,2017,2,2,0,0,O,CLEAR,DRY,0,OTHER INTERSECTION COLLISIONS,REAR END,STRAIGHT & GRADE,DAYLIGHT,1,0,0,1
33369520,CAMPBELL,,OTHR,,CONSTABLE,DR,,38.95209481,-84.39336239,0.714,6/2/2024 0:00,1316,2,2,0,0,O,CLOUDY,DRY,0,OTHER INTERSECTION COLLISIONS,REAR END,STRAIGHT & LEVEL,DAYLIGHT,1,0,0,1
33351895,CAMPBELL,US0027,USRoute,5400,ALEXANDRIA,PIKE,,38.99937129,-84.4186894,13.469,6/3/2024 0:00,1926,2,2,0,0,O,CLEAR,DRY,0,REAR END IN TRAFFIC LANES BOTH VEHICLES MOVING,REAR END,STRAIGHT & LEVEL,DAYLIGHT,0,0,0,1
33343344,CAMPBELL,KY0009,StateRoute,,LICKING,PIKE,,39.02375231,-84.48075127,17.823,6/3/2024 0:00,742,2,2,0,0,O,CLEAR,DRY,0,REAR END IN TRAFFIC LANES BOTH VEHICLES MOVING,REAR END,STRAIGHT & LEVEL,DAYLIGHT,0,0,0,1
33340589,CAMPBELL,US0027,USRoute,,ALEXANDRIA,PIKE,,38.9682554,-84.39320488,10.782,6/3/2024 0:00,1515,2,2,0,0,O,CLEAR,DRY,0,OTHER INTERSECTION COLLISIONS,REAR END,CURVE & LEVEL,DAYLIGHT,1,0,0,1
33338363,CAMPBELL,I 0471,Interstate,,I471 N,,,39.04989558,-84.46337051,0.392,6/3/2024 0:00,1414,2,2,0,0,O,CLEAR,DRY,0,SIDESWIPE-SAME DIRECTION,SIDESWIPE-SAME DIRECTION,STRAIGHT & LEVEL,DAYLIGHT,0,0,0,1
33345286,CAMPBELL,KY0008X,StateRoute,,6TH,AVE,,39.11291985,-84.47279171,1.966,6/3/2024 0:00,1915,2,2,0,1,C,CLEAR,DRY,0,ANGLE COLLISION - OTHER,ANGLE,STRAIGHT & LEVEL,DAYLIGHT,0,0,0,1
33369107,CAMPBELL,,OTHR,,8TH,AVE,,39.1107949,-84.47500318,0.302,6/3/2024 0:00,1303,2,2,0,0,O,CLOUDY,DRY,0,ANGLE COLLISION - OTHER,ANGLE,STRAIGHT & LEVEL,DAYLIGHT,0,0,0,1
33337918,CAMPBELL,,OTHR,,LINCOLN,AVE,,39.0308205,-84.36382026,0.077,6/3/2024 0:00,1341,2,2,0,0,O,CLEAR,DRY,0,1 VEHICLE PARKED POSITION (NOT PARKING LOT/DRIVEWAY),BACKING,STRAIGHT & LEVEL,DAYLIGHT,0,0,0,1
33342431,CAMPBELL,I 0275,Interstate,,I275 W,,,39.05011186,-84.44707011,74.208,6/3/2024 0:00,2104,1,1,0,0,O,CLEAR,DRY,0,COLLISION WITH ANIMAL NON INTERSECTION,SINGLE VEHICLE,STRAIGHT & GRADE,DUSK,0,0,0,1
33355442,CAMPBELL,I 0471,Interstate,,,,,39.08548019,-84.47460081,0.166,6/3/2024 0:00,1529,2,2,0,0,O,CLEAR,DRY,0,OTHER RAMP RELATED COLLISIONS NOT LISTED ABOVE,REAR END,CURVE & GRADE,DAYLIGHT,0,0,0,1
33342126,CAMPBELL,I 0471,Interstate,,,,,39.10071356,-84.48962976,0.543,6/4/2024 0:00,2047,2,2,0,0,O,CLEAR,DRY,0,OTHER RAMP RELATED COLLISIONS NOT LISTED ABOVE,REAR END,STRAIGHT & LEVEL,DUSK,0,0,0,1
33340511,CAMPBELL,,OTHR,54,PARKVIEW,AVE,,39.0822103,-84.48574923,0.309,6/4/2024 0:00,1247,2,2,0,0,O,CLEAR,DRY,1,1 VEHICLE PARKED POSITION (NOT PARKING LOT/DRIVEWAY),SIDESWIPE-OPPOSITE DIRECTION,STRAIGHT & LEVEL,DAYLIGHT,0,0,0,1
33369523,CAMPBELL,,OTHR,,SOUTHWOOD,DR,,38.94715928,-84.39060873,,6/4/2024 0:00,1238,2,2,0,0,O,CLEAR,DRY,0,OPPOSITE DIRECTION - BOTH VEHICLES GOING STRAIGHT AHEAD,SIDESWIPE-OPPOSITE DIRECTION,STRAIGHT & LEVEL,DAYLIGHT,0,0,0,1
33379496,CAMPBELL,KY1998,StateRoute,,INDUSTRIAL,RD,,39.04406904,-84.42052089,3.938,6/4/2024 0:00,1926,2,2,0,1,C,CLOUDY,DRY,0,OTHER INTERSECTION COLLISIONS,REAR END,STRAIGHT & LEVEL,DAYLIGHT,1,0,0,1
33342463,CAMPBELL,,OTHR,,PARK,AVE,,39.09793152,-84.49281072,0.347,6/4/2024 0:00,2027,2,2,0,0,O,CLEAR,DRY,0,OTHER INTERSECTION COLLISIONS,REAR END,STRAIGHT & LEVEL,DAYLIGHT,1,0,0,1
33339810,CAMPBELL,US0027,USRoute,2600,ALEXANDRIA,PIKE,,39.03509266,-84.45390579,16.62,6/4/2024 0:00,611,2,2,0,0,O,CLEAR,DRY,0,REAR END IN TRAFFIC LANES BOTH VEHICLES MOVING,REAR END,STRAIGHT & GRADE,DAYLIGHT,0,0,0,1
33354473,CAMPBELL,US0027,USRoute,,ALEXANDRIA,PIKE,,38.82907469,-84.36535259,0.486,6/4/2024 0:00,1205,1,1,0,2,B,CLEAR,DRY,0,OTHER COLLISIONS ON SHOULDER,SINGLE VEHICLE,CURVE & GRADE,DAYLIGHT,0,0,0,1
33338961,CAMPBELL,KY0009,StateRoute,,LICKING,PIKE,,39.0225057,-84.48097171,17.725,6/4/2024 0:00,816,2,2,0,0,O,CLEAR,DRY,0,REAR END IN TRAFFIC LANES BOTH VEHICLES MOVING,REAR END,STRAIGHT & LEVEL,DAYLIGHT,0,0,0,1
33352388,CAMPBELL,US0027,USRoute,5400,ALEXANDRIA,PIKE,,38.99923032,-84.41866052,13.471,6/5/2024 0:00,1658,2,2,0,1,B,CLEAR,DRY,0,OTHER ROADWAY OR MID-BLOCK COLLISION,REAR END,STRAIGHT & LEVEL,DAYLIGHT,0,0,0,1
33346047,CAMPBELL,I 0471,Interstate,,I471 N,,,39.08821217,-84.47454706,3.471,6/5/2024 0:00,1051,2,2,0,0,O,CLEAR,DRY,0,1 VEHICLE ENTERING/LEAVING ENTRANCE,ANGLE,STRAIGHT & LEVEL,DAYLIGHT,0,0,0,1
33343340,CAMPBELL,KY0009,StateRoute,,LICKING,PIKE,,39.02449773,-84.48058143,17.882,6/5/2024 0:00,640,2,2,0,0,O,CLEAR,DRY,0,REAR END IN TRAFFIC LANES BOTH VEHICLES MOVING,REAR END,STRAIGHT & LEVEL,DAYLIGHT,0,0,0,1
33352561,CAMPBELL,,OTHR,808,SARATOGA,ST,,39.08965297,-84.48982097,0.27,6/5/2024 0:00,2,3,3,0,0,O,CLEAR,DRY,1,1 VEHICLE PARKED POSITION (NOT PARKING LOT/DRIVEWAY),SIDESWIPE-SAME DIRECTION,STRAIGHT & LEVEL,DARK-HWY LIGHTED/ON,0,0,0,1
33357751,CAMPBELL,,OTHR,1005,ANN,ST,,39.08499253,-84.49265913,0.305,6/5/2024 0:00,1154,2,2,0,0,O,CLEAR,DRY,0,1 VEHICLE PARKED POSITION (NOT PARKING LOT/DRIVEWAY),SIDESWIPE-SAME DIRECTION,STRAIGHT & LEVEL,DAYLIGHT,0,0,0,1
33347565,CAMPBELL,KY0915,StateRoute,,LICKING,PIKE,,38.95457679,-84.41418574,,6/5/2024 0:00,2350,1,1,0,0,O,CLOUDY,WET,0,RAN OFF ROADWAY (1 VEHICLE WITH/EARTH EMBANKMENT/DITCH),SINGLE VEHICLE,STRAIGHT & GRADE,DARK-HWY NOT LIGHTED,0,0,0,1
33348331,CAMPBELL,I 0471,Interstate,,I471 N,,,39.07416523,-84.46567827,2.361,6/5/2024 0:00,1631,1,1,0,0,O,CLEAR,DRY,0,OTHER ROADWAY OR MID-BLOCK COLLISION,SINGLE VEHICLE,STRAIGHT & LEVEL,DAYLIGHT,0,0,0,1
33354472,CAMPBELL,US0027,USRoute,,ALEXANDRIA,PIKE,,38.83855552,-84.37042895,1.241,6/6/2024 0:00,2212,1,1,0,1,B,CLEAR,DRY,0,OTHER ROADWAY OR MID-BLOCK COLLISION,SINGLE VEHICLE,STRAIGHT & GRADE,DARK-HWY NOT LIGHTED,0,0,0,1
33350021,CAMPBELL,KY0008,StateRoute,,MARY INGLES,HWY,,38.93410707,-84.27990161,20.795,6/6/2024 0:00,650,1,1,0,0,O,CLEAR,DRY,0,OTHER COLLISIONS ON SHOULDER,SINGLE VEHICLE,STRAIGHT & LEVEL,DAYLIGHT,0,0,0,1
33377381,CAMPBELL,US0027,USRoute,,ALEXANDRIA,PIKE,,38.98031269,-84.39443156,11.641,6/6/2024 0:00,2159,2,2,0,3,A,CLEAR,DRY,0,HEAD-ON COLLISION,HEAD ON,CURVE & LEVEL,DARK-HWY LIGHTED/ON,0,0,0,1
33369106,CAMPBELL,,OTHR,815,6TH,AVE,,39.11378362,-84.46887833,0.06,6/6/2024 0:00,744,2,2,0,0,O,CLEAR,DRY,0,SIDESWIPE COLLISION - SAME DIRECTION,SIDESWIPE-SAME DIRECTION,CURVE & LEVEL,DAYLIGHT,0,0,0,1
33352391,CAMPBELL,US0027,USRoute,,ALEXANDRIA,PIKE,,39.00432421,-84.42464925,13.94,6/6/2024 0:00,1728,3,3,0,0,O,CLEAR,DRY,0,1 VEHICLE ENTERING/LEAVING ENTRANCE,ANGLE,STRAIGHT & GRADE,DAYLIGHT,0,0,0,1
33350783,CAMPBELL,,OTHR,200,10TH,ST,W,39.08609389,-84.49078301,0.516,6/6/2024 0:00,1330,2,2,0,0,O,CLEAR,DRY,1,OTHER ROADWAY OR MID-BLOCK COLLISION,REAR END,STRAIGHT & LEVEL,DAYLIGHT,0,0,0,1
33355268,CAMPBELL,KY0008,StateRoute,,FAIRFIELD,AVE,,39.10347629,-84.48672128,1.6,6/6/2024 0:00,1624,2,2,0,0,O,CLEAR,DRY,0,OTHER ROADWAY OR MID-BLOCK COLLISION,REAR END,STRAIGHT & LEVEL,DAYLIGHT,0,0,0,1
33357787,CAMPBELL,KY0008,StateRoute,,FAIRFIELD,AVE,,39.10437912,-84.48562767,1.681,6/7/2024 0:00,1855,2,2,0,0,O,CLEAR,DRY,0,OTHER INTERSECTION COLLISIONS,REAR END,STRAIGHT & LEVEL,DAYLIGHT,1,0,0,1