IncidentID,County,RdwyNumber,RdwyType,Street,RoadwayName,StreetSfx,StreetDir,Latitude,Longitude,Milepoint,CollisionDate,CollisionTime,UnitsInvolved,MotorVehiclesInvolved,NumberKilled,NumberInjured,KABCO,Weather,RdwyConditionCode,HitandRun,DirAnalysisCode,MannerofCollision,RdwyCharacter,LightCondition,Intersection Crash,Bicyclist,Pedestrian,Motor Vehicles
33358764,CAMPBELL,KY2345,StateRoute,,MARTHA L COLLINS,BLVD,,39.02894831,-84.45063835,0.006,6/7/2024 0:00,1730,2,2,0,0,O,CLEAR,DRY,0,OTHER INTERSECTION COLLISIONS,REAR END,STRAIGHT & LEVEL,DAYLIGHT,1,0,0,1
33357786,CAMPBELL,,OTHR,300,TAYLOR,AVE,,39.10391227,-84.48192464,0.285,6/7/2024 0:00,713,2,2,0,0,O,CLEAR,DRY,0,OPPOSING LEFT TURN,OPPOSING LEFT TURN,STRAIGHT & LEVEL,DAYLIGHT,0,0,0,1
33358765,CAMPBELL,US0027,USRoute,,ALEXANDRIA,PIKE,,39.00424452,-84.42467578,13.945,6/7/2024 0:00,1859,2,2,0,0,O,CLEAR,DRY,0,SIDESWIPE-SAME DIRECTION,SIDESWIPE-SAME DIRECTION,STRAIGHT & HILLCREST,DAYLIGHT,0,0,0,1
33364072,CAMPBELL,KY1120,StateRoute,,FT THOMAS,AVE,N,39.07861174,-84.44848224,4.23,6/7/2024 0:00,900,2,2,0,0,O,CLEAR,DRY,0,1 VEHICLE PARKED POSITION (NOT PARKING LOT/DRIVEWAY),SIDESWIPE-SAME DIRECTION,STRAIGHT & LEVEL,DAYLIGHT,0,0,0,1
33356836,CAMPBELL,,OTHR,415,5TH,ST,E,39.09494747,-84.48972922,0.301,6/7/2024 0:00,2252,2,2,0,0,O,CLEAR,DRY,1,1 VEHICLE PARKED POSITION (NOT PARKING LOT/DRIVEWAY),SIDESWIPE-SAME DIRECTION,STRAIGHT & LEVEL,DARK-HWY LIGHTED/ON,0,0,0,1
33358007,CAMPBELL,KY0536,StateRoute,,CREEKTRACE,RD,,38.92114522,-84.44414405,,6/7/2024 0:00,2125,2,2,0,0,O,CLEAR,DRY,0,OTHER ROADWAY OR MID-BLOCK COLLISION,OPPOSING LEFT TURN,CURVE & GRADE,DUSK,0,0,0,1
33358964,CAMPBELL,I 0471,Interstate,,,,,39.08543525,-84.47437547,0.203,6/8/2024 0:00,1843,2,2,0,0,O,CLEAR,DRY,0,OTHER RAMP RELATED COLLISIONS NOT LISTED ABOVE,SIDESWIPE-SAME DIRECTION,STRAIGHT & LEVEL,DAYLIGHT,0,0,0,1
33379373,CAMPBELL,,OTHR,63,HIDDEN VALLEY,DR,,39.03568118,-84.4529147,0.02,6/8/2024 0:00,0,2,2,0,0,O,CLEAR,DRY,1,1 VEHICLE PARKED POSITION (NOT PARKING LOT/DRIVEWAY),SIDESWIPE-SAME DIRECTION,STRAIGHT & LEVEL,DARK (UNKNOWN ROADWAY LIGHTING),0,0,0,1
33358965,CAMPBELL,KY0008,StateRoute,,DAVE COWENS,DR,,39.09801488,-84.49289084,1.024,6/8/2024 0:00,1840,2,2,0,0,O,CLEAR,DRY,0,OTHER INTERSECTION COLLISIONS,REAR END,STRAIGHT & LEVEL,DAYLIGHT,1,0,0,1
33360768,CAMPBELL,,OTHR,,BRIGHTON,ST,,39.08199097,-84.49686414,0.163,6/8/2024 0:00,1131,2,2,0,0,O,CLEAR,DRY,1,OTHER INTERSECTION COLLISIONS,REAR END,STRAIGHT & LEVEL,DAYLIGHT,1,0,0,1
33368662,CAMPBELL,KY0709,StateRoute,,ALEXANDRIA,PIKE,E,38.9848108,-84.39797014,0.174,6/8/2024 0:00,735,2,2,0,0,O,CLEAR,DRY,0,1 VEHICLE ENTERING/LEAVING ENTRANCE,ANGLE,STRAIGHT & GRADE,DAYLIGHT,0,0,0,1
33364074,CAMPBELL,US0027,USRoute,,ALEXANDRIA,PIKE,,39.06349594,-84.45390977,18.89,6/8/2024 0:00,810,2,2,0,0,O,CLOUDY,DRY,0,SIDESWIPE COLLISION - SAME DIRECTION,SIDESWIPE-SAME DIRECTION,STRAIGHT & LEVEL,DAYLIGHT,0,0,0,1
33601010,CAMPBELL,KY0735,StateRoute,,SMITH,RD,,38.89005554,-84.24875179,0.977,6/8/2024 0:00,1116,2,2,0,0,O,CLOUDY,DRY,0,REAR END IN TRAFFIC LANES BOTH VEHICLES MOVING,REAR END,STRAIGHT & GRADE,DAYLIGHT,0,0,0,1
33359504,CAMPBELL,,OTHR,200,3RD,ST,W,39.09174704,-84.50039354,0.056,6/9/2024 0:00,1,2,2,0,0,O,CLEAR,DRY,0,1 VEHICLE ENTERING/LEAVING ENTRANCE,ANGLE,STRAIGHT & LEVEL,DARK-HWY LIGHTED/ON,0,0,0,1
33362096,CAMPBELL,KY1120,StateRoute,,11TH,ST,W,39.08380683,-84.4916384,0.531,6/9/2024 0:00,1901,2,2,0,0,O,CLEAR,DRY,0,OTHER INTERSECTION COLLISIONS,REAR END,STRAIGHT & LEVEL,DAYLIGHT,1,0,0,1
33361896,CAMPBELL,KY1120,StateRoute,,10TH,ST,E,39.0872307,-84.48883273,0.787,6/9/2024 0:00,1909,2,2,0,0,O,CLEAR,DRY,0,SIDESWIPE-SAME DIRECTION,SIDESWIPE-SAME DIRECTION,STRAIGHT & LEVEL,DAYLIGHT,0,0,0,1
33364075,CAMPBELL,,OTHR,,GLEN ROYAL,DR,,39.08862132,-84.45279939,0.037,6/9/2024 0:00,100,2,2,0,0,O,CLEAR,DRY,1,1 VEHICLE PARKED POSITION (NOT PARKING LOT/DRIVEWAY),REAR TO REAR,STRAIGHT & LEVEL,DARK-HWY LIGHTED/ON,0,0,0,1
33377296,CAMPBELL,,OTHR,304,5TH,AVE,,39.11154194,-84.47775423,0.995,6/9/2024 0:00,1012,2,2,0,0,O,CLEAR,DRY,1,1 VEHICLE PARKED POSITION (NOT PARKING LOT/DRIVEWAY),SIDESWIPE-SAME DIRECTION,STRAIGHT & LEVEL,DAYLIGHT,0,0,0,1
33364079,CAMPBELL,,OTHR,485,NEWMAN,AVE,,39.08685269,-84.4651926,0.802,6/9/2024 0:00,2300,1,1,0,0,O,CLEAR,DRY,1,COLLISION WITH FIXED OBJECT NON - INTERSECTION - FIRST EVENT COLLISION 09 - 32 EXCLUDING 16,SINGLE VEHICLE,CURVE & GRADE,DARK-HWY LIGHTED/ON,0,0,0,1
33363203,CAMPBELL,I 0275,Interstate,,,,,39.04435801,-84.4663696,0.08,6/9/2024 0:00,1440,2,2,0,0,O,CLEAR,DRY,1,OTHER RAMP RELATED COLLISIONS NOT LISTED ABOVE,SIDESWIPE-SAME DIRECTION,CURVE & LEVEL,DAYLIGHT,0,0,0,1
33368116,CAMPBELL,I 0471,Interstate,,I471 S,,,39.05225544,-84.46836552,0.663,6/10/2024 0:00,1411,1,1,0,0,O,CLOUDY,DRY,0,COLLISION WITH ANIMAL NON INTERSECTION,SINGLE VEHICLE,STRAIGHT & LEVEL,DAYLIGHT,0,0,0,1
33399284,CAMPBELL,,OTHR,,6TH,ST,E,39.09551813,-84.48630541,0.2,6/10/2024 0:00,1117,1,1,0,0,O,CLEAR,DRY,0,COLLISION WITH FIXED OBJECT NON - INTERSECTION - FIRST EVENT COLLISION 09 - 32 EXCLUDING 16,SINGLE VEHICLE,STRAIGHT & LEVEL,DAYLIGHT,0,0,0,1
33378861,CAMPBELL,,OTHR,,TREMONT,AVE,,39.07331671,-84.44931429,0.218,6/10/2024 0:00,34,2,2,0,0,O,CLEAR,DRY,0,1 VEHICLE PARKED POSITION (NOT PARKING LOT/DRIVEWAY),SIDESWIPE-SAME DIRECTION,STRAIGHT & LEVEL,DARK-HWY LIGHTED/ON,0,0,0,1
33363637,CAMPBELL,I 0275,Interstate,,I275 E,,,39.02782023,-84.47261607,76.553,6/10/2024 0:00,509,1,1,0,0,O,CLEAR,DRY,0,RAN OFF ROADWAY (1 VEHICLE WITH/EARTH EMBANKMENT/DITCH),SINGLE VEHICLE,CURVE & GRADE,DARK-HWY NOT LIGHTED,0,0,0,1
33385698,CAMPBELL,,OTHR,7728,TIMBERCREEK,DR,W,38.97490576,-84.38490921,,6/10/2024 0:00,815,2,2,0,0,O,CLEAR,DRY,1,1 VEHICLE PARKED POSITION (NOT PARKING LOT/DRIVEWAY),SIDESWIPE-SAME DIRECTION,STRAIGHT & LEVEL,DAYLIGHT,0,0,0,1
33374645,CAMPBELL,,OTHR,,CARMEL MANOR,DR,,39.06406188,-84.44487632,0.085,6/10/2024 0:00,1145,2,2,0,0,O,CLEAR,DRY,0,1 VEHICLE PARKED POSITION (NOT PARKING LOT/DRIVEWAY),BACKING,STRAIGHT & LEVEL,DAYLIGHT,0,0,0,1
33367105,CAMPBELL,,OTHR,,16TH,ST,,39.08290258,-84.48497327,0.167,6/10/2024 0:00,220,2,2,0,0,O,CLEAR,DRY,0,1 VEHICLE PARKED POSITION (NOT PARKING LOT/DRIVEWAY),SIDESWIPE-SAME DIRECTION,STRAIGHT & GRADE,DARK-HWY LIGHTED/ON,0,0,0,1
33385699,CAMPBELL,US0027,USRoute,,ALEXANDRIA,PIKE,,38.97376826,-84.39220073,11.152,6/10/2024 0:00,1420,2,2,0,1,C,CLOUDY,DRY,0,OPPOSING LEFT TURN,OPPOSING LEFT TURN,STRAIGHT & LEVEL,DAYLIGHT,0,0,0,1
33368148,CAMPBELL,KY1892,StateRoute,,GRAND,AVE,S,39.07543322,-84.46229897,1,6/10/2024 0:00,1215,2,2,0,0,O,CLEAR,DRY,0,OTHER INTERSECTION COLLISIONS,REAR END,STRAIGHT & LEVEL,DAYLIGHT,1,0,0,1
33365900,CAMPBELL,,OTHR,,NEWPORT PAVILION,,,39.08985404,-84.4761246,0.326,6/10/2024 0:00,1458,2,2,0,0,O,CLEAR,DRY,0,OTHER ROADWAY OR MID-BLOCK COLLISION,REAR TO REAR,STRAIGHT & LEVEL,DAYLIGHT,0,0,0,1
33375775,CAMPBELL,KY1892,StateRoute,,GRAND,AVE,,39.08530963,-84.47441331,1.972,6/11/2024 0:00,1700,2,2,0,0,O,CLEAR,DRY,0,REAR END IN TRAFFIC LANES BOTH VEHICLES MOVING,REAR END,STRAIGHT & GRADE,DAYLIGHT,0,0,0,1
33370547,CAMPBELL,I 0275,Interstate,,I275 E,,,39.02257955,-84.48910018,77.566,6/11/2024 0:00,844,2,2,0,0,O,CLEAR,DRY,0,REAR END IN TRAFFIC LANES BOTH VEHICLES MOVING,REAR END,STRAIGHT & LEVEL,DAYLIGHT,0,0,0,1
33373506,CAMPBELL,I 0471,Interstate,,I471 N,,,39.07349825,-84.46460822,2.289,6/11/2024 0:00,835,2,2,0,0,O,CLEAR,DRY,0,REAR END IN TRAFFIC LANES BOTH VEHICLES MOVING,REAR END,STRAIGHT & LEVEL,DAYLIGHT,0,0,0,1
33372713,CAMPBELL,I 0471,Interstate,5,I471 N,,,39.09981796,-84.49312351,4.827,6/11/2024 0:00,800,3,3,0,0,O,CLEAR,DRY,0,REAR END IN TRAFFIC LANES BOTH VEHICLES MOVING,REAR END,STRAIGHT & LEVEL,DAYLIGHT,0,0,0,1
33377236,CAMPBELL,KY0008,StateRoute,,5TH,ST,W,39.09089981,-84.49697982,0.452,6/11/2024 0:00,2233,3,3,0,0,O,CLEAR,DRY,0,SIDESWIPE-SAME DIRECTION,SIDESWIPE-SAME DIRECTION,STRAIGHT & LEVEL,DARK-HWY LIGHTED/ON,0,0,0,1
33379372,CAMPBELL,KY3490,StateRoute,,JOHNS HILL,RD,,39.02921243,-84.45798474,0.158,6/11/2024 0:00,1104,2,2,0,0,O,CLEAR,DRY,0,ANGLE COLLISION - OTHER,ANGLE,CURVE & GRADE,DAYLIGHT,0,0,0,1
33370651,CAMPBELL,,OTHR,,PATTERSON,ST,,39.08482345,-84.49751311,0.342,6/11/2024 0:00,1400,2,2,0,0,O,CLEAR,DRY,0,ANGLE COLLISION - OTHER,ANGLE,STRAIGHT & LEVEL,DAYLIGHT,0,0,0,1
33379226,CAMPBELL,,OTHR,1,LARISA,CT,,39.0334505,-84.43221799,0.017,6/11/2024 0:00,1500,2,2,0,0,O,CLEAR,DRY,0,1 VEHICLE PARKED POSITION (NOT PARKING LOT/DRIVEWAY),BACKING,STRAIGHT & LEVEL,DAYLIGHT,0,0,0,1
33373507,CAMPBELL,KY1120,StateRoute,,FT THOMAS,AVE,N,39.08088095,-84.44917066,4.06,6/11/2024 0:00,2000,1,1,0,0,O,CLEAR,DRY,0,COLLISION WITH ANIMAL NON INTERSECTION,SINGLE VEHICLE,STRAIGHT & LEVEL,DUSK,0,0,0,1
33373951,CAMPBELL,US0027,USRoute,,ALEXANDRIA,PIKE,,38.98327998,-84.39993062,12,6/11/2024 0:00,1505,2,2,0,0,O,CLEAR,DRY,0,OTHER ROADWAY OR MID-BLOCK COLLISION,REAR END,STRAIGHT & HILLCREST,DAYLIGHT,0,0,0,1
33400221,CAMPBELL,,OTHR,910,CLAYTON,CT,,39.09645237,-84.47619416,0.031,6/12/2024 0:00,1341,2,2,0,0,O,CLEAR,DRY,0,1 VEHICLE PARKED POSITION (NOT PARKING LOT/DRIVEWAY),SIDESWIPE-SAME DIRECTION,STRAIGHT & LEVEL,DAYLIGHT,0,0,0,1
33400224,CAMPBELL,,OTHR,611,TAYLOR,AVE,,39.09947969,-84.47725486,0.68,6/12/2024 0:00,1349,2,2,0,0,O,CLEAR,DRY,1,1 VEHICLE PARKED POSITION (NOT PARKING LOT/DRIVEWAY),SIDESWIPE-SAME DIRECTION,STRAIGHT & GRADE,DARK-HWY LIGHTED/ON,0,0,0,1
33381213,CAMPBELL,KY0010,StateRoute,,MAIN,ST,E,38.95831162,-84.38112821,2.054,6/12/2024 0:00,1342,2,2,0,0,O,CLEAR,DRY,0,OPPOSITE DIRECTION - BOTH VEHICLES GOING STRAIGHT AHEAD,SIDESWIPE-OPPOSITE DIRECTION,STRAIGHT & LEVEL,DAYLIGHT,0,0,0,1
33375257,CAMPBELL,KY0009,StateRoute,,LICKING,PIKE,,39.02545192,-84.48065332,17.956,6/12/2024 0:00,539,2,2,0,0,O,CLOUDY,DRY,0,REAR END IN TRAFFIC LANES BOTH VEHICLES MOVING,REAR END,STRAIGHT & LEVEL,DAWN,0,0,0,1
33415637,CAMPBELL,I 0471,Interstate,,I471 S,,,39.1001712,-84.49441151,4.899,6/12/2024 0:00,1754,3,3,0,0,O,CLEAR,DRY,0,SIDESWIPE COLLISION - SAME DIRECTION,SIDESWIPE-SAME DIRECTION,STRAIGHT & HILLCREST,DAYLIGHT,0,0,0,1
33375774,CAMPBELL,I 0471,Interstate,4,I471 S,,,39.09745641,-84.4854108,4.373,6/12/2024 0:00,1500,2,2,0,0,O,CLEAR,DRY,1,SIDESWIPE COLLISION - SAME DIRECTION,SIDESWIPE-SAME DIRECTION,STRAIGHT & LEVEL,DAYLIGHT,0,0,0,1
33379376,CAMPBELL,US0027,USRoute,,ALEXANDRIA,PIKE,,39.03697798,-84.45398122,16.733,6/12/2024 0:00,933,2,2,0,0,O,CLEAR,DRY,0,1 VEHICLE ENTERING/LEAVING ENTRANCE,ANGLE,STRAIGHT & LEVEL,DAYLIGHT,0,0,0,1
33390332,CAMPBELL,KY1892,StateRoute,,GRAND,AVE,,39.08542404,-84.47470251,1.985,6/12/2024 0:00,1723,2,2,0,0,O,CLOUDY,DRY,0,OTHER ROADWAY OR MID-BLOCK COLLISION,REAR END,STRAIGHT & GRADE,DAYLIGHT,0,0,0,1
33393457,CAMPBELL,I 0471,Interstate,,,,,39.06495481,-84.46482743,0.218,6/13/2024 0:00,1800,2,2,0,0,O,CLEAR,DRY,0,SIDESWIPE COLLISION - SAME DIRECTION,SIDESWIPE-SAME DIRECTION,STRAIGHT & HILLCREST,DAYLIGHT,0,0,0,1
33382380,CAMPBELL,KY0547,StateRoute,6595,FOUR MILE,RD,,38.9981172,-84.36323027,3.299,6/13/2024 0:00,1842,4,0,0,4,B,CLEAR,DRY,0,REAR END IN TRAFFIC LANES BOTH VEHICLES MOVING,REAR END,STRAIGHT & LEVEL,DAYLIGHT,0,0,0,1
33382800,CAMPBELL,I 0471,Interstate,,I471 S,,,39.05522339,-84.4695922,0.882,6/13/2024 0:00,756,1,1,0,0,O,CLEAR,DRY,0,OTHER COLLISIONS ON SHOULDER,SINGLE VEHICLE,CURVE & LEVEL,DAYLIGHT,0,0,0,1
33379362,CAMPBELL,,OTHR,2,PLUM,ST,,39.00885329,-84.47209076,0.134,6/13/2024 0:00,228,2,2,0,0,O,CLEAR,DRY,0,1 VEHICLE PARKED POSITION (NOT PARKING LOT/DRIVEWAY),BACKING,STRAIGHT & LEVEL,DARK-HWY LIGHTED/ON,0,0,0,1
33382382,CAMPBELL,KY0008,StateRoute,,MARY INGLES,HWY,,39.04787189,-84.42564557,8.68,6/13/2024 0:00,530,1,1,0,0,O,CLEAR,DRY,0,COLLISION WITH ANIMAL NON INTERSECTION,SINGLE VEHICLE,STRAIGHT & LEVEL,DAWN,0,0,0,1
33380211,CAMPBELL,KY1892,StateRoute,14,CAROTHERS,RD,,39.08445484,-84.48267143,2.489,6/13/2024 0:00,703,2,1,0,1,B,CLEAR,DRY,0,COLLISION WITH PEDESTRIAN NON - INTERSECTION,SINGLE VEHICLE,STRAIGHT & LEVEL,DAYLIGHT,0,0,1,0
33387359,CAMPBELL,KY0010,StateRoute,,FLAGG SPRINGS,PIKE,,38.91807594,-84.32364712,7.211,6/13/2024 0:00,1233,1,1,0,0,O,CLEAR,DRY,0,COLLISION WITH FIXED OBJECT NON - INTERSECTION - FIRST EVENT COLLISION 09 - 32 EXCLUDING 16,SINGLE VEHICLE,CURVE & LEVEL,DAYLIGHT,0,0,0,1
33477212,CAMPBELL,I 0471,Interstate,,,,,39.08182067,-84.46985302,0.335,6/13/2024 0:00,942,2,2,0,0,O,CLEAR,DRY,0,OTHER RAMP RELATED COLLISIONS NOT LISTED ABOVE,REAR END,CURVE & HILLCREST,DAYLIGHT,0,0,0,1
33380209,CAMPBELL,I 0471,Interstate,,I471 S,,,39.09936528,-84.49263882,4.789,6/13/2024 0:00,1208,1,1,0,0,O,CLEAR,DRY,0,OTHER ROADWAY OR MID-BLOCK COLLISION,SINGLE VEHICLE,STRAIGHT & LEVEL,DAYLIGHT,0,0,0,1
33399188,CAMPBELL,,OTHR,10,GREENWOOD,AVE,,39.07247409,-84.46053915,0.031,6/14/2024 0:00,1000,3,3,0,0,O,CLEAR,DRY,0,1 VEHICLE PARKED POSITION (NOT PARKING LOT/DRIVEWAY),REAR END,STRAIGHT & GRADE,DAYLIGHT,0,0,0,1
33386515,CAMPBELL,,OTHR,275,COLUMBIA,ST,,39.0926984,-84.49861471,0.114,6/14/2024 0:00,2030,2,2,0,0,O,CLEAR,DRY,1,1 VEHICLE PARKED POSITION (NOT PARKING LOT/DRIVEWAY),ANGLE,STRAIGHT & GRADE,DAYLIGHT,0,0,0,1
33384967,CAMPBELL,,OTHR,602,DAYTON,ST,,39.09155475,-84.49251069,0.03,6/14/2024 0:00,1537,2,2,0,0,O,CLEAR,DRY,0,1 VEHICLE PARKED POSITION (NOT PARKING LOT/DRIVEWAY),SIDESWIPE-OPPOSITE DIRECTION,STRAIGHT & LEVEL,DAYLIGHT,0,0,0,1
33398480,CAMPBELL,KY1120,StateRoute,,FT THOMAS,AVE,N,39.07906193,-84.44859828,4.196,6/14/2024 0:00,1210,2,2,0,0,O,CLEAR,DRY,0,1 VEHICLE PARKED POSITION (NOT PARKING LOT/DRIVEWAY),SIDESWIPE-SAME DIRECTION,STRAIGHT & LEVEL,DAYLIGHT,0,0,0,1
33387361,CAMPBELL,KY0154,StateRoute,,PEACH GROVE,RD,,38.85281865,-84.37347537,,6/14/2024 0:00,2312,1,1,0,0,O,CLEAR,DRY,0,RAN OFF ROADWAY (1 VEHICLE WITH/EARTH EMBANKMENT/DITCH),SINGLE VEHICLE,STRAIGHT & GRADE,DARK-HWY NOT LIGHTED,0,0,0,1
33406522,CAMPBELL,KY0709,StateRoute,,ALEXANDRIA,PIKE,E,38.98857314,-84.39529725,0.457,6/14/2024 0:00,1037,2,2,0,0,O,CLEAR,DRY,0,REAR END IN TRAFFIC LANES BOTH VEHICLES MOVING,REAR END,STRAIGHT & LEVEL,DAYLIGHT,0,0,0,1
33382027,CAMPBELL,KY0009,StateRoute,,AA,HWY,,39.02117234,-84.48120738,17.621,6/14/2024 0:00,214,2,2,0,0,O,CLOUDY,WET,0,OTHER ROADWAY OR MID-BLOCK COLLISION,OPPOSING LEFT TURN,STRAIGHT & LEVEL,DARK-HWY LIGHTED/ON,0,0,0,1
33390329,CAMPBELL,KY0008,StateRoute,400,DAVE COWENS,DR,,39.10108911,-84.48928647,1.382,6/15/2024 0:00,1600,2,2,0,0,O,CLEAR,DRY,0,REAR END IN TRAFFIC LANES BOTH VEHICLES MOVING,REAR END,STRAIGHT & LEVEL,DAYLIGHT,0,0,0,1
33390330,CAMPBELL,KY1892,StateRoute,30,CAROTHERS,RD,,39.08561307,-84.48003793,2.317,6/15/2024 0:00,1506,3,3,0,0,O,CLEAR,DRY,0,REAR END IN TRAFFIC LANES BOTH VEHICLES MOVING,REAR END,STRAIGHT & GRADE,DAYLIGHT,0,0,0,1
33400226,CAMPBELL,KY0008,StateRoute,,FAIRFIELD,AVE,,39.10899091,-84.47996838,2.127,6/15/2024 0:00,1201,2,2,0,0,O,CLEAR,DRY,0,COLLISION WITH PARKED VEHICLE,ANGLE,STRAIGHT & LEVEL,DAYLIGHT,0,0,0,1
33410047,CAMPBELL,KY0008,StateRoute,609,FAIRFIELD,AVE,,39.10826017,-84.48089149,2.055,6/15/2024 0:00,39,2,2,0,0,O,CLEAR,DRY,0,1 VEHICLE PARKED POSITION (NOT PARKING LOT/DRIVEWAY),ANGLE,STRAIGHT & LEVEL,DARK-HWY LIGHTED/ON,0,0,0,1
33395473,CAMPBELL,,OTHR,123,13TH,ST,W,39.08202841,-84.48929982,0.22,6/15/2024 0:00,1500,2,2,0,0,O,CLEAR,DRY,0,1 VEHICLE PARKED POSITION (NOT PARKING LOT/DRIVEWAY),SIDESWIPE-OPPOSITE DIRECTION,STRAIGHT & LEVEL,DAYLIGHT,0,0,0,1
33399187,CAMPBELL,,OTHR,41,ROB ROY,AVE,,39.08789978,-84.44676714,0.101,6/15/2024 0:00,1114,2,2,0,0,O,CLEAR,DRY,0,1 VEHICLE PARKED POSITION (NOT PARKING LOT/DRIVEWAY),ANGLE,STRAIGHT & GRADE,DAYLIGHT,0,0,0,1
33399285,CAMPBELL,KY0008X,StateRoute,425,6TH,AVE,,39.11214959,-84.47454089,1.856,6/15/2024 0:00,2356,2,2,0,0,O,CLEAR,DRY,1,1 VEHICLE PARKED POSITION (NOT PARKING LOT/DRIVEWAY),SIDESWIPE-SAME DIRECTION,STRAIGHT & LEVEL,DARK-HWY LIGHTED/ON,0,0,0,1
33429350,CAMPBELL,I 0471,Interstate,,,,,39.08543726,-84.47461352,0.215,6/15/2024 0:00,1500,2,2,0,0,O,CLOUDY,DRY,0,OTHER RAMP RELATED COLLISIONS NOT LISTED ABOVE,REAR END,CURVE & LEVEL,DAYLIGHT,0,0,0,1
33402720,CAMPBELL,KY0008X,StateRoute,,6TH,AVE,,39.10901129,-84.47997163,1.497,6/16/2024 0:00,1530,2,2,0,0,O,CLEAR,DRY,0,ANGLE COLLISION - OTHER,ANGLE,STRAIGHT & LEVEL,DAYLIGHT,0,0,0,1
33398748,CAMPBELL,US0027,USRoute,,ALEXANDRIA,PIKE,,39.03601542,-84.45404877,16.678,6/16/2024 0:00,1948,2,2,0,1,B,CLEAR,DRY,0,HEAD-ON COLLISION,HEAD ON,STRAIGHT & LEVEL,DAYLIGHT,0,0,0,1
33412867,CAMPBELL,KY0010,StateRoute,,MAIN,ST,E,38.94559944,-84.36521869,,6/16/2024 0:00,2226,1,1,0,0,O,CLEAR,DRY,0,OTHER COLLISIONS ON SHOULDER,SINGLE VEHICLE,CURVE & GRADE,DARK-HWY NOT LIGHTED,0,0,0,1
33397888,CAMPBELL,KY0154,StateRoute,,PEACH GROVE,RD,,38.84981597,-84.36432239,,6/16/2024 0:00,1230,2,2,0,0,O,CLEAR,DRY,0,SIDESWIPE COLLISION - OPPOSITE DIRECTION,SIDESWIPE-OPPOSITE DIRECTION,CURVE & LEVEL,DAYLIGHT,0,0,0,1
33409682,CAMPBELL,I 0471,Interstate,,I471 N,,,39.10060428,-84.49458634,4.923,6/17/2024 0:00,1645,7,7,0,0,O,CLEAR,DRY,0,REAR END IN TRAFFIC LANES BOTH VEHICLES MOVING,REAR END,STRAIGHT & LEVEL,DAYLIGHT,0,0,0,1
33730379,CAMPBELL,US0027,USRoute,1900,MONMOUTH,ST,,39.07921634,-84.48059945,20.836,6/17/2024 0:00,1430,2,2,0,2,B,CLEAR,DRY,0,HEAD-ON COLLISION,HEAD ON,STRAIGHT & GRADE,DAYLIGHT,0,0,0,1
33422040,CAMPBELL,,OTHR,,SUNSET,DR,,39.03930248,-84.46242439,0.129,6/17/2024 0:00,550,2,2,0,0,O,CLEAR,DRY,0,ANGLE COLLISION - OTHER,ANGLE,CURVE & GRADE,DUSK,0,0,0,1
33400237,CAMPBELL,,OTHR,,BONNIE LESLIE,AVE,,39.09443144,-84.47690031,0.357,6/17/2024 0:00,1757,2,2,0,0,O,CLEAR,DRY,0,OTHER INTERSECTION COLLISIONS,REAR END,STRAIGHT & GRADE,DAYLIGHT,1,0,0,1
33399189,CAMPBELL,KY1120,StateRoute,2400,MEMORIAL,PKWY,,39.08358688,-84.45077685,3.841,6/17/2024 0:00,1157,2,2,0,0,O,CLEAR,DRY,0,1 VEHICLE PARKED POSITION (NOT PARKING LOT/DRIVEWAY),BACKING,STRAIGHT & LEVEL,DAYLIGHT,0,0,0,1
33400254,CAMPBELL,I 0471,Interstate,,I-471 SOUTH,,,39.08542953,-84.4743649,0.203,6/18/2024 0:00,1259,2,2,0,0,O,CLEAR,DRY,0,OTHER RAMP RELATED COLLISIONS NOT LISTED ABOVE,REAR END,CURVE & HILLCREST,DAYLIGHT,0,0,0,1
33401789,CAMPBELL,I 0471,Interstate,,,,,39.08545646,-84.47460887,0.214,6/18/2024 0:00,1821,2,2,0,0,O,CLEAR,DRY,0,OTHER RAMP RELATED COLLISIONS NOT LISTED ABOVE,REAR END,CURVE & GRADE,DAYLIGHT,0,0,0,1
33477976,CAMPBELL,US0027,USRoute,,ALEXANDRIA,PIKE,,39.03139259,-84.45203627,16.332,6/18/2024 0:00,1526,2,2,0,0,O,CLEAR,DRY,0,OTHER INTERSECTION COLLISIONS,REAR END,STRAIGHT & LEVEL,DAYLIGHT,1,0,0,1
33400230,CAMPBELL,KY0008,StateRoute,,FAIRFIELD,AVE,,39.10792595,-84.48128519,2.022,6/18/2024 0:00,744,2,2,0,0,O,CLEAR,DRY,1,ANGLE COLLISION - OTHER,ANGLE,STRAIGHT & LEVEL,DAYLIGHT,0,0,0,1
33401786,CAMPBELL,I 0471,Interstate,,I471 N,,,39.09959358,-84.49267909,4.799,6/18/2024 0:00,1722,2,2,0,0,O,CLEAR,DRY,0,REAR END IN TRAFFIC LANES BOTH VEHICLES MOVING,REAR END,STRAIGHT & LEVEL,DAYLIGHT,0,0,0,1
33437986,CAMPBELL,KY0008,StateRoute,,FAIRFIELD,AVE,,39.104777,-84.48509763,1.726,6/18/2024 0:00,1720,2,2,0,0,O,CLEAR,DRY,0,REAR END IN TRAFFIC LANES BOTH VEHICLES MOVING,REAR END,STRAIGHT & LEVEL,DAYLIGHT,0,0,0,1
33402865,CAMPBELL,,OTHR,,FENDER,RD,,38.99562198,-84.32111553,2.144,6/18/2024 0:00,1217,2,2,0,0,O,CLEAR,DRY,0,SIDESWIPE COLLISION - OPPOSITE DIRECTION,SIDESWIPE-OPPOSITE DIRECTION,CURVE & LEVEL,DAYLIGHT,0,0,0,1