IncidentID,County,RdwyNumber,RdwyType,Street,RoadwayName,StreetSfx,StreetDir,Latitude,Longitude,Milepoint,CollisionDate,CollisionTime,UnitsInvolved,MotorVehiclesInvolved,NumberKilled,NumberInjured,KABCO,Weather,RdwyConditionCode,HitandRun,DirAnalysisCode,MannerofCollision,RdwyCharacter,LightCondition,Intersection Crash,Bicyclist,Pedestrian,Motor Vehicles
33404331,CAMPBELL,KY1120,StateRoute,,MEMORIAL,PKWY,,39.09272955,-84.47857326,1.491,6/19/2024 0:00,1411,2,2,0,0,O,CLEAR,DRY,0,1 VEHICLE ENTERING/LEAVING ENTRANCE,ANGLE,STRAIGHT & LEVEL,DAYLIGHT,0,0,0,1
33416467,CAMPBELL,KY0008X,StateRoute,136,6TH,AVE,,39.10972493,-84.47857301,1.583,6/19/2024 0:00,1130,2,2,0,0,O,CLOUDY,DRY,0,1 VEHICLE ENTERING/LEAVING ENTRANCE,ANGLE,STRAIGHT & LEVEL,DAYLIGHT,0,0,0,1
33436083,CAMPBELL,US0027,USRoute,,ALEXANDRIA,PIKE,,39.06737738,-84.46594551,19.663,6/19/2024 0:00,2154,2,2,0,0,O,CLEAR,DRY,0,OTHER ROADWAY OR MID-BLOCK COLLISION,OPPOSING LEFT TURN,STRAIGHT & LEVEL,DARK-HWY LIGHTED/ON,0,0,0,1
33416425,CAMPBELL,I 0471,Interstate,,I471 N,,,39.10129368,-84.49602422,5.014,6/19/2024 0:00,1635,3,3,0,0,O,CLEAR,DRY,0,REAR END IN TRAFFIC LANES BOTH VEHICLES MOVING,REAR END,STRAIGHT & LEVEL,DAYLIGHT,0,0,0,1
33417712,CAMPBELL,KY0008,StateRoute,,FAIRFIELD,AVE,,39.10790392,-84.48134117,2.02,6/19/2024 0:00,1255,2,2,0,0,O,CLEAR,DRY,0,ANGLE COLLISION - OTHER,ANGLE,STRAIGHT & LEVEL,DAYLIGHT,0,0,0,1
33420345,CAMPBELL,,OTHR,,PLEASANT RIDGE,RD,,38.91624409,-84.40124852,6.065,6/19/2024 0:00,1723,2,2,0,0,O,CLOUDY,DRY,0,ANGLE COLLISION - OTHER,ANGLE,CURVE & LEVEL,DAYLIGHT,0,0,0,1
33422036,CAMPBELL,US0027,USRoute,,ALEXANDRIA,PIKE,,39.02895696,-84.45062482,16.15,6/19/2024 0:00,1743,2,2,0,0,O,CLEAR,DRY,0,VEHICLE BACKING IN INTERSECTION,BACKING,STRAIGHT & LEVEL,DAYLIGHT,1,0,0,1
33406451,CAMPBELL,KY0009,StateRoute,1041,CENTRAL,AVE,,39.08369892,-84.49248215,22.468,6/19/2024 0:00,2022,2,2,0,0,O,CLEAR,DRY,0,1 VEHICLE PARKED POSITION (NOT PARKING LOT/DRIVEWAY),REAR END,STRAIGHT & LEVEL,DAYLIGHT,0,0,0,1
33491844,CAMPBELL,I 0471,Interstate,,,,,39.08540938,-84.47465119,0.218,6/20/2024 0:00,1300,2,2,0,0,O,CLOUDY,DRY,0,OTHER RAMP RELATED COLLISIONS NOT LISTED ABOVE,REAR END,CURVE & GRADE,DAYLIGHT,0,0,0,1
33409679,CAMPBELL,I 0471,Interstate,,,,,39.0986461,-84.4904901,0.299,6/20/2024 0:00,1150,1,1,0,0,O,CLOUDY,DRY,0,COLLISION WITH FIXED OBJECT NOT IN GORE ,SINGLE VEHICLE,CURVE & HILLCREST,DAYLIGHT,0,0,0,1
33413294,CAMPBELL,,OTHR,253,ROSEMONT,AVE,,39.09471542,-84.45191409,0.051,6/20/2024 0:00,1541,2,2,0,0,O,CLEAR,DRY,0,1 VEHICLE PARKED POSITION (NOT PARKING LOT/DRIVEWAY),HEAD ON,STRAIGHT & LEVEL,DAYLIGHT,0,0,0,1
33502933,CAMPBELL,KY0008,StateRoute,,FAIRFIELD,AVE,,39.10181429,-84.48867419,1.446,6/20/2024 0:00,1720,2,2,0,0,O,CLEAR,DRY,0,ANGLE COLLISION - OTHER,ANGLE,STRAIGHT & LEVEL,DAYLIGHT,0,0,0,1
33412608,CAMPBELL,,OTHR,100,5TH,ST,E,39.09314818,-84.49294388,0.083,6/20/2024 0:00,949,2,2,0,0,O,CLEAR,DRY,0,ANGLE COLLISION - OTHER,ANGLE,STRAIGHT & LEVEL,DAYLIGHT,0,0,0,1
33413984,CAMPBELL,I 0471,Interstate,,I471 N,,,39.08352836,-84.47215935,3.121,6/20/2024 0:00,913,2,2,0,0,O,CLOUDY,DRY,0,REAR END IN TRAFFIC LANES BOTH VEHICLES MOVING,REAR END,STRAIGHT & LEVEL,DAYLIGHT,0,0,0,1
33414045,CAMPBELL,,OTHR,10,13TH,ST,W,39.08310387,-84.4878678,0.113,6/20/2024 0:00,1706,2,2,0,0,O,CLEAR,DRY,0,SIDESWIPE COLLISION - OPPOSITE DIRECTION,SIDESWIPE-OPPOSITE DIRECTION,STRAIGHT & LEVEL,DAYLIGHT,0,0,0,1
33415636,CAMPBELL,I 0471,Interstate,,I471 N,,,39.09831298,-84.48962462,4.609,6/21/2024 0:00,1822,2,2,0,0,O,CLEAR,DRY,0,REAR END IN TRAFFIC LANES BOTH VEHICLES MOVING,REAR END,STRAIGHT & LEVEL,DAYLIGHT,0,0,0,1
33467974,CAMPBELL,US0027,USRoute,,TAYLOR SOUTHGATE,BRG,,39.0935928,-84.49775394,22.308,6/21/2024 0:00,2255,2,2,0,0,O,CLEAR,DRY,1,REAR END IN TRAFFIC LANES BOTH VEHICLES MOVING,REAR END,CURVE & GRADE,DARK-HWY LIGHTED/ON,0,0,0,1
33425738,CAMPBELL,US0027,USRoute,,ALEXANDRIA,PIKE,,38.86427865,-84.39251587,3.383,6/21/2024 0:00,1801,2,2,0,2,B,CLEAR,DRY,0,ANGLE COLLISION - OTHER,ANGLE,STRAIGHT & HILLCREST,DAYLIGHT,0,0,0,1
33425734,CAMPBELL,KY0010,StateRoute,,FLAGG SPRINGS,PIKE,,38.88757013,-84.26787563,11.449,6/21/2024 0:00,421,1,1,0,1,A,CLEAR,DRY,0,COLLISION WITH FIXED OBJECT NON - INTERSECTION - FIRST EVENT COLLISION 09 - 32 EXCLUDING 16,SINGLE VEHICLE,STRAIGHT & LEVEL,DARK-HWY NOT LIGHTED,0,0,0,1
33411496,CAMPBELL,US0027,USRoute,1900,MONMOUTH,ST,,39.07927921,-84.48066098,20.852,6/21/2024 0:00,25,1,1,0,0,O,CLEAR,DRY,0,COLLISION WITH FIXED OBJECT NON - INTERSECTION - FIRST EVENT COLLISION 09 - 32 EXCLUDING 16,SINGLE VEHICLE,STRAIGHT & LEVEL,DARK-HWY LIGHTED/ON,0,0,0,1
33413374,CAMPBELL,US0027,USRoute,,ALEXANDRIA,PIKE,,38.95645342,-84.39330066,9.965,6/21/2024 0:00,49,1,1,0,0,O,CLEAR,DRY,0,COLLISION WITH ANIMAL NON INTERSECTION,SINGLE VEHICLE,STRAIGHT & LEVEL,DARK-HWY NOT LIGHTED,0,0,0,1
33420563,CAMPBELL,US0027,USRoute,,ALEXANDRIA,PIKE,,39.00428142,-84.42457463,13.937,6/22/2024 0:00,1550,2,2,0,0,O,CLEAR,DRY,0,OTHER ROADWAY OR MID-BLOCK COLLISION,REAR END,STRAIGHT & GRADE,DAYLIGHT,0,0,0,1
33447816,CAMPBELL,,OTHR,186,RETREAT,ST,,39.10108084,-84.47998195,0.133,6/22/2024 0:00,1430,2,2,0,0,O,CLEAR,DRY,0,SIDESWIPE COLLISION - SAME DIRECTION,SIDESWIPE-SAME DIRECTION,STRAIGHT & LEVEL,DAYLIGHT,0,0,0,1
33425456,CAMPBELL,I 0275,Interstate,,I275 E,,,39.05627744,-84.43235161,73.308,6/22/2024 0:00,1907,2,2,0,0,O,CLEAR,DRY,0,REAR END IN TRAFFIC LANES BOTH VEHICLES MOVING,REAR END,STRAIGHT & LEVEL,DAYLIGHT,0,0,0,1
33421249,CAMPBELL,I 0471,Interstate,,I471 S,,,39.09829852,-84.49022143,4.639,6/23/2024 0:00,1848,2,2,0,0,O,CLEAR,DRY,1,SIDESWIPE COLLISION - SAME DIRECTION,SIDESWIPE-SAME DIRECTION,STRAIGHT & LEVEL,DAYLIGHT,0,0,0,1
33428727,CAMPBELL,KY0009,StateRoute,,LICKING,PIKE,,39.02513258,-84.48051334,17.932,6/23/2024 0:00,1229,2,2,0,0,O,CLOUDY,DRY,0,1 VEHICLE ENTERING/LEAVING ENTRANCE,ANGLE,STRAIGHT & LEVEL,DAYLIGHT,0,0,0,1
33420344,CAMPBELL,KY1998,StateRoute,,INDUSTRIAL,RD,,39.04377016,-84.42062084,3.907,6/23/2024 0:00,1534,2,2,0,0,O,CLEAR,DRY,0,OTHER ROADWAY OR MID-BLOCK COLLISION,REAR END,STRAIGHT & GRADE,DAYLIGHT,0,0,0,1
33424412,CAMPBELL,I 0471,Interstate,,,,,39.08542688,-84.47454758,0.212,6/24/2024 0:00,1149,2,2,0,0,O,CLEAR,DRY,0,OTHER RAMP RELATED COLLISIONS NOT LISTED ABOVE,REAR END,CURVE & LEVEL,DAYLIGHT,0,0,0,1
33426441,CAMPBELL,I 0471,Interstate,,,,,39.08186871,-84.46970159,0.344,6/24/2024 0:00,1726,2,2,0,0,O,CLEAR,DRY,0,OTHER RAMP RELATED COLLISIONS NOT LISTED ABOVE,REAR END,CURVE & GRADE,DAYLIGHT,0,0,0,1
33424411,CAMPBELL,US0027,USRoute,,MONMOUTH,ST,,39.09251212,-84.49442802,22.045,6/24/2024 0:00,1246,2,2,0,0,O,CLEAR,DRY,1,COLLISION WITH PARKED VEHICLE,BACKING,STRAIGHT & LEVEL,DAYLIGHT,0,0,0,1
33431686,CAMPBELL,KY0009,StateRoute,,AA,HWY,,39.00983555,-84.46942108,16.52,6/25/2024 0:00,1020,2,2,0,0,O,CLEAR,DRY,0,OTHER INTERSECTION COLLISIONS,REAR END,STRAIGHT & LEVEL,DAYLIGHT,1,0,0,1
33444844,CAMPBELL,KY0009,StateRoute,,AA,HWY,,38.86664255,-84.26268352,0.321,6/25/2024 0:00,1025,1,1,0,0,O,CLEAR,DRY,0,COLLISION WITH FIXED OBJECT NON - INTERSECTION - FIRST EVENT COLLISION 09 - 32 EXCLUDING 16,SINGLE VEHICLE,CURVE & GRADE,DAYLIGHT,0,0,0,1
33432375,CAMPBELL,,OTHR,10,BOARDWALK,AVE,,39.08694835,-84.46455996,0.031,6/25/2024 0:00,713,2,2,0,0,O,CLEAR,DRY,1,1 VEHICLE PARKED POSITION (NOT PARKING LOT/DRIVEWAY),BACKING,STRAIGHT & GRADE,DAWN,0,0,0,1
33431032,CAMPBELL,,OTHR,160,NEWPORT PAVILION,,,39.08987098,-84.47617966,0.324,6/25/2024 0:00,1715,2,2,0,0,O,CLEAR,DRY,1,1 VEHICLE PARKED POSITION (NOT PARKING LOT/DRIVEWAY),SIDESWIPE-OPPOSITE DIRECTION,STRAIGHT & LEVEL,DAYLIGHT,0,0,0,1
33434116,CAMPBELL,I 0471,Interstate,5,I471 N,,,39.10010877,-84.49367095,4.863,6/25/2024 0:00,1800,2,2,0,0,O,CLEAR,DRY,1,SIDESWIPE COLLISION - SAME DIRECTION,SIDESWIPE-SAME DIRECTION,STRAIGHT & LEVEL,DAYLIGHT,0,0,0,1
33438040,CAMPBELL,I 0275,Interstate,,I275 E,,,39.05653069,-84.43170412,73.27,6/25/2024 0:00,1820,2,2,0,0,O,CLEAR,DRY,1,REAR END IN TRAFFIC LANES BOTH VEHICLES MOVING,REAR END,STRAIGHT & LEVEL,DAYLIGHT,0,0,0,1
33429361,CAMPBELL,I 0471,Interstate,,,,,39.08543842,-84.47440753,0.204,6/25/2024 0:00,1630,2,2,0,0,O,CLOUDY,DRY,0,OTHER RAMP RELATED COLLISIONS NOT LISTED ABOVE,REAR END,CURVE & GRADE,DAYLIGHT,0,0,0,1
33451580,CAMPBELL,I 0275,Interstate,,,,,39.04314198,-84.45777394,0.405,6/25/2024 0:00,1255,1,1,0,2,B,CLEAR,DRY,0,COLLISION WITH FIXED OBJECT NOT IN GORE ,SINGLE VEHICLE,STRAIGHT & GRADE,DAYLIGHT,0,0,0,1
33435600,CAMPBELL,I 0471,Interstate,,,,,39.09284015,-84.47906268,0.195,6/26/2024 0:00,1947,2,2,0,0,O,CLOUDY,WET,0,OTHER RAMP RELATED COLLISIONS NOT LISTED ABOVE,REAR END,CURVE & GRADE,DAYLIGHT,0,0,0,1
33436513,CAMPBELL,US0027,USRoute,,,,,39.00264791,-84.41969579,0.294,6/26/2024 0:00,2009,1,1,0,0,O,CLOUDY,WET,0,OVERTURNED ON RAMP,SINGLE VEHICLE,CURVE & LEVEL,DAYLIGHT,0,0,0,1
33435601,CAMPBELL,I 0471,Interstate,,I471 N,,,39.09210829,-84.47673347,3.767,6/26/2024 0:00,1947,1,1,0,0,O,RAINING,WET,0,OTHER ROADWAY OR MID-BLOCK COLLISION,SINGLE VEHICLE,STRAIGHT & LEVEL,DAYLIGHT,0,0,0,1
33447308,CAMPBELL,I 0275,Interstate,,I275 E,,,39.02346843,-84.4808431,77.093,6/26/2024 0:00,750,2,2,0,0,O,CLOUDY,DRY,1,SIDESWIPE COLLISION - SAME DIRECTION,SIDESWIPE-SAME DIRECTION,STRAIGHT & GRADE,DAYLIGHT,0,0,0,1
33433744,CAMPBELL,KY0009,StateRoute,,AA,HWY,,38.96657656,-84.35088728,9.228,6/26/2024 0:00,942,2,2,0,0,O,CLOUDY,DRY,0,OPPOSITE DIRECTION - BOTH VEHICLES GOING STRAIGHT AHEAD,SIDESWIPE-OPPOSITE DIRECTION,STRAIGHT & LEVEL,DAYLIGHT,0,0,0,1
33437810,CAMPBELL,US0027,USRoute,,11TH,ST,E,39.08535641,-84.48887681,21.553,6/27/2024 0:00,1258,2,2,0,0,O,CLEAR,DRY,0,OTHER INTERSECTION COLLISIONS,REAR END,STRAIGHT & LEVEL,DAYLIGHT,1,0,0,1
33441237,CAMPBELL,,OTHR,138,NEWPORT PAVILION,,,39.09012015,-84.47630069,0.305,6/27/2024 0:00,1651,2,2,0,0,O,CLEAR,DRY,0,1 VEHICLE PARKED POSITION (NOT PARKING LOT/DRIVEWAY),HEAD ON,STRAIGHT & LEVEL,DAYLIGHT,0,0,0,1
33436650,CAMPBELL,US0027,USRoute,,ALEXANDRIA,PIKE,,38.9822586,-84.39777213,11.865,6/27/2024 0:00,733,2,2,0,0,O,CLEAR,DRY,0,OTHER INTERSECTION COLLISIONS,REAR END,STRAIGHT & LEVEL,DAYLIGHT,1,0,0,1
33444835,CAMPBELL,KY0009,StateRoute,,AA,HWY,,38.88773061,-84.26633766,1.902,6/27/2024 0:00,620,1,1,0,0,O,FOG,DRY,0,COLLISION WITH ANIMAL NON INTERSECTION,SINGLE VEHICLE,STRAIGHT & LEVEL,DAWN,0,0,0,1
33447100,CAMPBELL,US0027,USRoute,,ALEXANDRIA,PIKE,,38.87027615,-84.39432888,3.822,6/27/2024 0:00,7,1,1,0,0,O,CLEAR,DRY,0,COLLISION WITH ANIMAL NON INTERSECTION,SINGLE VEHICLE,STRAIGHT & LEVEL,DUSK,0,0,0,1
33444248,CAMPBELL,US0027,USRoute,,ALEXANDRIA,PIKE,,39.00583706,-84.42658418,14.084,6/27/2024 0:00,643,2,2,0,0,O,CLEAR,DRY,0,REAR END IN TRAFFIC LANES BOTH VEHICLES MOVING,REAR END,STRAIGHT & LEVEL,DAWN,0,0,0,1
33441292,CAMPBELL,KY1120,StateRoute,,FT THOMAS,AVE,S,39.06131976,-84.44987541,5.641,6/27/2024 0:00,1935,2,2,0,0,O,CLEAR,DRY,1,SIDESWIPE COLLISION - SAME DIRECTION,SIDESWIPE-SAME DIRECTION,STRAIGHT & LEVEL,DAYLIGHT,0,0,0,1
33437811,CAMPBELL,I 0471,Interstate,,,,,39.08642442,-84.47423935,0.131,6/27/2024 0:00,1146,2,2,0,0,O,CLEAR,DRY,0,OTHER RAMP RELATED COLLISIONS NOT LISTED ABOVE,REAR END,STRAIGHT & LEVEL,DAYLIGHT,0,0,0,1
33443941,CAMPBELL,I 0471,Interstate,,,,,39.08544986,-84.4745425,0.211,6/28/2024 0:00,2004,2,2,0,0,O,CLEAR,DRY,0,OTHER RAMP RELATED COLLISIONS NOT LISTED ABOVE,REAR END,CURVE & GRADE,DAYLIGHT,0,0,0,1
33442167,CAMPBELL,US0027,USRoute,,MONMOUTH,ST,,39.08734637,-84.48897137,21.561,6/28/2024 0:00,953,2,2,0,0,O,CLEAR,DRY,0,SIDESWIPE COLLISION - SAME DIRECTION,SIDESWIPE-SAME DIRECTION,STRAIGHT & LEVEL,DAYLIGHT,0,0,0,1
33447098,CAMPBELL,US0027,USRoute,,ALEXANDRIA,PIKE,,38.94451928,-84.39384048,9.136,6/28/2024 0:00,2140,2,2,0,0,O,CLOUDY,DRY,0,SIDESWIPE COLLISION - SAME DIRECTION,SIDESWIPE-SAME DIRECTION,STRAIGHT & LEVEL,DARK-HWY NOT LIGHTED,0,0,0,1
33442882,CAMPBELL,I 0471,Interstate,,I471 S,,,39.09346355,-84.47863591,3.914,6/28/2024 0:00,1146,2,2,0,0,O,CLEAR,DRY,0,SIDESWIPE COLLISION - SAME DIRECTION,SIDESWIPE-SAME DIRECTION,STRAIGHT & LEVEL,DAYLIGHT,0,0,0,1
33458724,CAMPBELL,,OTHR,,KENTON,DR,,39.03434636,-84.46511293,0.477,6/28/2024 0:00,902,2,2,0,2,C,CLEAR,DRY,0,REAR END IN TRAFFIC LANES BOTH VEHICLES MOVING,REAR END,STRAIGHT & GRADE,DAYLIGHT,0,0,0,1
33451582,CAMPBELL,US0027,USRoute,,ALEXANDRIA,PIKE,,39.03122415,-84.4518903,16.318,6/28/2024 0:00,1224,2,2,0,0,O,CLEAR,DRY,0,REAR END IN TRAFFIC LANES BOTH VEHICLES MOVING,REAR END,STRAIGHT & LEVEL,DAYLIGHT,0,0,0,1
33447309,CAMPBELL,KY0009,StateRoute,,AA,HWY,,39.02073883,-84.48127185,17.59,6/28/2024 0:00,732,2,2,0,0,O,CLEAR,DRY,0,REAR END IN TRAFFIC LANES BOTH VEHICLES MOVING,REAR END,STRAIGHT & LEVEL,DAYLIGHT,0,0,0,1
33448557,CAMPBELL,US0027,USRoute,,ALEXANDRIA,PIKE,,38.85520684,-84.38469463,2.628,6/28/2024 0:00,1451,2,2,0,0,O,CLEAR,DRY,0,OCCUPANT FELL FROM MOVING VEHICLE,REAR END,STRAIGHT & LEVEL,DAYLIGHT,0,0,0,1
33452596,CAMPBELL,US0027,USRoute,,ALEXANDRIA,PIKE,,38.93804488,-84.39422352,8.688,6/28/2024 0:00,2214,1,1,0,0,O,CLEAR,DRY,0,COLLISION WITH ANIMAL NON INTERSECTION,SINGLE VEHICLE,STRAIGHT & LEVEL,DARK-HWY NOT LIGHTED,0,0,0,1
33447096,CAMPBELL,,OTHR,,TARVIN,RD,,38.88831124,-84.39999015,0.473,6/28/2024 0:00,2344,1,1,0,1,A,CLEAR,DRY,0,RAN OFF ROADWAY (1 VEHICLE WITH/EARTH EMBANKMENT/DITCH),SINGLE VEHICLE,STRAIGHT & LEVEL,DUSK,0,0,0,1
33448555,CAMPBELL,KY0008,StateRoute,,MARY INGLES,HWY,,38.95184587,-84.29352758,19.358,6/28/2024 0:00,1632,2,2,0,0,O,CLEAR,DRY,1,OTHER INTERSECTION COLLISIONS,REAR END,STRAIGHT & LEVEL,DAYLIGHT,1,0,0,1
33451581,CAMPBELL,,OTHR,5038,WINTERS,LN,,39.03324405,-84.4384533,0.809,6/29/2024 0:00,40,2,2,0,0,O,CLEAR,DRY,0,1 VEHICLE PARKED POSITION (NOT PARKING LOT/DRIVEWAY),BACKING,CURVE & GRADE,DARK-HWY NOT LIGHTED,0,0,0,1
33445387,CAMPBELL,US0027,USRoute,827,MONMOUTH,ST,,39.08912812,-84.49119775,21.753,6/29/2024 0:00,1405,2,2,0,0,O,RAINING,WET,0,1 VEHICLE PARKED POSITION (NOT PARKING LOT/DRIVEWAY),SIDESWIPE-SAME DIRECTION,STRAIGHT & LEVEL,DAYLIGHT,0,0,0,1
33455692,CAMPBELL,,OTHR,,PETE NEISER,ST,,38.96182964,-84.39116109,0.089,6/29/2024 0:00,1855,1,1,0,0,O,RAINING,WET,0,COLLISION WITH NON-FIXED OBJECT ,SINGLE VEHICLE,STRAIGHT & GRADE,DAYLIGHT,0,0,0,1
33444453,CAMPBELL,US0027,USRoute,,MONMOUTH,ST,,39.08219305,-84.48219778,21.058,6/29/2024 0:00,131,1,1,0,0,O,CLEAR,DRY,0,COLLISION WITH FIXED OBJECT NON - INTERSECTION - FIRST EVENT COLLISION 09 - 32 EXCLUDING 16,SINGLE VEHICLE,STRAIGHT & GRADE,DARK-HWY LIGHTED/ON,0,0,0,1
33447447,CAMPBELL,I 0471,Interstate,,I471 N,,,39.09085408,-84.47591908,3.67,6/29/2024 0:00,1837,1,1,0,1,C,RAINING,WET,0,COLLISION WITH FIXED OBJECT NON - INTERSECTION - FIRST EVENT COLLISION 09 - 32 EXCLUDING 16,SINGLE VEHICLE,STRAIGHT & LEVEL,DAYLIGHT,0,0,0,1
33447449,CAMPBELL,,OTHR,,SARATOGA,ST,,39.09320217,-84.49296618,0.569,6/29/2024 0:00,2036,1,1,0,0,O,CLOUDY,DRY,0,COLLISION WITH FIXED OBJECT NON - INTERSECTION - FIRST EVENT COLLISION 09 - 32 EXCLUDING 16,SINGLE VEHICLE,STRAIGHT & LEVEL,DAYLIGHT,0,0,0,1
33447147,CAMPBELL,KY0009,StateRoute,,LICKING,PIKE,,39.04933504,-84.48964681,19.722,6/29/2024 0:00,2230,2,2,0,0,O,CLEAR,DRY,1,SIDESWIPE COLLISION - SAME DIRECTION,SIDESWIPE-SAME DIRECTION,STRAIGHT & LEVEL,DARK-HWY LIGHTED/ON,0,0,0,1
33618895,CAMPBELL,I 0471,Interstate,,,,,39.08543028,-84.47444629,0.207,6/29/2024 0:00,1500,2,2,0,0,O,CLEAR,DRY,0,OTHER RAMP RELATED COLLISIONS NOT LISTED ABOVE,REAR END,STRAIGHT & LEVEL,DAYLIGHT,0,0,0,1
33449044,CAMPBELL,I 0471,Interstate,,,,,39.09291873,-84.47893162,0.186,6/30/2024 0:00,1600,1,1,0,0,O,CLEAR,DRY,0,COLLISION WITH FIXED OBJECT NOT IN GORE ,SINGLE VEHICLE,CURVE & HILLCREST,DAYLIGHT,0,0,0,1
33455688,CAMPBELL,KY0009,StateRoute,,AA,HWY,,38.98870979,-84.39519796,12.131,6/30/2024 0:00,1357,2,2,0,0,O,CLEAR,DRY,0,ANGLE COLLISION - OTHER,ANGLE,STRAIGHT & LEVEL,DAYLIGHT,0,0,0,1
33452330,CAMPBELL,,OTHR,147,HOLIDAY,LN,,39.06873411,-84.46123863,0.271,6/30/2024 0:00,1613,2,2,0,0,O,CLEAR,DRY,0,1 VEHICLE PARKED POSITION (NOT PARKING LOT/DRIVEWAY),BACKING,STRAIGHT & LEVEL,DAYLIGHT,0,0,0,1
33499182,CAMPBELL,,OTHR,9085,HERITAGE,CT,,38.94396169,-84.39568181,0.096,7/1/2024 0:00,1220,2,1,0,0,O,CLEAR,DRY,0,COLLISION WITH BICYCLIST NON INTERSECTION,SINGLE VEHICLE,STRAIGHT & GRADE,DAYLIGHT,0,1,0,0
33463415,CAMPBELL,,OTHR,625,TALUS,WAY,,38.97465954,-84.40603723,0.119,7/1/2024 0:00,1055,2,2,0,0,O,CLEAR,DRY,1,COLLISION WITH PARKED VEHICLE,SIDESWIPE-OPPOSITE DIRECTION,STRAIGHT & GRADE,UNKNOWN,0,0,0,1
33454077,CAMPBELL,KY1892,StateRoute,,GRAND,AVE,,39.0863816,-84.47722471,2.151,7/1/2024 0:00,1115,2,2,0,0,O,CLEAR,DRY,0,OTHER INTERSECTION COLLISIONS,REAR END,STRAIGHT & GRADE,DAYLIGHT,1,0,0,1
33805967,CAMPBELL,US0027,USRoute,,ALEXANDRIA,PIKE,,39.01870865,-84.43657498,15.092,7/1/2024 0:00,1910,2,2,0,0,O,CLEAR,DRY,0,OTHER INTERSECTION COLLISIONS,REAR TO REAR,STRAIGHT & LEVEL,DAYLIGHT,1,0,0,1
33456884,CAMPBELL,US0027,USRoute,,ALEXANDRIA,PIKE,,38.98310359,-84.39950303,11.975,7/1/2024 0:00,1823,2,2,0,0,O,CLEAR,DRY,0,REAR END IN TRAFFIC LANES BOTH VEHICLES MOVING,REAR END,STRAIGHT & LEVEL,DAYLIGHT,0,0,0,1
33460672,CAMPBELL,,OTHR,,RIVIERA,DR,,39.09719825,-84.48328305,0.431,7/2/2024 0:00,1810,2,2,0,0,O,CLEAR,DRY,0,SIDESWIPE COLLISION - SAME DIRECTION,SIDESWIPE-SAME DIRECTION,STRAIGHT & LEVEL,DAYLIGHT,0,0,0,1
33458527,CAMPBELL,I 0471,Interstate,,I471 N,,,39.10067118,-84.49478398,4.935,7/2/2024 0:00,728,3,3,0,0,O,CLEAR,DRY,0,REAR END IN TRAFFIC LANES BOTH VEHICLES MOVING,REAR END,STRAIGHT & LEVEL,DAYLIGHT,0,0,0,1
33608769,CAMPBELL,I 0471,Interstate,,I471 S,,,39.07547659,-84.46796485,2.533,7/2/2024 0:00,1314,2,2,0,0,O,CLEAR,DRY,0,REAR END IN TRAFFIC LANES BOTH VEHICLES MOVING,REAR END,STRAIGHT & LEVEL,DAYLIGHT,0,0,0,1
33465475,CAMPBELL,US0027,USRoute,,11TH,ST,E,39.08572122,-84.48821461,21.511,7/2/2024 0:00,2109,2,2,0,0,O,CLEAR,DRY,0,ANGLE COLLISION - OTHER,ANGLE,STRAIGHT & LEVEL,DUSK,0,0,0,1
33460959,CAMPBELL,US0027,USRoute,,ALEXANDRIA,PIKE,,38.86894853,-84.39486167,3.726,7/2/2024 0:00,2246,1,1,0,0,O,CLEAR,DRY,0,COLLISION WITH ANIMAL NON INTERSECTION,SINGLE VEHICLE,CURVE & LEVEL,DARK-HWY NOT LIGHTED,0,0,0,1
33465495,CAMPBELL,KY0008,StateRoute,,4TH,ST,W,39.08928962,-84.50121453,0.234,7/3/2024 0:00,2247,2,2,0,0,O,CLOUDY,DRY,0,REAR END IN TRAFFIC LANES BOTH VEHICLES MOVING,REAR END,CURVE & LEVEL,DARK-HWY LIGHTED/ON,0,0,0,1
34071930,CAMPBELL,US0027,USRoute,,ALEXANDRIA,PIKE,,38.91978212,-84.38995861,7.398,7/3/2024 0:00,1344,2,2,0,0,O,CLEAR,DRY,1,SIDESWIPE COLLISION - SAME DIRECTION,SIDESWIPE-SAME DIRECTION,STRAIGHT & LEVEL,DAYLIGHT,0,0,0,1
33478160,CAMPBELL,US0027,USRoute,,ALEXANDRIA,PIKE,,39.03370781,-84.45336772,16.507,7/3/2024 0:00,810,2,2,0,2,B,CLEAR,DRY,0,SIDESWIPE COLLISION - SAME DIRECTION,SIDESWIPE-SAME DIRECTION,STRAIGHT & GRADE,DAYLIGHT,0,0,0,1
33478295,CAMPBELL,KY0536,StateRoute,,CREEKTRACE,RD,,38.92323323,-84.44019128,0.496,7/4/2024 0:00,2332,1,1,0,0,O,FOG,WET,0,COLLISION WITH FIXED OBJECT NON - INTERSECTION - FIRST EVENT COLLISION 09 - 32 EXCLUDING 16,SINGLE VEHICLE,CURVE & LEVEL,DARK-HWY NOT LIGHTED,0,0,0,1