IncidentID,County,RdwyNumber,RdwyType,Street,RoadwayName,StreetSfx,StreetDir,Latitude,Longitude,Milepoint,CollisionDate,CollisionTime,UnitsInvolved,MotorVehiclesInvolved,NumberKilled,NumberInjured,KABCO,Weather,RdwyConditionCode,HitandRun,DirAnalysisCode,MannerofCollision,RdwyCharacter,LightCondition,Intersection Crash,Bicyclist,Pedestrian,Motor Vehicles
33470570,CAMPBELL,,OTHR,36,GARRISON,AVE,,39.06274992,-84.44649286,0.092,7/4/2024 0:00,928,2,2,0,0,O,CLOUDY,DRY,0,1 VEHICLE PARKED POSITION (NOT PARKING LOT/DRIVEWAY),SIDESWIPE-OPPOSITE DIRECTION,STRAIGHT & GRADE,DAYLIGHT,0,0,0,1
33478162,CAMPBELL,,OTHR,15,PLEASANT,DR,,39.0337297,-84.45176271,0.025,7/4/2024 0:00,12,2,2,0,0,O,CLOUDY,DRY,0,1 VEHICLE PARKED POSITION (NOT PARKING LOT/DRIVEWAY),SIDESWIPE-SAME DIRECTION,STRAIGHT & GRADE,DARK-HWY LIGHTED/ON,0,0,0,1
33480210,CAMPBELL,US0027,USRoute,,ALEXANDRIA,PIKE,,38.98218161,-84.39794425,11.857,7/4/2024 0:00,1805,2,2,0,0,O,CLOUDY,DRY,0,OTHER INTERSECTION COLLISIONS,REAR END,STRAIGHT & GRADE,DAYLIGHT,1,0,0,1
33480585,CAMPBELL,,OTHR,,MILITARY,PKWY,,39.06765003,-84.45105328,0.206,7/4/2024 0:00,2145,2,2,0,0,O,CLOUDY,DRY,1,COLLISION WITH PARKED VEHICLE,BACKING,STRAIGHT & GRADE,DUSK,0,0,0,1
33475153,CAMPBELL,KY0009,StateRoute,,AA,HWY,,39.00271644,-84.43493381,14.682,7/5/2024 0:00,1145,1,1,0,0,O,CLOUDY,WET,0,RAN OFF ROADWAY (1 VEHICLE WITH/EARTH EMBANKMENT/DITCH),SINGLE VEHICLE,STRAIGHT & LEVEL,DAYLIGHT,0,0,0,1
33481630,CAMPBELL,KY1121,StateRoute,,PERSIMMON GROVE,PIKE,,38.93946801,-84.37459706,8.674,7/5/2024 0:00,919,1,1,0,0,O,CLEAR,DRY,0,COLLISION WITH FIXED OBJECT NON - INTERSECTION - FIRST EVENT COLLISION 09 - 32 EXCLUDING 16,SINGLE VEHICLE,CURVE & LEVEL,DAYLIGHT,0,0,0,1
33511550,CAMPBELL,,OTHR,,MADONNA,PL,,39.07474753,-84.45357828,0.111,7/5/2024 0:00,415,1,1,0,0,O,CLEAR,DRY,1,COLLISION WITH FIXED OBJECT NON - INTERSECTION - FIRST EVENT COLLISION 09 - 32 EXCLUDING 16,SINGLE VEHICLE,STRAIGHT & LEVEL,DARK-HWY LIGHTED/ON,0,0,0,1
33479459,CAMPBELL,I 0275,Interstate,,I275 W,,,39.03783785,-84.47051441,75.908,7/5/2024 0:00,1953,1,1,0,0,O,CLEAR,DRY,0,COLLISION WITH FIXED OBJECT NON - INTERSECTION - FIRST EVENT COLLISION 09 - 32 EXCLUDING 16,SINGLE VEHICLE,STRAIGHT & LEVEL,DAYLIGHT,0,0,0,1
33471635,CAMPBELL,US0027,USRoute,300,YORK,ST,,39.09346569,-84.49758455,22.331,7/5/2024 0:00,1105,2,2,0,0,O,RAINING,WET,0,SIDESWIPE COLLISION - SAME DIRECTION,SIDESWIPE-SAME DIRECTION,CURVE & LEVEL,DAYLIGHT,0,0,0,1
33472537,CAMPBELL,,OTHR,216,PARK,AVE,,39.09710974,-84.49163935,0.261,7/5/2024 0:00,1849,2,2,0,2,C,CLOUDY,WET,0,REAR END IN TRAFFIC LANES BOTH VEHICLES MOVING,REAR END,CURVE & LEVEL,DAYLIGHT,0,0,0,1
33476022,CAMPBELL,I 0471,Interstate,,I471 N,,,39.05154907,-84.46695239,0.619,7/5/2024 0:00,1644,2,2,0,0,O,CLEAR,DRY,0,REAR END IN TRAFFIC LANES BOTH VEHICLES MOVING,REAR END,STRAIGHT & LEVEL,DAYLIGHT,0,0,0,1
33481628,CAMPBELL,US0027,USRoute,7934,ALEXANDRIA,PIKE,,38.96955028,-84.39266166,10.88,7/5/2024 0:00,1145,2,2,0,1,C,RAINING,WET,0,REAR END IN TRAFFIC LANES BOTH VEHICLES MOVING,REAR END,STRAIGHT & LEVEL,DAYLIGHT,0,0,0,1
33487676,CAMPBELL,KY0008,StateRoute,300,DAVE COWENS,DR,,39.09781662,-84.49317203,1.037,7/5/2024 0:00,1654,2,2,0,0,O,CLEAR,DRY,0,REAR END IN TRAFFIC LANES BOTH VEHICLES MOVING,REAR END,STRAIGHT & LEVEL,DAYLIGHT,0,0,0,1
33478765,CAMPBELL,KY0009,StateRoute,,AA,HWY,,38.87347737,-84.26080234,0.81,7/6/2024 0:00,2133,1,1,0,0,O,CLEAR,DRY,0,OTHER ROADWAY OR MID-BLOCK COLLISION,SINGLE VEHICLE,STRAIGHT & LEVEL,DUSK,0,0,0,1
33475155,CAMPBELL,US0027,USRoute,5400,ALEXANDRIA,PIKE,,38.99927139,-84.41873969,13.486,7/6/2024 0:00,1242,2,2,0,1,C,CLOUDY,DRY,0,1 VEHICLE ENTERING/LEAVING ENTRANCE,ANGLE,STRAIGHT & LEVEL,DAYLIGHT,0,0,0,1
33476024,CAMPBELL,,OTHR,533,MAPLE,AVE,,39.09555946,-84.48739543,0.32,7/6/2024 0:00,1500,2,2,0,0,O,CLEAR,DRY,1,1 VEHICLE PARKED POSITION (NOT PARKING LOT/DRIVEWAY),SIDESWIPE-SAME DIRECTION,STRAIGHT & HILLCREST,DAYLIGHT,0,0,0,1
33483372,CAMPBELL,KY0009,StateRoute,,AA,HWY,,39.00974827,-84.46931129,16.549,7/6/2024 0:00,1229,2,2,0,0,O,CLEAR,DRY,0,OTHER INTERSECTION COLLISIONS,REAR END,STRAIGHT & LEVEL,DAYLIGHT,1,0,0,1
33484544,CAMPBELL,I 0471,Interstate,,,,,39.08550717,-84.47477077,0.159,7/6/2024 0:00,1936,2,2,0,0,O,CLEAR,DRY,0,OTHER RAMP RELATED COLLISIONS NOT LISTED ABOVE,REAR END,CURVE & GRADE,DAYLIGHT,0,0,0,1
33478922,CAMPBELL,,OTHR,43,BIEHL,ST,,39.0792367,-84.49041089,0.148,7/7/2024 0:00,1840,2,2,0,0,O,CLEAR,DRY,1,1 VEHICLE PARKED POSITION (NOT PARKING LOT/DRIVEWAY),SIDESWIPE-SAME DIRECTION,STRAIGHT & GRADE,DAYLIGHT,0,0,0,1
33482883,CAMPBELL,I 0471,Interstate,,I471 N,,,39.099673,-84.49284566,4.809,7/7/2024 0:00,1239,2,2,0,0,O,CLEAR,DRY,0,REAR END IN TRAFFIC LANES BOTH VEHICLES MOVING,REAR END,STRAIGHT & LEVEL,DAYLIGHT,0,0,0,1
33483719,CAMPBELL,KY0471,StateRoute,,KY471,,,39.04210892,-84.45657434,0.363,7/8/2024 0:00,1720,2,2,0,0,O,CLEAR,DRY,1,OTHER COLLISIONS ON SHOULDER,SIDESWIPE-SAME DIRECTION,CURVE & LEVEL,DAYLIGHT,0,0,0,1
33483284,CAMPBELL,KY0008,StateRoute,100,FAIRFIELD,AVE,,39.10268138,-84.4876395,1.527,7/8/2024 0:00,1748,2,2,0,0,O,CLEAR,DRY,0,SIDESWIPE COLLISION - SAME DIRECTION,SIDESWIPE-SAME DIRECTION,STRAIGHT & LEVEL,DAYLIGHT,0,0,0,1
33482882,CAMPBELL,KY1892,StateRoute,95,CAROTHERS,RD,,39.08627591,-84.47861333,2.227,7/8/2024 0:00,1329,2,2,0,0,O,CLEAR,DRY,0,OTHER ROADWAY OR MID-BLOCK COLLISION,REAR END,STRAIGHT & LEVEL,DAYLIGHT,0,0,0,1
33482881,CAMPBELL,,OTHR,110,NEWPORT PAVILION,,,39.09153852,-84.47805412,0.168,7/8/2024 0:00,1400,2,2,0,0,O,CLEAR,DRY,0,1 VEHICLE PARKED POSITION (NOT PARKING LOT/DRIVEWAY),SIDESWIPE-OPPOSITE DIRECTION,STRAIGHT & LEVEL,DAYLIGHT,0,0,0,1
33490923,CAMPBELL,,OTHR,1105,PATTERSON,ST,,39.081475,-84.49447756,0.047,7/9/2024 0:00,1030,2,2,0,0,O,CLEAR,DRY,0,1 VEHICLE PARKED POSITION (NOT PARKING LOT/DRIVEWAY),SIDESWIPE-SAME DIRECTION,CURVE & LEVEL,DAYLIGHT,0,0,0,1
33493151,CAMPBELL,,OTHR,420,COLUMBIA,ST,,39.09110688,-84.49725612,0.246,7/9/2024 0:00,945,2,2,0,0,O,CLOUDY,DRY,0,1 VEHICLE PARKED POSITION (NOT PARKING LOT/DRIVEWAY),SIDESWIPE-SAME DIRECTION,STRAIGHT & LEVEL,DAYLIGHT,0,0,0,1
33530019,CAMPBELL,US0027,USRoute,,ALEXANDRIA,PIKE,,38.95761652,-84.39319017,10.047,7/9/2024 0:00,850,2,2,0,0,O,CLEAR,DRY,0,ANGLE COLLISION - ONE VEHICLE TURNING LEFT,ANGLE,STRAIGHT & LEVEL,DAYLIGHT,0,0,0,1
33522030,CAMPBELL,KY0009,StateRoute,,AA,HWY,,38.98873505,-84.39511946,12.127,7/9/2024 0:00,1309,2,2,0,0,O,CLOUDY,DRY,0,ANGLE COLLISION - OTHER,ANGLE,CURVE & LEVEL,DAYLIGHT,0,0,0,1
33489272,CAMPBELL,US0027,USRoute,,MONMOUTH,ST,,39.08386287,-84.48386121,21.211,7/9/2024 0:00,2051,2,2,0,0,O,CLOUDY,WET,0,OPPOSING LEFT TURN,OPPOSING LEFT TURN,STRAIGHT & LEVEL,DAYLIGHT,0,0,0,1
33509678,CAMPBELL,US0027,USRoute,,ALEXANDRIA,PIKE,,38.97199142,-84.39215852,11.029,7/9/2024 0:00,838,2,2,0,0,O,CLEAR,DRY,1,OTHER INTERSECTION COLLISIONS,REAR END,STRAIGHT & LEVEL,DAYLIGHT,1,0,0,1
33489946,CAMPBELL,KY0009,StateRoute,,AA,HWY,,38.96977084,-84.35474105,9.524,7/9/2024 0:00,1021,1,1,0,1,C,CLEAR,DRY,0,OTHER ROADWAY OR MID-BLOCK COLLISION,SINGLE VEHICLE,STRAIGHT & GRADE,DAYLIGHT,0,0,0,1
33489944,CAMPBELL,,OTHR,,CALIFORNIA,XRD,,38.90597121,-84.28916046,0.643,7/9/2024 0:00,703,1,1,0,0,O,CLEAR,DRY,0,OTHER ROADWAY OR MID-BLOCK COLLISION,SINGLE VEHICLE,STRAIGHT & GRADE,DAYLIGHT,0,0,0,1
33491024,CAMPBELL,KY1892,StateRoute,35,CAROTHERS,RD,,39.08506196,-84.48069856,2.37,7/9/2024 0:00,1558,2,2,0,0,O,CLOUDY,DRY,0,1 VEHICLE ENTERING/LEAVING ENTRANCE,ANGLE,CURVE & GRADE,DAYLIGHT,0,0,0,1
33511506,CAMPBELL,KY1120,StateRoute,101,10TH,ST,E,39.08735967,-84.48877617,0.782,7/9/2024 0:00,1320,2,2,0,0,O,RAINING,WET,0,1 VEHICLE ENTERING/LEAVING ENTRANCE,ANGLE,STRAIGHT & LEVEL,DAYLIGHT,0,0,0,1
33491026,CAMPBELL,I 0471,Interstate,,I471 N,,,39.0954562,-84.48140452,4.111,7/9/2024 0:00,1345,3,3,0,2,C,CLOUDY,WET,1,REAR END IN TRAFFIC LANES BOTH VEHICLES MOVING,REAR END,STRAIGHT & LEVEL,DAYLIGHT,0,0,0,1
33493189,CAMPBELL,KY1892,StateRoute,75,CAROTHERS,RD,,39.08554116,-84.47998147,2.318,7/10/2024 0:00,1330,2,2,0,0,O,CLEAR,DRY,0,SIDESWIPE COLLISION - SAME DIRECTION,SIDESWIPE-SAME DIRECTION,STRAIGHT & GRADE,DAYLIGHT,0,0,0,1
33492175,CAMPBELL,,OTHR,1014,TOWN,DR,,39.01943332,-84.48324225,0.244,7/10/2024 0:00,1242,2,2,0,0,O,CLOUDY,DRY,0,1 VEHICLE ENTERING/LEAVING ENTRANCE,ANGLE,STRAIGHT & LEVEL,DAYLIGHT,0,0,0,1
33504995,CAMPBELL,,OTHR,,LICKING,PIKE,,39.0005653,-84.45157567,,7/10/2024 0:00,1034,1,1,0,0,O,CLOUDY,WET,0,OTHER ROADWAY OR MID-BLOCK COLLISION,SINGLE VEHICLE,CURVE & LEVEL,DAYLIGHT,0,0,0,1
33551565,CAMPBELL,,OTHR,1013,OFALLON,AVE,,39.10533915,-84.47602813,0.172,7/10/2024 0:00,1243,2,2,0,0,O,CLEAR,DRY,1,1 VEHICLE PARKED POSITION (NOT PARKING LOT/DRIVEWAY),SIDESWIPE-SAME DIRECTION,STRAIGHT & GRADE,DAYLIGHT,0,0,0,1
33494209,CAMPBELL,US0027,USRoute,,ALEXANDRIA,PIKE,,39.01822782,-84.43570946,15.031,7/10/2024 0:00,627,2,2,0,0,O,RAINING,WET,0,OTHER INTERSECTION COLLISIONS,REAR END,STRAIGHT & LEVEL,DAYLIGHT,1,0,0,1
33508217,CAMPBELL,I 0471,Interstate,,,,,39.08541017,-84.47461441,0.216,7/10/2024 0:00,1400,2,2,0,0,O,CLOUDY,DRY,0,OTHER RAMP RELATED COLLISIONS NOT LISTED ABOVE,REAR END,CURVE & GRADE,DAYLIGHT,0,0,0,1
33499180,CAMPBELL,I 0471,Interstate,,,,,39.08263976,-84.46996071,0.041,7/11/2024 0:00,1753,2,2,0,0,O,CLEAR,DRY,0,OTHER RAMP RELATED COLLISIONS NOT LISTED ABOVE,REAR END,CURVE & LEVEL,DAYLIGHT,0,0,0,1
33504993,CAMPBELL,I 0275,Interstate,,,,,39.0465938,-84.46018604,0.25,7/11/2024 0:00,1625,2,2,0,0,O,CLEAR,DRY,0,OTHER RAMP RELATED COLLISIONS NOT LISTED ABOVE,SIDESWIPE-SAME DIRECTION,CURVE & GRADE,DAYLIGHT,0,0,0,1
33499175,CAMPBELL,US0027,USRoute,,MONMOUTH,ST,,39.08199111,-84.48208017,21.047,7/11/2024 0:00,2000,1,1,0,0,O,CLEAR,DRY,1,OTHER INTERSECTION COLLISIONS,SINGLE VEHICLE,STRAIGHT & LEVEL,UNKNOWN,1,0,0,1
33521844,CAMPBELL,KY0009,StateRoute,,AA,HWY,,39.00949911,-84.46924971,16.515,7/11/2024 0:00,1830,2,2,0,0,O,CLEAR,DRY,0,OPPOSING LEFT TURN,OPPOSING LEFT TURN,STRAIGHT & LEVEL,DAYLIGHT,0,0,0,1
33527022,CAMPBELL,,OTHR,,BONNIE LESLIE,AVE,,39.0943489,-84.47697761,0.364,7/11/2024 0:00,1628,2,2,0,0,O,CLEAR,DRY,0,COLLISION WITH PARKED VEHICLE,SIDESWIPE-SAME DIRECTION,STRAIGHT & LEVEL,DAYLIGHT,0,0,0,1
33496785,CAMPBELL,,OTHR,100,8TH,ST,W,39.08726754,-84.49537833,0.279,7/11/2024 0:00,1128,2,2,0,0,O,CLEAR,DRY,0,1 VEHICLE PARKED POSITION (NOT PARKING LOT/DRIVEWAY),BACKING,STRAIGHT & LEVEL,DAYLIGHT,0,0,0,1
33496786,CAMPBELL,,OTHR,,9TH,ST,E,39.0913415,-84.48479277,0.282,7/11/2024 0:00,702,2,2,0,0,O,CLEAR,DRY,0,COLLISION WITH NON-FIXED OBJECT ,ANGLE,STRAIGHT & LEVEL,DAYLIGHT,0,0,0,1
33504996,CAMPBELL,I 0275,Interstate,,I275 E,,,39.0565769,-84.43164749,73.265,7/11/2024 0:00,1620,6,6,0,0,O,CLEAR,DRY,0,REAR END IN TRAFFIC LANES BOTH VEHICLES MOVING,REAR END,STRAIGHT & GRADE,DAYLIGHT,0,0,0,1
33499815,CAMPBELL,,OTHR,,NEWPORT PAVILION,,,39.08638249,-84.47724138,0.599,7/11/2024 0:00,1853,3,3,0,0,O,CLEAR,DRY,1,HEAD-ON COLLISION,HEAD ON,STRAIGHT & GRADE,DAYLIGHT,0,0,0,1
33504188,CAMPBELL,KY0008,StateRoute,,DAVE COWENS,DR,,39.1015936,-84.48893865,1.424,7/12/2024 0:00,2117,2,2,0,1,B,CLEAR,DRY,0,REAR END IN TRAFFIC LANES BOTH VEHICLES MOVING,REAR END,STRAIGHT & LEVEL,DARK-HWY LIGHTED/ON,0,0,0,1
33527999,CAMPBELL,,OTHR,,NEWPORT PAVILION,,,39.08652908,-84.47718841,0.589,7/12/2024 0:00,1636,2,2,0,0,O,CLEAR,DRY,0,SIDESWIPE COLLISION - SAME DIRECTION,SIDESWIPE-SAME DIRECTION,STRAIGHT & LEVEL,DAYLIGHT,0,0,0,1
33561685,CAMPBELL,KY2345,StateRoute,,JOHNS HILL,RD,,39.02968165,-84.47013734,1.23,7/12/2024 0:00,1559,2,2,0,0,O,CLEAR,DRY,0,SIDESWIPE COLLISION - SAME DIRECTION,SIDESWIPE-SAME DIRECTION,CURVE & LEVEL,DAYLIGHT,0,0,0,1
33502520,CAMPBELL,KY0008,StateRoute,313,FAIRFIELD,AVE,,39.10629885,-84.48325362,1.871,7/12/2024 0:00,1110,3,3,0,1,B,CLEAR,DRY,0,1 VEHICLE PARKED POSITION (NOT PARKING LOT/DRIVEWAY),SIDESWIPE-SAME DIRECTION,STRAIGHT & LEVEL,DAYLIGHT,0,0,0,1
33511543,CAMPBELL,,OTHR,,HUNTEMAN,LN,,39.08472924,-84.46909118,0.26,7/12/2024 0:00,800,2,2,0,0,O,CLEAR,DRY,0,1 VEHICLE PARKED POSITION (NOT PARKING LOT/DRIVEWAY),REAR END,STRAIGHT & HILLCREST,DAYLIGHT,0,0,0,1
33500827,CAMPBELL,US0027,USRoute,,3RD,ST,E,39.09338026,-84.49709477,22.252,7/12/2024 0:00,659,2,1,0,1,B,CLEAR,DRY,0,COLLISION WITH PEDESTRIAN NON - INTERSECTION,SINGLE VEHICLE,CURVE & LEVEL,DAYLIGHT,0,0,1,0
33504186,CAMPBELL,US0027,USRoute,,YORK,ST,,39.09130383,-84.49532746,22.141,7/12/2024 0:00,2051,2,2,0,0,O,CLEAR,DRY,1,SIDESWIPE-SAME DIRECTION,SIDESWIPE-SAME DIRECTION,STRAIGHT & LEVEL,DAYLIGHT,0,0,0,1
33561686,CAMPBELL,,OTHR,,BRAMBLE,AVE,,39.04177561,-84.45005177,0.074,7/12/2024 0:00,1649,1,1,0,0,O,CLEAR,DRY,0,OTHER INTERSECTION COLLISIONS,SINGLE VEHICLE,STRAIGHT & LEVEL,DAYLIGHT,1,0,0,1
33502572,CAMPBELL,I 0471,Interstate,,I-471 SOUTH,,,39.08542953,-84.4743649,0.203,7/12/2024 0:00,1217,2,2,0,0,O,CLEAR,DRY,0,OTHER RAMP RELATED COLLISIONS NOT LISTED ABOVE,REAR END,CURVE & LEVEL,DAYLIGHT,0,0,0,1
33511545,CAMPBELL,KY0445,StateRoute,22,GRANDVIEW,AVE,,39.0624497,-84.45032259,1.136,7/13/2024 0:00,909,2,2,0,0,O,CLEAR,DRY,0,1 VEHICLE PARKED POSITION (NOT PARKING LOT/DRIVEWAY),SIDESWIPE-SAME DIRECTION,STRAIGHT & GRADE,DAYLIGHT,0,0,0,1
33509819,CAMPBELL,KY1892,StateRoute,,GRAND,AVE,,39.08198552,-84.46959579,1.606,7/13/2024 0:00,1924,1,1,0,0,O,CLEAR,DRY,0,OTHER ROADWAY OR MID-BLOCK COLLISION,SINGLE VEHICLE,CURVE & GRADE,DAYLIGHT,0,0,0,1
33521848,CAMPBELL,,OTHR,,ASPEN PINES,DR,,39.0635989,-84.48426709,0.086,7/13/2024 0:00,1648,2,2,0,0,O,CLEAR,DRY,0,1 VEHICLE ENTERING/LEAVING ENTRANCE,ANGLE,CURVE & LEVEL,DAYLIGHT,0,0,0,1
33521847,CAMPBELL,KY1998,StateRoute,,POOLES CREEK,RD,,39.00984068,-84.46905253,0.001,7/13/2024 0:00,1133,2,2,0,0,O,CLEAR,DRY,0,REAR END IN TRAFFIC LANES BOTH VEHICLES MOVING,REAR END,STRAIGHT & LEVEL,DAYLIGHT,0,0,0,1
33509820,CAMPBELL,I 0471,Interstate,,I471 S,,,39.09344186,-84.4786138,3.912,7/13/2024 0:00,2350,2,2,0,0,O,CLEAR,DRY,1,REAR END IN TRAFFIC LANES BOTH VEHICLES MOVING,REAR END,STRAIGHT & GRADE,DARK-HWY LIGHTED/ON,0,0,0,1
33505388,CAMPBELL,I 0471,Interstate,,I471 N,,,39.10041081,-84.49426753,4.901,7/13/2024 0:00,1343,2,2,0,1,C,CLOUDY,DRY,0,REAR END IN TRAFFIC LANES BOTH VEHICLES MOVING,REAR END,STRAIGHT & GRADE,DAYLIGHT,0,0,0,1
33548791,CAMPBELL,KY0008,StateRoute,5360,MARY INGLES,HWY,,39.03268802,-84.37926017,11.482,7/14/2024 0:00,2249,1,1,0,0,O,CLEAR,DRY,1,OTHER ROADWAY OR MID-BLOCK COLLISION,SINGLE VEHICLE,STRAIGHT & LEVEL,DARK-HWY LIGHTED/ON,0,0,0,1
33511549,CAMPBELL,KY1120,StateRoute,,MEMORIAL,PKWY,,39.09082832,-84.45697699,2.871,7/14/2024 0:00,2221,1,1,0,0,O,CLOUDY,DRY,0,COLLISION WITH ANIMAL IN INTERSECTION,SINGLE VEHICLE,STRAIGHT & GRADE,DARK-HWY LIGHTED/ON,1,0,0,1
33510626,CAMPBELL,I 0471,Interstate,,I471 SB,,,39.06210662,-84.46874738,1.389,7/14/2024 0:00,1637,1,1,0,0,O,RAINING,WET,0,COLLISION WITH FIXED OBJECT NON - INTERSECTION - FIRST EVENT COLLISION 09 - 32 EXCLUDING 16,SINGLE VEHICLE,CURVE & LEVEL,DAYLIGHT,0,0,0,1
33521849,CAMPBELL,KY1632,StateRoute,,MOOCK,RD,,39.0548713,-84.48649682,0.045,7/14/2024 0:00,1444,1,1,0,0,O,CLEAR,DRY,0,COLLISION WITH ANIMAL NON INTERSECTION,SINGLE VEHICLE,CURVE & LEVEL,DAYLIGHT,0,0,0,1
33523024,CAMPBELL,KY0154,StateRoute,13433,PEACH GROVE,RD,,38.85152821,-84.3719658,0.667,7/15/2024 0:00,919,1,1,0,0,O,CLEAR,DRY,0,COLLISION WITH ANIMAL NON INTERSECTION,SINGLE VEHICLE,CURVE & LEVEL,DAYLIGHT,0,0,0,1
33594972,CAMPBELL,,OTHR,114,LINDEN,AVE,,39.09935025,-84.49094581,0.016,7/15/2024 0:00,1458,1,1,0,1,C,CLEAR,DRY,0,COLLISION WITH FIXED OBJECT NON - INTERSECTION - FIRST EVENT COLLISION 09 - 32 EXCLUDING 16,SINGLE VEHICLE,STRAIGHT & LEVEL,DAYLIGHT,0,0,0,1
33527028,CAMPBELL,,OTHR,1004,TAYLOR,AVE,,39.09690808,-84.4745809,0.908,7/15/2024 0:00,1751,2,2,0,0,O,CLEAR,DRY,0,1 VEHICLE PARKED POSITION (NOT PARKING LOT/DRIVEWAY),BACKING,STRAIGHT & GRADE,DAYLIGHT,0,0,0,1
33557785,CAMPBELL,,OTHR,828,WALNUT,ST,,39.10859448,-84.47692488,0.261,7/15/2024 0:00,1928,2,2,0,0,O,CLEAR,DRY,1,1 VEHICLE PARKED POSITION (NOT PARKING LOT/DRIVEWAY),SIDESWIPE-SAME DIRECTION,STRAIGHT & LEVEL,DAYLIGHT,0,0,0,1
33525471,CAMPBELL,KY0009,StateRoute,,AA,HWY,,38.98089825,-84.37442747,10.867,7/15/2024 0:00,1811,2,2,0,0,O,CLEAR,DRY,0,ANGLE COLLISION - OTHER,ANGLE,STRAIGHT & GRADE,DAYLIGHT,0,0,0,1
33526296,CAMPBELL,,OTHR,,SERGEANT,AVE,,39.0611701,-84.44230496,0.14,7/15/2024 0:00,1322,2,2,0,0,O,CLEAR,DRY,0,VEHICLE BACKING IN INTERSECTION,BACKING,CURVE & GRADE,DAYLIGHT,1,0,0,1
33527415,CAMPBELL,US0027,USRoute,,ALEXANDRIA,PIKE,,39.00237913,-84.42247536,13.768,7/15/2024 0:00,1710,2,2,0,0,O,CLEAR,DRY,0,OTHER ROADWAY OR MID-BLOCK COLLISION,REAR END,STRAIGHT & LEVEL,DAYLIGHT,0,0,0,1
33528108,CAMPBELL,I 0471,Interstate,,I471 N,,,39.10070171,-84.494829,4.938,7/16/2024 0:00,1225,4,4,0,0,O,CLEAR,DRY,0,REAR END IN TRAFFIC LANES BOTH VEHICLES MOVING,REAR END,STRAIGHT & LEVEL,DAYLIGHT,0,0,0,1
33535728,CAMPBELL,US0027,USRoute,,ALEXANDRIA,PIKE,,38.9423447,-84.39420413,8.985,7/16/2024 0:00,1751,2,2,0,0,O,CLEAR,DRY,0,OTHER ROADWAY OR MID-BLOCK COLLISION,REAR END,STRAIGHT & LEVEL,DAYLIGHT,0,0,0,1
33532554,CAMPBELL,KY1120,StateRoute,237,MEMORIAL,PKWY,,39.09592444,-84.47239051,1.927,7/16/2024 0:00,1914,2,2,0,0,O,CLEAR,DRY,1,COLLISION WITH PARKED VEHICLE,SIDESWIPE-SAME DIRECTION,CURVE & GRADE,DAYLIGHT,0,0,0,1
33548797,CAMPBELL,KY1936,StateRoute,12098,POND CREEK,RD,,38.88717868,-84.43884761,5.17,7/16/2024 0:00,2115,1,1,0,1,B,CLOUDY,DRY,0,COLLISION WITH ANIMAL NON INTERSECTION,SINGLE VEHICLE,STRAIGHT & LEVEL,DARK-HWY NOT LIGHTED,0,0,0,1
33531045,CAMPBELL,I 0471,Interstate,,,,,39.09173368,-84.47598819,0.201,7/16/2024 0:00,1715,2,2,0,0,O,CLOUDY,DRY,0,OTHER RAMP RELATED COLLISIONS NOT LISTED ABOVE,REAR END,STRAIGHT & LEVEL,DAYLIGHT,0,0,0,1
33534607,CAMPBELL,,OTHR,349,2ND,ST,E,39.09703832,-84.49248548,0.093,7/17/2024 0:00,1912,2,2,0,0,O,CLOUDY,DRY,0,1 VEHICLE PARKED POSITION (NOT PARKING LOT/DRIVEWAY),SIDESWIPE-SAME DIRECTION,STRAIGHT & LEVEL,DAYLIGHT,0,0,0,1
33534608,CAMPBELL,US0027,USRoute,,MONMOUTH,ST,,39.0934537,-84.49525491,22.124,7/17/2024 0:00,2040,2,2,0,0,O,CLOUDY,DRY,1,1 VEHICLE PARKED POSITION (NOT PARKING LOT/DRIVEWAY),SIDESWIPE-SAME DIRECTION,STRAIGHT & GRADE,DUSK,0,0,0,1
33556103,CAMPBELL,,OTHR,315,ERVIN,TER,,39.11326546,-84.47747677,0.509,7/17/2024 0:00,2039,2,2,0,0,O,CLEAR,DRY,0,COLLISION WITH PARKED VEHICLE,SIDESWIPE-SAME DIRECTION,STRAIGHT & LEVEL,DAYLIGHT,0,0,0,1
33534609,CAMPBELL,KY1892,StateRoute,82,CAROTHERS,RD,,39.0864007,-84.47824817,2.206,7/17/2024 0:00,1831,2,2,0,0,O,CLEAR,DRY,0,SIDESWIPE COLLISION - SAME DIRECTION,SIDESWIPE-SAME DIRECTION,STRAIGHT & LEVEL,DAYLIGHT,0,0,0,1
33535584,CAMPBELL,KY1120,StateRoute,,FT THOMAS,AVE,S,39.06496749,-84.44635907,5.311,7/17/2024 0:00,1831,2,2,0,0,O,CLEAR,DRY,0,SIDESWIPE COLLISION - OPPOSITE DIRECTION,SIDESWIPE-OPPOSITE DIRECTION,STRAIGHT & LEVEL,DAYLIGHT,0,0,0,1
33535587,CAMPBELL,I 0471,Interstate,,I471 N,,,39.07712461,-84.46917781,2.643,7/17/2024 0:00,846,2,2,0,0,O,CLEAR,DRY,0,REAR END IN TRAFFIC LANES BOTH VEHICLES MOVING,REAR END,STRAIGHT & LEVEL,DAYLIGHT,0,0,0,1
33535019,CAMPBELL,,OTHR,2768,CALIFORNIA,XRD,,38.89394537,-84.30225398,,7/17/2024 0:00,1243,1,1,0,0,O,CLEAR,DRY,0,OTHER COLLISIONS ON SHOULDER,SINGLE VEHICLE,CURVE & GRADE,DAYLIGHT,0,0,0,1
33539462,CAMPBELL,KY1998,StateRoute,303,POOLES CREEK,RD,,39.01418517,-84.46447837,0.39,7/17/2024 0:00,1835,2,2,0,2,C,RAINING,WET,0,HEAD-ON COLLISION,HEAD ON,STRAIGHT & GRADE,DAYLIGHT,0,0,0,1