IncidentID,County,RdwyNumber,RdwyType,Street,RoadwayName,StreetSfx,StreetDir,Latitude,Longitude,Milepoint,CollisionDate,CollisionTime,UnitsInvolved,MotorVehiclesInvolved,NumberKilled,NumberInjured,KABCO,Weather,RdwyConditionCode,HitandRun,DirAnalysisCode,MannerofCollision,RdwyCharacter,LightCondition,Intersection Crash,Bicyclist,Pedestrian,Motor Vehicles
33553457,CAMPBELL,KY0010,StateRoute,12059,FLAGG SPRINGS,PIKE,,38.8871771,-84.26722287,11.494,7/18/2024 0:00,1330,1,1,0,0,O,CLEAR,DRY,0,OTHER ROADWAY OR MID-BLOCK COLLISION,SINGLE VEHICLE,STRAIGHT & LEVEL,DAYLIGHT,0,0,0,1
33540729,CAMPBELL,,OTHR,811,HIGHLAND,AVE,,39.07457595,-84.46453591,0.389,7/18/2024 0:00,1630,2,2,0,0,O,CLEAR,DRY,0,SIDESWIPE COLLISION - SAME DIRECTION,SIDESWIPE-SAME DIRECTION,STRAIGHT & LEVEL,DAYLIGHT,0,0,0,1
33538357,CAMPBELL,US0027,USRoute,,ALEXANDRIA,PIKE,,39.02536078,-84.44532689,15.764,7/18/2024 0:00,1003,2,2,0,0,O,CLEAR,DRY,0,OTHER INTERSECTION COLLISIONS,REAR END,STRAIGHT & GRADE,DAYLIGHT,1,0,0,1
33541000,CAMPBELL,,OTHR,800,TAYLOR,AVE,,39.09860383,-84.47632903,0.757,7/18/2024 0:00,1630,2,2,0,0,O,CLEAR,DRY,0,ANGLE COLLISION - OTHER,ANGLE,STRAIGHT & GRADE,DAYLIGHT,0,0,0,1
33538356,CAMPBELL,US0027,USRoute,,ALEXANDRIA,PIKE,,39.00940769,-84.42948011,14.365,7/18/2024 0:00,601,1,1,0,0,O,CLEAR,DRY,0,COLLISION WITH ANIMAL NON INTERSECTION,SINGLE VEHICLE,STRAIGHT & LEVEL,DAWN,0,0,0,1
33555566,CAMPBELL,KY0536,StateRoute,,CREEKTRACE,RD,,38.93567147,-84.4169517,2.132,7/18/2024 0:00,635,1,1,0,0,O,CLEAR,DRY,0,COLLISION WITH ANIMAL NON INTERSECTION,SINGLE VEHICLE,CURVE & LEVEL,DAWN,0,0,0,1
33558109,CAMPBELL,KY0009,StateRoute,,AA,HWY,,38.93305284,-84.3129164,6.068,7/19/2024 0:00,1208,1,1,0,0,O,CLEAR,DRY,0,COLLISION WITH ANIMAL NON INTERSECTION,SINGLE VEHICLE,STRAIGHT & LEVEL,DAYLIGHT,0,0,0,1
33555337,CAMPBELL,I 0275,Interstate,,I275 W,,,39.05475311,-84.43662781,73.561,7/19/2024 0:00,1935,2,2,0,0,O,CLEAR,DRY,1,1 VEHICLE ENTERING OR LEAVING PARKED POSITION (NOT PARKING LOT),REAR END,STRAIGHT & LEVEL,DAYLIGHT,0,0,0,1
33542558,CAMPBELL,KY1120,StateRoute,,11TH,ST,W,39.08382018,-84.49159739,0.531,7/19/2024 0:00,1635,2,1,0,0,O,CLEAR,DRY,0,COLLISION WITH BICYCLE IN INTERSECTION,SINGLE VEHICLE,STRAIGHT & LEVEL,DAYLIGHT,1,1,0,0
33566824,CAMPBELL,KY0008,StateRoute,,FAIRFIELD,AVE,,39.10435921,-84.48560455,1.685,7/19/2024 0:00,1825,2,2,0,0,O,CLEAR,DRY,0,SIDESWIPE-SAME DIRECTION,SIDESWIPE-SAME DIRECTION,STRAIGHT & LEVEL,DAYLIGHT,0,0,0,1
33550300,CAMPBELL,US0027,USRoute,,ALEXANDRIA,PIKE,,39.06288167,-84.45290707,18.813,7/19/2024 0:00,1356,2,2,0,1,A,CLEAR,DRY,0,OTHER ROADWAY OR MID-BLOCK COLLISION,OPPOSING LEFT TURN,STRAIGHT & HILLCREST,DAYLIGHT,0,0,0,1
33543917,CAMPBELL,US0027,USRoute,,3RD,ST,E,39.09364746,-84.49688183,22.255,7/19/2024 0:00,2305,2,2,0,0,O,CLEAR,DRY,0,REAR END IN TRAFFIC LANES BOTH VEHICLES MOVING,REAR END,CURVE & LEVEL,DARK-HWY LIGHTED/ON,0,0,0,1
33542477,CAMPBELL,I 0471,Interstate,,I471 N,,,39.10070513,-84.49483174,4.938,7/19/2024 0:00,1250,3,3,0,0,O,CLEAR,DRY,0,REAR END IN TRAFFIC LANES BOTH VEHICLES MOVING,REAR END,STRAIGHT & LEVEL,DAYLIGHT,0,0,0,1
33560291,CAMPBELL,I 0471,Interstate,,,,,39.08540535,-84.47463788,0.217,7/19/2024 0:00,1344,2,2,0,0,O,CLEAR,DRY,0,OTHER RAMP RELATED COLLISIONS NOT LISTED ABOVE,SIDESWIPE-SAME DIRECTION,CURVE & GRADE,DAYLIGHT,0,0,0,1
33555266,CAMPBELL,I 0471,Interstate,,,,,39.06794607,-84.46610981,0.392,7/20/2024 0:00,1935,2,2,0,0,O,CLEAR,DRY,0,OTHER ROADWAY OR MID-BLOCK COLLISION,REAR END,CURVE & LEVEL,DAYLIGHT,0,0,0,1
33549723,CAMPBELL,,OTHR,,NEWPORT PAVILION,,,39.09025257,-84.47640508,0.294,7/20/2024 0:00,1430,2,2,0,0,O,CLEAR,DRY,0,1 VEHICLE ENTERING/LEAVING ENTRANCE,ANGLE,STRAIGHT & LEVEL,DAYLIGHT,0,0,0,1
33550177,CAMPBELL,KY1632,StateRoute,117,MOOCK,RD,,39.06043811,-84.47644447,0.818,7/20/2024 0:00,2130,1,1,0,0,O,CLEAR,DRY,0,COLLISION WITH ANIMAL NON INTERSECTION,SINGLE VEHICLE,STRAIGHT & LEVEL,DARK (UNKNOWN ROADWAY LIGHTING),0,0,0,1
33563888,CAMPBELL,KY0009,StateRoute,,AA,HWY,,38.98088918,-84.37444212,10.868,7/21/2024 0:00,1705,2,2,0,0,O,CLOUDY,DRY,0,OPPOSING LEFT TURN,OPPOSING LEFT TURN,STRAIGHT & GRADE,DAYLIGHT,0,0,0,1
33585184,CAMPBELL,US0027,USRoute,,ALEXANDRIA,PIKE,,38.94030595,-84.3942333,8.846,7/21/2024 0:00,1605,3,3,0,2,A,CLOUDY,DRY,0,ANGLE COLLISION - ONE VEHICLE TURNING LEFT,ANGLE,STRAIGHT & LEVEL,DAYLIGHT,0,0,0,1
33549726,CAMPBELL,KY1120,StateRoute,,10TH,ST,E,39.08726258,-84.48877363,0.785,7/21/2024 0:00,1527,2,2,0,0,O,CLOUDY,DRY,0,SIDESWIPE COLLISION - SAME DIRECTION,SIDESWIPE-SAME DIRECTION,STRAIGHT & LEVEL,DAYLIGHT,0,0,0,1
33549727,CAMPBELL,KY1892,StateRoute,83,CAROTHERS,RD,,39.08639832,-84.47823667,2.205,7/21/2024 0:00,1252,2,2,0,0,O,CLOUDY,DRY,0,SIDESWIPE COLLISION - SAME DIRECTION,SIDESWIPE-SAME DIRECTION,STRAIGHT & LEVEL,DAYLIGHT,0,0,0,1
33555263,CAMPBELL,,OTHR,,CLITZ,ST,,39.06803629,-84.44534815,0.205,7/21/2024 0:00,1559,2,2,0,0,O,CLEAR,DRY,0,VEHICLE BACKING NON INTERSECTION,BACKING,STRAIGHT & LEVEL,DAYLIGHT,0,0,0,1
33550180,CAMPBELL,,OTHR,3829,CANYON,CT,,39.06419592,-84.47053961,0.033,7/21/2024 0:00,1952,2,2,0,0,O,CLEAR,DRY,0,VEHICLE BACKING NON INTERSECTION,BACKING,STRAIGHT & LEVEL,DAYLIGHT,0,0,0,1
33546667,CAMPBELL,I 0471,Interstate,,,,,39.09430746,-84.48018604,0.061,7/21/2024 0:00,55,1,1,0,1,C,CLEAR,DRY,0,COLLISION WITH FIXED OBJECT NOT IN GORE ,SINGLE VEHICLE,STRAIGHT & LEVEL,DARK-HWY LIGHTED/ON,0,0,0,1
33554040,CAMPBELL,KY1892,StateRoute,,GRAND,AVE,,39.08542948,-84.47459663,1.984,7/22/2024 0:00,1916,2,2,0,0,O,CLEAR,DRY,0,REAR END IN TRAFFIC LANES BOTH VEHICLES MOVING,REAR END,STRAIGHT & LEVEL,DAYLIGHT,0,0,0,1
33552085,CAMPBELL,KY0008X,StateRoute,,6TH,AVE,,39.11317981,-84.4722719,2.001,7/22/2024 0:00,1155,2,2,0,0,O,CLOUDY,DRY,0,SIDESWIPE COLLISION - SAME DIRECTION,SIDESWIPE-SAME DIRECTION,STRAIGHT & LEVEL,DAYLIGHT,0,0,0,1
33554039,CAMPBELL,,OTHR,,9TH,ST,E,39.08741932,-84.49186507,0.744,7/22/2024 0:00,2001,2,2,0,0,O,CLEAR,DRY,0,ANGLE COLLISION - OTHER,ANGLE,STRAIGHT & LEVEL,DAYLIGHT,0,0,0,1
33555687,CAMPBELL,,OTHR,3,BELLAIRE,PL,,39.09393463,-84.4479359,0.02,7/22/2024 0:00,1030,2,2,0,0,O,CLEAR,DRY,0,1 VEHICLE PARKED POSITION (NOT PARKING LOT/DRIVEWAY),BACKING,STRAIGHT & LEVEL,DAYLIGHT,0,0,0,1
33560499,CAMPBELL,,OTHR,31,CLIFFVIEW,AVE,,39.09255293,-84.44647145,0.045,7/23/2024 0:00,1015,2,2,0,0,O,CLEAR,DRY,1,1 VEHICLE PARKED POSITION (NOT PARKING LOT/DRIVEWAY),SIDESWIPE-OPPOSITE DIRECTION,STRAIGHT & GRADE,UNKNOWN,0,0,0,1
33563889,CAMPBELL,,OTHR,,ROSEWOOD,CT,N,38.95453898,-84.36163449,0.058,7/23/2024 0:00,1550,2,2,0,0,O,CLOUDY,DRY,1,1 VEHICLE PARKED POSITION (NOT PARKING LOT/DRIVEWAY),BACKING,STRAIGHT & GRADE,DAYLIGHT,0,0,0,1
33558501,CAMPBELL,KY0824,StateRoute,1597,RACE TRACK,RD,,38.89042468,-84.36098477,1.823,7/23/2024 0:00,1827,1,1,0,2,C,CLEAR,DRY,0,COLLISION WITH FIXED OBJECT NON - INTERSECTION - FIRST EVENT COLLISION 09 - 32 EXCLUDING 16,SINGLE VEHICLE,CURVE & LEVEL,DAYLIGHT,0,0,0,1
33560491,CAMPBELL,KY0009,StateRoute,,AA,HWY,,39.00634247,-84.4524519,15.615,7/23/2024 0:00,710,1,1,0,0,O,CLEAR,DRY,0,COLLISION WITH ANIMAL NON INTERSECTION,SINGLE VEHICLE,STRAIGHT & HILLCREST,DAYLIGHT,0,0,0,1
33588901,CAMPBELL,KY0915,StateRoute,,CAMEL,XING,,38.92090989,-84.39198675,0.074,7/23/2024 0:00,2020,2,2,0,0,O,CLOUDY,DRY,0,ANGLE COLLISION - OTHER,ANGLE,STRAIGHT & LEVEL,DUSK,0,0,0,1
33607122,CAMPBELL,US0027,USRoute,,ALEXANDRIA,PIKE,,39.0290417,-84.45067489,16.157,7/23/2024 0:00,1822,5,1,0,0,O,CLEAR,DRY,0,SIDESWIPE COLLISION - SAME DIRECTION,SIDESWIPE-SAME DIRECTION,STRAIGHT & LEVEL,DAYLIGHT,0,0,0,1
33560292,CAMPBELL,I 0471,Interstate,3.8,I471 N,,,39.09507936,-84.48079395,4.069,7/23/2024 0:00,635,3,3,0,0,O,CLEAR,DRY,0,REAR END IN TRAFFIC LANES BOTH VEHICLES MOVING,REAR END,STRAIGHT & LEVEL,DAYLIGHT,0,0,0,1
33560498,CAMPBELL,I 0471,Interstate,,I471 N,,,39.07532964,-84.46744003,2.486,7/23/2024 0:00,924,2,2,0,0,O,CLEAR,DRY,0,REAR END IN TRAFFIC LANES BOTH VEHICLES MOVING,REAR END,STRAIGHT & LEVEL,DAYLIGHT,0,0,0,1
33572040,CAMPBELL,KY1632,StateRoute,,MOOCK,RD,,39.05503638,-84.48649445,0.037,7/23/2024 0:00,831,2,2,0,0,O,CLEAR,DRY,0,OTHER ROADWAY OR MID-BLOCK COLLISION,REAR END,STRAIGHT & LEVEL,DAYLIGHT,0,0,0,1
33576978,CAMPBELL,I 0471,Interstate,2.8,I471 N,,,39.07850413,-84.47018699,2.756,7/24/2024 0:00,800,2,2,0,0,O,CLEAR,DRY,0,OTHER ROADWAY OR MID-BLOCK COLLISION,REAR END,STRAIGHT & LEVEL,DAYLIGHT,0,0,0,1
33665597,CAMPBELL,I 0275,Interstate,,I275 E,,,39.05162353,-84.44289218,73.96,7/24/2024 0:00,1822,2,2,0,0,O,CLEAR,DRY,1,OTHER ROADWAY OR MID-BLOCK COLLISION,REAR END,STRAIGHT & GRADE,DAYLIGHT,0,0,0,1
33623745,CAMPBELL,,OTHR,,MEADOWVIEW,DR,,38.97478139,-84.38299005,0.002,7/24/2024 0:00,1505,2,2,0,0,O,RAINING,WET,0,HEAD-ON COLLISION,HEAD ON,STRAIGHT & LEVEL,DAYLIGHT,0,0,0,1
33576257,CAMPBELL,,OTHR,9,PARKER,RD,,39.07878732,-84.4780145,0.004,7/24/2024 0:00,2227,1,1,0,0,O,RAINING,WET,1,OTHER COLLISIONS ON SHOULDER,SINGLE VEHICLE,STRAIGHT & GRADE,DARK-HWY LIGHTED/ON,0,0,0,1
33598167,CAMPBELL,I 0275,Interstate,,I275 E,,,39.05696169,-84.43076607,,7/24/2024 0:00,1807,3,3,0,0,O,CLEAR,DRY,0,REAR END IN TRAFFIC LANES BOTH VEHICLES MOVING,REAR END,STRAIGHT & LEVEL,DAYLIGHT,0,0,0,1
33565571,CAMPBELL,US0027,USRoute,,ALEXANDRIA,PIKE,,39.02417472,-84.44287175,15.61,7/24/2024 0:00,1240,2,2,0,0,O,CLEAR,DRY,0,REAR END IN TRAFFIC LANES BOTH VEHICLES MOVING,REAR END,STRAIGHT & LEVEL,DAYLIGHT,0,0,0,1
33576976,CAMPBELL,,OTHR,51,19TH,ST,,39.07975804,-84.48432168,0.166,7/24/2024 0:00,1637,2,2,0,0,O,CLEAR,DRY,0,SIDESWIPE COLLISION - OPPOSITE DIRECTION,SIDESWIPE-OPPOSITE DIRECTION,STRAIGHT & HILLCREST,DAYLIGHT,0,0,0,1
33563375,CAMPBELL,,OTHR,3029,FENDER,RD,,38.98382789,-84.32644339,1.113,7/24/2024 0:00,1517,2,2,0,0,O,RAINING,WET,0,1 VEHICLE ENTERING/LEAVING ENTRANCE,ANGLE,CURVE & HILLCREST,DAYLIGHT,0,0,0,1
33565573,CAMPBELL,KY0009,StateRoute,,AA,HWY,,39.00375854,-84.43998365,14.922,7/24/2024 0:00,1056,2,2,0,0,O,CLEAR,DRY,0,1 VEHICLE ENTERING/LEAVING ENTRANCE,ANGLE,STRAIGHT & LEVEL,DAYLIGHT,0,0,0,1
33585183,CAMPBELL,,OTHR,6711,VILLAGE GREEN SHOPPING CENTER,,,38.98763675,-84.40184779,0.038,7/24/2024 0:00,1218,2,2,0,0,O,CLEAR,DRY,0,VEHICLE BACKING NON INTERSECTION,BACKING,STRAIGHT & LEVEL,DAYLIGHT,0,0,0,1
33577066,CAMPBELL,,OTHR,102,WASHINGTON,AVE,,39.10790475,-84.48381871,0.61,7/24/2024 0:00,1800,2,2,0,0,O,CLEAR,DRY,0,1 VEHICLE PARKED POSITION (NOT PARKING LOT/DRIVEWAY),REAR END,STRAIGHT & LEVEL,DAYLIGHT,0,0,0,1
33561332,CAMPBELL,I 0471,Interstate,,I471 S,,,39.09938936,-84.49273658,4.794,7/24/2024 0:00,933,1,1,0,0,O,CLEAR,DRY,0,COLLISION WITH NON-FIXED OBJECT ,SINGLE VEHICLE,STRAIGHT & LEVEL,DAYLIGHT,0,0,0,1
33566893,CAMPBELL,,OTHR,,NEWPORT PAVILION,,,39.08840529,-84.47574705,0.428,7/25/2024 0:00,1315,2,2,0,0,O,CLOUDY,DRY,0,SIDESWIPE-SAME DIRECTION,SIDESWIPE-SAME DIRECTION,STRAIGHT & LEVEL,DAYLIGHT,0,0,0,1
33568710,CAMPBELL,US0027,USRoute,,MONMOUTH,ST,,39.08384921,-84.48383457,21.209,7/25/2024 0:00,2155,2,2,0,0,O,CLEAR,DRY,0,ANGLE COLLISION - OTHER,ANGLE,STRAIGHT & LEVEL,DARK-HWY LIGHTED/ON,0,0,0,1
33569715,CAMPBELL,,OTHR,410,HIGHLAND,AVE,,39.07577763,-84.45543838,0.966,7/25/2024 0:00,948,2,2,0,0,O,CLEAR,DRY,0,ANGLE COLLISION - ONE VEHICLE TURNING LEFT,ANGLE,STRAIGHT & LEVEL,DAYLIGHT,0,0,0,1
33566894,CAMPBELL,KY1120,StateRoute,,11TH,ST,W,39.08348694,-84.49229145,0.486,7/25/2024 0:00,1238,2,2,0,0,O,CLOUDY,DRY,0,ANGLE COLLISION - ONE VEHICLE TURNING LEFT,ANGLE,STRAIGHT & LEVEL,DAYLIGHT,0,0,0,1
33605425,CAMPBELL,,OTHR,416,8TH,AVE,,39.11122961,-84.47402764,0.242,7/25/2024 0:00,1412,2,2,0,0,O,CLEAR,DRY,1,1 VEHICLE PARKED POSITION (NOT PARKING LOT/DRIVEWAY),SIDESWIPE-SAME DIRECTION,STRAIGHT & LEVEL,DAYLIGHT,0,0,0,1
33576504,CAMPBELL,I 0471,Interstate,,I471 SB,,,39.05754413,-84.46957252,1.046,7/25/2024 0:00,1327,2,2,0,0,O,CLOUDY,DRY,0,REAR END IN TRAFFIC LANES BOTH VEHICLES MOVING,REAR END,CURVE & LEVEL,DAYLIGHT,0,0,0,1
33570171,CAMPBELL,I 0471,Interstate,,I471 N,,,39.10072651,-84.49490331,4.942,7/25/2024 0:00,1400,2,2,0,0,O,CLEAR,DRY,0,REAR END IN TRAFFIC LANES BOTH VEHICLES MOVING,REAR END,STRAIGHT & LEVEL,DAYLIGHT,0,0,0,1
33568709,CAMPBELL,I 0471,Interstate,,,,,39.09877445,-84.49202457,0.002,7/25/2024 0:00,1800,2,2,0,0,O,CLEAR,DRY,1,OTHER RAMP RELATED COLLISIONS NOT LISTED ABOVE,REAR END,STRAIGHT & GRADE,DAYLIGHT,0,0,0,1
33576901,CAMPBELL,US0027,USRoute,,US27 N CROSSOVER TO KY9,,,39.00330677,-84.42338717,0.57,7/26/2024 0:00,1613,2,2,0,0,O,CLEAR,DRY,0,OTHER ROADWAY OR MID-BLOCK COLLISION,REAR END,STRAIGHT & LEVEL,DAYLIGHT,0,0,0,1
33571354,CAMPBELL,I 0471,Interstate,,I471 N,,,39.10050769,-84.49452103,4.917,7/26/2024 0:00,1312,2,2,0,0,O,CLEAR,DRY,0,REAR END IN TRAFFIC LANES BOTH VEHICLES MOVING,REAR END,STRAIGHT & LEVEL,DAYLIGHT,0,0,0,1
33570691,CAMPBELL,,OTHR,,6TH,ST,E,39.09455475,-84.48803915,0.314,7/26/2024 0:00,740,2,2,0,0,O,CLEAR,DRY,0,1 VEHICLE PARKED POSITION (NOT PARKING LOT/DRIVEWAY),REAR END,STRAIGHT & LEVEL,DAYLIGHT,0,0,0,1
33580409,CAMPBELL,KY1120,StateRoute,,FT THOMAS,AVE,S,39.06223579,-84.4485003,5.548,7/26/2024 0:00,1145,2,2,0,0,O,CLEAR,DRY,0,OPPOSING LEFT TURN,OPPOSING LEFT TURN,STRAIGHT & LEVEL,DAYLIGHT,0,0,0,1
33570783,CAMPBELL,,OTHR,,5TH,ST,E,39.09235098,-84.49432734,0.004,7/26/2024 0:00,1126,2,2,0,0,O,CLEAR,DRY,0,VEHICLE BACKING IN INTERSECTION,BACKING,STRAIGHT & LEVEL,DAYLIGHT,1,0,0,1
33597176,CAMPBELL,US0027,USRoute,,ALEXANDRIA,PIKE,,38.89444789,-84.385492,5.586,7/27/2024 0:00,2148,2,2,0,1,A,CLEAR,DRY,0,REAR END IN TRAFFIC LANES BOTH VEHICLES MOVING,REAR END,STRAIGHT & LEVEL,DARK-HWY NOT LIGHTED,0,0,0,1
33576114,CAMPBELL,KY1892,StateRoute,35,CAROTHERS,RD,,39.08509248,-84.48071385,2.37,7/27/2024 0:00,1739,2,2,0,0,O,CLEAR,DRY,0,REAR END IN TRAFFIC LANES BOTH VEHICLES MOVING,REAR END,STRAIGHT & GRADE,DAYLIGHT,0,0,0,1
33576116,CAMPBELL,I 0471,Interstate,,,,,39.08536315,-84.47417116,0.172,7/27/2024 0:00,1734,2,2,0,0,O,CLEAR,DRY,0,OTHER RAMP RELATED COLLISIONS NOT LISTED ABOVE,REAR END,CURVE & GRADE,DAYLIGHT,0,0,0,1
33580195,CAMPBELL,I 0471,Interstate,,I471 SB,,,39.05865203,-84.46947975,1.127,7/28/2024 0:00,1422,1,1,0,0,O,RAINING,WET,0,OTHER ROADWAY OR MID-BLOCK COLLISION,SINGLE VEHICLE,CURVE & LEVEL,DAYLIGHT,0,0,0,1
33576905,CAMPBELL,US0027,USRoute,,ALEXANDRIA,PIKE,,39.02029141,-84.43798002,15.173,7/28/2024 0:00,225,2,2,0,0,O,CLEAR,DRY,0,REAR END - ONE VEHICLE TURNING RIGHT,REAR END,STRAIGHT & LEVEL,DARK-HWY LIGHTED/ON,0,0,0,1
33580415,CAMPBELL,,OTHR,37,HOLLY WOODS,DR,,39.05342319,-84.44534098,0.143,7/28/2024 0:00,1231,2,2,0,0,O,CLOUDY,DRY,1,1 VEHICLE PARKED POSITION (NOT PARKING LOT/DRIVEWAY),SIDESWIPE-SAME DIRECTION,STRAIGHT & LEVEL,UNKNOWN,0,0,0,1
33591167,CAMPBELL,KY0915,StateRoute,,LICKING,PIKE,,38.93319118,-84.40448973,1.357,7/28/2024 0:00,1835,1,1,0,0,O,RAINING,WET,0,RAN OFF ROADWAY (1 VEHICLE WITH/EARTH EMBANKMENT/DITCH),SINGLE VEHICLE,CURVE & LEVEL,DAYLIGHT,0,0,0,1
33582035,CAMPBELL,KY0008,StateRoute,224,FAIRFIELD,AVE,,39.10559849,-84.48413827,1.804,7/28/2024 0:00,1031,2,2,0,0,O,CLEAR,DRY,1,1 VEHICLE PARKED POSITION (NOT PARKING LOT/DRIVEWAY),SIDESWIPE-SAME DIRECTION,STRAIGHT & LEVEL,DARK-HWY LIGHTED/ON,0,0,0,1
33578994,CAMPBELL,,OTHR,,NEWPORT PAVILION,,,39.08637308,-84.47723715,0.6,7/28/2024 0:00,1322,2,2,0,0,O,RAINING,WET,1,SIDESWIPE COLLISION - SAME DIRECTION,SIDESWIPE-SAME DIRECTION,STRAIGHT & GRADE,DAYLIGHT,0,0,0,1
33579651,CAMPBELL,I 0275,Interstate,,I275 E,,,39.02709152,-84.47407442,76.638,7/28/2024 0:00,1829,2,2,0,0,O,RAINING,WET,0,SIDESWIPE COLLISION - SAME DIRECTION,SIDESWIPE-SAME DIRECTION,STRAIGHT & GRADE,DAYLIGHT,0,0,0,1
33584170,CAMPBELL,US0027,USRoute,2005,MONMOUTH,ST,,39.07834368,-84.47984359,20.773,7/29/2024 0:00,1846,2,2,0,0,O,CLEAR,DRY,0,REAR END IN TRAFFIC LANES BOTH VEHICLES MOVING,REAR END,STRAIGHT & GRADE,DAYLIGHT,0,0,0,1
33594974,CAMPBELL,KY0008,StateRoute,,DAVE COWENS,DR,,39.10047321,-84.49013225,1.318,7/29/2024 0:00,1645,2,2,0,0,O,CLOUDY,DRY,0,REAR END IN TRAFFIC LANES BOTH VEHICLES MOVING,REAR END,STRAIGHT & LEVEL,DAYLIGHT,0,0,0,1
33594133,CAMPBELL,I 0275,Interstate,,I275 E,,,39.0533032,-84.43903854,73.723,7/29/2024 0:00,2112,2,2,0,0,O,CLEAR,DRY,0,REAR END IN TRAFFIC LANES BOTH VEHICLES MOVING,REAR END,STRAIGHT & GRADE,DARK-HWY LIGHTED/ON,0,0,0,1
33591169,CAMPBELL,KY1121,StateRoute,11520,WESLEY CHAPEL,RD,,38.88816853,-84.30915542,2.928,7/29/2024 0:00,245,1,1,0,0,O,CLOUDY,DRY,0,COLLISION WITH FIXED OBJECT NON - INTERSECTION - FIRST EVENT COLLISION 09 - 32 EXCLUDING 16,SINGLE VEHICLE,STRAIGHT & GRADE,DARK-HWY NOT LIGHTED,0,0,0,1
33584969,CAMPBELL,,OTHR,,FT THOMAS,AVE,N,39.09052721,-84.44763219,0.747,7/29/2024 0:00,1310,2,1,0,0,O,CLOUDY,WET,0,COLLISION WITH BICYCLE IN INTERSECTION,SINGLE VEHICLE,STRAIGHT & LEVEL,DAYLIGHT,1,1,0,0
33587098,CAMPBELL,I 0471,Interstate,,,,,39.0970628,-84.49139472,0.205,7/29/2024 0:00,1604,2,2,0,0,O,CLOUDY,DRY,0,OTHER RAMP RELATED COLLISIONS NOT LISTED ABOVE,REAR END,CURVE & GRADE,DAYLIGHT,0,0,0,1
33589695,CAMPBELL,US0027,USRoute,25,ALEXANDRIA,PIKE,,39.06962251,-84.46851758,19.816,7/30/2024 0:00,1446,1,1,0,0,O,CLEAR,DRY,0,OTHER ROADWAY OR MID-BLOCK COLLISION,SINGLE VEHICLE,STRAIGHT & GRADE,DAYLIGHT,0,0,0,1
33587102,CAMPBELL,KY0008,StateRoute,,DAVE COWENS,DR,,39.10042828,-84.49012083,1.316,7/30/2024 0:00,1049,2,2,0,0,O,CLEAR,DRY,0,REAR END IN TRAFFIC LANES BOTH VEHICLES MOVING,REAR END,STRAIGHT & LEVEL,DAYLIGHT,0,0,0,1
33604072,CAMPBELL,US0027,USRoute,900,YORK,ST,,39.08659586,-84.49103233,21.74,7/30/2024 0:00,2102,2,2,0,0,O,CLEAR,DRY,0,1 VEHICLE ENTERING/LEAVING ENTRANCE,ANGLE,STRAIGHT & LEVEL,DARK-HWY LIGHTED/ON,0,0,0,1
33602603,CAMPBELL,US0027,USRoute,78,11TH,ST,E,39.08518092,-84.48924235,21.544,7/31/2024 0:00,1705,2,2,0,0,O,CLEAR,DRY,0,1 VEHICLE ENTERING/LEAVING ENTRANCE,ANGLE,STRAIGHT & LEVEL,DAYLIGHT,0,0,0,1
33591561,CAMPBELL,I 0471,Interstate,,I471 N,,,39.078002,-84.46993075,2.719,7/31/2024 0:00,725,2,2,0,0,O,CLOUDY,DRY,1,SIDESWIPE COLLISION - SAME DIRECTION,SIDESWIPE-SAME DIRECTION,STRAIGHT & LEVEL,DAYLIGHT,0,0,0,1
33597177,CAMPBELL,US0027,USRoute,,ALEXANDRIA,PIKE,,38.91327454,-84.38700126,6.922,7/31/2024 0:00,752,2,2,0,0,O,CLOUDY,DRY,0,SIDESWIPE COLLISION - SAME DIRECTION,SIDESWIPE-SAME DIRECTION,STRAIGHT & LEVEL,DAYLIGHT,0,0,0,1
33598164,CAMPBELL,I 0275,Interstate,,I275 W,,,39.0481836,-84.45297507,74.553,7/31/2024 0:00,1254,2,2,0,0,O,CLEAR,DRY,0,REAR END IN TRAFFIC LANES BOTH VEHICLES MOVING,REAR END,STRAIGHT & LEVEL,DAYLIGHT,0,0,0,1
33640034,CAMPBELL,US0027,USRoute,,ALEXANDRIA,PIKE,,38.98204223,-84.39766151,11.849,7/31/2024 0:00,1120,2,1,0,0,O,CLEAR,DRY,0,OTHER INTERSECTION COLLISIONS,REAR END,STRAIGHT & LEVEL,DAYLIGHT,1,0,0,1
33598172,CAMPBELL,US0027,USRoute,,ALEXANDRIA,PIKE,,38.92130367,-84.39092524,7.514,7/31/2024 0:00,,2,2,0,0,O,CLEAR,DRY,1,OTHER INTERSECTION COLLISIONS,REAR END,STRAIGHT & LEVEL,DAYLIGHT,1,0,0,1
33589982,CAMPBELL,,OTHR,,POPLAR RIDGE,RD,,38.97811776,-84.37203508,1.277,7/31/2024 0:00,815,1,1,0,0,O,RAINING,WET,0,COLLISION WITH FIXED OBJECT IN INTERSECTION - FIRST EVENT COLLISION 09 - 32,SINGLE VEHICLE,CURVE & LEVEL,DAYLIGHT,1,0,0,1