IncidentID,County,RdwyNumber,RdwyType,Street,RoadwayName,StreetSfx,StreetDir,Latitude,Longitude,Milepoint,CollisionDate,CollisionTime,UnitsInvolved,MotorVehiclesInvolved,NumberKilled,NumberInjured,KABCO,Weather,RdwyConditionCode,HitandRun,DirAnalysisCode,MannerofCollision,RdwyCharacter,LightCondition,Intersection Crash,Bicyclist,Pedestrian,Motor Vehicles
33602971,CAMPBELL,KY1120,StateRoute,,MEMORIAL,PKWY,,39.09436586,-84.47419005,1.796,7/31/2024 0:00,1858,1,1,0,0,O,CLOUDY,WET,0,COLLISION WITH FIXED OBJECT NON - INTERSECTION - FIRST EVENT COLLISION 09 - 32 EXCLUDING 16,SINGLE VEHICLE,CURVE & GRADE,DAYLIGHT,0,0,0,1
33593494,CAMPBELL,US0027,USRoute,,MONMOUTH,ST,,39.09341677,-84.49519373,22.12,7/31/2024 0:00,2049,2,2,0,0,O,CLEAR,DRY,0,1 VEHICLE PARKED POSITION (NOT PARKING LOT/DRIVEWAY),BACKING,STRAIGHT & GRADE,DAYLIGHT,0,0,0,1
33594160,CAMPBELL,US0027,USRoute,,ALEXANDRIA,PIKE,,39.06546398,-84.46437394,19.507,7/31/2024 0:00,827,2,2,0,2,B,RAINING,WET,0,OTHER ROADWAY OR MID-BLOCK COLLISION,OPPOSING LEFT TURN,STRAIGHT & LEVEL,DAYLIGHT,0,0,0,1
33596361,CAMPBELL,I 0471,Interstate,,,,,39.08546839,-84.47435807,0.201,8/1/2024 0:00,1300,2,2,0,0,O,CLOUDY,DRY,0,OTHER RAMP RELATED COLLISIONS NOT LISTED ABOVE,REAR END,CURVE & GRADE,DAYLIGHT,0,0,0,1
33609651,CAMPBELL,I 0275,Interstate,,I275 W,,,39.02285174,-84.48890573,77.556,8/1/2024 0:00,1504,2,2,0,0,O,CLEAR,DRY,0,OTHER ROADWAY OR MID-BLOCK COLLISION,REAR END,STRAIGHT & LEVEL,DAYLIGHT,0,0,0,1
33598629,CAMPBELL,,OTHR,311,ROSSFORD,AVE,,39.09754011,-84.45674925,0.529,8/1/2024 0:00,1840,1,1,0,0,O,CLOUDY,WET,0,COLLISION WITH ANIMAL NON INTERSECTION,SINGLE VEHICLE,STRAIGHT & GRADE,DAYLIGHT,0,0,0,1
33603490,CAMPBELL,I 0471,Interstate,,I471 S,,,39.05068703,-84.4663898,0.5,8/1/2024 0:00,1518,3,3,0,1,C,CLEAR,DRY,0,OTHER INTERSECTION COLLISIONS,REAR END,STRAIGHT & GRADE,DAYLIGHT,1,0,0,1
33610797,CAMPBELL,KY0008,StateRoute,300,FAIRFIELD,AVE,,39.10602899,-84.48358628,1.846,8/1/2024 0:00,1522,2,2,0,0,O,CLEAR,DRY,0,REAR END IN TRAFFIC LANES BOTH VEHICLES MOVING,REAR END,STRAIGHT & LEVEL,DAYLIGHT,0,0,0,1
33597949,CAMPBELL,I 0471,Interstate,,I471 N,,,39.09417513,-84.47942132,3.971,8/1/2024 0:00,1755,2,2,0,0,O,CLOUDY,DRY,0,HEAD-ON COLLISION,HEAD ON,STRAIGHT & LEVEL,DAYLIGHT,0,0,0,1
33604492,CAMPBELL,US0027,USRoute,,ALEXANDRIA,PIKE,,39.02004119,-84.43800263,15.222,8/1/2024 0:00,1652,2,2,0,0,O,CLEAR,DRY,0,OTHER ROADWAY OR MID-BLOCK COLLISION,REAR END,STRAIGHT & LEVEL,DAYLIGHT,0,0,0,1
33621384,CAMPBELL,I 0275,Interstate,,I275 E,,,39.04719669,-84.45536651,74.7,8/2/2024 0:00,1911,2,2,0,0,O,CLOUDY,DRY,0,SIDESWIPE COLLISION - SAME DIRECTION,SIDESWIPE-SAME DIRECTION,STRAIGHT & GRADE,DAYLIGHT,0,0,0,1
33603491,CAMPBELL,US0027,USRoute,,ALEXANDRIA,PIKE,,38.93286693,-84.39423497,,8/2/2024 0:00,2310,1,1,0,0,O,CLOUDY,DRY,0,OTHER COLLISIONS ON SHOULDER,SINGLE VEHICLE,STRAIGHT & GRADE,DARK-HWY NOT LIGHTED,0,0,0,1
33601006,CAMPBELL,KY0009,StateRoute,,AA,HWY,,38.95768272,-84.34074579,8.398,8/2/2024 0:00,1556,1,1,0,0,O,RAINING,WATER (STANDING OR MOVING),0,OTHER COLLISIONS ON SHOULDER,SINGLE VEHICLE,STRAIGHT & GRADE,DAYLIGHT,0,0,0,1
33617746,CAMPBELL,I 0471,Interstate,,I471 N,,,39.10005739,-84.49341334,4.849,8/2/2024 0:00,1603,2,2,0,0,O,CLOUDY,WET,0,REAR END IN TRAFFIC LANES BOTH VEHICLES MOVING,REAR END,STRAIGHT & GRADE,DAYLIGHT,0,0,0,1
33633033,CAMPBELL,I 0275,Interstate,,I275 E,,,39.0573578,-84.42988518,73.156,8/2/2024 0:00,1749,2,2,0,0,O,CLEAR,DRY,0,REAR END IN TRAFFIC LANES BOTH VEHICLES MOVING,REAR END,STRAIGHT & LEVEL,DARK (UNKNOWN ROADWAY LIGHTING),0,0,0,1
33600297,CAMPBELL,I 0471,Interstate,,I471 N,,,39.09364846,-84.47862344,3.914,8/2/2024 0:00,630,1,1,0,0,O,CLOUDY,DRY,0,COLLISION WITH FIXED OBJECT NON - INTERSECTION - FIRST EVENT COLLISION 09 - 32 EXCLUDING 16,SINGLE VEHICLE,CURVE & LEVEL,DAYLIGHT,0,0,0,1
33600880,CAMPBELL,I 0471,Interstate,,,,,39.08854268,-84.47471668,0.024,8/2/2024 0:00,1815,2,2,0,0,O,CLOUDY,DRY,0,OTHER RAMP RELATED COLLISIONS NOT LISTED ABOVE,REAR END,STRAIGHT & LEVEL,DAYLIGHT,0,0,0,1
33610352,CAMPBELL,KY0008,StateRoute,,DAVE COWENS,DR,,39.09797233,-84.49286628,1.027,8/3/2024 0:00,2130,2,2,0,0,O,CLEAR,DRY,0,OTHER INTERSECTION COLLISIONS,REAR END,STRAIGHT & LEVEL,DARK-HWY LIGHTED/ON,1,0,0,1
33602629,CAMPBELL,,OTHR,,9TH,ST,E,39.08833276,-84.49020408,0.639,8/3/2024 0:00,1145,2,2,0,0,O,CLEAR,DRY,0,OTHER INTERSECTION COLLISIONS,REAR END,STRAIGHT & LEVEL,DAYLIGHT,1,0,0,1
33609321,CAMPBELL,KY0008,StateRoute,212,6TH,AVE,,39.11054724,-84.4775418,2.294,8/3/2024 0:00,1055,3,3,0,0,O,CLEAR,DRY,0,1 VEHICLE PARKED POSITION (NOT PARKING LOT/DRIVEWAY),SIDESWIPE-SAME DIRECTION,STRAIGHT & LEVEL,DAYLIGHT,0,0,0,1
33610798,CAMPBELL,KY0008,StateRoute,400,FAIRFIELD,AVE,,39.10687721,-84.48249811,1.912,8/3/2024 0:00,1650,2,2,0,0,O,CLEAR,DRY,0,1 VEHICLE PARKED POSITION (NOT PARKING LOT/DRIVEWAY),SIDESWIPE-SAME DIRECTION,STRAIGHT & LEVEL,DAYLIGHT,0,0,0,1
33623751,CAMPBELL,,OTHR,8485,WHITEWOOD,CT,,38.95736401,-84.34623738,0.027,8/3/2024 0:00,1122,2,2,0,0,O,CLEAR,DRY,1,1 VEHICLE PARKED POSITION (NOT PARKING LOT/DRIVEWAY),SIDESWIPE-SAME DIRECTION,STRAIGHT & LEVEL,DAYLIGHT,0,0,0,1
33604676,CAMPBELL,KY1120,StateRoute,214,10TH,ST,E,39.08783499,-84.48770363,0.865,8/3/2024 0:00,2314,2,2,0,0,O,CLEAR,DRY,0,1 VEHICLE PARKED POSITION (NOT PARKING LOT/DRIVEWAY),SIDESWIPE-SAME DIRECTION,STRAIGHT & LEVEL,DARK-HWY LIGHTED/ON,0,0,0,1
33613957,CAMPBELL,KY0008X,StateRoute,,6TH,AVE,,39.1091234,-84.47976046,1.509,8/3/2024 0:00,1724,2,2,0,0,O,CLEAR,DRY,0,REAR END IN TRAFFIC LANES BOTH VEHICLES MOVING,REAR END,STRAIGHT & LEVEL,DAYLIGHT,0,0,0,1
33621387,CAMPBELL,KY2238,StateRoute,,LOUIE B NUNN,DR,,39.03503376,-84.45466087,0.038,8/3/2024 0:00,1007,2,2,0,0,O,CLEAR,DRY,0,SIDESWIPE COLLISION - SAME DIRECTION,SIDESWIPE-SAME DIRECTION,STRAIGHT & GRADE,DAYLIGHT,0,0,0,1
33604166,CAMPBELL,I 0471,Interstate,,I471 N,,,39.08286315,-84.47186244,3.072,8/3/2024 0:00,1830,2,2,0,0,O,CLEAR,DRY,0,OTHER ROADWAY OR MID-BLOCK COLLISION,REAR END,STRAIGHT & LEVEL,DAYLIGHT,0,0,0,1
33627822,CAMPBELL,I 0275,Interstate,,I275 E,,,39.02259571,-84.48899432,77.56,8/4/2024 0:00,1427,5,5,0,0,O,CLEAR,DRY,0,REAR END IN TRAFFIC LANES BOTH VEHICLES MOVING,REAR END,STRAIGHT & LEVEL,DAYLIGHT,0,0,0,1
33607420,CAMPBELL,KY1121,StateRoute,9027,PERSIMMON GROVE,PIKE,,38.93795185,-84.37413951,8.569,8/4/2024 0:00,1844,1,1,0,0,O,CLEAR,DRY,0,OTHER COLLISIONS ON SHOULDER,SINGLE VEHICLE,STRAIGHT & GRADE,DAYLIGHT,0,0,0,1
33610799,CAMPBELL,KY0008,StateRoute,,FAIRFIELD,AVE,,39.10793525,-84.48130758,2.021,8/4/2024 0:00,1808,2,2,0,0,O,CLEAR,DRY,0,ANGLE COLLISION - OTHER,ANGLE,STRAIGHT & LEVEL,DAYLIGHT,0,0,0,1
33612816,CAMPBELL,I 0471,Interstate,,I471 S,,,39.05699858,-84.46961881,1.007,8/5/2024 0:00,1545,2,2,0,0,O,CLEAR,DRY,0,OTHER ROADWAY OR MID-BLOCK COLLISION,REAR END,STRAIGHT & LEVEL,DAYLIGHT,0,0,0,1
33610354,CAMPBELL,,OTHR,317,ELM,ST,,39.08698714,-84.49795365,0.019,8/5/2024 0:00,733,2,2,0,0,O,CLEAR,DRY,1,1 VEHICLE PARKED POSITION (NOT PARKING LOT/DRIVEWAY),BACKING,STRAIGHT & LEVEL,DAYLIGHT,0,0,0,1
33610730,CAMPBELL,,OTHR,700,ISABELLA,ST,,39.08646787,-84.49705723,0.42,8/5/2024 0:00,1514,2,2,0,0,O,CLEAR,DRY,0,REAR END IN TRAFFIC LANES BOTH VEHICLES MOVING,REAR END,STRAIGHT & LEVEL,DAYLIGHT,0,0,0,1
33617745,CAMPBELL,KY1120,StateRoute,411,11TH,ST,W,39.08191298,-84.49511138,0.301,8/6/2024 0:00,1232,2,2,0,0,O,CLOUDY,DRY,1,1 VEHICLE PARKED POSITION (NOT PARKING LOT/DRIVEWAY),SIDESWIPE-SAME DIRECTION,STRAIGHT & GRADE,DAYLIGHT,0,0,0,1
33618947,CAMPBELL,KY0008,StateRoute,1017,4TH,AVE,,39.11519135,-84.46614927,3.02,8/6/2024 0:00,1449,2,2,0,0,O,CLOUDY,DRY,1,1 VEHICLE PARKED POSITION (NOT PARKING LOT/DRIVEWAY),SIDESWIPE-SAME DIRECTION,STRAIGHT & LEVEL,DAYLIGHT,0,0,0,1
33621763,CAMPBELL,KY1120,StateRoute,,11TH,ST,W,39.08418025,-84.49101261,0.573,8/6/2024 0:00,1930,3,3,0,0,O,CLEAR,DRY,0,OTHER INTERSECTION COLLISIONS,REAR END,STRAIGHT & LEVEL,DAYLIGHT,1,0,0,1
33669250,CAMPBELL,US0027,USRoute,,ALEXANDRIA,PIKE,,38.92531872,-84.39254098,7.802,8/6/2024 0:00,1225,2,2,0,0,O,CLEAR,DRY,0,OPPOSING LEFT TURN,OPPOSING LEFT TURN,STRAIGHT & LEVEL,DAYLIGHT,0,0,0,1
33628325,CAMPBELL,,OTHR,,FOOTE,AVE,,39.10735839,-84.48198631,0.151,8/6/2024 0:00,2042,2,2,0,0,O,CLEAR,DRY,0,ANGLE COLLISION - OTHER,ANGLE,STRAIGHT & HILLCREST,DUSK,0,0,0,1
33619096,CAMPBELL,KY1892,StateRoute,63,CAROTHERS,RD,,39.08528275,-84.48042668,2.349,8/6/2024 0:00,1112,2,1,0,0,O,CLEAR,DRY,0,REAR END IN TRAFFIC LANES BOTH VEHICLES MOVING,REAR END,STRAIGHT & GRADE,DAYLIGHT,0,0,0,1
34129006,CAMPBELL,I 0471,Interstate,,I471 SB,,,39.06274334,-84.46838727,1.442,8/6/2024 0:00,248,1,1,0,0,O,CLOUDY,ICE,0,OTHER ROADWAY OR MID-BLOCK COLLISION,SINGLE VEHICLE,CURVE & LEVEL,DARK-HWY LIGHTED/ON,0,0,0,1
33621773,CAMPBELL,,OTHR,,3RD,ST,W,39.09291506,-84.49755919,0.033,8/7/2024 0:00,2100,2,2,0,0,O,CLEAR,DRY,0,SIDESWIPE COLLISION - SAME DIRECTION,SIDESWIPE-SAME DIRECTION,CURVE & LEVEL,DARK-HWY LIGHTED/ON,0,0,0,1
33623664,CAMPBELL,,OTHR,710,HIGHLAND,AVE,,39.07541296,-84.46316403,0.482,8/7/2024 0:00,655,2,2,0,0,O,CLEAR,DRY,0,1 VEHICLE PARKED POSITION (NOT PARKING LOT/DRIVEWAY),BACKING,STRAIGHT & LEVEL,DAYLIGHT,0,0,0,1
33620293,CAMPBELL,KY0008,StateRoute,,DAVE COWENS,DR,,39.10177625,-84.4886579,1.443,8/7/2024 0:00,1250,2,2,0,0,O,CLOUDY,DRY,1,OTHER INTERSECTION COLLISIONS,REAR END,STRAIGHT & LEVEL,DAYLIGHT,1,0,0,1
33621141,CAMPBELL,KY1997,StateRoute,,STONEHOUSE,RD,,38.98383713,-84.348361,3.536,8/7/2024 0:00,1812,1,1,0,1,A,CLEAR,DRY,0,RAN OFF ROADWAY (1 VEHICLE WITH/EARTH EMBANKMENT/DITCH),SINGLE VEHICLE,CURVE & GRADE,DAYLIGHT,0,0,0,1
33633032,CAMPBELL,I 0275,Interstate,,I275 E,,,39.05684034,-84.43106679,,8/8/2024 0:00,1828,2,2,0,0,O,CLEAR,DRY,0,OTHER ROADWAY OR MID-BLOCK COLLISION,REAR END,STRAIGHT & LEVEL,DAYLIGHT,0,0,0,1
33626352,CAMPBELL,KY1892,StateRoute,,GRAND,AVE,,39.08537451,-84.47454208,1.98,8/8/2024 0:00,1657,2,2,0,0,O,CLEAR,DRY,0,SIDESWIPE-SAME DIRECTION,SIDESWIPE-SAME DIRECTION,STRAIGHT & LEVEL,DAYLIGHT,0,0,0,1
33623513,CAMPBELL,,OTHR,313,8TH,ST,W,39.08626884,-84.4975672,0.143,8/8/2024 0:00,400,2,2,0,0,O,CLEAR,DRY,1,1 VEHICLE PARKED POSITION (NOT PARKING LOT/DRIVEWAY),SIDESWIPE-SAME DIRECTION,STRAIGHT & LEVEL,DARK (UNKNOWN ROADWAY LIGHTING),0,0,0,1
33629230,CAMPBELL,,OTHR,10,3RD,ST,W,39.09332723,-84.49713291,0.004,8/8/2024 0:00,910,2,2,0,0,O,CLEAR,DRY,0,SIDESWIPE COLLISION - SAME DIRECTION,SIDESWIPE-SAME DIRECTION,CURVE & LEVEL,DAYLIGHT,0,0,0,1
33630053,CAMPBELL,KY0009,StateRoute,,AA,HWY,,39.02119961,-84.48120364,17.623,8/9/2024 0:00,943,2,2,0,0,O,CLEAR,DRY,0,REAR END IN TRAFFIC LANES BOTH VEHICLES MOVING,REAR END,STRAIGHT & LEVEL,DAYLIGHT,0,0,0,1
33630242,CAMPBELL,US0027,USRoute,,MONMOUTH,ST,,39.08148289,-84.48193947,21.013,8/9/2024 0:00,1824,1,1,0,0,O,CLEAR,DRY,0,COLLISION WITH FIXED OBJECT NON - INTERSECTION - FIRST EVENT COLLISION 09 - 32 EXCLUDING 16,SINGLE VEHICLE,STRAIGHT & LEVEL,DAYLIGHT,0,0,0,1
33629233,CAMPBELL,,OTHR,,PARK,AVE,,39.09802147,-84.49286888,0.352,8/9/2024 0:00,1500,2,2,0,0,O,CLEAR,DRY,0,OTHER INTERSECTION COLLISIONS,REAR END,STRAIGHT & LEVEL,DAYLIGHT,1,0,0,1
33632077,CAMPBELL,KY0008,StateRoute,,DAVE COWENS,DR,,39.10083714,-84.48980025,1.345,8/10/2024 0:00,1330,2,2,0,0,O,CLEAR,DRY,0,OTHER ROADWAY OR MID-BLOCK COLLISION,REAR END,STRAIGHT & LEVEL,DAYLIGHT,0,0,0,1
33657572,CAMPBELL,KY0008,StateRoute,,FAIRFIELD,AVE,,39.10224176,-84.4882427,1.483,8/10/2024 0:00,1705,5,5,0,0,O,CLEAR,DRY,0,OTHER ROADWAY OR MID-BLOCK COLLISION,REAR END,STRAIGHT & LEVEL,DAYLIGHT,0,0,0,1
33655719,CAMPBELL,,OTHR,1917,POPLAR RIDGE,RD,,38.98630516,-84.37016892,0.367,8/10/2024 0:00,2145,1,1,0,0,O,CLEAR,DRY,0,1 VEHICLE ENTERING OR LEAVING PARKED POSITION (NOT PARKING LOT),SINGLE VEHICLE,STRAIGHT & GRADE,DARK (UNKNOWN ROADWAY LIGHTING),0,0,0,1
33658179,CAMPBELL,,OTHR,903,BERRY,AVE,,39.09658699,-84.47748033,0.133,8/10/2024 0:00,1035,2,2,0,0,O,CLEAR,DRY,0,1 VEHICLE PARKED POSITION (NOT PARKING LOT/DRIVEWAY),SIDESWIPE-SAME DIRECTION,STRAIGHT & GRADE,DAYLIGHT,0,0,0,1
33669634,CAMPBELL,,OTHR,5,SADDLE RIDGE,TRL,,38.92913341,-84.36529174,0.223,8/10/2024 0:00,2200,1,1,0,0,O,CLEAR,DRY,1,COLLISION WITH FIXED OBJECT NON - INTERSECTION - FIRST EVENT COLLISION 09 - 32 EXCLUDING 16,SINGLE VEHICLE,STRAIGHT & LEVEL,DARK-HWY LIGHTED/ON,0,0,0,1
33632622,CAMPBELL,I 0471,Interstate,,I471 N,,,39.09993204,-84.49327956,4.839,8/10/2024 0:00,1830,3,3,0,0,O,CLEAR,DRY,0,REAR END IN TRAFFIC LANES BOTH VEHICLES MOVING,REAR END,STRAIGHT & LEVEL,DAYLIGHT,0,0,0,1
33637038,CAMPBELL,I 0471,Interstate,,I471 S,,,39.05767133,-84.46958335,1.056,8/10/2024 0:00,1739,2,2,0,1,A,CLEAR,DRY,1,SIDESWIPE COLLISION - SAME DIRECTION,SIDESWIPE-SAME DIRECTION,,DAYLIGHT,0,0,0,1
33640767,CAMPBELL,KY0009,StateRoute,1025,CENTRAL,AVE,,39.08401432,-84.49271344,22.494,8/11/2024 0:00,155,2,2,0,0,O,CLEAR,DRY,1,1 VEHICLE PARKED POSITION (NOT PARKING LOT/DRIVEWAY),REAR END,STRAIGHT & HILLCREST,DARK-HWY LIGHTED/ON,0,0,0,1
33644055,CAMPBELL,KY0009,StateRoute,,AA,HWY,,39.02130283,-84.48117975,17.629,8/11/2024 0:00,1611,2,2,0,0,O,CLEAR,DRY,0,REAR END IN TRAFFIC LANES BOTH VEHICLES MOVING,REAR END,STRAIGHT & LEVEL,DAYLIGHT,0,0,0,1
33642976,CAMPBELL,US0027,USRoute,,ALEXANDRIA,PIKE,,39.03694091,-84.45384293,16.741,8/11/2024 0:00,1335,2,2,0,0,O,CLEAR,DRY,0,OTHER INTERSECTION COLLISIONS,REAR TO REAR,STRAIGHT & LEVEL,DAYLIGHT,1,0,0,1
33644057,CAMPBELL,KY0009,StateRoute,,AA,HWY,,39.02138897,-84.48136065,17.639,8/11/2024 0:00,1641,2,2,0,8,B,CLEAR,DRY,0,OPPOSING LEFT TURN,OPPOSING LEFT TURN,STRAIGHT & LEVEL,DAYLIGHT,0,0,0,1
33648982,CAMPBELL,I 0471,Interstate,,471 S EXIT OFF RAMP TO KY112,,,39.09299857,-84.47889627,0.18,8/12/2024 0:00,1244,2,2,0,0,O,CLEAR,DRY,0,OTHER RAMP RELATED COLLISIONS NOT LISTED ABOVE,REAR END,CURVE & GRADE,DAYLIGHT,0,0,0,1
33669249,CAMPBELL,KY0008,StateRoute,,MARY INGLES,HWY,,38.88463932,-84.24517205,24.717,8/12/2024 0:00,559,1,1,0,0,O,CLEAR,DRY,0,OTHER ROADWAY OR MID-BLOCK COLLISION,SINGLE VEHICLE,CURVE & GRADE,DARK-HWY NOT LIGHTED,0,0,0,1
33673485,CAMPBELL,,OTHR,,PLEASANT RIDGE,RD,,38.90708775,-84.4081382,5.274,8/12/2024 0:00,1145,2,2,0,0,O,CLEAR,DRY,0,OTHER ROADWAY OR MID-BLOCK COLLISION,OPPOSING LEFT TURN,CURVE & GRADE,DAYLIGHT,0,0,0,1
33650461,CAMPBELL,US0027,USRoute,,ALEXANDRIA,PIKE,,39.03155301,-84.4521497,16.346,8/12/2024 0:00,1013,2,2,0,0,O,CLEAR,DRY,0,REAR END IN TRAFFIC LANES BOTH VEHICLES MOVING,REAR END,STRAIGHT & GRADE,DAYLIGHT,0,0,0,1
33640192,CAMPBELL,KY1120,StateRoute,10,10TH,ST,E,39.08626095,-84.49059609,0.675,8/12/2024 0:00,1500,2,2,0,0,O,CLEAR,DRY,0,REAR END IN TRAFFIC LANES BOTH VEHICLES MOVING,REAR END,STRAIGHT & LEVEL,DAYLIGHT,0,0,0,1
33654973,CAMPBELL,,OTHR,317,6TH,ST,E,39.09328244,-84.49034479,0.466,8/12/2024 0:00,1146,2,2,0,0,O,CLOUDY,DRY,1,1 VEHICLE PARKED POSITION (NOT PARKING LOT/DRIVEWAY),SIDESWIPE-SAME DIRECTION,STRAIGHT & LEVEL,DAYLIGHT,0,0,0,1
33642978,CAMPBELL,US0027,USRoute,,ALEXANDRIA,PIKE,,39.03505663,-84.45390768,16.617,8/12/2024 0:00,1225,2,2,0,0,O,CLEAR,DRY,0,REAR END IN TRAFFIC LANES BOTH VEHICLES MOVING,REAR END,STRAIGHT & LEVEL,DAYLIGHT,0,0,0,1
33640190,CAMPBELL,KY0008,StateRoute,,4TH,ST,W,39.09006817,-84.50022023,0.303,8/12/2024 0:00,1130,1,1,0,0,O,CLEAR,DRY,0,OTHER ROADWAY OR MID-BLOCK COLLISION,SINGLE VEHICLE,STRAIGHT & HILLCREST,DAYLIGHT,0,0,0,1
33640690,CAMPBELL,KY0008X,StateRoute,,6TH,AVE,,39.11157224,-84.47579658,1.774,8/12/2024 0:00,1733,2,2,0,0,O,CLEAR,DRY,0,OTHER ROADWAY OR MID-BLOCK COLLISION,OPPOSING LEFT TURN,STRAIGHT & LEVEL,DAYLIGHT,0,0,0,1
33690823,CAMPBELL,,OTHR,100,RIVERBOAT,ROW,,39.09200696,-84.50213422,1.032,8/13/2024 0:00,1700,2,2,0,0,O,CLEAR,DRY,1,1 VEHICLE PARKED POSITION (NOT PARKING LOT/DRIVEWAY),HEAD ON,,DAYLIGHT,0,0,0,1
33643896,CAMPBELL,KY1892,StateRoute,,GRAND,AVE,,39.08057323,-84.46745361,1.445,8/13/2024 0:00,1157,2,2,0,0,O,CLEAR,DRY,0,REAR END IN TRAFFIC LANES BOTH VEHICLES MOVING,REAR END,STRAIGHT & LEVEL,DAYLIGHT,0,0,0,1
33649844,CAMPBELL,US0027,USRoute,,ALEXANDRIA,PIKE,,38.92749189,-84.39318262,7.957,8/13/2024 0:00,1609,2,2,0,0,O,CLEAR,DRY,0,REAR END IN TRAFFIC LANES BOTH VEHICLES MOVING,REAR END,STRAIGHT & LEVEL,DAYLIGHT,0,0,0,1
33646010,CAMPBELL,,OTHR,,BOONE SMITH,RD,,38.86084921,-84.4261552,1.291,8/13/2024 0:00,445,1,1,0,0,O,CLEAR,DRY,0,COLLISION WITH ANIMAL NON INTERSECTION,SINGLE VEHICLE,CURVE & GRADE,DARK-HWY NOT LIGHTED,0,0,0,1
33652487,CAMPBELL,US0027,USRoute,8301,ALEXANDRIA,PIKE,,38.95204829,-84.39363849,9.647,8/13/2024 0:00,1026,2,2,0,0,O,CLEAR,DRY,0,1 VEHICLE PARKED POSITION (NOT PARKING LOT/DRIVEWAY),BACKING,STRAIGHT & LEVEL,DAYLIGHT,0,0,0,1
33643892,CAMPBELL,,OTHR,,PARK,AVE,,39.08994072,-84.48355601,0.444,8/13/2024 0:00,916,2,2,0,0,O,CLEAR,DRY,1,1 VEHICLE PARKED POSITION (NOT PARKING LOT/DRIVEWAY),SIDESWIPE-SAME DIRECTION,STRAIGHT & LEVEL,DAYLIGHT,0,0,0,1
33650460,CAMPBELL,I 0275,Interstate,,I275 W,,,39.03239488,-84.47076274,76.283,8/13/2024 0:00,1713,2,2,0,1,B,CLEAR,DRY,0,COLLISION WITH NON-FIXED OBJECT ,REAR END,STRAIGHT & LEVEL,DAYLIGHT,0,0,0,1
33643992,CAMPBELL,,OTHR,,NORTH,ST,,39.05901479,-84.48771144,0.063,8/13/2024 0:00,1054,2,2,0,0,O,CLEAR,DRY,0,COLLISION WITH PARKED VEHICLE,BACKING,STRAIGHT & LEVEL,DAYLIGHT,0,0,0,1
33647733,CAMPBELL,,OTHR,,FT THOMAS,AVE,N,39.1015711,-84.4498885,1.663,8/13/2024 0:00,1610,2,2,0,0,O,CLEAR,DRY,0,ANGLE COLLISION - ONE VEHICLE TURNING LEFT,ANGLE,STRAIGHT & LEVEL,DAYLIGHT,0,0,0,1
33652485,CAMPBELL,US0027,USRoute,,ALEXANDRIA,PIKE,,38.95777024,-84.39310797,10.039,8/13/2024 0:00,806,1,1,0,0,O,CLEAR,DRY,0,OTHER INTERSECTION COLLISIONS,SINGLE VEHICLE,CURVE & LEVEL,DAYLIGHT,1,0,0,1
33655514,CAMPBELL,KY0008,StateRoute,519,FAIRFIELD,AVE,,39.10749669,-84.4818055,1.96,8/14/2024 0:00,1757,2,2,0,0,O,CLEAR,DRY,0,1 VEHICLE PARKED POSITION (NOT PARKING LOT/DRIVEWAY),SIDESWIPE-SAME DIRECTION,STRAIGHT & LEVEL,DAYLIGHT,0,0,0,1
33661126,CAMPBELL,KY2828,StateRoute,,IVOR,RD,,38.86866052,-84.25897996,0.112,8/14/2024 0:00,530,1,1,0,0,O,CLEAR,DRY,0,COLLISION WITH ANIMAL NON INTERSECTION,SINGLE VEHICLE,STRAIGHT & LEVEL,DARK (UNKNOWN ROADWAY LIGHTING),0,0,0,1
33676660,CAMPBELL,US0027,USRoute,,ALEXANDRIA,PIKE,,38.92601103,-84.39252098,7.849,8/14/2024 0:00,743,2,2,0,0,O,CLEAR,DRY,1,SIDESWIPE COLLISION - SAME DIRECTION,SIDESWIPE-SAME DIRECTION,STRAIGHT & LEVEL,DAYLIGHT,0,0,0,1
33652121,CAMPBELL,I 0471,Interstate,,I471 NB,,,39.05993613,-84.46923605,1.23,8/14/2024 0:00,1318,2,2,0,0,O,CLEAR,DRY,0,SIDESWIPE COLLISION - OPPOSITE DIRECTION,SIDESWIPE-OPPOSITE DIRECTION,CURVE & LEVEL,DAYLIGHT,0,0,0,1
33709844,CAMPBELL,US0027,USRoute,5400,ALEXANDRIA,PIKE,,38.99918833,-84.41866541,13.479,8/14/2024 0:00,1452,2,2,0,0,O,CLEAR,DRY,0,1 VEHICLE ENTERING/LEAVING ENTRANCE,ANGLE,STRAIGHT & LEVEL,DAYLIGHT,0,0,0,1
33667751,CAMPBELL,,OTHR,7,BAYWOOD,CT,,38.95978075,-84.37804629,0.061,8/14/2024 0:00,1449,2,2,0,0,O,CLEAR,DRY,0,1 VEHICLE ENTERING/LEAVING ENTRANCE,ANGLE,STRAIGHT & LEVEL,DAYLIGHT,0,0,0,1
33651267,CAMPBELL,I 0275,Interstate,,I275 E,,,39.03359263,-84.47035925,76.137,8/14/2024 0:00,1250,2,2,0,0,O,CLEAR,DRY,0,REAR END IN TRAFFIC LANES BOTH VEHICLES MOVING,REAR END,STRAIGHT & LEVEL,DAYLIGHT,0,0,0,1
33669913,CAMPBELL,I 0471,Interstate,3.8,I471 S,,,39.09330601,-84.47841752,3.898,8/14/2024 0:00,1700,2,2,0,0,O,CLEAR,DRY,0,REAR END IN TRAFFIC LANES BOTH VEHICLES MOVING,REAR END,STRAIGHT & LEVEL,DAYLIGHT,0,0,0,1