IncidentID,County,RdwyNumber,RdwyType,Street,RoadwayName,StreetSfx,StreetDir,Latitude,Longitude,Milepoint,CollisionDate,CollisionTime,UnitsInvolved,MotorVehiclesInvolved,NumberKilled,NumberInjured,KABCO,Weather,RdwyConditionCode,HitandRun,DirAnalysisCode,MannerofCollision,RdwyCharacter,LightCondition,Intersection Crash,Bicyclist,Pedestrian,Motor Vehicles
33658252,CAMPBELL,,OTHR,708,BERRY,ST,,39.1129977,-84.47040854,0.051,8/14/2024 0:00,1800,2,2,0,0,O,CLEAR,DRY,0,1 VEHICLE PARKED POSITION (NOT PARKING LOT/DRIVEWAY),BACKING,STRAIGHT & HILLCREST,DAYLIGHT,0,0,0,1
33658200,CAMPBELL,,OTHR,221,ELECTRIC,AVE,,39.07190668,-84.47455691,0.296,8/15/2024 0:00,1248,2,2,0,0,O,CLOUDY,DRY,0,VEHICLE BACKING NON INTERSECTION,BACKING,STRAIGHT & LEVEL,DAYLIGHT,0,0,0,1
33656595,CAMPBELL,KY0008,StateRoute,,MARY INGLES,HWY,,39.04016473,-84.40781611,9.8,8/15/2024 0:00,2355,2,2,0,0,O,CLOUDY,DRY,0,1 VEHICLE ENTERING/LEAVING ENTRANCE,ANGLE,STRAIGHT & LEVEL,DARK-HWY NOT LIGHTED,0,0,0,1
33658638,CAMPBELL,,OTHR,,KENTON,DR,,39.03489188,-84.46441075,0.53,8/15/2024 0:00,1533,2,2,0,0,O,CLOUDY,DRY,0,1 VEHICLE ENTERING/LEAVING ENTRANCE,ANGLE,STRAIGHT & GRADE,DAYLIGHT,0,0,0,1
33665601,CAMPBELL,US0027,USRoute,,ALEXANDRIA,PIKE,,39.03696895,-84.45413511,16.725,8/15/2024 0:00,1320,2,2,0,0,O,CLOUDY,DRY,0,SIDESWIPE COLLISION - SAME DIRECTION,SIDESWIPE-SAME DIRECTION,STRAIGHT & LEVEL,DAYLIGHT,0,0,0,1
33658180,CAMPBELL,KY1120,StateRoute,300,MEMORIAL,PKWY,,39.09510528,-84.47356823,1.851,8/15/2024 0:00,722,2,2,0,0,O,CLEAR,DRY,0,SIDESWIPE COLLISION - SAME DIRECTION,SIDESWIPE-SAME DIRECTION,CURVE & LEVEL,DAWN,0,0,0,1
33707025,CAMPBELL,KY0010,StateRoute,,MAIN,ST,E,38.95922551,-84.38233594,1.967,8/15/2024 0:00,2228,1,1,0,0,O,RAINING,WET,0,COLLISION WITH FIXED OBJECT NON - INTERSECTION - FIRST EVENT COLLISION 09 - 32 EXCLUDING 16,SINGLE VEHICLE,CURVE & LEVEL,DARK-HWY NOT LIGHTED,0,0,0,1
33658371,CAMPBELL,KY0008X,StateRoute,,6TH,AVE,,39.11101329,-84.47679604,1.712,8/15/2024 0:00,1120,2,2,0,0,O,CLEAR,DRY,0,1 VEHICLE PARKED POSITION (NOT PARKING LOT/DRIVEWAY),SIDESWIPE-SAME DIRECTION,STRAIGHT & LEVEL,DAYLIGHT,0,0,0,1
33660851,CAMPBELL,,OTHR,,11TH,ST,E,39.08613199,-84.48749816,0.001,8/15/2024 0:00,1928,2,2,0,1,B,CLEAR,DRY,0,OTHER INTERSECTION COLLISIONS,REAR END,STRAIGHT & LEVEL,DAYLIGHT,1,0,0,1
33659388,CAMPBELL,,OTHR,,8TH,ST,E,39.09010534,-84.49021258,0.178,8/15/2024 0:00,1555,2,2,0,0,O,CLOUDY,DRY,0,ANGLE COLLISION - OTHER,ANGLE,STRAIGHT & GRADE,DAYLIGHT,0,0,0,1
33659385,CAMPBELL,I 0471,Interstate,,,,,39.08544992,-84.47453511,0.168,8/15/2024 0:00,1526,2,2,0,0,O,CLEAR,DRY,0,OTHER RAMP RELATED COLLISIONS NOT LISTED ABOVE,REAR END,CURVE & GRADE,DAYLIGHT,0,0,0,1
33659308,CAMPBELL,US0027,USRoute,500,MONMOUTH,ST,,39.09238879,-84.49427078,22.033,8/16/2024 0:00,1357,2,2,0,0,O,CLOUDY,DRY,1,OTHER INTERSECTION COLLISIONS,REAR END,STRAIGHT & LEVEL,DAYLIGHT,1,0,0,1
33661129,CAMPBELL,,OTHR,1092,SCENIC,DR,,38.99176567,-84.40237105,0.168,8/16/2024 0:00,1252,2,2,0,0,O,CLEAR,DRY,0,1 VEHICLE PARKED POSITION (NOT PARKING LOT/DRIVEWAY),BACKING,STRAIGHT & LEVEL,DAYLIGHT,0,0,0,1
33669638,CAMPBELL,,OTHR,,US 27,,,38.98046329,-84.39462056,,8/16/2024 0:00,1327,1,1,0,0,O,CLEAR,DRY,0,COLLISION WITH FIXED OBJECT NON - INTERSECTION - FIRST EVENT COLLISION 09 - 32 EXCLUDING 16,SINGLE VEHICLE,STRAIGHT & LEVEL,DAYLIGHT,0,0,0,1
33659455,CAMPBELL,I 0471,Interstate,,I471 N,,,39.07729069,-84.46939874,2.659,8/16/2024 0:00,1054,1,1,0,0,O,RAINING,WET,0,COLLISION WITH FIXED OBJECT NON - INTERSECTION - FIRST EVENT COLLISION 09 - 32 EXCLUDING 16,SINGLE VEHICLE,STRAIGHT & LEVEL,DAYLIGHT,0,0,0,1
33667661,CAMPBELL,I 0275,Interstate,,I275 E,,,39.02257708,-84.48891516,77.555,8/16/2024 0:00,718,1,1,0,0,O,CLOUDY,WET,0,COLLISION WITH FIXED OBJECT NON - INTERSECTION - FIRST EVENT COLLISION 09 - 32 EXCLUDING 16,SINGLE VEHICLE,STRAIGHT & LEVEL,DAYLIGHT,0,0,0,1
33658448,CAMPBELL,I 0275,Interstate,,I275 W,,,39.03893976,-84.47031307,75.705,8/16/2024 0:00,700,1,1,0,0,O,RAINING,WET,0,COLLISION WITH FIXED OBJECT NON - INTERSECTION - FIRST EVENT COLLISION 09 - 32 EXCLUDING 16,SINGLE VEHICLE,CURVE & LEVEL,DAYLIGHT,0,0,0,1
33660273,CAMPBELL,I 0471,Interstate,,I471 N,,,39.09816202,-84.48871536,4.558,8/16/2024 0:00,1831,2,2,0,0,O,CLOUDY,WET,1,REAR END IN TRAFFIC LANES BOTH VEHICLES MOVING,REAR END,STRAIGHT & LEVEL,DAYLIGHT,0,0,0,1
33667662,CAMPBELL,I 0275,Interstate,,I275 E,,,39.02258265,-84.48893656,77.557,8/16/2024 0:00,655,3,3,0,0,O,CLOUDY,WET,0,REAR END IN TRAFFIC LANES BOTH VEHICLES MOVING,REAR END,CURVE & LEVEL,DAYLIGHT,0,0,0,1
33658178,CAMPBELL,KY0008,StateRoute,145,FAIRFIELD,AVE,,39.10353344,-84.48662457,1.607,8/16/2024 0:00,820,2,2,0,0,O,RAINING,WET,0,REAR END IN TRAFFIC LANES BOTH VEHICLES MOVING,REAR END,STRAIGHT & LEVEL,DAWN,0,0,0,1
33667131,CAMPBELL,,OTHR,,RAVINE,CIR,,39.06439816,-84.46970156,0.005,8/16/2024 0:00,1854,2,2,0,0,O,CLOUDY,WET,0,1 VEHICLE ENTERING/LEAVING ENTRANCE,ANGLE,STRAIGHT & LEVEL,DAYLIGHT,0,0,0,1
33667627,CAMPBELL,,OTHR,,UNIVERSITY,DR,,39.0306228,-84.459991,0.18,8/16/2024 0:00,1637,2,2,0,0,O,CLEAR,DRY,0,1 VEHICLE ENTERING/LEAVING ENTRANCE,ANGLE,STRAIGHT & GRADE,DAYLIGHT,0,0,0,1
33667626,CAMPBELL,,OTHR,50,CAMPBELL,DR,,39.04111475,-84.46553109,0.029,8/16/2024 0:00,1326,2,2,0,0,O,CLEAR,DRY,0,VEHICLE BACKING NON INTERSECTION,BACKING,STRAIGHT & LEVEL,DAYLIGHT,0,0,0,1
33664384,CAMPBELL,,OTHR,500,6TH,ST,E,39.09427222,-84.48856956,0.349,8/17/2024 0:00,1128,2,2,0,0,O,CLEAR,DRY,0,1 VEHICLE ENTERING/LEAVING ENTRANCE,ANGLE,STRAIGHT & LEVEL,DAYLIGHT,0,0,0,1
33664483,CAMPBELL,I 0471,Interstate,,I471 N,,,39.10010746,-84.4935816,4.859,8/17/2024 0:00,1652,2,2,0,0,O,CLEAR,DRY,0,REAR END IN TRAFFIC LANES BOTH VEHICLES MOVING,REAR END,STRAIGHT & LEVEL,DAYLIGHT,0,0,0,1
33661993,CAMPBELL,,OTHR,117,5TH,ST,E,39.092621,-84.49390545,0.025,8/17/2024 0:00,820,2,2,0,0,O,CLEAR,DRY,1,1 VEHICLE PARKED POSITION (NOT PARKING LOT/DRIVEWAY),SIDESWIPE-SAME DIRECTION,STRAIGHT & LEVEL,DAYLIGHT,0,0,0,1
33664381,CAMPBELL,KY0008,StateRoute,,4TH,ST,E,39.09242547,-84.49596993,0.56,8/17/2024 0:00,1616,2,2,0,0,O,CLOUDY,DRY,0,SIDESWIPE-SAME DIRECTION,SIDESWIPE-SAME DIRECTION,STRAIGHT & LEVEL,DAYLIGHT,0,0,0,1
33664385,CAMPBELL,I 0471,Interstate,,,,,39.09247988,-84.47625967,0.019,8/17/2024 0:00,1530,2,2,0,0,O,CLEAR,DRY,1,OTHER RAMP RELATED COLLISIONS NOT LISTED ABOVE,REAR END,STRAIGHT & LEVEL,DAYLIGHT,0,0,0,1
33666215,CAMPBELL,I 0471,Interstate,,,,,39.08554246,-84.47452116,0.206,8/18/2024 0:00,1910,2,2,0,0,O,CLEAR,WET,0,OTHER RAMP RELATED COLLISIONS NOT LISTED ABOVE,REAR END,CURVE & GRADE,DAYLIGHT,0,0,0,1
33667132,CAMPBELL,I 0471,Interstate,,I471 SB,,,39.06221454,-84.46870343,1.397,8/18/2024 0:00,1636,1,1,0,0,O,RAINING,WATER (STANDING OR MOVING),0,OTHER ROADWAY OR MID-BLOCK COLLISION,SINGLE VEHICLE,CURVE & LEVEL,DAYLIGHT,0,0,0,1
33669508,CAMPBELL,KY0536,StateRoute,,CREEKTRACE,RD,,38.93252104,-84.42088882,1.815,8/18/2024 0:00,1849,1,1,0,1,C,RAINING,WET,0,OTHER ROADWAY OR MID-BLOCK COLLISION,SINGLE VEHICLE,STRAIGHT & LEVEL,DAYLIGHT,0,0,0,1
33666216,CAMPBELL,,OTHR,308,LINDSEY,ST,,39.08437449,-84.49574136,0.23,8/18/2024 0:00,1804,2,2,0,0,O,CLEAR,DRY,0,1 VEHICLE PARKED POSITION (NOT PARKING LOT/DRIVEWAY),BACKING,STRAIGHT & LEVEL,DAYLIGHT,0,0,0,1
33666218,CAMPBELL,,OTHR,106,8TH,ST,E,39.08950955,-84.4912056,0.111,8/18/2024 0:00,1826,2,2,0,0,O,CLEAR,DRY,1,1 VEHICLE PARKED POSITION (NOT PARKING LOT/DRIVEWAY),SIDESWIPE-SAME DIRECTION,STRAIGHT & LEVEL,DAYLIGHT,0,0,0,1
33667235,CAMPBELL,I 0471,Interstate,,I471 N,,,39.08884036,-84.47489394,3.519,8/18/2024 0:00,1426,1,1,0,1,B,RAINING,WATER (STANDING OR MOVING),0,OTHER COLLISIONS ON SHOULDER,SINGLE VEHICLE,STRAIGHT & LEVEL,DAYLIGHT,0,0,0,1
33669908,CAMPBELL,I 0471,Interstate,,I471 S,,,39.08837317,-84.47491904,3.506,8/18/2024 0:00,1459,3,3,0,3,B,RAINING,WET,0,REAR END IN TRAFFIC LANES BOTH VEHICLES MOVING,REAR END,STRAIGHT & LEVEL,DAYLIGHT,0,0,0,1
33672660,CAMPBELL,,OTHR,170,CHESAPEAKE,AVE,,39.08849194,-84.4701901,0.272,8/18/2024 0:00,1445,2,2,0,0,O,CLEAR,DRY,0,1 VEHICLE ENTERING/LEAVING ENTRANCE,ANGLE,STRAIGHT & GRADE,DAYLIGHT,0,0,0,1
33669547,CAMPBELL,,OTHR,,BRECKENRIDGE,DR,,38.95721716,-84.39555365,0.719,8/18/2024 0:00,1154,2,2,0,0,O,CLEAR,DRY,0,1 VEHICLE ENTERING/LEAVING ENTRANCE,ANGLE,CURVE & LEVEL,DAYLIGHT,0,0,0,1
33664484,CAMPBELL,US0027,USRoute,1930,MONMOUTH,ST,,39.07890886,-84.48032101,20.82,8/18/2024 0:00,1010,2,2,0,0,O,CLEAR,DRY,0,1 VEHICLE ENTERING/LEAVING ENTRANCE,ANGLE,STRAIGHT & LEVEL,DAYLIGHT,0,0,0,1
33669912,CAMPBELL,I 0471,Interstate,,I471 N,,,39.10034304,-84.49354224,4.866,8/18/2024 0:00,1542,2,2,0,1,C,CLOUDY,WET,0,OTHER ROADWAY OR MID-BLOCK COLLISION,REAR END,STRAIGHT & LEVEL,DAYLIGHT,0,0,0,1
33677378,CAMPBELL,I 0471,Interstate,,I471 S,,,39.07383952,-84.4658246,2.37,8/18/2024 0:00,1905,2,2,0,0,O,RAINING,WATER (STANDING OR MOVING),0,SIDESWIPE COLLISION - SAME DIRECTION,SIDESWIPE-SAME DIRECTION,STRAIGHT & HILLCREST,DAYLIGHT,0,0,0,1
33688506,CAMPBELL,US0027,USRoute,2124,MONMOUTH,ST,,39.07797902,-84.47950507,20.739,8/19/2024 0:00,1336,2,2,0,0,O,CLEAR,DRY,0,1 VEHICLE ENTERING/LEAVING ENTRANCE,ANGLE,STRAIGHT & GRADE,DAYLIGHT,0,0,0,1
33672662,CAMPBELL,,OTHR,,HIGHLAND,AVE,,39.07553164,-84.46294885,0.496,8/19/2024 0:00,1652,2,2,0,0,O,CLEAR,DRY,0,1 VEHICLE ENTERING/LEAVING ENTRANCE,ANGLE,STRAIGHT & LEVEL,DAYLIGHT,0,0,0,1
33678785,CAMPBELL,US0027,USRoute,,ALEXANDRIA,PIKE,,38.98544873,-84.40274688,12.225,8/19/2024 0:00,1000,2,2,0,0,O,CLEAR,DRY,1,REAR END IN TRAFFIC LANES BOTH VEHICLES MOVING,REAR END,STRAIGHT & GRADE,DAYLIGHT,0,0,0,1
33681695,CAMPBELL,I 0275,Interstate,,I275 E,,,39.05609244,-84.43271682,73.332,8/19/2024 0:00,1700,2,2,0,0,O,CLEAR,DRY,0,REAR END IN TRAFFIC LANES BOTH VEHICLES MOVING,REAR END,STRAIGHT & LEVEL,DAYLIGHT,0,0,0,1
33671411,CAMPBELL,,OTHR,,NEW LINDEN,RD,,39.07906204,-84.4804517,0.008,8/19/2024 0:00,1815,2,2,0,0,O,CLEAR,DRY,0,REAR END - ONE VEHICLE TURNING RIGHT,REAR END,STRAIGHT & GRADE,DAYLIGHT,0,0,0,1
33669765,CAMPBELL,KY0009,StateRoute,,AA,HWY,,39.01819057,-84.48009827,17.395,8/19/2024 0:00,651,2,2,0,0,O,CLOUDY,DRY,0,OTHER INTERSECTION COLLISIONS,REAR END,STRAIGHT & LEVEL,DAYLIGHT,1,0,0,1
33683390,CAMPBELL,,OTHR,511,MCKINNEY,ST,,39.11256511,-84.47457536,0.168,8/19/2024 0:00,1825,2,2,0,0,O,CLEAR,DRY,1,1 VEHICLE PARKED POSITION (NOT PARKING LOT/DRIVEWAY),SIDESWIPE-SAME DIRECTION,STRAIGHT & LEVEL,DAYLIGHT,0,0,0,1
33669904,CAMPBELL,I 0471,Interstate,,I-471 SOUTH,,,39.08542953,-84.4743649,0.203,8/19/2024 0:00,1241,2,2,0,0,O,CLEAR,DRY,0,OTHER RAMP RELATED COLLISIONS NOT LISTED ABOVE,REAR END,CURVE & HILLCREST,DAYLIGHT,0,0,0,1
33685943,CAMPBELL,US0027,USRoute,,ALEXANDRIA,PIKE,,39.02900358,-84.45051179,16.152,8/20/2024 0:00,2222,2,2,0,0,O,CLEAR,DRY,1,OTHER ROADWAY OR MID-BLOCK COLLISION,REAR END,STRAIGHT & LEVEL,DARK-HWY LIGHTED/ON,0,0,0,1
33678797,CAMPBELL,US0027,USRoute,,ALEXANDRIA,PIKE,,38.98224816,-84.3978248,11.864,8/20/2024 0:00,519,2,2,0,0,O,CLEAR,DRY,0,ANGLE COLLISION - OTHER,ANGLE,STRAIGHT & LEVEL,DAWN,0,0,0,1
33703544,CAMPBELL,US0027,USRoute,,ALEXANDRIA,PIKE,,39.02901926,-84.450487,16.151,8/20/2024 0:00,842,2,2,0,2,B,CLEAR,DRY,0,HEAD-ON COLLISION,HEAD ON,STRAIGHT & LEVEL,DAYLIGHT,0,0,0,1
33677377,CAMPBELL,I 0275,Interstate,,I275 EB,,,39.03428557,-84.47031352,76.087,8/20/2024 0:00,907,10,10,0,0,O,CLEAR,DRY,0,REAR END IN TRAFFIC LANES BOTH VEHICLES MOVING,REAR END,STRAIGHT & HILLCREST,DAYLIGHT,0,0,0,1
33681890,CAMPBELL,,OTHR,660,HIGHLAND,AVE,,39.07580472,-84.46182183,0.56,8/20/2024 0:00,2233,2,2,0,0,O,CLEAR,DRY,0,1 VEHICLE PARKED POSITION (NOT PARKING LOT/DRIVEWAY),REAR END,CURVE & LEVEL,DARK-HWY LIGHTED/ON,0,0,0,1
33678243,CAMPBELL,US0027,USRoute,700,YORK,ST,,39.0892067,-84.49343432,21.963,8/20/2024 0:00,1416,3,3,0,0,O,CLOUDY,DRY,1,SIDESWIPE COLLISION - SAME DIRECTION,SIDESWIPE-SAME DIRECTION,STRAIGHT & GRADE,DAYLIGHT,0,0,0,1
33678239,CAMPBELL,I 0471,Interstate,,I471 N,,,39.09985546,-84.49318918,4.832,8/20/2024 0:00,1629,2,2,0,0,O,CLEAR,DRY,0,SIDESWIPE COLLISION - SAME DIRECTION,SIDESWIPE-SAME DIRECTION,STRAIGHT & LEVEL,DAYLIGHT,0,0,0,1
33686762,CAMPBELL,KY2238,StateRoute,,UNIVERSITY,DR,,39.03327016,-84.46011663,0.336,8/20/2024 0:00,830,2,2,0,1,C,CLEAR,DRY,0,SIDESWIPE COLLISION - SAME DIRECTION,SIDESWIPE-SAME DIRECTION,CURVE & LEVEL,DAYLIGHT,0,0,0,1
33690824,CAMPBELL,US0027,USRoute,1000,MONMOUTH,ST,,39.08625391,-84.48759518,21.454,8/20/2024 0:00,1500,2,2,0,0,O,CLEAR,DRY,0,VEHICLE BACKING NON INTERSECTION,BACKING,STRAIGHT & LEVEL,DAYLIGHT,0,0,0,1
33685112,CAMPBELL,I 0275,Interstate,,I275 W,,,39.03145587,-84.47043548,76.335,8/20/2024 0:00,900,3,3,0,0,O,CLEAR,DRY,0,OTHER ROADWAY OR MID-BLOCK COLLISION,REAR END,STRAIGHT & HILLCREST,DAYLIGHT,0,0,0,1
33696842,CAMPBELL,I 0275,Interstate,,I275 W,,,39.02513034,-84.47818679,76.933,8/21/2024 0:00,853,2,2,0,0,O,CLEAR,DRY,1,1 VEHICLE ENTERING/LEAVING ENTRANCE,ANGLE,CURVE & GRADE,DAYLIGHT,0,0,0,1
33691500,CAMPBELL,KY1892,StateRoute,1,CAROTHERS,RD,,39.08435263,-84.4830473,2.511,8/21/2024 0:00,1500,2,2,0,0,O,CLEAR,DRY,1,1 VEHICLE ENTERING/LEAVING ENTRANCE,ANGLE,STRAIGHT & LEVEL,DAYLIGHT,0,0,0,1
33679563,CAMPBELL,,OTHR,211,BERRY,AVE,,39.10408503,-84.48537596,0.802,8/21/2024 0:00,852,2,2,0,0,O,CLEAR,DRY,0,SIDESWIPE COLLISION - SAME DIRECTION,SIDESWIPE-SAME DIRECTION,STRAIGHT & GRADE,DAYLIGHT,0,0,0,1
33690825,CAMPBELL,US0027,USRoute,400,YORK,ST,,39.09173497,-84.49571772,22.177,8/21/2024 0:00,1430,2,2,0,0,O,CLEAR,DRY,0,SIDESWIPE COLLISION - SAME DIRECTION,SIDESWIPE-SAME DIRECTION,STRAIGHT & LEVEL,DAYLIGHT,0,0,0,1
33690381,CAMPBELL,,OTHR,721,ANN,ST,,39.08817996,-84.49555586,0.047,8/21/2024 0:00,1521,2,2,0,0,O,CLEAR,DRY,0,1 VEHICLE PARKED POSITION (NOT PARKING LOT/DRIVEWAY),BACKING,STRAIGHT & LEVEL,DAYLIGHT,0,0,0,1
33688618,CAMPBELL,I 0275,Interstate,,I275 E,,,39.05654607,-84.43167265,,8/21/2024 0:00,1737,2,2,0,0,O,CLEAR,DRY,0,REAR END IN TRAFFIC LANES BOTH VEHICLES MOVING,REAR END,STRAIGHT & GRADE,DAYLIGHT,0,0,0,1
33677315,CAMPBELL,I 0471,Interstate,,I471 NB,,,39.06292579,-84.46795804,1.459,8/21/2024 0:00,805,2,2,0,0,O,CLEAR,DRY,0,REAR END IN TRAFFIC LANES BOTH VEHICLES MOVING,REAR END,CURVE & LEVEL,DAYLIGHT,0,0,0,1
33684199,CAMPBELL,KY0008,StateRoute,,FAIRFIELD,AVE,,39.10417581,-84.4858161,1.668,8/21/2024 0:00,1543,2,2,0,0,O,CLEAR,DRY,0,OTHER INTERSECTION COLLISIONS,REAR END,STRAIGHT & LEVEL,DAYLIGHT,1,0,0,1
33684200,CAMPBELL,,OTHR,357,TAYLOR,AVE,,39.1031154,-84.48101303,0.346,8/21/2024 0:00,1656,2,2,0,0,O,CLEAR,DRY,0,1 VEHICLE PARKED POSITION (NOT PARKING LOT/DRIVEWAY),REAR TO REAR,STRAIGHT & LEVEL,DAYLIGHT,0,0,0,1
33686667,CAMPBELL,,OTHR,,INVERNESS,PL,,39.09141309,-84.45540872,0.004,8/21/2024 0:00,746,2,1,0,0,O,CLEAR,DRY,0,COLLISION WITH BICYCLIST NON INTERSECTION,SINGLE VEHICLE,STRAIGHT & LEVEL,DAYLIGHT,0,1,0,0
33678241,CAMPBELL,I 0471,Interstate,,,,,39.08540339,-84.47461097,0.215,8/21/2024 0:00,1036,2,2,0,1,C,CLEAR,DRY,0,OTHER RAMP RELATED COLLISIONS NOT LISTED ABOVE,REAR END,CURVE & LEVEL,DAYLIGHT,0,0,0,1
33707725,CAMPBELL,US0027,USRoute,328,MONMOUTH,ST,,39.09329896,-84.49510031,22.11,8/22/2024 0:00,1528,3,3,0,0,O,CLEAR,DRY,1,1 VEHICLE PARKED POSITION (NOT PARKING LOT/DRIVEWAY),SIDESWIPE-OPPOSITE DIRECTION,STRAIGHT & LEVEL,DAYLIGHT,0,0,0,1
33686479,CAMPBELL,KY1632,StateRoute,,MOOCK,RD,,39.06843899,-84.46671515,1.653,8/22/2024 0:00,1236,2,2,0,0,O,CLEAR,DRY,0,REAR END - ONE VEHICLE TURNING RIGHT,REAR END,STRAIGHT & LEVEL,DAYLIGHT,0,0,0,1
33696844,CAMPBELL,KY0009,StateRoute,,AA,HWY,,39.02126619,-84.48138514,17.63,8/22/2024 0:00,902,2,2,0,0,O,CLEAR,DRY,0,ANGLE COLLISION - OTHER,ANGLE,STRAIGHT & LEVEL,DAYLIGHT,0,0,0,1
33695751,CAMPBELL,US0027,USRoute,,ALEXANDRIA,PIKE,,39.03151691,-84.45212409,16.343,8/22/2024 0:00,1540,2,2,0,0,O,CLEAR,DRY,1,OTHER INTERSECTION COLLISIONS,REAR END,STRAIGHT & LEVEL,DAYLIGHT,1,0,0,1
33698309,CAMPBELL,,OTHR,50,KENTON,DR,,39.03157874,-84.46704386,0.252,8/22/2024 0:00,1226,2,2,0,0,O,CLEAR,GRAVEL,1,SIDESWIPE COLLISION - SAME DIRECTION,SIDESWIPE-SAME DIRECTION,STRAIGHT & LEVEL,DAYLIGHT,0,0,0,1
33684201,CAMPBELL,KY0008,StateRoute,230,FAIRFIELD,AVE,,39.10569647,-84.48397524,1.815,8/22/2024 0:00,1132,2,2,0,0,O,CLEAR,DRY,0,1 VEHICLE ENTERING/LEAVING ENTRANCE,ANGLE,STRAIGHT & LEVEL,DAYLIGHT,0,0,0,1
33688953,CAMPBELL,,OTHR,,RIVIERA,DR,,39.09761657,-84.48383159,0.39,8/23/2024 0:00,1433,2,2,0,0,O,CLEAR,DRY,0,1 VEHICLE ENTERING/LEAVING ENTRANCE,ANGLE,STRAIGHT & LEVEL,DAYLIGHT,0,0,0,1
33698110,CAMPBELL,I 0275,Interstate,,I275 W,,,39.04801028,-84.45752885,74.8,8/23/2024 0:00,2220,2,2,0,0,O,CLEAR,DRY,0,SIDESWIPE COLLISION - SAME DIRECTION,SIDESWIPE-SAME DIRECTION,STRAIGHT & LEVEL,DARK-HWY LIGHTED/ON,0,0,0,1
33698105,CAMPBELL,I 0471,Interstate,,I471 N,,,39.05289155,-84.46841625,0.743,8/23/2024 0:00,1700,2,2,0,0,O,CLEAR,DRY,1,SIDESWIPE COLLISION - SAME DIRECTION,SIDESWIPE-SAME DIRECTION,STRAIGHT & LEVEL,DAYLIGHT,0,0,0,1
33688733,CAMPBELL,I 0471,Interstate,,I471 S,,,39.08701827,-84.47424484,3.406,8/23/2024 0:00,1644,2,2,0,0,O,CLEAR,DRY,0,REAR END IN TRAFFIC LANES BOTH VEHICLES MOVING,REAR END,STRAIGHT & LEVEL,DAYLIGHT,0,0,0,1
33695752,CAMPBELL,US0027,USRoute,,ALEXANDRIA,PIKE,,39.02923287,-84.4505793,16.165,8/23/2024 0:00,748,2,2,0,1,B,CLEAR,DRY,1,REAR END IN TRAFFIC LANES BOTH VEHICLES MOVING,REAR END,STRAIGHT & LEVEL,DAYLIGHT,0,0,0,1
33707083,CAMPBELL,US0027,USRoute,,ALEXANDRIA,PIKE,,38.95492261,-84.39315379,9.857,8/23/2024 0:00,1435,3,3,0,0,O,CLEAR,DRY,0,REAR END IN TRAFFIC LANES BOTH VEHICLES MOVING,REAR END,STRAIGHT & LEVEL,DAYLIGHT,0,0,0,1
33697133,CAMPBELL,,OTHR,272,BLUEGRASS,AVE,,39.07359611,-84.47768214,0.208,8/23/2024 0:00,2002,2,2,0,0,O,CLEAR,DRY,1,1 VEHICLE PARKED POSITION (NOT PARKING LOT/DRIVEWAY),SIDESWIPE-SAME DIRECTION,STRAIGHT & LEVEL,DAYLIGHT,0,0,0,1
33707024,CAMPBELL,,OTHR,119,BROOKWOOD,DR,,38.9520061,-84.36951931,0.112,8/23/2024 0:00,1920,2,2,0,0,O,CLEAR,DRY,0,1 VEHICLE PARKED POSITION (NOT PARKING LOT/DRIVEWAY),REAR END,STRAIGHT & LEVEL,DAYLIGHT,0,0,0,1
33688732,CAMPBELL,,OTHR,,19TH,ST,,39.08000505,-84.48132262,0.002,8/23/2024 0:00,1446,2,2,0,2,C,CLEAR,DRY,0,ANGLE COLLISION - OTHER,ANGLE,STRAIGHT & LEVEL,DAYLIGHT,0,0,0,1
33703574,CAMPBELL,,OTHR,,5TH,ST,E,39.09424089,-84.49094028,0.22,8/23/2024 0:00,1701,2,2,0,0,O,CLEAR,DRY,0,ANGLE COLLISION - OTHER,ANGLE,STRAIGHT & LEVEL,DAYLIGHT,0,0,0,1
33693764,CAMPBELL,KY6335,StateRoute,,MARY INGLES,HWY,,39.11306291,-84.45599832,0.298,8/23/2024 0:00,1127,1,1,0,1,A,CLEAR,DRY,0,OCCUPANT FELL FROM MOVING VEHICLE,SINGLE VEHICLE,STRAIGHT & LEVEL,DAYLIGHT,0,0,0,1
33690136,CAMPBELL,I 0471,Interstate,,I471 S,,,39.09509972,-84.48114588,4.063,8/23/2024 0:00,2021,1,1,0,0,O,CLEAR,DRY,0,OTHER ROADWAY OR MID-BLOCK COLLISION,SINGLE VEHICLE,STRAIGHT & LEVEL,DAYLIGHT,0,0,0,1
33696287,CAMPBELL,,OTHR,464,POPLAR THICKET,RD,,38.94443224,-84.42802585,1.125,8/24/2024 0:00,1352,1,1,0,0,O,CLEAR,DRY,1,OTHER ROADWAY OR MID-BLOCK COLLISION,SINGLE VEHICLE,STRAIGHT & LEVEL,DAYLIGHT,0,0,0,1
33708805,CAMPBELL,I 0275,Interstate,,I275 E,,,39.05319829,-84.43920478,73.734,8/24/2024 0:00,130,1,1,0,0,O,CLEAR,DRY,1,COLLISION WITH FIXED OBJECT NON - INTERSECTION - FIRST EVENT COLLISION 09 - 32 EXCLUDING 16,SINGLE VEHICLE,STRAIGHT & GRADE,DARK-HWY LIGHTED/ON,0,0,0,1