IncidentID,County,RdwyNumber,RdwyType,Street,RoadwayName,StreetSfx,StreetDir,Latitude,Longitude,Milepoint,CollisionDate,CollisionTime,UnitsInvolved,MotorVehiclesInvolved,NumberKilled,NumberInjured,KABCO,Weather,RdwyConditionCode,HitandRun,DirAnalysisCode,MannerofCollision,RdwyCharacter,LightCondition,Intersection Crash,Bicyclist,Pedestrian,Motor Vehicles
33696286,CAMPBELL,KY0008,StateRoute,,MARY INGLES,HWY,,38.92951895,-84.27615801,21.171,8/24/2024 0:00,702,1,1,0,0,O,CLEAR,DRY,0,COLLISION WITH ANIMAL NON INTERSECTION,SINGLE VEHICLE,STRAIGHT & GRADE,DAYLIGHT,0,0,0,1
33690294,CAMPBELL,,OTHR,600,WASHINGTON,AVE,,39.09270071,-84.49057414,0.248,8/24/2024 0:00,136,2,2,0,0,O,CLEAR,DRY,0,1 VEHICLE PARKED POSITION (NOT PARKING LOT/DRIVEWAY),HEAD ON,STRAIGHT & LEVEL,DARK-HWY LIGHTED/ON,0,0,0,1
33692560,CAMPBELL,I 0275,Interstate,,I275 E,,,39.05659597,-84.43134864,73.251,8/24/2024 0:00,200,1,1,0,0,O,CLEAR,DRY,0,COLLISION WITH NON-FIXED OBJECT ,SINGLE VEHICLE,STRAIGHT & LEVEL,DARK-HWY LIGHTED/ON,0,0,0,1
33690944,CAMPBELL,KY1120,StateRoute,,11TH,ST,W,39.08382948,-84.49161457,0.532,8/24/2024 0:00,1259,2,2,0,0,O,CLEAR,DRY,0,ANGLE COLLISION - OTHER,ANGLE,STRAIGHT & LEVEL,DAYLIGHT,0,0,0,1
33707120,CAMPBELL,,OTHR,5,SPRING HILL,CT,,38.96613226,-84.37347386,0.019,8/24/2024 0:00,2047,2,2,0,0,O,CLEAR,DRY,0,COLLISION WITH PARKED VEHICLE,BACKING,STRAIGHT & LEVEL,DARK-HWY NOT LIGHTED,0,0,0,1
33691499,CAMPBELL,I 0471,Interstate,,I471 N,,,39.09956869,-84.49257839,4.793,8/24/2024 0:00,1412,2,2,0,0,O,CLEAR,DRY,0,REAR END IN TRAFFIC LANES BOTH VEHICLES MOVING,REAR END,STRAIGHT & LEVEL,DAYLIGHT,0,0,0,1
33693766,CAMPBELL,,OTHR,,OFALLON,AVE,,39.10895274,-84.47989428,0.496,8/24/2024 0:00,1126,2,2,0,0,O,CLEAR,DRY,0,VEHICLE BACKING NON INTERSECTION,BACKING,STRAIGHT & LEVEL,DAYLIGHT,0,0,0,1
33693163,CAMPBELL,US0027,USRoute,328,MONMOUTH,ST,,39.0933645,-84.49518171,22.072,8/24/2024 0:00,2330,2,2,0,0,O,CLEAR,DRY,0,1 VEHICLE ENTERING/LEAVING ENTRANCE,ANGLE,STRAIGHT & GRADE,DARK-HWY LIGHTED/ON,0,0,0,1
33694938,CAMPBELL,I 0471,Interstate,,I471 N,,,39.09869688,-84.49078439,4.678,8/25/2024 0:00,115,1,1,0,0,O,CLEAR,DRY,1,COLLISION WITH FIXED OBJECT NON - INTERSECTION - FIRST EVENT COLLISION 09 - 32 EXCLUDING 16,SINGLE VEHICLE,CURVE & LEVEL,DARK-HWY LIGHTED/ON,0,0,0,1
33696074,CAMPBELL,,OTHR,616,OVERTON,ST,,39.09330529,-84.48939671,0.255,8/25/2024 0:00,2353,1,1,0,0,O,CLEAR,DRY,0,COLLISION WITH FIXED OBJECT NON - INTERSECTION - FIRST EVENT COLLISION 09 - 32 EXCLUDING 16,SINGLE VEHICLE,STRAIGHT & LEVEL,DARK-HWY LIGHTED/ON,0,0,0,1
33743468,CAMPBELL,KY0008,StateRoute,,FAIRFIELD,AVE,,39.1041044,-84.48591727,1.661,8/25/2024 0:00,2020,2,2,0,0,O,CLEAR,DRY,0,OTHER ROADWAY OR MID-BLOCK COLLISION,REAR END,STRAIGHT & LEVEL,DUSK,0,0,0,1
33700810,CAMPBELL,I 0471,Interstate,,,,,39.08541422,-84.4745768,0.214,8/26/2024 0:00,1809,2,2,0,0,O,CLEAR,DRY,0,OTHER RAMP RELATED COLLISIONS NOT LISTED ABOVE,REAR END,CURVE & LEVEL,DAYLIGHT,0,0,0,1
33730375,CAMPBELL,KY1892,StateRoute,24,CAROTHERS,RD,,39.08453808,-84.48203255,2.453,8/26/2024 0:00,1500,2,2,0,0,O,CLEAR,DRY,0,SIDESWIPE COLLISION - SAME DIRECTION,SIDESWIPE-SAME DIRECTION,STRAIGHT & LEVEL,DAYLIGHT,0,0,0,1
33717704,CAMPBELL,,OTHR,1017,ISABELLA,ST,,39.08374179,-84.49454783,0.189,8/26/2024 0:00,1525,2,2,0,0,O,CLEAR,DRY,1,REAR END IN TRAFFIC LANES BOTH VEHICLES MOVING,REAR END,STRAIGHT & GRADE,DAYLIGHT,0,0,0,1
33700910,CAMPBELL,,OTHR,,7TH,ST,W,39.0882283,-84.49696795,0.194,8/26/2024 0:00,1731,2,2,0,0,O,CLEAR,DRY,0,1 VEHICLE PARKED POSITION (NOT PARKING LOT/DRIVEWAY),SIDESWIPE-SAME DIRECTION,STRAIGHT & LEVEL,DAYLIGHT,0,0,0,1
33719975,CAMPBELL,,OTHR,,WALNUT,ST,,39.1071349,-84.47538883,0.131,8/26/2024 0:00,1300,2,2,0,0,O,CLEAR,DRY,1,1 VEHICLE PARKED POSITION (NOT PARKING LOT/DRIVEWAY),SIDESWIPE-SAME DIRECTION,STRAIGHT & GRADE,DAYLIGHT,0,0,0,1
33707123,CAMPBELL,US0027,USRoute,,ALEXANDRIA,PIKE,,38.96180852,-84.39276915,10.334,8/26/2024 0:00,1625,2,2,0,0,O,CLEAR,DRY,0,OPPOSITE DIRECTION - BOTH VEHICLES GOING STRAIGHT AHEAD,SIDESWIPE-OPPOSITE DIRECTION,STRAIGHT & GRADE,DAYLIGHT,0,0,0,1
33703576,CAMPBELL,US0027,USRoute,,3RD,ST,E,39.0936354,-84.49685433,22.256,8/27/2024 0:00,1005,1,1,0,0,O,CLEAR,DRY,0,OTHER INTERSECTION COLLISIONS,SINGLE VEHICLE,CURVE & LEVEL,DAYLIGHT,1,0,0,1
33707076,CAMPBELL,US0027,USRoute,,YORK,ST,,39.09077889,-84.49484196,22.098,8/27/2024 0:00,1455,2,2,0,1,B,CLEAR,DRY,0,ANGLE COLLISION - OTHER,ANGLE,STRAIGHT & LEVEL,DAYLIGHT,0,0,0,1
33721278,CAMPBELL,US0027,USRoute,,ALEXANDRIA,PIKE,,38.9205196,-84.3905767,7.457,8/27/2024 0:00,1619,1,1,0,0,O,CLEAR,DRY,0,COLLISION WITH FIXED OBJECT NON - INTERSECTION - FIRST EVENT COLLISION 09 - 32 EXCLUDING 16,SINGLE VEHICLE,STRAIGHT & LEVEL,DAYLIGHT,0,0,0,1
33706485,CAMPBELL,I 0471,Interstate,,I471 SB,,,39.0662357,-84.4656512,1.75,8/27/2024 0:00,1813,2,2,0,0,O,CLEAR,DRY,0,REAR END IN TRAFFIC LANES BOTH VEHICLES MOVING,REAR END,STRAIGHT & LEVEL,DAYLIGHT,0,0,0,1
33721356,CAMPBELL,I 0471,Interstate,,I471 S,,,39.05010678,-84.46575061,0.442,8/27/2024 0:00,1821,2,2,0,0,O,CLEAR,DRY,0,REAR END IN TRAFFIC LANES BOTH VEHICLES MOVING,REAR END,STRAIGHT & LEVEL,DAYLIGHT,0,0,0,1
33707077,CAMPBELL,I 0471,Interstate,,I471 N,,,39.07789448,-84.46983447,2.71,8/27/2024 0:00,742,2,2,0,0,O,CLEAR,DRY,0,REAR END IN TRAFFIC LANES BOTH VEHICLES MOVING,REAR END,STRAIGHT & LEVEL,DAYLIGHT,0,0,0,1
33716860,CAMPBELL,US0027,USRoute,3704,ALEXANDRIA,PIKE,,39.02690322,-84.44872951,15.977,8/27/2024 0:00,1850,2,2,0,0,O,CLEAR,DRY,0,VEHICLE BACKING NON INTERSECTION,BACKING,STRAIGHT & LEVEL,DAYLIGHT,0,0,0,1
33721360,CAMPBELL,I 0471,Interstate,,I471 S,,,39.05010678,-84.46575061,0.442,8/27/2024 0:00,1802,2,2,0,0,O,CLEAR,DRY,0,SIDESWIPE COLLISION - SAME DIRECTION,SIDESWIPE-SAME DIRECTION,STRAIGHT & LEVEL,DAYLIGHT,0,0,0,1
33728515,CAMPBELL,,OTHR,,BACKUS,DR,,38.98931425,-84.40602082,0.019,8/28/2024 0:00,1827,2,2,0,0,O,RAINING,WET,0,SIDESWIPE COLLISION - SAME DIRECTION,SIDESWIPE-SAME DIRECTION,STRAIGHT & GRADE,DAYLIGHT,0,0,0,1
33722725,CAMPBELL,KY0536,StateRoute,,CREEKTRACE,RD,,38.937922,-84.40965761,2.592,8/28/2024 0:00,1753,2,2,0,0,O,RAINING,WET,0,1 VEHICLE ENTERING/LEAVING ENTRANCE,ANGLE,STRAIGHT & LEVEL,DAYLIGHT,0,0,0,1
33722724,CAMPBELL,I 0275,Interstate,,I275 E,,,39.05644397,-84.43185201,73.279,8/28/2024 0:00,1737,2,2,0,0,O,RAINING,WET,0,REAR END IN TRAFFIC LANES BOTH VEHICLES MOVING,REAR END,STRAIGHT & GRADE,DUSK,0,0,0,1
33714401,CAMPBELL,US0027,USRoute,,ALEXANDRIA,PIKE,,39.01824964,-84.43576015,15.031,8/28/2024 0:00,1401,3,3,0,0,O,CLEAR,DRY,0,OTHER INTERSECTION COLLISIONS,REAR END,STRAIGHT & LEVEL,DAYLIGHT,1,0,0,1
33715313,CAMPBELL,,OTHR,,WASHINGTON,AVE,,39.0884972,-84.48674283,0.604,8/29/2024 0:00,1112,2,2,0,0,O,CLEAR,DRY,0,OTHER INTERSECTION COLLISIONS,REAR END,STRAIGHT & LEVEL,DAYLIGHT,1,0,0,1
33715314,CAMPBELL,,OTHR,,LOWELL,ST,,39.07928972,-84.49627705,0.317,8/29/2024 0:00,757,2,2,0,0,O,CLEAR,DRY,0,ANGLE COLLISION - OTHER,ANGLE,STRAIGHT & GRADE,DAYLIGHT,0,0,0,1
33722718,CAMPBELL,I 0275,Interstate,,I275 E,,,39.05710541,-84.43031909,,8/29/2024 0:00,2234,2,2,0,0,O,CLEAR,DRY,0,HEAD-ON COLLISION,HEAD ON,STRAIGHT & LEVEL,DARK-HWY NOT LIGHTED,0,0,0,1
33721023,CAMPBELL,KY0471,StateRoute,,KY471,,,39.03735519,-84.45411495,0.028,8/29/2024 0:00,1201,2,2,0,0,O,CLEAR,DRY,0,REAR END IN TRAFFIC LANES BOTH VEHICLES MOVING,REAR END,STRAIGHT & LEVEL,DAYLIGHT,0,0,0,1
33713637,CAMPBELL,I 0471,Interstate,,I471 N,,,39.10122729,-84.49557215,4.99,8/29/2024 0:00,1611,2,2,0,0,O,CLEAR,DRY,0,REAR END IN TRAFFIC LANES BOTH VEHICLES MOVING,REAR END,STRAIGHT & GRADE,DAYLIGHT,0,0,0,1
33715273,CAMPBELL,US0027,USRoute,,TAYLOR SOUTHGATE,BRG,,39.09459059,-84.49970808,22.437,8/29/2024 0:00,2150,2,2,0,2,B,CLEAR,DRY,0,SIDESWIPE COLLISION - SAME DIRECTION,SIDESWIPE-SAME DIRECTION,STRAIGHT & LEVEL,DARK-HWY LIGHTED/ON,0,0,0,1
33722720,CAMPBELL,I 0275,Interstate,,I275 E,,,39.04176341,-84.46933911,75.5,8/29/2024 0:00,1437,2,2,0,0,O,CLEAR,DRY,0,SIDESWIPE COLLISION - SAME DIRECTION,SIDESWIPE-SAME DIRECTION,STRAIGHT & LEVEL,DAYLIGHT,0,0,0,1
33717705,CAMPBELL,I 0471,Interstate,,,,,39.10075327,-84.48970168,0.548,8/30/2024 0:00,1458,2,2,0,0,O,CLEAR,DRY,0,OTHER RAMP RELATED COLLISIONS NOT LISTED ABOVE,REAR END,STRAIGHT & GRADE,DAYLIGHT,0,0,0,1
33721771,CAMPBELL,,OTHR,,ASPEN PINES,DR,,39.06249379,-84.48376521,0.204,8/30/2024 0:00,747,2,2,0,0,O,CLEAR,DRY,0,1 VEHICLE ENTERING/LEAVING ENTRANCE,ANGLE,CURVE & LEVEL,DAYLIGHT,0,0,0,1
33721772,CAMPBELL,I 0275,Interstate,,I275 W,,,39.02510431,-84.47823977,76.937,8/30/2024 0:00,1200,2,2,0,1,A,CLEAR,DRY,0,1 VEHICLE ENTERING/LEAVING ENTRANCE,ANGLE,STRAIGHT & GRADE,DAYLIGHT,0,0,0,1
33730150,CAMPBELL,KY1120,StateRoute,33,FT THOMAS,AVE,N,39.07914023,-84.44858423,4.191,8/30/2024 0:00,1455,2,2,0,0,O,CLEAR,DRY,0,OTHER ROADWAY OR MID-BLOCK COLLISION,REAR END,STRAIGHT & LEVEL,DAYLIGHT,0,0,0,1
33731857,CAMPBELL,,OTHR,,SHAW,DR,,38.95419401,-84.38129678,0.054,8/30/2024 0:00,1320,2,2,0,0,O,CLEAR,DRY,0,VEHICLE BACKING NON INTERSECTION,BACKING,STRAIGHT & LEVEL,DAYLIGHT,0,0,0,1
33724853,CAMPBELL,I 0471,Interstate,,I471 NB,,,39.05250535,-84.46806068,0.71,8/30/2024 0:00,1634,2,2,0,0,O,CLEAR,DRY,0,SIDESWIPE COLLISION - SAME DIRECTION,SIDESWIPE-SAME DIRECTION,CURVE & GRADE,DAYLIGHT,0,0,0,1
33730148,CAMPBELL,KY1120,StateRoute,130,FORT THOMAS,AVE,N,39.08104486,-84.44926132,4.047,8/30/2024 0:00,1501,2,2,0,0,O,CLEAR,DRY,0,REAR END IN TRAFFIC LANES BOTH VEHICLES MOVING,REAR END,STRAIGHT & LEVEL,DAYLIGHT,0,0,0,1
33721025,CAMPBELL,I 0275,Interstate,,I275 E,,,39.0564561,-84.43188615,73.281,8/30/2024 0:00,1928,2,2,0,0,O,CLOUDY,DRY,0,REAR END IN TRAFFIC LANES BOTH VEHICLES MOVING,REAR END,STRAIGHT & LEVEL,DAYLIGHT,0,0,0,1
33728488,CAMPBELL,US0027,USRoute,,ALEXANDRIA,PIKE,,39.02895149,-84.45066388,16.16,8/30/2024 0:00,1627,2,2,0,0,O,CLEAR,DRY,0,OTHER INTERSECTION COLLISIONS,REAR END,STRAIGHT & LEVEL,DAYLIGHT,1,0,0,1
33720307,CAMPBELL,KY0008,StateRoute,,DAVE COWENS,DR,,39.10186863,-84.48869657,1.442,8/30/2024 0:00,1557,2,2,0,0,O,CLEAR,DRY,0,SIDESWIPE-SAME DIRECTION,SIDESWIPE-SAME DIRECTION,STRAIGHT & LEVEL,DAYLIGHT,0,0,0,1
33722039,CAMPBELL,,OTHR,,LOWER TUG FORK,RD,,39.01294052,-84.38174472,0.587,8/30/2024 0:00,1316,1,1,0,0,O,CLEAR,DRY,0,RAN OFF ROADWAY (1 VEHICLE WITH/EARTH EMBANKMENT/DITCH),SINGLE VEHICLE,STRAIGHT & LEVEL,DAYLIGHT,0,0,0,1
33721105,CAMPBELL,KY0009,StateRoute,,LICKING,PIKE,,39.0360658,-84.48136075,18.678,8/31/2024 0:00,2152,1,1,0,0,O,CLEAR,DRY,0,COLLISION WITH ANIMAL NON INTERSECTION,SINGLE VEHICLE,STRAIGHT & LEVEL,DARK-HWY NOT LIGHTED,0,0,0,1
33721775,CAMPBELL,KY0009,StateRoute,,LICKING,PIKE,,39.06611407,-84.48710533,20.911,8/31/2024 0:00,2049,1,1,0,0,O,CLEAR,DRY,0,COLLISION WITH ANIMAL IN INTERSECTION,SINGLE VEHICLE,STRAIGHT & LEVEL,DARK-HWY NOT LIGHTED,1,0,0,1
33724525,CAMPBELL,KY0009,StateRoute,,AA,HWY,,38.92647849,-84.30138706,5.298,8/31/2024 0:00,1530,2,2,0,0,O,CLEAR,DRY,0,ANGLE COLLISION - OTHER,ANGLE,STRAIGHT & LEVEL,DAYLIGHT,0,0,0,1
33728494,CAMPBELL,,OTHR,19,MADONNA,LN,,39.02437665,-84.42547309,0.165,8/31/2024 0:00,1701,2,2,0,0,O,CLEAR,DRY,0,1 VEHICLE PARKED POSITION (NOT PARKING LOT/DRIVEWAY),ANGLE,CURVE & LEVEL,DAYLIGHT,0,0,0,1
33728489,CAMPBELL,US0027,USRoute,,ALEXANDRIA,PIKE,,39.0227336,-84.44110207,15.482,8/31/2024 0:00,1223,2,2,0,0,O,CLOUDY,DRY,0,OTHER ROADWAY OR MID-BLOCK COLLISION,REAR END,STRAIGHT & LEVEL,DAYLIGHT,0,0,0,1
33722721,CAMPBELL,US0027,USRoute,,ALEXANDRIA,PIKE,,39.00237932,-84.42222519,13.761,8/31/2024 0:00,1150,2,2,0,0,O,CLEAR,DRY,0,OTHER ROADWAY OR MID-BLOCK COLLISION,OPPOSING LEFT TURN,STRAIGHT & LEVEL,DAYLIGHT,0,0,0,1
33728493,CAMPBELL,US0027,USRoute,,ALEXANDRIA,PIKE,,39.00189638,-84.42188119,13.72,8/31/2024 0:00,1613,2,2,0,0,O,CLEAR,DRY,0,1 VEHICLE ENTERING/LEAVING ENTRANCE,ANGLE,STRAIGHT & LEVEL,DAYLIGHT,0,0,0,1
33720445,CAMPBELL,I 0471,Interstate,,I-471 SOUTH,,,39.08542953,-84.4743649,0.203,8/31/2024 0:00,1216,2,2,0,0,O,CLEAR,DRY,0,OTHER RAMP RELATED COLLISIONS NOT LISTED ABOVE,REAR END,CURVE & HILLCREST,DAYLIGHT,0,0,0,1
33728151,CAMPBELL,KY1120,StateRoute,416,11TH,ST,W,39.08157882,-84.49573331,0.262,9/1/2024 0:00,1500,2,2,0,0,O,CLEAR,DRY,1,1 VEHICLE PARKED POSITION (NOT PARKING LOT/DRIVEWAY),SIDESWIPE-SAME DIRECTION,STRAIGHT & LEVEL,DARK-HWY LIGHTED/ON,0,0,0,1
33724438,CAMPBELL,I 0471,Interstate,,I471 S,,,39.09718375,-84.48469801,4.33,9/1/2024 0:00,2232,2,2,0,1,B,CLEAR,DRY,0,REAR END IN TRAFFIC LANES BOTH VEHICLES MOVING,REAR END,STRAIGHT & LEVEL,DARK-HWY LIGHTED/ON,0,0,0,1
33723543,CAMPBELL,I 0471,Interstate,,I471 S,,,39.0996309,-84.49314988,4.822,9/1/2024 0:00,1854,2,2,0,0,O,CLEAR,DRY,0,REAR END IN TRAFFIC LANES BOTH VEHICLES MOVING,REAR END,STRAIGHT & LEVEL,DAYLIGHT,0,0,0,1
33731860,CAMPBELL,,OTHR,,POPLAR RIDGE,RD,,38.97347016,-84.39223339,0.007,9/1/2024 0:00,1948,2,2,0,0,O,CLEAR,DRY,0,REAR END - ONE VEHICLE TURNING LEFT,REAR END,STRAIGHT & LEVEL,DUSK,0,0,0,1
33749689,CAMPBELL,,OTHR,,3RD,ST,E,39.09655488,-84.49167778,0.114,9/1/2024 0:00,2250,2,2,0,0,O,CLEAR,DRY,0,COLLISION WITH PARKED VEHICLE,SIDESWIPE-SAME DIRECTION,STRAIGHT & LEVEL,DARK-HWY LIGHTED/ON,0,0,0,1
33725384,CAMPBELL,KY0009,StateRoute,,AA,HWY,,39.01812529,-84.48024246,17.394,9/1/2024 0:00,1800,2,2,0,0,O,CLEAR,DRY,0,ANGLE COLLISION - ONE VEHICLE TURNING LEFT,ANGLE,STRAIGHT & LEVEL,DAYLIGHT,0,0,0,1
33734385,CAMPBELL,KY0009,StateRoute,,AA,HWY,,39.02126449,-84.48138191,17.63,9/1/2024 0:00,1833,2,2,0,0,O,CLEAR,DRY,0,ANGLE COLLISION - ONE VEHICLE TURNING LEFT,ANGLE,STRAIGHT & LEVEL,DAYLIGHT,0,0,0,1
33726054,CAMPBELL,,OTHR,,6TH,ST,W,39.08866944,-84.49796586,0.144,9/1/2024 0:00,2033,2,2,0,0,O,CLEAR,DRY,0,COLLISION WITH PARKED VEHICLE,SIDESWIPE-OPPOSITE DIRECTION,STRAIGHT & LEVEL,DARK-HWY LIGHTED/ON,0,0,0,1
33749078,CAMPBELL,KY0009,StateRoute,,LICKING,PIKE,,39.0505099,-84.4900295,19.806,9/1/2024 0:00,2349,1,1,0,0,O,CLEAR,DRY,0,COLLISION WITH ANIMAL NON INTERSECTION,SINGLE VEHICLE,CURVE & GRADE,DARK-HWY NOT LIGHTED,0,0,0,1
33729334,CAMPBELL,,OTHR,79,BON JAN,LN,,39.03150821,-84.44912446,0.145,9/1/2024 0:00,303,2,2,0,0,O,CLOUDY,DRY,0,1 VEHICLE PARKED POSITION (NOT PARKING LOT/DRIVEWAY),BACKING,STRAIGHT & GRADE,DARK-HWY LIGHTED/ON,0,0,0,1
33724241,CAMPBELL,I 0471,Interstate,,,,,39.09862154,-84.49030106,0.282,9/2/2024 0:00,222,1,1,0,0,O,CLEAR,DRY,0,COLLISION WITH FIXED OBJECT NOT IN GORE ,SINGLE VEHICLE,CURVE & GRADE,DARK-HWY LIGHTED/ON,0,0,0,1
33733619,CAMPBELL,KY1998,StateRoute,,INDUSTRIAL,RD,,39.02539666,-84.44531786,1.736,9/2/2024 0:00,1429,2,2,0,0,O,CLEAR,DRY,0,OTHER ROADWAY OR MID-BLOCK COLLISION,REAR END,STRAIGHT & GRADE,DAYLIGHT,0,0,0,1
33728148,CAMPBELL,I 0471,Interstate,,I471 N,,,39.09950163,-84.49255079,4.789,9/2/2024 0:00,2057,2,2,0,1,B,CLEAR,DRY,0,REAR END IN TRAFFIC LANES BOTH VEHICLES MOVING,REAR END,STRAIGHT & LEVEL,DAYLIGHT,0,0,0,1
33754330,CAMPBELL,KY1936,StateRoute,,POND CREEK,RD,,38.88589089,-84.44015429,5.063,9/2/2024 0:00,118,2,2,0,1,B,CLEAR,DRY,0,1 VEHICLE PARKED POSITION (NOT PARKING LOT/DRIVEWAY),ANGLE,STRAIGHT & LEVEL,DARK-HWY NOT LIGHTED,0,0,0,1
33732199,CAMPBELL,I 0471,Interstate,,I471 N,,,39.08664327,-84.47403752,3.358,9/3/2024 0:00,812,2,2,0,0,O,CLEAR,DRY,0,REAR END IN TRAFFIC LANES BOTH VEHICLES MOVING,REAR END,STRAIGHT & GRADE,DAYLIGHT,0,0,0,1
33732200,CAMPBELL,KY1120,StateRoute,,10TH,ST,E,39.08731895,-84.48867159,0.782,9/3/2024 0:00,1053,2,2,0,0,O,CLEAR,DRY,0,REAR END IN TRAFFIC LANES BOTH VEHICLES MOVING,REAR END,STRAIGHT & LEVEL,DAYLIGHT,0,0,0,1
33746120,CAMPBELL,US0027,USRoute,,ALEXANDRIA,PIKE,,39.02433939,-84.44310308,15.619,9/3/2024 0:00,1503,2,2,0,2,B,CLEAR,DRY,0,OTHER ROADWAY OR MID-BLOCK COLLISION,OPPOSING LEFT TURN,CURVE & LEVEL,DAYLIGHT,0,0,0,1
33736171,CAMPBELL,,OTHR,,8TH,ST,W,39.08719291,-84.49554355,0.257,9/3/2024 0:00,1714,2,2,0,0,O,CLEAR,DRY,0,1 VEHICLE ENTERING/LEAVING ENTRANCE,ANGLE,STRAIGHT & LEVEL,DAYLIGHT,0,0,0,1
33754594,CAMPBELL,I 0471,Interstate,3.6,I471 N,,,39.09621466,-84.48259544,4.195,9/3/2024 0:00,1030,2,2,0,0,O,CLEAR,DRY,1,SIDESWIPE COLLISION - SAME DIRECTION,SIDESWIPE-SAME DIRECTION,STRAIGHT & LEVEL,DAYLIGHT,0,0,0,1
33733620,CAMPBELL,US0027,USRoute,5600,ALEXANDRIA,PIKE,,38.99853156,-84.41797368,13.423,9/3/2024 0:00,1613,2,2,0,0,O,CLEAR,DRY,0,1 VEHICLE ENTERING/LEAVING ENTRANCE,ANGLE,STRAIGHT & LEVEL,DAYLIGHT,0,0,0,1
33734424,CAMPBELL,KY1120,StateRoute,2400,MEMORIAL,PKWY,,39.08431213,-84.45133524,3.777,9/3/2024 0:00,748,2,2,0,0,O,CLEAR,DRY,0,SIDESWIPE COLLISION - SAME DIRECTION,SIDESWIPE-SAME DIRECTION,STRAIGHT & HILLCREST,DAYLIGHT,0,0,0,1
33733753,CAMPBELL,US0027,USRoute,,ALEXANDRIA,PIKE,,39.03696327,-84.45397369,16.734,9/3/2024 0:00,1534,2,2,0,2,C,CLEAR,DRY,0,ANGLE COLLISION - OTHER,ANGLE,STRAIGHT & LEVEL,DAYLIGHT,0,0,0,1
33740799,CAMPBELL,KY0709,StateRoute,,ALEXANDRIA,PIKE,E,38.98405348,-84.39779229,0.124,9/4/2024 0:00,1546,2,1,0,1,B,CLEAR,DRY,0,1 VEHICLE ENTERING/LEAVING ENTRANCE,ANGLE,STRAIGHT & GRADE,DAYLIGHT,0,0,0,1
33739869,CAMPBELL,I 0471,Interstate,,I471 N,,,39.07403164,-84.46538465,2.343,9/4/2024 0:00,840,2,2,0,0,O,CLEAR,DRY,0,SIDESWIPE COLLISION - SAME DIRECTION,SIDESWIPE-SAME DIRECTION,STRAIGHT & LEVEL,DAYLIGHT,0,0,0,1
33749079,CAMPBELL,I 0275,Interstate,,I275 EB,,,39.02258347,-84.48891905,77.556,9/4/2024 0:00,1711,2,2,0,0,O,CLEAR,DRY,0,OTHER ROADWAY OR MID-BLOCK COLLISION,REAR END,STRAIGHT & LEVEL,DAYLIGHT,0,0,0,1
33819502,CAMPBELL,I 0275,Interstate,,I275 E,,,39.0568064,-84.43107411,73.231,9/4/2024 0:00,1643,3,3,0,0,O,CLEAR,DRY,0,REAR END IN TRAFFIC LANES BOTH VEHICLES MOVING,REAR END,STRAIGHT & LEVEL,DAYLIGHT,0,0,0,1
33771048,CAMPBELL,I 0275,Interstate,,I275 E,,,39.057018,-84.43055964,,9/4/2024 0:00,1907,2,2,0,0,O,CLEAR,DRY,0,REAR END IN TRAFFIC LANES BOTH VEHICLES MOVING,REAR END,STRAIGHT & LEVEL,DAYLIGHT,0,0,0,1
33748677,CAMPBELL,KY1892,StateRoute,100,GRAND,AVE,,39.08180485,-84.46952935,1.617,9/4/2024 0:00,1730,2,2,0,0,O,CLEAR,DRY,0,REAR END IN TRAFFIC LANES BOTH VEHICLES MOVING,REAR END,STRAIGHT & LEVEL,DAYLIGHT,0,0,0,1
33738316,CAMPBELL,I 0471,Interstate,,I471 N,,,39.08368717,-84.47224771,3.133,9/4/2024 0:00,506,2,2,0,0,O,CLEAR,DRY,0,REAR END IN TRAFFIC LANES BOTH VEHICLES MOVING,REAR END,STRAIGHT & LEVEL,DARK-HWY LIGHTED/ON,0,0,0,1
33743007,CAMPBELL,I 0275,Interstate,,I275 E,,,39.0560462,-84.432762,,9/5/2024 0:00,1910,2,2,0,0,O,CLEAR,DRY,1,REAR END IN TRAFFIC LANES BOTH VEHICLES MOVING,REAR END,STRAIGHT & GRADE,DAYLIGHT,0,0,0,1
33743384,CAMPBELL,I 0471,Interstate,,I471 S,,,39.0975721,-84.48574583,4.393,9/5/2024 0:00,1756,2,2,0,0,O,CLEAR,DRY,0,REAR END IN TRAFFIC LANES BOTH VEHICLES MOVING,REAR END,CURVE & GRADE,DAYLIGHT,0,0,0,1
33775387,CAMPBELL,I 0275,Interstate,,I275 E,,,39.05689759,-84.4308145,73.215,9/5/2024 0:00,1616,2,2,0,0,O,CLEAR,DRY,0,SIDESWIPE COLLISION - SAME DIRECTION,SIDESWIPE-SAME DIRECTION,STRAIGHT & GRADE,DAYLIGHT,0,0,0,1
33770188,CAMPBELL,US0027,USRoute,,ALEXANDRIA,PIKE,,38.98307723,-84.39962892,11.984,9/5/2024 0:00,2050,2,2,0,0,O,CLEAR,DRY,0,ANGLE COLLISION - OTHER,ANGLE,STRAIGHT & HILLCREST,DARK-HWY LIGHTED/ON,0,0,0,1
33754767,CAMPBELL,US0027,USRoute,,ALEXANDRIA,PIKE,,39.07078657,-84.46988692,20.001,9/5/2024 0:00,1726,2,2,0,1,B,CLEAR,DRY,0,OPPOSING LEFT TURN,OPPOSING LEFT TURN,STRAIGHT & HILLCREST,DAYLIGHT,0,0,0,1