IncidentID,County,RdwyNumber,RdwyType,Street,RoadwayName,StreetSfx,StreetDir,Latitude,Longitude,Milepoint,CollisionDate,CollisionTime,UnitsInvolved,MotorVehiclesInvolved,NumberKilled,NumberInjured,KABCO,Weather,RdwyConditionCode,HitandRun,DirAnalysisCode,MannerofCollision,RdwyCharacter,LightCondition,Intersection Crash,Bicyclist,Pedestrian,Motor Vehicles
33746121,CAMPBELL,US0027,USRoute,,ALEXANDRIA,PIKE,,39.02323094,-84.44184983,15.535,9/5/2024 0:00,1547,2,2,0,0,O,CLEAR,DRY,0,OTHER INTERSECTION COLLISIONS,REAR END,STRAIGHT & LEVEL,DAYLIGHT,1,0,0,1
33748473,CAMPBELL,,OTHR,318,9TH,AVE,,39.10914013,-84.47416922,0.053,9/5/2024 0:00,545,2,2,0,0,O,CLEAR,DRY,1,COLLISION WITH FIXED OBJECT NON - INTERSECTION - FIRST EVENT COLLISION 09 - 32 EXCLUDING 16,SIDESWIPE-SAME DIRECTION,STRAIGHT & GRADE,DARK-HWY LIGHTED/ON,0,0,0,1
33743006,CAMPBELL,I 0275,Interstate,,I275 E,,,39.05609628,-84.43269491,,9/5/2024 0:00,1617,7,7,0,0,O,CLEAR,DRY,0,COLLISION WITH FIXED OBJECT NON - INTERSECTION - FIRST EVENT COLLISION 09 - 32 EXCLUDING 16,REAR END,STRAIGHT & GRADE,DAYLIGHT,0,0,0,1
33744420,CAMPBELL,US0027,USRoute,,ALEXANDRIA,PIKE,,38.95417433,-84.39342757,9.805,9/5/2024 0:00,718,2,2,0,0,O,CLEAR,DRY,0,OTHER ROADWAY OR MID-BLOCK COLLISION,REAR END,STRAIGHT & LEVEL,DAYLIGHT,0,0,0,1
33786757,CAMPBELL,,OTHR,,BERRY,AVE,,39.10433969,-84.48562535,0.825,9/6/2024 0:00,808,2,2,0,0,O,CLEAR,DRY,0,SIDESWIPE-SAME DIRECTION,SIDESWIPE-SAME DIRECTION,STRAIGHT & GRADE,DAYLIGHT,0,0,0,1
33747195,CAMPBELL,,OTHR,,CHESAPEAKE,AVE,,39.08845387,-84.47575491,0.208,9/6/2024 0:00,1805,2,2,0,0,O,RAINING,WATER (STANDING OR MOVING),0,OPPOSING LEFT TURN,OPPOSING LEFT TURN,STRAIGHT & LEVEL,DAYLIGHT,0,0,0,1
33770468,CAMPBELL,US0027,USRoute,500,YORK,ST,,39.09177808,-84.4958005,22.182,9/6/2024 0:00,1529,2,2,0,0,O,CLEAR,DRY,0,SIDESWIPE COLLISION - SAME DIRECTION,SIDESWIPE-SAME DIRECTION,STRAIGHT & LEVEL,DAYLIGHT,0,0,0,1
33747995,CAMPBELL,,OTHR,,CLAY RIDGE,RD,,38.84170372,-84.42932746,3.469,9/6/2024 0:00,1939,1,1,0,0,O,RAINING,WET,0,OTHER COLLISIONS ON SHOULDER,SINGLE VEHICLE,CURVE & GRADE,DAYLIGHT,0,0,0,1
33746193,CAMPBELL,KY0008,StateRoute,,3RD,ST,E,39.09466855,-84.49504229,0.698,9/6/2024 0:00,1225,2,2,0,0,O,CLEAR,DRY,0,1 VEHICLE PARKED POSITION (NOT PARKING LOT/DRIVEWAY),REAR TO REAR,STRAIGHT & LEVEL,DAYLIGHT,0,0,0,1
33747193,CAMPBELL,,OTHR,130,NEWPORT PAVILION,,,39.09033287,-84.47648014,0.288,9/6/2024 0:00,1740,2,2,0,0,O,RAINING,WET,1,1 VEHICLE PARKED POSITION (NOT PARKING LOT/DRIVEWAY),SIDESWIPE-SAME DIRECTION,STRAIGHT & LEVEL,DAYLIGHT,0,0,0,1
33752500,CAMPBELL,,OTHR,330,KNOLLWOOD,DR,,39.02382799,-84.46304665,0.452,9/6/2024 0:00,1506,2,2,0,0,O,CLOUDY,DRY,0,1 VEHICLE PARKED POSITION (NOT PARKING LOT/DRIVEWAY),BACKING,STRAIGHT & LEVEL,DAYLIGHT,0,0,0,1
33747194,CAMPBELL,I 0471,Interstate,,I471 N,,,39.09957584,-84.49256908,4.793,9/6/2024 0:00,1823,2,2,0,0,O,RAINING,WET,0,REAR END IN TRAFFIC LANES BOTH VEHICLES MOVING,REAR END,STRAIGHT & LEVEL,DAYLIGHT,0,0,0,1
33751520,CAMPBELL,US0027,USRoute,2124,MONMOUTH,ST,,39.07724625,-84.47855388,20.662,9/7/2024 0:00,1722,2,2,0,1,B,CLOUDY,DRY,0,1 VEHICLE ENTERING/LEAVING ENTRANCE,ANGLE,CURVE & GRADE,DAYLIGHT,0,0,0,1
33754770,CAMPBELL,US0027,USRoute,2433,ALEXANDRIA,PIKE,,39.07323053,-84.47201671,20.211,9/7/2024 0:00,1659,2,2,0,0,O,CLEAR,DRY,1,SIDESWIPE COLLISION - OPPOSITE DIRECTION,SIDESWIPE-OPPOSITE DIRECTION,CURVE & GRADE,DAYLIGHT,0,0,0,1
33770467,CAMPBELL,KY1892,StateRoute,,CAROTHERS,RD,,39.08639188,-84.47738302,2.16,9/7/2024 0:00,1403,2,2,0,0,O,CLEAR,DRY,0,OTHER INTERSECTION COLLISIONS,REAR END,STRAIGHT & LEVEL,DAYLIGHT,1,0,0,1
33816495,CAMPBELL,KY0008,StateRoute,200,FAIRFIELD,AVE,,39.1066414,-84.48283646,1.903,9/7/2024 0:00,2342,3,3,0,0,O,CLEAR,DRY,1,1 VEHICLE PARKED POSITION (NOT PARKING LOT/DRIVEWAY),REAR END,STRAIGHT & LEVEL,DARK-HWY LIGHTED/ON,0,0,0,1
33751209,CAMPBELL,I 0471,Interstate,,I471 S,,,39.09946031,-84.49283307,4.801,9/8/2024 0:00,1059,3,3,0,0,O,CLEAR,DRY,0,REAR END IN TRAFFIC LANES BOTH VEHICLES MOVING,REAR END,STRAIGHT & LEVEL,DAYLIGHT,0,0,0,1
33751169,CAMPBELL,I 0471,Interstate,,I471 N,,,39.1004055,-84.49424876,4.9,9/8/2024 0:00,1050,3,3,0,0,O,CLEAR,DRY,0,REAR END IN TRAFFIC LANES BOTH VEHICLES MOVING,REAR END,STRAIGHT & LEVEL,DAYLIGHT,0,0,0,1
33758124,CAMPBELL,,OTHR,422,LINDSEY,ST,,39.08366753,-84.49725755,0.135,9/9/2024 0:00,400,2,2,0,0,O,CLEAR,DRY,1,1 VEHICLE PARKED POSITION (NOT PARKING LOT/DRIVEWAY),SIDESWIPE-SAME DIRECTION,STRAIGHT & LEVEL,DAYLIGHT,0,0,0,1
33758679,CAMPBELL,I 0471,Interstate,,I471 N,,,39.07429608,-84.46589054,2.375,9/9/2024 0:00,647,3,3,0,0,O,CLEAR,DRY,0,REAR END IN TRAFFIC LANES BOTH VEHICLES MOVING,REAR END,STRAIGHT & LEVEL,DARK-HWY LIGHTED/ON,0,0,0,1
33758689,CAMPBELL,,OTHR,2325,FT THOMAS,AVE,N,39.10602192,-84.45486888,1.875,9/9/2024 0:00,1758,2,2,0,0,O,CLEAR,DRY,0,REAR END IN TRAFFIC LANES BOTH VEHICLES MOVING,REAR END,STRAIGHT & LEVEL,DAYLIGHT,0,0,0,1
33757114,CAMPBELL,KY0008,StateRoute,,INDUSTRIAL,RD,,39.04405241,-84.42049602,2.872,9/9/2024 0:00,1615,2,2,0,0,O,CLEAR,DRY,0,OTHER INTERSECTION COLLISIONS,REAR END,STRAIGHT & LEVEL,DAYLIGHT,1,0,0,1
33818031,CAMPBELL,US0027,USRoute,,ALEXANDRIA,PIKE,,38.92121094,-84.39087092,7.519,9/9/2024 0:00,2015,2,2,0,0,O,CLEAR,DRY,0,OTHER ROADWAY OR MID-BLOCK COLLISION,OPPOSING LEFT TURN,STRAIGHT & GRADE,DARK-HWY NOT LIGHTED,0,0,0,1
33779764,CAMPBELL,US0027,USRoute,,ALEXANDRIA,PIKE,,38.92521347,-84.39262016,7.81,9/10/2024 0:00,1427,2,2,0,3,B,CLEAR,DRY,0,OPPOSING LEFT TURN,OPPOSING LEFT TURN,STRAIGHT & LEVEL,DAYLIGHT,0,0,0,1
33771034,CAMPBELL,KY0009,StateRoute,,AA,HWY,,38.93966282,-84.32332456,6.8,9/10/2024 0:00,1108,1,1,0,0,O,CLEAR,DRY,0,COLLISION WITH ANIMAL NON INTERSECTION,SINGLE VEHICLE,STRAIGHT & LEVEL,DAYLIGHT,0,0,0,1
33770723,CAMPBELL,,OTHR,24,PARKER,RD,,39.07971494,-84.47662862,0.109,9/10/2024 0:00,1304,2,2,0,0,O,CLEAR,DRY,0,1 VEHICLE ENTERING OR LEAVING PARKED POSITION (NOT PARKING LOT),SIDESWIPE-OPPOSITE DIRECTION,CURVE & HILLCREST,DAYLIGHT,0,0,0,1
33786756,CAMPBELL,,OTHR,1115,TAYLOR,AVE,,39.09622712,-84.47383214,0.949,9/10/2024 0:00,1610,2,2,0,0,O,CLEAR,DRY,0,1 VEHICLE PARKED POSITION (NOT PARKING LOT/DRIVEWAY),BACKING,CURVE & GRADE,DAYLIGHT,0,0,0,1
33770459,CAMPBELL,,OTHR,17,13TH,ST,W,39.08374982,-84.48696507,0.048,9/10/2024 0:00,620,2,2,0,0,O,CLEAR,DRY,1,1 VEHICLE PARKED POSITION (NOT PARKING LOT/DRIVEWAY),HEAD ON,STRAIGHT & LEVEL,DARK-HWY LIGHTED/ON,0,0,0,1
33778564,CAMPBELL,US0027,USRoute,,ALEXANDRIA,PIKE,,39.02484834,-84.44432492,15.7,9/10/2024 0:00,2214,2,2,0,0,O,CLEAR,DRY,0,REAR END IN TRAFFIC LANES BOTH VEHICLES MOVING,REAR END,STRAIGHT & LEVEL,DARK-HWY LIGHTED/ON,0,0,0,1
33773436,CAMPBELL,I 0471,Interstate,,I471 NB,,,39.05343347,-84.46878642,0.784,9/10/2024 0:00,649,2,2,0,0,O,CLEAR,DRY,0,SIDESWIPE COLLISION - SAME DIRECTION,SIDESWIPE-SAME DIRECTION,CURVE & LEVEL,DAWN,0,0,0,1
33777368,CAMPBELL,US0027,USRoute,4400 BL,ALEXANDRIA,PIKE,,39.01602617,-84.43408791,14.87,9/11/2024 0:00,1127,2,2,0,0,O,CLEAR,DRY,0,1 VEHICLE ENTERING/LEAVING ENTRANCE,ANGLE,STRAIGHT & LEVEL,DAYLIGHT,0,0,0,1
33776725,CAMPBELL,,OTHR,130,NEWPORT PAVILION,,,39.08691698,-84.47701953,0.56,9/11/2024 0:00,1823,2,2,0,0,O,CLEAR,DRY,0,1 VEHICLE PARKED POSITION (NOT PARKING LOT/DRIVEWAY),BACKING,STRAIGHT & LEVEL,DAYLIGHT,0,0,0,1
33777650,CAMPBELL,US0027,USRoute,,ALEXANDRIA,PIKE,,38.91336494,-84.38678976,6.923,9/11/2024 0:00,803,1,1,0,0,O,CLEAR,DRY,0,COLLISION WITH ANIMAL NON INTERSECTION,SINGLE VEHICLE,STRAIGHT & LEVEL,DAWN,0,0,0,1
33775431,CAMPBELL,KY0010,StateRoute,,MAIN,ST,E,38.95882506,-84.38906553,1.546,9/11/2024 0:00,640,2,2,0,0,O,CLEAR,DRY,0,OPPOSING LEFT TURN,OPPOSING LEFT TURN,STRAIGHT & LEVEL,DARK-HWY NOT LIGHTED,0,0,0,1
33786585,CAMPBELL,,OTHR,,8TH,ST,E,39.08938859,-84.49154512,0.09,9/11/2024 0:00,1650,2,2,0,0,O,CLEAR,DRY,0,SIDESWIPE-SAME DIRECTION,SIDESWIPE-SAME DIRECTION,STRAIGHT & LEVEL,DAYLIGHT,0,0,0,1
33789756,CAMPBELL,US0027,USRoute,,ALEXANDRIA,PIKE,,38.94527547,-84.39378204,9.189,9/11/2024 0:00,1805,2,2,0,0,O,CLEAR,DRY,0,SIDESWIPE-SAME DIRECTION,SIDESWIPE-SAME DIRECTION,STRAIGHT & HILLCREST,DAYLIGHT,0,0,0,1
33785715,CAMPBELL,I 0471,Interstate,,,,,39.08182055,-84.46998788,0.328,9/12/2024 0:00,1820,2,2,0,0,O,CLEAR,DRY,0,OTHER RAMP RELATED COLLISIONS NOT LISTED ABOVE,REAR END,CURVE & GRADE,DAYLIGHT,0,0,0,1
33797797,CAMPBELL,KY0009,StateRoute,,LICKING,PIKE,,39.02516846,-84.48051292,17.939,9/12/2024 0:00,1733,2,2,0,0,O,CLEAR,DRY,0,OTHER INTERSECTION COLLISIONS,REAR END,STRAIGHT & LEVEL,DAYLIGHT,1,0,0,1
33785716,CAMPBELL,,OTHR,,5TH,ST,E,39.09311627,-84.49298513,0.085,9/12/2024 0:00,2224,2,2,0,0,O,CLEAR,DRY,0,ANGLE COLLISION - OTHER,ANGLE,CURVE & LEVEL,DARK-HWY LIGHTED/ON,0,0,0,1
33797796,CAMPBELL,KY0009,StateRoute,,LICKING,PIKE,,39.05631764,-84.48676015,20.292,9/12/2024 0:00,2026,1,1,0,0,O,CLEAR,DRY,0,COLLISION WITH ANIMAL IN INTERSECTION,SINGLE VEHICLE,STRAIGHT & LEVEL,DARK-HWY LIGHTED/ON,1,0,0,1
33782585,CAMPBELL,,OTHR,,HIGHLAND,AVE,,39.07658195,-84.45332815,1.093,9/12/2024 0:00,814,2,2,0,0,O,CLEAR,DRY,0,1 VEHICLE PARKED POSITION (NOT PARKING LOT/DRIVEWAY),REAR END,STRAIGHT & LEVEL,DAYLIGHT,0,0,0,1
33784475,CAMPBELL,,OTHR,1326,5TH,AVE,,39.11384024,-84.4604864,0.007,9/12/2024 0:00,1051,1,1,0,0,O,CLEAR,DRY,0,RAN OFF ROADWAY (1 VEHICLE WITH/EARTH EMBANKMENT/DITCH),SINGLE VEHICLE,STRAIGHT & LEVEL,DAYLIGHT,0,0,0,1
33780118,CAMPBELL,I 0471,Interstate,,I471 N,,,39.07986383,-84.47068408,2.854,9/12/2024 0:00,709,2,2,0,0,O,CLEAR,DRY,0,SIDESWIPE COLLISION - SAME DIRECTION,SIDESWIPE-SAME DIRECTION,CURVE & LEVEL,DAYLIGHT,0,0,0,1
33780115,CAMPBELL,,OTHR,,ISABELLA,ST,,39.08525743,-84.49594211,0.307,9/12/2024 0:00,740,2,2,0,0,O,CLEAR,DRY,0,1 VEHICLE ENTERING/LEAVING ENTRANCE,ANGLE,STRAIGHT & LEVEL,DAYLIGHT,0,0,0,1
33780107,CAMPBELL,,OTHR,158,NEWPORT PAVILION,,,39.09010304,-84.47692461,,9/12/2024 0:00,1242,2,2,0,0,O,CLEAR,DRY,0,VEHICLE BACKING NON INTERSECTION,BACKING,CURVE & LEVEL,DAYLIGHT,0,0,0,1
33783445,CAMPBELL,I 0471,Interstate,,I471 N,,,39.09134823,-84.47621324,3.708,9/13/2024 0:00,645,2,2,0,0,O,CLEAR,DRY,1,REAR END IN TRAFFIC LANES BOTH VEHICLES MOVING,REAR END,STRAIGHT & LEVEL,DARK-HWY LIGHTED/ON,0,0,0,1
33797328,CAMPBELL,KY1120,StateRoute,,MEMORIAL,PKWY,,39.09265877,-84.47525947,1.675,9/13/2024 0:00,1656,2,2,0,0,O,CLEAR,DRY,0,REAR END IN TRAFFIC LANES BOTH VEHICLES MOVING,REAR END,STRAIGHT & LEVEL,DAYLIGHT,0,0,0,1
33791938,CAMPBELL,,OTHR,,HIGHLAND,AVE,,39.07771369,-84.45056158,1.261,9/13/2024 0:00,1500,2,1,0,1,A,CLEAR,DRY,0,COLLISION WITH PEDESTRIAN IN INTERSECTION,SINGLE VEHICLE,STRAIGHT & LEVEL,DAYLIGHT,1,0,1,0
33796594,CAMPBELL,US0027,USRoute,,ALEXANDRIA,PIKE,,38.95805018,-84.39324037,10.077,9/13/2024 0:00,1335,1,1,0,0,O,CLEAR,DRY,0,COLLISION WITH ANIMAL IN INTERSECTION,SINGLE VEHICLE,STRAIGHT & LEVEL,DAYLIGHT,1,0,0,1
33785748,CAMPBELL,KY0008,StateRoute,,DAVE COWENS,DR,,39.09790778,-84.49309148,1.035,9/13/2024 0:00,2341,2,2,0,0,O,CLEAR,DRY,0,ANGLE COLLISION - OTHER,ANGLE,STRAIGHT & LEVEL,DARK-HWY LIGHTED/ON,0,0,0,1
33792659,CAMPBELL,,OTHR,,VILLAGE GREEN SHOPPING CENTER,,,38.98586857,-84.40278548,0.008,9/13/2024 0:00,1350,2,2,0,0,O,CLEAR,DRY,0,SIDESWIPE-SAME DIRECTION,SIDESWIPE-SAME DIRECTION,STRAIGHT & GRADE,DAYLIGHT,0,0,0,1
33784407,CAMPBELL,,OTHR,,LOWELL,ST,,39.08294514,-84.49967566,0.007,9/13/2024 0:00,1332,2,2,0,0,O,CLEAR,DRY,0,SIDESWIPE-SAME DIRECTION,SIDESWIPE-SAME DIRECTION,STRAIGHT & LEVEL,DAYLIGHT,0,0,0,1
33823755,CAMPBELL,,OTHR,,BANEBERRY LN,,,38.98014199,-84.39466493,,9/13/2024 0:00,1139,2,2,0,0,O,CLEAR,DRY,0,OTHER INTERSECTION COLLISIONS,REAR END,STRAIGHT & LEVEL,DAYLIGHT,1,0,0,1
33785731,CAMPBELL,KY1120,StateRoute,618,10TH,ST,E,39.09039325,-84.48341174,1.154,9/13/2024 0:00,2148,1,1,0,0,O,CLEAR,DRY,0,OTHER ROADWAY OR MID-BLOCK COLLISION,SINGLE VEHICLE,STRAIGHT & LEVEL,DARK-HWY LIGHTED/ON,0,0,0,1
33786586,CAMPBELL,I 0471,Interstate,,I-471 SOUTH,,,39.08542953,-84.4743649,0.203,9/14/2024 0:00,1215,2,2,0,0,O,CLEAR,DRY,0,OTHER RAMP RELATED COLLISIONS NOT LISTED ABOVE,REAR END,CURVE & HILLCREST,DAYLIGHT,0,0,0,1
33788222,CAMPBELL,KY0008,StateRoute,,4TH,ST,W,39.08955367,-84.50110401,0.255,9/14/2024 0:00,2044,2,2,0,0,O,CLEAR,DRY,0,1 VEHICLE ENTERING/LEAVING ENTRANCE,ANGLE,CURVE & LEVEL,DARK-HWY LIGHTED/ON,0,0,0,1
33786584,CAMPBELL,KY1892,StateRoute,57,CAROTHERS,RD,,39.08540357,-84.48024281,2.335,9/14/2024 0:00,1333,2,2,0,0,O,CLEAR,DRY,0,1 VEHICLE ENTERING/LEAVING ENTRANCE,ANGLE,STRAIGHT & LEVEL,DAYLIGHT,0,0,0,1
33792202,CAMPBELL,,OTHR,,VERNON,LN,E,39.07681083,-84.45166209,0.1,9/14/2024 0:00,1315,2,2,0,0,O,CLEAR,DRY,0,SIDESWIPE COLLISION - SAME DIRECTION,SIDESWIPE-SAME DIRECTION,STRAIGHT & GRADE,DAYLIGHT,0,0,0,1
33788070,CAMPBELL,US0027,USRoute,,MONMOUTH,ST,,39.08240535,-84.48225119,21.075,9/14/2024 0:00,1821,2,2,0,0,O,CLEAR,DRY,0,SIDESWIPE COLLISION - SAME DIRECTION,SIDESWIPE-SAME DIRECTION,STRAIGHT & LEVEL,DAYLIGHT,0,0,0,1
33796771,CAMPBELL,,OTHR,,COCHRAN,AVE,,39.06494197,-84.44510974,0.066,9/15/2024 0:00,242,1,1,0,0,O,CLEAR,DRY,0,COLLISION WITH FIXED OBJECT NON - INTERSECTION - FIRST EVENT COLLISION 09 - 32 EXCLUDING 16,SINGLE VEHICLE,STRAIGHT & LEVEL,DARK-HWY LIGHTED/ON,0,0,0,1
33801672,CAMPBELL,I 0275,Interstate,,I275 WB,,,39.02627508,-84.4761433,76.793,9/15/2024 0:00,331,1,1,0,2,B,CLEAR,DRY,0,COLLISION WITH FIXED OBJECT NON - INTERSECTION - FIRST EVENT COLLISION 09 - 32 EXCLUDING 16,SINGLE VEHICLE,STRAIGHT & GRADE,DARK-HWY LIGHTED/ON,0,0,0,1
33797107,CAMPBELL,,OTHR,1044,POPLAR RIDGE,RD,,38.97392978,-84.38992497,0.127,9/15/2024 0:00,2148,1,1,0,0,O,CLEAR,DRY,0,OCCUPANT FELL FROM MOVING VEHICLE,SINGLE VEHICLE,STRAIGHT & HILLCREST,DARK-HWY LIGHTED/ON,0,0,0,1
33790902,CAMPBELL,,OTHR,,DODD,DR,,39.11783423,-84.46705617,0.993,9/15/2024 0:00,28,4,4,0,0,O,CLEAR,DRY,1,1 VEHICLE PARKED POSITION (NOT PARKING LOT/DRIVEWAY),SIDESWIPE-SAME DIRECTION,STRAIGHT & LEVEL,DARK-HWY LIGHTED/ON,0,0,0,1
33789266,CAMPBELL,,OTHR,,9TH,ST,W,39.08593625,-84.4945468,0.179,9/15/2024 0:00,1108,2,1,0,0,O,CLEAR,DRY,0,COLLISION WITH BICYCLE IN INTERSECTION,SINGLE VEHICLE,STRAIGHT & LEVEL,DAYLIGHT,1,1,0,0
33792917,CAMPBELL,,OTHR,,SHOPPING CENTER ENTRANCE,,,39.02660511,-84.44823885,0.003,9/15/2024 0:00,2044,2,2,0,0,O,CLEAR,DRY,0,1 VEHICLE ENTERING/LEAVING ENTRANCE,ANGLE,STRAIGHT & LEVEL,DARK-HWY LIGHTED/ON,0,0,0,1
33793994,CAMPBELL,,OTHR,,NEWPORT,PLZ,,39.08488327,-84.47788492,0.243,9/15/2024 0:00,1415,2,2,0,0,O,CLEAR,DRY,0,1 VEHICLE ENTERING/LEAVING ENTRANCE,ANGLE,STRAIGHT & LEVEL,DAYLIGHT,0,0,0,1
33792916,CAMPBELL,,OTHR,,IVY,RDG,,39.0046602,-84.44355049,0.002,9/15/2024 0:00,2000,2,2,0,0,O,CLEAR,DRY,0,SIDESWIPE COLLISION - OPPOSITE DIRECTION,SIDESWIPE-OPPOSITE DIRECTION,STRAIGHT & LEVEL,DARK-HWY LIGHTED/ON,0,0,0,1
33793705,CAMPBELL,,OTHR,,RIPPLE CREEK,RD,,39.01727349,-84.43478628,0.267,9/15/2024 0:00,1210,2,2,0,0,O,CLEAR,DRY,0,1 VEHICLE ENTERING/LEAVING ENTRANCE,ANGLE,STRAIGHT & HILLCREST,DAYLIGHT,0,0,0,1
33808257,CAMPBELL,US0027,USRoute,,ALEXANDRIA,PIKE,,38.92125027,-84.39079409,7.515,9/15/2024 0:00,1325,2,2,0,0,O,CLEAR,DRY,0,OTHER ROADWAY OR MID-BLOCK COLLISION,OPPOSING LEFT TURN,STRAIGHT & LEVEL,DAYLIGHT,0,0,0,1
33796595,CAMPBELL,KY0547,StateRoute,,RILEY,RD,,38.96903637,-84.3714072,1.076,9/15/2024 0:00,1424,1,1,0,0,O,CLEAR,DRY,0,OTHER ROADWAY OR MID-BLOCK COLLISION,SINGLE VEHICLE,CURVE & GRADE,DAYLIGHT,0,0,0,1
33793993,CAMPBELL,I 0471,Interstate,,,,,39.09845139,-84.48859121,0.197,9/16/2024 0:00,748,2,2,0,0,O,CLEAR,DRY,1,OTHER RAMP RELATED COLLISIONS NOT LISTED ABOVE,REAR END,CURVE & LEVEL,DAYLIGHT,0,0,0,1
33794573,CAMPBELL,I 0471,Interstate,,,,,39.08531957,-84.47422577,0.201,9/16/2024 0:00,1256,2,2,0,0,O,CLEAR,DRY,0,OTHER RAMP RELATED COLLISIONS NOT LISTED ABOVE,REAR END,STRAIGHT & LEVEL,DAYLIGHT,0,0,0,1
33792753,CAMPBELL,,OTHR,230,POPLAR,ST,,39.10374188,-84.48303783,0.358,9/16/2024 0:00,800,2,2,0,0,O,CLEAR,DRY,0,1 VEHICLE PARKED POSITION (NOT PARKING LOT/DRIVEWAY),SIDESWIPE-SAME DIRECTION,STRAIGHT & LEVEL,DAYLIGHT,0,0,0,1
33806033,CAMPBELL,,OTHR,6947,BACKUS,DR,,38.99267627,-84.40426914,,9/16/2024 0:00,730,2,2,0,0,O,CLEAR,DRY,1,SIDESWIPE COLLISION - OPPOSITE DIRECTION,SIDESWIPE-OPPOSITE DIRECTION,STRAIGHT & LEVEL,DAWN,0,0,0,1
33806036,CAMPBELL,KY0009,StateRoute,,AA,HWY,,38.96648143,-84.35051656,9.207,9/16/2024 0:00,1024,2,2,0,0,O,CLEAR,DRY,0,1 VEHICLE ENTERING/LEAVING ENTRANCE,ANGLE,STRAIGHT & LEVEL,DAYLIGHT,0,0,0,1
33795519,CAMPBELL,I 0471,Interstate,,I471 N,,,39.09596094,-84.48185358,4.157,9/16/2024 0:00,2001,3,3,0,0,O,CLEAR,DRY,0,SIDESWIPE COLLISION - SAME DIRECTION,SIDESWIPE-SAME DIRECTION,STRAIGHT & LEVEL,DAYLIGHT,0,0,0,1
33792595,CAMPBELL,KY1120,StateRoute,,MEMORIAL,PKWY,,39.09554112,-84.46711455,2.185,9/16/2024 0:00,454,1,1,0,1,C,CLEAR,DRY,0,COLLISION WITH FIXED OBJECT NON - INTERSECTION - FIRST EVENT COLLISION 09 - 32 EXCLUDING 16,SINGLE VEHICLE,STRAIGHT & LEVEL,DARK-HWY NOT LIGHTED,0,0,0,1
33799541,CAMPBELL,KY0008,StateRoute,224,FAIRFIELD,AVE,,39.10525852,-84.48447011,1.774,9/17/2024 0:00,903,2,2,0,1,B,CLOUDY,DRY,0,1 VEHICLE PARKED POSITION (NOT PARKING LOT/DRIVEWAY),REAR END,STRAIGHT & LEVEL,DAYLIGHT,0,0,0,1
33896774,CAMPBELL,KY1120,StateRoute,,FT THOMAS,AVE,S,39.0775238,-84.44768177,4.303,9/17/2024 0:00,1045,2,2,0,0,O,CLEAR,DRY,1,1 VEHICLE PARKED POSITION (NOT PARKING LOT/DRIVEWAY),BACKING,STRAIGHT & LEVEL,DAYLIGHT,0,0,0,1
33838603,CAMPBELL,KY2924,StateRoute,,TOLLGATE,RD,,38.96437934,-84.39848268,0.362,9/17/2024 0:00,1845,1,1,0,1,A,RAINING,WET,0,RAN OFF ROADWAY (1 VEHICLE WITH/EARTH EMBANKMENT/DITCH),SINGLE VEHICLE,CURVE & LEVEL,DUSK,0,0,0,1
33830980,CAMPBELL,US0027,USRoute,,ALEXANDRIA,PIKE,,39.07138494,-84.47037434,20.051,9/17/2024 0:00,1830,1,1,0,0,O,CLEAR,DRY,0,COLLISION WITH ANIMAL IN INTERSECTION,SINGLE VEHICLE,STRAIGHT & LEVEL,DAYLIGHT,1,0,0,1
33797809,CAMPBELL,I 0275,Interstate,,I275 W,,,39.02299743,-84.48331112,77.238,9/17/2024 0:00,1005,2,2,0,0,O,CLOUDY,DRY,0,1 VEHICLE ENTERING/LEAVING ENTRANCE,ANGLE,CURVE & LEVEL,DAYLIGHT,0,0,0,1
33797931,CAMPBELL,KY0009,StateRoute,,AA,HWY,,39.0148663,-84.47661391,17.096,9/17/2024 0:00,834,2,2,0,0,O,CLEAR,DRY,0,REAR END IN TRAFFIC LANES BOTH VEHICLES MOVING,REAR END,STRAIGHT & LEVEL,DAYLIGHT,0,0,0,1
33807626,CAMPBELL,KY1120,StateRoute,,MEMORIAL,PKWY,,39.08547725,-84.45045083,3.68,9/17/2024 0:00,930,2,2,0,0,O,CLEAR,DRY,0,1 VEHICLE PARKED POSITION (NOT PARKING LOT/DRIVEWAY),ANGLE,STRAIGHT & LEVEL,DAYLIGHT,0,0,0,1
33802730,CAMPBELL,KY2345,StateRoute,,MARTHA L COLLINS,BLVD,,39.02899177,-84.45056286,0.004,9/17/2024 0:00,2045,2,2,0,0,O,CLEAR,DRY,0,OTHER ROADWAY OR MID-BLOCK COLLISION,REAR END,STRAIGHT & HILLCREST,DARK-HWY LIGHTED/ON,0,0,0,1
33801125,CAMPBELL,US0027,USRoute,,ALEXANDRIA,PIKE,,39.0040592,-84.42443709,13.736,9/17/2024 0:00,1456,2,2,0,0,O,CLEAR,DRY,0,OTHER ROADWAY OR MID-BLOCK COLLISION,REAR END,STRAIGHT & GRADE,DAYLIGHT,0,0,0,1
33801841,CAMPBELL,I 0471,Interstate,,,,,39.0678367,-84.4657732,0.373,9/17/2024 0:00,1415,2,2,0,0,O,CLEAR,DRY,0,OTHER RAMP RELATED COLLISIONS NOT LISTED ABOVE,REAR END,CURVE & LEVEL,DAYLIGHT,0,0,0,1
33803495,CAMPBELL,I 0471,Interstate,,I471 N,,,39.09949284,-84.49249286,4.786,9/18/2024 0:00,841,2,2,0,0,O,CLEAR,DRY,0,REAR END IN TRAFFIC LANES BOTH VEHICLES MOVING,REAR END,STRAIGHT & LEVEL,DAYLIGHT,0,0,0,1