IncidentID,County,RdwyNumber,RdwyType,Street,RoadwayName,StreetSfx,StreetDir,Latitude,Longitude,Milepoint,CollisionDate,CollisionTime,UnitsInvolved,MotorVehiclesInvolved,NumberKilled,NumberInjured,KABCO,Weather,RdwyConditionCode,HitandRun,DirAnalysisCode,MannerofCollision,RdwyCharacter,LightCondition,Intersection Crash,Bicyclist,Pedestrian,Motor Vehicles
33807633,CAMPBELL,I 0471,Interstate,,I471 N,,,39.08223658,-84.47155166,3.025,9/18/2024 0:00,645,3,3,0,0,O,CLEAR,DRY,0,REAR END IN TRAFFIC LANES BOTH VEHICLES MOVING,REAR END,STRAIGHT & LEVEL,DAWN,0,0,0,1
33806701,CAMPBELL,I 0471,Interstate,,I471 SB,,,39.0515299,-84.46742894,0.589,9/18/2024 0:00,1611,3,3,0,0,O,CLEAR,DRY,0,SIDESWIPE COLLISION - SAME DIRECTION,SIDESWIPE-SAME DIRECTION,STRAIGHT & LEVEL,DAYLIGHT,0,0,0,1
33816364,CAMPBELL,KY1120,StateRoute,200,11TH,ST,W,39.08389631,-84.49150716,0.54,9/18/2024 0:00,1700,2,2,0,0,O,CLEAR,DRY,0,SIDESWIPE COLLISION - SAME DIRECTION,SIDESWIPE-SAME DIRECTION,STRAIGHT & LEVEL,DAYLIGHT,0,0,0,1
33815938,CAMPBELL,US0027,USRoute,,ALEXANDRIA,PIKE,,39.02017095,-84.4380613,15.226,9/18/2024 0:00,1519,2,2,0,0,O,CLEAR,DRY,0,SIDESWIPE COLLISION - OPPOSITE DIRECTION,SIDESWIPE-OPPOSITE DIRECTION,STRAIGHT & LEVEL,DAYLIGHT,0,0,0,1
33806035,CAMPBELL,KY0536,StateRoute,,CREEKTRACE,RD,,38.92159221,-84.44282898,0.312,9/18/2024 0:00,728,2,2,0,0,O,CLEAR,DRY,0,OTHER ROADWAY OR MID-BLOCK COLLISION,REAR END,STRAIGHT & LEVEL,DAWN,0,0,0,1
33816964,CAMPBELL,I 0275,Interstate,,I275 E,,,39.02258557,-84.4861539,77.391,9/18/2024 0:00,748,1,1,0,0,O,CLEAR,DRY,0,COLLISION WITH FIXED OBJECT NON - INTERSECTION - FIRST EVENT COLLISION 09 - 32 EXCLUDING 16,SINGLE VEHICLE,STRAIGHT & GRADE,DAYLIGHT,0,0,0,1
33805177,CAMPBELL,US0027,USRoute,,ALEXANDRIA,PIKE,,38.89394883,-84.38565413,5.551,9/18/2024 0:00,645,1,1,0,0,O,CLEAR,DRY,0,COLLISION WITH ANIMAL NON INTERSECTION,SINGLE VEHICLE,STRAIGHT & LEVEL,DAWN,0,0,0,1
33819501,CAMPBELL,US0027,USRoute,,ALEXANDRIA,PIKE,,38.92128843,-84.39069295,7.509,9/19/2024 0:00,1640,2,2,0,1,B,CLEAR,DRY,0,OPPOSING LEFT TURN,OPPOSING LEFT TURN,STRAIGHT & LEVEL,DAYLIGHT,0,0,0,1
33810410,CAMPBELL,I 0275,Interstate,,I275 E,,,39.05340586,-84.43874963,73.5,9/19/2024 0:00,1700,2,2,0,0,O,CLEAR,DRY,0,OTHER INTERSECTION COLLISIONS,REAR END,STRAIGHT & GRADE,DAYLIGHT,1,0,0,1
33809274,CAMPBELL,I 0471,Interstate,,I471 N,,,39.10000504,-84.49347848,4.85,9/19/2024 0:00,1328,2,2,0,0,O,CLEAR,DRY,0,SIDESWIPE COLLISION - SAME DIRECTION,SIDESWIPE-SAME DIRECTION,STRAIGHT & LEVEL,DAYLIGHT,0,0,0,1
33812018,CAMPBELL,I 0471,Interstate,,I471 S,,,39.07171699,-84.46352878,2.169,9/19/2024 0:00,2350,2,2,0,0,O,CLEAR,DRY,0,SIDESWIPE COLLISION - SAME DIRECTION,SIDESWIPE-SAME DIRECTION,CURVE & GRADE,DARK-HWY LIGHTED/OFF,0,0,0,1
33822640,CAMPBELL,,OTHR,,NEWPORT PAVILION,,,39.08743618,-84.4766981,0.52,9/19/2024 0:00,1230,2,2,0,0,O,CLEAR,DRY,1,SIDESWIPE COLLISION - SAME DIRECTION,SIDESWIPE-SAME DIRECTION,STRAIGHT & LEVEL,DAYLIGHT,0,0,0,1
33810412,CAMPBELL,I 0275,Interstate,,I275 E,,,39.03840187,-84.47032029,75.796,9/19/2024 0:00,1544,3,3,0,0,O,CLEAR,DRY,0,REAR END IN TRAFFIC LANES BOTH VEHICLES MOVING,REAR END,STRAIGHT & LEVEL,DAYLIGHT,0,0,0,1
33813411,CAMPBELL,I 0471,Interstate,,I471 N,,,39.09905376,-84.49169349,4.734,9/19/2024 0:00,1634,2,2,0,0,O,CLEAR,DRY,0,REAR END IN TRAFFIC LANES BOTH VEHICLES MOVING,REAR END,STRAIGHT & LEVEL,DAYLIGHT,0,0,0,1
33814136,CAMPBELL,I 0471,Interstate,,I471 N,,,39.10064496,-84.4945748,4.924,9/19/2024 0:00,1328,2,2,0,2,B,CLEAR,DRY,0,OTHER ROADWAY OR MID-BLOCK COLLISION,REAR END,STRAIGHT & LEVEL,DAYLIGHT,0,0,0,1
33811645,CAMPBELL,I 0275,Interstate,,I275 E,,,39.04858709,-84.44989477,74.39,9/19/2024 0:00,1904,2,2,0,0,O,CLEAR,DRY,0,OTHER ROADWAY OR MID-BLOCK COLLISION,REAR END,CURVE & LEVEL,DAYLIGHT,0,0,0,1
33814135,CAMPBELL,I 0471,Interstate,,I471 N,,,39.10064496,-84.4945748,4.924,9/20/2024 0:00,1433,2,2,0,0,O,CLEAR,DRY,0,OTHER ROADWAY OR MID-BLOCK COLLISION,REAR END,STRAIGHT & LEVEL,DAYLIGHT,0,0,0,1
33815670,CAMPBELL,I 0471,Interstate,,,,,39.06797494,-84.4661232,0.394,9/20/2024 0:00,1135,2,2,0,0,O,CLEAR,DRY,0,OTHER RAMP RELATED COLLISIONS NOT LISTED ABOVE,REAR END,CURVE & LEVEL,DAYLIGHT,0,0,0,1
33814132,CAMPBELL,I 0471,Interstate,3.3,I471 N,,,39.08757586,-84.47421223,3.424,9/20/2024 0:00,637,6,6,0,0,O,CLEAR,DRY,0,REAR END IN TRAFFIC LANES BOTH VEHICLES MOVING,REAR END,STRAIGHT & LEVEL,DARK-HWY NOT LIGHTED,0,0,0,1
33823283,CAMPBELL,I 0275,Interstate,,I275 E,,,39.04902515,-84.44998503,74.382,9/20/2024 0:00,1651,2,2,0,0,O,CLEAR,DRY,0,REAR END IN TRAFFIC LANES BOTH VEHICLES MOVING,REAR END,STRAIGHT & LEVEL,DAYLIGHT,0,0,0,1
33830548,CAMPBELL,KY1120,StateRoute,116,11TH,ST,W,39.08390224,-84.49152497,0.528,9/20/2024 0:00,2130,2,2,0,0,O,CLEAR,DRY,1,1 VEHICLE PARKED POSITION (NOT PARKING LOT/DRIVEWAY),SIDESWIPE-SAME DIRECTION,STRAIGHT & LEVEL,DARK-HWY LIGHTED/ON,0,0,0,1
33814137,CAMPBELL,US0027,USRoute,998,MONMOUTH,ST,,39.08746328,-84.48912042,21.593,9/20/2024 0:00,923,2,2,0,0,O,CLEAR,DRY,0,1 VEHICLE PARKED POSITION (NOT PARKING LOT/DRIVEWAY),BACKING,STRAIGHT & LEVEL,DAYLIGHT,0,0,0,1
33814129,CAMPBELL,,OTHR,18,10TH,ST,W,39.08601435,-84.49098696,0.504,9/20/2024 0:00,538,2,2,0,0,O,CLEAR,DRY,1,1 VEHICLE PARKED POSITION (NOT PARKING LOT/DRIVEWAY),REAR END,STRAIGHT & LEVEL,DARK-HWY LIGHTED/ON,0,0,0,1
33813412,CAMPBELL,KY0008,StateRoute,,4TH,ST,W,39.08842202,-84.50267782,0.116,9/20/2024 0:00,1104,2,2,0,0,O,CLEAR,DRY,0,1 VEHICLE ENTERING/LEAVING ENTRANCE,ANGLE,STRAIGHT & LEVEL,DAYLIGHT,0,0,0,1
33814791,CAMPBELL,I 0471,Interstate,,I471 N,,,39.09314071,-84.47784375,3.859,9/20/2024 0:00,1848,2,2,0,0,O,CLEAR,DRY,0,OTHER ROADWAY OR MID-BLOCK COLLISION,REAR END,STRAIGHT & LEVEL,DAYLIGHT,0,0,0,1
33821456,CAMPBELL,,OTHR,,TAYLOR,AVE,,39.09971498,-84.47751689,0.659,9/20/2024 0:00,1600,2,2,0,0,O,CLEAR,DRY,0,ANGLE COLLISION - OTHER,ANGLE,STRAIGHT & GRADE,DAYLIGHT,0,0,0,1
33818079,CAMPBELL,US0027,USRoute,,3RD,ST,E,39.09402688,-84.49592284,22.197,9/21/2024 0:00,2030,2,2,0,0,O,CLEAR,DRY,1,ANGLE COLLISION - OTHER,ANGLE,STRAIGHT & LEVEL,DARK-HWY LIGHTED/ON,0,0,0,1
33821920,CAMPBELL,US0027,USRoute,,ALEXANDRIA,PIKE,,38.95759735,-84.39319173,10.046,9/21/2024 0:00,2121,1,1,0,0,O,CLEAR,DRY,0,OTHER INTERSECTION COLLISIONS,SINGLE VEHICLE,STRAIGHT & LEVEL,DARK-HWY LIGHTED/ON,1,0,0,1
33820503,CAMPBELL,KY0009,StateRoute,,AA HWY,,,38.86467468,-84.26159742,,9/21/2024 0:00,2112,1,1,0,0,O,CLEAR,DRY,0,COLLISION WITH ANIMAL NON INTERSECTION,SINGLE VEHICLE,STRAIGHT & GRADE,DARK-HWY NOT LIGHTED,0,0,0,1
33844424,CAMPBELL,KY1121,StateRoute,12165,WESLEY CHAPEL,RD,,38.87194127,-84.30166149,1.551,9/21/2024 0:00,1604,1,1,0,1,A,CLEAR,DRY,0,COLLISION WITH FIXED OBJECT NON - INTERSECTION - FIRST EVENT COLLISION 09 - 32 EXCLUDING 16,SINGLE VEHICLE,CURVE & GRADE,DAYLIGHT,0,0,0,1
33819991,CAMPBELL,US0027,USRoute,,ALEXANDRIA,PIKE,,39.01059366,-84.43071102,14.471,9/21/2024 0:00,2314,2,2,0,0,O,CLEAR,DRY,0,SIDESWIPE COLLISION - SAME DIRECTION,SIDESWIPE-SAME DIRECTION,STRAIGHT & HILLCREST,DARK-HWY NOT LIGHTED,0,0,0,1
33819989,CAMPBELL,US0027,USRoute,,ALEXANDRIA,PIKE,,39.02767451,-84.44922125,16.048,9/21/2024 0:00,1223,2,2,0,0,O,CLEAR,DRY,0,REAR END IN TRAFFIC LANES BOTH VEHICLES MOVING,REAR END,STRAIGHT & LEVEL,DAYLIGHT,0,0,0,1
33818078,CAMPBELL,,OTHR,130,NEWPORT PAVILION,,,39.09043294,-84.4765239,0.28,9/21/2024 0:00,1910,1,1,0,0,O,CLEAR,DRY,0,OTHER ROADWAY OR MID-BLOCK COLLISION,SINGLE VEHICLE,STRAIGHT & GRADE,DAYLIGHT,0,0,0,1
33825591,CAMPBELL,,OTHR,,BOULDER,VW,,39.01702436,-84.43993369,0.089,9/22/2024 0:00,1230,2,2,0,0,O,CLEAR,DRY,0,OTHER ROADWAY OR MID-BLOCK COLLISION,OPPOSING LEFT TURN,STRAIGHT & LEVEL,DAYLIGHT,0,0,0,1
33825592,CAMPBELL,US0027,USRoute,,ALEXANDRIA,PIKE,,39.02823428,-84.45023281,16.178,9/22/2024 0:00,1617,2,2,0,0,O,CLOUDY,DRY,0,OTHER ROADWAY OR MID-BLOCK COLLISION,REAR END,STRAIGHT & LEVEL,DAYLIGHT,0,0,0,1
33835415,CAMPBELL,US0027,USRoute,,ALEXANDRIA,PIKE,,38.91307718,-84.38662551,6.934,9/22/2024 0:00,830,1,1,0,0,O,CLEAR,DRY,0,COLLISION WITH ANIMAL NON INTERSECTION,SINGLE VEHICLE,STRAIGHT & LEVEL,DAYLIGHT,0,0,0,1
33819350,CAMPBELL,KY1120,StateRoute,,10TH,ST,E,39.08722889,-84.48881547,0.788,9/22/2024 0:00,913,2,2,0,0,O,CLOUDY,DRY,1,ANGLE COLLISION - OTHER,ANGLE,STRAIGHT & LEVEL,DAYLIGHT,0,0,0,1
33823293,CAMPBELL,US0027,USRoute,,ALEXANDRIA,PIKE,,39.03702049,-84.45394217,16.73,9/22/2024 0:00,1300,2,2,0,0,O,CLOUDY,DRY,0,ANGLE COLLISION - OTHER,ANGLE,STRAIGHT & LEVEL,DAYLIGHT,0,0,0,1
33836264,CAMPBELL,I 0471,Interstate,3.3,I471 N,,,39.08864629,-84.47476844,3.504,9/23/2024 0:00,717,6,6,0,2,B,CLEAR,DRY,0,REAR END IN TRAFFIC LANES BOTH VEHICLES MOVING,REAR END,STRAIGHT & LEVEL,DAYLIGHT,0,0,0,1
33822569,CAMPBELL,I 0471,Interstate,3.3,I471 N,,,39.08684063,-84.47383046,3.369,9/23/2024 0:00,820,2,2,0,0,O,CLEAR,DRY,0,REAR END IN TRAFFIC LANES BOTH VEHICLES MOVING,REAR END,STRAIGHT & LEVEL,DAYLIGHT,0,0,0,1
33824054,CAMPBELL,KY1892,StateRoute,57,CAROTHERS,RD,,39.08509839,-84.4806343,2.366,9/23/2024 0:00,1320,2,2,0,0,O,CLEAR,DRY,0,1 VEHICLE PARKED POSITION (NOT PARKING LOT/DRIVEWAY),SIDESWIPE-OPPOSITE DIRECTION,STRAIGHT & LEVEL,DAYLIGHT,0,0,0,1
33823934,CAMPBELL,I 0471,Interstate,,I471 N,,,39.07425337,-84.46572532,2.367,9/23/2024 0:00,752,2,2,0,0,O,CLEAR,DRY,0,SIDESWIPE COLLISION - SAME DIRECTION,SIDESWIPE-SAME DIRECTION,STRAIGHT & LEVEL,DAYLIGHT,0,0,0,1
33825596,CAMPBELL,,OTHR,,MURNAN,RD,,39.0172736,-84.43496945,1.918,9/23/2024 0:00,1137,2,2,0,0,O,CLEAR,DRY,0,1 VEHICLE ENTERING/LEAVING ENTRANCE,ANGLE,STRAIGHT & LEVEL,DAYLIGHT,0,0,0,1
33851021,CAMPBELL,,OTHR,818,BANEBERRY LANE,,,38.97997348,-84.39505493,,9/23/2024 0:00,1920,2,2,0,0,O,CLOUDY,WET,0,1 VEHICLE ENTERING/LEAVING ENTRANCE,ANGLE,STRAIGHT & LEVEL,DAYLIGHT,0,0,0,1
33822567,CAMPBELL,,OTHR,,NEWPORT PAVILION,,,39.0926729,-84.48060282,0.004,9/23/2024 0:00,808,2,2,0,0,O,CLOUDY,DRY,0,OTHER INTERSECTION COLLISIONS,REAR END,CURVE & GRADE,DAYLIGHT,1,0,0,1
33847977,CAMPBELL,KY0009,StateRoute,,AA,HWY,,38.98864468,-84.39510235,12.119,9/23/2024 0:00,1801,2,2,0,0,O,CLOUDY,WET,0,SIDESWIPE-SAME DIRECTION,SIDESWIPE-SAME DIRECTION,STRAIGHT & LEVEL,DAYLIGHT,0,0,0,1
33825021,CAMPBELL,KY0008,StateRoute,,MARY INGLES,HWY,,39.0515891,-84.43012337,8.323,9/23/2024 0:00,1632,1,1,0,0,O,CLOUDY,DRY,0,COLLISION WITH FIXED OBJECT IN INTERSECTION - FIRST EVENT COLLISION 09 - 32,SINGLE VEHICLE,CURVE & GRADE,DAYLIGHT,1,0,0,1
33824059,CAMPBELL,,OTHR,700,BRIGHTON,ST,,39.08607205,-84.50061073,0.509,9/23/2024 0:00,1000,1,1,0,0,O,CLEAR,DRY,0,COLLISION WITH FIXED OBJECT NON - INTERSECTION - FIRST EVENT COLLISION 09 - 32 EXCLUDING 16,SINGLE VEHICLE,STRAIGHT & LEVEL,DAYLIGHT,0,0,0,1
33824192,CAMPBELL,,OTHR,62,16TH,ST,,39.08226207,-84.48581997,0.104,9/23/2024 0:00,903,2,2,0,0,O,CLOUDY,DRY,0,1 VEHICLE PARKED POSITION (NOT PARKING LOT/DRIVEWAY),SIDESWIPE-SAME DIRECTION,STRAIGHT & GRADE,DAYLIGHT,0,0,0,1
33833549,CAMPBELL,KY1892,StateRoute,82,CAROTHERS,RD,,39.08615612,-84.47740529,2.169,9/24/2024 0:00,1245,2,2,0,0,O,CLEAR,DRY,0,OTHER ROADWAY OR MID-BLOCK COLLISION,REAR END,STRAIGHT & LEVEL,DAYLIGHT,0,0,0,1
33829034,CAMPBELL,I 0471,Interstate,,,,,39.09330169,-84.47896062,0.153,9/24/2024 0:00,858,1,1,0,0,O,CLOUDY,WET,0,OTHER RAMP RELATED COLLISIONS NOT LISTED ABOVE,SINGLE VEHICLE,STRAIGHT & LEVEL,DAYLIGHT,0,0,0,1
33831318,CAMPBELL,,OTHR,,HIGHLAND,AVE,,39.07581261,-84.46216149,0.509,9/24/2024 0:00,1646,2,2,0,0,O,CLEAR,DRY,0,ANGLE COLLISION - ONE VEHICLE TURNING LEFT,ANGLE,STRAIGHT & LEVEL,DAYLIGHT,0,0,0,1
33829036,CAMPBELL,,OTHR,,3RD,ST,W,39.09258472,-84.49830946,0.078,9/24/2024 0:00,1502,3,3,0,0,O,RAINING,WET,0,COLLISION WITH PARKED VEHICLE,SIDESWIPE-SAME DIRECTION,STRAIGHT & LEVEL,DAYLIGHT,0,0,0,1
33844423,CAMPBELL,KY0009,StateRoute,,AA,HWY,,38.95302183,-84.33716621,8.008,9/24/2024 0:00,1610,1,1,0,0,O,RAINING,WATER (STANDING OR MOVING),0,COLLISION WITH FIXED OBJECT IN INTERSECTION - FIRST EVENT COLLISION 09 - 32,SINGLE VEHICLE,STRAIGHT & GRADE,DAYLIGHT,1,0,0,1
33827497,CAMPBELL,KY0009,StateRoute,,LICKING,PIKE,,39.0251127,-84.48051312,17.93,9/24/2024 0:00,716,2,2,0,0,O,RAINING,WET,0,OTHER INTERSECTION COLLISIONS,REAR END,STRAIGHT & LEVEL,DAYLIGHT,1,0,0,1
33834372,CAMPBELL,US0027,USRoute,,ALEXANDRIA,PIKE,,39.02230122,-84.44046866,15.435,9/24/2024 0:00,807,2,2,0,0,O,CLOUDY,WET,0,OTHER ROADWAY OR MID-BLOCK COLLISION,REAR END,STRAIGHT & LEVEL,DAYLIGHT,0,0,0,1
33830979,CAMPBELL,I 0471,Interstate,,I471 NB,,,39.05895503,-84.46932634,1.161,9/24/2024 0:00,833,3,3,0,0,O,CLOUDY,WET,0,SIDESWIPE COLLISION - SAME DIRECTION,SIDESWIPE-SAME DIRECTION,STRAIGHT & LEVEL,DAYLIGHT,0,0,0,1
33844419,CAMPBELL,,OTHR,3823,NINE MILE,RD,,39.01935479,-84.33728913,0.154,9/24/2024 0:00,1802,1,1,0,0,O,CLOUDY,WET,0,OTHER COLLISIONS ON SHOULDER,SINGLE VEHICLE,CURVE & GRADE,DAYLIGHT,0,0,0,1
33839365,CAMPBELL,I 0275,Interstate,,I275 WB,,,39.02804325,-84.47299325,76.589,9/25/2024 0:00,1608,2,2,0,0,O,CLOUDY,DRY,0,REAR END IN TRAFFIC LANES BOTH VEHICLES MOVING,REAR END,STRAIGHT & GRADE,DAYLIGHT,0,0,0,1
33835343,CAMPBELL,I 0275,Interstate,,I275 W,,,39.03299999,-84.47094791,76.247,9/25/2024 0:00,1655,2,2,0,0,O,CLEAR,DRY,0,REAR END IN TRAFFIC LANES BOTH VEHICLES MOVING,REAR END,STRAIGHT & LEVEL,DAYLIGHT,0,0,0,1
33835417,CAMPBELL,KY0154,StateRoute,,PEACH GROVE,RD,,38.85152175,-84.37202918,0.664,9/25/2024 0:00,856,1,1,0,0,O,CLOUDY,WET,0,OTHER ROADWAY OR MID-BLOCK COLLISION,SINGLE VEHICLE,CURVE & HILLCREST,DAYLIGHT,0,0,0,1
33835416,CAMPBELL,KY0008,StateRoute,,MARY INGLES,HWY,,39.01061458,-84.32159132,14.984,9/25/2024 0:00,740,1,1,0,0,O,CLOUDY,WET,0,COLLISION WITH ANIMAL NON INTERSECTION,SINGLE VEHICLE,STRAIGHT & LEVEL,DAWN,0,0,0,1
33834373,CAMPBELL,US0027,USRoute,,ALEXANDRIA,PIKE,,39.02525305,-84.44532028,15.769,9/25/2024 0:00,1530,3,3,0,3,B,CLEAR,DRY,0,OTHER INTERSECTION COLLISIONS,REAR END,STRAIGHT & LEVEL,DAYLIGHT,1,0,0,1
33834668,CAMPBELL,,OTHR,,CHESTNUT,WAY,,39.08904268,-84.49940652,0.088,9/25/2024 0:00,430,7,7,0,0,O,CLOUDY,DRY,0,COLLISION WITH PARKED VEHICLE,HEAD ON,CURVE & LEVEL,DARK-HWY LIGHTED/ON,0,0,0,1
33844637,CAMPBELL,I 0275,Interstate,,I275 W,,,39.03934689,-84.47032155,75.797,9/26/2024 0:00,2006,1,1,0,0,O,RAINING,WET,0,OTHER ROADWAY OR MID-BLOCK COLLISION,SINGLE VEHICLE,STRAIGHT & LEVEL,DARK-HWY LIGHTED/ON,0,0,0,1
33852189,CAMPBELL,,OTHR,819,BRANDYWINE,CT,,38.94389449,-84.39864636,0.035,9/26/2024 0:00,1434,2,2,0,0,O,CLEAR,DRY,0,COLLISION WITH PARKED VEHICLE,SIDESWIPE-OPPOSITE DIRECTION,STRAIGHT & LEVEL,DAYLIGHT,0,0,0,1
33839725,CAMPBELL,,OTHR,,9TH,ST,W,39.08749898,-84.4917976,0.004,9/26/2024 0:00,1905,2,2,0,0,O,RAINING,WET,0,SIDESWIPE-SAME DIRECTION,SIDESWIPE-SAME DIRECTION,STRAIGHT & GRADE,DAYLIGHT,0,0,0,1
33840236,CAMPBELL,,OTHR,805,HIGHLAND,AVE,,39.07483404,-84.46414662,0.415,9/26/2024 0:00,1015,2,2,0,0,O,CLOUDY,DRY,0,1 VEHICLE PARKED POSITION (NOT PARKING LOT/DRIVEWAY),BACKING,STRAIGHT & LEVEL,DAYLIGHT,0,0,0,1
33835104,CAMPBELL,KY0008,StateRoute,,4TH,ST,W,39.0881555,-84.5037538,0.05,9/26/2024 0:00,125,2,2,0,0,O,CLEAR,DRY,1,VEHICLE BACKING NON INTERSECTION,BACKING,STRAIGHT & GRADE,DARK-HWY LIGHTED/ON,0,0,0,1
33841054,CAMPBELL,US0027,USRoute,,ALEXANDRIA,PIKE,,39.02533149,-84.44564571,15.778,9/26/2024 0:00,1641,2,2,0,0,O,CLOUDY,DRY,0,OTHER ROADWAY OR MID-BLOCK COLLISION,REAR END,STRAIGHT & GRADE,DAYLIGHT,0,0,0,1
33840805,CAMPBELL,I 0471,Interstate,,I471 N,,,39.09774438,-84.48584189,4.401,9/26/2024 0:00,643,4,4,0,0,O,CLEAR,DRY,0,REAR END IN TRAFFIC LANES BOTH VEHICLES MOVING,REAR END,CURVE & LEVEL,DAWN,0,0,0,1
33842269,CAMPBELL,KY2238,StateRoute,,THREE MILE,RD,,39.04412405,-84.46824929,1.219,9/27/2024 0:00,1543,2,2,0,0,O,RAINING,WET,0,REAR END IN TRAFFIC LANES BOTH VEHICLES MOVING,REAR END,STRAIGHT & GRADE,DAYLIGHT,0,0,0,1
33848320,CAMPBELL,I 0471,Interstate,,I471 NB,,,39.05181368,-84.46700925,0.635,9/27/2024 0:00,1638,2,1,0,0,O,RAINING,WET,1,1 VEHICLE PARKED POSITION (NOT PARKING LOT/DRIVEWAY),SIDESWIPE-SAME DIRECTION,CURVE & LEVEL,DAYLIGHT,0,0,0,1
33840668,CAMPBELL,,OTHR,835,FT THOMAS,AVE,N,39.08698297,-84.4490202,0.244,9/27/2024 0:00,651,2,2,0,0,O,RAINING,WET,0,1 VEHICLE PARKED POSITION (NOT PARKING LOT/DRIVEWAY),SIDESWIPE-SAME DIRECTION,STRAIGHT & LEVEL,DARK-HWY LIGHTED/ON,0,0,0,1
33841409,CAMPBELL,KY1120,StateRoute,,MEMORIAL,PKWY,,39.0926428,-84.47526066,1.674,9/27/2024 0:00,709,2,2,0,0,O,RAINING,WET,0,1 VEHICLE ENTERING/LEAVING ENTRANCE,ANGLE,STRAIGHT & LEVEL,DAYLIGHT,0,0,0,1
33842268,CAMPBELL,KY0009,StateRoute,,AA,HWY,,39.01821212,-84.48033527,17.387,9/27/2024 0:00,1254,2,2,0,0,O,RAINING,WET,0,OTHER ROADWAY OR MID-BLOCK COLLISION,REAR TO REAR,STRAIGHT & LEVEL,DAYLIGHT,0,0,0,1
33848023,CAMPBELL,,OTHR,307,CROSSROADS,BLVD,,39.00510566,-84.42227214,0.151,9/27/2024 0:00,1252,2,2,0,0,O,RAINING,WET,0,OTHER ROADWAY OR MID-BLOCK COLLISION,REAR END,STRAIGHT & GRADE,DAYLIGHT,0,0,0,1
33862599,CAMPBELL,I 0275,Interstate,,I275 E,,,39.0416868,-84.46936771,75.568,9/27/2024 0:00,1136,2,2,0,0,O,RAINING,WET,0,OTHER ROADWAY OR MID-BLOCK COLLISION,REAR END,STRAIGHT & LEVEL,OTHER,0,0,0,1
33855518,CAMPBELL,,OTHR,700,8TH,ST,E,39.09273506,-84.48541221,0.487,9/27/2024 0:00,800,2,2,0,0,O,RAINING,WET,0,VEHICLE BACKING NON INTERSECTION,BACKING,STRAIGHT & LEVEL,DAYLIGHT,0,0,0,1
33841874,CAMPBELL,,OTHR,,NEWPORT PAVILION,,,39.08668902,-84.47714022,0.577,9/27/2024 0:00,1229,2,2,0,0,O,RAINING,WET,0,1 VEHICLE ENTERING/LEAVING ENTRANCE,ANGLE,STRAIGHT & LEVEL,DAYLIGHT,0,0,0,1
33854731,CAMPBELL,I 0471,Interstate,,I471 N,,,39.07564176,-84.4678929,2.518,9/27/2024 0:00,1740,2,2,0,1,C,RAINING,WET,0,SIDESWIPE COLLISION - SAME DIRECTION,SIDESWIPE-SAME DIRECTION,CURVE & LEVEL,DAYLIGHT,0,0,0,1
33853957,CAMPBELL,I 0471,Interstate,,I471 NB,,,39.05494695,-84.4692827,0.887,9/27/2024 0:00,636,2,2,0,0,O,RAINING,WET,1,SIDESWIPE COLLISION - SAME DIRECTION,SIDESWIPE-SAME DIRECTION,STRAIGHT & LEVEL,DARK-HWY LIGHTED/ON,0,0,0,1
33843301,CAMPBELL,I 0471,Interstate,,I471 NB,,,39.05209443,-84.46736542,0.663,9/27/2024 0:00,1745,1,1,0,0,O,RAINING,WET,0,RAN OFF ROADWAY (1 VEHICLE WITH/EARTH EMBANKMENT/DITCH),SINGLE VEHICLE,CURVE & LEVEL,DAYLIGHT,0,0,0,1
33843300,CAMPBELL,I 0471,Interstate,,I471 NB,,,39.05181368,-84.46700925,0.635,9/27/2024 0:00,1500,1,1,0,0,O,RAINING,WATER (STANDING OR MOVING),0,COLLISION WITH FIXED OBJECT NON - INTERSECTION - FIRST EVENT COLLISION 09 - 32 EXCLUDING 16,SINGLE VEHICLE,CURVE & LEVEL,DAYLIGHT,0,0,0,1
33841349,CAMPBELL,,OTHR,,SARATOGA,ST,,39.08772008,-84.4880339,0.106,9/27/2024 0:00,1130,2,2,0,0,O,RAINING,WET,0,OTHER INTERSECTION COLLISIONS,REAR END,STRAIGHT & LEVEL,DAYLIGHT,1,0,0,1
33848022,CAMPBELL,US0027,USRoute,,ALEXANDRIA,PIKE,,39.00091474,-84.42077353,13.641,9/27/2024 0:00,1313,2,2,0,2,C,RAINING,WET,0,OTHER INTERSECTION COLLISIONS,REAR END,STRAIGHT & LEVEL,DAYLIGHT,1,0,0,1
33839724,CAMPBELL,KY0008,StateRoute,,5TH,ST,W,39.09010492,-84.49842208,0.36,9/27/2024 0:00,120,3,1,0,2,C,RAINING,WET,1,COLLISION WITH PEDESTRIAN IN INTERSECTION,SINGLE VEHICLE,STRAIGHT & LEVEL,DARK-HWY LIGHTED/ON,1,0,1,0
33840841,CAMPBELL,I 0471,Interstate,,I 471 S EXIT 3 OFF RAMP TO KY 1892,,,39.08540814,-84.47463492,0.217,9/27/2024 0:00,746,2,2,0,0,O,RAINING,WET,0,OTHER RAMP RELATED COLLISIONS NOT LISTED ABOVE,REAR END,CURVE & GRADE,DAYLIGHT,0,0,0,1