IncidentID,County,RdwyNumber,RdwyType,Street,RoadwayName,StreetSfx,StreetDir,Latitude,Longitude,Milepoint,CollisionDate,CollisionTime,UnitsInvolved,MotorVehiclesInvolved,NumberKilled,NumberInjured,KABCO,Weather,RdwyConditionCode,HitandRun,DirAnalysisCode,MannerofCollision,RdwyCharacter,LightCondition,Intersection Crash,Bicyclist,Pedestrian,Motor Vehicles
33843098,CAMPBELL,I 0471,Interstate,,,,,39.09282259,-84.47908402,0.197,9/27/2024 0:00,1916,1,1,0,0,O,CLOUDY,WET,0,COLLISION WITH FIXED OBJECT NOT IN GORE ,SINGLE VEHICLE,CURVE & HILLCREST,DAYLIGHT,0,0,0,1
33844116,CAMPBELL,,OTHR,,NEWPORT PAVILION,,,39.09259383,-84.48055353,0.007,9/28/2024 0:00,1545,2,2,0,0,O,RAINING,WET,0,OTHER INTERSECTION COLLISIONS,REAR END,STRAIGHT & LEVEL,DAYLIGHT,1,0,0,1
33845184,CAMPBELL,,OTHR,,LAKE,CIR,,38.86001355,-84.38611421,0.094,9/28/2024 0:00,2359,2,2,0,0,O,RAINING,WET,0,1 VEHICLE PARKED POSITION (NOT PARKING LOT/DRIVEWAY),BACKING,STRAIGHT & GRADE,DARK-HWY NOT LIGHTED,0,0,0,1
33848994,CAMPBELL,KY2238,StateRoute,,THREE MILE,RD,,39.04426723,-84.46834099,1.235,9/28/2024 0:00,1214,2,2,0,0,O,RAINING,WET,0,1 VEHICLE PARKED POSITION (NOT PARKING LOT/DRIVEWAY),ANGLE,STRAIGHT & GRADE,DAYLIGHT,0,0,0,1
33851013,CAMPBELL,KY2924,StateRoute,,TOLLGATE,RD,,38.96398708,-84.39726203,0.292,9/28/2024 0:00,1933,1,1,0,0,O,RAINING,WET,0,RAN OFF ROADWAY (1 VEHICLE WITH/EARTH EMBANKMENT/DITCH),SINGLE VEHICLE,CURVE & LEVEL,DARK-HWY NOT LIGHTED,0,0,0,1
33844126,CAMPBELL,,OTHR,908,SARATOGA,ST,,39.08865021,-84.48890222,0.185,9/28/2024 0:00,1654,2,2,0,0,O,RAINING,WET,0,1 VEHICLE ENTERING/LEAVING ENTRANCE,ANGLE,STRAIGHT & LEVEL,DAYLIGHT,0,0,0,1
33854600,CAMPBELL,I 0275,Interstate,,I275 E,,,39.0341481,-84.47030381,76.097,9/28/2024 0:00,1206,2,2,0,0,O,RAINING,WET,0,REAR END IN TRAFFIC LANES BOTH VEHICLES MOVING,REAR END,STRAIGHT & LEVEL,DAYLIGHT,0,0,0,1
33854601,CAMPBELL,I 0275,Interstate,,I275 E,,,39.0297476,-84.47086883,76.401,9/28/2024 0:00,1231,2,2,0,0,O,RAINING,WET,0,REAR END IN TRAFFIC LANES BOTH VEHICLES MOVING,REAR END,STRAIGHT & GRADE,DAYLIGHT,0,0,0,1
33854732,CAMPBELL,,OTHR,,COCHRAN,AVE,,39.06732813,-84.44530622,0.232,9/29/2024 0:00,0,2,2,0,0,O,RAINING,WET,0,1 VEHICLE PARKED POSITION (NOT PARKING LOT/DRIVEWAY),SIDESWIPE-OPPOSITE DIRECTION,STRAIGHT & GRADE,DARK-HWY NOT LIGHTED,0,0,0,1
33848025,CAMPBELL,US0027,USRoute,,ALEXANDRIA,PIKE,,39.00430382,-84.42466776,13.948,9/29/2024 0:00,1337,2,2,0,0,O,CLOUDY,WET,0,OTHER ROADWAY OR MID-BLOCK COLLISION,REAR END,STRAIGHT & GRADE,DAYLIGHT,0,0,0,1
33854602,CAMPBELL,,OTHR,,HIDDEN VALLEY,DR,,39.0353139,-84.45368578,0.017,9/29/2024 0:00,1717,2,2,0,0,O,CLOUDY,DRY,0,1 VEHICLE ENTERING/LEAVING ENTRANCE,ANGLE,STRAIGHT & LEVEL,DAYLIGHT,0,0,0,1
33849504,CAMPBELL,US0027,USRoute,,ALEXANDRIA,PIKE,,39.03137634,-84.45204361,16.333,9/29/2024 0:00,636,2,2,0,0,O,RAINING,WET,0,ANGLE COLLISION - OTHER,ANGLE,STRAIGHT & LEVEL,DARK-HWY LIGHTED/ON,0,0,0,1
33847592,CAMPBELL,I 0471,Interstate,,,,,39.08545547,-84.47441107,0.477,9/29/2024 0:00,1852,2,2,0,0,O,CLEAR,DRY,1,OTHER RAMP RELATED COLLISIONS NOT LISTED ABOVE,REAR END,CURVE & LEVEL,DAYLIGHT,0,0,0,1
33851795,CAMPBELL,,OTHR,,NEWPORT PAVILION,,,39.08790163,-84.47613798,0.477,9/30/2024 0:00,1244,2,2,0,1,C,CLOUDY,WET,0,OTHER ROADWAY OR MID-BLOCK COLLISION,REAR END,STRAIGHT & LEVEL,DAYLIGHT,0,0,0,1
33856152,CAMPBELL,KY2924,StateRoute,7535,LOCH LOMOND DR,RD,,38.97918089,-84.40751542,,9/30/2024 0:00,1100,2,2,0,0,O,CLOUDY,DRY,0,1 VEHICLE PARKED POSITION (NOT PARKING LOT/DRIVEWAY),BACKING,STRAIGHT & LEVEL,DAYLIGHT,0,0,0,1
33864066,CAMPBELL,KY1892,StateRoute,,CAROTHERS,RD,,39.08437165,-84.48298863,2.508,9/30/2024 0:00,1645,2,2,0,0,O,CLEAR,DRY,0,REAR END IN TRAFFIC LANES BOTH VEHICLES MOVING,REAR END,STRAIGHT & LEVEL,DAYLIGHT,0,0,0,1
33861970,CAMPBELL,KY1892,StateRoute,,CAROTHERS,RD,,39.08384145,-84.48384611,2.567,10/1/2024 0:00,1855,2,2,0,0,O,CLEAR,DRY,0,REAR END IN TRAFFIC LANES BOTH VEHICLES MOVING,REAR END,STRAIGHT & LEVEL,DAYLIGHT,0,0,0,1
33858838,CAMPBELL,I 0471,Interstate,,I471 SB,,,39.05781044,-84.46960658,1.066,10/1/2024 0:00,2129,1,1,0,0,O,RAINING,WATER (STANDING OR MOVING),0,OTHER ROADWAY OR MID-BLOCK COLLISION,SINGLE VEHICLE,CURVE & LEVEL,DARK-HWY LIGHTED/ON,0,0,0,1
33858069,CAMPBELL,KY0154,StateRoute,13597,PEACH GROVE,RD,,38.84290443,-84.3516743,,10/1/2024 0:00,2115,2,2,0,0,O,CLOUDY,DRY,0,SIDESWIPE COLLISION - OPPOSITE DIRECTION,SIDESWIPE-OPPOSITE DIRECTION,STRAIGHT & GRADE,DARK (UNKNOWN ROADWAY LIGHTING),0,0,0,1
33906246,CAMPBELL,KY0008,StateRoute,,FAIRFIELD,AVE,,39.10900277,-84.47995575,2.128,10/1/2024 0:00,1630,2,2,0,0,O,CLEAR,DRY,0,OTHER INTERSECTION COLLISIONS,REAR END,STRAIGHT & LEVEL,DAYLIGHT,1,0,0,1
33867125,CAMPBELL,US0027,USRoute,,ALEXANDRIA,PIKE,,39.03144187,-84.45190982,16.333,10/1/2024 0:00,1435,2,2,0,0,O,CLOUDY,WET,0,OTHER INTERSECTION COLLISIONS,REAR END,STRAIGHT & LEVEL,DAYLIGHT,1,0,0,1
33867126,CAMPBELL,US0027,USRoute,,ALEXANDRIA,PIKE,,39.03365493,-84.45317492,16.501,10/1/2024 0:00,1622,3,3,0,0,O,CLEAR,DRY,0,OTHER INTERSECTION COLLISIONS,REAR TO REAR,STRAIGHT & LEVEL,DAYLIGHT,1,0,0,1
33856574,CAMPBELL,US0027,USRoute,,MONMOUTH,ST,,39.08674138,-84.48819569,21.522,10/1/2024 0:00,1256,2,2,0,0,O,CLEAR,DRY,0,1 VEHICLE PARKED POSITION (NOT PARKING LOT/DRIVEWAY),REAR END,STRAIGHT & LEVEL,DAYLIGHT,0,0,0,1
33858837,CAMPBELL,I 0471,Interstate,,I471 SB EXIT2 OFF RAMP TO US27,,,39.06751233,-84.46577781,0.062,10/1/2024 0:00,1222,2,2,0,0,O,CLOUDY,DRY,0,OTHER RAMP RELATED COLLISIONS NOT LISTED ABOVE,REAR END,STRAIGHT & LEVEL,DAYLIGHT,0,0,0,1
33869473,CAMPBELL,I 0471,Interstate,,,,,39.06518491,-84.46425319,0.258,10/2/2024 0:00,1445,2,2,0,0,O,CLEAR,DRY,0,OTHER RAMP RELATED COLLISIONS NOT LISTED ABOVE,REAR END,CURVE & LEVEL,DAYLIGHT,0,0,0,1
33863912,CAMPBELL,I 0471,Interstate,,I471 NB,,,39.06277309,-84.46810461,1.445,10/2/2024 0:00,902,2,2,0,0,O,CLEAR,DRY,0,OTHER ROADWAY OR MID-BLOCK COLLISION,REAR END,STRAIGHT & LEVEL,DAYLIGHT,0,0,0,1
33861462,CAMPBELL,,OTHR,,COLUMBIA,ST,,39.09201465,-84.49805786,0.162,10/2/2024 0:00,1604,2,2,0,0,O,CLEAR,DRY,0,1 VEHICLE PARKED POSITION (NOT PARKING LOT/DRIVEWAY),REAR END,STRAIGHT & LEVEL,DAYLIGHT,0,0,0,1
33862636,CAMPBELL,,OTHR,,3RD,ST,W,39.09240626,-84.49841899,0.091,10/2/2024 0:00,1740,2,2,0,0,O,CLEAR,DRY,0,OTHER INTERSECTION COLLISIONS,REAR END,STRAIGHT & LEVEL,DAYLIGHT,1,0,0,1
33861369,CAMPBELL,,OTHR,100,LINDEN,AVE,,39.0994298,-84.49100529,0.01,10/2/2024 0:00,1500,2,2,0,0,O,CLEAR,DRY,0,OTHER ROADWAY OR MID-BLOCK COLLISION,REAR END,STRAIGHT & LEVEL,DAYLIGHT,0,0,0,1
33862630,CAMPBELL,US0027,USRoute,708,MONMOUTH,ST,,39.09003679,-84.49210593,21.833,10/2/2024 0:00,1758,2,2,0,0,O,CLEAR,DRY,0,VEHICLE BACKING NON INTERSECTION,BACKING,STRAIGHT & LEVEL,DAYLIGHT,0,0,0,1
33860924,CAMPBELL,,OTHR,,PATTERSON,ST,,39.08592523,-84.49849924,0.438,10/2/2024 0:00,1223,2,2,0,0,O,CLEAR,DRY,0,1 VEHICLE ENTERING/LEAVING ENTRANCE,ANGLE,STRAIGHT & LEVEL,DAYLIGHT,0,0,0,1
33861365,CAMPBELL,I 0471,Interstate,,I471 N,,,39.09860753,-84.4906943,4.671,10/2/2024 0:00,821,3,3,0,0,O,CLEAR,DRY,0,REAR END IN TRAFFIC LANES BOTH VEHICLES MOVING,REAR END,STRAIGHT & LEVEL,DAYLIGHT,0,0,0,1
33870171,CAMPBELL,,OTHR,30,CAMPBELL,DR,,39.03650075,-84.46575345,0.14,10/2/2024 0:00,2218,2,2,0,0,O,CLEAR,DRY,0,1 VEHICLE PARKED POSITION (NOT PARKING LOT/DRIVEWAY),SIDESWIPE-SAME DIRECTION,STRAIGHT & GRADE,DARK-HWY LIGHTED/ON,0,0,0,1
33862597,CAMPBELL,KY0010,StateRoute,,FLAGG SPRINGS,PIKE,,38.92590964,-84.3431133,5.965,10/2/2024 0:00,1801,1,1,0,0,O,CLEAR,DRY,0,OTHER COLLISIONS ON SHOULDER,SINGLE VEHICLE,STRAIGHT & GRADE,DAYLIGHT,0,0,0,1
33864703,CAMPBELL,I 0275,Interstate,,I275 WB,,,39.02339814,-84.48187398,77.159,10/2/2024 0:00,1726,2,2,0,0,O,CLEAR,DRY,0,REAR END IN TRAFFIC LANES BOTH VEHICLES MOVING,REAR END,STRAIGHT & LEVEL,DAYLIGHT,0,0,0,1
33866822,CAMPBELL,,OTHR,82,CROWELL,AVE,,39.0529194,-84.45316208,0.082,10/3/2024 0:00,1030,1,1,0,0,O,CLEAR,DRY,0,OTHER COLLISIONS ON SHOULDER,SINGLE VEHICLE,STRAIGHT & GRADE,DAYLIGHT,0,0,0,1
33864399,CAMPBELL,I 0471,Interstate,,I471 NB,,,39.08106127,-84.47115135,2.941,10/3/2024 0:00,733,2,2,0,0,O,CLEAR,DRY,0,REAR END IN TRAFFIC LANES BOTH VEHICLES MOVING,REAR END,STRAIGHT & LEVEL,DAYLIGHT,0,0,0,1
33867129,CAMPBELL,US0027,USRoute,,ALEXANDRIA,PIKE,,39.03530761,-84.45402639,16.62,10/3/2024 0:00,1021,2,2,0,0,O,CLEAR,DRY,0,SIDESWIPE COLLISION - SAME DIRECTION,SIDESWIPE-SAME DIRECTION,STRAIGHT & LEVEL,DAYLIGHT,0,0,0,1
33884022,CAMPBELL,US0027,USRoute,,ALEXANDRIA,PIKE,,38.97236512,-84.39218728,11.073,10/3/2024 0:00,1812,3,3,0,1,B,CLEAR,DRY,0,1 VEHICLE ENTERING/LEAVING ENTRANCE,ANGLE,STRAIGHT & LEVEL,DAYLIGHT,0,0,0,1
33864428,CAMPBELL,I 0471,Interstate,,I471 N,,,39.08816919,-84.47453712,3.468,10/3/2024 0:00,720,2,2,0,0,O,FOG,DRY,0,OTHER ROADWAY OR MID-BLOCK COLLISION,REAR END,STRAIGHT & LEVEL,DAWN,0,0,0,1
33867746,CAMPBELL,KY1120,StateRoute,,11TH,ST,W,39.08272951,-84.49363851,0.4,10/3/2024 0:00,1720,2,2,0,0,O,CLEAR,DRY,0,ANGLE COLLISION - ONE VEHICLE TURNING RIGHT,ANGLE,STRAIGHT & LEVEL,DAYLIGHT,0,0,0,1
33864427,CAMPBELL,KY1892,StateRoute,,CAROTHERS,RD,,39.08386644,-84.48373773,2.563,10/3/2024 0:00,830,1,1,0,0,O,CLEAR,DRY,0,COLLISION WITH FIXED OBJECT NON - INTERSECTION - FIRST EVENT COLLISION 09 - 32 EXCLUDING 16,SINGLE VEHICLE,STRAIGHT & LEVEL,DAYLIGHT,0,0,0,1
33875091,CAMPBELL,,OTHR,,RAINBOW,CT,,39.02763086,-84.37295423,0.051,10/3/2024 0:00,1015,1,1,0,1,A,CLEAR,DRY,0,OCCUPANT FELL FROM MOVING VEHICLE,SINGLE VEHICLE,STRAIGHT & HILLCREST,DAYLIGHT,0,0,0,1
33887245,CAMPBELL,KY1121,StateRoute,,PERSIMMON GROVE,PIKE,,38.94747508,-84.37906179,9.291,10/3/2024 0:00,715,2,2,0,0,O,FOG,DRY,0,COLLISION WITH ANIMAL NON INTERSECTION,REAR END,CURVE & LEVEL,DARK-HWY NOT LIGHTED,0,0,0,1
33876568,CAMPBELL,,OTHR,21,LOUISVILLE,RD,,39.0470179,-84.45137523,0.092,10/3/2024 0:00,1050,2,2,0,0,O,CLEAR,DRY,0,1 VEHICLE PARKED POSITION (NOT PARKING LOT/DRIVEWAY),SIDESWIPE-SAME DIRECTION,STRAIGHT & GRADE,DAYLIGHT,0,0,0,1
33865772,CAMPBELL,I 0471,Interstate,,I-471 SOUTH,,,39.08542953,-84.4743649,0.203,10/3/2024 0:00,1337,2,2,0,0,O,CLEAR,DRY,0,OTHER RAMP RELATED COLLISIONS NOT LISTED ABOVE,REAR END,CURVE & HILLCREST,DAYLIGHT,0,0,0,1
33869880,CAMPBELL,,OTHR,105,NEWPORT PAVILION,,,39.09140202,-84.47779418,0.185,10/4/2024 0:00,1228,2,2,0,0,O,CLEAR,DRY,0,OTHER ROADWAY OR MID-BLOCK COLLISION,REAR END,STRAIGHT & LEVEL,DAYLIGHT,0,0,0,1
33870701,CAMPBELL,,OTHR,,GOLFVIEW,ST,,38.88435401,-84.38862197,0.041,10/4/2024 0:00,830,1,1,0,0,O,CLEAR,DRY,0,COLLISION WITH FIXED OBJECT NON - INTERSECTION - FIRST EVENT COLLISION 09 - 32 EXCLUDING 16,SINGLE VEHICLE,STRAIGHT & GRADE,DAYLIGHT,0,0,0,1
33883773,CAMPBELL,US0027,USRoute,,ALEXANDRIA,PIKE,,38.98304142,-84.39975346,11.985,10/4/2024 0:00,1449,2,2,0,0,O,CLEAR,DRY,0,REAR END - ONE VEHICLE TURNING LEFT,REAR END,STRAIGHT & LEVEL,DAYLIGHT,0,0,0,1
33889483,CAMPBELL,KY1892,StateRoute,1,CAROTHERS,RD,,39.08395927,-84.48369961,2.557,10/4/2024 0:00,1645,2,2,0,0,O,CLEAR,DRY,1,SIDESWIPE COLLISION - SAME DIRECTION,SIDESWIPE-SAME DIRECTION,STRAIGHT & LEVEL,DAYLIGHT,0,0,0,1
33871400,CAMPBELL,I 0471,Interstate,,I471 N,,,39.08877028,-84.47481628,3.513,10/4/2024 0:00,1757,2,2,0,0,O,CLEAR,DRY,0,REAR END IN TRAFFIC LANES BOTH VEHICLES MOVING,REAR END,STRAIGHT & LEVEL,DAYLIGHT,0,0,0,1
33871401,CAMPBELL,I 0471,Interstate,,I471 N,,,39.08949886,-84.47525954,3.569,10/4/2024 0:00,1821,2,2,0,0,O,CLEAR,DRY,0,REAR END IN TRAFFIC LANES BOTH VEHICLES MOVING,REAR END,STRAIGHT & LEVEL,DAYLIGHT,0,0,0,1
33870835,CAMPBELL,,OTHR,,FISHER,RD,,38.85512758,-84.33342495,1.331,10/4/2024 0:00,1614,2,2,0,1,B,CLEAR,DRY,0,HEAD-ON COLLISION,HEAD ON,CURVE & GRADE,DAYLIGHT,0,0,0,1
33904655,CAMPBELL,I 0275,Interstate,,I275 E,,,39.04831614,-84.45227423,74.509,10/5/2024 0:00,215,2,2,0,2,A,CLEAR,DRY,0,HEAD-ON COLLISION,HEAD ON,STRAIGHT & LEVEL,DARK-HWY LIGHTED/ON,0,0,0,1
33878578,CAMPBELL,KY0009,StateRoute,,AA,HWY,,39.01420724,-84.47625658,17.043,10/5/2024 0:00,1608,2,2,0,0,O,CLEAR,DRY,0,REAR END IN TRAFFIC LANES BOTH VEHICLES MOVING,REAR END,STRAIGHT & LEVEL,DAYLIGHT,0,0,0,1
33873274,CAMPBELL,KY1998,StateRoute,,INDUSTRIAL,RD,,39.03168521,-84.44107756,2.275,10/5/2024 0:00,1159,2,2,0,0,O,CLEAR,DRY,0,REAR END IN TRAFFIC LANES BOTH VEHICLES MOVING,REAR END,STRAIGHT & GRADE,DAYLIGHT,0,0,0,1
33875069,CAMPBELL,,OTHR,,ALYSHEBA,DR,,38.92481538,-84.4011925,0.127,10/5/2024 0:00,34,2,2,0,0,O,CLEAR,DRY,0,SIDESWIPE COLLISION - SAME DIRECTION,SIDESWIPE-SAME DIRECTION,STRAIGHT & GRADE,DARK-HWY LIGHTED/ON,0,0,0,1
33874739,CAMPBELL,KY0008,StateRoute,,5TH,ST,W,39.09137252,-84.49611393,0.513,10/5/2024 0:00,2259,1,1,0,0,O,CLEAR,DRY,0,COLLISION WITH FIXED OBJECT NON - INTERSECTION - FIRST EVENT COLLISION 09 - 32 EXCLUDING 16,SINGLE VEHICLE,STRAIGHT & LEVEL,DARK-HWY LIGHTED/ON,0,0,0,1
33886917,CAMPBELL,US0027,USRoute,,,,,39.00346758,-84.42298103,0.034,10/6/2024 0:00,1138,2,2,0,0,O,CLEAR,DRY,0,OTHER RAMP RELATED COLLISIONS NOT LISTED ABOVE,REAR END,STRAIGHT & LEVEL,DAYLIGHT,0,0,0,1
33878144,CAMPBELL,I 0471,Interstate,,I471 NB,,,39.05300782,-84.46837652,0.748,10/6/2024 0:00,808,1,1,0,0,O,CLEAR,DRY,0,COLLISION WITH ANIMAL NON INTERSECTION,SINGLE VEHICLE,CURVE & LEVEL,DAYLIGHT,0,0,0,1
33878524,CAMPBELL,I 0275,Interstate,,I275 E,,,39.05440049,-84.43629016,73.563,10/6/2024 0:00,230,1,1,0,0,O,CLEAR,DRY,0,COLLISION WITH FIXED OBJECT NON - INTERSECTION - FIRST EVENT COLLISION 09 - 32 EXCLUDING 16,SINGLE VEHICLE,STRAIGHT & GRADE,DARK-HWY LIGHTED/ON,0,0,0,1
33874850,CAMPBELL,,OTHR,200,3RD,ST,W,39.09262325,-84.49829768,0.075,10/6/2024 0:00,0,2,2,0,0,O,CLEAR,DRY,0,1 VEHICLE ENTERING/LEAVING ENTRANCE,ANGLE,CURVE & LEVEL,DARK-HWY LIGHTED/ON,0,0,0,1
33886920,CAMPBELL,KY1998,StateRoute,,INDUSTRIAL,RD,,39.03164668,-84.441054,2.278,10/6/2024 0:00,1238,2,2,0,0,O,CLEAR,DRY,0,REAR END IN TRAFFIC LANES BOTH VEHICLES MOVING,REAR END,STRAIGHT & LEVEL,DAYLIGHT,0,0,0,1
33907900,CAMPBELL,KY1120,StateRoute,,FT THOMAS,AVE,S,39.06927687,-84.44766937,4.993,10/6/2024 0:00,1910,3,3,0,6,B,CLEAR,DRY,0,HEAD-ON COLLISION,HEAD ON,STRAIGHT & LEVEL,DUSK,0,0,0,1
33897694,CAMPBELL,I 0471,Interstate,4.1,I471 N,,,39.0975309,-84.48528539,4.367,10/7/2024 0:00,800,2,2,0,0,O,CLEAR,DRY,0,REAR END IN TRAFFIC LANES BOTH VEHICLES MOVING,REAR END,STRAIGHT & LEVEL,DAYLIGHT,0,0,0,1
33890928,CAMPBELL,,OTHR,402,FOOTE,AVE,,39.10407151,-84.47851535,0.445,10/7/2024 0:00,1301,3,3,0,0,O,CLEAR,DRY,0,HEAD-ON COLLISION,HEAD ON,STRAIGHT & LEVEL,DAYLIGHT,0,0,0,1
33880895,CAMPBELL,US0027,USRoute,2110,MONMOUTH,ST,,39.07704245,-84.47837732,20.644,10/7/2024 0:00,1542,2,2,0,0,O,CLEAR,DRY,0,REAR END IN TRAFFIC LANES BOTH VEHICLES MOVING,REAR END,STRAIGHT & GRADE,DAYLIGHT,0,0,0,1
33878346,CAMPBELL,,OTHR,130,NEWPORT PAVILION,,,39.09090617,-84.47817706,0.195,10/7/2024 0:00,645,2,2,0,0,O,CLOUDY,DRY,1,1 VEHICLE PARKED POSITION (NOT PARKING LOT/DRIVEWAY),,STRAIGHT & LEVEL,DARK-HWY LIGHTED/ON,0,0,0,1
33883049,CAMPBELL,I 0471,Interstate,,I471 NB,,,39.05510631,-84.46926059,0.897,10/7/2024 0:00,742,3,3,0,2,B,CLEAR,DRY,0,SIDESWIPE COLLISION - SAME DIRECTION,SIDESWIPE-SAME DIRECTION,CURVE & LEVEL,DAYLIGHT,0,0,0,1
33879852,CAMPBELL,I 0471,Interstate,,I471 N,,,39.08418841,-84.47242363,3.169,10/7/2024 0:00,637,2,2,0,0,O,CLEAR,DRY,0,SIDESWIPE COLLISION - SAME DIRECTION,SIDESWIPE-SAME DIRECTION,STRAIGHT & LEVEL,DARK-HWY LIGHTED/ON,0,0,0,1
33895473,CAMPBELL,KY0010,StateRoute,,MAIN,ST,W,38.95670856,-84.39515973,1.173,10/7/2024 0:00,1437,3,3,0,1,C,CLEAR,DRY,0,OTHER INTERSECTION COLLISIONS,REAR END,STRAIGHT & LEVEL,DAYLIGHT,1,0,0,1
33883051,CAMPBELL,I 0471,Interstate,,I471 NB,,,39.05439247,-84.46924394,0.852,10/7/2024 0:00,1525,1,1,0,0,O,CLEAR,DRY,0,OTHER ROADWAY OR MID-BLOCK COLLISION,SINGLE VEHICLE,CURVE & LEVEL,DAYLIGHT,0,0,0,1
33883770,CAMPBELL,KY0010,StateRoute,,MAIN,ST,E,38.9577134,-84.39279516,1.318,10/7/2024 0:00,659,2,2,0,0,O,CLEAR,DRY,0,OTHER ROADWAY OR MID-BLOCK COLLISION,REAR END,STRAIGHT & GRADE,DAWN,0,0,0,1
33886899,CAMPBELL,US0027,USRoute,,ALEXANDRIA,PIKE,,38.87158336,-84.39431525,3.909,10/8/2024 0:00,2305,1,1,0,0,O,CLEAR,DRY,0,COLLISION WITH ANIMAL NON INTERSECTION,SINGLE VEHICLE,STRAIGHT & GRADE,DARK-HWY NOT LIGHTED,0,0,0,1
33890096,CAMPBELL,KY1998,StateRoute,,INDUSTRIAL,RD,,39.0440239,-84.42058043,3.934,10/8/2024 0:00,1735,2,2,0,0,O,CLEAR,DRY,0,REAR END IN TRAFFIC LANES BOTH VEHICLES MOVING,REAR END,STRAIGHT & LEVEL,DAYLIGHT,0,0,0,1
33886922,CAMPBELL,US0027,USRoute,,ALEXANDRIA,PIKE,,39.02776905,-84.44930951,16.043,10/8/2024 0:00,1209,2,2,0,0,O,CLEAR,DRY,0,REAR END IN TRAFFIC LANES BOTH VEHICLES MOVING,REAR END,STRAIGHT & LEVEL,DAYLIGHT,0,0,0,1
33890841,CAMPBELL,,OTHR,600,6TH,ST,E,39.09502369,-84.48727359,0.262,10/9/2024 0:00,2010,2,2,0,0,O,CLEAR,DRY,0,1 VEHICLE ENTERING/LEAVING ENTRANCE,ANGLE,STRAIGHT & LEVEL,DARK-HWY LIGHTED/ON,0,0,0,1
33904650,CAMPBELL,US0027,USRoute,,ALEXANDRIA,PIKE,,39.03578008,-84.454286,16.665,10/9/2024 0:00,1626,2,2,0,0,O,CLEAR,DRY,1,VEHICLE BACKING NON INTERSECTION,BACKING,STRAIGHT & LEVEL,DAYLIGHT,0,0,0,1
33896737,CAMPBELL,,OTHR,411,4TH,AVE,,39.11305992,-84.47650214,0.032,10/9/2024 0:00,925,2,2,0,0,O,CLEAR,DRY,1,1 VEHICLE PARKED POSITION (NOT PARKING LOT/DRIVEWAY),REAR END,STRAIGHT & LEVEL,DAYLIGHT,0,0,0,1
33890312,CAMPBELL,,OTHR,,SHADOW LAKE,DR,,39.00264238,-84.43533759,0.022,10/9/2024 0:00,840,1,1,0,0,O,CLEAR,DRY,0,COLLISION WITH FIXED OBJECT NON - INTERSECTION - FIRST EVENT COLLISION 09 - 32 EXCLUDING 16,SINGLE VEHICLE,STRAIGHT & LEVEL,DAYLIGHT,0,0,0,1
33892419,CAMPBELL,KY0008X,StateRoute,,6TH,AVE,,39.10905081,-84.47985295,1.502,10/9/2024 0:00,807,2,2,0,0,O,CLEAR,DRY,0,OPPOSITE DIRECTION - BOTH VEHICLES GOING STRAIGHT AHEAD,SIDESWIPE-OPPOSITE DIRECTION,STRAIGHT & LEVEL,DAYLIGHT,0,0,0,1
33937008,CAMPBELL,KY0008,StateRoute,,FAIRFIELD,AVE,,39.10181886,-84.48867397,1.446,10/9/2024 0:00,1545,2,2,0,0,O,CLEAR,DRY,0,OTHER INTERSECTION COLLISIONS,REAR END,STRAIGHT & LEVEL,DAYLIGHT,1,0,0,1
33888843,CAMPBELL,US0027,USRoute,,MONMOUTH,ST,,39.08614733,-84.48745944,21.464,10/9/2024 0:00,1323,2,2,0,0,O,CLEAR,DRY,0,OTHER INTERSECTION COLLISIONS,REAR END,STRAIGHT & LEVEL,DAYLIGHT,1,0,0,1
33889480,CAMPBELL,KY1892,StateRoute,,CAROTHERS,RD,,39.08643502,-84.4776693,2.176,10/9/2024 0:00,1430,2,2,0,0,O,CLEAR,DRY,1,OTHER INTERSECTION COLLISIONS,REAR END,STRAIGHT & LEVEL,DAYLIGHT,1,0,0,1
33889482,CAMPBELL,,OTHR,200,PARK,AVE,,39.09700198,-84.49149622,0.251,10/9/2024 0:00,1508,1,1,0,0,O,CLEAR,DRY,0,OTHER ROADWAY OR MID-BLOCK COLLISION,SINGLE VEHICLE,STRAIGHT & GRADE,DAYLIGHT,0,0,0,1
33893172,CAMPBELL,US0027,USRoute,,,,,39.00327961,-84.42331283,0.013,10/10/2024 0:00,659,2,2,0,0,O,CLEAR,DRY,0,OTHER RAMP RELATED COLLISIONS NOT LISTED ABOVE,REAR END,STRAIGHT & LEVEL,DARK-HWY LIGHTED/ON,0,0,0,1
34093241,CAMPBELL,I 0471,Interstate,,I471 N,,,39.09982399,-84.49315263,4.829,10/10/2024 0:00,947,3,3,0,0,O,CLEAR,DRY,0,OTHER ROADWAY OR MID-BLOCK COLLISION,REAR END,STRAIGHT & GRADE,DAYLIGHT,0,0,0,1
33896770,CAMPBELL,,OTHR,,BLOSSOM,LN,,39.0639145,-84.4547723,0.001,10/10/2024 0:00,1000,2,2,0,0,O,CLEAR,DRY,0,ANGLE COLLISION - ONE VEHICLE TURNING LEFT,ANGLE,CURVE & GRADE,DAYLIGHT,0,0,0,1
33895349,CAMPBELL,,OTHR,,OFALLON,AVE,,39.10938935,-84.48030886,0.529,10/10/2024 0:00,2050,2,2,0,0,O,CLEAR,DRY,0,REAR END - ONE VEHICLE TURNING LEFT,REAR END,STRAIGHT & LEVEL,DARK (UNKNOWN ROADWAY LIGHTING),0,0,0,1