IncidentID,County,RdwyNumber,RdwyType,Street,RoadwayName,StreetSfx,StreetDir,Latitude,Longitude,Milepoint,CollisionDate,CollisionTime,UnitsInvolved,MotorVehiclesInvolved,NumberKilled,NumberInjured,KABCO,Weather,RdwyConditionCode,HitandRun,DirAnalysisCode,MannerofCollision,RdwyCharacter,LightCondition,Intersection Crash,Bicyclist,Pedestrian,Motor Vehicles
33906646,CAMPBELL,KY0009,StateRoute,,AA,HWY,,39.0076906,-84.45915973,15.989,10/10/2024 0:00,1919,1,1,0,0,O,CLEAR,DRY,0,COLLISION WITH ANIMAL NON INTERSECTION,SINGLE VEHICLE,STRAIGHT & GRADE,DARK-HWY LIGHTED/OFF,0,0,0,1
33895764,CAMPBELL,KY0008,StateRoute,,KY8 SPUR,,,39.09143704,-84.50014898,0.148,10/10/2024 0:00,1744,1,1,0,0,O,CLEAR,DRY,0,COLLISION WITH FIXED OBJECT NON - INTERSECTION - FIRST EVENT COLLISION 09 - 32 EXCLUDING 16,SINGLE VEHICLE,STRAIGHT & LEVEL,DAYLIGHT,0,0,0,1
33896773,CAMPBELL,,OTHR,1123,FT THOMAS,AVE,N,39.09098087,-84.44745118,0.491,10/10/2024 0:00,1350,2,2,0,0,O,CLEAR,DRY,1,1 VEHICLE ENTERING OR LEAVING PARKED POSITION (NOT PARKING LOT),SIDESWIPE-SAME DIRECTION,STRAIGHT & LEVEL,DAYLIGHT,0,0,0,1
33906555,CAMPBELL,,OTHR,212,LINDEN,AVE,,39.07595101,-84.47454316,0.168,10/10/2024 0:00,1738,2,2,0,0,O,CLEAR,DRY,0,1 VEHICLE PARKED POSITION (NOT PARKING LOT/DRIVEWAY),SIDESWIPE-SAME DIRECTION,STRAIGHT & LEVEL,DAYLIGHT,0,0,0,1
33898076,CAMPBELL,,OTHR,11,13TH,ST,E,39.08404725,-84.48655936,0.011,10/10/2024 0:00,800,2,2,0,0,O,CLEAR,DRY,1,1 VEHICLE PARKED POSITION (NOT PARKING LOT/DRIVEWAY),SIDESWIPE-OPPOSITE DIRECTION,STRAIGHT & LEVEL,DARK-HWY NOT LIGHTED,0,0,0,1
33906636,CAMPBELL,KY0009,StateRoute,,LICKING,PIKE,,39.02488314,-84.48056612,17.912,10/10/2024 0:00,2254,2,2,0,0,O,CLEAR,DRY,0,1 VEHICLE ENTERING/LEAVING ENTRANCE,ANGLE,STRAIGHT & LEVEL,DARK-HWY LIGHTED/ON,0,0,0,1
33893920,CAMPBELL,US0027,USRoute,,ALEXANDRIA,PIKE,,39.01966358,-84.43753934,15.184,10/10/2024 0:00,1403,2,2,0,0,O,CLEAR,DRY,0,SIDESWIPE COLLISION - SAME DIRECTION,SIDESWIPE-SAME DIRECTION,STRAIGHT & LEVEL,DAYLIGHT,0,0,0,1
33912008,CAMPBELL,KY0009,StateRoute,,AA,HWY,,39.0208205,-84.48127719,17.596,10/11/2024 0:00,1706,2,2,0,0,O,CLEAR,DRY,0,SIDESWIPE COLLISION - SAME DIRECTION,SIDESWIPE-SAME DIRECTION,STRAIGHT & LEVEL,DAYLIGHT,0,0,0,1
33912275,CAMPBELL,,OTHR,,WARD,AVE,,39.10791498,-84.48129486,0.509,10/11/2024 0:00,1423,2,2,0,1,C,CLEAR,DRY,0,HEAD-ON COLLISION,HEAD ON,STRAIGHT & LEVEL,DAYLIGHT,0,0,0,1
33911941,CAMPBELL,KY0009,StateRoute,,LICKING,PIKE,,39.02446995,-84.48064231,17.879,10/11/2024 0:00,1310,2,2,0,0,O,CLEAR,DRY,0,REAR END IN TRAFFIC LANES BOTH VEHICLES MOVING,REAR END,STRAIGHT & LEVEL,DAYLIGHT,0,0,0,1
33914475,CAMPBELL,,OTHR,130,NEWPORT PAVILION,,,39.09161325,-84.47860019,0.141,10/11/2024 0:00,1200,2,2,0,0,O,CLEAR,DRY,0,1 VEHICLE PARKED POSITION (NOT PARKING LOT/DRIVEWAY),SIDESWIPE-SAME DIRECTION,STRAIGHT & LEVEL,DAYLIGHT,0,0,0,1
33906556,CAMPBELL,,OTHR,,BLOSSOM,LN,,39.05870243,-84.46170653,0.385,10/11/2024 0:00,629,1,1,0,0,O,CLEAR,DRY,0,RAN OFF ROADWAY (1 VEHICLE WITH/EARTH EMBANKMENT/DITCH),SINGLE VEHICLE,CURVE & HILLCREST,DARK-HWY NOT LIGHTED,0,0,0,1
33929741,CAMPBELL,,OTHR,1095,SCENIC,DR,,38.99210878,-84.40205448,0.205,10/11/2024 0:00,630,1,1,0,0,O,CLEAR,DRY,1,COLLISION WITH FIXED OBJECT NON - INTERSECTION - FIRST EVENT COLLISION 09 - 32 EXCLUDING 16,SINGLE VEHICLE,STRAIGHT & LEVEL,DARK-HWY NOT LIGHTED,0,0,0,1
33954982,CAMPBELL,US0027,USRoute,,ALEXANDRIA,PIKE,,38.95735249,-84.39302137,10.025,10/11/2024 0:00,615,1,1,0,0,O,CLEAR,DRY,0,COLLISION WITH ANIMAL NON INTERSECTION,SINGLE VEHICLE,STRAIGHT & LEVEL,DARK-HWY LIGHTED/ON,0,0,0,1
33897461,CAMPBELL,KY0008X,StateRoute,,DAVE COWENS,DR,,39.09802857,-84.49287157,0.394,10/11/2024 0:00,1248,2,2,0,0,O,CLEAR,DRY,0,SIDESWIPE-SAME DIRECTION,SIDESWIPE-SAME DIRECTION,CURVE & LEVEL,DAYLIGHT,0,0,0,1
33899882,CAMPBELL,I 0471,Interstate,,,,,39.09285525,-84.4790946,0.194,10/11/2024 0:00,1958,2,2,0,0,O,CLEAR,DRY,0,OTHER RAMP RELATED COLLISIONS NOT LISTED ABOVE,REAR TO REAR,CURVE & HILLCREST,DARK-HWY LIGHTED/ON,0,0,0,1
33899878,CAMPBELL,I 0471,Interstate,,,,,39.09274242,-84.47852724,0.047,10/12/2024 0:00,248,2,2,0,0,O,CLEAR,DRY,1,OTHER RAMP RELATED COLLISIONS NOT LISTED ABOVE,REAR END,STRAIGHT & LEVEL,DARK-HWY LIGHTED/ON,0,0,0,1
33900540,CAMPBELL,KY1892,StateRoute,,CAROTHERS,RD,,39.08641511,-84.47738521,2.161,10/12/2024 0:00,1037,2,2,0,1,C,CLEAR,DRY,0,OTHER INTERSECTION COLLISIONS,REAR END,STRAIGHT & LEVEL,DAYLIGHT,1,0,0,1
33903970,CAMPBELL,,OTHR,275,COLUMBIA,ST,,39.09190335,-84.4979505,0.179,10/12/2024 0:00,1430,2,2,0,0,O,CLEAR,DRY,1,1 VEHICLE PARKED POSITION (NOT PARKING LOT/DRIVEWAY),,STRAIGHT & LEVEL,DAYLIGHT,0,0,0,1
33912442,CAMPBELL,,OTHR,25,FAREN,DR,,39.03586714,-84.45501001,0.054,10/12/2024 0:00,1617,2,2,0,0,O,CLEAR,DRY,0,1 VEHICLE PARKED POSITION (NOT PARKING LOT/DRIVEWAY),BACKING,STRAIGHT & LEVEL,DAYLIGHT,0,0,0,1
33907139,CAMPBELL,I 0471,Interstate,,I471 N,,,39.07555434,-84.46786045,2.512,10/12/2024 0:00,2318,2,2,0,1,B,CLEAR,DRY,0,REAR END IN TRAFFIC LANES BOTH VEHICLES MOVING,REAR END,STRAIGHT & LEVEL,DAYLIGHT,0,0,0,1
33906638,CAMPBELL,KY0009,StateRoute,,AA,HWY,,39.02120034,-84.48124691,17.622,10/12/2024 0:00,1233,3,3,0,3,B,CLEAR,DRY,0,HEAD-ON COLLISION,HEAD ON,STRAIGHT & LEVEL,DAYLIGHT,0,0,0,1
33902625,CAMPBELL,,OTHR,,NEWPORT PAVILION,,,39.08730584,-84.47685786,0.532,10/12/2024 0:00,1600,2,2,0,0,O,CLEAR,DRY,0,OTHER ROADWAY OR MID-BLOCK COLLISION,OPPOSING LEFT TURN,STRAIGHT & LEVEL,DAYLIGHT,0,0,0,1
33907140,CAMPBELL,,OTHR,,HIGHLAND,AVE,,39.07181094,-84.46811488,0.116,10/13/2024 0:00,2303,2,2,0,0,O,CLEAR,DRY,0,1 VEHICLE PARKED POSITION (NOT PARKING LOT/DRIVEWAY),REAR END,STRAIGHT & HILLCREST,DARK-HWY LIGHTED/ON,0,0,0,1
33911944,CAMPBELL,I 0275,Interstate,,I275 EB,,,39.04025783,-84.46996523,75.668,10/13/2024 0:00,1305,2,2,0,0,O,CLEAR,DRY,0,REAR END IN TRAFFIC LANES BOTH VEHICLES MOVING,REAR END,STRAIGHT & LEVEL,DAYLIGHT,0,0,0,1
33905632,CAMPBELL,KY0009,StateRoute,,LICKING,PIKE,,39.07556045,-84.49483723,21.737,10/13/2024 0:00,1848,2,2,0,0,O,CLEAR,DRY,0,ANGLE COLLISION - OTHER,ANGLE,STRAIGHT & LEVEL,DAYLIGHT,0,0,0,1
33910535,CAMPBELL,KY0471,StateRoute,,KY471,,,39.0371335,-84.45410792,0.014,10/13/2024 0:00,1247,2,2,0,0,O,CLEAR,DRY,0,OTHER INTERSECTION COLLISIONS,REAR END,STRAIGHT & LEVEL,DAYLIGHT,1,0,0,1
33921872,CAMPBELL,KY1120,StateRoute,,FT THOMAS,AVE,S,39.05953727,-84.45151293,5.784,10/13/2024 0:00,1600,2,2,0,0,O,CLEAR,DRY,0,OTHER ROADWAY OR MID-BLOCK COLLISION,REAR END,STRAIGHT & LEVEL,DAYLIGHT,0,0,0,1
33948438,CAMPBELL,I 0471,Interstate,,,,,39.09721327,-84.48372912,0.143,10/14/2024 0:00,1330,2,2,0,0,O,CLOUDY,DRY,0,OTHER RAMP RELATED COLLISIONS NOT LISTED ABOVE,SIDESWIPE-SAME DIRECTION,STRAIGHT & LEVEL,DAYLIGHT,0,0,0,1
33922900,CAMPBELL,I 0471,Interstate,,I-471 SOUTH,,,39.08542953,-84.4743649,0.203,10/14/2024 0:00,1507,2,2,0,0,O,CLOUDY,DRY,0,OTHER RAMP RELATED COLLISIONS NOT LISTED ABOVE,REAR END,CURVE & LEVEL,DAYLIGHT,0,0,0,1
33917119,CAMPBELL,,OTHR,41,HIGHLAND,AVE,,39.0774649,-84.45181216,1.168,10/14/2024 0:00,1612,2,2,0,0,O,CLOUDY,DRY,0,1 VEHICLE PARKED POSITION (NOT PARKING LOT/DRIVEWAY),SIDESWIPE-SAME DIRECTION,STRAIGHT & LEVEL,DAYLIGHT,0,0,0,1
33936981,CAMPBELL,KY0008X,StateRoute,511,CLAY,ST,,39.11409678,-84.46991322,2.146,10/14/2024 0:00,1335,2,2,0,0,O,CLOUDY,DRY,0,1 VEHICLE PARKED POSITION (NOT PARKING LOT/DRIVEWAY),SIDESWIPE-SAME DIRECTION,STRAIGHT & GRADE,DAYLIGHT,0,0,0,1
33911557,CAMPBELL,I 0471,Interstate,,I471 SB,,,39.06233706,-84.46872643,1.405,10/14/2024 0:00,1631,2,2,0,0,O,CLOUDY,DRY,0,REAR END IN TRAFFIC LANES BOTH VEHICLES MOVING,REAR END,STRAIGHT & LEVEL,DAYLIGHT,0,0,0,1
33924024,CAMPBELL,,OTHR,95,KENTUCKY,DR,,39.07485287,-84.48220285,0.416,10/14/2024 0:00,1708,2,2,0,0,O,CLEAR,DRY,0,1 VEHICLE ENTERING/LEAVING ENTRANCE,ANGLE,STRAIGHT & LEVEL,DAYLIGHT,0,0,0,1
33914087,CAMPBELL,,OTHR,,DONNERMEYER,BLVD,,39.09761574,-84.48257116,0.048,10/14/2024 0:00,1147,2,2,0,0,O,CLEAR,DRY,0,1 VEHICLE ENTERING/LEAVING ENTRANCE,ANGLE,STRAIGHT & LEVEL,DAYLIGHT,0,0,0,1
33917282,CAMPBELL,KY0709,StateRoute,,ALEXANDRIA,PIKE,E,38.98719631,-84.39669315,0.347,10/14/2024 0:00,713,2,2,0,0,O,CLEAR,DRY,0,OTHER ROADWAY OR MID-BLOCK COLLISION,REAR END,CURVE & GRADE,DAYLIGHT,0,0,0,1
33915220,CAMPBELL,KY0009,StateRoute,,AA,HWY,,38.9284552,-84.30512238,5.543,10/15/2024 0:00,1737,1,1,0,0,O,CLOUDY,DRY,0,COLLISION WITH ANIMAL NON INTERSECTION,SINGLE VEHICLE,STRAIGHT & LEVEL,DAYLIGHT,0,0,0,1
33921559,CAMPBELL,I 0275,Interstate,,I275 EB,,,39.02259468,-84.48891159,77.555,10/15/2024 0:00,1815,1,1,0,0,O,CLOUDY,WET,0,COLLISION WITH FIXED OBJECT NON - INTERSECTION - FIRST EVENT COLLISION 09 - 32 EXCLUDING 16,SINGLE VEHICLE,STRAIGHT & GRADE,DUSK,0,0,0,1
33916130,CAMPBELL,,OTHR,,6TH,ST,E,39.09341283,-84.49014171,0.451,10/15/2024 0:00,1600,2,2,0,0,O,CLOUDY,WET,0,ANGLE COLLISION - OTHER,ANGLE,STRAIGHT & LEVEL,DAYLIGHT,0,0,0,1
33911796,CAMPBELL,KY0009,StateRoute,,LICKING,PIKE,,39.05513407,-84.48732491,20.183,10/15/2024 0:00,735,2,2,0,0,O,RAINING,WET,0,ANGLE COLLISION - OTHER,ANGLE,STRAIGHT & LEVEL,DAWN,0,0,0,1
33917910,CAMPBELL,,OTHR,,9TH,ST,W,39.08627402,-84.49391161,0.132,10/15/2024 0:00,1457,2,2,0,0,O,CLOUDY,DRY,0,1 VEHICLE ENTERING/LEAVING ENTRANCE,ANGLE,STRAIGHT & LEVEL,DAYLIGHT,0,0,0,1
33912444,CAMPBELL,I 0275,Interstate,,I275 E,,,39.03549563,-84.47029336,75.999,10/15/2024 0:00,745,2,2,0,0,O,CLOUDY,WET,0,OTHER ROADWAY OR MID-BLOCK COLLISION,REAR END,STRAIGHT & LEVEL,DAYLIGHT,0,0,0,1
33951810,CAMPBELL,,OTHR,275,COLUMBIA,ST,,39.09282333,-84.4988354,0.1,10/15/2024 0:00,1200,2,2,0,0,O,CLEAR,DRY,1,SIDESWIPE COLLISION - SAME DIRECTION,SIDESWIPE-SAME DIRECTION,STRAIGHT & LEVEL,DAYLIGHT,0,0,0,1
33916128,CAMPBELL,I 0471,Interstate,,I471 N,,,39.09886719,-84.49120061,4.704,10/15/2024 0:00,2038,2,2,0,0,O,CLOUDY,DRY,1,SIDESWIPE COLLISION - SAME DIRECTION,SIDESWIPE-SAME DIRECTION,STRAIGHT & HILLCREST,DARK-HWY LIGHTED/ON,0,0,0,1
33917122,CAMPBELL,,OTHR,,FORT THOMAS,AVE,N,39.09379876,-84.44835562,1,10/15/2024 0:00,1616,2,2,0,0,O,CLOUDY,DRY,0,SIDESWIPE COLLISION - SAME DIRECTION,SIDESWIPE-SAME DIRECTION,CURVE & LEVEL,DAYLIGHT,0,0,0,1
33924587,CAMPBELL,KY2238,StateRoute,,UNIVERSITY,DR,,39.03845103,-84.46450601,0.76,10/15/2024 0:00,1021,2,2,0,0,O,CLEAR,DRY,0,REAR END IN TRAFFIC LANES BOTH VEHICLES MOVING,REAR END,STRAIGHT & LEVEL,DAYLIGHT,0,0,0,1
33921871,CAMPBELL,,OTHR,1000,HIGHLAND,AVE,,39.07224375,-84.46680251,0.18,10/16/2024 0:00,1739,2,2,0,0,O,CLEAR,DRY,0,REAR END IN TRAFFIC LANES BOTH VEHICLES MOVING,REAR END,STRAIGHT & LEVEL,DAYLIGHT,0,0,0,1
33938478,CAMPBELL,,OTHR,8011,ARCADIA BLVD,,,38.97692808,-84.4055622,,10/16/2024 0:00,911,2,2,0,0,O,CLEAR,DRY,0,1 VEHICLE PARKED POSITION (NOT PARKING LOT/DRIVEWAY),SIDESWIPE-SAME DIRECTION,STRAIGHT & LEVEL,DAYLIGHT,0,0,0,1
33920961,CAMPBELL,,OTHR,,18TH,ST,,39.08083709,-84.48685411,0.284,10/16/2024 0:00,1600,2,2,0,0,O,CLOUDY,DRY,0,HEAD-ON COLLISION,HEAD ON,STRAIGHT & HILLCREST,DAYLIGHT,0,0,0,1
33918468,CAMPBELL,KY1892,StateRoute,14,CAROTHERS,RD,,39.08403603,-84.48358476,2.548,10/16/2024 0:00,1205,2,2,0,0,O,CLOUDY,DRY,0,1 VEHICLE ENTERING/LEAVING ENTRANCE,ANGLE,STRAIGHT & LEVEL,DAYLIGHT,0,0,0,1
33954985,CAMPBELL,US0027,USRoute,,ALEXANDRIA,PIKE,,38.97233374,-84.3922613,11.079,10/16/2024 0:00,1555,2,2,0,0,O,CLEAR,DRY,0,OTHER ROADWAY OR MID-BLOCK COLLISION,OPPOSING LEFT TURN,STRAIGHT & LEVEL,DAYLIGHT,0,0,0,1
33930746,CAMPBELL,US0027,USRoute,5400,ALEXANDRIA,PIKE,,38.99915146,-84.41862728,13.476,10/16/2024 0:00,1623,2,2,0,0,O,CLEAR,DRY,0,1 VEHICLE ENTERING/LEAVING ENTRANCE,ANGLE,STRAIGHT & LEVEL,DAYLIGHT,0,0,0,1
33949499,CAMPBELL,US0027,USRoute,,ALEXANDRIA,PIKE,,38.89298089,-84.38553782,5.486,10/16/2024 0:00,555,1,1,0,0,O,CLEAR,DRY,0,COLLISION WITH ANIMAL NON INTERSECTION,SINGLE VEHICLE,STRAIGHT & LEVEL,DARK-HWY NOT LIGHTED,0,0,0,1
33931002,CAMPBELL,,OTHR,400,SARATOGA,ST,,39.09356088,-84.49337917,0.6,10/17/2024 0:00,2003,2,2,0,0,O,CLEAR,DRY,0,1 VEHICLE PARKED POSITION (NOT PARKING LOT/DRIVEWAY),SIDESWIPE-SAME DIRECTION,STRAIGHT & LEVEL,DUSK,0,0,0,1
33929745,CAMPBELL,,OTHR,,LICKERT,RD,,38.92736161,-84.37348946,0.457,10/17/2024 0:00,1824,1,1,0,0,O,CLEAR,DRY,0,COLLISION WITH FIXED OBJECT NON - INTERSECTION - FIRST EVENT COLLISION 09 - 32 EXCLUDING 16,SINGLE VEHICLE,CURVE & GRADE,DUSK,0,0,0,1
33946677,CAMPBELL,KY0009,StateRoute,,LICKING,PIKE,,39.06098691,-84.48654039,20.596,10/17/2024 0:00,2223,1,1,0,0,O,CLEAR,DRY,0,COLLISION WITH ANIMAL NON INTERSECTION,SINGLE VEHICLE,STRAIGHT & LEVEL,DARK-HWY LIGHTED/OFF,0,0,0,1
33926790,CAMPBELL,KY6335,StateRoute,,MARY INGLES,HWY,,39.09781174,-84.44004622,1.747,10/17/2024 0:00,1315,1,1,0,0,O,CLEAR,DRY,0,OTHER INTERSECTION COLLISIONS,SINGLE VEHICLE,CURVE & LEVEL,DAYLIGHT,1,0,0,1
33972097,CAMPBELL,,OTHR,776,HARMONY VALLEY,DR,,38.96846097,-84.4031667,,10/17/2024 0:00,1331,2,2,0,0,O,CLEAR,DRY,0,VEHICLE BACKING NON INTERSECTION,BACKING,STRAIGHT & GRADE,DAYLIGHT,0,0,0,1
33940023,CAMPBELL,I 0275,Interstate,,I275 E,,,39.03405719,-84.47036786,76.104,10/17/2024 0:00,900,2,2,0,0,O,CLEAR,DRY,1,SIDESWIPE COLLISION - SAME DIRECTION,SIDESWIPE-SAME DIRECTION,,DAYLIGHT,0,0,0,1
33936935,CAMPBELL,I 0275,Interstate,,I275 W,,,39.0483443,-84.45227816,74.513,10/17/2024 0:00,1515,2,2,0,0,O,CLEAR,DRY,1,1 VEHICLE ENTERING/LEAVING ENTRANCE,ANGLE,CURVE & LEVEL,DAYLIGHT,0,0,0,1
33943609,CAMPBELL,KY1892,StateRoute,1359,GRAND,AVE,,39.08080382,-84.46768435,1.466,10/17/2024 0:00,1636,2,2,0,0,O,CLEAR,DRY,0,1 VEHICLE PARKED POSITION (NOT PARKING LOT/DRIVEWAY),BACKING,STRAIGHT & LEVEL,DAYLIGHT,0,0,0,1
33928601,CAMPBELL,I 0471,Interstate,,I471 N,,,39.0877338,-84.47429182,3.435,10/17/2024 0:00,1930,2,2,0,0,O,CLEAR,DRY,0,REAR END IN TRAFFIC LANES BOTH VEHICLES MOVING,REAR END,STRAIGHT & LEVEL,DAYLIGHT,0,0,0,1
33972607,CAMPBELL,I 0275,Interstate,,,,,39.04662702,-84.46047019,0.235,10/17/2024 0:00,1818,1,1,0,0,O,CLEAR,DRY,0,OTHER RAMP RELATED COLLISIONS NOT LISTED ABOVE,SINGLE VEHICLE,CURVE & GRADE,DAYLIGHT,0,0,0,1
33930077,CAMPBELL,,OTHR,,9TH,ST,E,39.0893951,-84.48835785,0.515,10/18/2024 0:00,2051,3,3,0,0,O,CLEAR,DRY,0,1 VEHICLE PARKED POSITION (NOT PARKING LOT/DRIVEWAY),SIDESWIPE-SAME DIRECTION,STRAIGHT & LEVEL,DARK-HWY LIGHTED/ON,0,0,0,1
33927664,CAMPBELL,,OTHR,309,WASHINGTON,AVE,,39.09530247,-84.49294228,0.024,10/18/2024 0:00,1149,2,2,0,0,O,CLEAR,DRY,0,1 VEHICLE PARKED POSITION (NOT PARKING LOT/DRIVEWAY),SIDESWIPE-SAME DIRECTION,STRAIGHT & LEVEL,DAYLIGHT,0,0,0,1
33946678,CAMPBELL,I 0275,Interstate,,I275 E,,,39.0225433,-84.48916559,77.57,10/18/2024 0:00,745,2,2,0,0,O,FOG,DRY,0,REAR END IN TRAFFIC LANES BOTH VEHICLES MOVING,REAR END,STRAIGHT & LEVEL,DAYLIGHT,0,0,0,1
33936396,CAMPBELL,I 0471,Interstate,,I471 NB,,,39.06112836,-84.46894354,1.316,10/18/2024 0:00,1931,2,2,0,0,O,CLEAR,DRY,0,SIDESWIPE COLLISION - SAME DIRECTION,SIDESWIPE-SAME DIRECTION,STRAIGHT & LEVEL,DARK-HWY LIGHTED/ON,0,0,0,1
33937031,CAMPBELL,KY0008,StateRoute,,DAVE COWENS,DR,,39.10098097,-84.48958645,1.364,10/18/2024 0:00,1917,2,2,0,0,O,CLEAR,DRY,0,SIDESWIPE COLLISION - SAME DIRECTION,SIDESWIPE-SAME DIRECTION,STRAIGHT & LEVEL,DARK-HWY LIGHTED/ON,0,0,0,1
33930728,CAMPBELL,US0027,USRoute,,ALEXANDRIA,PIKE,,39.01831881,-84.43580361,15.028,10/18/2024 0:00,939,2,2,0,2,A,CLEAR,DRY,0,OTHER ROADWAY OR MID-BLOCK COLLISION,OPPOSING LEFT TURN,STRAIGHT & LEVEL,DAYLIGHT,0,0,0,1
33930749,CAMPBELL,KY0009,StateRoute,,AA,HWY,,39.00468287,-84.44343847,15.13,10/18/2024 0:00,409,1,1,0,0,O,CLEAR,DRY,0,COLLISION WITH ANIMAL NON INTERSECTION,SINGLE VEHICLE,STRAIGHT & LEVEL,DARK-HWY LIGHTED/ON,0,0,0,1
33930748,CAMPBELL,KY0009,StateRoute,,AA,HWY,,39.00873238,-84.46477588,16.298,10/18/2024 0:00,56,1,1,0,1,C,CLEAR,DRY,0,COLLISION WITH FIXED OBJECT NON - INTERSECTION - FIRST EVENT COLLISION 09 - 32 EXCLUDING 16,SINGLE VEHICLE,STRAIGHT & HILLCREST,DARK-HWY LIGHTED/ON,0,0,0,1
33945685,CAMPBELL,US0027,USRoute,2439,ALEXANDRIA,PIKE,,39.07295343,-84.47163811,20.184,10/18/2024 0:00,46,2,2,0,1,A,CLEAR,DRY,0,1 VEHICLE PARKED POSITION (NOT PARKING LOT/DRIVEWAY),HEAD ON,CURVE & HILLCREST,DARK-HWY LIGHTED/ON,0,0,0,1
33932246,CAMPBELL,US0027,USRoute,1006,YORK,ST,,39.08594131,-84.49053918,21.688,10/18/2024 0:00,2200,2,2,0,0,O,CLEAR,DRY,1,1 VEHICLE PARKED POSITION (NOT PARKING LOT/DRIVEWAY),SIDESWIPE-SAME DIRECTION,STRAIGHT & LEVEL,DARK-HWY LIGHTED/ON,0,0,0,1
33952971,CAMPBELL,,OTHR,,CARROLL,DR,,39.03386767,-84.46457662,0.078,10/19/2024 0:00,1000,2,2,0,0,O,CLEAR,DRY,0,1 VEHICLE ENTERING/LEAVING ENTRANCE,ANGLE,STRAIGHT & LEVEL,DAYLIGHT,0,0,0,1
33930080,CAMPBELL,US0027,USRoute,708,MONMOUTH,ST,,39.09026872,-84.49228617,21.851,10/19/2024 0:00,129,2,2,0,0,O,CLEAR,DRY,0,SIDESWIPE COLLISION - SAME DIRECTION,SIDESWIPE-SAME DIRECTION,STRAIGHT & LEVEL,DARK-HWY LIGHTED/ON,0,0,0,1
33935518,CAMPBELL,US0027,USRoute,,TAYLOR SOUTHGATE,BRG,,39.09475535,-84.49987754,22.452,10/19/2024 0:00,1150,2,2,0,0,O,CLEAR,DRY,1,REAR END IN TRAFFIC LANES BOTH VEHICLES MOVING,REAR END,STRAIGHT & LEVEL,DARK-HWY LIGHTED/ON,0,0,0,1
33936888,CAMPBELL,,OTHR,302,5TH,AVE,,39.11156583,-84.47776058,0.994,10/19/2024 0:00,450,5,5,0,0,O,CLEAR,DRY,0,1 VEHICLE PARKED POSITION (NOT PARKING LOT/DRIVEWAY),ANGLE,STRAIGHT & LEVEL,DARK (UNKNOWN ROADWAY LIGHTING),0,0,0,1
33934492,CAMPBELL,KY0008,StateRoute,306,FAIRFIELD,AVE,,39.10593566,-84.48369391,1.837,10/19/2024 0:00,1132,3,3,0,0,O,CLEAR,DRY,0,1 VEHICLE PARKED POSITION (NOT PARKING LOT/DRIVEWAY),BACKING,STRAIGHT & LEVEL,DAYLIGHT,0,0,0,1
33941503,CAMPBELL,KY1892,StateRoute,119,GRAND,AVE,S,39.07302342,-84.46055402,0.801,10/20/2024 0:00,27,1,1,0,0,O,CLEAR,DRY,0,OTHER ROADWAY OR MID-BLOCK COLLISION,SINGLE VEHICLE,STRAIGHT & GRADE,DARK-HWY LIGHTED/ON,0,0,0,1
33938022,CAMPBELL,US0027,USRoute,,ALEXANDRIA,PIKE,,38.91539787,-84.38779542,7.074,10/20/2024 0:00,631,1,1,0,0,O,CLEAR,DRY,0,COLLISION WITH ANIMAL NON INTERSECTION,SINGLE VEHICLE,STRAIGHT & LEVEL,DARK-HWY NOT LIGHTED,0,0,0,1
33934961,CAMPBELL,KY2925,StateRoute,6606,ALEXANDRIA,PIKE,E,39.0009206,-84.40182613,0.113,10/20/2024 0:00,1958,1,1,0,0,O,CLEAR,DRY,0,COLLISION WITH ANIMAL NON INTERSECTION,SINGLE VEHICLE,CURVE & LEVEL,DARK-HWY NOT LIGHTED,0,0,0,1
34446099,CAMPBELL,,OTHR,,ISABELLA,ST,,39.08653717,-84.49716002,0.426,10/20/2024 0:00,147,2,1,0,0,O,CLEAR,DRY,1,COLLISION WITH PARKED VEHICLE,SIDESWIPE-SAME DIRECTION,STRAIGHT & LEVEL,DARK-HWY LIGHTED/ON,0,0,0,1
33933993,CAMPBELL,I 0471,Interstate,,I471 N,,,39.10024598,-84.49396422,4.881,10/20/2024 0:00,1304,2,2,0,0,O,CLEAR,DRY,0,OTHER ROADWAY OR MID-BLOCK COLLISION,REAR END,STRAIGHT & GRADE,DAYLIGHT,0,0,0,1
33937034,CAMPBELL,KY0008,StateRoute,223,FAIRFIELD,AVE,,39.10588478,-84.4837551,1.832,10/20/2024 0:00,1726,2,2,0,0,O,CLEAR,DRY,0,1 VEHICLE ENTERING/LEAVING ENTRANCE,ANGLE,STRAIGHT & LEVEL,DAYLIGHT,0,0,0,1
33946680,CAMPBELL,,OTHR,,GLORIA TERRELL,DR,,39.00935616,-84.47032826,0.836,10/20/2024 0:00,1133,2,2,0,2,B,CLEAR,DRY,1,SIDESWIPE COLLISION - OPPOSITE DIRECTION,SIDESWIPE-OPPOSITE DIRECTION,CURVE & LEVEL,DAYLIGHT,0,0,0,1
33938086,CAMPBELL,,OTHR,,BRIGHTON,ST,,39.08119504,-84.49618704,0.097,10/21/2024 0:00,613,2,2,0,0,O,CLEAR,DRY,0,REAR END IN TRAFFIC LANES BOTH VEHICLES MOVING,REAR END,STRAIGHT & LEVEL,DARK-HWY LIGHTED/ON,0,0,0,1