IncidentID,County,RdwyNumber,RdwyType,Street,RoadwayName,StreetSfx,StreetDir,Latitude,Longitude,Milepoint,CollisionDate,CollisionTime,UnitsInvolved,MotorVehiclesInvolved,NumberKilled,NumberInjured,KABCO,Weather,RdwyConditionCode,HitandRun,DirAnalysisCode,MannerofCollision,RdwyCharacter,LightCondition,Intersection Crash,Bicyclist,Pedestrian,Motor Vehicles
33955028,CAMPBELL,US0027,USRoute,,ALEXANDRIA,PIKE,,38.96415793,-84.39272253,10.504,10/21/2024 0:00,1425,2,2,0,0,O,CLEAR,DRY,0,REAR END IN TRAFFIC LANES BOTH VEHICLES MOVING,REAR END,STRAIGHT & GRADE,DAYLIGHT,0,0,0,1
33940054,CAMPBELL,,OTHR,350,CROSSROADS,BLVD,,39.00512945,-84.42084582,0.23,10/21/2024 0:00,1542,2,2,0,0,O,CLEAR,DRY,1,REAR END IN TRAFFIC LANES BOTH VEHICLES MOVING,REAR END,STRAIGHT & LEVEL,DAYLIGHT,0,0,0,1
33954986,CAMPBELL,KY0709,StateRoute,,ALEXANDRIA,PIKE,E,38.98708953,-84.39677303,0.34,10/21/2024 0:00,720,2,2,0,0,O,CLEAR,DRY,0,OTHER ROADWAY OR MID-BLOCK COLLISION,REAR END,STRAIGHT & GRADE,DARK-HWY NOT LIGHTED,0,0,0,1
33940024,CAMPBELL,KY3490,StateRoute,,JOHNS HILL,RD,,39.03102295,-84.45300991,0.482,10/21/2024 0:00,1140,2,2,0,0,O,CLEAR,DRY,0,ANGLE COLLISION - ONE VEHICLE TURNING LEFT,ANGLE,STRAIGHT & GRADE,DAYLIGHT,0,0,0,1
33955385,CAMPBELL,,OTHR,301,WASHINGTON,AVE,,39.10518395,-84.4809142,0.366,10/21/2024 0:00,1904,2,2,0,0,O,CLEAR,DRY,0,1 VEHICLE PARKED POSITION (NOT PARKING LOT/DRIVEWAY),REAR END,STRAIGHT & LEVEL,DUSK,0,0,0,1
33938083,CAMPBELL,KY1120,StateRoute,,MEMORIAL,PKWY,,39.09276964,-84.48053299,1.383,10/21/2024 0:00,836,2,2,0,0,O,CLEAR,DRY,0,OTHER ROADWAY OR MID-BLOCK COLLISION,REAR END,CURVE & GRADE,DAYLIGHT,0,0,0,1
33948436,CAMPBELL,I 0471,Interstate,,,,,39.09721327,-84.48372912,0.143,10/22/2024 0:00,721,2,2,0,0,O,CLEAR,DRY,0,OTHER RAMP RELATED COLLISIONS NOT LISTED ABOVE,REAR END,STRAIGHT & LEVEL,DAYLIGHT,0,0,0,1
33956856,CAMPBELL,,OTHR,18,EARNSCLIFF,CT,,39.09503971,-84.45047041,0.031,10/22/2024 0:00,1820,2,2,0,0,O,CLEAR,DRY,0,1 VEHICLE PARKED POSITION (NOT PARKING LOT/DRIVEWAY),BACKING,STRAIGHT & LEVEL,DAYLIGHT,0,0,0,1
33946681,CAMPBELL,I 0275,Interstate,,I275 WB,,,39.02929726,-84.47177369,76.488,10/22/2024 0:00,425,1,1,0,0,O,CLEAR,DRY,0,COLLISION WITH ANIMAL NON INTERSECTION,SINGLE VEHICLE,CURVE & GRADE,DARK-HWY NOT LIGHTED,0,0,0,1
33945929,CAMPBELL,US0027,USRoute,,ALEXANDRIA,PIKE,,39.00422733,-84.42474995,13.941,10/22/2024 0:00,1345,2,2,0,0,O,CLEAR,DRY,0,OPPOSING LEFT TURN,OPPOSING LEFT TURN,STRAIGHT & LEVEL,DAYLIGHT,0,0,0,1
33955384,CAMPBELL,,OTHR,,DONNERMEYER,BLVD,,39.0972014,-84.48327879,,10/22/2024 0:00,1109,2,2,0,0,O,CLEAR,DRY,0,SIDESWIPE-SAME DIRECTION,SIDESWIPE-SAME DIRECTION,STRAIGHT & LEVEL,DAYLIGHT,0,0,0,1
33949822,CAMPBELL,I 0275,Interstate,,I275 E,,,39.05609432,-84.43272112,73.332,10/22/2024 0:00,1701,2,2,0,0,O,CLEAR,DRY,0,OTHER ROADWAY OR MID-BLOCK COLLISION,REAR END,STRAIGHT & GRADE,DAYLIGHT,0,0,0,1
33948437,CAMPBELL,KY0008,StateRoute,200,4TH,ST,W,39.0905751,-84.49932954,0.348,10/22/2024 0:00,1225,2,2,0,0,O,CLEAR,DRY,0,1 VEHICLE ENTERING/LEAVING ENTRANCE,ANGLE,STRAIGHT & LEVEL,DAYLIGHT,0,0,0,1
33945799,CAMPBELL,KY0009,StateRoute,,CENTRAL,AVE,,39.08937369,-84.49763783,22.949,10/22/2024 0:00,1845,2,2,0,0,O,CLEAR,DRY,1,SIDESWIPE COLLISION - SAME DIRECTION,SIDESWIPE-SAME DIRECTION,STRAIGHT & LEVEL,DAYLIGHT,0,0,0,1
33956620,CAMPBELL,KY1120,StateRoute,,FT THOMAS,AVE,S,39.06372093,-84.4476709,5.422,10/22/2024 0:00,1729,2,2,0,0,O,CLEAR,DRY,0,SIDESWIPE COLLISION - SAME DIRECTION,SIDESWIPE-SAME DIRECTION,STRAIGHT & LEVEL,DAYLIGHT,0,0,0,1
33944796,CAMPBELL,,OTHR,56,DONNERMEYER,BLVD,,39.09872113,-84.48065097,0.177,10/22/2024 0:00,1731,2,2,0,0,O,CLEAR,DRY,0,REAR END IN TRAFFIC LANES BOTH VEHICLES MOVING,REAR END,STRAIGHT & LEVEL,DAYLIGHT,0,0,0,1
33962653,CAMPBELL,I 0471,Interstate,,I471 S,,,39.09158735,-84.47662052,3.747,10/23/2024 0:00,1500,3,3,0,0,O,CLEAR,DRY,0,HEAD-ON COLLISION,HEAD ON,STRAIGHT & LEVEL,DAYLIGHT,0,0,0,1
33952257,CAMPBELL,KY0009,StateRoute,,AA,HWY,,39.02133102,-84.48136106,17.635,10/23/2024 0:00,2307,2,2,0,0,O,CLEAR,DRY,0,HEAD-ON COLLISION,HEAD ON,STRAIGHT & LEVEL,DARK-HWY LIGHTED/ON,0,0,0,1
33962257,CAMPBELL,KY0471,StateRoute,,KY471,,,39.04420559,-84.45898179,0.553,10/23/2024 0:00,726,2,2,0,1,C,CLEAR,DRY,0,REAR END IN TRAFFIC LANES BOTH VEHICLES MOVING,REAR END,STRAIGHT & LEVEL,DAWN,0,0,0,1
33963771,CAMPBELL,I 0275,Interstate,,I275 E,,,39.02658414,-84.47506171,76.699,10/23/2024 0:00,714,2,2,0,0,O,CLEAR,DRY,0,REAR END IN TRAFFIC LANES BOTH VEHICLES MOVING,REAR END,STRAIGHT & HILLCREST,DARK-HWY LIGHTED/ON,0,0,0,1
33956857,CAMPBELL,,OTHR,,HIGHLAND,AVE,,39.07271514,-84.46674983,0.212,10/23/2024 0:00,1456,2,2,0,0,O,CLEAR,DRY,0,VEHICLE BACKING NON INTERSECTION,BACKING,STRAIGHT & HILLCREST,DAYLIGHT,0,0,0,1
33955025,CAMPBELL,US0027,USRoute,,ALEXANDRIA,PIKE,,38.97355841,-84.39237078,11.159,10/23/2024 0:00,1815,2,2,0,0,O,CLEAR,DRY,1,OTHER ROADWAY OR MID-BLOCK COLLISION,REAR END,STRAIGHT & LEVEL,DAYLIGHT,0,0,0,1
33951728,CAMPBELL,KY0009,StateRoute,,AA,HWY,,39.00814303,-84.45963751,15.871,10/23/2024 0:00,1101,1,1,0,0,O,CLEAR,DRY,0,COLLISION WITH ANIMAL NON INTERSECTION,SINGLE VEHICLE,STRAIGHT & GRADE,DAYLIGHT,0,0,0,1
33984518,CAMPBELL,,OTHR,328,WARD,AVE,,39.10547447,-84.47866314,0.289,10/23/2024 0:00,1737,1,1,0,0,O,CLEAR,DRY,0,COLLISION WITH NON-FIXED OBJECT ,SINGLE VEHICLE,STRAIGHT & GRADE,DAYLIGHT,0,0,0,1
33964277,CAMPBELL,US0027,USRoute,,ALEXANDRIA,PIKE,,38.96444138,-84.39277871,10.522,10/24/2024 0:00,1227,2,2,0,0,O,CLEAR,DRY,0,OTHER INTERSECTION COLLISIONS,REAR END,STRAIGHT & LEVEL,DAYLIGHT,1,0,0,1
33958833,CAMPBELL,US0027,USRoute,,11TH,ST,E,39.08496563,-84.4895754,21.598,10/24/2024 0:00,1745,2,2,0,1,C,CLEAR,DRY,0,ANGLE COLLISION - OTHER,ANGLE,STRAIGHT & LEVEL,DAYLIGHT,0,0,0,1
33955062,CAMPBELL,KY0009,StateRoute,,LICKING,PIKE,,39.04291825,-84.48365772,19.175,10/24/2024 0:00,2248,1,1,0,0,O,CLOUDY,DRY,0,COLLISION WITH ANIMAL NON INTERSECTION,SINGLE VEHICLE,STRAIGHT & LEVEL,DARK-HWY NOT LIGHTED,0,0,0,1
33955060,CAMPBELL,KY0009,StateRoute,,LICKING,PIKE,,39.0444913,-84.4846278,19.296,10/24/2024 0:00,1930,1,1,0,0,O,CLOUDY,DRY,0,COLLISION WITH ANIMAL NON INTERSECTION,SINGLE VEHICLE,STRAIGHT & LEVEL,DARK-HWY NOT LIGHTED,0,0,0,1
33970291,CAMPBELL,I 0471,Interstate,,I471 N,,,39.07375926,-84.46509787,2.319,10/24/2024 0:00,805,3,3,0,1,C,CLEAR,DRY,0,SIDESWIPE COLLISION - SAME DIRECTION,SIDESWIPE-SAME DIRECTION,STRAIGHT & LEVEL,DAYLIGHT,0,0,0,1
33952962,CAMPBELL,,OTHR,300,RIVERBOAT,ROW,,39.09967139,-84.49190114,0.246,10/24/2024 0:00,856,2,2,0,0,O,CLEAR,DRY,0,SIDESWIPE COLLISION - SAME DIRECTION,SIDESWIPE-SAME DIRECTION,STRAIGHT & LEVEL,DAYLIGHT,0,0,0,1
33953299,CAMPBELL,US0027,USRoute,,11TH,ST,E,39.08572288,-84.4881572,21.509,10/24/2024 0:00,1412,2,2,0,1,C,CLEAR,DRY,0,1 VEHICLE ENTERING/LEAVING ENTRANCE,ANGLE,STRAIGHT & LEVEL,DAYLIGHT,0,0,0,1
33963772,CAMPBELL,I 0471,Interstate,,I471 N,,,39.05152342,-84.46673733,0.609,10/24/2024 0:00,915,2,2,0,0,O,CLEAR,DRY,0,REAR END IN TRAFFIC LANES BOTH VEHICLES MOVING,REAR END,STRAIGHT & LEVEL,DAYLIGHT,0,0,0,1
33984519,CAMPBELL,,OTHR,319,LAFAYETTE,AVE,,39.10288284,-84.48310149,0.273,10/24/2024 0:00,920,2,2,0,0,O,CLEAR,DRY,1,1 VEHICLE PARKED POSITION (NOT PARKING LOT/DRIVEWAY),SIDESWIPE-SAME DIRECTION,STRAIGHT & LEVEL,DAYLIGHT,0,0,0,1
33953144,CAMPBELL,I 0471,Interstate,,I471 SB,,,39.0733644,-84.46484609,2.31,10/24/2024 0:00,815,2,2,0,0,O,CLEAR,DRY,0,REAR END IN TRAFFIC LANES BOTH VEHICLES MOVING,REAR END,STRAIGHT & LEVEL,DAYLIGHT,0,0,0,1
33953297,CAMPBELL,I 0471,Interstate,,I471 N,,,39.09979764,-84.49299336,4.82,10/24/2024 0:00,1354,2,2,0,1,C,CLEAR,DRY,0,REAR END IN TRAFFIC LANES BOTH VEHICLES MOVING,REAR END,STRAIGHT & LEVEL,DAYLIGHT,0,0,0,1
33996151,CAMPBELL,US0027,USRoute,,ALEXANDRIA,PIKE,,38.98771537,-84.4052276,12.416,10/24/2024 0:00,1609,3,3,0,3,B,CLEAR,DRY,0,HEAD-ON COLLISION,HEAD ON,STRAIGHT & LEVEL,DAYLIGHT,0,0,0,1
33971803,CAMPBELL,KY1120,StateRoute,125,11TH,ST,W,39.08377181,-84.49178925,0.523,10/25/2024 0:00,1658,2,2,0,0,O,CLOUDY,WET,0,REAR END IN TRAFFIC LANES BOTH VEHICLES MOVING,REAR END,STRAIGHT & LEVEL,DAYLIGHT,0,0,0,1
33957423,CAMPBELL,KY0008,StateRoute,,4TH,ST,E,39.09229849,-84.49620686,0.545,10/25/2024 0:00,1121,2,2,0,0,O,CLEAR,DRY,0,1 VEHICLE ENTERING/LEAVING ENTRANCE,ANGLE,STRAIGHT & LEVEL,DAYLIGHT,0,0,0,1
33986535,CAMPBELL,KY0536,StateRoute,,CREEKTRACE,RD,,38.92815675,-84.42653506,1.379,10/25/2024 0:00,1706,3,3,0,0,O,RAINING,WET,0,SIDESWIPE COLLISION - OPPOSITE DIRECTION,SIDESWIPE-OPPOSITE DIRECTION,CURVE & GRADE,DAYLIGHT,0,0,0,1
33965149,CAMPBELL,US0027,USRoute,525,ALEXANDRIA,PIKE,,39.06469803,-84.46055353,19.298,10/25/2024 0:00,1208,2,2,0,0,O,CLEAR,DRY,0,SIDESWIPE COLLISION - OPPOSITE DIRECTION,SIDESWIPE-OPPOSITE DIRECTION,STRAIGHT & LEVEL,DAYLIGHT,0,0,0,1
33957428,CAMPBELL,US0027,USRoute,,TAYLOR SOUTHGATE,BRG,,39.09352752,-84.49717708,22.276,10/25/2024 0:00,1058,2,2,0,0,O,CLEAR,DRY,0,SIDESWIPE COLLISION - SAME DIRECTION,SIDESWIPE-SAME DIRECTION,CURVE & GRADE,DAYLIGHT,0,0,0,1
33957487,CAMPBELL,,OTHR,,6TH,ST,E,39.09221818,-84.49222364,0.579,10/25/2024 0:00,1618,1,1,0,0,O,RAINING,WET,0,OCCUPANT FELL FROM MOVING VEHICLE,SINGLE VEHICLE,STRAIGHT & LEVEL,DAYLIGHT,0,0,0,1
33956859,CAMPBELL,KY1120,StateRoute,,MEMORIAL,PKWY,,39.09277127,-84.46180598,2.538,10/25/2024 0:00,945,1,1,0,0,O,CLEAR,DRY,0,COLLISION WITH ANIMAL NON INTERSECTION,SINGLE VEHICLE,CURVE & GRADE,DAYLIGHT,0,0,0,1
33965150,CAMPBELL,,OTHR,128,ELECTRIC,AVE,,39.07133701,-84.47380097,0.352,10/25/2024 0:00,1758,1,1,0,0,O,CLOUDY,WET,0,COLLISION WITH FIXED OBJECT NON - INTERSECTION - FIRST EVENT COLLISION 09 - 32 EXCLUDING 16,SINGLE VEHICLE,STRAIGHT & HILLCREST,DAYLIGHT,0,0,0,1
33957429,CAMPBELL,KY1892,StateRoute,,CAROTHERS,RD,,39.0863668,-84.47723861,2.152,10/25/2024 0:00,1514,2,2,0,0,O,CLOUDY,DRY,0,OTHER INTERSECTION COLLISIONS,REAR END,STRAIGHT & GRADE,DAYLIGHT,1,0,0,1
33958834,CAMPBELL,KY0008,StateRoute,,WASHINGTON,AVE,,39.09630567,-84.49387077,0.864,10/25/2024 0:00,1900,2,2,0,0,O,CLEAR,DRY,0,SIDESWIPE-SAME DIRECTION,SIDESWIPE-SAME DIRECTION,STRAIGHT & GRADE,DUSK,0,0,0,1
33960159,CAMPBELL,I 0471,Interstate,,,,,39.08614505,-84.47429705,0.15,10/26/2024 0:00,1445,2,2,0,0,O,CLEAR,DRY,0,OTHER RAMP RELATED COLLISIONS NOT LISTED ABOVE,REAR END,CURVE & GRADE,DAYLIGHT,0,0,0,1
33964827,CAMPBELL,KY1120,StateRoute,,FT THOMAS,AVE,S,39.06226218,-84.44867289,5.557,10/26/2024 0:00,1437,2,2,0,0,O,CLEAR,DRY,0,OPPOSING LEFT TURN,OPPOSING LEFT TURN,STRAIGHT & HILLCREST,DAYLIGHT,0,0,0,1
33962649,CAMPBELL,US0027,USRoute,,YORK,ST,,39.0874079,-84.491765,21.808,10/26/2024 0:00,1210,2,1,0,0,O,CLEAR,DRY,0,COLLISION WITH PEDESTRIAN IN INTERSECTION,SINGLE VEHICLE,STRAIGHT & LEVEL,DAYLIGHT,1,0,1,0
33964828,CAMPBELL,,OTHR,13,GLENWAY,AVE,,39.07458363,-84.44681556,0.022,10/26/2024 0:00,2038,2,2,0,0,O,CLOUDY,DRY,1,COLLISION WITH PARKED VEHICLE,BACKING,STRAIGHT & GRADE,DARK-HWY NOT LIGHTED,0,0,0,1
33962256,CAMPBELL,KY0010,StateRoute,,FLAGG SPRINGS,PIKE,,38.86679225,-84.26642086,13.045,10/26/2024 0:00,824,1,1,0,0,O,CLEAR,DRY,0,COLLISION WITH FIXED OBJECT NON - INTERSECTION - FIRST EVENT COLLISION 09 - 32 EXCLUDING 16,SINGLE VEHICLE,CURVE & LEVEL,DAWN,0,0,0,1
33963532,CAMPBELL,I 0275,Interstate,,I275 W,EXPY,,39.05110479,-84.44482339,,10/26/2024 0:00,310,1,1,0,0,O,CLOUDY,DRY,0,COLLISION WITH ANIMAL NON INTERSECTION,SINGLE VEHICLE,STRAIGHT & GRADE,DARK-HWY LIGHTED/ON,0,0,0,1
33960725,CAMPBELL,I 0471,Interstate,,I471 N,,,39.10031479,-84.494034,4.887,10/26/2024 0:00,1721,3,3,0,0,O,CLEAR,DRY,0,REAR END IN TRAFFIC LANES BOTH VEHICLES MOVING,REAR END,STRAIGHT & LEVEL,DAYLIGHT,0,0,0,1
33987170,CAMPBELL,,OTHR,,NEWPORT PAVILION,,,39.0878252,-84.47624714,0.484,10/26/2024 0:00,1430,2,2,0,0,O,CLEAR,DRY,1,REAR END IN TRAFFIC LANES BOTH VEHICLES MOVING,REAR END,STRAIGHT & LEVEL,DAYLIGHT,0,0,0,1
33960145,CAMPBELL,KY0008,StateRoute,,DAVE COWENS,DR,,39.09692796,-84.49412761,0.923,10/26/2024 0:00,1035,2,2,0,0,O,CLEAR,DRY,0,REAR END IN TRAFFIC LANES BOTH VEHICLES MOVING,REAR END,STRAIGHT & LEVEL,DAYLIGHT,0,0,0,1
33965151,CAMPBELL,,OTHR,2407,JOYCE,AVE,,39.07476819,-84.4710392,0.221,10/27/2024 0:00,1131,2,2,0,0,O,CLOUDY,DRY,0,1 VEHICLE PARKED POSITION (NOT PARKING LOT/DRIVEWAY),REAR END,STRAIGHT & LEVEL,DAYLIGHT,0,0,0,1
33975074,CAMPBELL,,OTHR,,LAUREL RIDGE,DR,,38.97640859,-84.37789792,0.063,10/27/2024 0:00,1645,2,2,0,0,O,CLEAR,DRY,0,SIDESWIPE COLLISION - SAME DIRECTION,SIDESWIPE-SAME DIRECTION,STRAIGHT & LEVEL,DAYLIGHT,0,0,0,1
33975070,CAMPBELL,US0027,USRoute,,ALEXANDRIA,PIKE,,38.99184813,-84.40922822,12.776,10/27/2024 0:00,1028,2,2,0,0,O,CLEAR,DRY,0,OTHER INTERSECTION COLLISIONS,REAR END,STRAIGHT & GRADE,DAYLIGHT,1,0,0,1
33967887,CAMPBELL,,OTHR,1170,WATERWORKS,RD,,39.09433561,-84.47174899,0.318,10/28/2024 0:00,1127,2,2,0,0,O,CLEAR,DRY,1,1 VEHICLE PARKED POSITION (NOT PARKING LOT/DRIVEWAY),SIDESWIPE-SAME DIRECTION,CURVE & LEVEL,DAYLIGHT,0,0,0,1
33977476,CAMPBELL,US0027,USRoute,,ALEXANDRIA,PIKE,,38.96997195,-84.39250338,10.909,10/28/2024 0:00,1709,3,3,0,0,O,CLEAR,DRY,0,ANGLE COLLISION - OTHER,ANGLE,STRAIGHT & LEVEL,DAYLIGHT,0,0,0,1
33965153,CAMPBELL,I 0471,Interstate,,I471 NB,,,39.05139816,-84.46654034,0.594,10/28/2024 0:00,645,2,2,0,1,C,CLOUDY,DRY,0,SIDESWIPE COLLISION - SAME DIRECTION,SIDESWIPE-SAME DIRECTION,STRAIGHT & GRADE,DARK-HWY LIGHTED/ON,0,0,0,1
33970294,CAMPBELL,KY1120,StateRoute,34,FT THOMAS,AVE,N,39.08029429,-84.44872339,4.108,10/28/2024 0:00,1513,2,2,0,0,O,CLEAR,DRY,0,REAR END IN TRAFFIC LANES BOTH VEHICLES MOVING,REAR END,STRAIGHT & LEVEL,DAYLIGHT,0,0,0,1
33966792,CAMPBELL,I 0471,Interstate,,I471 N,,,39.09913966,-84.49182191,4.743,10/28/2024 0:00,630,3,3,0,0,O,CLEAR,DRY,0,REAR END IN TRAFFIC LANES BOTH VEHICLES MOVING,REAR END,STRAIGHT & LEVEL,DARK-HWY NOT LIGHTED,0,0,0,1
33995842,CAMPBELL,,OTHR,,RIDGE HILL,DR,,39.02202808,-84.46218592,0.172,10/28/2024 0:00,2215,2,2,0,0,O,CLEAR,DRY,1,1 VEHICLE PARKED POSITION (NOT PARKING LOT/DRIVEWAY),SIDESWIPE-SAME DIRECTION,STRAIGHT & LEVEL,DARK-HWY LIGHTED/ON,0,0,0,1
33980896,CAMPBELL,KY0709,StateRoute,,ALEXANDRIA,PIKE,E,38.9850448,-84.39785397,0.19,10/29/2024 0:00,1146,2,2,0,0,O,CLEAR,DRY,0,REAR END IN TRAFFIC LANES BOTH VEHICLES MOVING,REAR END,STRAIGHT & GRADE,DAYLIGHT,0,0,0,1
33995840,CAMPBELL,I 0275,Interstate,,I275 E,,,39.04767464,-84.45322089,74.58,10/29/2024 0:00,1740,2,2,0,0,O,CLEAR,DRY,0,OTHER ROADWAY OR MID-BLOCK COLLISION,REAR END,STRAIGHT & LEVEL,DAYLIGHT,0,0,0,1
33971846,CAMPBELL,,OTHR,,WASHINGTON,AVE,,39.08843935,-84.48667665,0.61,10/29/2024 0:00,1147,2,2,0,0,O,CLEAR,DRY,0,1 VEHICLE ENTERING/LEAVING ENTRANCE,ANGLE,STRAIGHT & LEVEL,DAYLIGHT,0,0,0,1
33994967,CAMPBELL,I 0275,Interstate,,I275 EB,,,39.02335647,-84.48113137,77.111,10/29/2024 0:00,1114,2,2,0,0,O,CLEAR,DRY,0,1 VEHICLE ENTERING/LEAVING ENTRANCE,ANGLE,CURVE & GRADE,DAYLIGHT,0,0,0,1
33999687,CAMPBELL,US0027,USRoute,,ALEXANDRIA,PIKE,,38.9576152,-84.39318906,10.047,10/29/2024 0:00,705,2,2,0,0,O,CLEAR,DRY,0,OPPOSING LEFT TURN,OPPOSING LEFT TURN,STRAIGHT & LEVEL,DARK-HWY LIGHTED/ON,0,0,0,1
33972182,CAMPBELL,KY0008X,StateRoute,,6TH,AVE,,39.1106342,-84.47745655,1.669,10/29/2024 0:00,1250,2,2,0,0,O,CLEAR,DRY,1,1 VEHICLE PARKED POSITION (NOT PARKING LOT/DRIVEWAY),SIDESWIPE-SAME DIRECTION,STRAIGHT & LEVEL,DAYLIGHT,0,0,0,1
33997217,CAMPBELL,US0027,USRoute,,ALEXANDRIA,PIKE,,38.9644409,-84.39274985,10.522,10/30/2024 0:00,640,2,2,0,0,O,CLEAR,DRY,0,OTHER INTERSECTION COLLISIONS,REAR END,STRAIGHT & GRADE,DARK-HWY LIGHTED/ON,1,0,0,1
33980992,CAMPBELL,I 0275,Interstate,,I275 E,,,39.02273137,-84.48360821,77.253,10/30/2024 0:00,719,2,2,0,0,O,CLEAR,DRY,0,1 VEHICLE ENTERING/LEAVING ENTRANCE,ANGLE,STRAIGHT & LEVEL,DUSK,0,0,0,1
33980293,CAMPBELL,KY1632,StateRoute,,MOOCK,RD,,39.05532514,-84.48142643,0.34,10/30/2024 0:00,1538,3,3,0,0,O,CLEAR,DRY,0,REAR END IN TRAFFIC LANES BOTH VEHICLES MOVING,REAR END,STRAIGHT & LEVEL,DAYLIGHT,0,0,0,1
33995843,CAMPBELL,I 0275,Interstate,,I275 E,,,39.04107554,-84.46958299,75.61,10/30/2024 0:00,1538,2,2,0,0,O,CLEAR,DRY,0,REAR END IN TRAFFIC LANES BOTH VEHICLES MOVING,REAR END,STRAIGHT & LEVEL,DAYLIGHT,0,0,0,1
33994969,CAMPBELL,I 0275,Interstate,,I275 EB,,,39.02349176,-84.48062582,77.08,10/30/2024 0:00,1600,2,2,0,0,O,CLEAR,DRY,0,SIDESWIPE COLLISION - SAME DIRECTION,SIDESWIPE-SAME DIRECTION,STRAIGHT & LEVEL,DAYLIGHT,0,0,0,1
33995848,CAMPBELL,KY0471,StateRoute,,KY471,,,39.0370573,-84.45395743,0.007,10/30/2024 0:00,1918,2,2,0,0,O,CLEAR,DRY,0,SIDESWIPE COLLISION - SAME DIRECTION,SIDESWIPE-SAME DIRECTION,STRAIGHT & LEVEL,DARK-HWY LIGHTED/ON,0,0,0,1
33990317,CAMPBELL,KY0009,StateRoute,,LICKING,PIKE,,39.0218213,-84.4810962,17.671,10/31/2024 0:00,1600,4,4,0,0,O,RAINING,WET,0,REAR END IN TRAFFIC LANES BOTH VEHICLES MOVING,REAR END,STRAIGHT & LEVEL,DAYLIGHT,0,0,0,1
33986122,CAMPBELL,I 0471,Interstate,4.8,I471 N,,,39.09851736,-84.49035657,4.652,10/31/2024 0:00,740,3,3,0,0,O,CLEAR,DRY,1,REAR END IN TRAFFIC LANES BOTH VEHICLES MOVING,REAR END,STRAIGHT & LEVEL,DAWN,0,0,0,1
34003153,CAMPBELL,KY1892,StateRoute,57,CAROTHERS,RD,,39.08591079,-84.47945125,2.284,10/31/2024 0:00,2058,2,2,0,2,C,CLOUDY,WET,0,1 VEHICLE ENTERING/LEAVING ENTRANCE,ANGLE,STRAIGHT & LEVEL,DARK-HWY LIGHTED/ON,0,0,0,1
33999685,CAMPBELL,US0027,USRoute,,ALEXANDRIA,PIKE,,38.95762434,-84.3931806,10.046,10/31/2024 0:00,2015,2,2,0,0,O,CLEAR,DRY,1,OTHER INTERSECTION COLLISIONS,REAR END,STRAIGHT & LEVEL,DARK-HWY LIGHTED/ON,1,0,0,1
33999684,CAMPBELL,KY0009,StateRoute,,AA,HWY,,38.98874508,-84.39523405,12.128,10/31/2024 0:00,1449,3,3,0,2,B,CLOUDY,DRY,0,ANGLE COLLISION - OTHER,ANGLE,STRAIGHT & LEVEL,DAYLIGHT,0,0,0,1
34011437,CAMPBELL,KY0915,StateRoute,,LICKING,PIKE,,38.93764061,-84.40957526,1.775,10/31/2024 0:00,2106,1,1,0,0,O,CLOUDY,WET,0,COLLISION WITH ANIMAL NON INTERSECTION,SINGLE VEHICLE,STRAIGHT & LEVEL,DARK-HWY NOT LIGHTED,0,0,0,1
34044456,CAMPBELL,US0027,USRoute,,3RD,ST,E,39.09408904,-84.49588279,22.193,10/31/2024 0:00,2257,2,1,0,1,B,CLEAR,DRY,0,COLLISION WITH PEDESTRIAN NON - INTERSECTION,SINGLE VEHICLE,STRAIGHT & LEVEL,DARK-HWY LIGHTED/ON,0,0,1,0
33985643,CAMPBELL,,OTHR,240,CLOVER RIDGE,AVE,,39.09187267,-84.4570729,0.074,10/31/2024 0:00,1458,1,1,0,0,O,CLEAR,WET,0,COLLISION WITH FIXED OBJECT NON - INTERSECTION - FIRST EVENT COLLISION 09 - 32 EXCLUDING 16,SINGLE VEHICLE,CURVE & GRADE,DAYLIGHT,0,0,0,1
33988452,CAMPBELL,,OTHR,2230,JOYCE,AVE,,39.07683276,-84.47402207,0.212,10/31/2024 0:00,2016,2,2,0,0,O,CLOUDY,DRY,0,1 VEHICLE PARKED POSITION (NOT PARKING LOT/DRIVEWAY),SIDESWIPE-OPPOSITE DIRECTION,STRAIGHT & LEVEL,DARK-HWY LIGHTED/ON,0,0,0,1
33984762,CAMPBELL,I 0471,Interstate,,,,,39.07951819,-84.47028557,0.16,11/1/2024 0:00,557,2,2,0,0,O,CLEAR,DRY,0,OTHER RAMP RELATED COLLISIONS NOT LISTED ABOVE,SIDESWIPE-SAME DIRECTION,STRAIGHT & LEVEL,DARK-HWY LIGHTED/ON,0,0,0,1
33999361,CAMPBELL,KY0471,StateRoute,,KY471,,S,39.03999209,-84.45460496,0.196,11/1/2024 0:00,1300,4,4,0,2,B,CLEAR,DRY,0,OTHER ROADWAY OR MID-BLOCK COLLISION,REAR END,STRAIGHT & LEVEL,DAYLIGHT,0,0,0,1
34058388,CAMPBELL,KY0009,StateRoute,,12TH,ST,W,39.07977687,-84.49549603,22.059,11/1/2024 0:00,1714,2,2,0,0,O,CLEAR,DRY,0,OTHER ROADWAY OR MID-BLOCK COLLISION,REAR END,STRAIGHT & LEVEL,DAYLIGHT,0,0,0,1