IncidentID,County,RdwyNumber,RdwyType,Street,RoadwayName,StreetSfx,StreetDir,Latitude,Longitude,Milepoint,CollisionDate,CollisionTime,UnitsInvolved,MotorVehiclesInvolved,NumberKilled,NumberInjured,KABCO,Weather,RdwyConditionCode,HitandRun,DirAnalysisCode,MannerofCollision,RdwyCharacter,LightCondition,Intersection Crash,Bicyclist,Pedestrian,Motor Vehicles
33989549,CAMPBELL,KY0009,StateRoute,,AA,HWY,,38.93137359,-84.31000973,5.873,11/1/2024 0:00,312,1,1,0,0,O,CLOUDY,WET,0,COLLISION WITH ANIMAL NON INTERSECTION,SINGLE VEHICLE,STRAIGHT & GRADE,DARK-HWY NOT LIGHTED,0,0,0,1
33989547,CAMPBELL,US0027,USRoute,,ALEXANDRIA,PIKE,,38.86430857,-84.39167087,3.423,11/1/2024 0:00,730,1,1,0,0,O,CLOUDY,DRY,0,COLLISION WITH ANIMAL IN INTERSECTION,SINGLE VEHICLE,STRAIGHT & LEVEL,DARK-HWY NOT LIGHTED,1,0,0,1
33987168,CAMPBELL,US0027,USRoute,,11TH,ST,E,39.08531328,-84.48889623,21.558,11/1/2024 0:00,1154,2,2,0,0,O,CLEAR,DRY,0,OTHER INTERSECTION COLLISIONS,REAR END,STRAIGHT & LEVEL,DAYLIGHT,1,0,0,1
33988456,CAMPBELL,KY0008,StateRoute,,3RD,ST,E,39.09542712,-84.49327437,0.801,11/1/2024 0:00,1823,2,2,0,0,O,CLEAR,DRY,0,OTHER INTERSECTION COLLISIONS,REAR END,STRAIGHT & LEVEL,DAYLIGHT,1,0,0,1
33996446,CAMPBELL,I 0471,Interstate,,I471 N,,,39.08874567,-84.47480468,3.511,11/1/2024 0:00,509,2,2,0,0,O,CLEAR,DRY,0,OTHER INTERSECTION COLLISIONS,REAR END,STRAIGHT & LEVEL,DARK-HWY LIGHTED/ON,1,0,0,1
33989548,CAMPBELL,US0027,USRoute,11541,ALEXANDRIA,PIKE,,38.88258646,-84.38749681,4.76,11/1/2024 0:00,1118,2,2,0,0,O,CLOUDY,DRY,0,SIDESWIPE COLLISION - SAME DIRECTION,SIDESWIPE-SAME DIRECTION,STRAIGHT & LEVEL,DAYLIGHT,0,0,0,1
33999686,CAMPBELL,US0027,USRoute,,ALEXANDRIA,PIKE,,38.96351095,-84.39274127,10.465,11/1/2024 0:00,734,2,2,0,0,O,CLEAR,DRY,0,SIDESWIPE COLLISION - SAME DIRECTION,SIDESWIPE-SAME DIRECTION,STRAIGHT & GRADE,DAWN,0,0,0,1
33987169,CAMPBELL,US0027,USRoute,1500,MONMOUTH,ST,,39.08409637,-84.48482707,21.251,11/1/2024 0:00,1522,2,2,0,0,O,CLEAR,DRY,0,1 VEHICLE ENTERING/LEAVING ENTRANCE,ANGLE,STRAIGHT & GRADE,DAYLIGHT,0,0,0,1
33994287,CAMPBELL,US0027,USRoute,,ALEXANDRIA,PIKE,,39.01832033,-84.43594205,15.024,11/1/2024 0:00,910,2,2,0,1,C,CLEAR,DRY,0,1 VEHICLE ENTERING/LEAVING ENTRANCE,ANGLE,STRAIGHT & LEVEL,DAYLIGHT,0,0,0,1
33994288,CAMPBELL,US0027,USRoute,,ALEXANDRIA,PIKE,,39.02511187,-84.4452978,15.777,11/1/2024 0:00,900,2,2,0,0,O,CLEAR,DRY,0,1 VEHICLE ENTERING/LEAVING ENTRANCE,ANGLE,STRAIGHT & LEVEL,DAYLIGHT,0,0,0,1
33992026,CAMPBELL,KY0915,StateRoute,6660,LICKING,PIKE,,38.99583939,-84.44855938,8.109,11/1/2024 0:00,340,1,1,0,0,O,CLOUDY,WET,0,OTHER ROADWAY OR MID-BLOCK COLLISION,SINGLE VEHICLE,CURVE & GRADE,DARK-HWY NOT LIGHTED,0,0,0,1
33987881,CAMPBELL,KY1892,StateRoute,,CAROTHERS,RD,,39.08468952,-84.48159152,2.427,11/1/2024 0:00,1810,3,3,0,1,B,CLEAR,DRY,0,OTHER ROADWAY OR MID-BLOCK COLLISION,REAR END,STRAIGHT & HILLCREST,DAYLIGHT,0,0,0,1
33987172,CAMPBELL,,OTHR,300,DAVE COWENS,DR,,39.09600223,-84.49534897,0.084,11/1/2024 0:00,1429,2,2,0,0,O,CLEAR,DRY,0,REAR END IN TRAFFIC LANES BOTH VEHICLES MOVING,REAR END,STRAIGHT & LEVEL,DAYLIGHT,0,0,0,1
33995366,CAMPBELL,I 0275,Interstate,,I275 WB,,,39.02628997,-84.47619977,76.794,11/1/2024 0:00,632,2,2,0,1,B,CLEAR,DRY,0,1 VEHICLE PARKED POSITION (NOT PARKING LOT/DRIVEWAY),SIDESWIPE-SAME DIRECTION,STRAIGHT & GRADE,DARK-HWY LIGHTED/ON,0,0,0,1
34021870,CAMPBELL,US0027,USRoute,,3RD,ST,E,39.09360419,-84.49693165,22.252,11/1/2024 0:00,1736,2,2,0,0,O,CLEAR,DRY,0,REAR END IN TRAFFIC LANES BOTH VEHICLES MOVING,REAR END,STRAIGHT & LEVEL,DAYLIGHT,0,0,0,1
33997967,CAMPBELL,,OTHR,10,3RD,ST,W,39.09330794,-84.4971179,0.003,11/2/2024 0:00,1150,2,2,0,0,O,CLEAR,DRY,0,SIDESWIPE COLLISION - SAME DIRECTION,SIDESWIPE-SAME DIRECTION,STRAIGHT & LEVEL,DAYLIGHT,0,0,0,1
33998987,CAMPBELL,I 0471,Interstate,,I471 N,,,39.09227845,-84.47694131,3.783,11/2/2024 0:00,2225,2,2,0,1,C,CLEAR,DRY,0,REAR END IN TRAFFIC LANES BOTH VEHICLES MOVING,REAR END,CURVE & LEVEL,DARK-HWY LIGHTED/ON,0,0,0,1
33994289,CAMPBELL,US0027,USRoute,,ALEXANDRIA,PIKE,,39.00584343,-84.42627609,14.074,11/2/2024 0:00,1000,2,2,0,0,O,CLEAR,DRY,0,1 VEHICLE ENTERING/LEAVING ENTRANCE,ANGLE,STRAIGHT & LEVEL,DAYLIGHT,0,0,0,1
33994213,CAMPBELL,,OTHR,,DAVE COWENS,DR,,39.09681577,-84.49424029,0.002,11/2/2024 0:00,2330,2,2,0,0,O,CLEAR,DRY,0,SIDESWIPE COLLISION - SAME DIRECTION,SIDESWIPE-SAME DIRECTION,CURVE & GRADE,DARK-HWY LIGHTED/ON,0,0,0,1
34028641,CAMPBELL,,OTHR,,7TH,AVE,,39.11295717,-84.46907778,0.455,11/2/2024 0:00,1230,2,2,0,0,O,CLEAR,DRY,0,SIDESWIPE COLLISION - OPPOSITE DIRECTION,SIDESWIPE-OPPOSITE DIRECTION,STRAIGHT & LEVEL,DAYLIGHT,0,0,0,1
33989770,CAMPBELL,I 0471,Interstate,,I471 N,,,39.08851676,-84.47469747,3.494,11/2/2024 0:00,1130,1,1,0,0,O,CLEAR,DRY,0,COLLISION WITH NON-FIXED OBJECT ,SINGLE VEHICLE,STRAIGHT & GRADE,DAYLIGHT,0,0,0,1
33994704,CAMPBELL,KY0008,StateRoute,,MARY INGLES,HWY,,38.9521172,-84.29364783,19.338,11/3/2024 0:00,1343,2,2,0,1,A,CLOUDY,DRY,0,SIDESWIPE-SAME DIRECTION,SIDESWIPE-SAME DIRECTION,STRAIGHT & LEVEL,DAYLIGHT,0,0,0,1
34006568,CAMPBELL,,OTHR,,TAYLOR,AVE,,39.09596037,-84.47358402,0.993,11/3/2024 0:00,930,4,4,0,0,O,CLEAR,DRY,1,ANGLE COLLISION - ONE VEHICLE TURNING LEFT,ANGLE,STRAIGHT & LEVEL,DAYLIGHT,0,0,0,1
33997970,CAMPBELL,KY0008,StateRoute,,5TH,ST,W,39.09010767,-84.49838859,0.361,11/3/2024 0:00,952,2,2,0,0,O,CLEAR,DRY,1,ANGLE COLLISION - ONE VEHICLE TURNING RIGHT,ANGLE,STRAIGHT & LEVEL,DAYLIGHT,0,0,0,1
33995007,CAMPBELL,I 0275,Interstate,,I275 EB,,,39.02638579,-84.47532679,76.719,11/3/2024 0:00,1835,1,1,0,0,O,CLEAR,DRY,0,COLLISION WITH ANIMAL NON INTERSECTION,SINGLE VEHICLE,STRAIGHT & GRADE,DARK-HWY LIGHTED/ON,0,0,0,1
33995008,CAMPBELL,,OTHR,1400,GLORIA TERRELL,DR,,39.00944265,-84.47060501,0.819,11/3/2024 0:00,2011,2,2,0,0,O,CLEAR,DRY,0,1 VEHICLE ENTERING/LEAVING ENTRANCE,ANGLE,STRAIGHT & LEVEL,DARK-HWY LIGHTED/ON,0,0,0,1
34035127,CAMPBELL,US0027,USRoute,835,MONMOUTH,ST,,39.08897275,-84.49100827,21.738,11/3/2024 0:00,905,2,2,0,0,O,CLEAR,DRY,0,SIDESWIPE COLLISION - SAME DIRECTION,SIDESWIPE-SAME DIRECTION,STRAIGHT & LEVEL,DAYLIGHT,0,0,0,1
34001358,CAMPBELL,,OTHR,,WASHINGTON,ST,,38.96225018,-84.39016862,0.219,11/4/2024 0:00,1057,2,2,0,0,O,CLEAR,DRY,0,1 VEHICLE PARKED POSITION (NOT PARKING LOT/DRIVEWAY),SIDESWIPE-OPPOSITE DIRECTION,STRAIGHT & LEVEL,DAYLIGHT,0,0,0,1
34010960,CAMPBELL,,OTHR,160,NEWPORT PAVILION,,,39.08716446,-84.47682435,0.54,11/4/2024 0:00,1147,2,2,0,0,O,CLEAR,DRY,0,SIDESWIPE COLLISION - SAME DIRECTION,SIDESWIPE-SAME DIRECTION,STRAIGHT & LEVEL,DAYLIGHT,0,0,0,1
34006461,CAMPBELL,KY0009,StateRoute,,AA,HWY,,38.90391318,-84.27918986,,11/4/2024 0:00,2119,1,1,0,0,O,CLEAR,DRY,0,COLLISION WITH ANIMAL NON INTERSECTION,SINGLE VEHICLE,STRAIGHT & LEVEL,DARK-HWY NOT LIGHTED,0,0,0,1
33999626,CAMPBELL,US0027,USRoute,,ALEXANDRIA,PIKE,,38.94478041,-84.39400967,9.154,11/4/2024 0:00,2035,1,1,0,0,O,CLEAR,DRY,0,COLLISION WITH ANIMAL NON INTERSECTION,SINGLE VEHICLE,STRAIGHT & LEVEL,DUSK,0,0,0,1
33999708,CAMPBELL,KY1998,StateRoute,,POOLES CREEK,RD,,39.02134106,-84.44986046,1.359,11/4/2024 0:00,1916,1,1,0,0,O,CLEAR,DRY,0,COLLISION WITH ANIMAL NON INTERSECTION,SINGLE VEHICLE,CURVE & GRADE,DARK-HWY NOT LIGHTED,0,0,0,1
34006261,CAMPBELL,,OTHR,,ALEXANDRIA,PIKE,,38.9209222,-84.39190416,1.842,11/4/2024 0:00,1049,2,2,0,0,O,CLOUDY,DRY,0,OPPOSING LEFT TURN,OPPOSING LEFT TURN,STRAIGHT & LEVEL,DAYLIGHT,0,0,0,1
34001356,CAMPBELL,,OTHR,,VIEW POINT,DR,,38.9858608,-84.40288709,0.675,11/4/2024 0:00,1418,2,2,0,0,O,CLEAR,DRY,0,OTHER INTERSECTION COLLISIONS,REAR END,STRAIGHT & LEVEL,DAYLIGHT,1,0,0,1
34104668,CAMPBELL,US0027,USRoute,,,,,39.00019638,-84.42119618,0.061,11/4/2024 0:00,1700,2,2,0,0,O,CLEAR,DRY,0,OTHER RAMP RELATED COLLISIONS NOT LISTED ABOVE,REAR END,CURVE & LEVEL,DAYLIGHT,0,0,0,1
34023459,CAMPBELL,,OTHR,,FT THOMAS,AVE,N,39.08706555,-84.44877781,0.498,11/5/2024 0:00,1255,2,1,0,1,B,CLEAR,DRY,0,COLLISION WITH PEDESTRIAN IN INTERSECTION,SINGLE VEHICLE,STRAIGHT & LEVEL,DAYLIGHT,1,0,1,0
34006456,CAMPBELL,KY0009,StateRoute,,AA,HWY,,38.9494914,-84.33539036,7.755,11/5/2024 0:00,2211,1,1,0,0,O,CLEAR,DRY,0,COLLISION WITH ANIMAL NON INTERSECTION,SINGLE VEHICLE,STRAIGHT & GRADE,DARK-HWY NOT LIGHTED,0,0,0,1
34032554,CAMPBELL,,OTHR,219,HIGHLAND,AVE,,39.07684284,-84.45261005,1.135,11/5/2024 0:00,1739,1,1,0,1,C,CLEAR,DRY,0,COLLISION WITH FIXED OBJECT NON - INTERSECTION - FIRST EVENT COLLISION 09 - 32 EXCLUDING 16,SINGLE VEHICLE,STRAIGHT & LEVEL,DUSK,0,0,0,1
34008625,CAMPBELL,,OTHR,30,BURNEY,LN,,39.07062875,-84.45395912,0.272,11/5/2024 0:00,1616,2,2,0,0,O,CLEAR,DRY,1,1 VEHICLE PARKED POSITION (NOT PARKING LOT/DRIVEWAY),BACKING,STRAIGHT & LEVEL,DAYLIGHT,0,0,0,1
34002817,CAMPBELL,KY0471,StateRoute,,KY471,,,39.03711696,-84.45410339,0.01,11/5/2024 0:00,813,2,2,0,0,O,CLOUDY,DRY,0,SIDESWIPE COLLISION - SAME DIRECTION,SIDESWIPE-SAME DIRECTION,STRAIGHT & LEVEL,DAYLIGHT,0,0,0,1
34019393,CAMPBELL,,OTHR,,HIGHLAND RIDGE,BLVD,,39.03807218,-84.45877382,0.245,11/6/2024 0:00,1800,2,2,0,0,O,CLEAR,DRY,1,1 VEHICLE PARKED POSITION (NOT PARKING LOT/DRIVEWAY),BACKING,STRAIGHT & LEVEL,DAYLIGHT,0,0,0,1
34025424,CAMPBELL,KY0915,StateRoute,,LICKING,PIKE,,38.99426286,-84.43296399,7.05,11/6/2024 0:00,2036,1,1,0,0,O,RAINING,WET,0,COLLISION WITH FIXED OBJECT NON - INTERSECTION - FIRST EVENT COLLISION 09 - 32 EXCLUDING 16,SINGLE VEHICLE,CURVE & GRADE,DARK-HWY NOT LIGHTED,0,0,0,1
34031273,CAMPBELL,KY1121,StateRoute,11934,WESLEY CHAPEL,RD,,38.88030182,-84.30585559,2.312,11/6/2024 0:00,2124,1,1,0,1,C,CLEAR,WET,0,COLLISION WITH FIXED OBJECT NON - INTERSECTION - FIRST EVENT COLLISION 09 - 32 EXCLUDING 16,SINGLE VEHICLE,CURVE & GRADE,DARK-HWY NOT LIGHTED,0,0,0,1
34021603,CAMPBELL,KY0009,StateRoute,,AA,HWY,,38.99890128,-84.40782169,13.111,11/6/2024 0:00,2143,1,1,0,2,B,RAINING,WET,0,COLLISION WITH ANIMAL NON INTERSECTION,SINGLE VEHICLE,STRAIGHT & LEVEL,DARK-HWY NOT LIGHTED,0,0,0,1
34008564,CAMPBELL,KY0009,StateRoute,,AA,HWY,,38.99932059,-84.40806881,13.14,11/6/2024 0:00,2143,1,1,0,0,O,CLOUDY,WET,0,COLLISION WITH ANIMAL NON INTERSECTION,SINGLE VEHICLE,STRAIGHT & LEVEL,DARK-HWY LIGHTED/OFF,0,0,0,1
34026052,CAMPBELL,US0027,USRoute,,ALEXANDRIA,PIKE,,38.97354942,-84.39224111,11.158,11/6/2024 0:00,1914,2,2,0,0,O,CLEAR,DRY,0,OTHER INTERSECTION COLLISIONS,REAR END,STRAIGHT & LEVEL,DARK (UNKNOWN ROADWAY LIGHTING),1,0,0,1
34007531,CAMPBELL,,OTHR,,PATTERSON,ST,,39.08439701,-84.49712962,0.308,11/6/2024 0:00,2040,4,3,0,1,B,CLOUDY,WET,0,COLLISION WITH PARKED VEHICLE,REAR END,STRAIGHT & LEVEL,DARK-HWY LIGHTED/ON,0,0,0,1
34013984,CAMPBELL,KY0009,StateRoute,,AA,HWY,,39.00450569,-84.44364885,15.133,11/6/2024 0:00,710,2,2,0,0,O,RAINING,WET,0,ANGLE COLLISION - OTHER,ANGLE,STRAIGHT & LEVEL,DAYLIGHT,0,0,0,1
34033821,CAMPBELL,KY0471,StateRoute,,KY471,,,39.04610941,-84.45677716,0.648,11/6/2024 0:00,1851,2,2,0,0,O,RAINING,WET,0,OTHER ROADWAY OR MID-BLOCK COLLISION,REAR END,CURVE & LEVEL,DARK-HWY LIGHTED/ON,0,0,0,1
34015729,CAMPBELL,KY1892,StateRoute,,GRAND,AVE,,39.08433791,-84.4720225,1.823,11/7/2024 0:00,2032,1,1,0,0,O,CLEAR,DRY,0,COLLISION WITH FIXED OBJECT NON - INTERSECTION - FIRST EVENT COLLISION 09 - 32 EXCLUDING 16,SINGLE VEHICLE,STRAIGHT & GRADE,DARK-HWY LIGHTED/ON,0,0,0,1
34023463,CAMPBELL,KY0445,StateRoute,,RIVER,RD,,39.06110476,-84.44584254,1.946,11/7/2024 0:00,1512,2,2,0,0,O,CLEAR,DRY,0,COLLISION WITH FIXED OBJECT NON - INTERSECTION - FIRST EVENT COLLISION 09 - 32 EXCLUDING 16,ANGLE,CURVE & GRADE,DAYLIGHT,0,0,0,1
34010963,CAMPBELL,,OTHR,107,9TH,ST,E,39.08842186,-84.48994903,0.607,11/7/2024 0:00,1627,2,2,0,0,O,CLEAR,DRY,0,1 VEHICLE PARKED POSITION (NOT PARKING LOT/DRIVEWAY),BACKING,STRAIGHT & LEVEL,DAYLIGHT,0,0,0,1
34028264,CAMPBELL,I 0471,Interstate,,I471 S,,,39.0895959,-84.47555617,3.598,11/7/2024 0:00,2029,2,2,0,0,O,CLOUDY,DRY,1,REAR END IN TRAFFIC LANES BOTH VEHICLES MOVING,REAR END,STRAIGHT & LEVEL,DARK-HWY LIGHTED/ON,0,0,0,1
34015730,CAMPBELL,US0027,USRoute,,TAYLOR SOUTHGATE,BRG,,39.09354811,-84.49801689,22.323,11/7/2024 0:00,1730,2,2,0,0,O,CLEAR,DRY,0,SIDESWIPE COLLISION - SAME DIRECTION,SIDESWIPE-SAME DIRECTION,CURVE & LEVEL,DAYLIGHT,0,0,0,1
34020427,CAMPBELL,KY0009,StateRoute,,LICKING,PIKE,,39.02384946,-84.48095779,17.829,11/8/2024 0:00,730,2,2,0,0,O,FOG,DRY,1,1 VEHICLE ENTERING/LEAVING ENTRANCE,ANGLE,STRAIGHT & LEVEL,DUSK,0,0,0,1
34020451,CAMPBELL,I 0275,Interstate,,I275 E,,,39.02257797,-84.48926917,77.577,11/8/2024 0:00,1700,2,2,0,1,B,CLEAR,DRY,0,REAR END IN TRAFFIC LANES BOTH VEHICLES MOVING,REAR END,STRAIGHT & LEVEL,DAYLIGHT,0,0,0,1
34031733,CAMPBELL,US0027,USRoute,7630,ALEXANDRIA,PIKE,,38.97864831,-84.39368066,11.518,11/8/2024 0:00,2119,2,2,0,0,O,CLEAR,DRY,0,REAR END IN TRAFFIC LANES BOTH VEHICLES MOVING,REAR END,STRAIGHT & LEVEL,DARK-HWY LIGHTED/ON,0,0,0,1
34020453,CAMPBELL,KY0009,StateRoute,,LICKING,PIKE,,39.06282792,-84.48646284,20.724,11/8/2024 0:00,2332,1,1,0,0,O,CLEAR,DRY,0,COLLISION WITH ANIMAL NON INTERSECTION,SINGLE VEHICLE,STRAIGHT & LEVEL,DARK-HWY LIGHTED/OFF,0,0,0,1
34020428,CAMPBELL,I 0275,Interstate,,I275 W,,,39.0228847,-84.48436357,77.294,11/8/2024 0:00,1440,2,2,0,0,O,CLEAR,DRY,0,COLLISION WITH FIXED OBJECT NON - INTERSECTION - FIRST EVENT COLLISION 09 - 32 EXCLUDING 16,SIDESWIPE-SAME DIRECTION,STRAIGHT & LEVEL,DAYLIGHT,0,0,0,1
34031729,CAMPBELL,KY0536,StateRoute,,CREEKTRACE,RD,,38.94027023,-84.39430287,3.433,11/8/2024 0:00,1745,2,2,0,0,O,CLEAR,DRY,0,OTHER INTERSECTION COLLISIONS,REAR END,STRAIGHT & LEVEL,DARK-HWY NOT LIGHTED,1,0,0,1
34016956,CAMPBELL,I 0275,Interstate,,,,,39.05118669,-84.46627082,0.72,11/8/2024 0:00,2013,2,2,0,0,O,CLEAR,DRY,0,OTHER RAMP RELATED COLLISIONS NOT LISTED ABOVE,SIDESWIPE-SAME DIRECTION,STRAIGHT & GRADE,DARK-HWY LIGHTED/ON,0,0,0,1
34013693,CAMPBELL,KY0008,StateRoute,,DAVE COWENS,DR,,39.10071772,-84.48986483,1.34,11/8/2024 0:00,741,2,2,0,0,O,CLEAR,DRY,0,OTHER ROADWAY OR MID-BLOCK COLLISION,REAR END,STRAIGHT & LEVEL,DAYLIGHT,0,0,0,1
34031735,CAMPBELL,US0027,USRoute,,ALEXANDRIA,PIKE,,38.95715077,-84.39281302,10.01,11/9/2024 0:00,1056,1,1,0,0,O,CLEAR,DRY,0,COLLISION WITH ANIMAL IN INTERSECTION,SINGLE VEHICLE,STRAIGHT & LEVEL,DAYLIGHT,1,0,0,1
34025420,CAMPBELL,KY0009,StateRoute,,AA,HWY,,38.95469744,-84.33857377,8.16,11/9/2024 0:00,1741,1,1,0,1,B,CLEAR,DRY,0,COLLISION WITH ANIMAL NON INTERSECTION,SINGLE VEHICLE,STRAIGHT & GRADE,DUSK,0,0,0,1
34020873,CAMPBELL,,OTHR,,SHORT CUT,RD,,38.87179698,-84.26098334,0.011,11/9/2024 0:00,1917,2,2,0,0,O,CLEAR,DRY,0,SIDESWIPE COLLISION - OPPOSITE DIRECTION,SIDESWIPE-OPPOSITE DIRECTION,STRAIGHT & LEVEL,DUSK,0,0,0,1
34020381,CAMPBELL,I 0275,Interstate,,I275 EB,,,39.02257959,-84.48872354,77.544,11/10/2024 0:00,701,1,1,0,0,O,RAINING,WET,0,OTHER ROADWAY OR MID-BLOCK COLLISION,SINGLE VEHICLE,STRAIGHT & LEVEL,DAYLIGHT,0,0,0,1
34020600,CAMPBELL,,OTHR,,PAVILION,PKWY,,39.08787957,-84.47618855,0.479,11/10/2024 0:00,1239,2,2,0,0,O,RAINING,WET,0,SIDESWIPE COLLISION - SAME DIRECTION,SIDESWIPE-SAME DIRECTION,STRAIGHT & LEVEL,DAYLIGHT,0,0,0,1
34028468,CAMPBELL,KY0009,StateRoute,,AA,HWY,,38.95605055,-84.33919537,8.256,11/10/2024 0:00,1028,1,1,0,1,C,RAINING,WET,0,RAN OFF ROADWAY (1 VEHICLE WITH/EARTH EMBANKMENT/DITCH),SINGLE VEHICLE,STRAIGHT & GRADE,DAYLIGHT,0,0,0,1
34021605,CAMPBELL,,OTHR,,ALEXANDRIA,PIKE,E,38.99539849,-84.39733782,0.649,11/10/2024 0:00,2056,1,1,0,0,O,RAINING,WET,0,COLLISION WITH FIXED OBJECT NON - INTERSECTION - FIRST EVENT COLLISION 09 - 32 EXCLUDING 16,SINGLE VEHICLE,STRAIGHT & LEVEL,DARK-HWY NOT LIGHTED,0,0,0,1
34028469,CAMPBELL,KY0009,StateRoute,,AA,HWY,,38.97745171,-84.36515079,10.306,11/10/2024 0:00,715,1,1,0,1,C,RAINING,WET,0,COLLISION WITH FIXED OBJECT NON - INTERSECTION - FIRST EVENT COLLISION 09 - 32 EXCLUDING 16,SINGLE VEHICLE,STRAIGHT & GRADE,DAWN,0,0,0,1
34031528,CAMPBELL,US0027,USRoute,,ALEXANDRIA,PIKE,,39.00424619,-84.42476109,13.943,11/10/2024 0:00,1018,2,2,0,0,O,RAINING,WET,0,ANGLE COLLISION - ONE VEHICLE TURNING LEFT,ANGLE,STRAIGHT & LEVEL,DAYLIGHT,0,0,0,1
34028533,CAMPBELL,KY0008X,StateRoute,325,6TH,AVE,,39.11150704,-84.47597277,1.764,11/11/2024 0:00,1254,3,3,0,0,O,CLEAR,DRY,1,OTHER ROADWAY OR MID-BLOCK COLLISION,REAR END,STRAIGHT & LEVEL,DAYLIGHT,0,0,0,1
34030106,CAMPBELL,KY0471,StateRoute,,KY471,,,39.03722787,-84.45414013,0.021,11/11/2024 0:00,1817,2,2,0,0,O,CLEAR,DRY,0,OTHER INTERSECTION COLLISIONS,REAR END,STRAIGHT & LEVEL,DARK-HWY LIGHTED/ON,1,0,0,1
34031523,CAMPBELL,US0027,USRoute,,ALEXANDRIA,PIKE,,39.02532753,-84.44527716,15.767,11/11/2024 0:00,827,2,2,0,0,O,CLEAR,DRY,0,OTHER INTERSECTION COLLISIONS,REAR END,STRAIGHT & HILLCREST,DAYLIGHT,1,0,0,1
34031731,CAMPBELL,US0027,USRoute,,ALEXANDRIA,PIKE,,38.98315989,-84.39959626,11.98,11/11/2024 0:00,1451,2,2,0,0,O,CLEAR,DRY,0,OTHER INTERSECTION COLLISIONS,REAR END,STRAIGHT & GRADE,DAYLIGHT,1,0,0,1
34032555,CAMPBELL,KY1892,StateRoute,,GRAND,AVE,S,39.07290615,-84.45536018,0.502,11/11/2024 0:00,1612,2,2,0,0,O,CLEAR,DRY,0,OPPOSING LEFT TURN,OPPOSING LEFT TURN,CURVE & LEVEL,DAYLIGHT,0,0,0,1
34023221,CAMPBELL,I 0471,Interstate,,I471 NB,,,39.09440577,-84.47978791,3.996,11/11/2024 0:00,848,1,1,0,0,O,CLEAR,DRY,0,COLLISION WITH ANIMAL IN INTERSECTION,SINGLE VEHICLE,STRAIGHT & LEVEL,DAYLIGHT,1,0,0,1
34024442,CAMPBELL,,OTHR,130,NEWPORT PAVILION,,,39.08880942,-84.47564943,0.404,11/11/2024 0:00,530,2,2,0,0,O,CLEAR,DRY,1,1 VEHICLE PARKED POSITION (NOT PARKING LOT/DRIVEWAY),,STRAIGHT & LEVEL,DARK-HWY LIGHTED/ON,0,0,0,1
34026164,CAMPBELL,,OTHR,1155,WATERWORKS,RD,,39.09444831,-84.47069286,0.365,11/11/2024 0:00,1925,2,2,0,0,O,CLEAR,DRY,0,1 VEHICLE PARKED POSITION (NOT PARKING LOT/DRIVEWAY),BACKING,STRAIGHT & HILLCREST,DUSK,0,0,0,1
34114092,CAMPBELL,,OTHR,,TAYLOR,AVE,,39.10211811,-84.48005268,0.444,11/11/2024 0:00,1425,2,2,0,0,O,CLOUDY,DRY,0,1 VEHICLE ENTERING/LEAVING ENTRANCE,ANGLE,STRAIGHT & LEVEL,DAYLIGHT,0,0,0,1
34024286,CAMPBELL,I 0471,Interstate,,I471 N,,,39.09985425,-84.49319531,4.832,11/11/2024 0:00,1419,2,2,0,0,O,CLEAR,DRY,0,REAR END IN TRAFFIC LANES BOTH VEHICLES MOVING,REAR END,STRAIGHT & LEVEL,DAYLIGHT,0,0,0,1
34032793,CAMPBELL,KY0547,StateRoute,,FOUR MILE,RD,,39.03663972,-84.39020721,6.513,11/11/2024 0:00,737,2,2,0,0,O,CLEAR,DRY,0,REAR END IN TRAFFIC LANES BOTH VEHICLES MOVING,REAR END,STRAIGHT & LEVEL,DAWN,0,0,0,1
34035125,CAMPBELL,KY1892,StateRoute,64,CAROTHERS,RD,,39.08635469,-84.4783968,2.214,11/12/2024 0:00,1100,2,2,0,0,O,CLEAR,DRY,1,1 VEHICLE PARKED POSITION (NOT PARKING LOT/DRIVEWAY),SIDESWIPE-SAME DIRECTION,,DAYLIGHT,0,0,0,1
34028380,CAMPBELL,I 0471,Interstate,,I471 N,,,39.09846233,-84.49018111,4.641,11/12/2024 0:00,914,2,2,0,0,O,CLEAR,DRY,0,SIDESWIPE COLLISION - SAME DIRECTION,SIDESWIPE-SAME DIRECTION,STRAIGHT & GRADE,DAYLIGHT,0,0,0,1
34031525,CAMPBELL,,OTHR,12,MARIAN,DR,,39.02150014,-84.44105196,0.067,11/12/2024 0:00,807,2,2,0,0,O,CLEAR,DRY,0,1 VEHICLE ENTERING/LEAVING ENTRANCE,ANGLE,STRAIGHT & GRADE,DAYLIGHT,0,0,0,1
34064462,CAMPBELL,US0027,USRoute,,ALEXANDRIA,PIKE,,39.02992766,-84.45103914,16.22,11/12/2024 0:00,1835,2,2,0,0,O,CLEAR,DRY,1,OTHER INTERSECTION COLLISIONS,REAR END,STRAIGHT & LEVEL,DUSK,1,0,0,1
34029761,CAMPBELL,KY1892,StateRoute,,CAROTHERS,RD,,39.08639346,-84.47743633,2.163,11/12/2024 0:00,1015,2,2,0,0,O,CLEAR,DRY,0,OTHER ROADWAY OR MID-BLOCK COLLISION,REAR END,STRAIGHT & LEVEL,DAYLIGHT,0,0,0,1