IncidentID,County,RdwyNumber,RdwyType,Street,RoadwayName,StreetSfx,StreetDir,Latitude,Longitude,Milepoint,CollisionDate,CollisionTime,UnitsInvolved,MotorVehiclesInvolved,NumberKilled,NumberInjured,KABCO,Weather,RdwyConditionCode,HitandRun,DirAnalysisCode,MannerofCollision,RdwyCharacter,LightCondition,Intersection Crash,Bicyclist,Pedestrian,Motor Vehicles
34032583,CAMPBELL,I 0471,Interstate,,I471 N,,,39.07441179,-84.46591882,2.382,11/12/2024 0:00,740,2,2,0,0,O,CLEAR,DRY,0,OTHER ROADWAY OR MID-BLOCK COLLISION,REAR END,STRAIGHT & LEVEL,DAYLIGHT,0,0,0,1
34036823,CAMPBELL,I 0471,Interstate,,,,,39.06374776,-84.46705707,0.073,11/13/2024 0:00,2238,1,1,0,0,O,RAINING,WET,0,COLLISION WITH FIXED OBJECT NOT IN GORE ,SINGLE VEHICLE,CURVE & LEVEL,DARK-HWY LIGHTED/ON,0,0,0,1
34043689,CAMPBELL,US0027,USRoute,,ALEXANDRIA,PIKE,,38.92136124,-84.39097321,7.519,11/13/2024 0:00,1255,1,1,0,0,O,CLOUDY,DRY,0,OTHER ROADWAY OR MID-BLOCK COLLISION,SINGLE VEHICLE,STRAIGHT & LEVEL,DAYLIGHT,0,0,0,1
34050057,CAMPBELL,US0027,USRoute,,ALEXANDRIA,PIKE,,39.02183132,-84.44001177,15.384,11/13/2024 0:00,1523,2,2,0,0,O,CLEAR,DRY,0,OTHER ROADWAY OR MID-BLOCK COLLISION,REAR END,STRAIGHT & LEVEL,DAYLIGHT,0,0,0,1
34044994,CAMPBELL,KY1892,StateRoute,,CAROTHERS,RD,,39.08392597,-84.48376351,2.561,11/13/2024 0:00,800,2,2,0,0,O,CLEAR,DRY,0,OTHER INTERSECTION COLLISIONS,REAR END,STRAIGHT & LEVEL,DAWN,1,0,0,1
34045384,CAMPBELL,KY1892,StateRoute,,CAROTHERS,RD,,39.08640777,-84.47743277,2.163,11/13/2024 0:00,1102,2,2,0,0,O,CLEAR,DRY,0,OTHER INTERSECTION COLLISIONS,REAR END,STRAIGHT & LEVEL,DAYLIGHT,1,0,0,1
34042020,CAMPBELL,,OTHR,,ROSSFORD,AVE,,39.09652205,-84.45289551,0.822,11/13/2024 0:00,245,2,2,0,0,O,CLEAR,DRY,0,ANGLE COLLISION - ONE VEHICLE TURNING LEFT,ANGLE,STRAIGHT & LEVEL,DAYLIGHT,0,0,0,1
34068076,CAMPBELL,US0027,USRoute,500,MONMOUTH,ST,,39.0922771,-84.49408642,22.041,11/13/2024 0:00,1100,2,2,0,0,O,CLEAR,DRY,0,SIDESWIPE COLLISION - SAME DIRECTION,SIDESWIPE-SAME DIRECTION,STRAIGHT & LEVEL,DAYLIGHT,0,0,0,1
34034191,CAMPBELL,KY1120,StateRoute,,11TH,ST,W,39.08343376,-84.49239544,0.483,11/13/2024 0:00,1048,2,2,0,0,O,CLOUDY,DRY,1,REAR END IN TRAFFIC LANES BOTH VEHICLES MOVING,REAR END,STRAIGHT & LEVEL,DAYLIGHT,0,0,0,1
34040232,CAMPBELL,US0027,USRoute,,TAYLOR SOUTHGATE,BRG,,39.09354321,-84.49707059,22.27,11/14/2024 0:00,2248,2,2,0,0,O,CLEAR,WET,0,1 VEHICLE ENTERING/LEAVING ENTRANCE,ANGLE,CURVE & LEVEL,DARK-HWY LIGHTED/ON,0,0,0,1
34051266,CAMPBELL,,OTHR,,GLORIA TERRELL,DR,,39.00941513,-84.47055279,0.821,11/14/2024 0:00,1236,2,2,0,0,O,RAINING,WET,0,1 VEHICLE ENTERING/LEAVING ENTRANCE,ANGLE,CURVE & LEVEL,DAYLIGHT,0,0,0,1
34036342,CAMPBELL,KY1120,StateRoute,,11TH,ST,W,39.08500262,-84.48958259,0.665,11/14/2024 0:00,250,2,2,0,1,B,RAINING,WET,1,1 VEHICLE ENTERING/LEAVING ENTRANCE,ANGLE,STRAIGHT & LEVEL,DARK-HWY LIGHTED/ON,0,0,0,1
34038916,CAMPBELL,I 0275,Interstate,,I275 EB,,,39.02564772,-84.47656168,76.804,11/14/2024 0:00,1503,2,2,0,0,O,RAINING,WET,0,REAR END IN TRAFFIC LANES BOTH VEHICLES MOVING,REAR END,STRAIGHT & GRADE,DAYLIGHT,0,0,0,1
34042589,CAMPBELL,I 0471,Interstate,,I471 N,,,39.07656555,-84.46887642,2.603,11/14/2024 0:00,833,2,2,0,0,O,CLOUDY,WET,0,SIDESWIPE COLLISION - SAME DIRECTION,SIDESWIPE-SAME DIRECTION,STRAIGHT & LEVEL,DAWN,0,0,0,1
34063874,CAMPBELL,I 0471,Interstate,5,I471 N,,,39.09924073,-84.49200341,4.755,11/14/2024 0:00,730,2,2,0,0,O,RAINING,WET,0,SIDESWIPE COLLISION - SAME DIRECTION,SIDESWIPE-SAME DIRECTION,STRAIGHT & LEVEL,DAWN,0,0,0,1
34064465,CAMPBELL,I 0275,Interstate,,I275 E,,,39.03580722,-84.4702834,75.977,11/14/2024 0:00,1432,2,2,0,0,O,RAINING,WET,0,REAR END IN TRAFFIC LANES BOTH VEHICLES MOVING,REAR END,STRAIGHT & LEVEL,DAYLIGHT,0,0,0,1
34040649,CAMPBELL,US0027,USRoute,,MONMOUTH,ST,,39.08388416,-84.48372795,21.214,11/14/2024 0:00,2135,2,2,0,0,O,CLOUDY,WET,0,OPPOSING LEFT TURN,OPPOSING LEFT TURN,STRAIGHT & LEVEL,DARK-HWY LIGHTED/ON,0,0,0,1
34042587,CAMPBELL,US0027,USRoute,,MONMOUTH,ST,,39.08615025,-84.48745056,21.461,11/14/2024 0:00,1542,2,1,0,0,O,CLOUDY,WET,0,COLLISION WITH PEDESTRIAN IN INTERSECTION,SINGLE VEHICLE,STRAIGHT & LEVEL,DAYLIGHT,1,0,1,0
34042288,CAMPBELL,US0027,USRoute,,ALEXANDRIA,PIKE,,38.95767384,-84.3929313,10.042,11/14/2024 0:00,1650,2,2,0,0,O,CLEAR,DRY,0,OTHER INTERSECTION COLLISIONS,REAR END,STRAIGHT & LEVEL,DAYLIGHT,1,0,0,1
34042590,CAMPBELL,,OTHR,1102,YORK,ST,,39.08447312,-84.48900301,0.045,11/14/2024 0:00,733,2,2,0,0,O,CLOUDY,WET,0,1 VEHICLE PARKED POSITION (NOT PARKING LOT/DRIVEWAY),BACKING,STRAIGHT & LEVEL,DAYLIGHT,0,0,0,1
34061720,CAMPBELL,,OTHR,428,8TH,AVE,,39.11139428,-84.47366937,0.219,11/14/2024 0:00,0,2,2,0,0,O,CLOUDY,WET,1,1 VEHICLE PARKED POSITION (NOT PARKING LOT/DRIVEWAY),,STRAIGHT & LEVEL,DARK-HWY NOT LIGHTED,0,0,0,1
34391766,CAMPBELL,,OTHR,400,MAIN,ST,,39.11514456,-84.46819601,0.119,11/14/2024 0:00,1300,2,2,0,0,O,RAINING,WET,0,1 VEHICLE PARKED POSITION (NOT PARKING LOT/DRIVEWAY),BACKING,STRAIGHT & LEVEL,DAYLIGHT,0,0,0,1
34166069,CAMPBELL,US0027,USRoute,,ALEXANDRIA,PIKE,,38.97534053,-84.39253836,11.283,11/14/2024 0:00,2149,1,1,0,0,O,CLOUDY,WET,0,COLLISION WITH ANIMAL NON INTERSECTION,SINGLE VEHICLE,STRAIGHT & LEVEL,DARK-HWY LIGHTED/OFF,0,0,0,1
34036343,CAMPBELL,US0027,USRoute,,3RD,ST,E,39.09312712,-84.49730502,22.241,11/14/2024 0:00,230,1,1,0,0,O,RAINING,WET,1,COLLISION WITH FIXED OBJECT NON - INTERSECTION - FIRST EVENT COLLISION 09 - 32 EXCLUDING 16,SINGLE VEHICLE,CURVE & LEVEL,DARK-HWY LIGHTED/ON,0,0,0,1
34045219,CAMPBELL,KY0009,StateRoute,,AA,HWY,,38.88209959,-84.26088437,1.408,11/15/2024 0:00,715,1,1,0,0,O,CLOUDY,DRY,0,COLLISION WITH ANIMAL NON INTERSECTION,SINGLE VEHICLE,CURVE & LEVEL,DAWN,0,0,0,1
34042021,CAMPBELL,KY1120,StateRoute,25,FT THOMAS,AVE,N,39.07930538,-84.44855915,4.179,11/15/2024 0:00,841,2,2,0,0,O,CLEAR,DRY,0,1 VEHICLE PARKED POSITION (NOT PARKING LOT/DRIVEWAY),SIDESWIPE-SAME DIRECTION,STRAIGHT & LEVEL,DAYLIGHT,0,0,0,1
34056163,CAMPBELL,US0027,USRoute,,ALEXANDRIA,PIKE,,38.96161836,-84.39278366,10.345,11/15/2024 0:00,1756,2,2,0,0,O,CLEAR,DRY,1,SIDESWIPE-SAME DIRECTION,SIDESWIPE-SAME DIRECTION,STRAIGHT & GRADE,DARK-HWY LIGHTED/ON,0,0,0,1
34042447,CAMPBELL,,OTHR,,HIGHLAND,AVE,,39.07561574,-84.46257881,0.517,11/15/2024 0:00,942,2,2,0,0,O,CLOUDY,DRY,0,VEHICLE BACKING IN INTERSECTION,BACKING,STRAIGHT & LEVEL,DAYLIGHT,1,0,0,1
34056158,CAMPBELL,KY0010,StateRoute,,MAIN,ST,E,38.95129232,-84.37141579,2.779,11/15/2024 0:00,1759,1,1,0,0,O,CLEAR,DRY,0,COLLISION WITH ANIMAL IN INTERSECTION,SINGLE VEHICLE,CURVE & GRADE,DARK-HWY NOT LIGHTED,1,0,0,1
34059030,CAMPBELL,,OTHR,,WILSON,RD,,39.09267191,-84.47523081,0.149,11/15/2024 0:00,821,2,2,0,0,O,CLEAR,DRY,0,ANGLE COLLISION - OTHER,ANGLE,STRAIGHT & LEVEL,DAYLIGHT,0,0,0,1
34044599,CAMPBELL,US0027,USRoute,900,YORK,ST,,39.08715518,-84.49157529,21.788,11/15/2024 0:00,1858,3,3,0,0,O,CLEAR,DRY,1,1 VEHICLE PARKED POSITION (NOT PARKING LOT/DRIVEWAY),ANGLE,STRAIGHT & LEVEL,DARK-HWY LIGHTED/ON,0,0,0,1
34058393,CAMPBELL,KY1892,StateRoute,,CAROTHERS,RD,,39.08636961,-84.47840168,2.214,11/15/2024 0:00,1550,2,2,0,0,O,CLOUDY,DRY,0,REAR END IN TRAFFIC LANES BOTH VEHICLES MOVING,REAR END,STRAIGHT & LEVEL,DAYLIGHT,0,0,0,1
34044460,CAMPBELL,KY1120,StateRoute,,10TH,ST,E,39.09265092,-84.48059946,1.373,11/15/2024 0:00,1731,2,2,0,0,O,CLEAR,DRY,0,SIDESWIPE COLLISION - SAME DIRECTION,SIDESWIPE-SAME DIRECTION,STRAIGHT & LEVEL,DUSK,0,0,0,1
34044458,CAMPBELL,KY1120,StateRoute,,10TH,ST,E,39.0872262,-84.488874,0.785,11/15/2024 0:00,1848,2,2,0,0,O,CLEAR,DRY,0,VEHICLE BACKING NON INTERSECTION,BACKING,STRAIGHT & LEVEL,DARK-HWY LIGHTED/ON,0,0,0,1
34056165,CAMPBELL,KY0547,StateRoute,8298,RILEY,RD,,38.96218175,-84.3826179,0.228,11/16/2024 0:00,1510,2,2,0,0,O,CLEAR,DRY,1,1 VEHICLE PARKED POSITION (NOT PARKING LOT/DRIVEWAY),SIDESWIPE-SAME DIRECTION,STRAIGHT & LEVEL,UNKNOWN,0,0,0,1
34045370,CAMPBELL,KY1892,StateRoute,82,CAROTHERS,RD,,39.08560129,-84.47986785,2.31,11/16/2024 0:00,1100,2,2,0,0,O,,,1,1 VEHICLE PARKED POSITION (NOT PARKING LOT/DRIVEWAY),,,,0,0,0,1
34045642,CAMPBELL,,OTHR,,SARATOGA,ST,,39.09169337,-84.49172121,0.444,11/16/2024 0:00,1306,2,2,0,0,O,CLEAR,DRY,1,1 VEHICLE PARKED POSITION (NOT PARKING LOT/DRIVEWAY),SIDESWIPE-SAME DIRECTION,STRAIGHT & LEVEL,DAYLIGHT,0,0,0,1
34051631,CAMPBELL,KY1120,StateRoute,950,FT THOMAS,AVE,S,39.06585656,-84.44613632,5.248,11/16/2024 0:00,2229,2,2,0,0,O,CLEAR,DRY,1,1 VEHICLE PARKED POSITION (NOT PARKING LOT/DRIVEWAY),SIDESWIPE-SAME DIRECTION,CURVE & LEVEL,DARK-HWY LIGHTED/ON,0,0,0,1
34051268,CAMPBELL,KY0009,StateRoute,,AA,HWY,,39.00963234,-84.4686878,16.544,11/16/2024 0:00,454,1,1,0,0,O,CLEAR,DRY,0,COLLISION WITH ANIMAL NON INTERSECTION,SINGLE VEHICLE,STRAIGHT & LEVEL,DARK-HWY LIGHTED/OFF,0,0,0,1
34048477,CAMPBELL,,OTHR,,NEWPORT PAVILION,,,39.08635852,-84.47724595,0.599,11/17/2024 0:00,1509,2,2,0,0,O,CLEAR,DRY,0,SIDESWIPE-SAME DIRECTION,SIDESWIPE-SAME DIRECTION,STRAIGHT & GRADE,DAYLIGHT,0,0,0,1
34049994,CAMPBELL,KY2924,StateRoute,7431,TOLLGATE,RD,,38.98028049,-84.41380728,,11/17/2024 0:00,1955,1,1,0,0,O,CLOUDY,DRY,0,COLLISION WITH ANIMAL NON INTERSECTION,SINGLE VEHICLE,CURVE & GRADE,DARK-HWY NOT LIGHTED,0,0,0,1
34050103,CAMPBELL,KY0009,StateRoute,905,CENTRAL,AVE,,39.08573021,-84.49439327,22.642,11/17/2024 0:00,316,2,2,0,0,O,CLOUDY,DRY,1,1 VEHICLE PARKED POSITION (NOT PARKING LOT/DRIVEWAY),REAR END,STRAIGHT & GRADE,DARK-HWY LIGHTED/ON,0,0,0,1
34054001,CAMPBELL,I 0471,Interstate,,I471 N,,,39.08164019,-84.47136713,2.983,11/17/2024 0:00,1636,2,2,0,0,O,CLEAR,DRY,0,SIDESWIPE COLLISION - SAME DIRECTION,SIDESWIPE-SAME DIRECTION,STRAIGHT & LEVEL,DAYLIGHT,0,0,0,1
34083927,CAMPBELL,KY1120,StateRoute,,MEMORIAL,PKWY,,39.09268575,-84.4751613,1.673,11/17/2024 0:00,1520,2,2,0,0,O,CLEAR,DRY,0,HEAD-ON COLLISION,HEAD ON,CURVE & LEVEL,DAYLIGHT,0,0,0,1
34054000,CAMPBELL,,OTHR,1301,KMART SHOPPING CENTER,,,39.08513361,-84.48473936,0.149,11/17/2024 0:00,1615,3,2,0,0,O,CLEAR,DRY,1,1 VEHICLE PARKED POSITION (NOT PARKING LOT/DRIVEWAY),ANGLE,STRAIGHT & LEVEL,DAYLIGHT,0,0,0,1
34083926,CAMPBELL,KY0008,StateRoute,,FAIRFIELD,AVE,,39.1042892,-84.4856898,1.678,11/18/2024 0:00,1225,2,2,0,0,O,CLOUDY,DRY,0,OTHER ROADWAY OR MID-BLOCK COLLISION,OPPOSING LEFT TURN,STRAIGHT & LEVEL,DAYLIGHT,0,0,0,1
34055696,CAMPBELL,KY0008,StateRoute,,5TH,ST,W,39.09014139,-84.49839278,0.361,11/18/2024 0:00,1750,2,2,0,0,O,CLEAR,DRY,0,SIDESWIPE-SAME DIRECTION,SIDESWIPE-SAME DIRECTION,STRAIGHT & LEVEL,DUSK,0,0,0,1
34079786,CAMPBELL,US0027,USRoute,,ALEXANDRIA,PIKE,,39.03272058,-84.45280756,16.433,11/19/2024 0:00,2259,1,1,0,0,O,CLEAR,DRY,0,COLLISION WITH FIXED OBJECT NON - INTERSECTION - FIRST EVENT COLLISION 09 - 32 EXCLUDING 16,SINGLE VEHICLE,STRAIGHT & LEVEL,DARK-HWY LIGHTED/ON,0,0,0,1
34063001,CAMPBELL,,OTHR,,2ND,AVE,,39.11645493,-84.46328778,0.104,11/19/2024 0:00,1429,1,1,0,0,O,CLOUDY,DRY,0,COLLISION WITH FIXED OBJECT IN INTERSECTION - FIRST EVENT COLLISION 09 - 32,SINGLE VEHICLE,STRAIGHT & LEVEL,DAYLIGHT,1,0,0,1
34067190,CAMPBELL,KY0010,StateRoute,,MAIN,ST,W,38.95685312,-84.39477059,1.19,11/19/2024 0:00,1437,2,2,0,0,O,CLEAR,WET,0,OPPOSING LEFT TURN,OPPOSING LEFT TURN,STRAIGHT & LEVEL,DAYLIGHT,0,0,0,1
34067183,CAMPBELL,KY0009,StateRoute,,AA,HWY,,38.98382451,-84.38669575,11.561,11/19/2024 0:00,1808,2,2,0,0,O,CLOUDY,DRY,0,SIDESWIPE-SAME DIRECTION,SIDESWIPE-SAME DIRECTION,STRAIGHT & LEVEL,DARK-HWY LIGHTED/ON,0,0,0,1
34116801,CAMPBELL,KY0009,StateRoute,,LICKING,PIKE,,39.02511734,-84.48047399,17.941,11/19/2024 0:00,1552,2,2,0,0,O,CLOUDY,DRY,0,OTHER INTERSECTION COLLISIONS,REAR END,STRAIGHT & LEVEL,DAYLIGHT,1,0,0,1
34063233,CAMPBELL,,OTHR,,ANSPAUGH,AVE,,39.09801234,-84.4758188,0.004,11/19/2024 0:00,1230,2,2,0,0,O,CLOUDY,WET,0,HEAD-ON COLLISION,HEAD ON,STRAIGHT & HILLCREST,DAYLIGHT,0,0,0,1
34060239,CAMPBELL,US0027,USRoute,,TAYLOR SOUTHGATE,BRG,,39.09365221,-84.49801278,22.323,11/19/2024 0:00,2237,2,2,0,0,O,CLEAR,DRY,0,SIDESWIPE COLLISION - SAME DIRECTION,SIDESWIPE-SAME DIRECTION,CURVE & LEVEL,DARK-HWY LIGHTED/ON,0,0,0,1
34067471,CAMPBELL,KY0547,StateRoute,,FOUR MILE,RD,,39.00741067,-84.36718164,,11/19/2024 0:00,1013,1,1,0,0,O,CLOUDY,WET,0,OTHER COLLISIONS ON SHOULDER,SINGLE VEHICLE,CURVE & LEVEL,DAYLIGHT,0,0,0,1
34058382,CAMPBELL,,OTHR,,LOWELL,ST,,39.082899,-84.49958399,0.012,11/19/2024 0:00,702,2,2,0,0,O,RAINING,WET,0,1 VEHICLE ENTERING/LEAVING ENTRANCE,ANGLE,CURVE & LEVEL,DARK-HWY LIGHTED/ON,0,0,0,1
34067729,CAMPBELL,US0027,USRoute,,ALEXANDRIA,PIKE,,38.92121434,-84.39088423,7.508,11/19/2024 0:00,1844,3,3,0,0,O,CLEAR,DRY,0,OTHER ROADWAY OR MID-BLOCK COLLISION,OPPOSING LEFT TURN,STRAIGHT & LEVEL,DUSK,0,0,0,1
34066195,CAMPBELL,,OTHR,26,TREMONT,AVE,,39.07385157,-84.44800452,0.293,11/20/2024 0:00,1620,2,2,0,0,O,CLOUDY,WET,0,SIDESWIPE COLLISION - SAME DIRECTION,SIDESWIPE-SAME DIRECTION,STRAIGHT & LEVEL,DAYLIGHT,0,0,0,1
34064786,CAMPBELL,KY0008,StateRoute,407,FAIRFIELD,AVE,,39.10767336,-84.48158724,2,11/20/2024 0:00,1849,2,2,0,0,O,CLOUDY,DRY,0,OTHER ROADWAY OR MID-BLOCK COLLISION,REAR END,STRAIGHT & LEVEL,DARK-HWY LIGHTED/ON,0,0,0,1
34065067,CAMPBELL,I 0471,Interstate,,I471 N,,,39.10111268,-84.49549092,4.983,11/20/2024 0:00,1744,2,2,0,0,O,CLEAR,DRY,0,REAR END IN TRAFFIC LANES BOTH VEHICLES MOVING,REAR END,STRAIGHT & LEVEL,DARK-HWY LIGHTED/ON,0,0,0,1
34064398,CAMPBELL,US0027,USRoute,3720,ALEXANDRIA,PIKE,,39.02598696,-84.44754465,15.888,11/20/2024 0:00,1335,2,2,0,0,O,CLEAR,DRY,0,REAR END IN TRAFFIC LANES BOTH VEHICLES MOVING,REAR END,STRAIGHT & LEVEL,DAYLIGHT,0,0,0,1
34066196,CAMPBELL,KY0445,StateRoute,,RIVER,RD,,39.06405466,-84.44695394,1.024,11/20/2024 0:00,1912,2,1,0,1,C,CLEAR,DRY,0,COLLISION WITH PEDESTRIAN IN INTERSECTION,SINGLE VEHICLE,STRAIGHT & LEVEL,DARK-HWY LIGHTED/ON,1,0,1,0
34063873,CAMPBELL,,OTHR,160,NEWPORT PAVILION,,,39.09057564,-84.47671019,0.267,11/20/2024 0:00,1603,2,2,0,0,O,CLEAR,DRY,0,1 VEHICLE ENTERING OR LEAVING PARKED POSITION (NOT PARKING LOT),ANGLE,STRAIGHT & LEVEL,DAYLIGHT,0,0,0,1
34066194,CAMPBELL,KY0445,StateRoute,341,RIVER,RD,,39.05574452,-84.43807425,0.215,11/20/2024 0:00,1545,1,1,0,0,O,CLEAR,DRY,0,COLLISION WITH FIXED OBJECT NON - INTERSECTION - FIRST EVENT COLLISION 09 - 32 EXCLUDING 16,SINGLE VEHICLE,CURVE & GRADE,DAYLIGHT,0,0,0,1
34068071,CAMPBELL,KY1120,StateRoute,,11TH,ST,W,39.08434352,-84.49073495,0.592,11/21/2024 0:00,1228,2,2,0,0,O,"SLEET, HAIL, FREEZING RAIN",WET,0,1 VEHICLE PARKED POSITION (NOT PARKING LOT/DRIVEWAY),REAR END,STRAIGHT & LEVEL,DAYLIGHT,0,0,0,1
34082303,CAMPBELL,KY0009,StateRoute,,AA,HWY,,38.98889427,-84.39544058,12.113,11/21/2024 0:00,1622,2,2,0,0,O,SNOWING,WET,0,OTHER INTERSECTION COLLISIONS,REAR END,STRAIGHT & LEVEL,DAYLIGHT,1,0,0,1
34068936,CAMPBELL,KY0010,StateRoute,,FLAGG SPRINGS,PIKE,,38.89169419,-84.27345875,11.024,11/21/2024 0:00,1837,2,2,0,0,O,SNOWING,WET,1,OTHER INTERSECTION COLLISIONS,REAR END,STRAIGHT & LEVEL,DARK-HWY LIGHTED/ON,1,0,0,1
34068282,CAMPBELL,US0027,USRoute,,MONMOUTH,ST,,39.08384144,-84.48382171,21.209,11/21/2024 0:00,1442,2,2,0,0,O,CLOUDY,DRY,0,ANGLE COLLISION - OTHER,ANGLE,STRAIGHT & GRADE,DAYLIGHT,0,0,0,1
34068072,CAMPBELL,US0027,USRoute,,3RD,ST,E,39.09347059,-84.49698745,22.252,11/21/2024 0:00,1220,2,2,0,0,O,SNOWING,WET,0,SIDESWIPE COLLISION - SAME DIRECTION,SIDESWIPE-SAME DIRECTION,STRAIGHT & LEVEL,DAYLIGHT,0,0,0,1
34068075,CAMPBELL,US0027,USRoute,,MONMOUTH,ST,,39.07942133,-84.48088,20.867,11/21/2024 0:00,704,2,2,0,0,O,"SLEET, HAIL, FREEZING RAIN",WET,0,SIDESWIPE COLLISION - SAME DIRECTION,SIDESWIPE-SAME DIRECTION,STRAIGHT & LEVEL,DARK-HWY LIGHTED/ON,0,0,0,1
34066201,CAMPBELL,KY1120,StateRoute,231,FT THOMAS,AVE,S,39.07551361,-84.44716456,4.43,11/21/2024 0:00,758,2,2,0,0,O,SNOWING,WET,0,OTHER ROADWAY OR MID-BLOCK COLLISION,OPPOSING LEFT TURN,STRAIGHT & LEVEL,DAYLIGHT,0,0,0,1
34075007,CAMPBELL,US0027,USRoute,,ALEXANDRIA,PIKE,,39.02715088,-84.44862614,15.987,11/22/2024 0:00,1602,2,2,0,0,O,CLOUDY,WET,0,OTHER ROADWAY OR MID-BLOCK COLLISION,REAR END,STRAIGHT & LEVEL,DAYLIGHT,0,0,0,1
34071417,CAMPBELL,,OTHR,933,SARATOGA,ST,,39.08819191,-84.48837043,0.143,11/22/2024 0:00,858,2,2,0,0,O,CLOUDY,DRY,0,1 VEHICLE PARKED POSITION (NOT PARKING LOT/DRIVEWAY),SIDESWIPE-SAME DIRECTION,STRAIGHT & LEVEL,DAYLIGHT,0,0,0,1
34157554,CAMPBELL,,OTHR,338,TAYLOR,AVE,,39.10494223,-84.48302527,0.192,11/22/2024 0:00,1306,2,2,0,0,O,CLEAR,DRY,0,1 VEHICLE PARKED POSITION (NOT PARKING LOT/DRIVEWAY),SIDESWIPE-SAME DIRECTION,STRAIGHT & LEVEL,DAYLIGHT,0,0,0,1
34082745,CAMPBELL,,OTHR,,GLORIA TERRELL,DR,,39.00959858,-84.46931607,0.881,11/22/2024 0:00,1135,2,2,0,0,O,CLOUDY,DRY,1,REAR END IN TRAFFIC LANES BOTH VEHICLES MOVING,REAR END,CURVE & LEVEL,DAYLIGHT,0,0,0,1
34082747,CAMPBELL,KY0009,StateRoute,,LICKING,PIKE,,39.02311296,-84.48082128,17.773,11/22/2024 0:00,1519,2,2,0,1,C,CLOUDY,WET,0,REAR END IN TRAFFIC LANES BOTH VEHICLES MOVING,REAR END,STRAIGHT & LEVEL,DAYLIGHT,0,0,0,1
34075811,CAMPBELL,I 0275,Interstate,,I275 WB,,,39.05116487,-84.44469641,74.061,11/22/2024 0:00,1735,2,2,0,0,O,CLEAR,DRY,0,REAR END IN TRAFFIC LANES BOTH VEHICLES MOVING,REAR END,STRAIGHT & LEVEL,DARK-HWY LIGHTED/ON,0,0,0,1
34079158,CAMPBELL,US0027,USRoute,,ALEXANDRIA,PIKE,,39.02217546,-84.44055037,15.432,11/22/2024 0:00,1609,2,2,0,0,O,CLOUDY,WET,0,REAR END IN TRAFFIC LANES BOTH VEHICLES MOVING,REAR END,STRAIGHT & LEVEL,DAYLIGHT,0,0,0,1
34074165,CAMPBELL,KY0008,StateRoute,,3RD,ST,E,39.09507541,-84.49428425,0.742,11/22/2024 0:00,1930,2,2,0,0,O,CLEAR,DRY,0,VEHICLE BACKING NON INTERSECTION,BACKING,STRAIGHT & LEVEL,DARK-HWY LIGHTED/ON,0,0,0,1
34074164,CAMPBELL,US0027,USRoute,,TAYLOR SOUTHGATE,BRG,,39.0935495,-84.49755202,22.297,11/22/2024 0:00,2015,2,2,0,0,O,CLEAR,DRY,0,1 VEHICLE ENTERING/LEAVING ENTRANCE,ANGLE,CURVE & HILLCREST,DARK-HWY LIGHTED/ON,0,0,0,1
34069797,CAMPBELL,KY1998,StateRoute,,INDUSTRIAL,RD,,39.03437963,-84.42724066,3.113,11/22/2024 0:00,228,1,1,0,1,B,CLEAR,WET,0,COLLISION WITH FIXED OBJECT NON - INTERSECTION - FIRST EVENT COLLISION 09 - 32 EXCLUDING 16,SINGLE VEHICLE,CURVE & GRADE,DARK-HWY NOT LIGHTED,0,0,0,1
34071413,CAMPBELL,,OTHR,1102,YORK,ST,,39.08490236,-84.48947854,0.007,11/22/2024 0:00,1001,1,1,0,0,O,CLOUDY,DRY,0,COLLISION WITH FIXED OBJECT NON - INTERSECTION - FIRST EVENT COLLISION 09 - 32 EXCLUDING 16,SINGLE VEHICLE,STRAIGHT & LEVEL,DAYLIGHT,0,0,0,1
34071929,CAMPBELL,,OTHR,,PLEASANT RIDGE,RD,,38.89690803,-84.4184141,4.15,11/22/2024 0:00,545,1,1,0,0,O,CLOUDY,WET,0,COLLISION WITH FIXED OBJECT NON - INTERSECTION - FIRST EVENT COLLISION 09 - 32 EXCLUDING 16,SINGLE VEHICLE,CURVE & LEVEL,DARK-HWY NOT LIGHTED,0,0,0,1
34139612,CAMPBELL,I 0471,Interstate,,I471 N,,,39.04973877,-84.46296825,0.368,11/22/2024 0:00,1535,1,1,0,0,O,CLOUDY,WET,0,COLLISION WITH ANIMAL NON INTERSECTION,SINGLE VEHICLE,STRAIGHT & LEVEL,DAYLIGHT,0,0,0,1
34082983,CAMPBELL,KY0009,StateRoute,,AA,HWY,,39.01827983,-84.48040645,17.41,11/23/2024 0:00,1443,2,1,0,0,O,CLOUDY,DRY,0,SIDESWIPE COLLISION - SAME DIRECTION,SIDESWIPE-SAME DIRECTION,STRAIGHT & LEVEL,DAYLIGHT,0,0,0,1
34077915,CAMPBELL,,OTHR,200,RIVERBOAT,ROW,,39.09438471,-84.49905098,0.79,11/23/2024 0:00,1357,2,2,0,0,O,CLEAR,DRY,0,1 VEHICLE PARKED POSITION (NOT PARKING LOT/DRIVEWAY),BACKING,STRAIGHT & LEVEL,DAYLIGHT,0,0,0,1