IncidentID,County,RdwyNumber,RdwyType,Street,RoadwayName,StreetSfx,StreetDir,Latitude,Longitude,Milepoint,CollisionDate,CollisionTime,UnitsInvolved,MotorVehiclesInvolved,NumberKilled,NumberInjured,KABCO,Weather,RdwyConditionCode,HitandRun,DirAnalysisCode,MannerofCollision,RdwyCharacter,LightCondition,Intersection Crash,Bicyclist,Pedestrian,Motor Vehicles
34083092,CAMPBELL,,OTHR,,BRIGHTON,ST,,39.08534795,-84.49998974,0.448,11/24/2024 0:00,1300,2,2,0,0,O,CLEAR,DRY,0,1 VEHICLE PARKED POSITION (NOT PARKING LOT/DRIVEWAY),SIDESWIPE-SAME DIRECTION,STRAIGHT & LEVEL,DAYLIGHT,0,0,0,1
34076572,CAMPBELL,,OTHR,275,COLUMBIA,ST,,39.09271512,-84.49864077,0.112,11/24/2024 0:00,33,2,2,0,0,O,CLEAR,DRY,1,1 VEHICLE PARKED POSITION (NOT PARKING LOT/DRIVEWAY),BACKING,STRAIGHT & LEVEL,DARK-HWY LIGHTED/ON,0,0,0,1
34093031,CAMPBELL,KY0009,StateRoute,,LICKING,PIKE,,39.02403248,-84.48072122,17.845,11/24/2024 0:00,1250,2,2,0,0,O,CLEAR,DRY,0,REAR END IN TRAFFIC LANES BOTH VEHICLES MOVING,REAR END,STRAIGHT & LEVEL,DAYLIGHT,0,0,0,1
34080813,CAMPBELL,I 0471,Interstate,,I471 S,,,39.06885299,-84.46354055,1.966,11/24/2024 0:00,1112,1,1,0,0,O,CLEAR,DRY,0,OTHER COLLISIONS ON SHOULDER,SINGLE VEHICLE,CURVE & LEVEL,DAYLIGHT,0,0,0,1
34077912,CAMPBELL,US0027,USRoute,1711,MONMOUTH,ST,,39.08482557,-84.48585709,21.339,11/24/2024 0:00,1314,2,2,0,0,O,CLEAR,DRY,0,OTHER ROADWAY OR MID-BLOCK COLLISION,REAR TO REAR,STRAIGHT & LEVEL,DAYLIGHT,0,0,0,1
34079641,CAMPBELL,KY0008,StateRoute,,DAVE COWENS,DR,,39.09835006,-84.49246129,1.076,11/24/2024 0:00,1925,2,2,0,0,O,CLEAR,DRY,0,OTHER ROADWAY OR MID-BLOCK COLLISION,OPPOSING LEFT TURN,STRAIGHT & LEVEL,DARK-HWY LIGHTED/ON,0,0,0,1
34084405,CAMPBELL,US0027,USRoute,1709,MONMOUTH,ST,,39.08379736,-84.48372638,21.203,11/25/2024 0:00,1751,2,2,0,0,O,CLEAR,WET,0,SIDESWIPE COLLISION - SAME DIRECTION,SIDESWIPE-SAME DIRECTION,STRAIGHT & LEVEL,DARK-HWY LIGHTED/ON,0,0,0,1
34084409,CAMPBELL,KY0008,StateRoute,,4TH,ST,W,39.08920446,-84.50125036,0.227,11/25/2024 0:00,1950,2,2,0,2,C,CLOUDY,WET,0,1 VEHICLE ENTERING/LEAVING ENTRANCE,ANGLE,CURVE & LEVEL,DARK-HWY LIGHTED/ON,0,0,0,1
34085648,CAMPBELL,I 0471,Interstate,,I471 SB,,,39.06270729,-84.46832438,1.438,11/25/2024 0:00,2100,2,2,0,0,O,RAINING,WATER (STANDING OR MOVING),0,REAR END IN TRAFFIC LANES BOTH VEHICLES MOVING,REAR END,CURVE & GRADE,DARK-HWY LIGHTED/ON,0,0,0,1
34144903,CAMPBELL,KY2238,StateRoute,,UNIVERSITY,DR,,39.03326933,-84.46009847,0.336,11/25/2024 0:00,1800,2,2,0,0,O,RAINING,WET,0,ANGLE COLLISION - OTHER,ANGLE,CURVE & LEVEL,DARK-HWY LIGHTED/ON,0,0,0,1
34083396,CAMPBELL,US0027,USRoute,,MONMOUTH,ST,,39.08407813,-84.48467188,21.255,11/25/2024 0:00,1555,2,2,0,0,O,CLOUDY,DRY,0,OPPOSING LEFT TURN,OPPOSING LEFT TURN,STRAIGHT & HILLCREST,DAYLIGHT,0,0,0,1
34082955,CAMPBELL,,OTHR,,GLORIA TERRELL,DR,,39.00931252,-84.47013709,0.846,11/25/2024 0:00,1045,1,1,0,0,O,CLOUDY,DRY,0,COLLISION WITH FIXED OBJECT NON - INTERSECTION - FIRST EVENT COLLISION 09 - 32 EXCLUDING 16,SINGLE VEHICLE,STRAIGHT & LEVEL,DAYLIGHT,0,0,0,1
34086793,CAMPBELL,US0027,USRoute,,ALEXANDRIA,PIKE,,39.06728586,-84.46569919,19.653,11/26/2024 0:00,743,2,2,0,0,O,CLEAR,DRY,0,OTHER ROADWAY OR MID-BLOCK COLLISION,REAR END,STRAIGHT & LEVEL,DAYLIGHT,0,0,0,1
34110216,CAMPBELL,,OTHR,9257,ROYAL OAK,RD,,38.93792342,-84.40546499,0.475,11/26/2024 0:00,1715,2,2,0,0,O,CLEAR,DRY,1,1 VEHICLE PARKED POSITION (NOT PARKING LOT/DRIVEWAY),BACKING,STRAIGHT & GRADE,DARK-HWY LIGHTED/ON,0,0,0,1
34089116,CAMPBELL,US0027,USRoute,,ALEXANDRIA,PIKE,,39.02529512,-84.44543228,15.769,11/26/2024 0:00,1745,3,3,0,0,O,CLEAR,DRY,1,REAR END - ONE VEHICLE TURNING LEFT,REAR END,STRAIGHT & LEVEL,DARK-HWY LIGHTED/ON,0,0,0,1
34089113,CAMPBELL,US0027,USRoute,,ALEXANDRIA,PIKE,,39.02231802,-84.44046697,15.435,11/26/2024 0:00,909,2,2,0,0,O,CLEAR,DRY,0,REAR END IN TRAFFIC LANES BOTH VEHICLES MOVING,REAR END,STRAIGHT & LEVEL,DAYLIGHT,0,0,0,1
34092481,CAMPBELL,,OTHR,,WRIGHT,CT,,38.96614634,-84.40110008,0.345,11/26/2024 0:00,1355,2,2,0,0,O,CLEAR,DRY,0,1 VEHICLE PARKED POSITION (NOT PARKING LOT/DRIVEWAY),SIDESWIPE-SAME DIRECTION,STRAIGHT & GRADE,DAYLIGHT,0,0,0,1
34090740,CAMPBELL,US0027,USRoute,,ALEXANDRIA,PIKE,,39.0714213,-84.47035229,20.058,11/26/2024 0:00,1454,2,2,0,0,O,CLEAR,DRY,0,1 VEHICLE ENTERING/LEAVING ENTRANCE,ANGLE,STRAIGHT & GRADE,DAYLIGHT,0,0,0,1
34093249,CAMPBELL,,OTHR,1133,ANN,ST,,39.0831106,-84.49097733,0.475,11/27/2024 0:00,1020,2,2,0,0,O,CLOUDY,DRY,1,1 VEHICLE PARKED POSITION (NOT PARKING LOT/DRIVEWAY),BACKING,STRAIGHT & LEVEL,DAYLIGHT,0,0,0,1
34162214,CAMPBELL,,OTHR,247,LAFAYETTE,AVE,,39.10421077,-84.4844835,0.154,11/27/2024 0:00,1150,2,2,0,0,O,CLOUDY,FLOODED,1,1 VEHICLE PARKED POSITION (NOT PARKING LOT/DRIVEWAY),SIDESWIPE-SAME DIRECTION,STRAIGHT & GRADE,UNKNOWN,0,0,0,1
34099994,CAMPBELL,,OTHR,,7TH,ST,W,39.08818705,-84.49689552,0.193,11/27/2024 0:00,1702,2,2,0,0,O,CLEAR,DRY,0,1 VEHICLE PARKED POSITION (NOT PARKING LOT/DRIVEWAY),SIDESWIPE-SAME DIRECTION,STRAIGHT & LEVEL,DAYLIGHT,0,0,0,1
34116421,CAMPBELL,,OTHR,38,WOODLAND,PL,,39.0797132,-84.44995856,0.104,11/27/2024 0:00,1900,2,2,0,0,O,CLEAR,DRY,0,1 VEHICLE PARKED POSITION (NOT PARKING LOT/DRIVEWAY),HEAD ON,STRAIGHT & LEVEL,DARK-HWY NOT LIGHTED,0,0,0,1
34094437,CAMPBELL,I 0471,Interstate,,I471 N,,,39.09911628,-84.49173343,4.738,11/27/2024 0:00,1840,3,3,0,0,O,RAINING,WET,1,REAR END IN TRAFFIC LANES BOTH VEHICLES MOVING,REAR END,STRAIGHT & LEVEL,DARK-HWY LIGHTED/ON,0,0,0,1
34099995,CAMPBELL,KY1120,StateRoute,,MEMORIAL,PKWY,,39.09264375,-84.47848366,1.492,11/27/2024 0:00,1113,2,2,0,0,O,CLOUDY,DRY,0,OPPOSING LEFT TURN,OPPOSING LEFT TURN,STRAIGHT & GRADE,DAYLIGHT,0,0,0,1
34108637,CAMPBELL,KY0709,StateRoute,,ALEXANDRIA,PIKE,E,38.98677751,-84.39689896,0.322,11/27/2024 0:00,1922,1,1,0,0,O,RAINING,WET,0,COLLISION WITH FIXED OBJECT NON - INTERSECTION - FIRST EVENT COLLISION 09 - 32 EXCLUDING 16,SINGLE VEHICLE,CURVE & LEVEL,DARK-HWY LIGHTED/ON,0,0,0,1
34094454,CAMPBELL,KY0536,StateRoute,208,CREEKTRACE,RD,,38.92204887,-84.44150538,0.39,11/27/2024 0:00,2351,1,1,0,0,O,RAINING,WET,0,COLLISION WITH ANIMAL NON INTERSECTION,SINGLE VEHICLE,STRAIGHT & LEVEL,DARK-HWY NOT LIGHTED,0,0,0,1
34094442,CAMPBELL,KY0008,StateRoute,,5TH,ST,E,39.09164442,-84.49565287,0.544,11/28/2024 0:00,220,2,2,0,0,O,RAINING,WET,1,SIDESWIPE-SAME DIRECTION,SIDESWIPE-SAME DIRECTION,STRAIGHT & LEVEL,DARK-HWY LIGHTED/ON,0,0,0,1
34094441,CAMPBELL,,OTHR,,THORNTON,ST,,39.07970117,-84.49671016,0.018,11/28/2024 0:00,15,1,1,0,0,O,RAINING,WET,0,COLLISION WITH FIXED OBJECT IN INTERSECTION - FIRST EVENT COLLISION 09 - 32,SINGLE VEHICLE,STRAIGHT & LEVEL,DARK-HWY LIGHTED/ON,1,0,0,1
34104613,CAMPBELL,KY1996,StateRoute,2010,STEVENS BRANCH,RD,,38.92135752,-84.34619801,0.583,11/28/2024 0:00,2026,2,2,0,0,O,CLEAR,WET,1,SIDESWIPE COLLISION - OPPOSITE DIRECTION,SIDESWIPE-OPPOSITE DIRECTION,CURVE & GRADE,DARK-HWY NOT LIGHTED,0,0,0,1
34108631,CAMPBELL,KY0547,StateRoute,,RILEY,RD,,38.96065119,-84.38490681,0.065,11/29/2024 0:00,2118,2,2,0,0,O,CLEAR,DRY,0,VEHICLE BACKING NON INTERSECTION,BACKING,CURVE & LEVEL,DARK (UNKNOWN ROADWAY LIGHTING),0,0,0,1
34098634,CAMPBELL,KY0010,StateRoute,,FLAGG SPRINGS,PIKE,,38.93172304,-84.34152459,5.52,11/29/2024 0:00,1240,1,1,0,1,B,CLOUDY,DRY,0,OTHER COLLISIONS ON SHOULDER,SINGLE VEHICLE,CURVE & LEVEL,DAYLIGHT,0,0,0,1
34098523,CAMPBELL,KY0009,StateRoute,,LICKING,PIKE,,39.02460045,-84.48060235,17.89,11/29/2024 0:00,1915,2,2,0,0,O,CLOUDY,DRY,0,REAR END IN TRAFFIC LANES BOTH VEHICLES MOVING,REAR END,STRAIGHT & LEVEL,DARK-HWY LIGHTED/ON,0,0,0,1
34121978,CAMPBELL,US0027,USRoute,,ALEXANDRIA,PIKE,,38.93664296,-84.3944411,8.591,11/29/2024 0:00,1042,2,2,1,3,K,CLOUDY,DRY,0,ANGLE COLLISION - OTHER,ANGLE,STRAIGHT & LEVEL,DAYLIGHT,0,0,0,1
34098075,CAMPBELL,,OTHR,,PAVILION,PKWY,,39.09262088,-84.4805634,0.005,11/29/2024 0:00,1318,2,2,0,0,O,CLOUDY,DRY,0,OTHER INTERSECTION COLLISIONS,REAR END,STRAIGHT & LEVEL,DAYLIGHT,1,0,0,1
34098076,CAMPBELL,KY1892,StateRoute,95,CAROTHERS,RD,,39.08641495,-84.47794398,2.19,11/29/2024 0:00,1338,2,2,0,0,O,CLEAR,DRY,1,1 VEHICLE PARKED POSITION (NOT PARKING LOT/DRIVEWAY),SIDESWIPE-OPPOSITE DIRECTION,STRAIGHT & LEVEL,DAYLIGHT,0,0,0,1
34104667,CAMPBELL,,OTHR,,ALEXANDRIA,PIKE,E,38.98697284,-84.39709494,0.021,11/29/2024 0:00,1131,1,1,0,0,O,CLEAR,DRY,0,COLLISION WITH FIXED OBJECT NON - INTERSECTION - FIRST EVENT COLLISION 09 - 32 EXCLUDING 16,SINGLE VEHICLE,STRAIGHT & LEVEL,DAYLIGHT,0,0,0,1
34138586,CAMPBELL,KY0008,StateRoute,6400,MARY INGLES,HWY,,39.0196371,-84.33371935,14.08,11/30/2024 0:00,2249,1,1,0,0,O,CLEAR,WET,0,COLLISION WITH FIXED OBJECT NON - INTERSECTION - FIRST EVENT COLLISION 09 - 32 EXCLUDING 16,SINGLE VEHICLE,STRAIGHT & LEVEL,DARK-HWY NOT LIGHTED,0,0,0,1
34102452,CAMPBELL,,OTHR,,6TH,ST,E,39.09590888,-84.48570394,0.155,11/30/2024 0:00,2320,2,2,0,0,O,CLOUDY,WET,1,OTHER INTERSECTION COLLISIONS,REAR END,STRAIGHT & LEVEL,DARK-HWY LIGHTED/ON,1,0,0,1
34102451,CAMPBELL,,OTHR,,9TH,ST,W,39.08306047,-84.49976033,0.523,11/30/2024 0:00,2345,1,1,0,0,O,CLOUDY,WET,0,COLLISION WITH FIXED OBJECT IN INTERSECTION - FIRST EVENT COLLISION 09 - 32,SINGLE VEHICLE,STRAIGHT & LEVEL,DARK-HWY LIGHTED/ON,1,0,0,1
34106910,CAMPBELL,KY0009,StateRoute,,LICKING,PIKE,,39.02258216,-84.48097824,17.731,11/30/2024 0:00,1303,4,4,0,2,B,CLEAR,DRY,0,REAR END IN TRAFFIC LANES BOTH VEHICLES MOVING,REAR END,STRAIGHT & LEVEL,DAYLIGHT,0,0,0,1
34100148,CAMPBELL,US0027,USRoute,,YORK,ST,,39.08614213,-84.49064224,21.703,11/30/2024 0:00,912,2,2,0,0,O,CLEAR,DRY,0,SIDESWIPE COLLISION - SAME DIRECTION,SIDESWIPE-SAME DIRECTION,STRAIGHT & LEVEL,DAYLIGHT,0,0,0,1
34128413,CAMPBELL,KY1120,StateRoute,16,10TH,ST,E,39.08671002,-84.48979658,0.721,11/30/2024 0:00,2037,2,2,0,1,B,SNOWING,WET,0,1 VEHICLE ENTERING/LEAVING ENTRANCE,ANGLE,STRAIGHT & LEVEL,DARK-HWY LIGHTED/ON,0,0,0,1
34105529,CAMPBELL,US0027,USRoute,1744,MONMOUTH,ST,,39.08181341,-84.48204113,21.035,12/1/2024 0:00,1850,2,2,0,0,O,CLEAR,DRY,0,1 VEHICLE ENTERING/LEAVING ENTRANCE,ANGLE,STRAIGHT & HILLCREST,DARK-HWY LIGHTED/ON,0,0,0,1
34104614,CAMPBELL,KY0915,StateRoute,9742,LICKING,PIKE,,38.93012175,-84.4025721,1.124,12/1/2024 0:00,320,1,1,0,0,O,CLEAR,WET,0,OTHER COLLISIONS ON SHOULDER,SINGLE VEHICLE,STRAIGHT & LEVEL,DARK-HWY NOT LIGHTED,0,0,0,1
34105527,CAMPBELL,,OTHR,,8TH,ST,E,39.0886614,-84.49290712,0.003,12/1/2024 0:00,2330,2,2,0,0,O,CLEAR,DRY,0,ANGLE COLLISION - OTHER,ANGLE,STRAIGHT & LEVEL,DARK-HWY LIGHTED/ON,0,0,0,1
34105525,CAMPBELL,,OTHR,,9TH,ST,W,39.08521337,-84.49588374,0.267,12/1/2024 0:00,1935,2,2,0,0,O,CLOUDY,DRY,0,COLLISION WITH PARKED VEHICLE,SIDESWIPE-SAME DIRECTION,STRAIGHT & LEVEL,DARK-HWY LIGHTED/ON,0,0,0,1
34107694,CAMPBELL,US0027,USRoute,,ALEXANDRIA,PIKE,,39.03138534,-84.45204776,16.333,12/1/2024 0:00,1730,2,2,0,0,O,CLEAR,DRY,0,OTHER INTERSECTION COLLISIONS,REAR END,STRAIGHT & LEVEL,DUSK,1,0,0,1
34164348,CAMPBELL,KY0009,StateRoute,,LICKING,PIKE,,39.02341472,-84.48079774,17.797,12/1/2024 0:00,1736,5,5,0,0,O,CLEAR,DRY,0,OTHER INTERSECTION COLLISIONS,REAR END,STRAIGHT & LEVEL,DARK-HWY LIGHTED/ON,1,0,0,1
34111486,CAMPBELL,KY0009,StateRoute,,AA,HWY,,38.98076939,-84.37445118,10.867,12/1/2024 0:00,1452,3,3,0,2,C,CLEAR,DRY,0,OTHER INTERSECTION COLLISIONS,REAR END,STRAIGHT & GRADE,DAYLIGHT,1,0,0,1
34107293,CAMPBELL,,OTHR,146,CLOVER RIDGE,AVE,,39.09390798,-84.45693231,0.221,12/1/2024 0:00,1844,2,2,0,0,O,CLEAR,DRY,1,1 VEHICLE PARKED POSITION (NOT PARKING LOT/DRIVEWAY),SIDESWIPE-SAME DIRECTION,STRAIGHT & GRADE,DARK-HWY NOT LIGHTED,0,0,0,1
34107644,CAMPBELL,,OTHR,802,ANN,ST,,39.0873899,-84.49487591,0.096,12/1/2024 0:00,1911,3,3,0,0,O,CLEAR,DRY,1,1 VEHICLE PARKED POSITION (NOT PARKING LOT/DRIVEWAY),SIDESWIPE-OPPOSITE DIRECTION,STRAIGHT & LEVEL,DUSK,0,0,0,1
34105526,CAMPBELL,I 0471,Interstate,,I471 S,,,39.09559733,-84.48193413,4.146,12/2/2024 0:00,220,1,1,0,0,O,CLOUDY,DRY,0,OTHER ROADWAY OR MID-BLOCK COLLISION,SINGLE VEHICLE,CURVE & LEVEL,DARK-HWY LIGHTED/ON,0,0,0,1
34117844,CAMPBELL,,OTHR,,LAUREN,LN,,38.92519416,-84.4425201,0.189,12/2/2024 0:00,922,1,1,0,0,O,CLEAR,DRY,1,COLLISION WITH FIXED OBJECT NON - INTERSECTION - FIRST EVENT COLLISION 09 - 32 EXCLUDING 16,SINGLE VEHICLE,STRAIGHT & LEVEL,DAYLIGHT,0,0,0,1
34115717,CAMPBELL,KY0009,StateRoute,,LICKING,PIKE,,39.02320112,-84.48084538,17.78,12/2/2024 0:00,1745,3,3,0,0,O,SNOWING,WET,0,OTHER INTERSECTION COLLISIONS,REAR END,STRAIGHT & LEVEL,DARK-HWY LIGHTED/ON,1,0,0,1
34110272,CAMPBELL,,OTHR,,SARATOGA,ST,,39.09225383,-84.49219136,0.49,12/2/2024 0:00,1812,2,2,0,0,O,CLEAR,DRY,0,ANGLE COLLISION - OTHER,ANGLE,STRAIGHT & LEVEL,DUSK,0,0,0,1
34109538,CAMPBELL,,OTHR,933,SARATOGA,ST,,39.08786184,-84.48810586,0.116,12/2/2024 0:00,835,2,2,0,0,O,CLEAR,DRY,0,1 VEHICLE PARKED POSITION (NOT PARKING LOT/DRIVEWAY),SIDESWIPE-SAME DIRECTION,STRAIGHT & LEVEL,DAYLIGHT,0,0,0,1
34244617,CAMPBELL,,OTHR,14,17TH,ST,,39.08264999,-84.48406118,0.087,12/2/2024 0:00,1700,2,2,0,0,O,CLEAR,FLOODED,1,1 VEHICLE PARKED POSITION (NOT PARKING LOT/DRIVEWAY),BACKING,STRAIGHT & LEVEL,DAYLIGHT,0,0,0,1
34133251,CAMPBELL,US0027,USRoute,,ALEXANDRIA,PIKE,,39.03767459,-84.45182801,16.853,12/2/2024 0:00,1857,2,2,0,0,O,SNOWING,WET,0,REAR END IN TRAFFIC LANES BOTH VEHICLES MOVING,REAR END,CURVE & LEVEL,DARK-HWY LIGHTED/ON,0,0,0,1
34107535,CAMPBELL,I 0471,Interstate,,I471 N,,,39.09694134,-84.4838152,4.278,12/2/2024 0:00,648,2,2,0,0,O,CLEAR,DRY,0,REAR END IN TRAFFIC LANES BOTH VEHICLES MOVING,REAR END,STRAIGHT & LEVEL,DARK-HWY LIGHTED/ON,0,0,0,1
34111313,CAMPBELL,US0027,USRoute,2425,ALEXANDRIA,PIKE,,39.07343237,-84.47231748,20.232,12/2/2024 0:00,1405,2,2,0,1,C,CLEAR,DRY,0,REAR END IN TRAFFIC LANES BOTH VEHICLES MOVING,REAR END,STRAIGHT & GRADE,DAYLIGHT,0,0,0,1
34112792,CAMPBELL,KY0010,StateRoute,,MAIN,ST,E,38.95790832,-84.3806667,2.091,12/2/2024 0:00,1738,2,2,0,0,O,SNOWING,WET,0,HEAD-ON COLLISION,HEAD ON,STRAIGHT & GRADE,DARK-HWY NOT LIGHTED,0,0,0,1
34107416,CAMPBELL,KY1120,StateRoute,1437,FT THOMAS,AVE,S,39.06086956,-84.45029427,5.678,12/2/2024 0:00,808,2,2,0,0,O,CLEAR,DRY,0,1 VEHICLE ENTERING/LEAVING ENTRANCE,ANGLE,STRAIGHT & LEVEL,DAYLIGHT,0,0,0,1
34116422,CAMPBELL,KY1120,StateRoute,,FT THOMAS,AVE,N,39.080054,-84.448663,4.11,12/2/2024 0:00,1810,2,2,0,0,O,CLEAR,DRY,0,SIDESWIPE COLLISION - SAME DIRECTION,SIDESWIPE-SAME DIRECTION,STRAIGHT & LEVEL,DARK-HWY LIGHTED/ON,0,0,0,1
34121111,CAMPBELL,,OTHR,5470,DODSWORTH,LN,,39.02362742,-84.42156036,0.476,12/3/2024 0:00,1830,2,2,0,0,O,CLEAR,DRY,1,1 VEHICLE PARKED POSITION (NOT PARKING LOT/DRIVEWAY),BACKING,CURVE & LEVEL,DUSK,0,0,0,1
34154708,CAMPBELL,US0027,USRoute,,ALEXANDRIA,PIKE,,38.90326457,-84.38384501,6.209,12/3/2024 0:00,700,2,2,0,0,O,CLEAR,DRY,0,ANGLE COLLISION - OTHER,ANGLE,STRAIGHT & LEVEL,DAWN,0,0,0,1
34113659,CAMPBELL,KY1997,StateRoute,,STONEHOUSE,RD,,38.95298037,-84.33728969,0.865,12/3/2024 0:00,700,2,2,0,0,O,CLEAR,DRY,0,ANGLE COLLISION - OTHER,ANGLE,STRAIGHT & GRADE,DARK-HWY LIGHTED/ON,0,0,0,1
34122322,CAMPBELL,KY0009,StateRoute,,AA,HWY,,38.98865821,-84.39492922,12.117,12/3/2024 0:00,543,2,2,0,0,O,CLEAR,DRY,0,OTHER INTERSECTION COLLISIONS,REAR END,STRAIGHT & LEVEL,DARK-HWY NOT LIGHTED,1,0,0,1
34116135,CAMPBELL,KY0009,StateRoute,,AA,HWY,,39.00199232,-84.42555766,14.128,12/3/2024 0:00,1817,2,2,0,0,O,CLEAR,DRY,0,SIDESWIPE-SAME DIRECTION,SIDESWIPE-SAME DIRECTION,STRAIGHT & LEVEL,DARK-HWY LIGHTED/ON,0,0,0,1
34111916,CAMPBELL,KY1120,StateRoute,,MEMORIAL,PKWY,,39.09281398,-84.4790507,1.467,12/3/2024 0:00,735,2,2,0,0,O,CLEAR,DRY,0,OPPOSING LEFT TURN,OPPOSING LEFT TURN,STRAIGHT & LEVEL,DAYLIGHT,0,0,0,1
34116430,CAMPBELL,KY1892,StateRoute,85,GRAND,AVE,N,39.07995434,-84.46697111,1.262,12/3/2024 0:00,1003,1,1,0,0,O,CLEAR,DRY,0,COLLISION WITH FIXED OBJECT NON - INTERSECTION - FIRST EVENT COLLISION 09 - 32 EXCLUDING 16,SINGLE VEHICLE,STRAIGHT & GRADE,DAYLIGHT,0,0,0,1
34116425,CAMPBELL,,OTHR,,HIGHLAND,AVE,,39.07518527,-84.45720899,0.847,12/3/2024 0:00,646,1,1,0,0,O,CLOUDY,DRY,0,COLLISION WITH ANIMAL NON INTERSECTION,SINGLE VEHICLE,STRAIGHT & LEVEL,DARK-HWY LIGHTED/ON,0,0,0,1
34115545,CAMPBELL,KY0915,StateRoute,8190,LICKING,PIKE,,38.97341813,-84.4258904,4.961,12/3/2024 0:00,625,1,1,0,0,O,CLOUDY,DRY,0,OTHER ROADWAY OR MID-BLOCK COLLISION,SINGLE VEHICLE,CURVE & GRADE,DARK-HWY LIGHTED/ON,0,0,0,1
34119262,CAMPBELL,US0027,USRoute,,,,,39.00067736,-84.42059301,0.017,12/4/2024 0:00,825,2,2,0,0,O,CLOUDY,DRY,0,OTHER RAMP RELATED COLLISIONS NOT LISTED ABOVE,REAR END,STRAIGHT & LEVEL,DAYLIGHT,0,0,0,1
34121977,CAMPBELL,KY0008,StateRoute,,MARY INGLES,HWY,,38.97345235,-84.30345051,17.776,12/4/2024 0:00,1028,2,2,0,0,O,CLOUDY,DRY,0,ANGLE COLLISION - OTHER,ANGLE,STRAIGHT & LEVEL,DAYLIGHT,0,0,0,1
34117630,CAMPBELL,I 0471,Interstate,,I471 N,,,39.09814912,-84.48840346,4.541,12/4/2024 0:00,826,2,2,0,0,O,CLEAR,DRY,0,REAR END IN TRAFFIC LANES BOTH VEHICLES MOVING,REAR END,STRAIGHT & LEVEL,DAYLIGHT,0,0,0,1
34117631,CAMPBELL,I 0471,Interstate,,I471 N,,,39.07862798,-84.4702523,2.766,12/4/2024 0:00,646,2,2,0,0,O,CLEAR,DRY,0,REAR END IN TRAFFIC LANES BOTH VEHICLES MOVING,REAR END,STRAIGHT & LEVEL,DAWN,0,0,0,1
34170717,CAMPBELL,US0027,USRoute,,3RD,ST,E,39.09344547,-84.49705419,22.256,12/4/2024 0:00,1533,2,2,0,0,O,CLOUDY,DRY,0,1 VEHICLE ENTERING/LEAVING ENTRANCE,ANGLE,STRAIGHT & LEVEL,DAYLIGHT,0,0,0,1
34118347,CAMPBELL,I 0471,Interstate,4.3,I471 N,,,39.09890025,-84.49111048,4.66,12/4/2024 0:00,845,2,2,0,0,O,CLEAR,DRY,0,OTHER ROADWAY OR MID-BLOCK COLLISION,REAR END,STRAIGHT & LEVEL,DAYLIGHT,0,0,0,1
34122321,CAMPBELL,US0027,USRoute,7901,ALEXANDRIA,PIKE,,38.97001206,-84.3927542,10.907,12/4/2024 0:00,1453,2,2,0,0,O,CLEAR,DRY,0,VEHICLE BACKING NON INTERSECTION,BACKING,STRAIGHT & LEVEL,DAYLIGHT,0,0,0,1
34123150,CAMPBELL,,OTHR,208,13TH,ST,W,39.0806752,-84.49118697,0.359,12/5/2024 0:00,1510,2,2,0,0,O,CLEAR,DRY,0,1 VEHICLE PARKED POSITION (NOT PARKING LOT/DRIVEWAY),BACKING,STRAIGHT & LEVEL,DAYLIGHT,0,0,0,1
34122618,CAMPBELL,KY1120,StateRoute,223,FT THOMAS,AVE,N,39.08197055,-84.45047263,3.957,12/5/2024 0:00,734,3,3,0,1,B,CLEAR,DRY,0,1 VEHICLE PARKED POSITION (NOT PARKING LOT/DRIVEWAY),SIDESWIPE-OPPOSITE DIRECTION,CURVE & LEVEL,DAYLIGHT,0,0,0,1
34123137,CAMPBELL,,OTHR,28,LAYCOCK,LN,,39.07958676,-84.47243524,0.125,12/5/2024 0:00,1118,3,3,0,1,B,CLEAR,DRY,0,1 VEHICLE PARKED POSITION (NOT PARKING LOT/DRIVEWAY),ANGLE,STRAIGHT & LEVEL,DAYLIGHT,0,0,0,1
34133257,CAMPBELL,US0027,USRoute,,ALEXANDRIA,PIKE,,39.03151478,-84.45208744,16.325,12/5/2024 0:00,1713,2,2,0,0,O,CLEAR,DRY,0,OTHER INTERSECTION COLLISIONS,REAR END,STRAIGHT & LEVEL,DARK-HWY LIGHTED/ON,1,0,0,1
34125963,CAMPBELL,US0027,USRoute,,ALEXANDRIA,PIKE,,39.06521491,-84.46418903,19.484,12/5/2024 0:00,1621,2,2,0,0,O,CLEAR,DRY,1,ANGLE COLLISION - OTHER,ANGLE,STRAIGHT & LEVEL,DAYLIGHT,0,0,0,1
34133261,CAMPBELL,KY0471,StateRoute,,KY471,,S,39.03793535,-84.45404756,0.063,12/5/2024 0:00,1345,2,2,0,0,O,CLEAR,DRY,0,OTHER ROADWAY OR MID-BLOCK COLLISION,REAR END,STRAIGHT & LEVEL,DAYLIGHT,0,0,0,1
34127928,CAMPBELL,,OTHR,300,DAVE COWENS,DR,,39.09691417,-84.49414258,0.006,12/5/2024 0:00,2015,2,2,0,0,O,CLEAR,DRY,1,OTHER ROADWAY OR MID-BLOCK COLLISION,REAR END,STRAIGHT & LEVEL,DARK-HWY LIGHTED/ON,0,0,0,1