IncidentID,County,RdwyNumber,RdwyType,Street,RoadwayName,StreetSfx,StreetDir,Latitude,Longitude,Milepoint,CollisionDate,CollisionTime,UnitsInvolved,MotorVehiclesInvolved,NumberKilled,NumberInjured,KABCO,Weather,RdwyConditionCode,HitandRun,DirAnalysisCode,MannerofCollision,RdwyCharacter,LightCondition,Intersection Crash,Bicyclist,Pedestrian,Motor Vehicles
34135968,CAMPBELL,I 0471,Interstate,,I471 NB,,,39.05386337,-84.46954325,0.828,12/6/2024 0:00,1300,1,1,0,0,O,CLEAR,DRY,0,OTHER ROADWAY OR MID-BLOCK COLLISION,SINGLE VEHICLE,STRAIGHT & LEVEL,DAYLIGHT,0,0,0,1
34129905,CAMPBELL,,OTHR,,CLAY RIDGE,RD,,38.85743128,-84.39945614,0.494,12/6/2024 0:00,1816,1,1,0,0,O,CLEAR,DRY,0,COLLISION WITH ANIMAL NON INTERSECTION,SINGLE VEHICLE,STRAIGHT & LEVEL,DARK-HWY NOT LIGHTED,0,0,0,1
34142546,CAMPBELL,KY0008,StateRoute,,DAVE COWENS,DR,,39.09819243,-84.49266115,1.051,12/6/2024 0:00,1726,2,2,0,0,O,CLEAR,DRY,1,SIDESWIPE COLLISION - SAME DIRECTION,SIDESWIPE-SAME DIRECTION,STRAIGHT & LEVEL,DARK-HWY LIGHTED/ON,0,0,0,1
34126917,CAMPBELL,,OTHR,918,SARATOGA,ST,,39.08865668,-84.48882112,0.182,12/6/2024 0:00,1232,2,2,0,0,O,CLEAR,DRY,0,1 VEHICLE PARKED POSITION (NOT PARKING LOT/DRIVEWAY),SIDESWIPE-SAME DIRECTION,STRAIGHT & LEVEL,DAYLIGHT,0,0,0,1
34132947,CAMPBELL,KY1998,StateRoute,,INDUSTRIAL,RD,,39.03181844,-84.44038609,2.325,12/6/2024 0:00,1528,2,2,0,0,O,CLEAR,DRY,0,REAR END IN TRAFFIC LANES BOTH VEHICLES MOVING,REAR END,CURVE & GRADE,DAYLIGHT,0,0,0,1
34132946,CAMPBELL,US0027,USRoute,,ALEXANDRIA,PIKE,,39.00085337,-84.4206648,13.635,12/7/2024 0:00,1333,2,2,0,0,O,CLEAR,DRY,0,1 VEHICLE ENTERING/LEAVING ENTRANCE,ANGLE,STRAIGHT & LEVEL,DAYLIGHT,0,0,0,1
34147988,CAMPBELL,,OTHR,,IVY,RDG,,39.00542975,-84.44402894,0.065,12/7/2024 0:00,1458,2,2,0,0,O,CLOUDY,DRY,0,SIDESWIPE COLLISION - OPPOSITE DIRECTION,SIDESWIPE-OPPOSITE DIRECTION,CURVE & HILLCREST,DAYLIGHT,0,0,0,1
34152794,CAMPBELL,KY0008X,StateRoute,101,6TH,AVE,,39.10928034,-84.47974665,1.517,12/7/2024 0:00,2108,2,2,0,0,O,CLEAR,DRY,0,1 VEHICLE PARKED POSITION (NOT PARKING LOT/DRIVEWAY),SIDESWIPE-SAME DIRECTION,STRAIGHT & LEVEL,DARK-HWY LIGHTED/ON,0,0,0,1
34133087,CAMPBELL,US0027,USRoute,,ALEXANDRIA,PIKE,,38.89250536,-84.38560829,5.453,12/7/2024 0:00,2149,1,1,0,0,O,CLEAR,DRY,0,COLLISION WITH ANIMAL NON INTERSECTION,SINGLE VEHICLE,STRAIGHT & LEVEL,DARK-HWY NOT LIGHTED,0,0,0,1
34137246,CAMPBELL,US0027,USRoute,,ALEXANDRIA,PIKE,,38.97344837,-84.39222346,11.151,12/7/2024 0:00,1237,2,2,0,0,O,CLEAR,DRY,0,OTHER INTERSECTION COLLISIONS,REAR END,STRAIGHT & LEVEL,DAYLIGHT,1,0,0,1
34154309,CAMPBELL,US0027,USRoute,,,,,39.00331788,-84.42328371,0.562,12/7/2024 0:00,1020,2,2,0,0,O,CLEAR,DRY,0,OTHER RAMP RELATED COLLISIONS NOT LISTED ABOVE,REAR END,STRAIGHT & LEVEL,DAYLIGHT,0,0,0,1
34136615,CAMPBELL,,OTHR,1149,WATERWORKS,RD,,39.0933312,-84.47284573,0.231,12/8/2024 0:00,1215,2,2,0,0,O,CLEAR,DRY,1,1 VEHICLE PARKED POSITION (NOT PARKING LOT/DRIVEWAY),SIDESWIPE-SAME DIRECTION,STRAIGHT & LEVEL,DAYLIGHT,0,0,0,1
34134106,CAMPBELL,US0027,USRoute,821,YORK,ST,,39.08841294,-84.49265863,21.926,12/8/2024 0:00,1106,3,3,0,0,O,CLEAR,DRY,0,1 VEHICLE PARKED POSITION (NOT PARKING LOT/DRIVEWAY),SIDESWIPE-SAME DIRECTION,STRAIGHT & LEVEL,DAYLIGHT,0,0,0,1
34132485,CAMPBELL,US0027,USRoute,2606,ALEXANDRIA,PIKE,,39.07084359,-84.46987789,20.011,12/8/2024 0:00,1001,2,2,0,1,C,CLEAR,DRY,0,1 VEHICLE ENTERING/LEAVING ENTRANCE,ANGLE,STRAIGHT & HILLCREST,DAYLIGHT,0,0,0,1
34136617,CAMPBELL,KY1892,StateRoute,,CAROTHERS,RD,,39.08635252,-84.47836731,2.213,12/8/2024 0:00,1358,3,3,0,0,O,CLEAR,DRY,0,OTHER ROADWAY OR MID-BLOCK COLLISION,REAR END,STRAIGHT & LEVEL,DAYLIGHT,0,0,0,1
34133091,CAMPBELL,,OTHR,6714,SHADOWLAWN,DR,,38.99741992,-84.3757842,0.245,12/8/2024 0:00,1551,1,1,0,0,O,CLEAR,MUD-DIRT,0,OTHER ROADWAY OR MID-BLOCK COLLISION,SINGLE VEHICLE,STRAIGHT & HILLCREST,DAYLIGHT,0,0,0,1
34140749,CAMPBELL,,OTHR,95,MIAMI,PKWY,,39.09306,-84.44195167,0.282,12/9/2024 0:00,1533,2,2,0,0,O,CLOUDY,DRY,0,VEHICLE BACKING NON INTERSECTION,BACKING,STRAIGHT & GRADE,DAYLIGHT,0,0,0,1
34137701,CAMPBELL,,OTHR,100,DODD,DR,,39.11110987,-84.48185993,0.034,12/9/2024 0:00,1105,1,1,0,1,A,CLOUDY,WATER (STANDING OR MOVING),0,OTHER ROADWAY OR MID-BLOCK COLLISION,SINGLE VEHICLE,STRAIGHT & LEVEL,DAYLIGHT,0,0,0,1
34137940,CAMPBELL,KY2925,StateRoute,,ALEXANDRIA,PIKE,E,39.00825404,-84.40970777,0.811,12/9/2024 0:00,1143,2,2,0,0,O,CLOUDY,DRY,0,1 VEHICLE ENTERING/LEAVING ENTRANCE,ANGLE,CURVE & LEVEL,DAYLIGHT,0,0,0,1
34137031,CAMPBELL,,OTHR,,8TH,ST,E,39.09067988,-84.48917374,0.247,12/9/2024 0:00,1449,2,2,0,0,O,CLOUDY,DRY,0,1 VEHICLE PARKED POSITION (NOT PARKING LOT/DRIVEWAY),SIDESWIPE-OPPOSITE DIRECTION,STRAIGHT & LEVEL,DAYLIGHT,0,0,0,1
34141859,CAMPBELL,KY0154,StateRoute,,PEACH GROVE,RD,,38.85104586,-84.36991299,0.787,12/9/2024 0:00,1823,1,1,0,0,O,CLOUDY,DRY,0,COLLISION WITH ANIMAL NON INTERSECTION,SINGLE VEHICLE,STRAIGHT & LEVEL,DARK-HWY NOT LIGHTED,0,0,0,1
34137941,CAMPBELL,KY0009,StateRoute,,AA,HWY,,39.00213978,-84.42901322,14.321,12/9/2024 0:00,143,1,1,0,0,O,RAINING,WET,0,COLLISION WITH FIXED OBJECT NON - INTERSECTION - FIRST EVENT COLLISION 09 - 32 EXCLUDING 16,SINGLE VEHICLE,STRAIGHT & LEVEL,DARK-HWY LIGHTED/ON,0,0,0,1
34134782,CAMPBELL,KY0009,StateRoute,,AA,HWY,,39.0142206,-84.47622814,17.048,12/9/2024 0:00,644,2,2,0,0,O,RAINING,WET,0,OTHER INTERSECTION COLLISIONS,REAR END,STRAIGHT & LEVEL,DARK-HWY LIGHTED/ON,1,0,0,1
34137938,CAMPBELL,KY0009,StateRoute,,AA,HWY,,39.00827169,-84.46148041,16.12,12/9/2024 0:00,801,2,2,0,0,O,RAINING,WET,0,OTHER INTERSECTION COLLISIONS,REAR END,STRAIGHT & GRADE,DAWN,1,0,0,1
34144617,CAMPBELL,I 0471,Interstate,,I471 N,,,39.07457217,-84.46638571,2.408,12/10/2024 0:00,741,2,2,0,0,O,RAINING,WET,0,OTHER ROADWAY OR MID-BLOCK COLLISION,REAR END,STRAIGHT & LEVEL,DAWN,0,0,0,1
34177311,CAMPBELL,I 0275,Interstate,,,,,39.04802529,-84.45347067,0.03,12/10/2024 0:00,2141,2,2,0,0,O,CLEAR,DRY,0,OTHER RAMP RELATED COLLISIONS NOT LISTED ABOVE,SIDESWIPE-SAME DIRECTION,STRAIGHT & GRADE,DARK-HWY LIGHTED/ON,0,0,0,1
34144117,CAMPBELL,US0027,USRoute,,3RD,ST,E,39.0941129,-84.49582891,22.193,12/10/2024 0:00,1955,2,2,0,0,O,CLEAR,WET,0,OTHER INTERSECTION COLLISIONS,REAR END,STRAIGHT & LEVEL,DARK-HWY LIGHTED/ON,1,0,0,1
34145293,CAMPBELL,,OTHR,,RETREAT,ST,,39.10057267,-84.48076993,0.182,12/10/2024 0:00,2204,2,2,0,0,O,CLEAR,DRY,0,COLLISION WITH PARKED VEHICLE,SIDESWIPE-OPPOSITE DIRECTION,STRAIGHT & LEVEL,DARK-HWY LIGHTED/ON,0,0,0,1
34142545,CAMPBELL,US0027,USRoute,,MONMOUTH,ST,,39.08384691,-84.4838296,21.209,12/10/2024 0:00,1253,2,2,0,0,O,RAINING,WET,0,ANGLE COLLISION - ONE VEHICLE TURNING RIGHT,ANGLE,STRAIGHT & GRADE,DAYLIGHT,0,0,0,1
34144121,CAMPBELL,US0027,USRoute,,MONMOUTH,ST,,39.0821475,-84.48216489,21.058,12/10/2024 0:00,1830,2,2,0,0,O,CLEAR,DRY,0,ANGLE COLLISION - ONE VEHICLE TURNING RIGHT,ANGLE,STRAIGHT & GRADE,DARK-HWY LIGHTED/ON,0,0,0,1
34145362,CAMPBELL,KY1121,StateRoute,,PERSIMMON GROVE,PIKE,,38.95290477,-84.37935363,9.666,12/10/2024 0:00,2016,1,1,0,0,O,CLOUDY,WET,0,COLLISION WITH FIXED OBJECT NON - INTERSECTION - FIRST EVENT COLLISION 09 - 32 EXCLUDING 16,SINGLE VEHICLE,STRAIGHT & GRADE,DARK-HWY NOT LIGHTED,0,0,0,1
34144641,CAMPBELL,I 0275,Interstate,,I275 E,,,39.05156158,-84.44433781,74.031,12/10/2024 0:00,1600,1,1,0,0,O,CLOUDY,DRY,0,COLLISION WITH ANIMAL NON INTERSECTION,SINGLE VEHICLE,STRAIGHT & LEVEL,DAYLIGHT,0,0,0,1
34146977,CAMPBELL,,OTHR,22,7TH,ST,E,39.09017238,-84.49262733,0.578,12/10/2024 0:00,1055,2,2,0,0,O,RAINING,WET,0,1 VEHICLE PARKED POSITION (NOT PARKING LOT/DRIVEWAY),ANGLE,STRAIGHT & LEVEL,DAYLIGHT,0,0,0,1
34164431,CAMPBELL,KY2238,StateRoute,,THREE MILE,RD,,39.04397154,-84.4680921,1.211,12/10/2024 0:00,1444,2,2,0,0,O,RAINING,WET,0,REAR END IN TRAFFIC LANES BOTH VEHICLES MOVING,REAR END,STRAIGHT & LEVEL,DAYLIGHT,0,0,0,1
34140785,CAMPBELL,KY1120,StateRoute,,FT THOMAS,AVE,S,39.06330534,-84.44812244,5.467,12/10/2024 0:00,948,2,2,0,0,O,CLOUDY,WET,0,SIDESWIPE COLLISION - SAME DIRECTION,SIDESWIPE-SAME DIRECTION,CURVE & LEVEL,DAYLIGHT,0,0,0,1
34158641,CAMPBELL,KY0008,StateRoute,100,3RD,ST,E,39.09480558,-84.49460505,0.715,12/10/2024 0:00,1730,2,2,0,0,O,CLEAR,DRY,0,OTHER ROADWAY OR MID-BLOCK COLLISION,REAR END,STRAIGHT & LEVEL,DAYLIGHT,0,0,0,1
34199511,CAMPBELL,I 0275,Interstate,,I275 W,,,39.05411244,-84.4380103,73.647,12/11/2024 0:00,1300,2,2,0,3,B,CLOUDY,DRY,0,REAR END IN TRAFFIC LANES BOTH VEHICLES MOVING,REAR END,STRAIGHT & LEVEL,DAYLIGHT,0,0,0,1
34148460,CAMPBELL,KY1120,StateRoute,,11TH,ST,W,39.08118329,-84.49660512,0.241,12/11/2024 0:00,2015,2,2,0,0,O,CLOUDY,WET,0,REAR END IN TRAFFIC LANES BOTH VEHICLES MOVING,REAR END,STRAIGHT & GRADE,DARK-HWY LIGHTED/ON,0,0,0,1
34201225,CAMPBELL,KY0009,StateRoute,,AA,HWY,,38.9849616,-84.38875936,11.698,12/11/2024 0:00,902,1,1,0,0,O,SNOWING,WET,0,COLLISION WITH FIXED OBJECT IN INTERSECTION - FIRST EVENT COLLISION 09 - 32,SINGLE VEHICLE,STRAIGHT & LEVEL,DAYLIGHT,1,0,0,1
34189101,CAMPBELL,,OTHR,,CONSTABLE,DR,,38.95208421,-84.39334645,0.714,12/11/2024 0:00,756,1,1,0,0,O,SNOWING,SNOW/SLUSH,0,COLLISION WITH ANIMAL IN INTERSECTION,SINGLE VEHICLE,STRAIGHT & LEVEL,DAYLIGHT,1,0,0,1
34153825,CAMPBELL,KY0010,StateRoute,,FLAGG SPRINGS,PIKE,,38.90373243,-84.28870077,9.754,12/11/2024 0:00,1625,2,2,0,0,O,CLOUDY,DRY,1,ANGLE COLLISION - OTHER,ANGLE,STRAIGHT & LEVEL,DAYLIGHT,0,0,0,1
34165720,CAMPBELL,US0027,USRoute,,ALEXANDRIA,PIKE,,38.98569834,-84.40299605,12.239,12/11/2024 0:00,1638,2,2,0,0,O,CLEAR,DRY,0,OTHER INTERSECTION COLLISIONS,REAR END,STRAIGHT & GRADE,DAYLIGHT,1,0,0,1
34153818,CAMPBELL,KY1998,StateRoute,,INDUSTRIAL,RD,,39.04382485,-84.42060131,3.92,12/12/2024 0:00,1110,1,1,0,0,O,CLOUDY,DRY,0,OTHER ROADWAY OR MID-BLOCK COLLISION,SINGLE VEHICLE,STRAIGHT & GRADE,DAYLIGHT,0,0,0,1
34154308,CAMPBELL,US0027,USRoute,,ALEXANDRIA,PIKE,,39.00429664,-84.42462182,13.94,12/12/2024 0:00,1805,2,2,0,0,O,CLOUDY,DRY,0,OTHER ROADWAY OR MID-BLOCK COLLISION,REAR END,STRAIGHT & LEVEL,DARK-HWY LIGHTED/ON,0,0,0,1
34153773,CAMPBELL,KY1632,StateRoute,,MOOCK,RD,,39.06834082,-84.46686899,1.657,12/12/2024 0:00,1818,2,2,0,0,O,CLEAR,DRY,0,OTHER INTERSECTION COLLISIONS,REAR END,CURVE & LEVEL,DARK-HWY LIGHTED/ON,1,0,0,1
34165724,CAMPBELL,,OTHR,,BROOKWOOD,DR,,38.95157883,-84.37060649,0.045,12/12/2024 0:00,2148,1,1,0,1,B,CLEAR,DRY,0,NON-COLLISION OBJECT COLLISION,SINGLE VEHICLE,STRAIGHT & GRADE,DARK (UNKNOWN ROADWAY LIGHTING),0,0,0,1
34165127,CAMPBELL,KY2345,StateRoute,,JOHNS HILL,RD,,39.03139082,-84.47276856,1.419,12/12/2024 0:00,1808,1,1,0,0,O,CLOUDY,DRY,0,COLLISION WITH ANIMAL NON INTERSECTION,SINGLE VEHICLE,STRAIGHT & GRADE,DARK-HWY LIGHTED/OFF,0,0,0,1
34172336,CAMPBELL,KY2924,StateRoute,,TOLLGATE,RD,N,38.97191395,-84.4118047,,12/12/2024 0:00,813,1,1,0,0,O,CLEAR,DRY,0,COLLISION WITH FIXED OBJECT NON - INTERSECTION - FIRST EVENT COLLISION 09 - 32 EXCLUDING 16,SINGLE VEHICLE,CURVE & LEVEL,DARK-HWY NOT LIGHTED,0,0,0,1
34150804,CAMPBELL,,OTHR,161,MAIN,ST,,39.07965143,-84.48825329,0.306,12/12/2024 0:00,1300,2,2,0,0,O,CLEAR,DRY,0,SIDESWIPE COLLISION - SAME DIRECTION,SIDESWIPE-SAME DIRECTION,STRAIGHT & GRADE,DAYLIGHT,0,0,0,1
34150825,CAMPBELL,US0027,USRoute,300,YORK,ST,,39.09318889,-84.49707294,22.297,12/12/2024 0:00,644,2,2,0,0,O,CLEAR,DRY,0,1 VEHICLE ENTERING/LEAVING ENTRANCE,ANGLE,CURVE & LEVEL,DARK-HWY LIGHTED/ON,0,0,0,1
34154504,CAMPBELL,KY0008,StateRoute,,DAVE COWENS,DR,,39.10088687,-84.48968737,1.355,12/12/2024 0:00,1243,2,2,0,0,O,CLEAR,DRY,0,1 VEHICLE ENTERING/LEAVING ENTRANCE,ANGLE,STRAIGHT & LEVEL,DAYLIGHT,0,0,0,1
34164495,CAMPBELL,I 0275,Interstate,,I275 E,,,39.02258384,-84.48899058,77.56,12/13/2024 0:00,1609,2,2,0,0,O,CLEAR,DRY,0,1 VEHICLE ENTERING/LEAVING ENTRANCE,ANGLE,STRAIGHT & LEVEL,DAYLIGHT,0,0,0,1
34162540,CAMPBELL,KY0009,StateRoute,,AA,HWY,,39.00462979,-84.44355945,15.123,12/13/2024 0:00,1823,2,2,0,1,B,CLEAR,DRY,0,1 VEHICLE ENTERING/LEAVING ENTRANCE,ANGLE,STRAIGHT & LEVEL,DARK-HWY NOT LIGHTED,0,0,0,1
34170710,CAMPBELL,KY1892,StateRoute,,GRAND,AVE,N,39.08037744,-84.46734671,1.428,12/13/2024 0:00,758,2,2,0,0,O,CLEAR,DRY,0,REAR END IN TRAFFIC LANES BOTH VEHICLES MOVING,REAR END,STRAIGHT & GRADE,DAYLIGHT,0,0,0,1
34164986,CAMPBELL,KY1120,StateRoute,,FT THOMAS,AVE,S,39.06057998,-84.45057733,5.702,12/13/2024 0:00,2145,1,1,0,0,O,CLOUDY,DRY,0,COLLISION WITH ANIMAL NON INTERSECTION,SINGLE VEHICLE,STRAIGHT & LEVEL,DARK-HWY LIGHTED/ON,0,0,0,1
34172337,CAMPBELL,US0027,USRoute,,ALEXANDRIA,PIKE,,38.88860629,-84.38621659,5.182,12/13/2024 0:00,839,1,1,0,0,O,CLEAR,DRY,0,COLLISION WITH ANIMAL NON INTERSECTION,SINGLE VEHICLE,STRAIGHT & LEVEL,DAYLIGHT,0,0,0,1
34163216,CAMPBELL,US0027,USRoute,,ALEXANDRIA,PIKE,,38.94040931,-84.39407457,8.852,12/13/2024 0:00,715,1,1,0,0,O,CLEAR,DRY,0,OTHER INTERSECTION COLLISIONS,SINGLE VEHICLE,STRAIGHT & LEVEL,DARK-HWY NOT LIGHTED,1,0,0,1
34173976,CAMPBELL,KY0008,StateRoute,,FAIRFIELD,AVE,,39.1018032,-84.48867003,1.447,12/14/2024 0:00,1930,2,1,0,1,A,RAINING,WET,0,COLLISION WITH PEDESTRIAN IN INTERSECTION,SINGLE VEHICLE,STRAIGHT & LEVEL,DARK-HWY LIGHTED/ON,1,0,1,0
34162356,CAMPBELL,KY0008,StateRoute,,MARY INGLES,HWY,,39.03261015,-84.37864229,11.468,12/14/2024 0:00,1736,1,1,0,0,O,CLOUDY,DRY,0,COLLISION WITH ANIMAL NON INTERSECTION,SINGLE VEHICLE,STRAIGHT & LEVEL,DARK-HWY NOT LIGHTED,0,0,0,1
34172334,CAMPBELL,US0027,USRoute,,ALEXANDRIA,PIKE,,38.89342782,-84.38540805,5.517,12/14/2024 0:00,715,1,1,0,0,O,CLOUDY,DRY,0,COLLISION WITH ANIMAL NON INTERSECTION,SINGLE VEHICLE,STRAIGHT & LEVEL,DARK-HWY NOT LIGHTED,0,0,0,1
34161214,CAMPBELL,,OTHR,900,6TH,ST,E,39.09620644,-84.48326272,,12/14/2024 0:00,1700,1,1,0,0,O,CLOUDY,DRY,0,OTHER COLLISIONS ON SHOULDER,SINGLE VEHICLE,STRAIGHT & LEVEL,DAYLIGHT,0,0,0,1
34164989,CAMPBELL,KY1120,StateRoute,1113,FT THOMAS,AVE,S,39.0640798,-84.44769306,5.381,12/14/2024 0:00,1730,3,3,0,0,O,CLEAR,WET,0,1 VEHICLE PARKED POSITION (NOT PARKING LOT/DRIVEWAY),REAR END,STRAIGHT & LEVEL,DARK-HWY LIGHTED/ON,0,0,0,1
34158930,CAMPBELL,,OTHR,,6TH,ST,E,39.09158908,-84.49338959,0.667,12/14/2024 0:00,1316,2,2,0,0,O,CLEAR,DRY,0,SIDESWIPE COLLISION - SAME DIRECTION,SIDESWIPE-SAME DIRECTION,STRAIGHT & LEVEL,DAYLIGHT,0,0,0,1
34161535,CAMPBELL,,OTHR,,16TH,ST,,39.08376593,-84.48392367,0.25,12/14/2024 0:00,1743,2,2,0,0,O,RAINING,WET,0,OTHER ROADWAY OR MID-BLOCK COLLISION,REAR END,STRAIGHT & GRADE,DARK-HWY LIGHTED/ON,0,0,0,1
34160500,CAMPBELL,,OTHR,,SARATOGA,ST,,39.08771991,-84.48795744,0.106,12/15/2024 0:00,8,3,3,0,0,O,RAINING,WET,1,COLLISION WITH PARKED VEHICLE,SIDESWIPE-SAME DIRECTION,STRAIGHT & LEVEL,DARK-HWY LIGHTED/ON,0,0,0,1
34184175,CAMPBELL,KY1120,StateRoute,328,11TH,ST,W,39.08228873,-84.49441324,0.347,12/15/2024 0:00,1135,2,2,0,0,O,CLOUDY,WET,0,OTHER ROADWAY OR MID-BLOCK COLLISION,REAR END,STRAIGHT & LEVEL,DAYLIGHT,0,0,0,1
34166071,CAMPBELL,KY0010,StateRoute,8544,MAIN,ST,E,38.95718953,-84.3795619,2.176,12/16/2024 0:00,315,1,1,0,0,O,CLEAR,WET,0,COLLISION WITH ANIMAL NON INTERSECTION,SINGLE VEHICLE,CURVE & LEVEL,DARK-HWY NOT LIGHTED,0,0,0,1
34174128,CAMPBELL,,OTHR,,FT THOMAS,AVE,N,39.08363387,-84.45200564,0.107,12/16/2024 0:00,1500,2,2,0,0,O,RAINING,WET,0,ANGLE COLLISION - OTHER,ANGLE,STRAIGHT & LEVEL,DAYLIGHT,0,0,0,1
34174997,CAMPBELL,US0027,USRoute,,ALEXANDRIA,PIKE,,38.88706155,-84.38664081,5.074,12/16/2024 0:00,720,3,3,0,0,O,CLOUDY,WET,0,ANGLE COLLISION - OTHER,ANGLE,STRAIGHT & LEVEL,DAWN,0,0,0,1
34167004,CAMPBELL,KY0009,StateRoute,,AA,HWY,,39.02104675,-84.48124718,17.612,12/16/2024 0:00,1705,2,2,0,0,O,RAINING,WET,0,OTHER INTERSECTION COLLISIONS,REAR END,STRAIGHT & LEVEL,DUSK,1,0,0,1
34174193,CAMPBELL,KY0008,StateRoute,323,FAIRFIELD,AVE,,39.10635796,-84.4830677,1.881,12/16/2024 0:00,1457,2,1,0,0,O,RAINING,WET,0,OTHER ROADWAY OR MID-BLOCK COLLISION,REAR END,STRAIGHT & LEVEL,DAYLIGHT,0,0,0,1
34200587,CAMPBELL,US0027,USRoute,,ALEXANDRIA,PIKE,,39.03938462,-84.44946432,17.016,12/16/2024 0:00,1153,2,2,0,0,O,RAINING,WET,0,SIDESWIPE COLLISION - SAME DIRECTION,SIDESWIPE-SAME DIRECTION,STRAIGHT & LEVEL,DAYLIGHT,0,0,0,1
34184781,CAMPBELL,,OTHR,160,NEWPORT PAVILION,,,39.0871631,-84.47687837,0.541,12/16/2024 0:00,1630,2,2,0,0,O,CLEAR,DRY,1,SIDESWIPE COLLISION - SAME DIRECTION,SIDESWIPE-SAME DIRECTION,STRAIGHT & LEVEL,DAYLIGHT,0,0,0,1
34168853,CAMPBELL,I 0471,Interstate,,I471 NB,,,39.06882345,-84.46354178,1.938,12/16/2024 0:00,1244,1,1,0,0,O,RAINING,WET,0,OTHER COLLISIONS ON SHOULDER,SINGLE VEHICLE,CURVE & LEVEL,DAYLIGHT,0,0,0,1
34171151,CAMPBELL,,OTHR,,WILSON,RD,,39.09148358,-84.47391143,0.002,12/17/2024 0:00,1501,2,2,0,0,O,CLEAR,DRY,0,HEAD-ON COLLISION,HEAD ON,STRAIGHT & LEVEL,DAYLIGHT,0,0,0,1
34172861,CAMPBELL,,OTHR,,7TH,ST,W,39.08695809,-84.49945032,0.352,12/17/2024 0:00,1749,2,2,0,0,O,CLEAR,DRY,0,HEAD-ON COLLISION,HEAD ON,STRAIGHT & LEVEL,DARK-HWY LIGHTED/ON,0,0,0,1
34170902,CAMPBELL,KY1120,StateRoute,2155,MEMORIAL,PKWY,,39.08869698,-84.44956459,3.38,12/17/2024 0:00,744,3,3,0,0,O,CLEAR,DRY,0,VEHICLE BACKING NON INTERSECTION,BACKING,STRAIGHT & GRADE,DAYLIGHT,0,0,0,1
34170409,CAMPBELL,KY0009,StateRoute,,AA,HWY,,39.00980992,-84.46903237,16.542,12/17/2024 0:00,1204,2,2,0,0,O,CLEAR,DRY,0,OTHER ROADWAY OR MID-BLOCK COLLISION,REAR END,STRAIGHT & LEVEL,DAYLIGHT,0,0,0,1
34170716,CAMPBELL,US0027,USRoute,,MONMOUTH,ST,,39.08409977,-84.48466648,21.256,12/17/2024 0:00,1022,2,2,0,0,O,CLEAR,WET,0,SIDESWIPE-SAME DIRECTION,SIDESWIPE-SAME DIRECTION,CURVE & HILLCREST,DAYLIGHT,0,0,0,1
34204246,CAMPBELL,,OTHR,,BONNIE LESLIE,AVE,,39.09467034,-84.47655811,0.332,12/17/2024 0:00,1117,2,2,0,0,O,CLEAR,DRY,0,SIDESWIPE-SAME DIRECTION,SIDESWIPE-SAME DIRECTION,STRAIGHT & GRADE,DAYLIGHT,0,0,0,1
34171149,CAMPBELL,,OTHR,,PAVILION,PKWY,,39.0884421,-84.4756999,0.431,12/17/2024 0:00,1543,2,2,0,0,O,CLEAR,DRY,0,ANGLE COLLISION - ONE VEHICLE TURNING LEFT,ANGLE,STRAIGHT & LEVEL,DAYLIGHT,0,0,0,1
34177312,CAMPBELL,,OTHR,9823,MAN O WAR,CIR,,38.92454114,-84.40181697,0.07,12/17/2024 0:00,2141,2,2,0,0,O,CLEAR,DRY,0,1 VEHICLE PARKED POSITION (NOT PARKING LOT/DRIVEWAY),BACKING,STRAIGHT & LEVEL,DARK-HWY LIGHTED/ON,0,0,0,1
34201075,CAMPBELL,,OTHR,1299,POPLAR RIDGE,RD,,38.97542483,-84.37861956,0.758,12/17/2024 0:00,1556,2,2,0,0,O,CLEAR,DRY,0,1 VEHICLE PARKED POSITION (NOT PARKING LOT/DRIVEWAY),SIDESWIPE-SAME DIRECTION,STRAIGHT & LEVEL,DAYLIGHT,0,0,0,1
34170290,CAMPBELL,KY0009,StateRoute,,LICKING,PIKE,,39.07410666,-84.4936189,21.611,12/17/2024 0:00,950,1,1,0,0,O,CLEAR,DRY,0,COLLISION WITH ANIMAL NON INTERSECTION,SINGLE VEHICLE,STRAIGHT & LEVEL,DAYLIGHT,0,0,0,1
34176778,CAMPBELL,US0027,USRoute,,ALEXANDRIA,PIKE,,39.00574102,-84.42627025,14.068,12/18/2024 0:00,1745,2,2,0,0,O,CLOUDY,WET,0,OTHER ROADWAY OR MID-BLOCK COLLISION,OPPOSING LEFT TURN,STRAIGHT & LEVEL,DARK-HWY NOT LIGHTED,0,0,0,1
34176774,CAMPBELL,US0027,USRoute,,ALEXANDRIA,PIKE,,39.02664055,-84.44816098,15.943,12/18/2024 0:00,730,2,2,0,0,O,RAINING,WET,0,SIDESWIPE-SAME DIRECTION,SIDESWIPE-SAME DIRECTION,STRAIGHT & LEVEL,DARK-HWY LIGHTED/ON,0,0,0,1
34175788,CAMPBELL,KY1120,StateRoute,,MEMORIAL,PKWY,,39.0923662,-84.47571987,1.638,12/18/2024 0:00,1352,2,2,0,0,O,RAINING,WET,0,1 VEHICLE ENTERING/LEAVING ENTRANCE,ANGLE,STRAIGHT & LEVEL,DAYLIGHT,0,0,0,1
34189099,CAMPBELL,,OTHR,7300,ALEXANDRIA,PIKE,,38.98306621,-84.40018878,,12/18/2024 0:00,1745,2,2,0,0,O,CLOUDY,DRY,0,VEHICLE BACKING NON INTERSECTION,BACKING,STRAIGHT & GRADE,DARK (UNKNOWN ROADWAY LIGHTING),0,0,0,1