IncidentID,County,RdwyNumber,RdwyType,Street,RoadwayName,StreetSfx,StreetDir,Latitude,Longitude,Milepoint,CollisionDate,CollisionTime,UnitsInvolved,MotorVehiclesInvolved,NumberKilled,NumberInjured,KABCO,Weather,RdwyConditionCode,HitandRun,DirAnalysisCode,MannerofCollision,RdwyCharacter,LightCondition,Intersection Crash,Bicyclist,Pedestrian,Motor Vehicles
34183720,CAMPBELL,I 0471,Interstate,,I471 N,,,39.07472865,-84.46661242,2.424,12/18/2024 0:00,721,2,2,0,1,C,RAINING,WET,0,OTHER ROADWAY OR MID-BLOCK COLLISION,REAR END,STRAIGHT & LEVEL,DARK-HWY LIGHTED/ON,0,0,0,1
34175795,CAMPBELL,KY1892,StateRoute,75,CAROTHERS,RD,,39.08639517,-84.47795032,2.191,12/18/2024 0:00,1540,2,2,0,0,O,CLOUDY,DRY,0,1 VEHICLE ENTERING/LEAVING ENTRANCE,ANGLE,STRAIGHT & LEVEL,DAYLIGHT,0,0,0,1
34178166,CAMPBELL,US0027,USRoute,,ALEXANDRIA,PIKE,,39.05819392,-84.45061478,18.451,12/18/2024 0:00,1605,2,2,0,0,O,CLOUDY,WET,0,HEAD-ON COLLISION,HEAD ON,STRAIGHT & LEVEL,DAYLIGHT,0,0,0,1
34173008,CAMPBELL,US0027,USRoute,,TAYLOR SOUTHGATE,BRG,,39.09346394,-84.4972271,22.281,12/18/2024 0:00,46,2,2,0,0,O,CLEAR,DRY,0,SIDESWIPE COLLISION - SAME DIRECTION,SIDESWIPE-SAME DIRECTION,CURVE & LEVEL,DARK-HWY LIGHTED/ON,0,0,0,1
34175158,CAMPBELL,KY1892,StateRoute,11,GRAND,AVE,S,39.07558489,-84.46243592,1.013,12/18/2024 0:00,935,2,2,0,0,O,RAINING,WET,0,REAR END IN TRAFFIC LANES BOTH VEHICLES MOVING,REAR END,STRAIGHT & GRADE,DAYLIGHT,0,0,0,1
34182875,CAMPBELL,US0027,USRoute,,ALEXANDRIA,PIKE,,39.06890849,-84.46731592,19.801,12/19/2024 0:00,1347,2,2,0,0,O,CLOUDY,DRY,0,REAR END IN TRAFFIC LANES BOTH VEHICLES MOVING,REAR END,STRAIGHT & LEVEL,DAYLIGHT,0,0,0,1
34184146,CAMPBELL,US0027,USRoute,600,YORK,ST,,39.09048887,-84.49460443,22.072,12/19/2024 0:00,1714,2,2,0,0,O,CLEAR,DRY,0,SIDESWIPE COLLISION - SAME DIRECTION,SIDESWIPE-SAME DIRECTION,STRAIGHT & LEVEL,DUSK,0,0,0,1
34184867,CAMPBELL,KY0915,StateRoute,6600,LICKING,PIKE,,38.99645063,-84.4489308,8.154,12/19/2024 0:00,1632,2,2,0,0,O,CLOUDY,DRY,0,HEAD-ON COLLISION,HEAD ON,CURVE & GRADE,DAYLIGHT,0,0,0,1
34200586,CAMPBELL,I 0275,Interstate,,I275 E,,,39.04972143,-84.44798963,74.264,12/19/2024 0:00,1628,2,2,0,0,O,CLEAR,DRY,0,SIDESWIPE COLLISION - SAME DIRECTION,SIDESWIPE-SAME DIRECTION,STRAIGHT & GRADE,DAYLIGHT,0,0,0,1
34272372,CAMPBELL,,OTHR,,KYLES,LN,,39.08766188,-84.46499322,0.038,12/19/2024 0:00,1837,2,2,0,0,O,CLEAR,DRY,0,ANGLE COLLISION - ONE VEHICLE TURNING LEFT,ANGLE,STRAIGHT & LEVEL,DARK-HWY NOT LIGHTED,0,0,0,1
34195399,CAMPBELL,KY0009,StateRoute,,AA,HWY,,39.00975509,-84.46839782,16.502,12/19/2024 0:00,1015,2,2,0,0,O,CLOUDY,DRY,0,OTHER INTERSECTION COLLISIONS,REAR END,STRAIGHT & LEVEL,DAYLIGHT,1,0,0,1
34200590,CAMPBELL,,OTHR,,ROBINSON,RD,,39.03310363,-84.45070971,0.057,12/19/2024 0:00,1246,2,2,0,0,O,CLEAR,DRY,0,1 VEHICLE PARKED POSITION (NOT PARKING LOT/DRIVEWAY),BACKING,STRAIGHT & LEVEL,DAYLIGHT,0,0,0,1
34192971,CAMPBELL,KY0547,StateRoute,8258,RILEY,RD,,38.96298219,-84.38040539,0.371,12/20/2024 0:00,2210,1,1,0,0,O,RAINING,WET,0,COLLISION WITH FIXED OBJECT NON - INTERSECTION - FIRST EVENT COLLISION 09 - 32 EXCLUDING 16,SINGLE VEHICLE,CURVE & LEVEL,DARK-HWY LIGHTED/ON,0,0,0,1
34195398,CAMPBELL,,OTHR,,GLAZIER,AVE,,39.09596931,-84.47357699,0.001,12/20/2024 0:00,1725,2,2,0,0,O,RAINING,WET,0,OPPOSITE DIRECTION - BOTH VEHICLES GOING STRAIGHT AHEAD,SIDESWIPE-OPPOSITE DIRECTION,STRAIGHT & GRADE,DARK-HWY LIGHTED/ON,0,0,0,1
34197668,CAMPBELL,KY1892,StateRoute,,CAROTHERS,RD,,39.08638969,-84.47725569,2.154,12/20/2024 0:00,1809,2,2,0,0,O,RAINING,WET,0,OTHER INTERSECTION COLLISIONS,REAR END,STRAIGHT & HILLCREST,DARK-HWY LIGHTED/ON,1,0,0,1
34195400,CAMPBELL,,OTHR,,TAYLOR,AVE,,39.09968749,-84.47752718,0.658,12/20/2024 0:00,1831,2,2,0,2,B,CLOUDY,DRY,0,ANGLE COLLISION - OTHER,ANGLE,STRAIGHT & LEVEL,DARK-HWY LIGHTED/ON,0,0,0,1
34193418,CAMPBELL,,OTHR,645,HIGHLAND,AVE,,39.07581497,-84.46169075,0.567,12/20/2024 0:00,1000,2,2,0,0,O,CLOUDY,WET,0,1 VEHICLE PARKED POSITION (NOT PARKING LOT/DRIVEWAY),SIDESWIPE-SAME DIRECTION,STRAIGHT & LEVEL,DAYLIGHT,0,0,0,1
34193115,CAMPBELL,I 0275,Interstate,,I275 EB,,,39.02263291,-84.48896437,77.558,12/20/2024 0:00,1900,2,2,0,0,O,CLOUDY,WET,0,REAR END IN TRAFFIC LANES BOTH VEHICLES MOVING,REAR END,STRAIGHT & LEVEL,DARK-HWY LIGHTED/ON,0,0,0,1
34186237,CAMPBELL,KY0008,StateRoute,,DAVE COWENS,DR,,39.09856679,-84.4922009,1.106,12/20/2024 0:00,2115,2,2,0,0,O,RAINING,WET,0,REAR END IN TRAFFIC LANES BOTH VEHICLES MOVING,REAR END,STRAIGHT & LEVEL,DARK-HWY LIGHTED/ON,0,0,0,1
34200589,CAMPBELL,I 0275,Interstate,,I275 W,,,39.03644429,-84.47010976,76.005,12/20/2024 0:00,1746,2,2,0,0,O,SNOWING,WET,0,SIDESWIPE COLLISION - SAME DIRECTION,SIDESWIPE-SAME DIRECTION,STRAIGHT & LEVEL,DARK-HWY LIGHTED/ON,0,0,0,1
34193119,CAMPBELL,KY0009,StateRoute,,LICKING,PIKE,,39.07067257,-84.49041277,21.279,12/20/2024 0:00,1959,2,2,0,1,B,CLOUDY,WET,1,REAR END IN TRAFFIC LANES BOTH VEHICLES MOVING,REAR END,STRAIGHT & GRADE,DARK-HWY LIGHTED/OFF,0,0,0,1
34200592,CAMPBELL,I 0275,Interstate,,I275 E,,,39.03755133,-84.47010498,75.853,12/20/2024 0:00,1800,2,2,0,0,O,RAINING,WET,0,REAR END IN TRAFFIC LANES BOTH VEHICLES MOVING,REAR END,STRAIGHT & LEVEL,DARK-HWY LIGHTED/ON,0,0,0,1
34190633,CAMPBELL,,OTHR,4836,DODSWORTH,LN,,39.03742401,-84.42004894,0.898,12/21/2024 0:00,1803,1,1,0,1,C,CLEAR,DRY,0,OTHER COLLISIONS ON SHOULDER,SINGLE VEHICLE,STRAIGHT & GRADE,DARK-HWY NOT LIGHTED,0,0,0,1
34258230,CAMPBELL,KY0009,StateRoute,,LICKING,PIKE,,39.02342026,-84.48078682,17.797,12/21/2024 0:00,1224,2,2,0,0,O,CLEAR,DRY,0,REAR END IN TRAFFIC LANES BOTH VEHICLES MOVING,REAR END,STRAIGHT & LEVEL,DAYLIGHT,0,0,0,1
34192680,CAMPBELL,,OTHR,233,BEECH,RD,,39.07247171,-84.47644644,0.119,12/21/2024 0:00,1346,2,2,0,0,O,CLEAR,DRY,0,1 VEHICLE PARKED POSITION (NOT PARKING LOT/DRIVEWAY),SIDESWIPE-OPPOSITE DIRECTION,STRAIGHT & GRADE,DAYLIGHT,0,0,0,1
34186904,CAMPBELL,US0027,USRoute,1311,MONMOUTH,ST,,39.08421313,-84.48496619,21.247,12/21/2024 0:00,1129,2,2,0,0,O,CLEAR,DRY,0,VEHICLE BACKING NON INTERSECTION,BACKING,STRAIGHT & LEVEL,DAYLIGHT,0,0,0,1
34186235,CAMPBELL,KY0008,StateRoute,,DAVE COWENS,DR,,39.09898314,-84.49173154,1.116,12/21/2024 0:00,54,2,2,0,1,C,CLEAR,DRY,0,1 VEHICLE ENTERING/LEAVING ENTRANCE,ANGLE,STRAIGHT & LEVEL,DARK-HWY LIGHTED/ON,0,0,0,1
34190630,CAMPBELL,,OTHR,1591,LICKERT,RD,,38.92549715,-84.37032923,0.257,12/21/2024 0:00,2141,1,1,0,0,O,CLEAR,DRY,0,RAN OFF ROADWAY (1 VEHICLE WITH/EARTH EMBANKMENT/DITCH),SINGLE VEHICLE,STRAIGHT & LEVEL,DARK-HWY NOT LIGHTED,0,0,0,1
34187353,CAMPBELL,,OTHR,700,ANN,ST,,39.08778675,-84.49537862,0.074,12/21/2024 0:00,1100,2,2,0,0,O,CLEAR,DRY,0,1 VEHICLE PARKED POSITION (NOT PARKING LOT/DRIVEWAY),SIDESWIPE-SAME DIRECTION,STRAIGHT & LEVEL,DAYLIGHT,0,0,0,1
34190001,CAMPBELL,I 0471,Interstate,,I471 N,,,39.10088313,-84.49520989,4.962,12/21/2024 0:00,1541,3,3,0,0,O,CLOUDY,DRY,0,OTHER ROADWAY OR MID-BLOCK COLLISION,REAR END,STRAIGHT & LEVEL,DAYLIGHT,0,0,0,1
34193123,CAMPBELL,KY0009,StateRoute,,LICKING,PIKE,,39.05512745,-84.48721392,20.177,12/22/2024 0:00,1349,2,2,0,1,C,CLEAR,DRY,0,OPPOSING LEFT TURN,OPPOSING LEFT TURN,STRAIGHT & LEVEL,DAYLIGHT,0,0,0,1
34221683,CAMPBELL,,OTHR,,BRIGHTON,ST,,39.08475643,-84.50160244,0.386,12/22/2024 0:00,304,1,1,0,0,O,CLOUDY,WET,0,COLLISION WITH FIXED OBJECT NON - INTERSECTION - FIRST EVENT COLLISION 09 - 32 EXCLUDING 16,SINGLE VEHICLE,CURVE & LEVEL,DARK-HWY LIGHTED/ON,0,0,0,1
34197872,CAMPBELL,,OTHR,,MANHATTAN,BLVD,,39.11779142,-84.4680107,0.992,12/22/2024 0:00,225,2,2,0,0,O,CLEAR,DRY,0,1 VEHICLE PARKED POSITION (NOT PARKING LOT/DRIVEWAY),REAR END,STRAIGHT & LEVEL,DARK-HWY LIGHTED/ON,0,0,0,1
34205670,CAMPBELL,,OTHR,503,MELBOURNE,AVE,,39.03107317,-84.36611011,0.083,12/22/2024 0:00,1917,1,1,0,1,C,CLOUDY,DRY,0,OTHER COLLISIONS ON SHOULDER,SINGLE VEHICLE,STRAIGHT & GRADE,DARK-HWY LIGHTED/OFF,0,0,0,1
34195629,CAMPBELL,US0027,USRoute,2102,MONMOUTH,ST,,39.07699899,-84.47819114,20.611,12/23/2024 0:00,1909,2,2,0,0,O,CLEAR,DRY,0,SIDESWIPE COLLISION - SAME DIRECTION,SIDESWIPE-SAME DIRECTION,STRAIGHT & LEVEL,DARK-HWY LIGHTED/ON,0,0,0,1
34194372,CAMPBELL,US0027,USRoute,,3RD,ST,E,39.09363441,-84.49691407,22.253,12/23/2024 0:00,610,2,2,0,0,O,CLEAR,DRY,1,SIDESWIPE COLLISION - SAME DIRECTION,SIDESWIPE-SAME DIRECTION,CURVE & LEVEL,DAWN,0,0,0,1
34201381,CAMPBELL,US0027,USRoute,,TAYLOR SOUTHGATE,BRG,,39.09516275,-84.5004897,22.494,12/23/2024 0:00,1556,2,2,0,0,O,CLOUDY,DRY,0,REAR END IN TRAFFIC LANES BOTH VEHICLES MOVING,REAR END,STRAIGHT & LEVEL,DAYLIGHT,0,0,0,1
34216781,CAMPBELL,,OTHR,305,3RD,AVE,,39.11268084,-84.47881751,0.889,12/23/2024 0:00,1344,2,2,0,0,O,CLEAR,DRY,1,1 VEHICLE PARKED POSITION (NOT PARKING LOT/DRIVEWAY),BACKING,STRAIGHT & LEVEL,DAYLIGHT,0,0,0,1
34195403,CAMPBELL,US0027,USRoute,5400,ALEXANDRIA,PIKE,,38.99922963,-84.41868192,13.487,12/23/2024 0:00,1516,2,2,0,0,O,CLOUDY,DRY,0,1 VEHICLE ENTERING/LEAVING ENTRANCE,ANGLE,STRAIGHT & LEVEL,DAYLIGHT,0,0,0,1
34194162,CAMPBELL,,OTHR,130,NEWPORT PAVILION,,,39.09091037,-84.47715574,0.234,12/23/2024 0:00,1043,2,2,0,0,O,CLEAR,DRY,0,VEHICLE BACKING NON INTERSECTION,BACKING,STRAIGHT & LEVEL,DAYLIGHT,0,0,0,1
34201375,CAMPBELL,US0027,USRoute,,MONMOUTH,ST,,39.08590246,-84.4871772,21.441,12/23/2024 0:00,1657,2,2,0,0,O,CLEAR,DRY,0,1 VEHICLE ENTERING/LEAVING ENTRANCE,ANGLE,STRAIGHT & HILLCREST,DAYLIGHT,0,0,0,1
34196496,CAMPBELL,US0027,USRoute,,ALEXANDRIA,PIKE,,38.94009876,-84.39415754,8.856,12/23/2024 0:00,1130,2,2,0,0,O,CLEAR,DRY,0,OTHER INTERSECTION COLLISIONS,REAR END,STRAIGHT & LEVEL,DAYLIGHT,1,0,0,1
34200296,CAMPBELL,KY1892,StateRoute,223,GRAND,AVE,S,39.07272313,-84.45672805,0.58,12/23/2024 0:00,1528,2,2,0,1,B,CLOUDY,DRY,0,OTHER ROADWAY OR MID-BLOCK COLLISION,OPPOSING LEFT TURN,STRAIGHT & LEVEL,DAYLIGHT,0,0,0,1
34215192,CAMPBELL,,OTHR,10338,PLEASANT RIDGE,RD,,38.91691557,-84.40085716,6.116,12/23/2024 0:00,1438,1,1,0,0,O,CLEAR,DRY,1,OTHER ROADWAY OR MID-BLOCK COLLISION,SINGLE VEHICLE,CURVE & GRADE,DUSK,0,0,0,1
34212403,CAMPBELL,KY0009,StateRoute,,LICKING,PIKE,,39.02603215,-84.48054945,17.989,12/24/2024 0:00,1840,2,2,0,0,O,CLEAR,DRY,0,OTHER INTERSECTION COLLISIONS,REAR END,STRAIGHT & LEVEL,DARK-HWY LIGHTED/ON,1,0,0,1
34200299,CAMPBELL,,OTHR,,FT THOMAS,AVE,N,39.10191947,-84.45007784,1.449,12/24/2024 0:00,1820,1,1,0,0,O,CLEAR,DRY,0,COLLISION WITH ANIMAL IN INTERSECTION,SINGLE VEHICLE,STRAIGHT & LEVEL,DARK-HWY LIGHTED/ON,1,0,0,1
34199515,CAMPBELL,,OTHR,,ALEXANDRIA,PIKE,,38.92094122,-84.39188907,1.844,12/24/2024 0:00,618,3,3,0,0,O,CLOUDY,WET,0,OPPOSING LEFT TURN,OPPOSING LEFT TURN,STRAIGHT & LEVEL,DARK-HWY LIGHTED/ON,0,0,0,1
34197237,CAMPBELL,US0027,USRoute,,MONMOUTH,ST,,39.08788919,-84.48969502,21.618,12/24/2024 0:00,1250,3,3,0,0,O,CLEAR,DRY,0,SIDESWIPE COLLISION - SAME DIRECTION,SIDESWIPE-SAME DIRECTION,STRAIGHT & LEVEL,DAYLIGHT,0,0,0,1
34214468,CAMPBELL,I 0471,Interstate,3.5,I471 S,,,39.08857779,-84.47500572,3.521,12/24/2024 0:00,1200,2,2,0,0,O,CLEAR,DRY,0,SIDESWIPE COLLISION - SAME DIRECTION,SIDESWIPE-SAME DIRECTION,STRAIGHT & LEVEL,DAYLIGHT,0,0,0,1
34201073,CAMPBELL,KY0915,StateRoute,6638,LICKING,PIKE,,39.0006507,-84.45183961,8.494,12/24/2024 0:00,1539,1,1,0,0,O,CLEAR,DRY,0,OTHER COLLISIONS ON SHOULDER,SINGLE VEHICLE,STRAIGHT & LEVEL,DAYLIGHT,0,0,0,1
34213493,CAMPBELL,KY0824,StateRoute,1501,RACE TRACK,RD,,38.88877116,-84.36591504,1.498,12/24/2024 0:00,1130,2,2,0,1,B,CLOUDY,DRY,0,HEAD-ON COLLISION,HEAD ON,CURVE & LEVEL,DAYLIGHT,0,0,0,1
34206948,CAMPBELL,KY1121,StateRoute,,PERSIMMON GROVE,PIKE,,38.91720109,-84.35379298,6.632,12/25/2024 0:00,1335,1,1,0,0,O,CLOUDY,WET,0,OTHER ROADWAY OR MID-BLOCK COLLISION,SINGLE VEHICLE,CURVE & GRADE,DAYLIGHT,0,0,0,1
34199227,CAMPBELL,I 0471,Interstate,,,,,39.09233,-84.4758538,0.248,12/25/2024 0:00,416,1,1,0,1,B,RAINING,WET,0,COLLISION WITH FIXED OBJECT IN INTERSECTION - FIRST EVENT COLLISION 09 - 32,SINGLE VEHICLE,STRAIGHT & HILLCREST,DARK-HWY LIGHTED/ON,1,0,0,1
34212855,CAMPBELL,KY0009,StateRoute,,LICKING,PIKE,,39.06592098,-84.48698732,20.941,12/25/2024 0:00,1659,2,2,0,0,O,RAINING,WET,0,OTHER INTERSECTION COLLISIONS,REAR END,STRAIGHT & LEVEL,DAYLIGHT,1,0,0,1
34200300,CAMPBELL,KY0445,StateRoute,,RIVER,RD,,39.05597152,-84.43836383,0.23,12/25/2024 0:00,1352,1,1,0,0,O,CLOUDY,WET,0,RAN OFF ROADWAY (1 VEHICLE WITH/EARTH EMBANKMENT/DITCH),SINGLE VEHICLE,CURVE & GRADE,DAYLIGHT,0,0,0,1
34200870,CAMPBELL,US0027,USRoute,,ALEXANDRIA,PIKE,,38.89075267,-84.38588762,5.332,12/26/2024 0:00,1001,1,1,0,0,O,CLEAR,DRY,0,COLLISION WITH ANIMAL NON INTERSECTION,SINGLE VEHICLE,STRAIGHT & LEVEL,DAYLIGHT,0,0,0,1
34213302,CAMPBELL,KY0008,StateRoute,,INDUSTRIAL,RD,,39.02724037,-84.4447895,0.82,12/26/2024 0:00,1827,2,2,0,1,B,CLOUDY,DRY,0,ANGLE COLLISION - OTHER,ANGLE,STRAIGHT & LEVEL,DARK-HWY NOT LIGHTED,0,0,0,1
34204347,CAMPBELL,US0027,USRoute,,ALEXANDRIA,PIKE,,39.0205539,-84.43837787,15.263,12/26/2024 0:00,1459,2,2,0,0,O,CLEAR,DRY,0,REAR END IN TRAFFIC LANES BOTH VEHICLES MOVING,REAR END,STRAIGHT & LEVEL,DAYLIGHT,0,0,0,1
34212404,CAMPBELL,I 0275,Interstate,,I275 E,,,39.0225802,-84.48639999,77.403,12/26/2024 0:00,1219,2,2,0,0,O,CLOUDY,DRY,0,REAR END IN TRAFFIC LANES BOTH VEHICLES MOVING,REAR END,STRAIGHT & LEVEL,DAYLIGHT,0,0,0,1
34201376,CAMPBELL,US0027,USRoute,,MONMOUTH,ST,,39.09027654,-84.4923323,21.854,12/26/2024 0:00,1357,2,2,0,0,O,CLEAR,DRY,1,SIDESWIPE COLLISION - SAME DIRECTION,SIDESWIPE-SAME DIRECTION,STRAIGHT & LEVEL,DAYLIGHT,0,0,0,1
34206775,CAMPBELL,,OTHR,798,SARATOGA,ST,,39.09086834,-84.49093314,0.373,12/27/2024 0:00,2312,2,2,0,0,O,CLEAR,WET,0,1 VEHICLE PARKED POSITION (NOT PARKING LOT/DRIVEWAY),SIDESWIPE-SAME DIRECTION,STRAIGHT & LEVEL,DARK-HWY LIGHTED/ON,0,0,0,1
34213171,CAMPBELL,US0027,USRoute,,ALEXANDRIA,PIKE,,38.97324513,-84.39222565,11.137,12/27/2024 0:00,1105,2,2,0,0,O,RAINING,WET,0,OTHER ROADWAY OR MID-BLOCK COLLISION,REAR END,STRAIGHT & LEVEL,DAYLIGHT,0,0,0,1
34205276,CAMPBELL,KY0008,StateRoute,,3RD,ST,W,39.09278929,-84.4977388,0.62,12/27/2024 0:00,1405,2,2,0,0,O,RAINING,WET,0,OTHER ROADWAY OR MID-BLOCK COLLISION,REAR END,CURVE & LEVEL,DAYLIGHT,0,0,0,1
34208423,CAMPBELL,,OTHR,,FENDER,RD,,38.99799634,-84.31342325,2.649,12/28/2024 0:00,1707,2,2,0,0,O,CLOUDY,WET,1,SIDESWIPE COLLISION - OPPOSITE DIRECTION,SIDESWIPE-OPPOSITE DIRECTION,CURVE & HILLCREST,DAYLIGHT,0,0,0,1
34207718,CAMPBELL,KY0008,StateRoute,,DAVE COWENS,DR,,39.09774951,-84.49317982,0.999,12/28/2024 0:00,1119,2,2,0,0,O,CLOUDY,DRY,0,SIDESWIPE COLLISION - SAME DIRECTION,SIDESWIPE-SAME DIRECTION,STRAIGHT & LEVEL,DAYLIGHT,0,0,0,1
34212811,CAMPBELL,US0027,USRoute,,ALEXANDRIA,PIKE,,39.03703198,-84.45396498,16.73,12/28/2024 0:00,1215,2,2,0,0,O,CLOUDY,DRY,0,REAR END IN TRAFFIC LANES BOTH VEHICLES MOVING,REAR END,STRAIGHT & LEVEL,DAYLIGHT,0,0,0,1
34208432,CAMPBELL,US0027,USRoute,,TAYLOR SOUTHGATE,BRG,,39.09350669,-84.49733296,22.285,12/28/2024 0:00,2116,2,2,0,0,O,CLEAR,DRY,0,REAR END IN TRAFFIC LANES BOTH VEHICLES MOVING,REAR END,STRAIGHT & GRADE,DARK-HWY LIGHTED/ON,0,0,0,1
34225912,CAMPBELL,US0027,USRoute,,ALEXANDRIA,PIKE,,38.96904587,-84.39291924,10.839,12/28/2024 0:00,1436,2,2,0,0,O,CLEAR,DRY,0,ANGLE COLLISION - OTHER,ANGLE,STRAIGHT & LEVEL,DAYLIGHT,0,0,0,1
34213902,CAMPBELL,KY1120,StateRoute,,MEMORIAL,PKWY,,39.09553252,-84.46590708,2.241,12/28/2024 0:00,723,1,1,0,0,O,CLEAR,WET,0,COLLISION WITH ANIMAL NON INTERSECTION,SINGLE VEHICLE,STRAIGHT & LEVEL,DARK (UNKNOWN ROADWAY LIGHTING),0,0,0,1
34210199,CAMPBELL,KY0008X,StateRoute,,WASHINGTON,AVE,,39.09674279,-84.49423652,0.276,12/29/2024 0:00,1356,2,2,0,0,O,RAINING,WET,0,SIDESWIPE-SAME DIRECTION,SIDESWIPE-SAME DIRECTION,CURVE & LEVEL,DAYLIGHT,0,0,0,1
34268265,CAMPBELL,US0027,USRoute,US27,ALEXANDRIA,PIKE,,39.02534629,-84.44534174,15.763,12/29/2024 0:00,1916,2,2,0,0,O,RAINING,WET,0,ANGLE COLLISION - OTHER,ANGLE,STRAIGHT & LEVEL,DARK-HWY LIGHTED/ON,0,0,0,1
34271301,CAMPBELL,KY0008,StateRoute,,FAIRFIELD,AVE,,39.10507684,-84.48473454,1.755,12/29/2024 0:00,306,3,1,0,0,O,RAINING,WET,0,SIDESWIPE COLLISION - SAME DIRECTION,SIDESWIPE-SAME DIRECTION,STRAIGHT & LEVEL,DARK-HWY LIGHTED/ON,0,0,0,1
34258147,CAMPBELL,,OTHR,166,CLOVER RIDGE,AVE,,39.09429973,-84.45658125,0.254,12/29/2024 0:00,15,2,2,0,0,O,RAINING,WET,1,SIDESWIPE COLLISION - OPPOSITE DIRECTION,SIDESWIPE-OPPOSITE DIRECTION,STRAIGHT & GRADE,DARK-HWY NOT LIGHTED,0,0,0,1
34214467,CAMPBELL,,OTHR,160,NEWPORT PAVILION,,,39.08745518,-84.47665366,0.518,12/30/2024 0:00,1415,2,2,0,0,O,CLEAR,DRY,0,OTHER ROADWAY OR MID-BLOCK COLLISION,REAR END,STRAIGHT & GRADE,DAYLIGHT,0,0,0,1
34219878,CAMPBELL,,OTHR,1,HENRY,CT,,39.02807681,-84.44903562,0.026,12/30/2024 0:00,1041,2,2,0,0,O,CLOUDY,DRY,1,1 VEHICLE PARKED POSITION (NOT PARKING LOT/DRIVEWAY),REAR END,STRAIGHT & GRADE,DAYLIGHT,0,0,0,1
34251399,CAMPBELL,,OTHR,,TAYLOR,AVE,,39.10082539,-84.47870732,0.558,12/31/2024 0:00,2222,2,2,0,0,O,CLOUDY,DRY,1,COLLISION WITH PARKED VEHICLE,SIDESWIPE-SAME DIRECTION,STRAIGHT & LEVEL,DARK-HWY LIGHTED/ON,0,0,0,1
34219467,CAMPBELL,I 0275,Interstate,,I275 E,,,39.03490942,-84.47027295,76.041,12/31/2024 0:00,1215,2,2,0,0,O,CLOUDY,DRY,0,SIDESWIPE-SAME DIRECTION,SIDESWIPE-SAME DIRECTION,STRAIGHT & LEVEL,DAYLIGHT,0,0,0,1
34242186,CAMPBELL,KY1121,StateRoute,,WESLEY CHAPEL,RD,,38.86098591,-84.29002689,0.473,12/31/2024 0:00,1733,1,1,0,0,O,RAINING,WET,0,COLLISION WITH ANIMAL NON INTERSECTION,SINGLE VEHICLE,STRAIGHT & LEVEL,DUSK,0,0,0,1
34216382,CAMPBELL,I 0471,Interstate,,I471 N,,,39.05013037,-84.46369259,0.416,12/31/2024 0:00,551,1,1,0,0,O,RAINING,WET,0,COLLISION WITH FIXED OBJECT NON - INTERSECTION - FIRST EVENT COLLISION 09 - 32 EXCLUDING 16,SINGLE VEHICLE,CURVE & LEVEL,DARK-HWY LIGHTED/OFF,0,0,0,1
34251723,CAMPBELL,,OTHR,151,KENTUCKY,DR,,39.07403931,-84.48464994,0.232,12/31/2024 0:00,1100,3,3,0,0,O,CLEAR,DRY,1,1 VEHICLE PARKED POSITION (NOT PARKING LOT/DRIVEWAY),SIDESWIPE-SAME DIRECTION,STRAIGHT & LEVEL,DAYLIGHT,0,0,0,1
34217261,CAMPBELL,KY0008,StateRoute,,3RD,ST,E,39.09512648,-84.49416692,0.75,12/31/2024 0:00,200,2,2,0,0,O,CLOUDY,WET,1,REAR END IN TRAFFIC LANES BOTH VEHICLES MOVING,REAR END,STRAIGHT & LEVEL,DARK-HWY LIGHTED/ON,0,0,0,1
34219452,CAMPBELL,,OTHR,,3RD,ST,W,39.09321527,-84.49717209,0.003,12/31/2024 0:00,1509,2,2,0,0,O,CLOUDY,DRY,0,REAR END IN TRAFFIC LANES BOTH VEHICLES MOVING,REAR END,CURVE & LEVEL,DAYLIGHT,0,0,0,1
34311126,CAMPBELL,KY0915,StateRoute,,LICKING,PIKE,,38.99172871,-84.43750373,7.365,12/31/2024 0:00,1730,2,2,0,0,O,RAINING,WET,1,HEAD-ON COLLISION,HEAD ON,STRAIGHT & LEVEL,DAYLIGHT,0,0,0,1
34228028,CAMPBELL,US0027,USRoute,,ALEXANDRIA,PIKE,,39.02690593,-84.44840088,15.966,12/31/2024 0:00,1812,2,2,0,0,O,RAINING,WET,0,1 VEHICLE ENTERING/LEAVING ENTRANCE,ANGLE,STRAIGHT & LEVEL,DARK-HWY LIGHTED/ON,0,0,0,1
34217260,CAMPBELL,KY1892,StateRoute,,CAROTHERS,RD,,39.08642119,-84.47749794,2.167,12/31/2024 0:00,719,2,2,0,0,O,CLOUDY,WET,0,OTHER ROADWAY OR MID-BLOCK COLLISION,REAR END,STRAIGHT & LEVEL,DAWN,0,0,0,1
34218929,CAMPBELL,I 0471,Interstate,,,,,39.09283916,-84.47906719,0.195,12/31/2024 0:00,1928,2,2,0,0,O,RAINING,WET,0,OTHER RAMP RELATED COLLISIONS NOT LISTED ABOVE,REAR END,CURVE & GRADE,DARK-HWY LIGHTED/ON,0,0,0,1